run,algorithm,step_size,iter,time,loss,gap,spars
0.0,FW_diminishing,diminishing,0.0,2.3126602172851562e-05,1.0680825165868653,143.21353086033926,1.0
0.0,FW_diminishing,diminishing,1.0,4.601478576660156e-05,11.198498432683534,48.81332961895212,2.0
0.0,FW_diminishing,diminishing,2.0,5.698204040527344e-05,-4.534868440880986,52.80305157816141,2.0
0.0,FW_diminishing,diminishing,3.0,6.699562072753906e-05,-7.474621237041426,9.846556325532152,3.0
0.0,FW_diminishing,diminishing,4.0,7.700920104980469e-05,-8.083119483181205,3.4749379826722784,4.0
0.0,FW_diminishing,diminishing,5.0,8.606910705566406e-05,-8.6744658967416,2.8754496482842073,4.0
0.0,FW_diminishing,diminishing,6.0,9.512901306152344e-05,-8.326191007819936,1.3900500635272977,4.0
0.0,FW_diminishing,diminishing,7.0,0.00010418891906738281,-8.219010926165481,3.91187702582837,5.0
0.0,FW_diminishing,diminishing,8.0,0.00011205673217773438,-8.452955819695616,3.3800130102076498,6.0
0.0,FW_diminishing,diminishing,9.0,0.00012111663818359375,-8.758701111195709,2.1251693242195424,6.0
0.0,FW_diminishing,diminishing,10.0,0.0001289844512939453,-8.65310547460864,1.2050681421296154,6.0
0.0,FW_diminishing,diminishing,11.0,0.00013828277587890625,-8.934981162507707,2.258884429047046,6.0
0.0,FW_diminishing,diminishing,12.0,0.0001461505889892578,-9.064350972333935,1.1892688192345542,6.0
0.0,FW_diminishing,diminishing,13.0,0.00015401840209960938,-9.109489760673576,0.533064444285106,6.0
0.0,FW_diminishing,diminishing,14.0,0.0001709461212158203,-9.122889536445133,0.5665494175854588,6.0
0.0,FW_diminishing,diminishing,15.0,0.00018024444580078125,-9.159146896794855,0.48053265241695886,6.0
0.0,FW_diminishing,diminishing,16.0,0.00018715858459472656,-9.076130547710264,0.43786314219123756,6.0
0.0,FW_diminishing,diminishing,17.0,0.00019621849060058594,-9.158603194265536,0.9859762318515397,6.0
0.0,FW_diminishing,diminishing,18.0,0.00021028518676757812,-9.195188167431311,0.5198457313619373,6.0
0.0,FW_diminishing,diminishing,19.0,0.00022411346435546875,-9.202033066926614,0.19066835875818988,6.0
0.0,FW_diminishing,diminishing,20.0,0.00023698806762695312,-9.140684535872753,0.28469433259962607,6.0
0.0,FW_diminishing,diminishing,21.0,0.00024509429931640625,-9.084583682808132,0.8816306623008456,6.0
0.0,FW_diminishing,diminishing,22.0,0.0002532005310058594,-9.085885286838824,0.7931303126945188,6.0
0.0,FW_diminishing,diminishing,23.0,0.00026106834411621094,-9.119769856712729,0.5427704696565714,6.0
0.0,FW_diminishing,diminishing,24.0,0.0002701282501220703,-9.124744268549652,0.32993466418315975,6.0
0.0,FW_diminishing,diminishing,25.0,0.0002772808074951172,-9.15307236306738,0.49192404526562683,6.0
0.0,FW_diminishing,diminishing,26.0,0.000286102294921875,-9.164657767819977,0.2527171358454332,6.0
0.0,FW_diminishing,diminishing,27.0,0.0002942085266113281,-9.157694357918365,0.6495321001920589,6.0
0.0,FW_diminishing,diminishing,28.0,0.0003020763397216797,-9.185391410940676,0.517931597096621,6.0
0.0,FW_diminishing,diminishing,29.0,0.00030994415283203125,-9.198664085643394,0.29211466066784375,6.0
0.0,FW_diminishing,diminishing,30.0,0.00031828880310058594,-9.193328642591895,0.1221040785002998,6.0
0.0,FW_diminishing,diminishing,31.0,0.0003261566162109375,-9.206718764184828,0.3032451817859334,6.0
0.0,FW_diminishing,diminishing,32.0,0.0003352165222167969,-9.210232271104456,0.13022708346075262,6.0
0.0,FW_diminishing,diminishing,33.0,0.00034308433532714844,-9.198578548385711,0.4066280124288433,6.0
0.0,FW_diminishing,diminishing,34.0,0.00035119056701660156,-9.214972383632903,0.3748054258758797,6.0
0.0,FW_diminishing,diminishing,35.0,0.0003590583801269531,-9.222227745877603,0.2034074961883725,6.0
0.0,FW_diminishing,diminishing,36.0,0.00037288665771484375,-9.22229343690744,0.061525182170149684,6.0
0.0,FW_diminishing,diminishing,37.0,0.0003802776336669922,-9.208700675131265,0.27685017773531584,6.0
0.0,FW_diminishing,diminishing,38.0,0.00038814544677734375,-9.220128672421328,0.2969163506616912,6.0
0.0,FW_diminishing,diminishing,39.0,0.0003960132598876953,-9.224616788666648,0.15219336389390037,6.0
0.0,FW_diminishing,diminishing,40.0,0.00040531158447265625,-9.224610164850816,0.16102330994649616,6.0
0.0,FW_diminishing,diminishing,41.0,0.00041222572326660156,-9.22977929469668,0.16953909792764943,6.0
0.0,FW_diminishing,diminishing,42.0,0.0004200935363769531,-9.218194165307356,0.14642835460356185,6.0
0.0,FW_diminishing,diminishing,43.0,0.0004341602325439453,-9.222139372439287,0.14311471382614638,6.0
0.0,FW_diminishing,diminishing,44.0,0.0004410743713378906,-9.22118077893761,0.12335517832257636,6.0
0.0,FW_diminishing,diminishing,45.0,0.00045013427734375,-9.225822887118166,0.16205760413621206,6.0
0.0,FW_diminishing,diminishing,46.0,0.0004582405090332031,-9.211211828726059,0.0816493812978738,6.0
0.0,FW_diminishing,diminishing,47.0,0.0004661083221435547,-9.202738489020632,0.4962070173032833,6.0
0.0,FW_diminishing,diminishing,48.0,0.0004730224609375,-9.208857576057929,0.2036949566143882,6.0
0.0,FW_diminishing,diminishing,49.0,0.0004811286926269531,-9.19777351778221,0.12528698770847413,6.0
0.0,FW_diminishing,diminishing,50.0,0.0004892349243164062,-9.20968200493784,0.36437687625613524,6.0
0.0,FW_diminishing,diminishing,51.0,0.0004982948303222656,-9.217055287004317,0.2450619767660447,6.0
0.0,FW_diminishing,diminishing,52.0,0.0005061626434326172,-9.220576867843402,0.14022303038891692,6.0
0.0,FW_diminishing,diminishing,53.0,0.0005140304565429688,-9.218422134291462,0.059993589895626975,6.0
0.0,FW_diminishing,diminishing,54.0,0.0005221366882324219,-9.222499448309101,0.15839064427915872,6.0
0.0,FW_diminishing,diminishing,55.0,0.0005311965942382812,-9.223448196008352,0.06744112139776526,6.0
0.0,FW_diminishing,diminishing,56.0,0.0005390644073486328,-9.220278344892904,0.2723459258751397,6.0
0.0,FW_diminishing,diminishing,57.0,0.0005471706390380859,-9.225940640777702,0.21085622491414036,6.0
0.0,FW_diminishing,diminishing,58.0,0.0005559921264648438,-9.228568168837105,0.11904230916051262,6.0
0.0,FW_diminishing,diminishing,59.0,0.0005643367767333984,-9.222383140564776,0.09923269135302881,6.0
0.0,FW_diminishing,diminishing,60.0,0.00057220458984375,-9.224390928691477,0.10044595339133622,6.0
0.0,FW_diminishing,diminishing,61.0,0.0005800724029541016,-9.224750145811711,0.1173637583373246,6.0
0.0,FW_diminishing,diminishing,62.0,0.0005879402160644531,-9.22718952574445,0.11561891188224038,6.0
0.0,FW_diminishing,diminishing,63.0,0.0005962848663330078,-9.220715305196919,0.10974211393658084,6.0
0.0,FW_diminishing,diminishing,64.0,0.0006041526794433594,-9.226901594219173,0.24434672255772316,6.0
0.0,FW_diminishing,diminishing,65.0,0.0006132125854492188,-9.230535761754945,0.15898022100471199,6.0
0.0,FW_diminishing,diminishing,66.0,0.0006210803985595703,-9.231931525266875,0.08198634705937735,6.0
0.0,FW_diminishing,diminishing,67.0,0.0006299018859863281,-9.231235772983494,0.07171889203038351,6.0
0.0,FW_diminishing,diminishing,68.0,0.0006382465362548828,-9.233085735070446,0.09879265885045285,6.0
0.0,FW_diminishing,diminishing,69.0,0.0006461143493652344,-9.226407979836267,0.05465296283427801,6.0
0.0,FW_diminishing,diminishing,70.0,0.0006539821624755859,-9.231483947196315,0.2190392214249295,6.0
0.0,FW_diminishing,diminishing,71.0,0.0006620883941650391,-9.23445702921586,0.1423629165957676,6.0
0.0,FW_diminishing,diminishing,72.0,0.0006701946258544922,-9.2355662894668,0.0726262606712691,6.0
0.0,FW_diminishing,diminishing,73.0,0.0006780624389648438,-9.234306979303678,0.040094024263690464,6.0
0.0,FW_diminishing,diminishing,74.0,0.0006861686706542969,-9.235846113188593,0.08968452379820757,6.0
0.0,FW_diminishing,diminishing,75.0,0.0006940364837646484,-9.235778023573397,0.02657150273273423,6.0
0.0,FW_diminishing,diminishing,76.0,0.0007033348083496094,-9.233419700018569,0.17675922140183964,6.0
0.0,FW_diminishing,diminishing,77.0,0.0007231235504150391,-9.236054663497004,0.13522422178338012,6.0
0.0,FW_diminishing,diminishing,78.0,0.0007462501525878906,-9.237101536912034,0.07109136407589212,6.0
0.0,FW_diminishing,diminishing,79.0,0.0007562637329101562,-9.23547367618544,0.014323379573726314,6.0
0.0,FW_diminishing,diminishing,80.0,0.0007672309875488281,-9.236906332602635,0.08763200462259935,6.0
0.0,FW_diminishing,diminishing,81.0,0.0007762908935546875,-9.236953280793733,0.029117874719370107,6.0
0.0,FW_diminishing,diminishing,82.0,0.0007851123809814453,-9.234057552130887,0.12675537649068058,6.0
0.0,FW_diminishing,diminishing,83.0,0.0007941722869873047,-9.227957759103884,0.13860437670339287,6.0
0.0,FW_diminishing,diminishing,84.0,0.0008029937744140625,-9.227700252612678,0.19533921507792318,6.0
0.0,FW_diminishing,diminishing,85.0,0.0008111000061035156,-9.229218501910273,0.09322631899778067,6.0
0.0,FW_diminishing,diminishing,86.0,0.000820159912109375,-9.225590425816195,0.07612431861304358,6.0
0.0,FW_diminishing,diminishing,87.0,0.0008282661437988281,-9.229151443095628,0.1870989876972784,6.0
0.0,FW_diminishing,diminishing,88.0,0.0008361339569091797,-9.231370481576798,0.12691398724720315,6.0
0.0,FW_diminishing,diminishing,89.0,0.0008449554443359375,-9.232372633267946,0.07118170992336736,6.0
0.0,FW_diminishing,diminishing,90.0,0.0008533000946044922,-9.231850940284314,0.047272017621068585,6.0
0.0,FW_diminishing,diminishing,91.0,0.0008602142333984375,-9.233114724090646,0.08408744059204842,6.0
0.0,FW_diminishing,diminishing,92.0,0.0008690357208251953,-9.229185024873491,0.035228079782331,6.0
0.0,FW_diminishing,diminishing,93.0,0.0008790493011474609,-9.232274243298598,0.17334935845017974,6.0
0.0,FW_diminishing,diminishing,94.0,0.0008881092071533203,-9.234198415695571,0.11759741526257539,6.0
0.0,FW_diminishing,diminishing,95.0,0.0008959770202636719,-9.235059810310341,0.06572473620427921,6.0
0.0,FW_diminishing,diminishing,96.0,0.000904083251953125,-9.23419337506205,0.02403165192092338,6.0
0.0,FW_diminishing,diminishing,97.0,0.0009121894836425781,-9.235304233551064,0.07871310225128703,6.0
0.0,FW_diminishing,diminishing,98.0,0.0009200572967529297,-9.235465861992433,0.03063033486508626,6.0
0.0,FW_diminishing,diminishing,99.0,0.0009279251098632812,-9.233908607637218,0.12792243351906585,6.0
0.0,FW_diminishing,diminishing,100.0,0.0009362697601318359,-9.235666140597932,0.11333525819733214,6.0
0.0,FW_diminishing,diminishing,101.0,0.0009441375732421875,-9.236483242239496,0.06464029783863712,6.0
0.0,FW_diminishing,diminishing,102.0,0.0009531974792480469,-9.233855132628964,0.03102928689751394,6.0
0.0,FW_diminishing,diminishing,103.0,0.0009610652923583984,-9.234470669363072,0.054212414124896746,6.0
0.0,FW_diminishing,diminishing,104.0,0.0009672641754150391,-9.234458153989461,0.06150164419095461,6.0
0.0,FW_diminishing,diminishing,105.0,0.0009751319885253906,-9.235275377560495,0.06542985507812293,6.0
0.0,FW_diminishing,diminishing,106.0,0.0009829998016357422,-9.232503705921832,0.04190874331696737,6.0
0.0,FW_diminishing,diminishing,107.0,0.0009920597076416016,-9.234707946325447,0.14282541749870514,6.0
0.0,FW_diminishing,diminishing,108.0,0.001001119613647461,-9.236053012302968,0.09564895555071207,6.0
0.0,FW_diminishing,diminishing,109.0,0.0010111331939697266,-9.236605371884835,0.05135724194056923,6.0
0.0,FW_diminishing,diminishing,110.0,0.0010180473327636719,-9.236256469424056,0.03893123214407357,6.0
0.0,FW_diminishing,diminishing,111.0,0.0010271072387695312,-9.237001510076444,0.06263285699874999,6.0
0.0,FW_diminishing,diminishing,112.0,0.0010349750518798828,-9.237028379484189,0.021175201558114587,6.0
0.0,FW_diminishing,diminishing,113.0,0.0010442733764648438,-9.235984584997238,0.12131089156805164,6.0
0.0,FW_diminishing,diminishing,114.0,0.0010521411895751953,-9.237243569372858,0.09355647536833356,6.0
0.0,FW_diminishing,diminishing,115.0,0.0010612010955810547,-9.237789157965668,0.05158078613103001,6.0
0.0,FW_diminishing,diminishing,116.0,0.0010700225830078125,-9.237183270702673,0.019439070836388517,6.0
0.0,FW_diminishing,diminishing,117.0,0.0010781288146972656,-9.237908739752124,0.06268437853749553,6.0
0.0,FW_diminishing,diminishing,118.0,0.001087188720703125,-9.23798437095283,0.023249019215533906,6.0
0.0,FW_diminishing,diminishing,119.0,0.0010950565338134766,-9.23658826147702,0.08732701140666865,6.0
0.0,FW_diminishing,diminishing,120.0,0.001104116439819336,-9.233756466420946,0.10392090156491562,6.0
0.0,FW_diminishing,diminishing,121.0,0.0011141300201416016,-9.232201824338812,0.046382317813039364,6.0
0.0,FW_diminishing,diminishing,122.0,0.0011210441589355469,-9.232980372856073,0.06699103928048444,6.0
0.0,FW_diminishing,diminishing,123.0,0.001129150390625,-9.231150360169384,0.05126139564323928,6.0
0.0,FW_diminishing,diminishing,124.0,0.0011382102966308594,-9.232946949042345,0.1326342365864397,6.0
0.0,FW_diminishing,diminishing,125.0,0.001146078109741211,-9.234105371149665,0.09224808900315118,6.0
0.0,FW_diminishing,diminishing,126.0,0.0011551380157470703,-9.234668566894655,0.05400740022289252,6.0
0.0,FW_diminishing,diminishing,127.0,0.0011630058288574219,-9.234487190331976,0.03903727929244205,6.0
0.0,FW_diminishing,diminishing,128.0,0.0011723041534423828,-9.235187911477732,0.06338351722734803,6.0
0.0,FW_diminishing,diminishing,129.0,0.0011823177337646484,-9.235342474472192,0.027283920463223588,6.0
0.0,FW_diminishing,diminishing,130.0,0.001190185546875,-9.23472612649661,0.11720943399128636,6.0
0.0,FW_diminishing,diminishing,131.0,0.0011990070343017578,-9.235802111331086,0.0893818493459646,6.0
0.0,FW_diminishing,diminishing,132.0,0.0012059211730957031,-9.236335673247915,0.05291625193012717,6.0
0.0,FW_diminishing,diminishing,133.0,0.001215219497680664,-9.235928076544369,0.020721709861071247,6.0
0.0,FW_diminishing,diminishing,134.0,0.0012230873107910156,-9.236593065075029,0.062273822592994854,6.0
0.0,FW_diminishing,diminishing,135.0,0.0012290477752685547,-9.23675824170141,0.02775043202416505,6.0
0.0,FW_diminishing,diminishing,136.0,0.001238107681274414,-9.235820673702772,0.08589822818784931,6.0
0.0,FW_diminishing,diminishing,137.0,0.0012462139129638672,-9.236837271480812,0.08770442573008186,6.0
0.0,FW_diminishing,diminishing,138.0,0.0012552738189697266,-9.237357071182082,0.0528314040450093,6.0
0.0,FW_diminishing,diminishing,139.0,0.0012640953063964844,-9.23741083150561,0.01965568907339499,6.0
0.0,FW_diminishing,diminishing,140.0,0.001271963119506836,-9.23617755254243,0.05840762992425219,6.0
0.0,FW_diminishing,diminishing,141.0,0.001280069351196289,-9.23705167658802,0.07895644363166188,6.0
0.0,FW_diminishing,diminishing,142.0,0.0012891292572021484,-9.23746155117815,0.04539933272166152,6.0
0.0,FW_diminishing,diminishing,143.0,0.0012972354888916016,-9.237401497647587,0.040847212506520236,6.0
0.0,FW_diminishing,diminishing,144.0,0.0013060569763183594,-9.237921746871109,0.05376834279443976,6.0
0.0,FW_diminishing,diminishing,145.0,0.0013141632080078125,-9.238011924906026,0.021884098033447152,6.0
0.0,FW_diminishing,diminishing,146.0,0.0013229846954345703,-9.236590988884743,0.03458970943735551,6.0
0.0,FW_diminishing,diminishing,147.0,0.0013310909271240234,-9.237440366994797,0.07907976755979096,6.0
0.0,FW_diminishing,diminishing,148.0,0.0013401508331298828,-9.237861207861329,0.04684028800869289,6.0
0.0,FW_diminishing,diminishing,149.0,0.0013492107391357422,-9.236742221529301,0.03103057912931373,6.0
0.0,FW_diminishing,diminishing,150.0,0.0013570785522460938,-9.237056474849858,0.03884507296652906,6.0
0.0,FW_diminishing,diminishing,151.0,0.0013642311096191406,-9.237323555067498,0.06356088995460762,6.0
0.0,FW_diminishing,diminishing,152.0,0.001373291015625,-9.23773367476359,0.046453082955288494,6.0
0.0,FW_diminishing,diminishing,153.0,0.0013811588287353516,-9.237760666259687,0.016488397642077324,6.0
0.0,FW_diminishing,diminishing,154.0,0.0013880729675292969,-9.236842671181622,0.061308586076513905,6.0
0.0,FW_diminishing,diminishing,155.0,0.00139617919921875,-9.23533137132197,0.09625303673702934,6.0
0.0,FW_diminishing,diminishing,156.0,0.0014052391052246094,-9.235497051476273,0.02731861904803523,6.0
0.0,FW_diminishing,diminishing,157.0,0.001413106918334961,-9.234660999406305,0.06394294869856587,6.0
0.0,FW_diminishing,diminishing,158.0,0.0014221668243408203,-9.235469830091384,0.07940111968802643,6.0
0.0,FW_diminishing,diminishing,159.0,0.0014300346374511719,-9.235906427009919,0.04938664255123992,6.0
0.0,FW_diminishing,diminishing,160.0,0.001438140869140625,-9.235853320615558,0.036078073583222015,6.0
0.0,FW_diminishing,diminishing,161.0,0.0014472007751464844,-9.236375232760773,0.056696091162524276,6.0
0.0,FW_diminishing,diminishing,162.0,0.001455068588256836,-9.236549583572758,0.02802742177733819,6.0
0.0,FW_diminishing,diminishing,163.0,0.0014641284942626953,-9.235524933742397,0.04086637045717456,6.0
0.0,FW_diminishing,diminishing,164.0,0.0014719963073730469,-9.236300681981113,0.0785508002643951,6.0
0.0,FW_diminishing,diminishing,165.0,0.0014812946319580078,-9.236730342205188,0.049618306069151075,6.0
0.0,FW_diminishing,diminishing,166.0,0.0014891624450683594,-9.236531198160861,0.02205229492151517,6.0
0.0,FW_diminishing,diminishing,167.0,0.001497030258178711,-9.237042753965364,0.05689435452289082,6.0
0.0,FW_diminishing,diminishing,168.0,0.0015060901641845703,-9.237230294854191,0.029208770799408867,6.0
0.0,FW_diminishing,diminishing,169.0,0.0015149116516113281,-9.236577403670456,0.04635326976751841,6.0
0.0,FW_diminishing,diminishing,170.0,0.0015232563018798828,-9.236684709559771,0.022255562735206347,6.0
0.0,FW_diminishing,diminishing,171.0,0.0015320777893066406,-9.23603004535784,0.06323281872801267,6.0
0.0,FW_diminishing,diminishing,172.0,0.0015401840209960938,-9.236680751484268,0.0700318114848395,6.0
0.0,FW_diminishing,diminishing,173.0,0.001547098159790039,-9.237019676096505,0.042694605610958725,6.0
0.0,FW_diminishing,diminishing,174.0,0.0015561580657958984,-9.237067728222877,0.04147018225013532,6.0
0.0,FW_diminishing,diminishing,175.0,0.0015642642974853516,-9.23747978239613,0.04943874397836723,6.0
0.0,FW_diminishing,diminishing,176.0,0.0015730857849121094,-9.237599109927155,0.02322936621656968,6.0
0.0,FW_diminishing,diminishing,177.0,0.001580953598022461,-9.236772269476344,0.0416099763322082,6.0
0.0,FW_diminishing,diminishing,178.0,0.001589059829711914,-9.237402456982817,0.06969440610471267,6.0
0.0,FW_diminishing,diminishing,179.0,0.0015981197357177734,-9.237740940118963,0.04325335233747385,6.0
0.0,FW_diminishing,diminishing,180.0,0.0016040802001953125,-9.237654371083329,0.027995925212287,6.0
0.0,FW_diminishing,diminishing,181.0,0.001611948013305664,-9.23806324926251,0.04997122406758603,6.0
0.0,FW_diminishing,diminishing,182.0,0.001621246337890625,-9.238197627208594,0.02458185995990725,6.0
0.0,FW_diminishing,diminishing,183.0,0.0016291141510009766,-9.23723268357457,0.02240416584872218,6.0
0.0,FW_diminishing,diminishing,184.0,0.001638174057006836,-9.237847828738701,0.0697731986909389,6.0
0.0,FW_diminishing,diminishing,185.0,0.0016460418701171875,-9.238189364268848,0.044163760957631304,6.0
0.0,FW_diminishing,diminishing,186.0,0.0016551017761230469,-9.238270070038714,0.0194926518089531,6.0
0.0,FW_diminishing,diminishing,187.0,0.0016632080078125,-9.238399510758477,0.04698372802922979,6.0
0.0,FW_diminishing,diminishing,188.0,0.0016710758209228516,-9.238553544192925,0.026490024766743225,6.0
0.0,FW_diminishing,diminishing,189.0,0.001680135726928711,-9.23828621460444,0.008457263257700909,6.0
0.0,FW_diminishing,diminishing,190.0,0.0016880035400390625,-9.238516329443677,0.03390037520429168,6.0
0.0,FW_diminishing,diminishing,191.0,0.0016970634460449219,-9.238502545915075,0.010174573158715283,6.0
0.0,FW_diminishing,diminishing,192.0,0.001705169677734375,-9.238123874031036,0.0702464719332001,6.0
0.0,FW_diminishing,diminishing,193.0,0.001711130142211914,-9.238543595462982,0.05274209127313867,6.0
0.0,FW_diminishing,diminishing,194.0,0.0017199516296386719,-9.238719984366153,0.028805089617824464,6.0
0.0,FW_diminishing,diminishing,195.0,0.001728057861328125,-9.238089135444605,0.026363946786868375,6.0
0.0,FW_diminishing,diminishing,196.0,0.0017371177673339844,-9.23820492316038,0.022800363358811637,6.0
0.0,FW_diminishing,diminishing,197.0,0.0017452239990234375,-9.238156375609767,0.027983173078718337,6.0
0.0,FW_diminishing,diminishing,198.0,0.001753091812133789,-9.238339869728055,0.029642511413130457,6.0
0.0,FW_diminishing,diminishing,199.0,0.0017621517181396484,-9.23756330615087,0.024753126792452562,6.0
0.0,FW_diminishing,diminishing,200.0,0.0017702579498291016,-9.236744305400942,0.08418711892220809,6.0
0.0,FW_diminishing,diminishing,201.0,0.001779317855834961,-9.236996320661834,0.0367619860533166,6.0
0.0,FW_diminishing,diminishing,202.0,0.0017871856689453125,-9.23626432596773,0.026627782571896574,6.0
0.0,FW_diminishing,diminishing,203.0,0.0017960071563720703,-9.236903729986423,0.07700013663838323,6.0
0.0,FW_diminishing,diminishing,204.0,0.0018041133880615234,-9.237315050129585,0.05355010000194138,6.0
0.0,FW_diminishing,diminishing,205.0,0.0018131732940673828,-9.237507939855817,0.030879113086454524,6.0
0.0,FW_diminishing,diminishing,206.0,0.001821279525756836,-9.23729840483232,0.009416967366542295,6.0
0.0,FW_diminishing,diminishing,207.0,0.0018301010131835938,-9.237552795428437,0.03745718244918006,6.0
0.0,FW_diminishing,diminishing,208.0,0.0018379688262939453,-9.237599887299012,0.015560112884289268,6.0
0.0,FW_diminishing,diminishing,209.0,0.0018470287322998047,-9.237322357873799,0.06905943080271282,6.0
0.0,FW_diminishing,diminishing,210.0,0.0018551349639892578,-9.237732582567464,0.05436302940287341,6.0
0.0,FW_diminishing,diminishing,211.0,0.001863241195678711,-9.237936077591128,0.03229701503460536,6.0
0.0,FW_diminishing,diminishing,212.0,0.0018720626831054688,-9.237941369262234,0.010943693315927483,6.0
0.0,FW_diminishing,diminishing,213.0,0.0018801689147949219,-9.237516701153071,0.05068969999375028,6.0
0.0,FW_diminishing,diminishing,214.0,0.0018880367279052734,-9.237876390355847,0.04948077227784786,6.0
0.0,FW_diminishing,diminishing,215.0,0.0018973350524902344,-9.238038239732372,0.027950872414770345,6.0
0.0,FW_diminishing,diminishing,216.0,0.001905202865600586,-9.23756539586247,0.028449990720554652,6.0
0.0,FW_diminishing,diminishing,217.0,0.0019140243530273438,-9.237502999767166,0.022932637117095922,6.0
0.0,FW_diminishing,diminishing,218.0,0.0019199848175048828,-9.237853782987004,0.04902285349753299,6.0
0.0,FW_diminishing,diminishing,219.0,0.001928091049194336,-9.238013892644934,0.027893550731848293,6.0
0.0,FW_diminishing,diminishing,220.0,0.0019371509552001953,-9.23789636954954,0.016261657703201315,6.0
0.0,FW_diminishing,diminishing,221.0,0.0019450187683105469,-9.238109856306531,0.033968580774145885,6.0
0.0,FW_diminishing,diminishing,222.0,0.001953125,-9.238141801977557,0.013516643469116296,6.0
0.0,FW_diminishing,diminishing,223.0,0.0019621849060058594,-9.237914751503705,0.06666023998954618,6.0
0.0,FW_diminishing,diminishing,224.0,0.0019702911376953125,-9.238266105511805,0.04987379600328978,6.0
0.0,FW_diminishing,diminishing,225.0,0.001977205276489258,-9.238436354877587,0.029270862838062683,6.0
0.0,FW_diminishing,diminishing,226.0,0.0019850730895996094,-9.238432521168319,0.00929313752772476,6.0
0.0,FW_diminishing,diminishing,227.0,0.0019941329956054688,-9.238074169584726,0.049413534704686235,6.0
0.0,FW_diminishing,diminishing,228.0,0.002002239227294922,-9.238382520746,0.04541692411265963,6.0
0.0,FW_diminishing,diminishing,229.0,0.0020110607147216797,-9.238517068709672,0.025282070432623982,6.0
0.0,FW_diminishing,diminishing,230.0,0.002019166946411133,-9.23852164355531,0.02868562351881021,6.0
0.0,FW_diminishing,diminishing,231.0,0.0020270347595214844,-9.238703735537264,0.0309214772037274,6.0
0.0,FW_diminishing,diminishing,232.0,0.0020341873168945312,-9.238720027403202,0.01140719103258192,6.0
0.0,FW_diminishing,diminishing,233.0,0.002044200897216797,-9.2382564786466,0.03353590148648333,6.0
0.0,FW_diminishing,diminishing,234.0,0.0020520687103271484,-9.238570325676196,0.04675020162488952,6.0
0.0,FW_diminishing,diminishing,235.0,0.0020599365234375,-9.238718631403424,0.027086191449203767,6.0
0.0,FW_diminishing,diminishing,236.0,0.002069234848022461,-9.23865116523271,0.019339836449013603,6.0
0.0,FW_diminishing,diminishing,237.0,0.0020782947540283203,-9.238845096088287,0.03265437415182326,6.0
0.0,FW_diminishing,diminishing,238.0,0.0020852088928222656,-9.23888091018365,0.01358049698086905,6.0
0.0,FW_diminishing,diminishing,239.0,0.0020940303802490234,-9.238327377003579,0.018991826517498644,6.0
0.0,FW_diminishing,diminishing,240.0,0.0021021366119384766,-9.238647017732216,0.048164152970078256,6.0
0.0,FW_diminishing,diminishing,241.0,0.002111196517944336,-9.238808784161977,0.028947672754073395,6.0
0.0,FW_diminishing,diminishing,242.0,0.0021202564239501953,-9.238334360283606,0.013470269048887928,6.0
0.0,FW_diminishing,diminishing,243.0,0.002128124237060547,-9.237502977208386,0.03537586274733595,6.0
0.0,FW_diminishing,diminishing,244.0,0.0021359920501708984,-9.237232536824429,0.05093518790952434,6.0
0.0,FW_diminishing,diminishing,245.0,0.002145051956176758,-9.23754678732813,0.04809608859834391,6.0
0.0,FW_diminishing,diminishing,246.0,0.002153158187866211,-9.237709571117167,0.029284726821097173,6.0
0.0,FW_diminishing,diminishing,247.0,0.0021622180938720703,-9.237709758465488,0.02622983020237779,6.0
0.0,FW_diminishing,diminishing,248.0,0.002171039581298828,-9.237912642778538,0.03442974371963636,6.0
0.0,FW_diminishing,diminishing,249.0,0.0021800994873046875,-9.237970586066236,0.016161003865704515,6.0
0.0,FW_diminishing,diminishing,250.0,0.002187967300415039,-9.237601692230765,0.0355959565653583,6.0
0.0,FW_diminishing,diminishing,251.0,0.0021963119506835938,-9.237916137682946,0.04885217132165831,6.0
0.0,FW_diminishing,diminishing,252.0,0.0022041797637939453,-9.238085925652127,0.03045982034920769,6.0
0.0,FW_diminishing,diminishing,253.0,0.0022132396697998047,-9.238021234704936,0.017274499829366796,6.0
0.0,FW_diminishing,diminishing,254.0,0.0022211074829101562,-9.238229768465606,0.03556023181818535,6.0
0.0,FW_diminishing,diminishing,255.0,0.002228975296020508,-9.238299723606012,0.01768515770265111,6.0
0.0,FW_diminishing,diminishing,256.0,0.0022382736206054688,-9.237845666915309,0.021487694142138913,6.0
0.0,FW_diminishing,diminishing,257.0,0.0022439956665039062,-9.238161253684288,0.049741834636698457,6.0
0.0,FW_diminishing,diminishing,258.0,0.0022530555725097656,-9.238338521668904,0.03174807182231998,6.0
0.0,FW_diminishing,diminishing,259.0,0.0022611618041992188,-9.238382155890582,0.014231284145244771,6.0
0.0,FW_diminishing,diminishing,260.0,0.002270221710205078,-9.238431307272576,0.031389534887124704,6.0
0.0,FW_diminishing,diminishing,261.0,0.0022780895233154297,-9.238514460008286,0.019447051898806578,6.0
0.0,FW_diminishing,diminishing,262.0,0.002286195755004883,-9.238182254235465,0.022157098097519423,6.0
0.0,FW_diminishing,diminishing,263.0,0.0022950172424316406,-9.238231288087626,0.014909079031306227,6.0
0.0,FW_diminishing,diminishing,264.0,0.0023031234741210938,-9.2379156243848,0.035776807314042536,6.0
0.0,FW_diminishing,diminishing,265.0,0.002311229705810547,-9.238194667319823,0.04583094071313365,6.0
0.0,FW_diminishing,diminishing,266.0,0.0023200511932373047,-9.238344216589176,0.028458739994314364,6.0
0.0,FW_diminishing,diminishing,267.0,0.002328157424926758,-9.238329464024487,0.022248967387761276,6.0
0.0,FW_diminishing,diminishing,268.0,0.0023369789123535156,-9.238513524674833,0.03324138722383729,6.0
0.0,FW_diminishing,diminishing,269.0,0.0023453235626220703,-9.238573261186897,0.01633309956683693,6.0
0.0,FW_diminishing,diminishing,270.0,0.0023522377014160156,-9.238178120294261,0.022208369093161373,6.0
0.0,FW_diminishing,diminishing,271.0,0.002360105514526367,-9.238458646311702,0.04669018509323841,6.0
0.0,FW_diminishing,diminishing,272.0,0.002368927001953125,-9.238615061206852,0.02967441827073536,6.0
0.0,FW_diminishing,diminishing,273.0,0.0023772716522216797,-9.238546169312075,0.014175078304804245,6.0
0.0,FW_diminishing,diminishing,274.0,0.0023860931396484375,-9.238735980407261,0.03441474260941657,6.0
0.0,FW_diminishing,diminishing,275.0,0.0023941993713378906,-9.23880652212693,0.017842879664963895,6.0
0.0,FW_diminishing,diminishing,276.0,0.0024030208587646484,-9.238342000685577,0.00965123384252653,6.0
0.0,FW_diminishing,diminishing,277.0,0.0024101734161376953,-9.238624590282173,0.04764705609589637,6.0
0.0,FW_diminishing,diminishing,278.0,0.0024182796478271484,-9.238788107989155,0.0309718181192169,6.0
0.0,FW_diminishing,diminishing,279.0,0.0024261474609375,-9.238836302596214,0.01470733169444749,6.0
0.0,FW_diminishing,diminishing,280.0,0.002434968948364258,-9.238866749890374,0.027449496220338432,6.0
0.0,FW_diminishing,diminishing,281.0,0.002443075180053711,-9.238948940092435,0.019544559391440508,6.0
0.0,FW_diminishing,diminishing,282.0,0.0024521350860595703,-9.238920160614525,0.0036890114820122832,6.0
0.0,FW_diminishing,diminishing,283.0,0.0024602413177490234,-9.23870425601971,0.04185717313593518,6.0
0.0,FW_diminishing,diminishing,284.0,0.002465963363647461,-9.238877336936447,0.03267286615378051,6.0
0.0,FW_diminishing,diminishing,285.0,0.0024750232696533203,-9.238939538565244,0.0167105957816851,6.0
0.0,FW_diminishing,diminishing,286.0,0.0024831295013427734,-9.238919740550994,0.0197704785183781,6.0
0.0,FW_diminishing,diminishing,287.0,0.0024912357330322266,-9.239014693713756,0.021484854276827114,6.0
0.0,FW_diminishing,diminishing,288.0,0.0025000572204589844,-9.238670863451885,0.010155570932572466,6.0
0.0,FW_diminishing,diminishing,289.0,0.002507925033569336,-9.23873732842725,0.01735129466838803,6.0
0.0,FW_diminishing,diminishing,290.0,0.0025162696838378906,-9.238685725147064,0.014741602214130012,6.0
0.0,FW_diminishing,diminishing,291.0,0.002523183822631836,-9.238784356093568,0.02211023249575117,6.0
0.0,FW_diminishing,diminishing,292.0,0.0025310516357421875,-9.2383862390954,0.011670936022285971,6.0
0.0,FW_diminishing,diminishing,293.0,0.002540111541748047,-9.23807518675606,0.06830600011890464,6.0
0.0,FW_diminishing,diminishing,294.0,0.0025482177734375,-9.238202311818679,0.026422677753425994,6.0
0.0,FW_diminishing,diminishing,295.0,0.0025572776794433594,-9.237816813348344,0.012238482616782953,6.0
0.0,FW_diminishing,diminishing,296.0,0.002565145492553711,-9.238127268990063,0.05399833504440377,6.0
0.0,FW_diminishing,diminishing,297.0,0.0025730133056640625,-9.238332269570614,0.03825893983767514,6.0
0.0,FW_diminishing,diminishing,298.0,0.002582073211669922,-9.238434918294967,0.022882145227428374,6.0
0.0,FW_diminishing,diminishing,299.0,0.002590179443359375,-9.238438233158545,0.007859722264074165,6.0
0.0,FW_diminishing,diminishing,300.0,0.0025992393493652344,-9.238261470736138,0.0418410717095119,6.0
0.0,FW_diminishing,diminishing,301.0,0.002607107162475586,-9.23844339849347,0.03505265056729723,6.0
0.0,FW_diminishing,diminishing,302.0,0.0026161670684814453,-9.238526104118392,0.01993897502049613,6.0
0.0,FW_diminishing,diminishing,303.0,0.002624034881591797,-9.238506814267609,0.018407175082268523,6.0
0.0,FW_diminishing,diminishing,304.0,0.002633333206176758,-9.238618041181603,0.02436663628470459,6.0
0.0,FW_diminishing,diminishing,305.0,0.0026412010192871094,-9.23863352041611,0.009605604628954545,6.0
0.0,FW_diminishing,diminishing,306.0,0.002649068832397461,-9.238390140012312,0.029638603794199803,6.0
0.0,FW_diminishing,diminishing,307.0,0.0026581287384033203,-9.23857785349131,0.0363561490779194,6.0
0.0,FW_diminishing,diminishing,308.0,0.002666950225830078,-9.238669925102913,0.021507203854995716,6.0
0.0,FW_diminishing,diminishing,309.0,0.002676248550415039,-9.238386902050578,0.011958061749260729,6.0
0.0,FW_diminishing,diminishing,310.0,0.0026841163635253906,-9.238453648006614,0.017575661674695375,6.0
0.0,FW_diminishing,diminishing,311.0,0.00269317626953125,-9.23851014262582,0.029716427642014764,6.0
0.0,FW_diminishing,diminishing,312.0,0.002701997756958008,-9.238603469507298,0.021797663561608616,6.0
0.0,FW_diminishing,diminishing,313.0,0.002710103988647461,-9.238606180288848,0.007459162081183912,6.0
0.0,FW_diminishing,diminishing,314.0,0.002718210220336914,-9.238452532722397,0.04121675699363081,6.0
0.0,FW_diminishing,diminishing,315.0,0.0027260780334472656,-9.23861824732013,0.033416426393918286,6.0
0.0,FW_diminishing,diminishing,316.0,0.002735137939453125,-9.238693442203719,0.01899450108067402,6.0
0.0,FW_diminishing,diminishing,317.0,0.0027430057525634766,-9.238705678477654,0.02238963926327564,6.0
0.0,FW_diminishing,diminishing,318.0,0.002752065658569336,-9.238806668796114,0.023179678631668033,6.0
0.0,FW_diminishing,diminishing,319.0,0.002760171890258789,-9.238820176456278,0.009080115629649832,6.0
0.0,FW_diminishing,diminishing,320.0,0.0027692317962646484,-9.23860429450584,0.029443916598890674,6.0
0.0,FW_diminishing,diminishing,321.0,0.002777099609375,-9.238775253759647,0.034636245255109444,6.0
0.0,FW_diminishing,diminishing,322.0,0.0027832984924316406,-9.238858821523587,0.0204561411308104,6.0
0.0,FW_diminishing,diminishing,323.0,0.0027921199798583984,-9.238831513578,0.015582222268981205,6.0
0.0,FW_diminishing,diminishing,324.0,0.0028002262115478516,-9.238940096773756,0.024600552549207677,6.0
0.0,FW_diminishing,diminishing,325.0,0.002808094024658203,-9.238964164683853,0.010731326510251549,6.0
0.0,FW_diminishing,diminishing,326.0,0.002816915512084961,-9.238692512648997,0.018409162894276854,6.0
0.0,FW_diminishing,diminishing,327.0,0.0028252601623535156,-9.238868727225565,0.03589366409542549,6.0
0.0,FW_diminishing,diminishing,328.0,0.002833127975463867,-9.23896051342085,0.021946701007808933,6.0
0.0,FW_diminishing,diminishing,329.0,0.0028400421142578125,-9.238897836869654,0.009246228693570835,6.0
0.0,FW_diminishing,diminishing,330.0,0.002847909927368164,-9.239013869237157,0.0260472534980849,6.0
0.0,FW_diminishing,diminishing,331.0,0.002857208251953125,-9.239048200186286,0.012400338943402645,6.0
0.0,FW_diminishing,diminishing,332.0,0.0028650760650634766,-9.23872654048361,0.008050381137886475,6.0
0.0,FW_diminishing,diminishing,333.0,0.0028731822967529297,-9.238907949786292,0.0371765907516286,6.0
0.0,FW_diminishing,diminishing,334.0,0.0028820037841796875,-9.239007741051537,0.023454656835538934,6.0
0.0,FW_diminishing,diminishing,335.0,0.002890348434448242,-9.239028064673409,0.010015236809585382,6.0
0.0,FW_diminishing,diminishing,336.0,0.0028960704803466797,-9.239036125963827,0.020643077936403742,6.0
0.0,FW_diminishing,diminishing,337.0,0.002905130386352539,-9.239080913560365,0.014167988384508057,6.0
0.0,FW_diminishing,diminishing,338.0,0.0029129981994628906,-9.238894259441276,0.01951003342194202,6.0
0.0,FW_diminishing,diminishing,339.0,0.0029211044311523438,-9.238918083484824,0.010578030872329336,6.0
0.0,FW_diminishing,diminishing,340.0,0.002930164337158203,-9.238679353951957,0.019566531349592076,6.0
0.0,FW_diminishing,diminishing,341.0,0.0029380321502685547,-9.23847625244164,0.06334769614775837,6.0
0.0,FW_diminishing,diminishing,342.0,0.002946138381958008,-9.238521562978086,0.014271662187958611,6.0
0.0,FW_diminishing,diminishing,343.0,0.0029532909393310547,-9.238288330874493,0.01962968686317712,6.0
0.0,FW_diminishing,diminishing,344.0,0.002960205078125,-9.238470352512262,0.038067005808350984,6.0
0.0,FW_diminishing,diminishing,345.0,0.002969026565551758,-9.238575745997625,0.024768478079714384,6.0
0.0,FW_diminishing,diminishing,346.0,0.002977132797241211,-9.238606465833403,0.011735032169888804,6.0
0.0,FW_diminishing,diminishing,347.0,0.002985239028930664,-9.238641791823602,0.024859148195290892,6.0
0.0,FW_diminishing,diminishing,348.0,0.0029931068420410156,-9.23869489283371,0.01566880056194453,6.0
0.0,FW_diminishing,diminishing,349.0,0.003000974655151367,-9.238413043207137,0.00931655271412346,6.0
0.0,FW_diminishing,diminishing,350.0,0.0030078887939453125,-9.238598573312911,0.03912516954894585,6.0
0.0,FW_diminishing,diminishing,351.0,0.003016233444213867,-9.238709917561401,0.02603266957153405,6.0
0.0,FW_diminishing,diminishing,352.0,0.003025054931640625,-9.238748935416549,0.013196655527658585,6.0
0.0,FW_diminishing,diminishing,353.0,0.003033161163330078,-9.23875084156454,0.01868314460983722,6.0
0.0,FW_diminishing,diminishing,354.0,0.0030410289764404297,-9.2388115977912,0.017091876827291408,6.0
0.0,FW_diminishing,diminishing,355.0,0.0030503273010253906,-9.238585651901198,0.008406117974861793,6.0
0.0,FW_diminishing,diminishing,356.0,0.003057241439819336,-9.238627454093777,0.013704948177895915,6.0
0.0,FW_diminishing,diminishing,357.0,0.0030641555786132812,-9.238418933894415,0.020101607939306376,6.0
0.0,FW_diminishing,diminishing,358.0,0.003072023391723633,-9.238586896653771,0.03654705814820591,6.0
0.0,FW_diminishing,diminishing,359.0,0.003080129623413086,-9.238684182755385,0.023786648914121855,6.0
0.0,FW_diminishing,diminishing,360.0,0.003088235855102539,-9.238652892924723,0.012290936408670738,6.0
0.0,FW_diminishing,diminishing,361.0,0.003097057342529297,-9.238769847842253,0.027440011613969695,6.0
0.0,FW_diminishing,diminishing,362.0,0.0031049251556396484,-9.238818223420811,0.014931898251129283,6.0
0.0,FW_diminishing,diminishing,363.0,0.003113269805908203,-9.238564736299226,0.010271048466723443,6.0
0.0,FW_diminishing,diminishing,364.0,0.0031189918518066406,-9.238735483371077,0.03746277196101744,6.0
0.0,FW_diminishing,diminishing,365.0,0.0031270980834960938,-9.23883773035368,0.0248938767933371,6.0
0.0,FW_diminishing,diminishing,366.0,0.003135204315185547,-9.238873129839568,0.012561933311155293,6.0
0.0,FW_diminishing,diminishing,367.0,0.0031430721282958984,-9.238898492117876,0.02234867540621277,6.0
0.0,FW_diminishing,diminishing,368.0,0.003152132034301758,-9.238953807250416,0.01626940203644711,6.0
0.0,FW_diminishing,diminishing,369.0,0.0031599998474121094,-9.238944209299667,0.0041745094519010095,6.0
0.0,FW_diminishing,diminishing,370.0,0.0031681060791015625,-9.238831180239757,0.03457661280701796,6.0
0.0,FW_diminishing,diminishing,371.0,0.0031740665435791016,-9.238939461648613,0.026235112047571008,6.0
0.0,FW_diminishing,diminishing,372.0,0.0031821727752685547,-9.238982872964414,0.014077961479960877,6.0
0.0,FW_diminishing,diminishing,373.0,0.0031900405883789062,-9.23897809550938,0.016460032077810993,6.0
0.0,FW_diminishing,diminishing,374.0,0.003199338912963867,-9.239040869511143,0.01774959082980576,6.0
0.0,FW_diminishing,diminishing,375.0,0.0032072067260742188,-9.239040619851648,0.00582229854608407,6.0
0.0,FW_diminishing,diminishing,376.0,0.0032150745391845703,-9.238882332533912,0.024749690742518204,6.0
0.0,FW_diminishing,diminishing,377.0,0.003222942352294922,-9.23899650814948,0.02758869126206598,6.0
0.0,FW_diminishing,diminishing,378.0,0.0032291412353515625,-9.239047702077622,0.015601102568349567,6.0
0.0,FW_diminishing,diminishing,379.0,0.003237009048461914,-9.239015523376317,0.010923720845166685,6.0
0.0,FW_diminishing,diminishing,380.0,0.0032460689544677734,-9.239085537233818,0.01923527436966399,6.0
0.0,FW_diminishing,diminishing,381.0,0.003253936767578125,-9.239094333304102,0.00747069972298231,6.0
0.0,FW_diminishing,diminishing,382.0,0.0032622814178466797,-9.238894754815366,0.015444583460975103,6.0
0.0,FW_diminishing,diminishing,383.0,0.0032701492309570312,-9.239014656684327,0.028947882286995075,6.0
0.0,FW_diminishing,diminishing,384.0,0.0032792091369628906,-9.239073381949481,0.017124912134801384,6.0
0.0,FW_diminishing,diminishing,385.0,0.0032851696014404297,-9.238895080140974,0.01046998061666038,6.0
0.0,FW_diminishing,diminishing,386.0,0.003293275833129883,-9.238560459358016,0.021662603776291256,6.0
0.0,FW_diminishing,diminishing,387.0,0.0033020973205566406,-9.23846499744656,0.034601007752439905,6.0
0.0,FW_diminishing,diminishing,388.0,0.003309965133666992,-9.23858257676558,0.028716132343620693,6.0
0.0,FW_diminishing,diminishing,389.0,0.0033180713653564453,-9.238640569635892,0.01705190565395842,6.0
0.0,FW_diminishing,diminishing,390.0,0.0033271312713623047,-9.238632561047371,0.01502437510795751,6.0
0.0,FW_diminishing,diminishing,391.0,0.003335237503051758,-9.238707934153584,0.0205139071758218,6.0
0.0,FW_diminishing,diminishing,392.0,0.0033409595489501953,-9.238725347904643,0.009061373828028074,6.0
0.0,FW_diminishing,diminishing,393.0,0.00334930419921875,-9.238587239874196,0.02503680153690624,6.0
0.0,FW_diminishing,diminishing,394.0,0.0033571720123291016,-9.238708932181785,0.029801642324299493,6.0
0.0,FW_diminishing,diminishing,395.0,0.003365039825439453,-9.238772714553036,0.018295640209623265,6.0
0.0,FW_diminishing,diminishing,396.0,0.0033740997314453125,-9.238739140680345,0.009636284318309762,6.0
0.0,FW_diminishing,diminishing,397.0,0.003381967544555664,-9.238819862949613,0.021728043877094372,6.0
0.0,FW_diminishing,diminishing,398.0,0.0033903121948242188,-9.238844232033635,0.010427609523683934,6.0
0.0,FW_diminishing,diminishing,399.0,0.0033960342407226562,-9.238667075216016,0.015965806471688104,6.0
0.0,FW_diminishing,diminishing,400.0,0.0034050941467285156,-9.238792855255088,0.030909087526125312,6.0
0.0,FW_diminishing,diminishing,401.0,0.0034132003784179688,-9.238862329615676,0.019556704657992974,6.0
0.0,FW_diminishing,diminishing,402.0,0.003422260284423828,-9.238876738499059,0.008399569544768504,6.0
0.0,FW_diminishing,diminishing,403.0,0.0034301280975341797,-9.238891107602537,0.01899191216410756,6.0
0.0,FW_diminishing,diminishing,404.0,0.0034379959106445312,-9.238922582536976,0.011868577981701378,6.0
0.0,FW_diminishing,diminishing,405.0,0.0034461021423339844,-9.238787943871682,0.015385932306772432,6.0
0.0,FW_diminishing,diminishing,406.0,0.0034532546997070312,-9.238804718224563,0.00885901716605364,6.0
0.0,FW_diminishing,diminishing,407.0,0.003462076187133789,-9.238680007809599,0.025019491417531015,6.0
0.0,FW_diminishing,diminishing,408.0,0.003470182418823242,-9.238793978277839,0.02887156866209839,6.0
0.0,FW_diminishing,diminishing,409.0,0.0034780502319335938,-9.23885397082577,0.0177692193006882,6.0
0.0,FW_diminishing,diminishing,410.0,0.003486156463623047,-9.238841672106535,0.013247395289432973,6.0
0.0,FW_diminishing,diminishing,411.0,0.0034942626953125,-9.238917313613698,0.021050495388439394,6.0
0.0,FW_diminishing,diminishing,412.0,0.0035021305084228516,-9.238940381431757,0.010140103500358322,6.0
0.0,FW_diminishing,diminishing,413.0,0.003509998321533203,-9.238778608836668,0.016182574337519462,6.0
0.0,FW_diminishing,diminishing,414.0,0.0035181045532226562,-9.238896296854605,0.029912773373305335,6.0
0.0,FW_diminishing,diminishing,415.0,0.0035262107849121094,-9.238961453873284,0.01895387746303001,6.0
0.0,FW_diminishing,diminishing,416.0,0.003534078598022461,-9.238926285110411,0.008180409787692078,6.0
0.0,FW_diminishing,diminishing,417.0,0.0035431385040283203,-9.239006713531985,0.02220844549879164,6.0
0.0,FW_diminishing,diminishing,418.0,0.0035512447357177734,-9.23903595731369,0.011436213197178802,6.0
0.0,FW_diminishing,diminishing,419.0,0.003559112548828125,-9.238840131715541,0.0077806074629123145,6.0
0.0,FW_diminishing,diminishing,420.0,0.003565073013305664,-9.238961509499433,0.030972435808229726,6.0
0.0,FW_diminishing,diminishing,421.0,0.0035729408264160156,-9.239031743806821,0.02015302222116766,6.0
0.0,FW_diminishing,diminishing,422.0,0.0035812854766845703,-9.23905190798079,0.009510907346112596,6.0
0.0,FW_diminishing,diminishing,423.0,0.003589153289794922,-9.239060460803195,0.01713492107709058,6.0
0.0,FW_diminishing,diminishing,424.0,0.0035970211029052734,-9.23909601076871,0.012799235460572156,6.0
0.0,FW_diminishing,diminishing,425.0,0.003605365753173828,-9.239082746317425,0.0023340402248681613,6.0
0.0,FW_diminishing,diminishing,426.0,0.0036132335662841797,-9.238992557364307,0.028999398900674933,6.0
0.0,FW_diminishing,diminishing,427.0,0.0036211013793945312,-9.239068464068486,0.021512834026092165,6.0
0.0,FW_diminishing,diminishing,428.0,0.003628969192504883,-9.23909557795674,0.010999621589378172,6.0
0.0,FW_diminishing,diminishing,429.0,0.003638029098510742,-9.239082281005043,0.012216094778310982,6.0
0.0,FW_diminishing,diminishing,430.0,0.0036461353302001953,-9.239124387547513,0.014256354408917815,6.0
0.0,FW_diminishing,diminishing,431.0,0.0036542415618896484,-9.238970429606303,0.006845420204695252,6.0
0.0,FW_diminishing,diminishing,432.0,0.003662109375,-9.238999490335619,0.011430195294931167,6.0
0.0,FW_diminishing,diminishing,433.0,0.0036699771881103516,-9.238971438817021,0.008825671370530586,6.0
0.0,FW_diminishing,diminishing,434.0,0.0036783218383789062,-9.239015312883016,0.014679970610435689,6.0
0.0,FW_diminishing,diminishing,435.0,0.003686189651489258,-9.238839055897406,0.008699736819981041,6.0
0.0,FW_diminishing,diminishing,436.0,0.0036940574645996094,-9.238681586777561,0.04230384328037751,6.0
0.0,FW_diminishing,diminishing,437.0,0.0037031173706054688,-9.23873786413784,0.017444622177892555,6.0
0.0,FW_diminishing,diminishing,438.0,0.003711223602294922,-9.238564506217923,0.008750214870724804,6.0
0.0,FW_diminishing,diminishing,439.0,0.0037190914154052734,-9.238704418437674,0.03600292792633031,6.0
0.0,FW_diminishing,diminishing,440.0,0.0037271976470947266,-9.23879712300634,0.02558181512769142,6.0
0.0,FW_diminishing,diminishing,441.0,0.0037331581115722656,-9.23884356650943,0.015323949905145184,6.0
0.0,FW_diminishing,diminishing,442.0,0.0037412643432617188,-9.238844677864977,0.005226817577302256,6.0
0.0,FW_diminishing,diminishing,443.0,0.0037500858306884766,-9.238765165289454,0.028760983081644653,6.0
0.0,FW_diminishing,diminishing,444.0,0.0037581920623779297,-9.238848432414088,0.023608410259091883,6.0
0.0,FW_diminishing,diminishing,445.0,0.003765106201171875,-9.238886394346382,0.013468060388003522,6.0
0.0,FW_diminishing,diminishing,446.0,0.0037741661071777344,-9.238871883230821,0.01125357476654365,6.0
0.0,FW_diminishing,diminishing,447.0,0.003782033920288086,-9.238923494260433,0.01656193176712506,6.0
0.0,FW_diminishing,diminishing,448.0,0.003787994384765625,-9.238930880471539,0.006581970994944619,6.0
0.0,FW_diminishing,diminishing,449.0,0.003797292709350586,-9.238818914316127,0.020550139878396934,6.0
0.0,FW_diminishing,diminishing,450.0,0.0038051605224609375,-9.238906442961447,0.0247597469958869,6.0
0.0,FW_diminishing,diminishing,451.0,0.003814220428466797,-9.238949773103704,0.014737699800568826,6.0
0.0,FW_diminishing,diminishing,452.0,0.0038220882415771484,-9.23881400672926,0.007502048853086585,6.0
0.0,FW_diminishing,diminishing,453.0,0.003831148147583008,-9.23884531311515,0.012011594759081312,6.0
0.0,FW_diminishing,diminishing,454.0,0.003839254379272461,-9.238866475641993,0.01910893665856861,6.0
0.0,FW_diminishing,diminishing,455.0,0.00384521484375,-9.238910781928752,0.015005311946971744,6.0
0.0,FW_diminishing,diminishing,456.0,0.003854036331176758,-9.238912491920722,0.005219717290040116,6.0
0.0,FW_diminishing,diminishing,457.0,0.0038640499114990234,-9.23884037362991,0.028483617514154957,6.0
0.0,FW_diminishing,diminishing,458.0,0.003871917724609375,-9.238919258068826,0.023027678007715657,6.0
0.0,FW_diminishing,diminishing,459.0,0.003879070281982422,-9.238955571043915,0.013201515355548032,6.0
0.0,FW_diminishing,diminishing,460.0,0.003887176513671875,-9.23895664684645,0.014326660795933144,6.0
0.0,FW_diminishing,diminishing,461.0,0.003895998001098633,-9.239005671744128,0.016172764819962104,6.0
0.0,FW_diminishing,diminishing,462.0,0.0039021968841552734,-9.239013111228314,0.006497573766104381,6.0
0.0,FW_diminishing,diminishing,463.0,0.003911256790161133,-9.238910106380853,0.020471014436968638,6.0
0.0,FW_diminishing,diminishing,464.0,0.003919124603271484,-9.238992890375666,0.024115006346425716,6.0
0.0,FW_diminishing,diminishing,465.0,0.003926992416381836,-9.239034113136665,0.01440026512959669,6.0
0.0,FW_diminishing,diminishing,466.0,0.003935337066650391,-9.239016599667972,0.009780416885856624,6.0
0.0,FW_diminishing,diminishing,467.0,0.003943204879760742,-9.239070250011025,0.017348066158704434,6.0
0.0,FW_diminishing,diminishing,468.0,0.003951072692871094,-9.239083289114003,0.0077806230064041415,6.0
0.0,FW_diminishing,diminishing,469.0,0.003957986831665039,-9.238951603750735,0.012809648773658644,6.0
0.0,FW_diminishing,diminishing,470.0,0.003966093063354492,-9.23903821471878,0.02520998787814399,6.0
0.0,FW_diminishing,diminishing,471.0,0.0039751529693603516,-9.239084238079961,0.01560398908523819,6.0
0.0,FW_diminishing,diminishing,472.0,0.003983020782470703,-9.23909043735361,0.006138992843419011,6.0
0.0,FW_diminishing,diminishing,473.0,0.003991127014160156,-9.239107517920289,0.017764531351910584,6.0
0.0,FW_diminishing,diminishing,474.0,0.003999948501586914,-9.239126208869747,0.009111176077040817,6.0
0.0,FW_diminishing,diminishing,475.0,0.004008293151855469,-9.238967421056854,0.005368423812851297,6.0
0.0,FW_diminishing,diminishing,476.0,0.004015207290649414,-9.239057966603863,0.02635517093855544,6.0
0.0,FW_diminishing,diminishing,477.0,0.004023075103759766,-9.239108860672456,0.016854782121178857,6.0
0.0,FW_diminishing,diminishing,478.0,0.0040318965911865234,-9.2391208395481,0.007492063469768162,6.0
0.0,FW_diminishing,diminishing,479.0,0.004040241241455078,-9.23912040939218,0.013415494891848567,6.0
0.0,FW_diminishing,diminishing,480.0,0.00404810905456543,-9.239144591608234,0.01043816154732724,6.0
0.0,FW_diminishing,diminishing,481.0,0.004057168960571289,-9.239047171119463,0.012514683022795126,6.0
0.0,FW_diminishing,diminishing,482.0,0.004065036773681641,-9.239060803064874,0.007879251009815569,6.0
0.0,FW_diminishing,diminishing,483.0,0.004071235656738281,-9.23894014398609,0.013298697175686769,6.0
0.0,FW_diminishing,diminishing,484.0,0.004080057144165039,-9.238819594309613,0.039902386503836595,6.0
0.0,FW_diminishing,diminishing,485.0,0.004088163375854492,-9.23884351914394,0.010387166695938532,6.0
0.0,FW_diminishing,diminishing,486.0,0.004096031188964844,-9.238724257959648,0.013195852542327913,6.0
0.0,FW_diminishing,diminishing,487.0,0.004105329513549805,-9.238816454693023,0.02715309691836776,6.0
0.0,FW_diminishing,diminishing,488.0,0.004113197326660156,-9.238870714881745,0.017857767845621986,6.0
0.0,FW_diminishing,diminishing,489.0,0.004122018814086914,-9.23888772698933,0.008694093100577227,6.0
0.0,FW_diminishing,diminishing,490.0,0.004128932952880859,-9.238900748217572,0.016431228116490004,6.0
0.0,FW_diminishing,diminishing,491.0,0.00413823127746582,-9.238929225304158,0.01153052413084854,6.0
0.0,FW_diminishing,diminishing,492.0,0.004146099090576172,-9.238784110134988,0.005909269861818167,6.0
0.0,FW_diminishing,diminishing,493.0,0.004154205322265625,-9.238879333053678,0.02812695372975682,6.0
0.0,FW_diminishing,diminishing,494.0,0.004163026809692383,-9.238937470933934,0.01893158944054818,6.0
0.0,FW_diminishing,diminishing,495.0,0.004170894622802734,-9.238959188432839,0.009864860460772285,6.0
0.0,FW_diminishing,diminishing,496.0,0.004179239273071289,-9.238955685650726,0.012179652047174194,6.0
0.0,FW_diminishing,diminishing,497.0,0.004186153411865234,-9.238988622885035,0.012679347393187435,6.0
0.0,FW_diminishing,diminishing,498.0,0.004194021224975586,-9.238867441717538,0.004488290885801938,6.0
0.0,FW_diminishing,diminishing,499.0,0.004202127456665039,-9.238890567363843,0.010226527456048018,6.0
0.0,FW_exact,exact,0.0,2.5033950805664062e-05,-5.136104602187146,143.21353086033926,2.0
0.0,FW_exact,exact,1.0,4.1961669921875e-05,-8.714131683905768,10.026361023639481,3.0
0.0,FW_exact,exact,2.0,5.7220458984375e-05,-8.908003384630149,3.169168029398568,3.0
0.0,FW_exact,exact,3.0,6.985664367675781e-05,-8.969001698077424,0.9729469182140251,4.0
0.0,FW_exact,exact,4.0,8.296966552734375e-05,-9.061805754449905,0.7710568184645412,4.0
0.0,FW_exact,exact,5.0,9.393692016601562e-05,-9.077530310221578,0.8302864034443216,4.0
0.0,FW_exact,exact,6.0,0.00010609626770019531,-9.089631930718978,0.667235606983426,5.0
0.0,FW_exact,exact,7.0,0.00013494491577148438,-9.092082574968506,0.40862874174774166,6.0
0.0,FW_exact,exact,8.0,0.0001652240753173828,-9.101496186338343,0.360497858591474,6.0
0.0,FW_exact,exact,9.0,0.00018310546875,-9.124486198991656,0.34709853833941384,6.0
0.0,FW_exact,exact,10.0,0.00019621849060058594,-9.132439601242956,0.5855693557603532,6.0
0.0,FW_exact,exact,11.0,0.00020885467529296875,-9.135137317156277,0.18929097853091825,6.0
0.0,FW_exact,exact,12.0,0.00022101402282714844,-9.146772621971508,0.23989644477274208,6.0
0.0,FW_exact,exact,13.0,0.00023293495178222656,-9.151414301881482,0.4448778183354154,6.0
0.0,FW_exact,exact,14.0,0.000244140625,-9.152941699320072,0.23234766915612326,6.0
0.0,FW_exact,exact,15.0,0.0002551078796386719,-9.157380773770987,0.1433837139645231,6.0
0.0,FW_exact,exact,16.0,0.00026702880859375,-9.160372610325547,0.35585145353684666,6.0
0.0,FW_exact,exact,17.0,0.0002760887145996094,-9.163263324828483,0.19699374109822454,6.0
0.0,FW_exact,exact,18.0,0.00028705596923828125,-9.163774591763069,0.1858243482478814,6.0
0.0,FW_exact,exact,19.0,0.0002980232238769531,-9.169371128776584,0.16310581727057727,6.0
0.0,FW_exact,exact,20.0,0.00030803680419921875,-9.171969276254337,0.33141808906275294,6.0
0.0,FW_exact,exact,21.0,0.0003180503845214844,-9.172512451149542,0.13797822121711611,6.0
0.0,FW_exact,exact,22.0,0.00032901763916015625,-9.175007060858873,0.10668893813344571,6.0
0.0,FW_exact,exact,23.0,0.0003390312194824219,-9.176791312342264,0.27397139737732257,6.0
0.0,FW_exact,exact,24.0,0.00034999847412109375,-9.178535352433304,0.15236855319184883,6.0
0.0,FW_exact,exact,25.0,0.0003609657287597656,-9.182923025682555,0.14416567921745038,6.0
0.0,FW_exact,exact,26.0,0.00037097930908203125,-9.184358396624297,0.2454902445518412,6.0
0.0,FW_exact,exact,27.0,0.0003819465637207031,-9.185125804552968,0.10039526858119174,6.0
0.0,FW_exact,exact,28.0,0.000392913818359375,-9.1879921002656,0.11542646438774895,6.0
0.0,FW_exact,exact,29.0,0.0004019737243652344,-9.189151395429274,0.2204117967037753,6.0
0.0,FW_exact,exact,30.0,0.00041294097900390625,-9.189622643198355,0.12857544957913536,6.0
0.0,FW_exact,exact,31.0,0.0004239082336425781,-9.189802135559832,0.10994207428494818,6.0
0.0,FW_exact,exact,32.0,0.00043392181396484375,-9.190313975773524,0.08182718743640915,6.0
0.0,FW_exact,exact,33.0,0.0004439353942871094,-9.192467609552395,0.09959386870485787,6.0
0.0,FW_exact,exact,34.0,0.00045490264892578125,-9.19363968440695,0.2216841283378317,6.0
0.0,FW_exact,exact,35.0,0.0004649162292480469,-9.194578259539949,0.06484441745330027,6.0
0.0,FW_exact,exact,36.0,0.00047516822814941406,-9.195371042896088,0.18199282996348032,6.0
0.0,FW_exact,exact,37.0,0.00048613548278808594,-9.195929898478957,0.08562513475871292,6.0
0.0,FW_exact,exact,38.0,0.0004968643188476562,-9.197742030290271,0.09124860366192777,6.0
0.0,FW_exact,exact,39.0,0.0005080699920654297,-9.198439199830528,0.17059843152590126,6.0
0.0,FW_exact,exact,40.0,0.0005190372467041016,-9.198794761412998,0.11163522651079028,6.0
0.0,FW_exact,exact,41.0,0.0005300045013427734,-9.198927953907827,0.09468962086184707,6.0
0.0,FW_exact,exact,42.0,0.0005393028259277344,-9.199281705124477,0.06797755113504333,6.0
0.0,FW_exact,exact,43.0,0.0005502700805664062,-9.200677962874694,0.07981432205731753,6.0
0.0,FW_exact,exact,44.0,0.0005609989166259766,-9.201440579613516,0.17851913408313713,6.0
0.0,FW_exact,exact,45.0,0.0005719661712646484,-9.202061117988656,0.05262151498335932,6.0
0.0,FW_exact,exact,46.0,0.0005829334259033203,-9.202588106183352,0.14819366742891926,6.0
0.0,FW_exact,exact,47.0,0.0005929470062255859,-9.202966726028016,0.07039174998755726,6.0
0.0,FW_exact,exact,48.0,0.0006022453308105469,-9.20420175092839,0.07502849168708803,6.0
0.0,FW_exact,exact,49.0,0.0006132125854492188,-9.204681739226116,0.14139938172160083,6.0
0.0,FW_exact,exact,50.0,0.0006232261657714844,-9.204934902548889,0.09413803973050872,6.0
0.0,FW_exact,exact,51.0,0.0006341934204101562,-9.205030307413235,0.0801196351158655,6.0
0.0,FW_exact,exact,52.0,0.0006451606750488281,-9.20527734648672,0.05676218686309564,6.0
0.0,FW_exact,exact,53.0,0.0006551742553710938,-9.206258910619795,0.066711401346911,6.0
0.0,FW_exact,exact,54.0,0.0006661415100097656,-9.206801993920855,0.15048654408507822,6.0
0.0,FW_exact,exact,55.0,0.0006771087646484375,-9.20724835399307,0.04457573900995193,6.0
0.0,FW_exact,exact,56.0,0.0006880760192871094,-9.207628641656894,0.12578419214511527,6.0
0.0,FW_exact,exact,57.0,0.0006992816925048828,-9.207901322588455,0.05968581378362536,6.0
0.0,FW_exact,exact,58.0,0.0007092952728271484,-9.208802082813559,0.06390129557817303,6.0
0.0,FW_exact,exact,59.0,0.0007202625274658203,-9.209155896184503,0.1213098550267091,6.0
0.0,FW_exact,exact,60.0,0.0007312297821044922,-9.209342893943974,0.08086573485737425,6.0
0.0,FW_exact,exact,61.0,0.0007421970367431641,-9.209414567329146,0.06943070315127375,6.0
0.0,FW_exact,exact,62.0,0.0007538795471191406,-9.20959726327204,0.04878670025466292,6.0
0.0,FW_exact,exact,63.0,0.0007660388946533203,-9.21032852647902,0.057455271005537156,6.0
0.0,FW_exact,exact,64.0,0.0007770061492919922,-9.210737417378905,0.1304775817770789,6.0
0.0,FW_exact,exact,65.0,0.0007901191711425781,-9.211075859393024,0.03878244693887378,6.0
0.0,FW_exact,exact,66.0,0.00080108642578125,-9.21136483845665,0.10958337214397851,6.0
0.0,FW_exact,exact,67.0,0.0008120536804199219,-9.21157132784873,0.05190672734031043,6.0
0.0,FW_exact,exact,68.0,0.0008211135864257812,-9.212260457490057,0.055782957189528304,6.0
0.0,FW_exact,exact,69.0,0.0008320808410644531,-9.212533332809812,0.1064764135690579,6.0
0.0,FW_exact,exact,70.0,0.000843048095703125,-9.21267749110571,0.07097482199996463,6.0
0.0,FW_exact,exact,71.0,0.0008540153503417969,-9.21273352259051,0.06138012361800094,6.0
0.0,FW_exact,exact,72.0,0.0008649826049804688,-9.212874665332944,0.04286399086227899,6.0
0.0,FW_exact,exact,73.0,0.0008761882781982422,-9.213442784993166,0.05056102741934776,6.0
0.0,FW_exact,exact,74.0,0.0008840560913085938,-9.21376298621907,0.11539683206773965,6.0
0.0,FW_exact,exact,75.0,0.0008950233459472656,-9.214029412039388,0.03438853096268968,6.0
0.0,FW_exact,exact,76.0,0.0009071826934814453,-9.214257265760075,0.09726209931286522,6.0
0.0,FW_exact,exact,77.0,0.0009191036224365234,-9.21441962634227,0.04600602682573829,6.0
0.0,FW_exact,exact,78.0,0.0009310245513916016,-9.214965721466264,0.04958378653781015,6.0
0.0,FW_exact,exact,79.0,0.0009410381317138672,-9.215183267582706,0.09503074827854263,6.0
0.0,FW_exact,exact,80.0,0.0009520053863525391,-9.215298160808974,0.06334434779253328,6.0
0.0,FW_exact,exact,81.0,0.0009632110595703125,-9.215343279453247,0.05507342590121489,6.0
0.0,FW_exact,exact,82.0,0.0009741783142089844,-9.21545595377029,0.03828639286428981,6.0
0.0,FW_exact,exact,83.0,0.00098419189453125,-9.215911440420907,0.045216800060990714,6.0
0.0,FW_exact,exact,84.0,0.0009942054748535156,-9.216169694438191,0.10358831694907522,6.0
0.0,FW_exact,exact,85.0,0.0010051727294921875,-9.216385451276018,0.030931582216029874,6.0
0.0,FW_exact,exact,86.0,0.0010161399841308594,-9.216570197618038,0.08754866377233927,6.0
0.0,FW_exact,exact,87.0,0.0010271072387695312,-9.216701586012041,0.04137120488012869,6.0
0.0,FW_exact,exact,88.0,0.0010380744934082031,-9.217146140739544,0.04468509845016122,6.0
0.0,FW_exact,exact,89.0,0.0010480880737304688,-9.217324052597277,0.08591038619550062,6.0
0.0,FW_exact,exact,90.0,0.0010581016540527344,-9.217418000210571,0.05726715495571888,6.0
0.0,FW_exact,exact,91.0,0.0010690689086914062,-9.217455172848792,0.0499847358994403,6.0
0.0,FW_exact,exact,92.0,0.0010831356048583984,-9.217547429402742,0.0346360100142844,6.0
0.0,FW_exact,exact,93.0,0.0010960102081298828,-9.217921639201954,0.04094465314854556,6.0
0.0,FW_exact,exact,94.0,0.0011060237884521484,-9.21813477759946,0.09407216021639098,6.0
0.0,FW_exact,exact,95.0,0.0011150836944580078,-9.218313421428647,0.02813526326879856,6.0
0.0,FW_exact,exact,96.0,0.0011262893676757812,-9.218466536152276,0.07967932603043426,6.0
0.0,FW_exact,exact,97.0,0.0011363029479980469,-9.218575287515826,0.0376282360973752,6.0
0.0,FW_exact,exact,98.0,0.0011472702026367188,-9.218944950453944,0.04070954216525102,6.0
0.0,FW_exact,exact,99.0,0.001157999038696289,-9.219093421997641,0.07845966801229043,6.0
0.0,FW_exact,exact,100.0,0.0011682510375976562,-9.219171819061344,0.05230378791591139,6.0
0.0,FW_exact,exact,101.0,0.0011792182922363281,-9.2192030139615,0.04578633860789516,6.0
0.0,FW_exact,exact,102.0,0.0011892318725585938,-9.219280088875811,0.031652148139314384,6.0
0.0,FW_exact,exact,103.0,0.0011992454528808594,-9.219593568327406,0.03744565467501104,6.0
0.0,FW_exact,exact,104.0,0.001209259033203125,-9.219772751535828,0.08622828931651672,6.0
0.0,FW_exact,exact,105.0,0.0012202262878417969,-9.219923334387895,0.025823350340384188,6.0
0.0,FW_exact,exact,106.0,0.0012290477752685547,-9.220052498182339,0.07316524238430411,6.0
0.0,FW_exact,exact,107.0,0.0012400150299072266,-9.220144159927166,0.03453744029537198,6.0
0.0,FW_exact,exact,108.0,0.001251220703125,-9.220456874808068,0.03741387780962757,6.0
0.0,FW_exact,exact,109.0,0.0012621879577636719,-9.220582833936998,0.07225056617245595,6.0
0.0,FW_exact,exact,110.0,0.0012731552124023438,-9.220649343324977,0.048168024867884185,6.0
0.0,FW_exact,exact,111.0,0.0012822151184082031,-9.220675922228471,0.04226064994926659,6.0
0.0,FW_exact,exact,112.0,0.0012919902801513672,-9.220741376541604,0.02916405791151444,6.0
0.0,FW_exact,exact,113.0,0.0013031959533691406,-9.221008185350357,0.03452336156179836,6.0
0.0,FW_exact,exact,114.0,0.0013129711151123047,-9.221161124852244,0.07964393537825387,6.0
0.0,FW_exact,exact,115.0,0.0013229846954345703,-9.221289937277446,0.023877804692212123,6.0
0.0,FW_exact,exact,116.0,0.001332998275756836,-9.221400497605142,0.06767802879347684,6.0
0.0,FW_exact,exact,117.0,0.0013439655303955078,-9.221478913597997,0.031938528355356155,6.0
0.0,FW_exact,exact,118.0,0.0013530254364013672,-9.22174723388232,0.03463415816001092,6.0
0.0,FW_exact,exact,119.0,0.001363992691040039,-9.221855563932202,0.06699119133883968,6.0
0.0,FW_exact,exact,120.0,0.001374959945678711,-9.221912765976878,0.04466502699875896,6.0
0.0,FW_exact,exact,121.0,0.0013840198516845703,-9.22193570261381,0.03925635817620865,6.0
0.0,FW_exact,exact,122.0,0.0013949871063232422,-9.221992048007577,0.02705523222241446,6.0
0.0,FW_exact,exact,123.0,0.0014050006866455078,-9.222222153344495,0.032043294678453904,6.0
0.0,FW_exact,exact,124.0,0.0014150142669677734,-9.222354359097865,0.07403310295955468,6.0
0.0,FW_exact,exact,125.0,0.001425027847290039,-9.222465917163799,0.022216422055476137,6.0
0.0,FW_exact,exact,126.0,0.001435995101928711,-9.22256171887377,0.06298846048957518,6.0
0.0,FW_exact,exact,127.0,0.0014452934265136719,-9.222629642620307,0.029720273643918382,6.0
0.0,FW_exact,exact,128.0,0.0014569759368896484,-9.222862631657184,0.03225573646821811,6.0
0.0,FW_exact,exact,129.0,0.0014688968658447266,-9.222956879938708,0.06247534198733895,6.0
0.0,FW_exact,exact,130.0,0.001477956771850586,-9.223006648291303,0.04165728599104579,6.0
0.0,FW_exact,exact,131.0,0.0014882087707519531,-9.223026658072484,0.036664599221261085,6.0
0.0,FW_exact,exact,132.0,0.001499176025390625,-9.223075720342962,0.025243389808182748,6.0
0.0,FW_exact,exact,133.0,0.0015082359313964844,-9.223276398301664,0.029910197646283443,6.0
0.0,FW_exact,exact,134.0,0.0015192031860351562,-9.22339191834344,0.06919107362980981,6.0
0.0,FW_exact,exact,135.0,0.0015301704406738281,-9.22348955320541,0.02078010746657455,6.0
0.0,FW_exact,exact,136.0,0.0015392303466796875,-9.22357343594103,0.058931436403406146,6.0
0.0,FW_exact,exact,137.0,0.0015501976013183594,-9.22363289537679,0.027803014555031424,6.0
0.0,FW_exact,exact,138.0,0.001560211181640625,-9.22383727133213,0.030195937371864545,6.0
0.0,FW_exact,exact,139.0,0.0015702247619628906,-9.223920080534016,0.05855303214700047,6.0
0.0,FW_exact,exact,140.0,0.0015799999237060547,-9.223963810655786,0.03904483525996838,6.0
0.0,FW_exact,exact,141.0,0.0015912055969238281,-9.223981431384049,0.034404944277333094,6.0
0.0,FW_exact,exact,142.0,0.001600027084350586,-9.22402457178484,0.02366870405492172,6.0
0.0,FW_exact,exact,143.0,0.0016109943389892578,-9.224201266556369,0.02805463092352145,6.0
0.0,FW_exact,exact,144.0,0.0016210079193115234,-9.224303145614954,0.06496728371151317,6.0
0.0,FW_exact,exact,145.0,0.0016300678253173828,-9.224389371388408,0.019525240035878078,6.0
0.0,FW_exact,exact,146.0,0.0016410350799560547,-9.224463480604122,0.05538489145063341,6.0
0.0,FW_exact,exact,147.0,0.0016510486602783203,-9.224516004712717,0.02612813420567406,6.0
0.0,FW_exact,exact,148.0,0.001661062240600586,-9.224696859885974,0.02839357247560148,6.0
0.0,FW_exact,exact,149.0,0.0016720294952392578,-9.224770241547287,0.055112448438618955,6.0
0.0,FW_exact,exact,150.0,0.0016820430755615234,-9.22480899541584,0.036753175118513504,6.0
0.0,FW_exact,exact,151.0,0.001692056655883789,-9.224824639432713,0.03241666172341695,6.0
0.0,FW_exact,exact,152.0,0.0017023086547851562,-9.224862894972976,0.022286584257365405,6.0
0.0,FW_exact,exact,153.0,0.0017130374908447266,-9.2250197665857,0.026424725193413323,6.0
0.0,FW_exact,exact,154.0,0.001722097396850586,-9.22511034131642,0.06124842945086417,6.0
0.0,FW_exact,exact,155.0,0.0017330646514892578,-9.225187093162145,0.018418890616223038,6.0
0.0,FW_exact,exact,156.0,0.0017430782318115234,-9.225253081768125,0.052256553642459735,6.0
0.0,FW_exact,exact,157.0,0.001753091812133789,-9.22529984668145,0.024651491544443793,6.0
0.0,FW_exact,exact,158.0,0.0017631053924560547,-9.225461115750674,0.026802341226551007,6.0
0.0,FW_exact,exact,159.0,0.0017740726470947266,-9.22552662963519,0.05206846401102805,6.0
0.0,FW_exact,exact,160.0,0.001783132553100586,-9.225561230599517,0.03472559970170508,6.0
0.0,FW_exact,exact,161.0,0.0017940998077392578,-9.225575219536372,0.030653031221461013,6.0
0.0,FW_exact,exact,162.0,0.0018041133880615234,-9.225609395002587,0.0210630823302278,6.0
0.0,FW_exact,exact,163.0,0.0018150806427001953,-9.225749680374733,0.024980917234336708,6.0
0.0,FW_exact,exact,164.0,0.001825094223022461,-9.225830775574114,0.05794755016587683,6.0
0.0,FW_exact,exact,165.0,0.0018360614776611328,-9.225899568658733,0.017435716955609415,6.0
0.0,FW_exact,exact,166.0,0.0018460750579833984,-9.225958731855087,0.049475327261055746,6.0
0.0,FW_exact,exact,167.0,0.0018570423126220703,-9.226000658097211,0.023339177630479213,6.0
0.0,FW_exact,exact,168.0,0.001867055892944336,-9.226145432347922,0.025386532811252138,6.0
0.0,FW_exact,exact,169.0,0.0018770694732666016,-9.226204307592951,0.0493550801964977,6.0
0.0,FW_exact,exact,170.0,0.0018870830535888672,-9.226235404408714,0.03291815261301778,6.0
0.0,FW_exact,exact,171.0,0.0018970966339111328,-9.226247992965948,0.02907752220438997,6.0
0.0,FW_exact,exact,172.0,0.0019071102142333984,-9.226278723083507,0.01997187380733223,6.0
0.0,FW_exact,exact,173.0,0.0019190311431884766,-9.226404980964505,0.023692479539953126,6.0
0.0,FW_exact,exact,174.0,0.0019290447235107422,-9.226478043606598,0.054996751304627445,6.0
0.0,FW_exact,exact,175.0,0.001940011978149414,-9.226540082125968,0.01655588552880438,6.0
0.0,FW_exact,exact,176.0,0.0019500255584716797,-9.226593450000033,0.04698551433989806,6.0
0.0,FW_exact,exact,177.0,0.0019600391387939453,-9.22663126902465,0.02216468958055895,6.0
0.0,FW_exact,exact,178.0,0.001970052719116211,-9.226762012856172,0.02411814231366982,6.0
0.0,FW_exact,exact,179.0,0.001981019973754883,-9.22681523190135,0.0469203090423731,6.0
0.0,FW_exact,exact,180.0,0.0019910335540771484,-9.226843343076979,0.03129621350208289,6.0
0.0,FW_exact,exact,181.0,0.0020020008087158203,-9.226854735675223,0.027661157707372652,6.0
0.0,FW_exact,exact,182.0,0.002012014389038086,-9.226882528187227,0.01899221628378278,6.0
0.0,FW_exact,exact,183.0,0.002022981643676758,-9.226996809537457,0.022535167137112566,6.0
0.0,FW_exact,exact,184.0,0.0020329952239990234,-9.22706300255469,0.05234222207091488,6.0
0.0,FW_exact,exact,185.0,0.0020439624786376953,-9.227119256283192,0.01576364350417414,6.0
0.0,FW_exact,exact,186.0,0.002054929733276367,-9.227167658899596,0.04474283730955797,6.0
0.0,FW_exact,exact,187.0,0.002064943313598633,-9.227201959726507,0.021106997353472323,6.0
0.0,FW_exact,exact,188.0,0.0020751953125,-9.22732066330515,0.02297488489388222,6.0
0.0,FW_exact,exact,189.0,0.002086162567138672,-9.22736902134538,0.04472262154463014,6.0
0.0,FW_exact,exact,190.0,0.002096891403198242,-9.227394566546538,0.029832129864182377,6.0
0.0,FW_exact,exact,191.0,0.002107858657836914,-9.227404929226985,0.026380655507473705,6.0
0.0,FW_exact,exact,192.0,0.0021178722381591797,-9.227430195424871,0.01810753386552122,6.0
0.0,FW_exact,exact,193.0,0.0021288394927978516,-9.227534164559358,0.021489582059196266,6.0
0.0,FW_exact,exact,194.0,0.002140045166015625,-9.227594433855462,0.049940743436295065,6.0
0.0,FW_exact,exact,195.0,0.002151012420654297,-9.227645693016829,0.0150463146740476,6.0
0.0,FW_exact,exact,196.0,0.0021619796752929688,-9.227689807121124,0.042711638399343776,6.0
0.0,FW_exact,exact,197.0,0.0021712779998779297,-9.227721069722739,0.02014918953152467,6.0
0.0,FW_exact,exact,198.0,0.0021820068359375,-9.227829358823051,0.02193879679133559,6.0
0.0,FW_exact,exact,199.0,0.002192974090576172,-9.227873506760611,0.04272842831676016,6.0
0.0,FW_exact,exact,200.0,0.0022039413452148438,-9.227896829493123,0.028503537701960013,6.0
0.0,FW_exact,exact,201.0,0.0022149085998535156,-9.227906298578953,0.025217092018808174,6.0
0.0,FW_exact,exact,202.0,0.0022249221801757812,-9.227929375372184,0.017304413770895977,6.0
0.0,FW_exact,exact,203.0,0.002235889434814453,-9.228024397783006,0.020540011598787267,6.0
0.0,FW_exact,exact,204.0,0.0022459030151367188,-9.228079521022108,0.047757189794104704,6.0
0.0,FW_exact,exact,205.0,0.0022568702697753906,-9.228126436350012,0.014393579041453997,6.0
0.0,FW_exact,exact,206.0,0.002268075942993164,-9.228166819496744,0.040862867647865286,6.0
0.0,FW_exact,exact,207.0,0.0022780895233154297,-9.228195439150744,0.0192775045526421,6.0
0.0,FW_exact,exact,208.0,0.0022890567779541016,-9.228294655630823,0.020995229656510794,6.0
0.0,FW_exact,exact,209.0,0.0023000240325927734,-9.228335131655223,0.040910257798148386,6.0
0.0,FW_exact,exact,210.0,0.002310037612915039,-9.22835651593899,0.027292147434885727,6.0
0.0,FW_exact,exact,211.0,0.002321004867553711,-9.228365204443541,0.024154925394173965,6.0
0.0,FW_exact,exact,212.0,0.002331256866455078,-9.22838637059621,0.01657188103274443,6.0
0.0,FW_exact,exact,213.0,0.00234222412109375,-9.228473577727634,0.019673587019314986,6.0
0.0,FW_exact,exact,214.0,0.0023522377014160156,-9.228524200453762,0.04576270849938702,6.0
0.0,FW_exact,exact,215.0,0.0023632049560546875,-9.228567312923785,0.013796946535254762,6.0
0.0,FW_exact,exact,216.0,0.002373933792114258,-9.228604428825616,0.03917261140485184,6.0
0.0,FW_exact,exact,217.0,0.0023832321166992188,-9.22863073417714,0.018480624629582998,6.0
0.0,FW_exact,exact,218.0,0.0023941993713378906,-9.228721995898267,0.020132114530960088,6.0
0.0,FW_exact,exact,219.0,0.0024051666259765625,-9.228759249072555,0.03924541601090059,6.0
0.0,FW_exact,exact,220.0,0.0024161338806152344,-9.228778931892968,0.026182850905837718,6.0
0.0,FW_exact,exact,221.0,0.0024271011352539062,-9.228786934331545,0.023181270169377655,6.0
0.0,FW_exact,exact,222.0,0.002437114715576172,-9.228806422597117,0.015900865003549924,6.0
0.0,FW_exact,exact,223.0,0.0024471282958984375,-9.228886760366885,0.018879663756172782,6.0
0.0,FW_exact,exact,224.0,0.0024580955505371094,-9.228933423148472,0.043933371447719693,6.0
0.0,FW_exact,exact,225.0,0.0024690628051757812,-9.228973186372965,0.01324936628852491,6.0
0.0,FW_exact,exact,226.0,0.0024802684783935547,-9.229007424007781,0.03762099875645575,6.0
0.0,FW_exact,exact,227.0,0.0024902820587158203,-9.229031690668107,0.01774915248255393,6.0
0.0,FW_exact,exact,228.0,0.0025000572204589844,-9.229115936761758,0.019339414446659653,6.0
0.0,FW_exact,exact,229.0,0.002511262893676758,-9.229150344890064,0.03771498522549788,6.0
0.0,FW_exact,exact,230.0,0.0025222301483154297,-9.229168525629113,0.02516305431937127,6.0
0.0,FW_exact,exact,231.0,0.0025331974029541016,-9.229175921681039,0.022285351077749205,6.0
0.0,FW_exact,exact,232.0,0.0025441646575927734,-9.229193928001035,0.015283800762356137,6.0
0.0,FW_exact,exact,233.0,0.0025551319122314453,-9.229268193656958,0.018149357691839008,6.0
0.0,FW_exact,exact,234.0,0.0025658607482910156,-9.229311352765265,0.04224916144505819,6.0
0.0,FW_exact,exact,235.0,0.002577066421508789,-9.22934815008866,0.01274493231127849,6.0
0.0,FW_exact,exact,236.0,0.002588033676147461,-9.229379838294474,0.03619137699108599,6.0
0.0,FW_exact,exact,237.0,0.0025970935821533203,-9.229402299218503,0.017075217710360135,6.0
0.0,FW_exact,exact,238.0,0.0026082992553710938,-9.229480324736098,0.018608711371646436,6.0
0.0,FW_exact,exact,239.0,0.0026192665100097656,-9.22951220807394,0.03630306532071881,6.0
0.0,FW_exact,exact,240.0,0.0026292800903320312,-9.229529055746244,0.02422217293637363,6.0
0.0,FW_exact,exact,241.0,0.002640247344970703,-9.229535913076216,0.02145808647506975,6.0
0.0,FW_exact,exact,242.0,0.0026502609252929688,-9.229552603643295,0.014714327088139356,6.0
0.0,FW_exact,exact,243.0,0.0026612281799316406,-9.229621474115703,0.0174751933382975,6.0
0.0,FW_exact,exact,244.0,0.0026721954345703125,-9.229661517472888,0.04069319999270249,6.0
0.0,FW_exact,exact,245.0,0.002682209014892578,-9.229695675181052,0.012278658834484979,6.0
0.0,FW_exact,exact,246.0,0.00269317626953125,-9.229725093939884,0.03486968172416027,6.0
0.0,FW_exact,exact,247.0,0.0027031898498535156,-9.229745947443151,0.01645217665907328,6.0
0.0,FW_exact,exact,248.0,0.0027141571044921875,-9.229818430197472,0.017932890418506098,6.0
0.0,FW_exact,exact,249.0,0.0027251243591308594,-9.229848062095867,0.03499619168653201,6.0
0.0,FW_exact,exact,250.0,0.0027360916137695312,-9.229863720965914,0.023351243412125022,6.0
0.0,FW_exact,exact,251.0,0.002746105194091797,-9.229870097422195,0.02069176686189156,6.0
0.0,FW_exact,exact,252.0,0.0027561187744140625,-9.229885614167216,0.014187054665848464,6.0
0.0,FW_exact,exact,253.0,0.0027670860290527344,-9.229949668132086,0.016850833529186815,6.0
0.0,FW_exact,exact,254.0,0.002777099609375,-9.229986927750177,0.039251151790734795,6.0
0.0,FW_exact,exact,255.0,0.002788066864013672,-9.230018725391034,0.011846306762836711,6.0
0.0,FW_exact,exact,256.0,0.0027992725372314453,-9.230046114649756,0.03364394995402886,6.0
0.0,FW_exact,exact,257.0,0.0028090476989746094,-9.230065530671487,0.015874380760931395,6.0
0.0,FW_exact,exact,258.0,0.002820253372192383,-9.230133052257479,0.0173058955175156,6.0
0.0,FW_exact,exact,259.0,0.0028312206268310547,-9.230160667515452,0.03378288339554736,6.0
0.0,FW_exact,exact,260.0,0.0028421878814697266,-9.230175261505186,0.02254262292632614,6.0
0.0,FW_exact,exact,261.0,0.0028531551361083984,-9.230181206849958,0.019979804096895037,6.0
0.0,FW_exact,exact,262.0,0.002862215042114258,-9.230195671750435,0.013697386114788657,6.0
0.0,FW_exact,exact,263.0,0.0028731822967529297,-9.230255406980167,0.016270869334058524,6.0
0.0,FW_exact,exact,264.0,0.0028841495513916016,-9.230290168763599,0.0379107603851665,6.0
0.0,FW_exact,exact,265.0,0.0028951168060302734,-9.230319847293135,0.011444248129648393,6.0
0.0,FW_exact,exact,266.0,0.002905130386352539,-9.23034541392909,0.0325039394865021,6.0
0.0,FW_exact,exact,267.0,0.0029151439666748047,-9.230363538975377,0.015336995716080715,6.0
0.0,FW_exact,exact,268.0,0.0029261112213134766,-9.230426601397983,0.016722538311065627,6.0
0.0,FW_exact,exact,269.0,0.0029370784759521484,-9.230452402881514,0.03265328875877138,6.0
0.0,FW_exact,exact,270.0,0.0029480457305908203,-9.230466039062966,0.021789753185148086,6.0
0.0,FW_exact,exact,271.0,0.0029592514038085938,-9.230471596347423,0.019316533795310953,6.0
0.0,FW_exact,exact,272.0,0.0029680728912353516,-9.230485114843846,0.013241374760996294,6.0
0.0,FW_exact,exact,273.0,0.0029790401458740234,-9.230540961984826,0.015730655049684295,6.0
0.0,FW_exact,exact,274.0,0.002990245819091797,-9.230573473528878,0.03666148236576117,6.0
0.0,FW_exact,exact,275.0,0.0030012130737304688,-9.230601241801228,0.011069359160500447,6.0
0.0,FW_exact,exact,276.0,0.0030121803283691406,-9.230625165174281,0.03144082849857366,6.0
0.0,FW_exact,exact,277.0,0.0030210018157958984,-9.230642126256365,0.014835858908928579,6.0
0.0,FW_exact,exact,278.0,0.003032207489013672,-9.230701165205161,0.016178347174576224,6.0
0.0,FW_exact,exact,279.0,0.0030431747436523438,-9.230725329140062,0.031598904557760044,6.0
0.0,FW_exact,exact,280.0,0.0030541419982910156,-9.230738100528113,0.021086973495501482,6.0
0.0,FW_exact,exact,281.0,0.0030651092529296875,-9.230743307194825,0.018697058190262794,6.0
0.0,FW_exact,exact,282.0,0.003075122833251953,-9.230755970924172,0.012815612726568837,6.0
0.0,FW_exact,exact,283.0,0.0030851364135742188,-9.230808304534929,0.015226177336717939,6.0
0.0,FW_exact,exact,284.0,0.0030961036682128906,-9.230838781384337,0.035494196479614715,6.0
0.0,FW_exact,exact,285.0,0.0031070709228515625,-9.230864821367376,0.010718935120646478,6.0
0.0,FW_exact,exact,286.0,0.0031180381774902344,-9.230887257783529,0.03044697616703207,6.0
0.0,FW_exact,exact,287.0,0.0031280517578125,-9.230903165582838,0.014367365913031449,6.0
0.0,FW_exact,exact,288.0,0.0031380653381347656,-9.23095856112013,0.015669446835522294,6.0
0.0,FW_exact,exact,289.0,0.0031490325927734375,-9.230981241360057,0.030612351633827473,6.0
0.0,FW_exact,exact,290.0,0.003160238265991211,-9.230993229164387,0.020429371370850546,6.0
0.0,FW_exact,exact,291.0,0.003170013427734375,-9.230998117938263,0.018117120098046335,6.0
0.0,FW_exact,exact,292.0,0.0031800270080566406,-9.231010006939433,0.012417141449436286,6.0
0.0,FW_exact,exact,293.0,0.0031909942626953125,-9.231059154407289,0.014753950506261937,6.0
0.0,FW_exact,exact,294.0,0.003202199935913086,-9.23108778511988,0.03440097030216904,6.0
0.0,FW_exact,exact,295.0,0.00321197509765625,-9.231112256120305,0.010390621924504018,6.0
0.0,FW_exact,exact,296.0,0.0032231807708740234,-9.23113334244894,0.029515730316031608,6.0
0.0,FW_exact,exact,297.0,0.003233194351196289,-9.2311482938812,0.013928379363719046,6.0
0.0,FW_exact,exact,298.0,0.003244161605834961,-9.231200379115647,0.015192461569469629,6.0
0.0,FW_exact,exact,299.0,0.003255128860473633,-9.231221710610498,0.029687194026291053,6.0
0.0,FW_exact,exact,300.0,0.0032651424407958984,-9.231232986065603,0.019812662135856307,6.0
0.0,FW_exact,exact,301.0,0.0032761096954345703,-9.231237585679391,0.017573001023918344,6.0
0.0,FW_exact,exact,302.0,0.003286123275756836,-9.231248770186465,0.012043379540581434,6.0
0.0,FW_exact,exact,303.0,0.003297090530395508,-9.231295018985692,0.01431093203673317,6.0
0.0,FW_exact,exact,304.0,0.0033080577850341797,-9.231321969260124,0.0333748715658313,6.0
0.0,FW_exact,exact,305.0,0.0033190250396728516,-9.231345011371637,0.010082360769079202,6.0
0.0,FW_exact,exact,306.0,0.0033299922943115234,-9.231364867998657,0.02864127162002461,6.0
0.0,FW_exact,exact,307.0,0.003340005874633789,-9.231378948306713,0.0135161552007661,6.0
0.0,FW_exact,exact,308.0,0.0033512115478515625,-9.231428016483829,0.014744436739290379,6.0
0.0,FW_exact,exact,309.0,0.0033631324768066406,-9.231448118118728,0.02881779208093338,6.0
0.0,FW_exact,exact,310.0,0.0033740997314453125,-9.231458743981804,0.019233091148994852,6.0
0.0,FW_exact,exact,311.0,0.0033850669860839844,-9.231463079771084,0.017061438172484955,6.0
0.0,FW_exact,exact,312.0,0.00339508056640625,-9.231473621681893,0.011692064169358751,6.0
0.0,FW_exact,exact,313.0,0.0034050941467285156,-9.231517225324037,0.013894453888842584,6.0
0.0,FW_exact,exact,314.0,0.0034160614013671875,-9.23154264138824,0.03240981445499713,6.0
0.0,FW_exact,exact,315.0,0.0034270286560058594,-9.231564378325253,0.009792342978528268,6.0
0.0,FW_exact,exact,316.0,0.003438234329223633,-9.231583111580745,0.027818486483295324,6.0
0.0,FW_exact,exact,317.0,0.0034492015838623047,-9.23159639605457,0.0131282825237653,6.0
0.0,FW_exact,exact,318.0,0.0034592151641845703,-9.231642706392746,0.014322774733995125,6.0
0.0,FW_exact,exact,319.0,0.003469228744506836,-9.231661683327504,0.027999182289527802,6.0
0.0,FW_exact,exact,320.0,0.003480195999145508,-9.231671715112803,0.018687353821778885,6.0
0.0,FW_exact,exact,321.0,0.0034911632537841797,-9.231675809507102,0.01657955638648012,6.0
0.0,FW_exact,exact,322.0,0.0035021305084228516,-9.231685763594044,0.011361203097368211,6.0
0.0,FW_exact,exact,323.0,0.003512144088745117,-9.231726946538467,0.013502166265234372,6.0
0.0,FW_exact,exact,324.0,0.003522157669067383,-9.231750957949444,0.031500433512253956,6.0
0.0,FW_exact,exact,325.0,0.0035331249237060547,-9.231771499390879,0.009518972921995328,6.0
0.0,FW_exact,exact,326.0,0.0035440921783447266,-9.231789203557637,0.0270428626039374,6.0
0.0,FW_exact,exact,327.0,0.0035550594329833984,-9.231801758957188,0.012762634206479717,6.0
0.0,FW_exact,exact,328.0,0.003564119338989258,-9.231845541481816,0.013925182305962736,6.0
0.0,FW_exact,exact,329.0,0.0035750865936279297,-9.23186348709091,0.027226978336011065,6.0
0.0,FW_exact,exact,330.0,0.0035860538482666016,-9.231872974093301,0.01817252975548378,6.0
0.0,FW_exact,exact,331.0,0.0035970211029052734,-9.231876847024028,0.016124811966618857,6.0
0.0,FW_exact,exact,332.0,0.003608226776123047,-9.23188626193856,0.011049035163006593,6.0
0.0,FW_exact,exact,333.0,0.003618001937866211,-9.231925223670176,0.013131991253059638,6.0
0.0,FW_exact,exact,334.0,0.0036280155181884766,-9.231947945641553,0.030641979521130125,6.0
0.0,FW_exact,exact,335.0,0.0036389827728271484,-9.231967389181168,0.009260837364677421,6.0
0.0,FW_exact,exact,336.0,0.003650188446044922,-9.231984148166559,0.026310402622822693,6.0
0.0,FW_exact,exact,337.0,0.0036611557006835938,-9.231996033905865,0.012417326082140967,6.0
0.0,FW_exact,exact,338.0,0.0036711692810058594,-9.232037493477563,0.013549627001314235,6.0
0.0,FW_exact,exact,339.0,0.003681182861328125,-9.232054490968343,0.02649728909518778,6.0
0.0,FW_exact,exact,340.0,0.003692150115966797,-9.232063477117112,0.01768602816270004,6.0
0.0,FW_exact,exact,341.0,0.0037031173706054688,-9.232067146358279,0.015694946016685307,6.0
0.0,FW_exact,exact,342.0,0.0037140846252441406,-9.232076065469242,0.010753997523698544,6.0
0.0,FW_exact,exact,343.0,0.00372314453125,-9.232112983904294,0.012782084374558522,6.0
0.0,FW_exact,exact,344.0,0.003734111785888672,-9.232134519252424,0.029830233010240015,6.0
0.0,FW_exact,exact,345.0,0.0037450790405273438,-9.232152952031,0.009016679982851272,6.0
0.0,FW_exact,exact,346.0,0.0037560462951660156,-9.232168840766395,0.02561755229588769,6.0
0.0,FW_exact,exact,347.0,0.0037670135498046875,-9.232180109904665,0.012090683007208725,6.0
0.0,FW_exact,exact,348.0,0.003776073455810547,-9.232219429594679,0.013194300897234612,6.0
0.0,FW_exact,exact,349.0,0.0037870407104492188,-9.232235553364648,0.02580665027986928,6.0
0.0,FW_exact,exact,350.0,0.0037980079650878906,-9.232244077939637,0.01722554237376528,6.0
0.0,FW_exact,exact,351.0,0.0038089752197265625,-9.232247559394057,0.015287945477693299,6.0
0.0,FW_exact,exact,352.0,0.003820180892944336,-9.232256021491082,0.010474698340604327,6.0
0.0,FW_exact,exact,353.0,0.0038299560546875,-9.232291055837344,0.012450802510428183,6.0
0.0,FW_exact,exact,354.0,0.0038411617279052734,-9.232311496617227,0.029061431985047292,6.0
0.0,FW_exact,exact,355.0,0.003851175308227539,-9.232328996695745,0.008785380052615643,6.0
0.0,FW_exact,exact,356.0,0.003862142562866211,-9.232344082314237,0.024961140409712534,6.0
0.0,FW_exact,exact,357.0,0.0038721561431884766,-9.232354782389784,0.011781210483635896,6.0
0.0,FW_exact,exact,358.0,0.0038819313049316406,-9.232392126323347,0.012857590251112327,6.0
0.0,FW_exact,exact,359.0,0.003893136978149414,-9.232407443104483,0.025151967150174315,6.0
0.0,FW_exact,exact,360.0,0.0039031505584716797,-9.232415541339886,0.016789011706269008,6.0
0.0,FW_exact,exact,361.0,0.0039141178131103516,-9.232418849280755,0.014902010409259425,6.0
0.0,FW_exact,exact,362.0,0.003924131393432617,-9.232426889167598,0.010209893875974707,6.0
0.0,FW_exact,exact,363.0,0.003935098648071289,-9.232460182338652,0.01213667699294696,6.0
0.0,FW_exact,exact,364.0,0.003942966461181641,-9.232479611226111,0.028332211222029002,6.0
0.0,FW_exact,exact,365.0,0.0039539337158203125,-9.232496248746871,0.008565934533773856,6.0
0.0,FW_exact,exact,366.0,0.003964900970458984,-9.232510591579285,0.02433832825348059,6.0
0.0,FW_exact,exact,367.0,0.00397491455078125,-9.232520765314765,0.011487570802138691,6.0
0.0,FW_exact,exact,368.0,0.003985881805419922,-9.23255628107811,0.012538049963398912,6.0
0.0,FW_exact,exact,369.0,0.0039958953857421875,-9.232570850906434,0.02453046624526589,6.0
0.0,FW_exact,exact,370.0,0.004006147384643555,-9.232578554502368,0.016374589339640977,6.0
0.0,FW_exact,exact,371.0,0.00401616096496582,-9.232581701778189,0.014535526377602359,6.0
0.0,FW_exact,exact,372.0,0.004027128219604492,-9.23258935077564,0.009958469190705088,6.0
0.0,FW_exact,exact,373.0,0.0040378570556640625,-9.232621031438686,0.01183839091920813,6.0
0.0,FW_exact,exact,374.0,0.00404810905456543,-9.232639522903705,0.02763955101694826,6.0
0.0,FW_exact,exact,375.0,0.004056215286254883,-9.232655361076763,0.008357442932330983,6.0
0.0,FW_exact,exact,376.0,0.004065990447998047,-9.232669015498038,0.023746566914819134,6.0
0.0,FW_exact,exact,377.0,0.00407719612121582,-9.232678701399685,0.011208562885182793,6.0
0.0,FW_exact,exact,378.0,0.004088163375854492,-9.23271252208723,0.01223438198367699,6.0
0.0,FW_exact,exact,379.0,0.004098176956176758,-9.23272639912803,0.02393965451726121,6.0
0.0,FW_exact,exact,380.0,0.0041081905364990234,-9.232733736685999,0.015980615116425234,6.0
0.0,FW_exact,exact,381.0,0.0041179656982421875,-9.232736734895187,0.014187041041863857,6.0
0.0,FW_exact,exact,382.0,0.004129171371459961,-9.232744021269271,0.00971942179658214,6.0
0.0,FW_exact,exact,383.0,0.004140138626098633,-9.23277420559,0.011554759929547131,6.0
0.0,FW_exact,exact,384.0,0.0041501522064208984,-9.232791826897332,0.026980733708112936,6.0
0.0,FW_exact,exact,385.0,0.004160165786743164,-9.232806922842288,0.008159094450071791,6.0
0.0,FW_exact,exact,386.0,0.004171133041381836,-9.232819937993902,0.023183561017770415,6.0
0.0,FW_exact,exact,387.0,0.0041811466217041016,-9.232829170862953,0.010943105174958667,6.0
0.0,FW_exact,exact,388.0,0.0041921138763427734,-9.232861416826116,0.011945416965312816,6.0
0.0,FW_exact,exact,389.0,0.004203081130981445,-9.232874650079482,0.023377284572424273,6.0
0.0,FW_exact,exact,390.0,0.004212141036987305,-9.232881647474633,0.015605592408190816,6.0
0.0,FW_exact,exact,391.0,0.0042231082916259766,-9.232884507114933,0.013855244210870588,6.0
0.0,FW_exact,exact,392.0,0.004233121871948242,-9.232891456443161,0.009491847747117532,6.0
0.0,FW_exact,exact,393.0,0.004244089126586914,-9.232920249578939,0.011284715847127202,6.0
0.0,FW_exact,exact,394.0,0.004255056381225586,-9.232937061645003,0.026353306628594808,6.0
0.0,FW_exact,exact,395.0,0.0042650699615478516,-9.232951467112422,0.007970157026830016,6.0
0.0,FW_exact,exact,396.0,0.004275083541870117,-9.232963887521592,0.022647237793621322,6.0
0.0,FW_exact,exact,397.0,0.004286050796508789,-9.232972698892652,0.0106902210411981,6.0
0.0,FW_exact,exact,398.0,0.004297018051147461,-9.233003479240084,0.011670098610710333,6.0
0.0,FW_exact,exact,399.0,0.004307985305786133,-9.233016113146505,0.022841324977427746,6.0
0.0,FW_exact,exact,400.0,0.0043179988861083984,-9.23302279384722,0.015248168352425928,6.0
0.0,FW_exact,exact,401.0,0.004330158233642578,-9.233025524444106,0.013538950783187786,6.0
0.0,FW_exact,exact,402.0,0.004339933395385742,-9.233032159929934,0.009274929751486027,6.0
0.0,FW_exact,exact,403.0,0.004351139068603516,-9.23305965731284,0.011027292692277868,6.0
0.0,FW_exact,exact,404.0,0.0043621063232421875,-9.233075715442567,0.02575505040174786,6.0
0.0,FW_exact,exact,405.0,0.004370927810668945,-9.23308947743467,0.007789967957041455,6.0
0.0,FW_exact,exact,406.0,0.004381895065307617,-9.233101343547245,0.022135720588893015,6.0
0.0,FW_exact,exact,407.0,0.004393100738525391,-9.233109762065512,0.010449026284844898,6.0
0.0,FW_exact,exact,408.0,0.0044040679931640625,-9.233139175955102,0.011407470256426855,6.0
0.0,FW_exact,exact,409.0,0.004415035247802734,-9.233151250917425,0.02232993478771661,6.0
0.0,FW_exact,exact,410.0,0.004425048828125,-9.233157636260739,0.014907116899342654,6.0
0.0,FW_exact,exact,411.0,0.004436016082763672,-9.233160246478143,0.013237086094622263,6.0
0.0,FW_exact,exact,412.0,0.004446983337402344,-9.23316658922212,0.009067926975395935,6.0
0.0,FW_exact,exact,413.0,0.004456996917724609,-9.233192877665678,0.010781614677795481,6.0
0.0,FW_exact,exact,414.0,0.004467964172363281,-9.233208232188511,0.02518395169971832,6.0
0.0,FW_exact,exact,415.0,0.004477977752685547,-9.233221393495299,0.0076179258221920065,6.0
0.0,FW_exact,exact,416.0,0.004488945007324219,-9.23323274213608,0.02164730608320653,6.0
0.0,FW_exact,exact,417.0,0.004498958587646484,-9.233240793883187,0.01021871839355537,6.0
0.0,FW_exact,exact,418.0,0.004509925842285156,-9.23326893163904,0.011156663331831851,6.0
0.0,FW_exact,exact,419.0,0.00452113151550293,-9.233280484473925,0.02184144161170387,6.0
0.0,FW_exact,exact,420.0,0.004530906677246094,-9.233286593903776,0.014581324211841995,6.0
0.0,FW_exact,exact,421.0,0.004542112350463867,-9.233289091639966,0.01294867328494842,6.0
0.0,FW_exact,exact,422.0,0.004551887512207031,-9.233295160874334,0.008870166255140255,6.0
0.0,FW_exact,exact,423.0,0.004563093185424805,-9.233320319531693,0.01054688586432917,6.0
0.0,FW_exact,exact,424.0,0.0045740604400634766,-9.233335016352582,0.024638179746470534,6.0
0.0,FW_exact,exact,425.0,0.004584074020385742,-9.233347616016538,0.007453483528101934,6.0
0.0,FW_exact,exact,426.0,0.004595041275024414,-9.233358480788365,0.02118044462286761,6.0
0.0,FW_exact,exact,427.0,0.004606008529663086,-9.233366189564894,0.009998567268087122,6.0
0.0,FW_exact,exact,428.0,0.0046160221099853516,-9.233393133646329,0.010916887392066421,6.0
0.0,FW_exact,exact,429.0,0.0046269893646240234,-9.233404197976188,0.02137432264950334,6.0
0.0,FW_exact,exact,430.0,0.004637002944946289,-9.233410049250256,0.014269776045138016,6.0
0.0,FW_exact,exact,431.0,0.004647970199584961,-9.233412441721127,0.012672822365765057,6.0
0.0,FW_exact,exact,432.0,0.0046579837799072266,-9.233418255013527,0.008681034500831686,6.0
0.0,FW_exact,exact,433.0,0.0046689510345458984,-9.233442356209926,0.01032238121329243,6.0
0.0,FW_exact,exact,434.0,0.00467991828918457,-9.233456437288325,0.02411606597676652,6.0
0.0,FW_exact,exact,435.0,0.004689931869506836,-9.233468511008626,0.007296142273992778,6.0
0.0,FW_exact,exact,436.0,0.0046999454498291016,-9.233478922639561,0.02073372318281841,6.0
0.0,FW_exact,exact,437.0,0.0047109127044677734,-9.233486310210786,0.009787907189187095,6.0
0.0,FW_exact,exact,438.0,0.004721879959106445,-9.2335121360559,0.010687421479629755,6.0
0.0,FW_exact,exact,439.0,0.004733085632324219,-9.233522742650264,0.020927188244741934,6.0
0.0,FW_exact,exact,440.0,0.0047419071197509766,-9.233528352020107,0.013971546798784651,6.0
0.0,FW_exact,exact,441.0,0.0047528743743896484,-9.233530645831776,0.012408720727465905,6.0
0.0,FW_exact,exact,442.0,0.004764080047607422,-9.233536219262763,0.00849997210466924,6.0
0.0,FW_exact,exact,443.0,0.0047740936279296875,-9.233559329221213,0.010107438821215453,6.0
0.0,FW_exact,exact,444.0,0.004785060882568359,-9.233572832988841,0.023616086365880307,6.0
0.0,FW_exact,exact,445.0,0.0047953128814697266,-9.233584413474096,0.007145446310616421,6.0
0.0,FW_exact,exact,446.0,0.004805088043212891,-9.233594400120438,0.02030585055489631,6.0
0.0,FW_exact,exact,447.0,0.004821062088012695,-9.23360148643081,0.009586129835019719,6.0
0.0,FW_exact,exact,448.0,0.004830121994018555,-9.233626263193205,0.010467606611816116,6.0
0.0,FW_exact,exact,449.0,0.0048410892486572266,-9.233636440267002,0.020498767568112974,6.0
0.0,FW_exact,exact,450.0,0.004848957061767578,-9.233641822635494,0.013685789987500918,6.0
0.0,FW_exact,exact,451.0,0.00485992431640625,-9.23364402384778,0.012155624868576353,6.0
0.0,FW_exact,exact,452.0,0.004870891571044922,-9.233649372165958,0.008326467201923649,6.0
0.0,FW_exact,exact,453.0,0.0048809051513671875,-9.233671551641812,0.0099014531569237,6.0
0.0,FW_exact,exact,454.0,0.004891872406005859,-9.233684513368202,0.023136846028726232,6.0
0.0,FW_exact,exact,455.0,0.0049021244049072266,-9.23369563064523,0.007000978369235966,6.0
0.0,FW_exact,exact,456.0,0.004912853240966797,-9.233705218156793,0.01989564442930991,6.0
0.0,FW_exact,exact,457.0,0.00492405891418457,-9.23371202151773,0.00939267819175349,6.0
0.0,FW_exact,exact,458.0,0.004935026168823242,-9.23373581271191,0.010256839225978531,6.0
0.0,FW_exact,exact,459.0,0.0049440860748291016,-9.233745586186924,0.020087896116276482,6.0
0.0,FW_exact,exact,460.0,0.004955291748046875,-9.233750755246241,0.013411729920081328,6.0
0.0,FW_exact,exact,461.0,0.004965066909790039,-9.233752869428342,0.011912853167215687,6.0
0.0,FW_exact,exact,462.0,0.004975080490112305,-9.233758006186385,0.008160050658339912,6.0
0.0,FW_exact,exact,463.0,0.00498509407043457,-9.233779311023941,0.009703869153169897,6.0
0.0,FW_exact,exact,464.0,0.004996061325073242,-9.233791763137216,0.02267706575434758,6.0
0.0,FW_exact,exact,465.0,0.0050051212310791016,-9.233802444822153,0.0068623556630775795,6.0
0.0,FW_exact,exact,466.0,0.005015134811401367,-9.233811656975238,0.0195020200920748,6.0
0.0,FW_exact,exact,467.0,0.005026102066040039,-9.233818194230023,0.009207041226399149,6.0
0.0,FW_exact,exact,468.0,0.0050351619720458984,-9.23384105829846,0.010054565442671581,6.0
0.0,FW_exact,exact,469.0,0.00504612922668457,-9.233850452033153,0.019693504762337,6.0
0.0,FW_exact,exact,470.0,0.005056142807006836,-9.23385542038607,0.01314865441096913,6.0
0.0,FW_exact,exact,471.0,0.0050661563873291016,-9.23385745266553,0.011679779544278013,6.0
0.0,FW_exact,exact,472.0,0.005075931549072266,-9.233862390339793,0.008000291678548876,6.0
0.0,FW_exact,exact,473.0,0.005087137222290039,-9.233882871961942,0.009514177028993487,6.0
0.0,FW_exact,exact,474.0,0.005095958709716797,-9.233894844331136,0.02223557019712974,6.0
0.0,FW_exact,exact,475.0,0.0051059722900390625,-9.233905115868156,0.006729226379105668,6.0
0.0,FW_exact,exact,476.0,0.005116939544677734,-9.233913974570692,0.019123980506750016,6.0
0.0,FW_exact,exact,477.0,0.005125999450683594,-9.233920261239682,0.00902874921250163,6.0
0.0,FW_exact,exact,478.0,0.005136966705322266,-9.233942252052472,0.009860276029688642,6.0
0.0,FW_exact,exact,479.0,0.005147218704223633,-9.233951288044583,0.019314610137129762,6.0
0.0,FW_exact,exact,480.0,0.0051572322845458984,-9.233956067311404,0.012895908377510423,6.0
0.0,FW_exact,exact,481.0,0.005167245864868164,-9.233958022417314,0.01145582789224786,6.0
0.0,FW_exact,exact,482.0,0.005178213119506836,-9.233962772513284,0.007846793947273056,6.0
0.0,FW_exact,exact,483.0,0.005187034606933594,-9.233982478353411,0.009331907739234424,6.0
0.0,FW_exact,exact,484.0,0.005197048187255859,-9.233993998537626,0.02181127749112921,6.0
0.0,FW_exact,exact,485.0,0.005208015441894531,-9.234003883409702,0.006601266591187205,6.0
0.0,FW_exact,exact,486.0,0.005219221115112305,-9.234012408882386,0.018760607586159495,6.0
0.0,FW_exact,exact,487.0,0.0052280426025390625,-9.234018459291242,0.00885736961698047,6.0
0.0,FW_exact,exact,488.0,0.005239009857177734,-9.234039626587563,0.009673501968851639,6.0
0.0,FW_exact,exact,489.0,0.005250215530395508,-9.23404832515317,0.018950306155948837,6.0
0.0,FW_exact,exact,490.0,0.00526118278503418,-9.234052926066251,0.012652888199537138,6.0
0.0,FW_exact,exact,491.0,0.005271196365356445,-9.234054808367448,0.011240467163698753,6.0
0.0,FW_exact,exact,492.0,0.005280971527099609,-9.234059381512994,0.0076991922292242165,6.0
0.0,FW_exact,exact,493.0,0.005292177200317383,-9.234078355396985,0.009156628963995495,6.0
0.0,FW_exact,exact,494.0,0.005303144454956055,-9.234089448865852,0.021403190090632407,6.0
0.0,FW_exact,exact,495.0,0.00531315803527832,-9.234098968781325,0.006478177536547669,6.0
0.0,FW_exact,exact,496.0,0.005324125289916992,-9.234107179718007,0.018411054490156786,6.0
0.0,FW_exact,exact,497.0,0.005334138870239258,-9.234113007111219,0.008692503470737023,6.0
0.0,FW_exact,exact,498.0,0.00534510612487793,-9.234133396890332,0.009493810542687164,6.0
0.0,FW_exact,exact,499.0,0.005355119705200195,-9.234141776822554,0.01859975653404433,6.0
0.0,AFW_diminishing,diminishing,0.0,2.09808349609375e-05,1.0680825165868653,143.21353086033926,1.0
0.0,AFW_diminishing,diminishing,1.0,3.933906555175781e-05,11.198498432683534,48.81332961895212,2.0
0.0,AFW_diminishing,diminishing,2.0,5.507469177246094e-05,-4.534868440880986,52.80305157816141,2.0
0.0,AFW_diminishing,diminishing,3.0,7.033348083496094e-05,-1.7594131013892933,9.846556325532152,2.0
0.0,AFW_diminishing,diminishing,4.0,8.225440979003906e-05,-3.66985122130981,33.6107696589772,2.0
0.0,AFW_diminishing,diminishing,5.0,9.608268737792969e-05,-4.85404619761773,10.800243519207655,2.0
0.0,AFW_diminishing,diminishing,6.0,0.00010800361633300781,-6.479297095768386,12.797945268036768,3.0
0.0,AFW_diminishing,diminishing,7.0,0.00011920928955078125,-7.721256852395811,6.711569496825206,4.0
0.0,AFW_diminishing,diminishing,8.0,0.00013208389282226562,-7.768400470603984,3.655512601166947,3.0
0.0,AFW_diminishing,diminishing,9.0,0.00014519691467285156,-6.9488836455870295,6.94359992247146,4.0
0.0,AFW_diminishing,diminishing,10.0,0.00015616416931152344,-7.953894302761043,5.149171882241302,4.0
0.0,AFW_diminishing,diminishing,11.0,0.00016617774963378906,-8.47209066492039,3.9471275773468975,4.0
0.0,AFW_diminishing,diminishing,12.0,0.0001761913299560547,-8.754296686985493,2.3602828029208247,4.0
0.0,AFW_diminishing,diminishing,13.0,0.00018835067749023438,-8.798375182144905,1.8893863123913768,3.0
0.0,AFW_diminishing,diminishing,14.0,0.00019931793212890625,-8.870167083944052,1.8350679533860212,4.0
0.0,AFW_diminishing,diminishing,15.0,0.00020813941955566406,-8.98450497738751,1.6239902543054168,4.0
0.0,AFW_diminishing,diminishing,16.0,0.00021910667419433594,-8.976371561161711,0.7630117467006228,4.0
0.0,AFW_diminishing,diminishing,17.0,0.00023031234741210938,-8.974718536099608,1.9250542688693244,4.0
0.0,AFW_diminishing,diminishing,18.0,0.000240325927734375,-9.002170622758957,0.7604362562991618,4.0
0.0,AFW_diminishing,diminishing,19.0,0.00025010108947753906,-9.08746506198886,1.3216243373060408,4.0
0.0,AFW_diminishing,diminishing,20.0,0.0002613067626953125,-9.156860320641428,0.8204136534857209,4.0
0.0,AFW_diminishing,diminishing,21.0,0.0002701282501220703,-9.11845862638626,0.6004172804916532,4.0
0.0,AFW_diminishing,diminishing,22.0,0.0002810955047607422,-9.15328700505162,1.9699563991163735,4.0
0.0,AFW_diminishing,diminishing,23.0,0.0002923011779785156,-9.136295771351266,0.6138441502713148,4.0
0.0,AFW_diminishing,diminishing,24.0,0.00030112266540527344,-9.149940170214679,1.5814978679458331,4.0
0.0,AFW_diminishing,diminishing,25.0,0.0003120899200439453,-9.148479399203868,0.6258518679913925,4.0
0.0,AFW_diminishing,diminishing,26.0,0.00032210350036621094,-9.146835606704869,1.2586208696524892,4.0
0.0,AFW_diminishing,diminishing,27.0,0.00033211708068847656,-9.156799877374244,0.6366158933363169,4.0
0.0,AFW_diminishing,diminishing,28.0,0.00034308433532714844,-9.143968885204691,0.9861144196647569,4.0
0.0,AFW_diminishing,diminishing,29.0,0.00035309791564941406,-9.162426060330121,0.6462969148852746,4.0
0.0,AFW_diminishing,diminishing,30.0,0.00036215782165527344,-9.14132636537884,0.7531119592589555,4.0
0.0,AFW_diminishing,diminishing,31.0,0.0003750324249267578,-9.166141723797768,0.6550360857670015,4.0
0.0,AFW_diminishing,diminishing,32.0,0.0003840923309326172,-9.171860437404149,0.5516492996413636,4.0
0.0,AFW_diminishing,diminishing,33.0,0.0003941059112548828,-9.208748201521914,0.8768187097887576,5.0
0.0,AFW_diminishing,diminishing,34.0,0.00040411949157714844,-9.214304775439002,0.3905814323710981,5.0
0.0,AFW_diminishing,diminishing,35.0,0.0004150867462158203,-9.204366150995137,0.40535892467404366,4.0
0.0,AFW_diminishing,diminishing,36.0,0.00042510032653808594,-9.21240762389218,1.091284061272738,5.0
0.0,AFW_diminishing,diminishing,37.0,0.0004353523254394531,-9.208492029761977,0.41404766881723454,5.0
0.0,AFW_diminishing,diminishing,38.0,0.000446319580078125,-9.211427017787388,0.9430664461057532,5.0
0.0,AFW_diminishing,diminishing,39.0,0.0004551410675048828,-9.211705529842305,0.4183276257175663,5.0
0.0,AFW_diminishing,diminishing,40.0,0.00046634674072265625,-9.210494470240441,0.8106701740751188,5.0
0.0,AFW_diminishing,diminishing,41.0,0.0004773139953613281,-9.214204989798116,0.4222906326745237,5.0
0.0,AFW_diminishing,diminishing,42.0,0.00048613548278808594,-9.209609328529572,0.691699055804941,5.0
0.0,AFW_diminishing,diminishing,43.0,0.0004973411560058594,-9.216140885198797,0.42597719928593225,5.0
0.0,AFW_diminishing,diminishing,44.0,0.0005071163177490234,-9.208770071855938,0.5842161755867172,5.0
0.0,AFW_diminishing,diminishing,45.0,0.0005171298980712891,-9.217628687604282,0.43488013113314494,5.0
0.0,AFW_diminishing,diminishing,46.0,0.0005271434783935547,-9.207974688170951,0.4866391413081743,5.0
0.0,AFW_diminishing,diminishing,47.0,0.0005381107330322266,-9.218757920868601,0.44309328212806154,5.0
0.0,AFW_diminishing,diminishing,48.0,0.0005471706390380859,-9.207220915411753,0.39766269776760144,5.0
0.0,AFW_diminishing,diminishing,49.0,0.0005581378936767578,-9.219598637550657,0.4506934205814117,5.0
0.0,AFW_diminishing,diminishing,50.0,0.0005681514739990234,-9.227423009273778,0.3403057774170666,5.0
0.0,AFW_diminishing,diminishing,51.0,0.0005781650543212891,-9.232211429868409,0.3733245119036921,5.0
0.0,AFW_diminishing,diminishing,52.0,0.0005891323089599609,-9.23813858421636,0.29045682548350893,5.0
0.0,AFW_diminishing,diminishing,53.0,0.0006000995635986328,-9.232931640307605,0.17935117092946395,5.0
0.0,AFW_diminishing,diminishing,54.0,0.0006091594696044922,-9.238454309141693,0.21453708667761262,5.0
0.0,AFW_diminishing,diminishing,55.0,0.0006201267242431641,-9.232647205417331,0.14451102128883164,5.0
0.0,AFW_diminishing,diminishing,56.0,0.0006310939788818359,-9.238687477637919,0.2198942200148588,5.0
0.0,AFW_diminishing,diminishing,57.0,0.0006401538848876953,-9.232376229955028,0.11223659501798089,5.0
0.0,AFW_diminishing,diminishing,58.0,0.0006511211395263672,-9.238852419459842,0.22489980645842778,5.0
0.0,AFW_diminishing,diminishing,59.0,0.0006620883941650391,-9.232117944140853,0.08225510272478243,5.0
0.0,AFW_diminishing,diminishing,60.0,0.0006721019744873047,-9.238960832312806,0.229587316194654,5.0
0.0,AFW_diminishing,diminishing,61.0,0.0006830692291259766,-9.231871607816807,0.05433103614979018,5.0
0.0,AFW_diminishing,diminishing,62.0,0.0006930828094482422,-9.239022315327368,0.23398610548345822,5.0
0.0,AFW_diminishing,diminishing,63.0,0.0007023811340332031,-9.231636516048244,0.028260019148048876,5.0
0.0,AFW_diminishing,diminishing,64.0,0.0007123947143554688,-9.23904478334552,0.23812202925263737,5.0
0.0,AFW_diminishing,diminishing,65.0,0.0007233619689941406,-9.230689743497638,0.025090909316694443,5.0
0.0,AFW_diminishing,diminishing,66.0,0.0007340908050537109,-9.239030960193787,0.6042793563888296,5.0
0.0,AFW_diminishing,diminishing,67.0,0.0007450580596923828,-9.231444649936435,0.022379668183408086,5.0
0.0,AFW_diminishing,diminishing,68.0,0.00075531005859375,-9.239014298004552,0.5756572367637167,5.0
0.0,AFW_diminishing,diminishing,69.0,0.0007662773132324219,-9.232123758477492,0.019830612978648965,5.0
0.0,AFW_diminishing,diminishing,70.0,0.0007762908935546875,-9.238995327374964,0.5487359876053741,5.0
0.0,AFW_diminishing,diminishing,71.0,0.0007872581481933594,-9.232736031708452,0.017429640187001993,5.0
0.0,AFW_diminishing,diminishing,72.0,0.0007979869842529297,-9.238974490614424,0.5233685775159094,5.0
0.0,AFW_diminishing,diminishing,73.0,0.0008082389831542969,-9.233289184955579,0.015440359524153457,5.0
0.0,AFW_diminishing,diminishing,74.0,0.0008172988891601562,-9.238952157323514,0.4994244270496404,5.0
0.0,AFW_diminishing,diminishing,75.0,0.0008273124694824219,-9.233789886056126,0.020464533755745862,5.0
0.0,AFW_diminishing,diminishing,76.0,0.0008392333984375,-9.238928636982234,0.47678717266454473,5.0
0.0,AFW_diminishing,diminishing,77.0,0.0008502006530761719,-9.234243919051092,0.02523572272142527,5.0
0.0,AFW_diminishing,diminishing,78.0,0.0008611679077148438,-9.238904189172258,0.4553527853718302,5.0
0.0,AFW_diminishing,diminishing,79.0,0.0008702278137207031,-9.234656319024499,0.029772559210334393,5.0
0.0,AFW_diminishing,diminishing,80.0,0.000881195068359375,-9.238879031916756,0.43502798018738265,5.0
0.0,AFW_diminishing,diminishing,81.0,0.0008921623229980469,-9.235031483731412,0.034091890645471246,5.0
0.0,AFW_diminishing,diminishing,82.0,0.0009033679962158203,-9.238853348514365,0.4157288653036133,5.0
0.0,AFW_diminishing,diminishing,83.0,0.0009131431579589844,-9.235373266449331,0.03820898785419402,5.0
0.0,AFW_diminishing,diminishing,84.0,0.00092315673828125,-9.238827293162478,0.3973797898963971,5.0
0.0,AFW_diminishing,diminishing,85.0,0.0009341239929199219,-9.235685053559518,0.04213772522218484,5.0
0.0,AFW_diminishing,diminishing,86.0,0.0009441375732421875,-9.238800995602439,0.3799123573312171,5.0
0.0,AFW_diminishing,diminishing,87.0,0.0009553432464599609,-9.235969829647363,0.04589073670356214,5.0
0.0,AFW_diminishing,diminishing,88.0,0.0009663105010986328,-9.238774564970882,0.3632645767354852,5.0
0.0,AFW_diminishing,diminishing,89.0,0.0009751319885253906,-9.236230232352522,0.04947955137858351,5.0
0.0,AFW_diminishing,diminishing,90.0,0.0009860992431640625,-9.23874809300405,0.3473801308349085,5.0
0.0,AFW_diminishing,diminishing,91.0,0.000997304916381836,-9.2364685987624,0.05291471161929273,5.0
0.0,AFW_diminishing,diminishing,92.0,0.0010082721710205078,-9.238721656712501,0.33220774189403635,5.0
0.0,AFW_diminishing,diminishing,93.0,0.001020193099975586,-9.236687004798293,0.0562058764112594,5.0
0.0,AFW_diminishing,diminishing,94.0,0.0010292530059814453,-9.238695320620693,0.31770062077011296,5.0
0.0,AFW_diminishing,diminishing,95.0,0.0010402202606201172,-9.236887298771023,0.05936191196170881,5.0
0.0,AFW_diminishing,diminishing,96.0,0.0010502338409423828,-9.23866913864767,0.30381598664968834,5.0
0.0,AFW_diminishing,diminishing,97.0,0.0010612010955810547,-9.237071130065916,0.06239097138206873,5.0
0.0,AFW_diminishing,diminishing,98.0,0.0010721683502197266,-9.23864315569074,0.2905146471165745,5.0
0.0,AFW_diminishing,diminishing,99.0,0.001081228256225586,-9.23723997374356,0.06530056495126768,5.0
0.0,AFW_diminishing,diminishing,100.0,0.0010921955108642578,-9.238617408962496,0.27776062989568473,5.0
0.0,AFW_diminishing,diminishing,101.0,0.0011031627655029297,-9.23739515170333,0.06809762223346638,5.0
0.0,AFW_diminishing,diminishing,102.0,0.0011141300201416016,-9.238591929122364,0.26552085900724176,5.0
0.0,AFW_diminishing,diminishing,103.0,0.0011241436004638672,-9.237537850944019,0.07078854713076499,5.0
0.0,AFW_diminishing,diminishing,104.0,0.0011341571807861328,-9.238566741236424,0.2537648692096024,5.0
0.0,AFW_diminishing,diminishing,105.0,0.0011451244354248047,-9.237669139364797,0.0733792667907398,5.0
0.0,AFW_diminishing,diminishing,106.0,0.0011551380157470703,-9.238541865593337,0.2424645535542913,5.0
0.0,AFW_diminishing,diminishing,107.0,0.0011661052703857422,-9.237789979475176,0.07587527515433568,5.0
0.0,AFW_diminishing,diminishing,108.0,0.001177072525024414,-9.238517318399353,0.23159393966102293,5.0
0.0,AFW_diminishing,diminishing,109.0,0.0011870861053466797,-9.237901240322095,0.07828167181691192,5.0
0.0,AFW_diminishing,diminishing,110.0,0.0011980533599853516,-9.238493112371405,0.22112899097368288,5.0
0.0,AFW_diminishing,diminishing,111.0,0.001209259033203125,-9.238003707892178,0.08060319678046302,5.0
0.0,AFW_diminishing,diminishing,112.0,0.0012192726135253906,-9.238469257244146,0.211047429804065,5.0
0.0,AFW_diminishing,diminishing,113.0,0.0012302398681640625,-9.238098094206284,0.08284426159500136,5.0
0.0,AFW_diminishing,diminishing,114.0,0.0012402534484863281,-9.238445760204087,0.2013285794281332,5.0
0.0,AFW_diminishing,diminishing,115.0,0.001251220703125,-9.23818504528935,0.08500897731927637,5.0
0.0,AFW_diminishing,diminishing,116.0,0.0012621879577636719,-9.238422626261901,0.19195322288488992,5.0
0.0,AFW_diminishing,diminishing,117.0,0.0012722015380859375,-9.238265148170457,0.08710117967342335,5.0
0.0,AFW_diminishing,diminishing,118.0,0.0012831687927246094,-9.23839985857212,0.18290347645327287,5.0
0.0,AFW_diminishing,diminishing,119.0,0.001293182373046875,-9.238338937044485,0.08912445170710814,5.0
0.0,AFW_diminishing,diminishing,120.0,0.0013041496276855469,-9.238377458707978,0.17416267605811697,5.0
0.0,AFW_diminishing,diminishing,121.0,0.0013141632080078125,-9.238406898707273,0.09108214426478156,5.0
0.0,AFW_diminishing,diminishing,122.0,0.0013251304626464844,-9.238355426898014,0.16571527509027373,5.0
0.0,AFW_diminishing,diminishing,123.0,0.0013360977172851562,-9.238469477359569,0.09297739449379883,5.0
0.0,AFW_diminishing,diminishing,124.0,0.0013451576232910156,-9.238333762229873,0.15754675232541437,5.0
0.0,AFW_diminishing,diminishing,125.0,0.0013561248779296875,-9.238527078861535,0.09481314261031404,5.0
0.0,AFW_diminishing,diminishing,126.0,0.0013670921325683594,-9.238312462826068,0.1496435287964708,5.0
0.0,AFW_diminishing,diminishing,127.0,0.0013780593872070312,-9.23858007450769,0.09659214711127095,5.0
0.0,AFW_diminishing,diminishing,128.0,0.001390218734741211,-9.238291525995647,0.14199289262055448,5.0
0.0,AFW_diminishing,diminishing,129.0,0.0013990402221679688,-9.238628804382573,0.09831699859797549,5.0
0.0,AFW_diminishing,diminishing,130.0,0.0014102458953857422,-9.238270948365116,0.1345829309066744,5.0
0.0,AFW_diminishing,diminishing,131.0,0.001421213150024414,-9.238673580348957,0.09999013235684018,5.0
0.0,AFW_diminishing,diminishing,132.0,0.001432180404663086,-9.23825072599156,0.12740246797840094,5.0
0.0,AFW_diminishing,diminishing,133.0,0.0014431476593017578,-9.238714688713426,0.10161383982570715,5.0
0.0,AFW_diminishing,diminishing,134.0,0.0014531612396240234,-9.238230854460333,0.12044100923890255,5.0
0.0,AFW_diminishing,diminishing,135.0,0.0014641284942626953,-9.23875239260811,0.10319027905926781,5.0
0.0,AFW_diminishing,diminishing,136.0,0.0014750957489013672,-9.238211328969518,0.1136886900863443,5.0
0.0,AFW_diminishing,diminishing,137.0,0.0014872550964355469,-9.238786934122247,0.10472148429400896,5.0
0.0,AFW_diminishing,diminishing,138.0,0.0014982223510742188,-9.238192144402852,0.10713622935756817,5.0
0.0,AFW_diminishing,diminishing,139.0,0.0015082359313964844,-9.23881853621285,0.10620937470178671,5.0
0.0,AFW_diminishing,diminishing,140.0,0.0015192031860351562,-9.238173295392762,0.10077488683874058,5.0
0.0,AFW_diminishing,diminishing,141.0,0.0015301704406738281,-9.238847404419907,0.10765576241122421,5.0
0.0,AFW_diminishing,diminishing,142.0,0.0015411376953125,-9.238154776374738,0.09459642443454985,5.0
0.0,AFW_diminishing,diminishing,143.0,0.0015521049499511719,-9.238873728408436,0.10906235986737389,5.0
0.0,AFW_diminishing,diminishing,144.0,0.0015611648559570312,-9.238136581634302,0.08859307063379784,5.0
0.0,AFW_diminishing,diminishing,145.0,0.0015721321105957031,-9.238897683356864,0.11043078659245964,5.0
0.0,AFW_diminishing,diminishing,146.0,0.001583099365234375,-9.236969850190684,0.08275748794951543,5.0
0.0,AFW_diminishing,diminishing,147.0,0.0015943050384521484,-9.238890027032241,0.3732000898112009,5.0
0.0,AFW_diminishing,diminishing,148.0,0.0016052722930908203,-9.237068802446124,0.08405381214310559,5.0
0.0,AFW_diminishing,diminishing,149.0,0.001615285873413086,-9.238882309741609,0.36389649663928747,5.0
0.0,AFW_diminishing,diminishing,150.0,0.0016262531280517578,-9.237162759406763,0.08531632418806723,5.0
0.0,AFW_diminishing,diminishing,151.0,0.0016372203826904297,-9.238874544084988,0.3548441043526305,5.0
0.0,AFW_diminishing,diminishing,152.0,0.0016472339630126953,-9.237252008849254,0.08654632963262987,5.0
0.0,AFW_diminishing,diminishing,153.0,0.0016582012176513672,-9.238866741491936,0.346032878170651,5.0
0.0,AFW_diminishing,diminishing,154.0,0.0016682147979736328,-9.237336819016107,0.08774506768214074,5.0
0.0,AFW_diminishing,diminishing,155.0,0.0016791820526123047,-9.238858912328833,0.33745331059921213,5.0
0.0,AFW_diminishing,diminishing,156.0,0.0016891956329345703,-9.237417440154292,0.08891371535931292,5.0
0.0,AFW_diminishing,diminishing,157.0,0.0017001628875732422,-9.238851065995586,0.32909638725677404,5.0
0.0,AFW_diminishing,diminishing,158.0,0.0017101764678955078,-9.237494105915735,0.09005339135536516,5.0
0.0,AFW_diminishing,diminishing,159.0,0.0017201900482177734,-9.23884321101295,0.32095355532357583,5.0
0.0,AFW_diminishing,diminishing,160.0,0.0017311573028564453,-9.23756703463368,0.09116515959852745,5.0
0.0,AFW_diminishing,diminishing,161.0,0.0017421245574951172,-9.238835355101447,0.31301669438198143,5.0
0.0,AFW_diminishing,diminishing,162.0,0.0017621517181396484,-9.237636430487216,0.09225003256377295,5.0
0.0,AFW_diminishing,diminishing,163.0,0.0017852783203125,-9.23882750525272,0.3052780894392795,5.0
0.0,AFW_diminishing,diminishing,164.0,0.0018002986907958984,-9.23770248456497,0.09330897434546959,5.0
0.0,AFW_diminishing,diminishing,165.0,0.001811981201171875,-9.238819667794171,0.2977304059447574,5.0
0.0,AFW_diminishing,diminishing,166.0,0.0018241405487060547,-9.237765375837759,0.09434290351246055,5.0
0.0,AFW_diminishing,diminishing,167.0,0.0018351078033447266,-9.23881184844751,0.2903666666311695,5.0
0.0,AFW_diminishing,diminishing,168.0,0.0018470287322998047,-9.237825272048891,0.09535269576337324,5.0
0.0,AFW_diminishing,diminishing,169.0,0.0018551349639892578,-9.238804052381871,0.2831802300271109,5.0
0.0,AFW_diminishing,diminishing,170.0,0.0018661022186279297,-9.237882330530041,0.09633918639825723,5.0
0.0,AFW_diminishing,diminishing,171.0,0.0018770694732666016,-9.238796284262042,0.2761647705013086,5.0
0.0,AFW_diminishing,diminishing,172.0,0.0018892288208007812,-9.237936698949541,0.09730317262121346,5.0
0.0,AFW_diminishing,diminishing,173.0,0.0019011497497558594,-9.238788548292252,0.26931425971299294,5.0
0.0,AFW_diminishing,diminishing,174.0,0.0019102096557617188,-9.237988515999476,0.09824541568732137,5.0
0.0,AFW_diminishing,diminishing,175.0,0.0019211769104003906,-9.238780848256033,0.26262294935407215,5.0
0.0,AFW_diminishing,diminishing,176.0,0.0019321441650390625,-9.238037912027147,0.09916664290603538,5.0
0.0,AFW_diminishing,diminishing,177.0,0.0019421577453613281,-9.238773187552432,0.25608535507943664,5.0
0.0,AFW_diminishing,diminishing,178.0,0.001953125,-9.23808500961594,0.10006754951209995,5.0
0.0,AFW_diminishing,diminishing,179.0,0.0019631385803222656,-9.23876556922906,0.24969624153103087,5.0
0.0,AFW_diminishing,diminishing,180.0,0.0019741058349609375,-9.238129924120193,0.10094880041410015,5.0
0.0,AFW_diminishing,diminishing,181.0,0.001984119415283203,-9.23875799601213,0.24345060836985422,5.0
0.0,AFW_diminishing,diminishing,182.0,0.001995086669921875,-9.238172764158083,0.10181103182986995,5.0
0.0,AFW_diminishing,diminishing,183.0,0.0020051002502441406,-9.238750470333922,0.23734367723761984,5.0
0.0,AFW_diminishing,diminishing,184.0,0.0020160675048828125,-9.238213632066326,0.1026548528172313,5.0
0.0,AFW_diminishing,diminishing,185.0,0.002026081085205078,-9.238742994357807,0.23137087957672797,5.0
0.0,AFW_diminishing,diminishing,186.0,0.0020360946655273438,-9.238252624319859,0.10348084670777169,5.0
0.0,AFW_diminishing,diminishing,187.0,0.002046346664428711,-9.238735570001094,0.22552784524330693,5.0
0.0,AFW_diminishing,diminishing,188.0,0.0020570755004882812,-9.238289831919703,0.10428957245075665,5.0
0.0,AFW_diminishing,diminishing,189.0,0.0020673274993896484,-9.238728198955933,0.21981039185380435,5.0
0.0,AFW_diminishing,diminishing,190.0,0.0020780563354492188,-9.238325340751558,0.10508156587368678,5.0
0.0,AFW_diminishing,diminishing,191.0,0.0020873546600341797,-9.238720882708396,0.21421451481053744,5.0
0.0,AFW_diminishing,diminishing,192.0,0.0020983219146728516,-9.238359231917709,0.10585734086545884,5.0
0.0,AFW_diminishing,diminishing,193.0,0.002108335494995117,-9.238713622555952,0.20873637795628408,5.0
0.0,AFW_diminishing,diminishing,194.0,0.002119302749633789,-9.238391582044425,0.10661739048762797,5.0
0.0,AFW_diminishing,diminishing,195.0,0.002130270004272461,-9.238706419623446,0.2033723048121221,5.0
0.0,AFW_diminishing,diminishing,196.0,0.0021402835845947266,-9.23842246356688,0.10736218801880337,5.0
0.0,AFW_diminishing,diminishing,197.0,0.002150297164916992,-9.238699274877753,0.1981187703564924,5.0
0.0,AFW_diminishing,diminishing,198.0,0.002161264419555664,-9.238451944993464,0.1080921879368324,5.0
0.0,AFW_diminishing,diminishing,199.0,0.0021712779998779297,-9.238692189141181,0.1929723933068921,5.0
0.0,AFW_diminishing,diminishing,200.0,0.0021822452545166016,-9.23848009115113,0.10880782684305768,5.0
0.0,AFW_diminishing,diminishing,201.0,0.002192258834838867,-9.238685163103769,0.18792992886869708,5.0
0.0,AFW_diminishing,diminishing,202.0,0.002202272415161133,-9.238506963413299,0.1095095243325801,5.0
0.0,AFW_diminishing,diminishing,203.0,0.0022373199462890625,-9.238678197334558,0.18298826191849216,5.0
0.0,AFW_diminishing,diminishing,204.0,0.0022552013397216797,-9.23853261991176,0.11019768381418693,5.0
0.0,AFW_diminishing,diminishing,205.0,0.0022699832916259766,-9.238671292291949,0.17814440059181358,5.0
0.0,AFW_diminishing,diminishing,206.0,0.0022809505462646484,-9.23855711573377,0.11087269328330418,5.0
0.0,AFW_diminishing,diminishing,207.0,0.002293109893798828,-9.238664448333186,0.17339547024760726,5.0
0.0,AFW_diminishing,diminishing,208.0,0.0023050308227539062,-9.238580503105517,0.1115349260510623,5.0
0.0,AFW_diminishing,diminishing,209.0,0.0023162364959716797,-9.238657665723089,0.1687387077838265,5.0
0.0,AFW_diminishing,diminishing,210.0,0.0023272037506103516,-9.238602831563067,0.11218474143239288,5.0
0.0,AFW_diminishing,diminishing,211.0,0.002337217330932617,-9.238650944642037,0.16417145628057916,5.0
0.0,AFW_diminishing,diminishing,212.0,0.002348184585571289,-9.238624148111654,0.11282248539579598,5.0
0.0,AFW_diminishing,diminishing,213.0,0.002359151840209961,-9.238644285193356,0.15969115994901983,5.0
0.0,AFW_diminishing,diminishing,214.0,0.002370119094848633,-9.238644497374313,0.11344849117722422,5.0
0.0,AFW_diminishing,diminishing,215.0,0.0023810863494873047,-9.238637687410062,0.15529535936578398,5.0
0.0,AFW_diminishing,diminishing,216.0,0.002390146255493164,-9.238663921730524,0.11406307986042563,5.0
0.0,AFW_diminishing,diminishing,217.0,0.002401113510131836,-9.238631151261094,0.1509816869743803,5.0
0.0,AFW_diminishing,diminishing,218.0,0.002412080764770508,-9.238682461445782,0.11466656092581573,5.0
0.0,AFW_diminishing,diminishing,219.0,0.0024230480194091797,-9.238624676657022,0.1467478628361949,5.0
0.0,AFW_diminishing,diminishing,220.0,0.002434253692626953,-9.238700154792593,0.11525923276987715,5.0
0.0,AFW_diminishing,diminishing,221.0,0.002443075180053711,-9.238618263455312,0.14259169061513433,5.0
0.0,AFW_diminishing,diminishing,222.0,0.002454042434692383,-9.238717038163648,0.11584138319691295,5.0
0.0,AFW_diminishing,diminishing,223.0,0.0024650096893310547,-9.238611911465167,0.13851105378104656,5.0
0.0,AFW_diminishing,diminishing,224.0,0.002476215362548828,-9.238733146177712,0.11641328988483846,5.0
0.0,AFW_diminishing,diminishing,225.0,0.002485990524291992,-9.238605620451985,0.1345039120181415,5.0
0.0,AFW_diminishing,diminishing,226.0,0.002496004104614258,-9.238748511778697,0.11697522082663525,5.0
0.0,AFW_diminishing,diminishing,227.0,0.0025072097778320312,-9.238599390141454,0.13056829782561596,5.0
0.0,AFW_diminishing,diminishing,228.0,0.002518177032470703,-9.23876316632851,0.11752743474889282,5.0
0.0,AFW_diminishing,diminishing,229.0,0.002529144287109375,-9.238593220223326,0.12670231329857895,5.0
0.0,AFW_diminishing,diminishing,230.0,0.002540111541748047,-9.238777139694044,0.11807018150882875,5.0
0.0,AFW_diminishing,diminishing,231.0,0.0025501251220703125,-9.2385871103549,0.12290412707824672,5.0
0.0,AFW_diminishing,diminishing,232.0,0.0025610923767089844,-9.238790460328719,0.1186037024710993,5.0
0.0,AFW_diminishing,diminishing,233.0,0.0025720596313476562,-9.238581060164211,0.11917197146108105,5.0
0.0,AFW_diminishing,diminishing,234.0,0.002582073211669922,-9.238803155349007,0.1191282308655417,5.0
0.0,AFW_diminishing,diminishing,235.0,0.0025930404663085938,-9.238575069252999,0.11550413965732709,5.0
0.0,AFW_diminishing,diminishing,236.0,0.0026030540466308594,-9.238815250606269,0.11964399212698584,5.0
0.0,AFW_diminishing,diminishing,237.0,0.002613067626953125,-9.23856913719938,0.11189898318998193,5.0
0.0,AFW_diminishing,diminishing,238.0,0.002624034881591797,-9.238826770754175,0.1201512042181827,5.0
0.0,AFW_diminishing,diminishing,239.0,0.0026350021362304688,-9.2385632635604,0.10835490942590642,5.0
0.0,AFW_diminishing,diminishing,240.0,0.0026450157165527344,-9.238837739312105,0.12065007793681204,5.0
0.0,AFW_diminishing,diminishing,241.0,0.0026559829711914062,-9.23855744787428,0.10487037923130149,5.0
0.0,AFW_diminishing,diminishing,242.0,0.002665996551513672,-9.238848178724702,0.12114081720747727,5.0
0.0,AFW_diminishing,diminishing,243.0,0.0026769638061523438,-9.238551689662584,0.10144390474429876,5.0
0.0,AFW_diminishing,diminishing,244.0,0.002688169479370117,-9.238858110417901,0.12162361935952948,5.0
0.0,AFW_diminishing,diminishing,245.0,0.002696990966796875,-9.238545988432136,0.09807404725790825,5.0
0.0,AFW_diminishing,diminishing,246.0,0.002707958221435547,-9.238867554851673,0.12209867539153496,5.0
0.0,AFW_diminishing,diminishing,247.0,0.0027441978454589844,-9.238540343676828,0.09475941520698061,5.0
0.0,AFW_diminishing,diminishing,248.0,0.0027642250061035156,-9.238876531569623,0.12256617022312088,5.0
0.0,AFW_diminishing,diminishing,249.0,0.002777099609375,-9.238534754879279,0.09149866225328918,5.0
0.0,AFW_diminishing,diminishing,250.0,0.0027892589569091797,-9.238885059245758,0.12302628293488027,5.0
0.0,AFW_diminishing,diminishing,251.0,0.002845287322998047,-9.238529221512334,0.08829048546319473,5.0
0.0,AFW_diminishing,diminishing,252.0,0.0028581619262695312,-9.238893155728524,0.12347918699701754,5.0
0.0,AFW_diminishing,diminishing,253.0,0.0028700828552246094,-9.238523743040489,0.08513362357268672,5.0
0.0,AFW_diminishing,diminishing,254.0,0.002882242202758789,-9.23890083808233,0.12392505048733415,5.0
0.0,AFW_diminishing,diminishing,255.0,0.0028901100158691406,-9.238518318921166,0.08202685533500098,5.0
0.0,AFW_diminishing,diminishing,256.0,0.0029010772705078125,-9.238908122626707,0.12436403629912363,5.0
0.0,AFW_diminishing,diminishing,257.0,0.0029120445251464844,-9.238512948605889,0.07896899794621692,5.0
0.0,AFW_diminishing,diminishing,258.0,0.0029230117797851562,-9.238915024973249,0.12479630233952577,5.0
0.0,AFW_diminishing,diminishing,259.0,0.0029342174530029297,-9.238507631541383,0.07595890554460816,5.0
0.0,AFW_diminishing,diminishing,260.0,0.0029439926147460938,-9.238921560060493,0.12522200171884812,5.0
0.0,AFW_diminishing,diminishing,261.0,0.002955198287963867,-9.238502367170565,0.07299546777972843,5.0
0.0,AFW_diminishing,diminishing,262.0,0.0029671192169189453,-9.238927742186858,0.12564128293132448,5.0
0.0,AFW_diminishing,diminishing,263.0,0.002977132797241211,-9.23849715493346,0.07007760844749544,5.0
0.0,AFW_diminishing,diminishing,264.0,0.002988100051879883,-9.238933585041735,0.12605429002775193,5.0
0.0,AFW_diminishing,diminishing,265.0,0.0029981136322021484,-9.238491994268054,0.06720428418773228,5.0
0.0,AFW_diminishing,diminishing,266.0,0.0030090808868408203,-9.23893910173491,0.12646116278046016,5.0
0.0,AFW_diminishing,diminishing,267.0,0.003019094467163086,-9.23848688461104,0.06437448324088368,5.0
0.0,AFW_diminishing,diminishing,268.0,0.003030061721801758,-9.238944304824367,0.1268620368409561,5.0
0.0,AFW_diminishing,diminishing,269.0,0.0030410289764404297,-9.238481825398551,0.06158722426074714,5.0
0.0,AFW_diminishing,diminishing,270.0,0.003052234649658203,-9.23894920634255,0.12725704389068504,5.0
0.0,AFW_diminishing,diminishing,271.0,0.003062009811401367,-9.23847681606679,0.058841555180369376,5.0
0.0,AFW_diminishing,diminishing,272.0,0.003072023391723633,-9.23895381782127,0.12764631178518737,5.0
0.0,AFW_diminishing,diminishing,273.0,0.0030829906463623047,-9.238471856052628,0.05613655212827062,5.0
0.0,AFW_diminishing,diminishing,274.0,0.0030930042266845703,-9.238958150315256,0.1280299646920433,5.0
0.0,AFW_diminishing,diminishing,275.0,0.003103017807006836,-9.238466944794139,0.05347131839247865,5.0
0.0,AFW_diminishing,diminishing,276.0,0.003113985061645508,-9.238962214424435,0.1284081232228793,5.0
0.0,AFW_diminishing,diminishing,277.0,0.0031239986419677734,-9.238462081731099,0.05084498342988297,5.0
0.0,AFW_diminishing,diminishing,278.0,0.0031342506408691406,-9.238966020315063,0.12878090455975588,5.0
0.0,AFW_diminishing,diminishing,279.0,0.003144979476928711,-9.239156279794146,0.05013266104192127,5.0
0.0,AFW_diminishing,diminishing,280.0,0.003155231475830078,-9.2387559719645,0.06297436824757252,5.0
0.0,AFW_diminishing,diminishing,281.0,0.0031659603118896484,-9.239160919178815,0.0840872134325874,5.0
0.0,AFW_diminishing,diminishing,282.0,0.003177165985107422,-9.23875161654194,0.060437998477560484,5.0
0.0,AFW_diminishing,diminishing,283.0,0.0031871795654296875,-9.239165306874092,0.08444737470783714,5.0
0.0,AFW_diminishing,diminishing,284.0,0.003197193145751953,-9.238747301905404,0.05793772491732607,5.0
0.0,AFW_diminishing,diminishing,285.0,0.0032083988189697266,-9.239169452042194,0.08480253902041035,5.0
0.0,AFW_diminishing,diminishing,286.0,0.0032172203063964844,-9.238743027621624,0.0554727825396899,5.0
0.0,AFW_diminishing,diminishing,287.0,0.0032281875610351562,-9.239173363483742,0.08515280964081384,5.0
0.0,AFW_diminishing,diminishing,288.0,0.003238201141357422,-9.238738793257872,0.05304242778240198,5.0
0.0,AFW_diminishing,diminishing,289.0,0.0032491683959960938,-9.239177049653904,0.08549828701353146,5.0
0.0,AFW_diminishing,diminishing,290.0,0.003258228302001953,-9.238734598382344,0.0506459378006312,5.0
0.0,AFW_diminishing,diminishing,291.0,0.003269195556640625,-9.23918051867772,0.08583906885302373,5.0
0.0,AFW_diminishing,diminishing,292.0,0.0032792091369628906,-9.238730442564473,0.048282609750482486,5.0
0.0,AFW_diminishing,diminishing,293.0,0.0032892227172851562,-9.239183778364644,0.0861752502358577,5.0
0.0,AFW_diminishing,diminishing,294.0,0.003300189971923828,-9.23872632537526,0.045951760102036054,5.0
0.0,AFW_diminishing,diminishing,295.0,0.0033102035522460938,-9.239186836222395,0.08650692368910828,5.0
0.0,AFW_diminishing,diminishing,296.0,0.0033202171325683594,-9.23872224638756,0.0436527239805109,5.0
0.0,AFW_diminishing,diminishing,297.0,0.0033311843872070312,-9.239189699470096,0.08683417927525117,5.0
0.0,AFW_diminishing,diminishing,298.0,0.003348112106323242,-9.238718205176319,0.04138485453420859,5.0
0.0,AFW_diminishing,diminishing,299.0,0.0033872127532958984,-9.239192375050767,0.08715710467366389,5.0
0.0,AFW_diminishing,diminishing,300.0,0.003399372100830078,-9.238714201318828,0.03914752232797358,5.0
0.0,AFW_diminishing,diminishing,301.0,0.00341033935546875,-9.239194869643233,0.08747578525893918,5.0
0.0,AFW_diminishing,diminishing,302.0,0.003421306610107422,-9.238710234394928,0.036940114760994014,5.0
0.0,AFW_diminishing,diminishing,303.0,0.0034313201904296875,-9.239197189673428,0.0877903041761039,5.0
0.0,AFW_diminishing,diminishing,304.0,0.003441333770751953,-9.238706303987216,0.034762035507793776,5.0
0.0,AFW_diminishing,diminishing,305.0,0.003452301025390625,-9.239199341325168,0.08810074241293187,5.0
0.0,AFW_diminishing,diminishing,306.0,0.0034623146057128906,-9.238702409681206,0.032612703981345526,5.0
0.0,AFW_diminishing,diminishing,307.0,0.0034711360931396484,-9.239201330550399,0.08840717886945271,5.0
0.0,AFW_diminishing,diminishing,308.0,0.0034821033477783203,-9.238698551065497,0.030491554817302813,5.0
0.0,AFW_diminishing,diminishing,309.0,0.0034942626953125,-9.239203163078963,0.08870969042479171,5.0
0.0,AFW_diminishing,diminishing,310.0,0.003505229949951172,-9.238694727731925,0.0283980373783832,5.0
0.0,AFW_diminishing,diminishing,311.0,0.0035161972045898438,-9.239204844427903,0.08900835200144996,5.0
0.0,AFW_diminishing,diminishing,312.0,0.003525257110595703,-9.238690939275676,0.026331615277972453,5.0
0.0,AFW_diminishing,diminishing,313.0,0.0035352706909179688,-9.239206379910302,0.08930323662716333,5.0
0.0,AFW_diminishing,diminishing,314.0,0.0035462379455566406,-9.23868718529541,0.024291765922125563,5.0
0.0,AFW_diminishing,diminishing,315.0,0.0035572052001953125,-9.239207774643774,0.08959441549441838,5.0
0.0,AFW_diminishing,diminishing,316.0,0.003567218780517578,-9.238683465393354,0.022277980069089764,5.0
0.0,AFW_diminishing,diminishing,317.0,0.0035772323608398438,-9.239209033558474,0.08988195801773458,5.0
0.0,AFW_diminishing,diminishing,318.0,0.0035881996154785156,-9.238679779175422,0.020289761405628326,5.0
0.0,AFW_diminishing,diminishing,319.0,0.0035991668701171875,-9.239210161404797,0.09016593188882904,5.0
0.0,AFW_diminishing,diminishing,320.0,0.0036101341247558594,-9.238676126251246,0.018326626139343993,5.0
0.0,AFW_diminishing,diminishing,321.0,0.003622293472290039,-9.239211162760704,0.09044640312972874,5.0
0.0,AFW_diminishing,diminishing,322.0,0.003631114959716797,-9.238672506234291,0.016388102606354593,5.0
0.0,AFW_diminishing,diminishing,323.0,0.0036420822143554688,-9.239212042038721,0.09072343614393485,5.0
0.0,AFW_diminishing,diminishing,324.0,0.003653287887573242,-9.238668918741894,0.014473730893615588,5.0
0.0,AFW_diminishing,diminishing,325.0,0.003664255142211914,-9.239212803492586,0.09099709376571141,5.0
0.0,AFW_diminishing,diminishing,326.0,0.0036742687225341797,-9.238665363395318,0.012583062475267859,5.0
0.0,AFW_diminishing,diminishing,327.0,0.0036842823028564453,-9.239213451223648,0.09126743730758946,5.0
0.0,AFW_diminishing,diminishing,328.0,0.003695249557495117,-9.238661839819796,0.010715659862410298,5.0
0.0,AFW_diminishing,diminishing,329.0,0.003706216812133789,-9.23921398918694,0.09153452660615802,5.0
0.0,AFW_diminishing,diminishing,330.0,0.0037162303924560547,-9.238658347644574,0.008871096265710143,5.0
0.0,AFW_diminishing,diminishing,331.0,0.0037271976470947266,-9.239214421196982,0.09179842006620653,5.0
0.0,AFW_diminishing,diminishing,332.0,0.003737211227416992,-9.238654886502932,0.007048955270327895,5.0
0.0,AFW_diminishing,diminishing,333.0,0.003748178482055664,-9.239214750933348,0.0920591747032935,5.0
0.0,AFW_diminishing,diminishing,334.0,0.0037581920623779297,-9.239140863141856,0.006901654112901667,5.0
0.0,AFW_diminishing,diminishing,335.0,0.0037691593170166016,-9.23921510753107,0.01827640040915046,5.0
0.0,AFW_diminishing,diminishing,336.0,0.0037801265716552734,-9.239140308379264,0.006557422891698472,5.0
0.0,AFW_diminishing,diminishing,337.0,0.003790140151977539,-9.239215442008993,0.01831527661297372,5.0
0.0,AFW_diminishing,diminishing,338.0,0.0038001537322998047,-9.239139758201025,0.0062173012121817806,5.0
0.0,AFW_diminishing,diminishing,339.0,0.0038111209869384766,-9.239215755071479,0.018353699334223705,5.0
0.0,AFW_diminishing,diminishing,340.0,0.0038220882415771484,-9.239139212560591,0.005881215924990357,5.0
0.0,AFW_diminishing,diminishing,341.0,0.003833293914794922,-9.239216047399118,0.01839167646098705,5.0
0.0,AFW_diminishing,diminishing,342.0,0.0038421154022216797,-9.23868194669592,0.005696819181571833,5.0
0.0,AFW_diminishing,diminishing,343.0,0.0038530826568603516,-9.239216292518064,0.08900228626666085,5.0
0.0,AFW_diminishing,diminishing,344.0,0.0038640499114990234,-9.238906879675639,0.006086522373409231,5.0
0.0,AFW_diminishing,diminishing,345.0,0.003875255584716797,-9.239216570930187,0.08671439573964612,5.0
0.0,AFW_diminishing,diminishing,346.0,0.003885030746459961,-9.239140172849698,0.005346582653913856,5.0
0.0,AFW_diminishing,diminishing,347.0,0.0038950443267822266,-9.23921682714769,0.01730062890464712,5.0
0.0,AFW_diminishing,diminishing,348.0,0.00390625,-9.239139652144228,0.005025878501158765,5.0
0.0,AFW_diminishing,diminishing,349.0,0.003917217254638672,-9.239217064876119,0.01733690409046318,5.0
0.0,AFW_diminishing,diminishing,350.0,0.0039272308349609375,-9.238703316637757,0.004920724968518364,5.0
0.0,AFW_diminishing,diminishing,351.0,0.003938198089599609,-9.239217263359887,0.0861647686237692,5.0
0.0,AFW_diminishing,diminishing,352.0,0.003949165344238281,-9.23891707438222,0.005128859651438944,5.0
0.0,AFW_diminishing,diminishing,353.0,0.003961086273193359,-9.239217484725469,0.08414478573484718,5.0
0.0,AFW_diminishing,diminishing,354.0,0.003972291946411133,-9.239140514480532,0.0045156087978970305,5.0
0.0,AFW_diminishing,diminishing,355.0,0.003983259201049805,-9.239217690680077,0.016294988412822065,5.0
0.0,AFW_diminishing,diminishing,356.0,0.0039942264556884766,-9.239140017040986,0.004209253559230852,5.0
0.0,AFW_diminishing,diminishing,357.0,0.004003047943115234,-9.239217880121238,0.01632967353741499,5.0
0.0,AFW_diminishing,diminishing,358.0,0.004014253616333008,-9.238723227845318,0.004180219979871502,5.0
0.0,AFW_diminishing,diminishing,359.0,0.00402522087097168,-9.239218037349229,0.08345408941715071,5.0
0.0,AFW_diminishing,diminishing,360.0,0.0040361881256103516,-9.23892657321239,0.004214688705748593,5.0
0.0,AFW_diminishing,diminishing,361.0,0.004046201705932617,-9.239218208294151,0.08168839553159124,5.0
0.0,AFW_diminishing,diminishing,362.0,0.004056215286254883,-9.239140791390374,0.0037217193406666738,5.0
0.0,AFW_diminishing,diminishing,363.0,0.004067182540893555,-9.239218369756864,0.01533364435863227,5.0
0.0,AFW_diminishing,diminishing,364.0,0.0040781497955322266,-9.239140315693243,0.0034287711332012805,5.0
0.0,AFW_diminishing,diminishing,365.0,0.004088163375854492,-9.23921851644829,0.015366841707657564,5.0
0.0,AFW_diminishing,diminishing,366.0,0.004099130630493164,-9.238741807719116,0.003472912664632233,5.0
0.0,AFW_diminishing,diminishing,367.0,0.00410914421081543,-9.239218637142544,0.08086193072640135,5.0
0.0,AFW_diminishing,diminishing,368.0,0.0041201114654541016,-9.238935436670799,0.0033411141752655027,5.0
0.0,AFW_diminishing,diminishing,369.0,0.0041310787200927734,-9.239218763482228,0.07933790376514871,5.0
0.0,AFW_diminishing,diminishing,370.0,0.004141092300415039,-9.239141010871242,0.0029624861993040597,5.0
0.0,AFW_diminishing,diminishing,371.0,0.004152059555053711,-9.239218885524213,0.014522798132871273,5.0
0.0,AFW_diminishing,diminishing,372.0,0.0041620731353759766,-9.23875355851434,0.002704160824213986,5.0
0.0,AFW_diminishing,diminishing,373.0,0.004172086715698242,-9.239218970503824,0.07906048483209727,5.0
0.0,AFW_diminishing,diminishing,374.0,0.004183053970336914,-9.238942040963714,0.002778095302499395,5.0
0.0,AFW_diminishing,diminishing,375.0,0.004194021224975586,-9.239219069621832,0.07738243862340166,5.0
0.0,AFW_diminishing,diminishing,376.0,0.0042040348052978516,-9.239141639613207,0.0025112353437686252,5.0
0.0,AFW_diminishing,diminishing,377.0,0.004214048385620117,-9.239219169111673,0.014510978165447774,5.0
0.0,AFW_diminishing,diminishing,378.0,0.004225015640258789,-9.23914120000541,0.002239708709830701,5.0
0.0,AFW_diminishing,diminishing,379.0,0.004235029220581055,-9.239219256365153,0.014552284230810564,5.0
0.0,AFW_diminishing,diminishing,380.0,0.0042459964752197266,-9.238770104152733,0.0020498559538273398,5.0
0.0,AFW_diminishing,diminishing,381.0,0.0042572021484375,-9.239219312213734,0.07665775918189333,5.0
0.0,AFW_diminishing,diminishing,382.0,0.004266023635864258,-9.239142148484195,0.0020598225107679724,5.0
0.0,AFW_diminishing,diminishing,383.0,0.00427699089050293,-9.239219390473759,0.014366462547770631,5.0
0.0,AFW_diminishing,diminishing,384.0,0.004288196563720703,-9.239141723630004,0.0017967585445735068,5.0
0.0,AFW_diminishing,diminishing,385.0,0.004297971725463867,-9.23921945741479,0.014406492404861915,5.0
0.0,AFW_diminishing,diminishing,386.0,0.004309177398681641,-9.239141302012177,0.0015364416458520935,5.0
0.0,AFW_diminishing,diminishing,387.0,0.004318952560424805,-9.239219513373532,0.014446111870166867,5.0
0.0,AFW_diminishing,diminishing,388.0,0.00432896614074707,-9.239140883598429,0.0012788290108627365,5.0
0.0,AFW_diminishing,diminishing,389.0,0.004340171813964844,-9.239219558676465,0.014485327222395483,5.0
0.0,AFW_diminishing,diminishing,390.0,0.004351139068603516,-9.239140468356773,0.001023878720486593,5.0
0.0,AFW_diminishing,diminishing,391.0,0.004361152648925781,-9.239219593640213,0.01452414461283702,5.0
0.0,AFW_diminishing,diminishing,392.0,0.0043714046478271484,-9.238792925526843,0.0011042449888289951,5.0
0.0,AFW_diminishing,diminishing,393.0,0.004382133483886719,-9.239219611277294,0.0736971266576596,5.0
0.0,AFW_diminishing,diminishing,394.0,0.004393100738525391,-9.239004520478439,0.0013158310119667505,5.0
0.0,AFW_diminishing,diminishing,395.0,0.0044040679931640625,-9.239219648834128,0.03985816473056403,5.0
0.0,AFW_diminishing,diminishing,396.0,0.004415035247802734,-9.238965263775063,0.0011787850575526448,5.0
0.0,AFW_diminishing,diminishing,397.0,0.004424333572387695,-9.239219678656198,0.07200791474742729,5.0
0.0,AFW_diminishing,diminishing,398.0,0.004435300827026367,-9.23880352119324,0.0006467155600589081,5.0
0.0,AFW_diminishing,diminishing,399.0,0.0044460296630859375,-9.239219679374319,0.07226285119827214,5.0
0.0,AFW_diminishing,diminishing,400.0,0.004456996917724609,-9.238969164243226,0.0009312019232963209,5.0
0.0,AFW_diminishing,diminishing,401.0,0.004469156265258789,-9.239219699722812,0.07057509663135164,5.0
0.0,AFW_diminishing,diminishing,402.0,0.0044782161712646484,-9.239010364835393,0.0007459588550542406,5.0
0.0,AFW_diminishing,diminishing,403.0,0.004488945007324219,-9.239219715388607,0.03916873978986679,5.0
0.0,AFW_diminishing,diminishing,404.0,0.004500150680541992,-9.239143399044005,0.0004607424939679916,5.0
0.0,AFW_diminishing,diminishing,405.0,0.004511117935180664,-9.239219727848624,0.014432441602428625,5.0
0.0,AFW_diminishing,diminishing,406.0,0.004522085189819336,-9.238818023997416,0.00028417483737896987,5.0
0.0,AFW_diminishing,diminishing,407.0,0.0045320987701416016,-9.23921971637904,0.07028823833014108,5.0
0.0,AFW_diminishing,diminishing,408.0,0.0045430660247802734,-9.238825069454187,0.00038552507059819163,5.0
0.0,AFW_diminishing,diminishing,409.0,0.004553079605102539,-9.239219703071667,0.1635211571152917,5.0
0.0,AFW_diminishing,diminishing,410.0,0.004564046859741211,-9.238830842290369,0.0005236028339359322,5.0
0.0,AFW_diminishing,diminishing,411.0,0.004575014114379883,-9.23921968523579,0.16231505677748093,5.0
0.0,AFW_diminishing,diminishing,412.0,0.004584312438964844,-9.238836517298836,0.000690614964155678,5.0
0.0,AFW_diminishing,diminishing,413.0,0.004595279693603516,-9.239219663003897,0.16112072163181335,5.0
0.0,AFW_diminishing,diminishing,414.0,0.0046062469482421875,-9.238842096497063,0.000856026474760796,5.0
0.0,AFW_diminishing,diminishing,415.0,0.004616975784301758,-9.239219636504648,0.1599379803729235,5.0
0.0,AFW_diminishing,diminishing,416.0,0.004627227783203125,-9.238847581852312,0.001019860265430772,5.0
0.0,AFW_diminishing,diminishing,417.0,0.004637241363525391,-9.239219605863012,0.158766665004908,5.0
0.0,AFW_diminishing,diminishing,418.0,0.0046482086181640625,-9.238852975283091,0.0011821388011004075,5.0
0.0,AFW_diminishing,diminishing,419.0,0.004659175872802734,-9.23921957120036,0.15760661076179971,5.0
0.0,AFW_diminishing,diminishing,420.0,0.004669189453125,-9.238858278660587,0.0013428841222387078,5.0
0.0,AFW_diminishing,diminishing,421.0,0.0046803951263427734,-9.23921953263461,0.1564576560303097,5.0
0.0,AFW_diminishing,diminishing,422.0,0.0046901702880859375,-9.238863493810033,0.0015021178548133562,5.0
0.0,AFW_diminishing,diminishing,423.0,0.004700183868408203,-9.239219490280316,0.15531964227478934,5.0
0.0,AFW_diminishing,diminishing,424.0,0.004711151123046875,-9.238868622512046,0.0016598612200056095,5.0
0.0,AFW_diminishing,diminishing,425.0,0.0047223567962646484,-9.239219444248768,0.15419241396431982,5.0
0.0,AFW_diminishing,diminishing,426.0,0.0047321319580078125,-9.238873666503896,0.0018161350436169954,5.0
0.0,AFW_diminishing,diminishing,427.0,0.004742145538330078,-9.239219394648114,0.1530758185018648,5.0
0.0,AFW_diminishing,diminishing,428.0,0.0047533512115478516,-9.238878627480764,0.001970959765254854,5.0
0.0,AFW_diminishing,diminishing,429.0,0.004763126373291016,-9.23921934158344,0.15196970615542327,5.0
0.0,AFW_diminishing,diminishing,430.0,0.004774332046508789,-9.23888350709694,0.0021243554472238912,5.0
0.0,AFW_diminishing,diminishing,431.0,0.004785299301147461,-9.239219285156874,0.15087392999109372,5.0
0.0,AFW_diminishing,diminishing,432.0,0.004794120788574219,-9.238888306966965,0.0022763417832027955,5.0
0.0,AFW_diminishing,diminishing,433.0,0.004805326461791992,-9.239219225467679,0.14978834580803557,5.0
0.0,AFW_diminishing,diminishing,434.0,0.004815101623535156,-9.238893028666784,0.002426938106673049,5.0
0.0,AFW_diminishing,diminishing,435.0,0.00482630729675293,-9.23921916261233,0.14871281207521125,5.0
0.0,AFW_diminishing,diminishing,436.0,0.0048372745513916016,-9.238897673734813,0.0025761633991079336,5.0
0.0,AFW_diminishing,diminishing,437.0,0.004846096038818359,-9.239219096684606,0.14764718986989145,5.0
0.0,AFW_diminishing,diminishing,438.0,0.004857063293457031,-9.238902243672994,0.002724036297955479,5.0
0.0,AFW_diminishing,diminishing,439.0,0.004868268966674805,-9.239219027775682,0.14659134281783537,5.0
0.0,AFW_diminishing,diminishing,440.0,0.00487828254699707,-9.238906739947813,0.0028705751043940353,5.0
0.0,AFW_diminishing,diminishing,441.0,0.004889249801635742,-9.239218955974193,0.14554513703514083,5.0
0.0,AFW_diminishing,diminishing,442.0,0.004899263381958008,-9.23891116399129,0.003015797790876462,5.0
0.0,AFW_diminishing,diminishing,443.0,0.004909038543701172,-9.239218881366313,0.14450844107163885,5.0
0.0,AFW_diminishing,diminishing,444.0,0.004920244216918945,-9.23891551720192,0.003159722008485133,5.0
0.0,AFW_diminishing,diminishing,445.0,0.004931211471557617,-9.23921880403584,0.14348112585586126,5.0
0.0,AFW_diminishing,diminishing,446.0,0.004941225051879883,-9.238919800945617,0.0033023650940862126,5.0
0.0,AFW_diminishing,diminishing,447.0,0.0049512386322021484,-9.239218724064258,0.14246306464147196,5.0
0.0,AFW_diminishing,diminishing,448.0,0.0049610137939453125,-9.238924016556577,0.003443744077276989,5.0
0.0,AFW_diminishing,diminishing,449.0,0.004972219467163086,-9.239218641530806,0.14145413295514686,5.0
0.0,AFW_diminishing,diminishing,450.0,0.004983186721801758,-9.238928165338178,0.0035838756871733324,5.0
0.0,AFW_diminishing,diminishing,451.0,0.0049932003021240234,-9.239218556512554,0.14045420854585533,5.0
0.0,AFW_diminishing,diminishing,452.0,0.005003213882446289,-9.23893224856379,0.003722776359007085,5.0
0.0,AFW_diminishing,diminishing,453.0,0.005014181137084961,-9.23921846908446,0.13946317133547748,5.0
0.0,AFW_diminishing,diminishing,454.0,0.0050241947174072266,-9.238936267477607,0.0038604622405458144,5.0
0.0,AFW_diminishing,diminishing,455.0,0.0050351619720458984,-9.23921837931943,0.13848090337075547,5.0
0.0,AFW_diminishing,diminishing,456.0,0.00504612922668457,-9.238940223295414,0.003996949198357136,5.0
0.0,AFW_diminishing,diminishing,457.0,0.005056142807006836,-9.239218287288388,0.13750728877649188,5.0
0.0,AFW_diminishing,diminishing,458.0,0.005067110061645508,-9.23894411720537,0.004132252823897176,5.0
0.0,AFW_diminishing,diminishing,459.0,0.00507807731628418,-9.239218193060333,0.13654221370998698,5.0
0.0,AFW_diminishing,diminishing,460.0,0.005088090896606445,-9.23894795036873,0.004266388439447155,5.0
0.0,AFW_diminishing,diminishing,461.0,0.005099058151245117,-9.23921809670238,0.13558556631668495,5.0
0.0,AFW_diminishing,diminishing,462.0,0.005109071731567383,-9.238951723920577,0.004399371103906979,5.0
0.0,AFW_diminishing,diminishing,463.0,0.0051190853118896484,-9.239217998279843,0.13463723668694794,5.0
0.0,AFW_diminishing,diminishing,464.0,0.00513005256652832,-9.238955438970496,0.004531215618415629,5.0
0.0,AFW_diminishing,diminishing,465.0,0.005141019821166992,-9.239217897856259,0.13369711681397867,5.0
0.0,AFW_diminishing,diminishing,466.0,0.005151987075805664,-9.238959096603264,0.00466193653185254,5.0
0.0,AFW_diminishing,diminishing,467.0,0.0051610469818115234,-9.239217795493454,0.1327651005528141,5.0
0.0,AFW_diminishing,diminishing,468.0,0.005172014236450195,-9.238962697879487,0.004791548146186209,5.0
0.0,AFW_diminishing,diminishing,469.0,0.005182981491088867,-9.239217691251602,0.13184108358038493,5.0
0.0,AFW_diminishing,diminishing,470.0,0.005192995071411133,-9.23896624383626,0.004920064521692247,5.0
0.0,AFW_diminishing,diminishing,471.0,0.005203962326049805,-9.239217585189245,0.13092496335658854,5.0
0.0,AFW_diminishing,diminishing,472.0,0.005213260650634766,-9.238969735487743,0.005047499482029316,5.0
0.0,AFW_diminishing,diminishing,473.0,0.0052242279052734375,-9.239217477363376,0.1300166390863735,5.0
0.0,AFW_diminishing,diminishing,474.0,0.005235195159912109,-9.238973173825785,0.00517386661920316,5.0
0.0,AFW_diminishing,diminishing,475.0,0.005245208740234375,-9.239217367829447,0.12911601168276388,5.0
0.0,AFW_diminishing,diminishing,476.0,0.005256175994873047,-9.238976559820493,0.005299179298400958,5.0
0.0,AFW_diminishing,diminishing,477.0,0.0052661895751953125,-9.239217256641442,0.12822298373083463,5.0
0.0,AFW_diminishing,diminishing,478.0,0.005276203155517578,-9.238979894420783,0.005423450662692453,5.0
0.0,AFW_diminishing,diminishing,479.0,0.00528717041015625,-9.239217143851905,0.12733745945260289,5.0
0.0,AFW_diminishing,diminishing,480.0,0.005297183990478516,-9.238983178554939,0.005546693637633382,5.0
0.0,AFW_diminishing,diminishing,481.0,0.0053081512451171875,-9.239217029511977,0.12645934467277709,5.0
0.0,AFW_diminishing,diminishing,482.0,0.005318164825439453,-9.238986413131126,0.005668920935747224,5.0
0.0,AFW_diminishing,diminishing,483.0,0.005328178405761719,-9.23921691367145,0.12558854678537656,5.0
0.0,AFW_diminishing,diminishing,484.0,0.005339145660400391,-9.238989599037916,0.00579014506088793,5.0
0.0,AFW_diminishing,diminishing,485.0,0.005349159240722656,-9.239216796378798,0.12472497472118693,5.0
0.0,AFW_diminishing,diminishing,486.0,0.005360126495361328,-9.238992737144772,0.005910378312512066,5.0
0.0,AFW_diminishing,diminishing,487.0,0.005370140075683594,-9.239216677681199,0.12386853891601035,5.0
0.0,AFW_diminishing,diminishing,488.0,0.005380153656005859,-9.238995828302539,0.006029632789835482,5.0
0.0,AFW_diminishing,diminishing,489.0,0.005391120910644531,-9.239216557624609,0.12301915127969743,5.0
0.0,AFW_diminishing,diminishing,490.0,0.005401134490966797,-9.238998873343908,0.006147920395886075,5.0
0.0,AFW_diminishing,diminishing,491.0,0.005412101745605469,-9.239216436253756,0.12217672516596334,5.0
0.0,AFW_diminishing,diminishing,492.0,0.005422115325927734,-9.239001873083868,0.006265252841478386,5.0
0.0,AFW_diminishing,diminishing,493.0,0.005433082580566406,-9.23921631361219,0.12134117534291988,5.0
0.0,AFW_diminishing,diminishing,494.0,0.005443096160888672,-9.239004828320166,0.006381641649060299,5.0
0.0,AFW_diminishing,diminishing,495.0,0.005454063415527344,-9.239216189742326,0.12051241796432421,5.0
0.0,AFW_diminishing,diminishing,496.0,0.005464076995849609,-9.239007739833706,0.00649709815649846,5.0
0.0,AFW_diminishing,diminishing,497.0,0.005474090576171875,-9.239216064685472,0.11969037054154974,5.0
0.0,AFW_diminishing,diminishing,498.0,0.005485057830810547,-9.239010608388991,0.006611633520752669,5.0
0.0,AFW_diminishing,diminishing,499.0,0.00549626350402832,-9.239215938481838,0.11887495191621245,5.0
0.0,AFW_exact,exact,0.0,2.288818359375e-05,-5.136104602187146,143.21353086033926,2.0
0.0,AFW_exact,exact,1.0,4.315376281738281e-05,-8.714131683905768,10.026361023639481,3.0
0.0,AFW_exact,exact,2.0,6.103515625e-05,-9.15015333963619,3.169168029398568,2.0
0.0,AFW_exact,exact,3.0,7.677078247070312e-05,-9.210309742959659,0.9990544664710335,3.0
0.0,AFW_exact,exact,4.0,0.00010776519775390625,-9.21951295225869,0.8037787482936203,4.0
0.0,AFW_exact,exact,5.0,0.00013399124145507812,-9.232939292468714,0.7098243409702416,5.0
0.0,AFW_exact,exact,6.0,0.0001518726348876953,-9.237385339188977,0.27137825635645463,5.0
0.0,AFW_exact,exact,7.0,0.00016689300537109375,-9.238520481054973,0.123510286038222,5.0
0.0,AFW_exact,exact,8.0,0.0001800060272216797,-9.238853070091455,0.04183404307307992,5.0
0.0,AFW_exact,exact,9.0,0.00019478797912597656,-9.23894158817512,0.056637306532155485,5.0
0.0,AFW_exact,exact,10.0,0.00020885467529296875,-9.238984098880996,0.03852862536773749,5.0
0.0,AFW_exact,exact,11.0,0.00022411346435546875,-9.23902072363012,0.02928686627657129,5.0
0.0,AFW_exact,exact,12.0,0.00023698806762695312,-9.2391489244236,0.04100459620261443,5.0
0.0,AFW_exact,exact,13.0,0.00025200843811035156,-9.239186171072106,0.009604783271969453,5.0
0.0,AFW_exact,exact,14.0,0.00026702880859375,-9.239194344238285,0.01176111499021637,5.0
0.0,AFW_exact,exact,15.0,0.0002808570861816406,-9.239202411290675,0.010237855529033446,5.0
0.0,AFW_exact,exact,16.0,0.0002930164337158203,-9.239211874536027,0.004669292652459411,5.0
0.0,AFW_exact,exact,17.0,0.0003070831298828125,-9.239213437892865,0.005941316146891751,5.0
0.0,AFW_exact,exact,18.0,0.0003211498260498047,-9.239215584913222,0.005277631525034465,5.0
0.0,AFW_exact,exact,19.0,0.0003349781036376953,-9.239217729297987,0.0031394109908671197,5.0
0.0,AFW_exact,exact,20.0,0.00034689903259277344,-9.239218062228618,0.004353649233650003,5.0
0.0,AFW_exact,exact,21.0,0.0003609657287597656,-9.239218365625135,0.0032483829191951585,5.0
0.0,AFW_exact,exact,22.0,0.00037479400634765625,-9.239218517350919,0.002499093013757836,5.0
0.0,AFW_exact,exact,23.0,0.00039005279541015625,-9.239219333633063,0.003253163459814523,5.0
0.0,AFW_exact,exact,24.0,0.0004019737243652344,-9.239219569851716,0.0008276846080734757,5.0
0.0,AFW_exact,exact,25.0,0.00041604042053222656,-9.239219595965,0.0009404473599419205,5.0
0.0,AFW_exact,exact,26.0,0.00042891502380371094,-9.239219652371528,0.0008548497007270228,5.0
0.0,AFW_exact,exact,27.0,0.0004429817199707031,-9.239219698617756,0.0003288074642373573,5.0
0.0,AFW_exact,exact,28.0,0.00045490264892578125,-9.239219705220536,0.0005074035660204146,5.0
0.0,AFW_exact,exact,29.0,0.00046896934509277344,-9.239219715970428,0.00037315981312957547,5.0
0.0,AFW_exact,exact,30.0,0.0004818439483642578,-9.239219725903393,0.00034387503835908717,5.0
0.0,AFW_exact,exact,31.0,0.00049591064453125,-9.239219731139304,0.0004266655990532442,5.0
0.0,AFW_exact,exact,32.0,0.0005090236663818359,-9.239219733912883,0.00018953982475888864,5.0
0.0,AFW_exact,exact,33.0,0.0005168914794921875,-9.239219733912883,6.357140166191044e-05,5.0
0.0,PFW_diminishing,diminishing,0.0,1.71661376953125e-05,1.0680825165868653,143.21353086033926,1.0
0.0,PFW_diminishing,diminishing,1.0,3.504753112792969e-05,11.198498432683534,48.81332961895211,2.0
0.0,PFW_diminishing,diminishing,2.0,4.9114227294921875e-05,-4.400432691026106,52.80305157816142,2.0
0.0,PFW_diminishing,diminishing,3.0,6.103515625e-05,-5.075473337052735,15.401663694442082,3.0
0.0,PFW_diminishing,diminishing,4.0,7.295608520507812e-05,-6.306151221805189,11.47348376029161,3.0
0.0,PFW_diminishing,diminishing,5.0,8.511543273925781e-05,-7.2681886868255585,7.2672328767009855,3.0
0.0,PFW_diminishing,diminishing,6.0,9.608268737792969e-05,-7.710097566552151,6.184572692649023,4.0
0.0,PFW_diminishing,diminishing,7.0,0.00010609626770019531,-5.469905528954207,7.888305128798099,5.0
0.0,PFW_diminishing,diminishing,8.0,0.00011491775512695312,-7.912804719413003,11.960642124141733,5.0
0.0,PFW_diminishing,diminishing,9.0,0.000125885009765625,-8.630425153376791,4.4715431401067,5.0
0.0,PFW_diminishing,diminishing,10.0,0.00013685226440429688,-8.735848165882404,1.4977714192474023,4.0
0.0,PFW_diminishing,diminishing,11.0,0.0001468658447265625,-9.03341249572055,1.4870563571668374,4.0
0.0,PFW_diminishing,diminishing,12.0,0.00015807151794433594,-8.663090156051357,0.843299488914484,4.0
0.0,PFW_diminishing,diminishing,13.0,0.0001671314239501953,-8.14138273799441,5.498479063476846,5.0
0.0,PFW_diminishing,diminishing,14.0,0.00017714500427246094,-8.73049743225576,4.161352785592038,5.0
0.0,PFW_diminishing,diminishing,15.0,0.00018715858459472656,-9.060174020703387,4.541219243007912,5.0
0.0,PFW_diminishing,diminishing,16.0,0.00019812583923339844,-9.09548317615115,0.6729751938549517,5.0
0.0,PFW_diminishing,diminishing,17.0,0.0002090930938720703,-9.058035050472338,0.4958352987860559,5.0
0.0,PFW_diminishing,diminishing,18.0,0.0002181529998779297,-9.091626918606858,2.3514366096752273,5.0
0.0,PFW_diminishing,diminishing,19.0,0.0002281665802001953,-9.07835976251288,1.3015649201114758,5.0
0.0,PFW_diminishing,diminishing,20.0,0.00023818016052246094,-9.107272919144606,2.0833751064761925,5.0
0.0,PFW_diminishing,diminishing,21.0,0.000247955322265625,-9.093807900752848,1.1195320048551212,5.0
0.0,PFW_diminishing,diminishing,22.0,0.0002579689025878906,-9.11917831508579,1.8637178157086334,5.0
0.0,PFW_diminishing,diminishing,23.0,0.00026798248291015625,-9.10583307569824,0.9695576217561586,5.0
0.0,PFW_diminishing,diminishing,24.0,0.00027489662170410156,-9.128437544078643,1.6804790104352882,5.0
0.0,PFW_diminishing,diminishing,25.0,0.00028514862060546875,-9.115383762222676,0.8438971601526761,5.0
0.0,PFW_diminishing,diminishing,26.0,0.00029587745666503906,-9.13577346228055,1.5253191285124323,5.0
0.0,PFW_diminishing,diminishing,27.0,0.00030612945556640625,-9.123100418075744,0.7371058761938913,5.0
0.0,PFW_diminishing,diminishing,28.0,0.0003161430358886719,-9.141678819641582,1.3922588793314938,5.0
0.0,PFW_diminishing,diminishing,29.0,0.0003261566162109375,-9.129428315718386,0.6452465380792356,5.0
0.0,PFW_diminishing,diminishing,30.0,0.0003361701965332031,-9.146498718699336,1.276900854767141,5.0
0.0,PFW_diminishing,diminishing,31.0,0.00034618377685546875,-9.134684907807713,0.5654028061415985,5.0
0.0,PFW_diminishing,diminishing,32.0,0.0003561973571777344,-9.150480586156625,1.1759396845756607,5.0
0.0,PFW_diminishing,diminishing,33.0,0.00036597251892089844,-9.139101528043401,0.4953692830348988,5.0
0.0,PFW_diminishing,diminishing,34.0,0.00037598609924316406,-9.153805492734191,1.0868433573567788,5.0
0.0,PFW_diminishing,diminishing,35.0,0.0003829002380371094,-9.142850027689313,0.4334478013467846,5.0
0.0,PFW_diminishing,diminishing,36.0,0.000392913818359375,-9.156608367476423,1.0076398466313652,5.0
0.0,PFW_diminishing,diminishing,37.0,0.0004029273986816406,-9.146060263945683,0.3783098311286377,5.0
0.0,PFW_diminishing,diminishing,38.0,0.0004131793975830078,-9.158991385650673,0.9367706067572659,5.0
0.0,PFW_diminishing,diminishing,39.0,0.00042319297790527344,-9.148831864409354,0.32890129327273065,5.0
0.0,PFW_diminishing,diminishing,40.0,0.00043320655822753906,-9.161033040979518,0.8729877270314228,5.0
0.0,PFW_diminishing,diminishing,41.0,0.0004410743713378906,-9.151242314079276,0.2843752983226109,5.0
0.0,PFW_diminishing,diminishing,42.0,0.00045013427734375,-9.162794420475555,0.8152802976641507,5.0
0.0,PFW_diminishing,diminishing,43.0,0.0004601478576660156,-9.153352623240282,0.24404371144917114,5.0
0.0,PFW_diminishing,diminishing,44.0,0.0004699230194091797,-9.164323625005107,0.7628207534686329,5.0
0.0,PFW_diminishing,diminishing,45.0,0.0004799365997314453,-9.205281197540403,0.2373057060720205,5.0
0.0,PFW_diminishing,diminishing,46.0,0.0004899501800537109,-9.22792804068606,0.212085366737905,5.0
0.0,PFW_diminishing,diminishing,47.0,0.0004971027374267578,-9.190712463435755,0.11398538139384318,5.0
0.0,PFW_diminishing,diminishing,48.0,0.0005071163177490234,-9.228531936288654,1.364185636465498,5.0
0.0,PFW_diminishing,diminishing,49.0,0.0005161762237548828,-9.192723959255487,0.08435216065740647,5.0
0.0,PFW_diminishing,diminishing,50.0,0.0005261898040771484,-9.229040932550468,1.3227065376771963,5.0
0.0,PFW_diminishing,diminishing,51.0,0.0005350112915039062,-9.222432952735605,0.07522897410076013,5.0
0.0,PFW_diminishing,diminishing,52.0,0.0005450248718261719,-9.22041383924336,0.7743867657314167,5.0
0.0,PFW_diminishing,diminishing,53.0,0.0005540847778320312,-9.22340729377331,0.5933968822104188,5.0
0.0,PFW_diminishing,diminishing,54.0,0.0005638599395751953,-9.221424827274049,0.7402787997403362,5.0
0.0,PFW_diminishing,diminishing,55.0,0.0005738735198974609,-9.224280240078302,0.5687637690219107,5.0
0.0,PFW_diminishing,diminishing,56.0,0.0005831718444824219,-9.222335373252687,0.7086102651411483,5.0
0.0,PFW_diminishing,diminishing,57.0,0.0005941390991210938,-9.22506529015955,0.5458772498560567,5.0
0.0,PFW_diminishing,diminishing,58.0,0.0006041526794433594,-9.223158439549445,0.6791286882897181,5.0
0.0,PFW_diminishing,diminishing,59.0,0.000614166259765625,-9.225773774896396,0.5245581504965635,5.0
0.0,PFW_diminishing,diminishing,60.0,0.0006232261657714844,-9.22390495775053,0.6516152507205248,5.0
0.0,PFW_diminishing,diminishing,61.0,0.0006330013275146484,-9.226415261643726,0.5046509675180966,5.0
0.0,PFW_diminishing,diminishing,62.0,0.0006430149078369141,-9.224584199290394,0.6258793654927537,5.0
0.0,PFW_diminishing,diminishing,63.0,0.0006530284881591797,-9.2269978731681,0.4860200880218146,5.0
0.0,PFW_diminishing,diminishing,64.0,0.0006608963012695312,-9.225204069448322,0.6017542690715176,5.0
0.0,PFW_diminishing,diminishing,65.0,0.0006721019744873047,-9.2275285413183,0.4685467107941692,5.0
0.0,PFW_diminishing,diminishing,66.0,0.0006818771362304688,-9.225771342305773,0.579093413723279,5.0
0.0,PFW_diminishing,diminishing,67.0,0.0006918907165527344,-9.22801321025159,0.4521263217185245,5.0
0.0,PFW_diminishing,diminishing,68.0,0.000701904296875,-9.226291849841294,0.5577674958845087,5.0
0.0,PFW_diminishing,diminishing,69.0,0.0007112026214599609,-9.228457000356563,0.43666661050844535,5.0
0.0,PFW_diminishing,diminishing,70.0,0.0007212162017822266,-9.226770635120525,0.5376619934955826,5.0
0.0,PFW_diminishing,diminishing,71.0,0.0007312297821044922,-9.228864341320836,0.42208574136790844,5.0
0.0,PFW_diminishing,diminishing,72.0,0.0007412433624267578,-9.227212077170204,0.5186751134640009,5.0
0.0,PFW_diminishing,diminishing,73.0,0.0007510185241699219,-9.229239080803227,0.40831090940636017,5.0
0.0,PFW_diminishing,diminishing,74.0,0.0007600784301757812,-9.227619993366625,0.5007160717551589,5.0
0.0,PFW_diminishing,diminishing,75.0,0.0007679462432861328,-9.229584573688115,0.395277129232543,5.0
0.0,PFW_diminishing,diminishing,76.0,0.0007779598236083984,-9.227997723851935,0.48370364490036355,5.0
0.0,PFW_diminishing,diminishing,77.0,0.0007889270782470703,-9.22990375578601,0.38292621332493404,5.0
0.0,PFW_diminishing,diminishing,78.0,0.0007989406585693359,-9.228348201497116,0.4675649442505776,5.0
0.0,PFW_diminishing,diminishing,79.0,0.0008089542388916016,-9.230199205000666,0.37120590639666506,5.0
0.0,PFW_diminishing,diminishing,80.0,0.0008189678192138672,-9.228674010173705,0.45223437402658107,5.0
0.0,PFW_diminishing,diminishing,81.0,0.0008289813995361328,-9.230473192339245,0.3600691486713776,5.0
0.0,PFW_diminishing,diminishing,82.0,0.0008380413055419922,-9.228977433516121,0.43765274180761615,5.0
0.0,PFW_diminishing,diminishing,83.0,0.0008480548858642578,-9.230727724647013,0.3494734462275737,5.0
0.0,PFW_diminishing,diminishing,84.0,0.0008580684661865234,-9.229260495908747,0.42376649606749517,5.0
0.0,PFW_diminishing,diminishing,85.0,0.0008680820465087891,-9.230964580565065,0.3393803306965557,5.0
0.0,PFW_diminishing,diminishing,86.0,0.0008749961853027344,-9.229524997083864,0.41052707008683953,5.0
0.0,PFW_diminishing,diminishing,87.0,0.000885009765625,-9.231185340911205,0.32975489386988865,5.0
0.0,PFW_diminishing,diminishing,88.0,0.0008950233459472656,-9.229772541444579,0.3978903153254141,5.0
0.0,PFW_diminishing,diminishing,89.0,0.0009050369262695312,-9.231391414450297,0.3205653853792301,5.0
0.0,PFW_diminishing,diminishing,90.0,0.0009140968322753906,-9.23000456301283,0.38581601034374646,5.0
0.0,PFW_diminishing,diminishing,91.0,0.0009241104125976562,-9.231584059836145,0.31178286370097297,5.0
0.0,PFW_diminishing,diminishing,92.0,0.0009322166442871094,-9.230222346733399,0.37426743378084737,5.0
0.0,PFW_diminishing,diminishing,93.0,0.0009431838989257812,-9.231764404360895,0.3033808924218615,5.0
0.0,PFW_diminishing,diminishing,94.0,0.0009531974792480469,-9.230427046730137,0.363210991850095,5.0
0.0,PFW_diminishing,diminishing,95.0,0.0009629726409912109,-9.231933460031579,0.295335275065276,5.0
0.0,PFW_diminishing,diminishing,96.0,0.0009729862213134766,-9.230619702003095,0.35261589240418356,5.0
0.0,PFW_diminishing,diminishing,97.0,0.000982046127319336,-9.232092137400182,0.28762382288759447,5.0
0.0,PFW_diminishing,diminishing,98.0,0.0009920597076416016,-9.230801249968763,0.3424538589172821,5.0
0.0,PFW_diminishing,diminishing,99.0,0.0010020732879638672,-9.232241257498726,0.280226150961151,5.0
0.0,PFW_diminishing,diminishing,100.0,0.0010120868682861328,-9.230972538175845,0.33269887879647975,5.0
0.0,PFW_diminishing,diminishing,101.0,0.0010218620300292969,-9.232381562170096,0.27312349860526997,5.0
0.0,PFW_diminishing,diminishing,102.0,0.0010318756103515625,-9.231134334472422,0.3233269813108155,5.0
0.0,PFW_diminishing,diminishing,103.0,0.0010390281677246094,-9.232513723036242,0.26629857084113695,5.0
0.0,PFW_diminishing,diminishing,104.0,0.001049041748046875,-9.231287335854287,0.31431604115091094,5.0
0.0,PFW_diminishing,diminishing,105.0,0.0010590553283691406,-9.23263834930513,0.25973539805480605,5.0
0.0,PFW_diminishing,diminishing,106.0,0.0010690689086914062,-9.231432176186566,0.30564560423388,5.0
0.0,PFW_diminishing,diminishing,107.0,0.0010790824890136719,-9.232755994585041,0.253419211475439,5.0
0.0,PFW_diminishing,diminishing,108.0,0.0010890960693359375,-9.23156943295977,0.2972967328696434,5.0
0.0,PFW_diminishing,diminishing,109.0,0.0010979175567626953,-9.232867162847754,0.24733633242848363,5.0
0.0,PFW_diminishing,diminishing,110.0,0.0011069774627685547,-9.231699633215984,0.2892518678241913,5.0
0.0,PFW_diminishing,diminishing,111.0,0.0011172294616699219,-9.232972313659822,0.24147407361879303,5.0
0.0,PFW_diminishing,diminishing,112.0,0.0011272430419921875,-9.231823258759757,0.28149470516737907,5.0
0.0,PFW_diminishing,diminishing,113.0,0.0011372566223144531,-9.23307186678279,0.2358206509467422,5.0
0.0,PFW_diminishing,diminishing,114.0,0.0011470317840576172,-9.231940750750791,0.2740100860892918,5.0
0.0,PFW_diminishing,diminishing,115.0,0.0011551380157470703,-9.233166206227747,0.23036510456950143,5.0
0.0,PFW_diminishing,diminishing,116.0,0.0011639595031738281,-9.232052513760916,0.26678389811968817,5.0
0.0,PFW_diminishing,diminishing,117.0,0.0011739730834960938,-9.233255683836912,0.22509722809644028,5.0
0.0,PFW_diminishing,diminishing,118.0,0.0011839866638183594,-9.232158919365645,0.2598029863973288,5.0
0.0,PFW_diminishing,diminishing,119.0,0.001194000244140625,-9.233340622454186,0.22000750495759824,5.0
0.0,PFW_diminishing,diminishing,120.0,0.0012040138244628906,-9.232260309330451,0.25305507381639725,5.0
0.0,PFW_diminishing,diminishing,121.0,0.0012111663818359375,-9.233421318737648,0.2150870511117482,5.0
0.0,PFW_diminishing,diminishing,122.0,0.0012211799621582031,-9.232356998443175,0.24652868903105674,5.0
0.0,PFW_diminishing,diminishing,123.0,0.0012311935424804688,-9.233498045659465,0.21032756336941372,5.0
0.0,PFW_diminishing,diminishing,124.0,0.0012412071228027344,-9.232449277036896,0.2402131014306823,5.0
0.0,PFW_diminishing,diminishing,125.0,0.0012509822845458984,-9.233571054732188,0.2057212726993347,5.0
0.0,PFW_diminishing,diminishing,126.0,0.0012600421905517578,-9.232537413241314,0.23409826231100617,5.0
0.0,PFW_diminishing,diminishing,127.0,0.0012679100036621094,-9.23364057799518,0.2012609019667062,5.0
0.0,PFW_diminishing,diminishing,128.0,0.001277923583984375,-9.232621654995592,0.22817475156327838,5.0
0.0,PFW_diminishing,diminishing,129.0,0.0012879371643066406,-9.233706829790124,0.1969396276202504,5.0
0.0,PFW_diminishing,diminishing,130.0,0.0012981891632080078,-9.232702231851121,0.22243372928697802,5.0
0.0,PFW_diminishing,diminishing,131.0,0.0013082027435302734,-9.233770008350916,0.1927510449043579,5.0
0.0,PFW_diminishing,diminishing,132.0,0.0013170242309570312,-9.232779356588935,0.2168668918037202,5.0
0.0,PFW_diminishing,diminishing,133.0,0.0013251304626464844,-9.233830297229654,0.18868913622372752,5.0
0.0,PFW_diminishing,diminishing,134.0,0.00133514404296875,-9.232853226673257,0.21146643161233136,5.0
0.0,PFW_diminishing,diminishing,135.0,0.0013439655303955078,-9.233887866577803,0.18474824233223686,5.0
0.0,PFW_diminishing,diminishing,136.0,0.0013539791107177734,-9.232924025559896,0.20622500087924056,5.0
0.0,PFW_diminishing,diminishing,137.0,0.001363992691040039,-9.23394287429906,0.1809230360562788,5.0
0.0,PFW_diminishing,diminishing,138.0,0.0013740062713623047,-9.232991923875874,0.20113567810539568,5.0
0.0,PFW_diminishing,diminishing,139.0,0.0013811588287353516,-9.233995467088379,0.1772084982962916,5.0
0.0,PFW_diminishing,diminishing,140.0,0.0013911724090576172,-9.233057080484514,0.19619193765190523,5.0
0.0,PFW_diminishing,diminishing,141.0,0.0014011859893798828,-9.234045781369806,0.17359989607933368,5.0
0.0,PFW_diminishing,diminishing,142.0,0.0014100074768066406,-9.233119643448626,0.19138762184245017,5.0
0.0,PFW_diminishing,diminishing,143.0,0.0014200210571289062,-9.23409394414421,0.17009276246115235,5.0
0.0,PFW_diminishing,diminishing,144.0,0.0014300346374511719,-9.233179750902735,0.18671691539184465,5.0
0.0,PFW_diminishing,diminishing,145.0,0.0014371871948242188,-9.234140073756691,0.1666828780984453,5.0
0.0,PFW_diminishing,diminishing,146.0,0.0014472007751464844,-9.233237531844058,0.1821743219375671,5.0
0.0,PFW_diminishing,diminishing,147.0,0.00145721435546875,-9.234184280592189,0.16336625433165164,5.0
0.0,PFW_diminishing,diminishing,148.0,0.0014672279357910156,-9.233293106850798,0.17775464247528028,5.0
0.0,PFW_diminishing,diminishing,149.0,0.0014772415161132812,-9.234226667706888,0.16013911763577227,5.0
0.0,PFW_diminishing,diminishing,150.0,0.0014870166778564453,-9.233346588735287,0.1734529555205162,5.0
0.0,PFW_diminishing,diminishing,151.0,0.0014951229095458984,-9.234267331402087,0.156997895311914,5.0
0.0,PFW_diminishing,diminishing,152.0,0.001505136489868164,-9.233398083138642,0.16926459883748368,5.0
0.0,PFW_diminishing,diminishing,153.0,0.0015149116516113281,-9.234306361746434,0.15393920230558322,5.0
0.0,PFW_diminishing,diminishing,154.0,0.0015249252319335938,-9.233447689072852,0.16518515259246236,5.0
0.0,PFW_diminishing,diminishing,155.0,0.0015339851379394531,-9.234343843051771,0.15095982904958838,5.0
0.0,PFW_diminishing,diminishing,156.0,0.0015439987182617188,-9.23349549941559,0.16121042380387074,5.0
0.0,PFW_diminishing,diminishing,157.0,0.0015511512756347656,-9.234379854307223,0.1480567302398086,5.0
0.0,PFW_diminishing,diminishing,158.0,0.0015611648559570312,-9.23354160136233,0.15733643197406355,5.0
0.0,PFW_diminishing,diminishing,159.0,0.0015711784362792969,-9.234414469575663,0.14522701446143493,5.0
0.0,PFW_diminishing,diminishing,160.0,0.001580953598022461,-9.233586076840032,0.15355939579938926,5.0
0.0,PFW_diminishing,diminishing,161.0,0.0015900135040283203,-9.234447758356241,0.14246793459139617,5.0
0.0,PFW_diminishing,diminishing,162.0,0.001600027084350586,-9.233629002885978,0.14987572086530854,5.0
0.0,PFW_diminishing,diminishing,163.0,0.0016078948974609375,-9.23447978591622,0.13977687891011747,5.0
0.0,PFW_diminishing,diminishing,164.0,0.0016171932220458984,-9.23367045199518,0.1462819882424089,5.0
0.0,PFW_diminishing,diminishing,165.0,0.001627206802368164,-9.234510613595099,0.13715136286215301,5.0
0.0,PFW_diminishing,diminishing,166.0,0.0016372203826904297,-9.233710492439256,0.1427749439073196,5.0
0.0,PFW_diminishing,diminishing,167.0,0.0016469955444335938,-9.23454029908358,0.13458902141114493,5.0
0.0,PFW_diminishing,diminishing,168.0,0.0016560554504394531,-9.233749188559415,0.1393514889197407,5.0
0.0,PFW_diminishing,diminishing,169.0,0.0016639232635498047,-9.23456889667975,0.13208760193965396,5.0
0.0,PFW_diminishing,diminishing,170.0,0.0016739368438720703,-9.233786601035973,0.1360086702932879,5.0
0.0,PFW_diminishing,diminishing,171.0,0.0016829967498779297,-9.234596457524605,0.12964495764913675,5.0
0.0,PFW_diminishing,diminishing,172.0,0.0016939640045166016,-9.23382278713649,0.1327436725036506,5.0
0.0,PFW_diminishing,diminishing,173.0,0.0017049312591552734,-9.234623029818717,0.12725904141941857,5.0
0.0,PFW_diminishing,diminishing,174.0,0.0017142295837402344,-9.233857800944449,0.1295538095827613,5.0
0.0,PFW_diminishing,diminishing,175.0,0.0017211437225341797,-9.234648659021854,0.12492790009078458,5.0
0.0,PFW_diminishing,diminishing,176.0,0.0017311573028564453,-9.2368879780996,0.12770861885377727,5.0
0.0,PFW_diminishing,diminishing,177.0,0.001741170883178711,-9.238145054647468,0.028152231359809043,5.0
0.0,PFW_diminishing,diminishing,178.0,0.001750946044921875,-9.236732369919448,0.12461094251340832,5.0
0.0,PFW_diminishing,diminishing,179.0,0.0017609596252441406,-9.238165256531675,0.32644118993005034,5.0
0.0,PFW_diminishing,diminishing,180.0,0.00177001953125,-9.236767789735953,0.12243296040393492,5.0
0.0,PFW_diminishing,diminishing,181.0,0.0017781257629394531,-9.238184716972267,0.32347091877406875,5.0
0.0,PFW_diminishing,diminishing,182.0,0.0017871856689453125,-9.236802147102525,0.12030305584559198,5.0
0.0,PFW_diminishing,diminishing,183.0,0.0017971992492675781,-9.238203469584015,0.32056563142185013,5.0
0.0,PFW_diminishing,diminishing,184.0,0.0018072128295898438,-9.236835485573488,0.11821965454831584,5.0
0.0,PFW_diminishing,diminishing,185.0,0.0018160343170166016,-9.238221546140872,0.3177232185534624,5.0
0.0,PFW_diminishing,diminishing,186.0,0.0018260478973388672,-9.236867846461145,0.11618125020259207,5.0
0.0,PFW_diminishing,diminishing,187.0,0.0018329620361328125,-9.238238976694353,0.3149416611532354,5.0
0.0,PFW_diminishing,diminishing,188.0,0.0018429756164550781,-9.236899268973897,0.11418640084978282,5.0
0.0,PFW_diminishing,diminishing,189.0,0.001852273941040039,-9.238255789683148,0.312219025728691,5.0
0.0,PFW_diminishing,diminishing,190.0,0.0018620491027832031,-9.236929790344513,0.1122337254825112,5.0
0.0,PFW_diminishing,diminishing,191.0,0.0018720626831054688,-9.238272012034766,0.3095534598300178,5.0
0.0,PFW_diminishing,diminishing,192.0,0.0018811225891113281,-9.23695944594932,0.11032190085830074,5.0
0.0,PFW_diminishing,diminishing,193.0,0.0018889904022216797,-9.238287669259812,0.30694318784828845,5.0
0.0,PFW_diminishing,diminishing,194.0,0.001898050308227539,-9.236988269419044,0.10844965851099886,5.0
0.0,PFW_diminishing,diminishing,195.0,0.0019080638885498047,-9.238302785539505,0.30438650707238235,5.0
0.0,PFW_diminishing,diminishing,196.0,0.0019168853759765625,-9.237016292741973,0.10661578194582155,5.0
0.0,PFW_diminishing,diminishing,197.0,0.0019271373748779297,-9.238317383807019,0.301881783986242,5.0
0.0,PFW_diminishing,diminishing,198.0,0.001936197280883789,-9.23704354636006,0.1048191040049895,5.0
0.0,PFW_diminishing,diminishing,199.0,0.0019440650939941406,-9.238331485823084,0.29942745078952715,5.0
0.0,PFW_diminishing,diminishing,200.0,0.0019540786743164062,-9.237070059258473,0.10305850439197517,5.0
0.0,PFW_diminishing,diminishing,201.0,0.001964092254638672,-9.238345112246355,0.2970220021261083,5.0
0.0,PFW_diminishing,diminishing,202.0,0.0019741058349609375,-9.237095859049134,0.10133290734332512,5.0
0.0,PFW_diminishing,diminishing,203.0,0.0019829273223876953,-9.23835828269892,0.2946639920060603,5.0
0.0,PFW_diminishing,diminishing,204.0,0.001992940902709961,-9.23712097204872,0.09964127943792178,5.0
0.0,PFW_diminishing,diminishing,205.0,0.002000093460083008,-9.238371015827337,0.2923520309079226,5.0
0.0,PFW_diminishing,diminishing,206.0,0.0020101070404052734,-9.237145423351462,0.09798262753426723,5.0
0.0,PFW_diminishing,diminishing,207.0,0.002020120620727539,-9.238383329359566,0.29008478304905516,5.0
0.0,PFW_diminishing,diminishing,208.0,0.0020301342010498047,-9.23716923689726,0.09635599682719942,5.0
0.0,PFW_diminishing,diminishing,209.0,0.0020389556884765625,-9.238395240158063,0.28786096381278625,5.0
0.0,PFW_diminishing,diminishing,210.0,0.002048969268798828,-9.237192435535338,0.09476046901599755,5.0
0.0,PFW_diminishing,diminishing,211.0,0.0020570755004882812,-9.238406764269367,0.28567933732198547,5.0
0.0,PFW_diminishing,diminishing,212.0,0.0020661354064941406,-9.237215041083841,0.09319516057654731,5.0
0.0,PFW_diminishing,diminishing,213.0,0.0020761489868164062,-9.23841791697043,0.28353871414938947,5.0
0.0,PFW_diminishing,diminishing,214.0,0.002086162567138672,-9.237237074385646,0.09165922113070302,5.0
0.0,PFW_diminishing,diminishing,215.0,0.0020961761474609375,-9.23842871281191,0.2814379491558219,5.0
0.0,PFW_diminishing,diminishing,216.0,0.0021049976348876953,-9.237258555360672,0.0901518319065362,5.0
0.0,PFW_diminishing,diminishing,217.0,0.0021131038665771484,-9.238439165658683,0.279375939447994,5.0
0.0,PFW_diminishing,diminishing,218.0,0.002123117446899414,-9.2372795030549,0.08867220428362632,5.0
0.0,PFW_diminishing,diminishing,219.0,0.002131938934326172,-9.23844928872777,0.2773516224482986,5.0
0.0,PFW_diminishing,diminishing,220.0,0.0021419525146484375,-9.237299935686407,0.08721957841794303,5.0
0.0,PFW_diminishing,diminishing,221.0,0.0021581649780273438,-9.238459094623828,0.27536397406944246,5.0
0.0,PFW_diminishing,diminishing,222.0,0.0021669864654541016,-9.237319870688546,0.08579322194131578,5.0
0.0,PFW_diminishing,diminishing,223.0,0.002177000045776367,-9.238468595372435,0.2734120069873782,5.0
0.0,PFW_diminishing,diminishing,224.0,0.002187967300415039,-9.237339324750533,0.08439242873077202,5.0
0.0,PFW_diminishing,diminishing,225.0,0.002198934555053711,-9.238477802451303,0.2714947690063836,5.0
0.0,PFW_diminishing,diminishing,226.0,0.0022079944610595703,-9.237358313855571,0.08301651774344698,5.0
0.0,PFW_diminishing,diminishing,227.0,0.002218008041381836,-9.238486726819527,0.26961134151062627,5.0
0.0,PFW_diminishing,diminishing,228.0,0.0022280216217041016,-9.237376853316729,0.08166483191300866,5.0
0.0,PFW_diminishing,diminishing,229.0,0.0022368431091308594,-9.238495378945073,0.26776083799690387,5.0
0.0,PFW_diminishing,diminishing,230.0,0.0022470951080322266,-9.237394957810665,0.08033673710382594,5.0
0.0,PFW_diminishing,diminishing,231.0,0.002257108688354492,-9.238503768830585,0.2659424026836552,5.0
0.0,PFW_diminishing,diminishing,232.0,0.002267122268676758,-9.237412641409414,0.07903162111939999,5.0
0.0,PFW_diminishing,diminishing,233.0,0.0022771358489990234,-9.238511906037635,0.26415520919164326,5.0
0.0,PFW_diminishing,diminishing,234.0,0.002286195755004883,-9.2374299176103,0.07774889276182684,5.0
0.0,PFW_diminishing,diminishing,235.0,0.002295970916748047,-9.238519799709522,0.26239845929204364,5.0
0.0,PFW_diminishing,diminishing,236.0,0.0023059844970703125,-9.237446799364138,0.07648798093919495,5.0
0.0,PFW_diminishing,diminishing,237.0,0.002315998077392578,-9.238527458592717,0.2606713817179651,5.0
0.0,PFW_diminishing,diminishing,238.0,0.0023250579833984375,-9.237463299101826,0.0752483338181511,5.0
0.0,PFW_diminishing,diminishing,239.0,0.0023331642150878906,-9.23853489105705,0.25897323103565384,5.0
0.0,PFW_diminishing,diminishing,240.0,0.0023431777954101562,-9.237479428759434,0.07402941801895135,5.0
0.0,PFW_diminishing,diminishing,241.0,0.0023522377014160156,-9.23854210511472,0.2573032865719638,5.0
0.0,PFW_diminishing,diminishing,242.0,0.0023620128631591797,-9.237495199801863,0.07283071785056361,5.0
0.0,PFW_diminishing,diminishing,243.0,0.0023720264434814453,-9.238549108438196,0.2556608513947918,5.0
0.0,PFW_diminishing,diminishing,244.0,0.002382040023803711,-9.237510623245221,0.07165173458347596,5.0
0.0,PFW_diminishing,diminishing,245.0,0.0023889541625976562,-9.238555908377103,0.254045251343487,5.0
0.0,PFW_diminishing,diminishing,246.0,0.002398967742919922,-9.237525709677941,0.070491985758105,5.0
0.0,PFW_diminishing,diminishing,247.0,0.0024089813232421875,-9.238562511974123,0.25245583410640293,5.0
0.0,PFW_diminishing,diminishing,248.0,0.002418994903564453,-9.237540469280738,0.06935100452675691,5.0
0.0,PFW_diminishing,diminishing,249.0,0.0024290084838867188,-9.238568925980035,0.2508919683429065,5.0
0.0,PFW_diminishing,diminishing,250.0,0.002438068389892578,-9.237554911845494,0.06822833902726533,5.0
0.0,PFW_diminishing,diminishing,251.0,0.0024461746215820312,-9.238575156867853,0.24935304284740312,5.0
0.0,PFW_diminishing,diminishing,252.0,0.002456188201904297,-9.237569046793128,0.06712355178654583,5.0
0.0,PFW_diminishing,diminishing,253.0,0.0024650096893310547,-9.238581210846249,0.24783846575302348,5.0
0.0,PFW_diminishing,diminishing,254.0,0.0024750232696533203,-9.237582883190482,0.06603621915241487,5.0
0.0,PFW_diminishing,diminishing,255.0,0.002485036849975586,-9.238587093872159,0.24634766377281103,5.0
0.0,PFW_diminishing,diminishing,256.0,0.0024950504302978516,-9.237596429766356,0.06496593075210999,5.0
0.0,PFW_diminishing,diminishing,257.0,0.002505064010620117,-9.238592811662757,0.24488008147634854,5.0
0.0,PFW_diminishing,diminishing,258.0,0.0025131702423095703,-9.23760969492665,0.06391228897606904,5.0
0.0,PFW_diminishing,diminishing,259.0,0.002523183822631836,-9.238598369706752,0.2434351805999313,5.0
0.0,PFW_diminishing,diminishing,260.0,0.0025320053100585938,-9.237622686768752,0.06287490848561372,5.0
0.0,PFW_diminishing,diminishing,261.0,0.0025420188903808594,-9.238603773275058,0.24201243938846329,5.0
0.0,PFW_diminishing,diminishing,262.0,0.002552032470703125,-9.237635413095157,0.061853415743224005,5.0
0.0,PFW_diminishing,diminishing,263.0,0.0025620460510253906,-9.23860902743093,0.24061135196739603,5.0
0.0,PFW_diminishing,diminishing,264.0,0.002568960189819336,-9.237647881426405,0.06084744856424695,5.0
0.0,PFW_diminishing,diminishing,265.0,0.0025789737701416016,-9.23861413703953,0.23923142774312645,5.0
0.0,PFW_diminishing,diminishing,266.0,0.0025882720947265625,-9.23766009901333,0.05985665568886489,5.0
0.0,PFW_diminishing,diminishing,267.0,0.0025980472564697266,-9.23861910677699,0.2378721908303616,5.0
0.0,PFW_diminishing,diminishing,268.0,0.002608060836791992,-9.237672072848724,0.05888069637330151,5.0
0.0,PFW_diminishing,diminishing,269.0,0.002618074417114258,-9.238623941139018,0.23653317950503006,5.0
0.0,PFW_diminishing,diminishing,270.0,0.0026259422302246094,-9.23768380967838,0.0579192399992321,5.0
0.0,PFW_diminishing,diminishing,271.0,0.0026350021362304688,-9.238628644449033,0.23521394568143972,5.0
0.0,PFW_diminishing,diminishing,272.0,0.0026450157165527344,-9.2376953160116,0.056971965700475025,5.0
0.0,PFW_diminishing,diminishing,273.0,0.002655029296875,-9.238633220865891,0.23391405441242608,5.0
0.0,PFW_diminishing,diminishing,274.0,0.0026650428771972656,-9.237706598131188,0.05603856200608881,5.0
0.0,PFW_diminishing,diminishing,275.0,0.0026750564575195312,-9.238637674391214,0.23263308341132838,5.0
0.0,PFW_diminishing,diminishing,276.0,0.002682209014892578,-9.237717662102943,0.055118726499006954,5.0
0.0,PFW_diminishing,diminishing,277.0,0.0026922225952148438,-9.238642008876337,0.23137062259467545,5.0
0.0,PFW_diminishing,diminishing,278.0,0.002701997756958008,-9.237728513784674,0.05421216548947072,5.0
0.0,PFW_diminishing,diminishing,279.0,0.0027120113372802734,-9.238646228028909,0.23012627364455618,5.0
0.0,PFW_diminishing,diminishing,280.0,0.002722024917602539,-9.23773915883481,0.053318593702480044,5.0
0.0,PFW_diminishing,diminishing,281.0,0.0027310848236083984,-9.238650335419166,0.22889964958969689,5.0
0.0,PFW_diminishing,diminishing,282.0,0.00273895263671875,-9.237749602720566,0.05243773397858309,5.0
0.0,PFW_diminishing,diminishing,283.0,0.0027489662170410156,-9.238654334485874,0.22769037440428885,5.0
0.0,PFW_diminishing,diminishing,284.0,0.002763986587524414,-9.237759850725734,0.051569316987348124,5.0
0.0,PFW_diminishing,diminishing,285.0,0.0027740001678466797,-9.238658228542,0.2264980826237455,5.0
0.0,PFW_diminishing,diminishing,286.0,0.0027840137481689453,-9.237769907958102,0.05071308095287819,5.0
0.0,PFW_diminishing,diminishing,287.0,0.0027930736541748047,-9.238662020780078,0.22532241897650263,5.0
0.0,PFW_diminishing,diminishing,288.0,0.002802133560180664,-9.237779779356512,0.04986877139080015,5.0
0.0,PFW_diminishing,diminishing,289.0,0.0028121471405029297,-9.238665714277332,0.2241630380311399,5.0
0.0,PFW_diminishing,diminishing,290.0,0.0028221607208251953,-9.237789469697603,0.049036140856165034,5.0
0.0,PFW_diminishing,diminishing,291.0,0.002832174301147461,-9.238669312000535,0.2230196038580461,5.0
0.0,PFW_diminishing,diminishing,292.0,0.0028409957885742188,-9.237798983602236,0.04821494870173115,5.0
0.0,PFW_diminishing,diminishing,293.0,0.002849102020263672,-9.238672816810656,0.2218917897049577,5.0
0.0,PFW_diminishing,diminishing,294.0,0.0028579235076904297,-9.237808325541614,0.047404960846145094,5.0
0.0,PFW_diminishing,diminishing,295.0,0.0028679370880126953,-9.238676231467245,0.22077927768569072,5.0
0.0,PFW_diminishing,diminishing,296.0,0.002877950668334961,-9.237817499843125,0.046605949551538295,5.0
0.0,PFW_diminishing,diminishing,297.0,0.0028879642486572266,-9.238679558632647,0.2196817584814692,5.0
0.0,PFW_diminishing,diminishing,298.0,0.0028972625732421875,-9.237826510695932,0.04581769321009954,5.0
0.0,PFW_diminishing,diminishing,299.0,0.0029060840606689453,-9.238682800875996,0.21859893105423556,5.0
0.0,PFW_diminishing,diminishing,300.0,0.002916097640991211,-9.23783536215628,0.04503997613922017,5.0
0.0,PFW_diminishing,diminishing,301.0,0.0029261112213134766,-9.238685960677023,0.2175305023713996,5.0
0.0,PFW_diminishing,diminishing,302.0,0.002936124801635742,-9.237844058152605,0.044272588384787426,5.0
0.0,PFW_diminishing,diminishing,303.0,0.002946138381958008,-9.23868904042969,0.21647618714149885,5.0
0.0,PFW_diminishing,diminishing,304.0,0.0029549598693847656,-9.237852602490378,0.04351532553226267,5.0
0.0,PFW_diminishing,diminishing,305.0,0.0029630661010742188,-9.238692042445651,0.21543570756025154,5.0
0.0,PFW_diminishing,diminishing,306.0,0.002972126007080078,-9.237860998856743,0.042767988525191925,5.0
0.0,PFW_diminishing,diminishing,307.0,0.0029821395874023438,-9.238694968957551,0.21440879306655614,5.0
0.0,PFW_diminishing,diminishing,308.0,0.0029921531677246094,-9.237869250824978,0.04203038349080046,5.0
0.0,PFW_diminishing,diminishing,309.0,0.0030031204223632812,-9.23869782212219,0.21339518010795988,5.0
0.0,PFW_diminishing,diminishing,310.0,0.003013134002685547,-9.23787736185872,0.04130232157236158,5.0
0.0,PFW_diminishing,diminishing,311.0,0.003020048141479492,-9.238700604023506,0.21239461191518494,5.0
0.0,PFW_diminishing,diminishing,312.0,0.003030061721801758,-9.23788533531603,0.04058361876801353,5.0
0.0,PFW_diminishing,diminishing,313.0,0.0030388832092285156,-9.238703316675466,0.21140683828530182,5.0
0.0,PFW_diminishing,diminishing,314.0,0.0030488967895507812,-9.237893174453278,0.03987409577577239,5.0
0.0,PFW_diminishing,diminishing,315.0,0.003058910369873047,-9.238705962024799,0.21043161537317445,5.0
0.0,PFW_diminishing,diminishing,316.0,0.003068208694458008,-9.237900882428868,0.039173577844429985,5.0
0.0,PFW_diminishing,diminishing,317.0,0.0030760765075683594,-9.238708541953613,0.20946870549078778,5.0
0.0,PFW_diminishing,diminishing,318.0,0.003086090087890625,-9.237908462306777,0.03848189463009266,5.0
0.0,PFW_diminishing,diminishing,319.0,0.0030951499938964844,-9.23871105828189,0.20851787691414447,5.0
0.0,PFW_diminishing,diminishing,320.0,0.0031049251556396484,-9.237915917059986,0.03779888005812193,5.0
0.0,PFW_diminishing,diminishing,321.0,0.003114938735961914,-9.238713512769888,0.20757890369737364,5.0
0.0,PFW_diminishing,diminishing,322.0,0.0031239986419677734,-9.237923249573726,0.03712437219021769,5.0
0.0,PFW_diminishing,diminishing,323.0,0.0031321048736572266,-9.23871590712042,0.20665156549375396,5.0
0.0,PFW_diminishing,diminishing,324.0,0.003142118453979492,-9.237930462648613,0.036458213096455694,5.0
0.0,PFW_diminishing,diminishing,325.0,0.003152132034301758,-9.23871824298103,0.20573564738334316,5.0
0.0,PFW_diminishing,diminishing,326.0,0.0031621456146240234,-9.237937559003644,0.03580024873202259,5.0
0.0,PFW_diminishing,diminishing,327.0,0.003172159194946289,-9.238720521946098,0.20483093970694366,5.0
0.0,PFW_diminishing,diminishing,328.0,0.0031821727752685547,-9.23794454127907,0.03515032881849578,5.0
0.0,PFW_diminishing,diminishing,329.0,0.0031890869140625,-9.238722745558828,0.20393723790611684,5.0
0.0,PFW_diminishing,diminishing,330.0,0.0031991004943847656,-9.237951412039154,0.03450830672943184,5.0
0.0,PFW_diminishing,diminishing,331.0,0.0032088756561279297,-9.238724915313163,0.20305434236900854,5.0
0.0,PFW_diminishing,diminishing,332.0,0.0032181739807128906,-9.237958173774807,0.03387403938010536,5.0
0.0,PFW_diminishing,diminishing,333.0,0.0032281875610351562,-9.23872703265562,0.20218205828173463,5.0
0.0,PFW_diminishing,diminishing,334.0,0.003238201141357422,-9.237964828906122,0.033247387121224214,5.0
0.0,PFW_diminishing,diminishing,335.0,0.0032460689544677734,-9.238729098987031,0.20132019548507962,5.0
0.0,PFW_diminishing,diminishing,336.0,0.003256082534790039,-9.237971379784819,0.03262821363644175,5.0
0.0,PFW_diminishing,diminishing,337.0,0.0032651424407958984,-9.238731115664244,0.20046856833631566,5.0
0.0,PFW_diminishing,diminishing,338.0,0.0032749176025390625,-9.237977828696565,0.032016385843522066,5.0
0.0,PFW_diminishing,diminishing,339.0,0.003284931182861328,-9.238733084001709,0.1996269955759029,5.0
0.0,PFW_diminishing,diminishing,340.0,0.0032939910888671875,-9.23798417786322,0.03141177379899229,5.0
0.0,PFW_diminishing,diminishing,341.0,0.0033020973205566406,-9.238735005273028,0.1987953001988947,5.0
0.0,PFW_diminishing,diminishing,342.0,0.0033121109008789062,-9.237990429445004,0.03081425060616194,5.0
0.0,PFW_diminishing,diminishing,343.0,0.003322124481201172,-9.238736880712434,0.19797330933082957,5.0
0.0,PFW_diminishing,diminishing,344.0,0.0033311843872070312,-9.237996585542534,0.030223692326341478,5.0
0.0,PFW_diminishing,diminishing,345.0,0.0033409595489501953,-9.238738711516204,0.1971608541079588,5.0
0.0,PFW_diminishing,diminishing,346.0,0.003350973129272461,-9.238002648198846,0.02963997789316508,5.0
0.0,PFW_diminishing,diminishing,347.0,0.0033578872680664062,-9.238740498844017,0.19635776956159745,5.0
0.0,PFW_diminishing,diminishing,348.0,0.003367900848388672,-9.238008619401276,0.029062989029856823,5.0
0.0,PFW_diminishing,diminishing,349.0,0.003378152847290039,-9.238742243820253,0.19556389450647504,5.0
0.0,PFW_diminishing,diminishing,350.0,0.0033881664276123047,-9.238014501083311,0.028492610169354116,5.0
0.0,PFW_diminishing,diminishing,351.0,0.003397226333618164,-9.238743947535248,0.1947790714328912,5.0
0.0,PFW_diminishing,diminishing,352.0,0.003407001495361328,-9.238020295126352,0.027928728377148992,5.0
0.0,PFW_diminishing,diminishing,353.0,0.0034151077270507812,-9.238745611046486,0.19400314640254024,5.0
0.0,PFW_diminishing,diminishing,354.0,0.003425121307373047,-9.238026003361407,0.027371233276755724,5.0
0.0,PFW_diminishing,diminishing,355.0,0.0034351348876953125,-9.238747235379755,0.1932359689478691,5.0
0.0,PFW_diminishing,diminishing,356.0,0.0034449100494384766,-9.238031627570718,0.02682001697770353,5.0
0.0,PFW_diminishing,diminishing,357.0,0.003453969955444336,-9.238748821530244,0.19247739197479863,5.0
0.0,PFW_diminishing,diminishing,358.0,0.0034639835357666016,-9.238037169489347,0.026274974005931817,5.0
0.0,PFW_diminishing,diminishing,359.0,0.0034711360931396484,-9.238750370463613,0.19172727166872594,5.0
0.0,PFW_diminishing,diminishing,360.0,0.003481149673461914,-9.238042630806675,0.0257360012365222,5.0
0.0,PFW_diminishing,diminishing,361.0,0.0034911632537841797,-9.238751883116997,0.1909854674036282,5.0
0.0,PFW_diminishing,diminishing,362.0,0.0034999847412109375,-9.238048013167859,0.025202997828666085,5.0
0.0,PFW_diminishing,diminishing,363.0,0.003509998321533203,-9.238753360399999,0.1902518416541854,5.0
0.0,PFW_diminishing,diminishing,364.0,0.0035200119018554688,-9.238053318175234,0.024675865162770094,5.0
0.0,PFW_diminishing,diminishing,365.0,0.0035278797149658203,-9.238754803195619,0.18952625991078875,5.0
0.0,PFW_diminishing,diminishing,366.0,0.0035371780395507812,-9.238058547389663,0.0241545067796487,5.0
0.0,PFW_diminishing,diminishing,367.0,0.003547191619873047,-9.238756212361157,0.188808590597338,5.0
0.0,PFW_diminishing,diminishing,368.0,0.0035572052001953125,-9.238063702331832,0.023638828321672634,5.0
0.0,PFW_diminishing,diminishing,369.0,0.0035660266876220703,-9.238757588729094,0.18809870499169534,5.0
0.0,PFW_diminishing,diminishing,370.0,0.003576040267944336,-9.238068784483508,0.02312873747586064,5.0
0.0,PFW_diminishing,diminishing,371.0,0.0035829544067382812,-9.238758933107905,0.18739647714873175,5.0
0.0,PFW_diminishing,diminishing,372.0,0.003592967987060547,-9.23807379528873,0.022624143918791972,5.0
0.0,PFW_diminishing,diminishing,373.0,0.0036029815673828125,-9.238760246282883,0.18670178382584002,5.0
0.0,PFW_diminishing,diminishing,374.0,0.0036122798919677734,-9.238078736154993,0.02212495926330238,5.0
0.0,PFW_diminishing,diminishing,375.0,0.0036220550537109375,-9.238761529016891,0.18601450441083678,5.0
0.0,PFW_diminishing,diminishing,376.0,0.003632068634033203,-9.238083608454348,0.021631097006867606,5.0
0.0,PFW_diminishing,diminishing,377.0,0.0036389827728271484,-9.238762782051122,0.1853345208521553,5.0
0.0,PFW_diminishing,diminishing,378.0,0.003648996353149414,-9.238088413524494,0.021142472481654018,5.0
0.0,PFW_diminishing,diminishing,379.0,0.0036590099334716797,-9.238764006105797,0.18466171759125594,5.0
0.0,PFW_diminishing,diminishing,380.0,0.003668069839477539,-9.238093152669817,0.020659002806121762,5.0
0.0,PFW_diminishing,diminishing,381.0,0.003677845001220703,-9.238765201880867,0.18399598149716123,5.0
0.0,PFW_diminishing,diminishing,382.0,0.003687143325805664,-9.238097827162392,0.020180606838176907,5.0
0.0,PFW_diminishing,diminishing,383.0,0.0036950111389160156,-9.238766370056661,0.18333720180304525,5.0
0.0,PFW_diminishing,diminishing,384.0,0.003704071044921875,-9.238102438242947,0.01970720512977131,5.0
0.0,PFW_diminishing,diminishing,385.0,0.0037140846252441406,-9.238767511294538,0.18268527004480006,5.0
0.0,PFW_diminishing,diminishing,386.0,0.0037240982055664062,-9.238106987121817,0.01923871988292536,5.0
0.0,PFW_diminishing,diminishing,387.0,0.003734111785888672,-9.23876862623748,0.18204008000150917,5.0
0.0,PFW_diminishing,diminishing,388.0,0.0037429332733154297,-9.238111474979823,0.018775074907116718,5.0
0.0,PFW_diminishing,diminishing,389.0,0.0037512779235839844,-9.23876971551071,0.18140152763775141,5.0
0.0,PFW_diminishing,diminishing,390.0,0.003760099411010742,-9.238115902969158,0.018316195577978256,5.0
0.0,PFW_diminishing,diminishing,391.0,0.003770112991333008,-9.238770779722227,0.18076951104768924,5.0
0.0,PFW_diminishing,diminishing,392.0,0.0037801265716552734,-9.23812027221422,0.0178620087972563,5.0
0.0,PFW_diminishing,diminishing,393.0,0.0037889480590820312,-9.238771819463388,0.18014393040084897,5.0
0.0,PFW_diminishing,diminishing,394.0,0.003798961639404297,-9.238124583812434,0.017412442954005236,5.0
0.0,PFW_diminishing,diminishing,395.0,0.003805875778198242,-9.238772835309412,0.17952468788956732,5.0
0.0,PFW_diminishing,diminishing,396.0,0.003815889358520508,-9.238128838835026,0.016967427886951825,5.0
0.0,PFW_diminishing,diminishing,397.0,0.003826141357421875,-9.238773827819896,0.1789116876780028,5.0
0.0,PFW_diminishing,diminishing,398.0,0.0038352012634277344,-9.238133038327781,0.016526894847998186,5.0
0.0,PFW_diminishing,diminishing,399.0,0.00384521484375,-9.23877479753932,0.17830483585270596,5.0
0.0,PFW_diminishing,diminishing,400.0,0.0038552284240722656,-9.238137183311785,0.01609077646681456,5.0
0.0,PFW_diminishing,diminishing,401.0,0.003862142562866211,-9.238775744997488,0.17770404037465592,5.0
0.0,PFW_diminishing,diminishing,402.0,0.003871917724609375,-9.238141274784121,0.015659006716509438,5.0
0.0,PFW_diminishing,diminishing,403.0,0.0038819313049316406,-9.23877667071002,0.17710921103273414,5.0
0.0,PFW_diminishing,diminishing,404.0,0.0038919448852539062,-9.238145313718558,0.015231520880298,5.0
0.0,PFW_diminishing,diminishing,405.0,0.0039010047912597656,-9.238777575178771,0.17652025939855243,5.0
0.0,PFW_diminishing,diminishing,406.0,0.003911256790161133,-9.23814930106621,0.01480825551918219,5.0
0.0,PFW_diminishing,diminishing,407.0,0.003918170928955078,-9.238778458892252,0.1759370987826614,5.0
0.0,PFW_diminishing,diminishing,408.0,0.00392913818359375,-9.238153237756174,0.014389148440557165,5.0
0.0,PFW_diminishing,diminishing,409.0,0.003939151763916016,-9.238779322326062,0.17535964419199068,5.0
0.0,PFW_diminishing,diminishing,410.0,0.003949165344238281,-9.238157124696151,0.013974138667762759,5.0
0.0,PFW_diminishing,diminishing,411.0,0.003958940505981445,-9.238780165943254,0.1747878122885691,5.0
0.0,PFW_diminishing,diminishing,412.0,0.003968000411987305,-9.238160962773042,0.013563166410507144,5.0
0.0,PFW_diminishing,diminishing,413.0,0.00397801399230957,-9.23878099019474,0.17422152134943314,5.0
0.0,PFW_diminishing,diminishing,414.0,0.003988027572631836,-9.238788222729191,0.013285466476080643,5.0
0.0,PFW_diminishing,diminishing,415.0,0.0039980411529541016,-9.238760188137109,0.08712367349442118,5.0
0.0,PFW_diminishing,diminishing,416.0,0.004008054733276367,-9.238615321680966,0.05592446284512764,5.0
0.0,PFW_diminishing,diminishing,417.0,0.004018068313598633,-9.238762092942325,0.11743718327059849,5.0
0.0,PFW_diminishing,diminishing,418.0,0.004027128219604492,-9.238617905635069,0.05552301987232422,5.0
0.0,PFW_diminishing,diminishing,419.0,0.004037141799926758,-9.238763969055801,0.11688926577022318,5.0
0.0,PFW_diminishing,diminishing,420.0,0.0040471553802490234,-9.23862045461093,0.05512540777459485,5.0
0.0,PFW_diminishing,diminishing,421.0,0.004057168960571289,-9.238765817033707,0.11634655666232074,5.0
0.0,PFW_diminishing,diminishing,422.0,0.004065990447998047,-9.238622969250855,0.05473157197837253,5.0
0.0,PFW_diminishing,diminishing,423.0,0.0040740966796875,-9.238767637418968,0.11580898203460688,5.0
0.0,PFW_diminishing,diminishing,424.0,0.004082918167114258,-9.238625450182347,0.05434145894175213,5.0
0.0,PFW_diminishing,diminishing,425.0,0.0040929317474365234,-9.238769430741616,0.11527646936671054,5.0
0.0,PFW_diminishing,diminishing,426.0,0.004103183746337891,-9.238627898018503,0.053955016130214695,5.0
0.0,PFW_diminishing,diminishing,427.0,0.00411224365234375,-9.238771197519167,0.11474894749755915,5.0
0.0,PFW_diminishing,diminishing,428.0,0.004122018814086914,-9.23863031335842,0.05357219199305874,5.0
0.0,PFW_diminishing,diminishing,429.0,0.0041310787200927734,-9.238772938256973,0.11422634659367947,5.0
0.0,PFW_diminishing,diminishing,430.0,0.004141092300415039,-9.238804718078567,0.053413512206018865,5.0
0.0,PFW_diminishing,diminishing,431.0,0.004151105880737305,-9.238774656719006,0.0839084576715079,5.0
0.0,PFW_diminishing,diminishing,432.0,0.0041599273681640625,-9.238806282526317,0.05314034529140166,5.0
0.0,PFW_diminishing,diminishing,433.0,0.004169940948486328,-9.238776351885845,0.08346478408750713,5.0
0.0,PFW_diminishing,diminishing,434.0,0.004179954528808594,-9.238807825195222,0.0528697023854825,5.0
0.0,PFW_diminishing,diminishing,435.0,0.004189252853393555,-9.238778024179512,0.08302519110996531,5.0
0.0,PFW_diminishing,diminishing,436.0,0.00419926643371582,-9.238643204356965,0.0526464723811797,5.0
0.0,PFW_diminishing,diminishing,437.0,0.004209280014038086,-9.238779673616602,0.11197449663178638,5.0
0.0,PFW_diminishing,diminishing,438.0,0.00421905517578125,-9.23881124133936,0.052488918846976595,5.0
0.0,PFW_diminishing,diminishing,439.0,0.004228115081787109,-9.238781302287656,0.08222341375670705,5.0
0.0,PFW_diminishing,diminishing,440.0,0.004235029220581055,-9.238812720140327,0.052225639792269796,5.0
0.0,PFW_diminishing,diminishing,441.0,0.00424504280090332,-9.238782909287297,0.08179573221929193,5.0
0.0,PFW_diminishing,diminishing,442.0,0.004255056381225586,-9.238814178714419,0.05196474925032213,5.0
0.0,PFW_diminishing,diminishing,443.0,0.0042650699615478516,-9.23878449500101,0.08137191315871561,5.0
0.0,PFW_diminishing,diminishing,444.0,0.004274845123291016,-9.238655399743438,0.05175426752291923,5.0
0.0,PFW_diminishing,diminishing,445.0,0.0042841434478759766,-9.238786059484855,0.10980380684208058,5.0
0.0,PFW_diminishing,diminishing,446.0,0.004294157028198242,-9.238817410432592,0.05159763765197489,5.0
0.0,PFW_diminishing,diminishing,447.0,0.004304170608520508,-9.238787604582397,0.08059873623012948,5.0
0.0,PFW_diminishing,diminishing,448.0,0.0043141841888427734,-9.238818809650386,0.05134371916230229,5.0
0.0,PFW_diminishing,diminishing,449.0,0.004324197769165039,-9.238789129492638,0.0801861974384277,5.0
0.0,PFW_diminishing,diminishing,450.0,0.004333019256591797,-9.23882019005812,0.05109206321659965,5.0
0.0,PFW_diminishing,diminishing,451.0,0.0043408870697021484,-9.238790634568268,0.07977731826772327,5.0
0.0,PFW_diminishing,diminishing,452.0,0.004349946975708008,-9.238666948371367,0.05089378983250814,5.0
0.0,PFW_diminishing,diminishing,453.0,0.0043599605560302734,-9.238792119901635,0.10770996733453941,5.0
0.0,PFW_diminishing,diminishing,454.0,0.004370212554931641,-9.238823250248458,0.05073790028050862,5.0
0.0,PFW_diminishing,diminishing,455.0,0.004380226135253906,-9.238793587111758,0.07903123831742498,5.0
0.0,PFW_diminishing,diminishing,456.0,0.004390239715576172,-9.23882457542197,0.05049285189661301,5.0
0.0,PFW_diminishing,diminishing,457.0,0.0044002532958984375,-9.238795035493226,0.07863305206147686,5.0
0.0,PFW_diminishing,diminishing,458.0,0.0044100284576416016,-9.238825883080928,0.05024994879222788,5.0
0.0,PFW_diminishing,diminishing,459.0,0.004420042037963867,-9.238796465369223,0.07823833653066625,5.0
0.0,PFW_diminishing,diminishing,460.0,0.004430055618286133,-9.238677894890007,0.05006337662304894,5.0
0.0,PFW_diminishing,diminishing,461.0,0.004439115524291992,-9.238797876865457,0.1056889680619495,5.0
0.0,PFW_diminishing,diminishing,462.0,0.004449129104614258,-9.238828783538128,0.04990806136941828,5.0
0.0,PFW_diminishing,diminishing,463.0,0.004458904266357422,-9.238799271396573,0.07751795366985892,5.0
0.0,PFW_diminishing,diminishing,464.0,0.0044689178466796875,-9.23883003973496,0.04967142630647281,5.0
0.0,PFW_diminishing,diminishing,465.0,0.004478931427001953,-9.238800648344753,0.07713338377952716,5.0
0.0,PFW_diminishing,diminishing,466.0,0.0044879913330078125,-9.238831279603655,0.04943682722390186,5.0
0.0,PFW_diminishing,diminishing,467.0,0.004497051239013672,-9.238802008006614,0.07675210849796787,5.0
0.0,PFW_diminishing,diminishing,468.0,0.004505157470703125,-9.238688280170638,0.04926147938598202,5.0
0.0,PFW_diminishing,diminishing,469.0,0.004513978958129883,-9.238803350538452,0.10373707319106984,5.0
0.0,PFW_diminishing,diminishing,470.0,0.0045239925384521484,-9.238834031130121,0.04910658802575352,5.0
0.0,PFW_diminishing,diminishing,471.0,0.004533052444458008,-9.238804677168769,0.07605611763038755,5.0
0.0,PFW_diminishing,diminishing,472.0,0.0045430660247802734,-9.238835222993789,0.048877940332212155,5.0
0.0,PFW_diminishing,diminishing,473.0,0.004551887512207031,-9.238805987360053,0.07568447743365692,5.0
0.0,PFW_diminishing,diminishing,474.0,0.0045621395111083984,-9.23883639961746,0.0486512266202519,5.0
0.0,PFW_diminishing,diminishing,475.0,0.004571199417114258,-9.238807281384922,0.07531596744614877,5.0
0.0,PFW_diminishing,diminishing,476.0,0.004580020904541016,-9.238698141683312,0.04848665415609066,5.0
0.0,PFW_diminishing,diminishing,477.0,0.004590034484863281,-9.238808559427735,0.10185079805826991,5.0
0.0,PFW_diminishing,diminishing,478.0,0.004599094390869141,-9.2388390121216,0.048332050378750324,5.0
0.0,PFW_diminishing,diminishing,479.0,0.004609107971191406,-9.238809822547292,0.07464315037837821,5.0
0.0,PFW_diminishing,diminishing,480.0,0.004617929458618164,-9.238840143913304,0.04811099237805383,5.0
0.0,PFW_diminishing,diminishing,481.0,0.0046269893646240234,-9.238811070279752,0.07428379861012147,5.0
0.0,PFW_diminishing,diminishing,482.0,0.004637241363525391,-9.238841261464469,0.04789177306103287,5.0
0.0,PFW_diminishing,diminishing,483.0,0.004645109176635742,-9.238812302876031,0.0739274234099545,5.0
0.0,PFW_diminishing,diminishing,484.0,0.0046541690826416016,-9.238707513830509,0.0477375528359163,5.0
0.0,PFW_diminishing,diminishing,485.0,0.004664182662963867,-9.238813520546175,0.1000268884106017,5.0
0.0,PFW_diminishing,diminishing,486.0,0.004673957824707031,-9.238843744047852,0.04758311306840923,5.0
0.0,PFW_diminishing,diminishing,487.0,0.004683017730712891,-9.238814724194178,0.07327664173682269,5.0
0.0,PFW_diminishing,diminishing,488.0,0.004693031311035156,-9.238844819683557,0.04736927305125782,5.0
0.0,PFW_diminishing,diminishing,489.0,0.004701852798461914,-9.238815913423792,0.07292897884673266,5.0
0.0,PFW_diminishing,diminishing,490.0,0.004710197448730469,-9.238845881998003,0.047157182579420365,5.0
0.0,PFW_diminishing,diminishing,491.0,0.004720211029052734,-9.238817088466298,0.07258414877618691,5.0
0.0,PFW_diminishing,diminishing,492.0,0.004730224609375,-9.238716428243267,0.04701291536997232,5.0
0.0,PFW_diminishing,diminishing,493.0,0.004739999771118164,-9.238818249555218,0.09826230167217442,5.0
0.0,PFW_diminishing,diminishing,494.0,0.00475001335144043,-9.238848243032749,0.046858527564199726,5.0
0.0,PFW_diminishing,diminishing,495.0,0.004759073257446289,-9.238819397453218,0.07195433745383273,5.0
0.0,PFW_diminishing,diminishing,496.0,0.004769086837768555,-9.238849266116121,0.04665155770318741,5.0
0.0,PFW_diminishing,diminishing,497.0,0.00477910041809082,-9.238820531826127,0.07161780226883341,5.0
0.0,PFW_diminishing,diminishing,498.0,0.004790067672729492,-9.238722634915113,0.04644852498523555,5.0
0.0,PFW_diminishing,diminishing,499.0,0.004800081253051758,-9.238821652396958,0.09698931743873906,5.0
0.0,PFW_exact,exact,0.0,1.71661376953125e-05,-5.136104602187146,143.21353086033926,2.0
0.0,PFW_exact,exact,1.0,3.314018249511719e-05,-6.558522546663456,10.026361023639481,3.0
0.0,PFW_exact,exact,2.0,4.8160552978515625e-05,-7.897259664293921,4.923134159638574,4.0
0.0,PFW_exact,exact,3.0,6.222724914550781e-05,-8.208485950297765,4.409953954224036,5.0
0.0,PFW_exact,exact,4.0,9.918212890625e-05,-8.584519112220155,2.627279240163488,5.0
0.0,PFW_exact,exact,5.0,0.00011801719665527344,-9.051059112860692,2.677347301546712,5.0
0.0,PFW_exact,exact,6.0,0.00013208389282226562,-9.155667287034362,1.306110594864979,5.0
0.0,PFW_exact,exact,7.0,0.00014638900756835938,-9.180142680287062,0.6843409551123028,5.0
0.0,PFW_exact,exact,8.0,0.0001583099365234375,-9.217993967301153,0.5536277006695265,5.0
0.0,PFW_exact,exact,9.0,0.00017118453979492188,-9.236541305991754,0.08626487982695075,5.0
0.0,PFW_exact,exact,10.0,0.00018310546875,-9.238116601705716,0.09708261521381356,5.0
0.0,PFW_exact,exact,11.0,0.0002071857452392578,-9.238741333832605,0.01403139197358616,5.0
0.0,PFW_exact,exact,12.0,0.0002193450927734375,-9.239084928681656,0.07899787646804146,5.0
0.0,PFW_exact,exact,13.0,0.00023126602172851562,-9.239160462066087,0.012420250632320773,5.0
0.0,PFW_exact,exact,14.0,0.0002422332763671875,-9.239211653726555,0.0025580923868746552,5.0
0.0,PFW_exact,exact,15.0,0.0002543926239013672,-9.23921695367869,0.004972846037457401,5.0
0.0,PFW_exact,exact,16.0,0.0002663135528564453,-9.239218292164535,0.000843852398258349,5.0
0.0,PFW_exact,exact,17.0,0.00027632713317871094,-9.239219260233547,0.0007837202718947722,5.0
0.0,PFW_exact,exact,18.0,0.0002872943878173828,-9.239219493964086,0.001127930996172033,5.0
0.0,PFW_exact,exact,19.0,0.00029921531677246094,-9.23921964233653,0.00015420796067555642,5.0
0.0,PFW_exact,exact,20.0,0.0003101825714111328,-9.239219711843498,0.0011743625836855287,5.0
0.0,PFW_exact,exact,21.0,0.00032210350036621094,-9.239219727123405,0.00012522384231328232,5.0
0.0,PFW_exact,exact,22.0,0.00032830238342285156,-9.239219727123405,7.296675441104128e-05,5.0
