run,algorithm,step_size,iter,time,loss,gap,spars,mse
0.0,FW_diminishing,diminishing,0.0,7.987022399902344e-05,18.919311425263782,18.580688574736218,1.0,0.6306437141754594
0.0,FW_diminishing,diminishing,1.0,0.0001418590545654297,17.023792599884928,10.73971096916316,2.0,0.5674597533294976
0.0,FW_diminishing,diminishing,2.0,0.00018906593322753906,16.410293098952653,5.996830089660183,3.0,0.5470097699650884
0.0,FW_diminishing,diminishing,3.0,0.0002357959747314453,16.262301609150718,2.9817703710617605,4.0,0.542076720305024
0.0,FW_diminishing,diminishing,4.0,0.0002808570861816406,16.15485035154671,2.5525536243943723,5.0,0.5384950117182237
0.0,FW_diminishing,diminishing,5.0,0.0003249645233154297,15.997755656457628,2.0757326028074945,6.0,0.5332585218819209
0.0,FW_diminishing,diminishing,6.0,0.0003788471221923828,15.996686939458735,1.760388318500155,7.0,0.5332228979819579
0.0,FW_diminishing,diminishing,7.0,0.0004239082336425781,15.92038252686297,1.6273557178680713,8.0,0.530679417562099
0.0,FW_diminishing,diminishing,8.0,0.00046706199645996094,15.862393756853336,1.237277141775496,8.0,0.5287464585617779
0.0,FW_diminishing,diminishing,9.0,0.0005109310150146484,15.73121100511966,1.5611546463009258,8.0,0.5243737001706553
0.0,FW_diminishing,diminishing,10.0,0.0005640983581542969,15.730753502315734,0.9703767563275338,8.0,0.5243584500771912
0.0,FW_diminishing,diminishing,11.0,0.0006089210510253906,15.691301340831792,0.9737949389281777,8.0,0.5230433780277264
0.0,FW_diminishing,diminishing,12.0,0.0006527900695800781,15.682144461984125,0.6127828579946346,8.0,0.5227381487328041
0.0,FW_diminishing,diminishing,13.0,0.0006959438323974609,15.667923299610283,0.7808919639734722,8.0,0.5222641099870095
0.0,FW_diminishing,diminishing,14.0,0.0007379055023193359,15.69084196280692,0.6085680212755893,9.0,0.5230280654268973
0.0,FW_diminishing,diminishing,15.0,0.0007939338684082031,15.688362081706298,0.5210801720583129,9.0,0.5229454027235433
0.0,FW_diminishing,diminishing,16.0,0.0008380413055419922,15.656957598484146,0.7218390605689695,9.0,0.5218985866161382
0.0,FW_diminishing,diminishing,17.0,0.0008819103240966797,15.67648247997701,0.3209634639668071,9.0,0.5225494159992337
0.0,FW_diminishing,diminishing,18.0,0.0009238719940185547,15.670943665002858,0.47746342901799377,9.0,0.5223647888334286
0.0,FW_diminishing,diminishing,19.0,0.0009658336639404297,15.65443674305879,0.7069020173838805,9.0,0.5218145581019596
0.0,FW_diminishing,diminishing,20.0,0.0010089874267578125,15.656256054569592,0.3044737989398332,9.0,0.5218752018189864
0.0,FW_diminishing,diminishing,21.0,0.0010530948638916016,15.643750612726572,0.515939092656529,9.0,0.5214583537575525
0.0,FW_diminishing,diminishing,22.0,0.0010950565338134766,15.65305182311657,0.3889723846445303,9.0,0.5217683941038856
0.0,FW_diminishing,diminishing,23.0,0.0011599063873291016,15.645809134181494,0.4727495797627954,9.0,0.5215269711393832
0.0,FW_diminishing,diminishing,24.0,0.0012359619140625,15.654271722863696,0.19531543518753036,9.0,0.5218090574287898
0.0,FW_diminishing,diminishing,25.0,0.0013179779052734375,15.63894480138607,0.48466969133581284,9.0,0.5212981600462023
0.0,FW_diminishing,diminishing,26.0,0.0013740062713623047,15.636955594322307,0.4090434206866851,9.0,0.5212318531440769
0.0,FW_diminishing,diminishing,27.0,0.0014209747314453125,15.63704464018357,0.27882180422751457,9.0,0.5212348213394523
0.0,FW_diminishing,diminishing,28.0,0.00146484375,15.63928997110467,0.2860731071072564,9.0,0.521309665703489
0.0,FW_diminishing,diminishing,29.0,0.001508951187133789,15.639127442520376,0.22890130665765795,9.0,0.5213042480840125
0.0,FW_diminishing,diminishing,30.0,0.0015530586242675781,15.637360177014976,0.2822042913724516,9.0,0.5212453392338325
0.0,FW_diminishing,diminishing,31.0,0.0015959739685058594,15.635911604502606,0.3434605403414883,9.0,0.5211970534834202
0.0,FW_diminishing,diminishing,32.0,0.0016529560089111328,15.643507200925638,0.09929580456033715,9.0,0.5214502400308546
0.0,FW_diminishing,diminishing,33.0,0.0016999244689941406,15.636155963136636,0.33497701801328805,9.0,0.5212051987712212
0.0,FW_diminishing,diminishing,34.0,0.0017549991607666016,15.634964939448931,0.2769257385860495,9.0,0.521165497981631
0.0,FW_diminishing,diminishing,35.0,0.0018458366394042969,15.634627604698128,0.32813194394228695,9.0,0.5211542534899376
0.0,FW_diminishing,diminishing,36.0,0.0019071102142333984,15.636975171895159,0.1632040267165058,9.0,0.5212325057298386
0.0,FW_diminishing,diminishing,37.0,0.0019500255584716797,15.642245999595332,0.2592646322802006,10.0,0.5214081999865111
0.0,FW_diminishing,diminishing,38.0,0.0019941329956054688,15.640995196739702,0.1988098193642589,10.0,0.5213665065579901
0.0,FW_diminishing,diminishing,39.0,0.0020487308502197266,15.641365035930114,0.18581290908785242,10.0,0.5213788345310039
0.0,FW_diminishing,diminishing,40.0,0.0020928382873535156,15.640314357753399,0.2694304362909117,10.0,0.5213438119251133
0.0,FW_diminishing,diminishing,41.0,0.0021369457244873047,15.63943962371428,0.23034308761520084,10.0,0.5213146541238093
0.0,FW_diminishing,diminishing,42.0,0.002180814743041992,15.64111369800922,0.18812647414471595,10.0,0.5213704566003073
0.0,FW_diminishing,diminishing,43.0,0.002223968505859375,15.641202437021695,0.17366204747209935,10.0,0.5213734145673898
0.0,FW_diminishing,diminishing,44.0,0.0022649765014648438,15.639062633897892,0.20045749276056846,10.0,0.5213020877965964
0.0,FW_diminishing,diminishing,45.0,0.0023069381713867188,15.641583923610433,0.13848100974601874,10.0,0.5213861307870145
0.0,FW_diminishing,diminishing,46.0,0.0023479461669921875,15.640879017336648,0.1819223449483749,10.0,0.5213626339112216
0.0,FW_diminishing,diminishing,47.0,0.0023889541625976562,15.637236859610875,0.30263620610103725,10.0,0.5212412286536958
0.0,FW_diminishing,diminishing,48.0,0.002429962158203125,15.641800105404487,0.11552315247323719,10.0,0.5213933368468162
0.0,FW_diminishing,diminishing,49.0,0.0024709701538085938,15.640149085728869,0.19802233805674962,10.0,0.5213383028576289
0.0,FW_diminishing,diminishing,50.0,0.002513885498046875,15.636745037836398,0.2232119485938151,10.0,0.5212248345945466
0.0,FW_diminishing,diminishing,51.0,0.0025560855865478516,15.63462568891794,0.22782625821312763,10.0,0.521154189630598
0.0,FW_diminishing,diminishing,52.0,0.0025980472564697266,15.636469274984684,0.09389122739024458,10.0,0.5212156424994895
0.0,FW_diminishing,diminishing,53.0,0.002640962600708008,15.635328649123478,0.21859447993848313,10.0,0.5211776216374493
0.0,FW_diminishing,diminishing,54.0,0.002682924270629883,15.632858734748897,0.19334798688188481,10.0,0.5210952911582966
0.0,FW_diminishing,diminishing,55.0,0.002725839614868164,15.632748455175854,0.14096318880654835,10.0,0.5210916151725284
0.0,FW_diminishing,diminishing,56.0,0.0027680397033691406,15.63337579558861,0.1423902090939011,10.0,0.5211125265196203
0.0,FW_diminishing,diminishing,57.0,0.002811908721923828,15.635098783612985,0.1495399217306037,10.0,0.5211699594537662
0.0,FW_diminishing,diminishing,58.0,0.002855062484741211,15.633455526138045,0.1642463575551023,10.0,0.5211151842046015
0.0,FW_diminishing,diminishing,59.0,0.002895832061767578,15.631868113260476,0.178407021930294,10.0,0.5210622704420158
0.0,FW_diminishing,diminishing,60.0,0.002938985824584961,15.633180969859552,0.1021492846438079,10.0,0.5211060323286517
0.0,FW_diminishing,diminishing,61.0,0.0029799938201904297,15.63233200059136,0.13536131841852317,10.0,0.5210777333530453
0.0,FW_diminishing,diminishing,62.0,0.003022909164428711,15.633993083772202,0.10430140348519856,10.0,0.5211331027924068
0.0,FW_diminishing,diminishing,63.0,0.0030858516693115234,15.629937796846866,0.256164303963188,10.0,0.5209979265615622
0.0,FW_diminishing,diminishing,64.0,0.0031278133392333984,15.63249350075643,0.08902255580038432,10.0,0.521083116691881
0.0,FW_diminishing,diminishing,65.0,0.0031719207763671875,15.632640576438714,0.11145300487771692,10.0,0.5210880192146238
0.0,FW_diminishing,diminishing,66.0,0.0032129287719726562,15.630698665033815,0.16762183129953012,10.0,0.5210232888344605
0.0,FW_diminishing,diminishing,67.0,0.0032548904418945312,15.630093565864465,0.15067231240504686,10.0,0.5210031188621488
0.0,FW_diminishing,diminishing,68.0,0.003300905227661133,15.632495999762007,0.05863381163129855,10.0,0.5210831999920669
0.0,FW_diminishing,diminishing,69.0,0.003342866897583008,15.63038067711718,0.18704670165512738,10.0,0.5210126892372393
0.0,FW_diminishing,diminishing,70.0,0.0033838748931884766,15.628817932173645,0.15183566271358373,10.0,0.5209605977391215
0.0,FW_diminishing,diminishing,71.0,0.003426790237426758,15.629632200835891,0.07622942214841277,10.0,0.5209877400278631
0.0,FW_diminishing,diminishing,72.0,0.0034699440002441406,15.628996336624011,0.1496703750600643,10.0,0.5209665445541337
0.0,FW_diminishing,diminishing,73.0,0.0035119056701660156,15.629605854139255,0.06666249542002856,10.0,0.5209868618046418
0.0,FW_diminishing,diminishing,74.0,0.0035529136657714844,15.630627777926604,0.11593054297434335,10.0,0.5210209259308868
0.0,FW_diminishing,diminishing,75.0,0.0035958290100097656,15.63035547370593,0.11180711991722081,10.0,0.5210118491235309
0.0,FW_diminishing,diminishing,76.0,0.003641843795776367,15.631649925345668,0.07808969126493448,10.0,0.5210549975115223
0.0,FW_diminishing,diminishing,77.0,0.00368499755859375,15.632033613970053,0.0968234218891979,10.0,0.5210677871323351
0.0,FW_diminishing,diminishing,78.0,0.0037260055541992188,15.630953453673369,0.12860344323048967,10.0,0.5210317817891122
0.0,FW_diminishing,diminishing,79.0,0.003766775131225586,15.629000070855971,0.1770342925643913,10.0,0.5209666690285324
0.0,FW_diminishing,diminishing,80.0,0.0038080215454101562,15.630474318087156,0.0788652868374129,10.0,0.5210158106029052
0.0,FW_diminishing,diminishing,81.0,0.003849029541015625,15.631146553532156,0.06497629704889363,10.0,0.5210382184510719
0.0,FW_diminishing,diminishing,82.0,0.003932952880859375,15.629697592317312,0.1425398159688802,10.0,0.5209899197439104
0.0,FW_diminishing,diminishing,83.0,0.004011869430541992,15.629238131503065,0.12885472530962794,10.0,0.5209746043834355
0.0,FW_diminishing,diminishing,84.0,0.004058837890625,15.62969844812369,0.06998591144471167,10.0,0.5209899482707897
0.0,FW_diminishing,diminishing,85.0,0.004101991653442383,15.628758619526117,0.15800745650485304,10.0,0.5209586206508706
0.0,FW_diminishing,diminishing,86.0,0.004147052764892578,15.628726755705157,0.07795909681667457,10.0,0.5209575585235052
0.0,FW_diminishing,diminishing,87.0,0.0041849613189697266,15.628434350004508,0.10046164314323924,10.0,0.5209478116668169
0.0,FW_diminishing,diminishing,88.0,0.004227876663208008,15.628283573171117,0.10533842231571455,10.0,0.5209427857723706
0.0,FW_diminishing,diminishing,89.0,0.004271030426025391,15.629097925299611,0.07308828356468844,10.0,0.5209699308433203
0.0,FW_diminishing,diminishing,90.0,0.004312992095947266,15.629070714987366,0.07439534490399069,10.0,0.5209690238329122
0.0,FW_diminishing,diminishing,91.0,0.004353761672973633,15.627491523527983,0.15835841454477073,10.0,0.5209163841175994
0.0,FW_diminishing,diminishing,92.0,0.004396915435791016,15.629169928048164,0.04188552242102084,10.0,0.5209723309349388
0.0,FW_diminishing,diminishing,93.0,0.004441976547241211,15.629610317788094,0.07172478635523483,10.0,0.5209870105929365
0.0,FW_diminishing,diminishing,94.0,0.00448298454284668,15.629402298030167,0.0908391286851078,10.0,0.5209800766010055
0.0,FW_diminishing,diminishing,95.0,0.004523754119873047,15.628125997930017,0.13246496921702544,10.0,0.5209375332643339
0.0,FW_diminishing,diminishing,96.0,0.00456690788269043,15.629092452968065,0.05454250294870455,10.0,0.5209697484322688
0.0,FW_diminishing,diminishing,97.0,0.004609823226928711,15.628327700417213,0.11679410986562733,10.0,0.5209442566805738
0.0,FW_diminishing,diminishing,98.0,0.004651784896850586,15.627980257291423,0.08488962325148464,10.0,0.5209326752430474
0.0,FW_diminishing,diminishing,99.0,0.00469207763671875,15.62838605034106,0.07039219423825838,10.0,0.5209462016780353
0.0,FW_diminishing,diminishing,100.0,0.004734992980957031,15.627574511268236,0.11804397843584447,10.0,0.5209191503756079
0.0,FW_diminishing,diminishing,101.0,0.004776954650878906,15.628637148257178,0.058390899563350196,10.0,0.5209545716085726
0.0,FW_diminishing,diminishing,102.0,0.004818916320800781,15.628433823239952,0.07530323771719871,10.0,0.5209477941079984
0.0,FW_diminishing,diminishing,103.0,0.00485992431640625,15.62856932274661,0.0663663593254098,10.0,0.5209523107582203
0.0,FW_diminishing,diminishing,104.0,0.004901885986328125,15.628567239157327,0.08701059762469399,10.0,0.5209522413052442
0.0,FW_diminishing,diminishing,105.0,0.004945039749145508,15.629211708862305,0.05892236254452943,10.0,0.5209737236287435
0.0,FW_diminishing,diminishing,106.0,0.004987001419067383,15.62889756528097,0.08880382675538545,10.0,0.5209632521760323
0.0,FW_diminishing,diminishing,107.0,0.005028963088989258,15.628099309429729,0.10582118321746581,10.0,0.5209366436476576
0.0,FW_diminishing,diminishing,108.0,0.005070924758911133,15.628518787190282,0.05668485757718145,10.0,0.520950626239676
0.0,FW_diminishing,diminishing,109.0,0.005115032196044922,15.629055943163468,0.07300417736479936,10.0,0.5209685314387823
0.0,FW_diminishing,diminishing,110.0,0.0051538944244384766,15.628408336677062,0.10584745167158172,10.0,0.5209469445559021
0.0,FW_diminishing,diminishing,111.0,0.005194902420043945,15.628050203695475,0.0798946504334781,10.0,0.5209350067898492
0.0,FW_diminishing,diminishing,112.0,0.005236148834228516,15.628852723213136,0.04162836730788033,10.0,0.5209617574404378
0.0,FW_diminishing,diminishing,113.0,0.005276918411254883,15.627820268476775,0.1275127892494039,10.0,0.5209273422825592
0.0,FW_diminishing,diminishing,114.0,0.0053179264068603516,15.628203541278818,0.053348278416737394,10.0,0.5209401180426273
0.0,FW_diminishing,diminishing,115.0,0.00535893440246582,15.627882728701275,0.0763305865648114,10.0,0.5209294242900425
0.0,FW_diminishing,diminishing,116.0,0.005399942398071289,15.627547913359463,0.08547209172198222,10.0,0.5209182637786488
0.0,FW_diminishing,diminishing,117.0,0.005441904067993164,15.627829833325915,0.06736768566175932,10.0,0.5209276611108639
0.0,FW_diminishing,diminishing,118.0,0.005483865737915039,15.628095422995711,0.03958235221482198,10.0,0.5209365140998571
0.0,FW_diminishing,diminishing,119.0,0.005525112152099609,15.627382909364972,0.10755721743931002,10.0,0.5209127636454991
0.0,FW_diminishing,diminishing,120.0,0.005568027496337891,15.627805985302334,0.049093652077441874,10.0,0.5209268661767444
0.0,FW_diminishing,diminishing,121.0,0.005609035491943359,15.628574842317958,0.04505794557576337,10.0,0.5209524947439319
0.0,FW_diminishing,diminishing,122.0,0.005650997161865234,15.628017930950353,0.09724531636841593,10.0,0.5209339310316784
0.0,FW_diminishing,diminishing,123.0,0.005693912506103516,15.628068171020466,0.05032590602346332,10.0,0.5209356057006822
0.0,FW_diminishing,diminishing,124.0,0.005736112594604492,15.628410968379303,0.04789307993595138,10.0,0.52094703227931
0.0,FW_diminishing,diminishing,125.0,0.005775928497314453,15.628887860712084,0.06149334105436832,10.0,0.5209629286904028
0.0,FW_diminishing,diminishing,126.0,0.005817890167236328,15.628639745463031,0.07630419116078357,10.0,0.5209546581821011
0.0,FW_diminishing,diminishing,127.0,0.005861043930053711,15.628211907477016,0.07985172694674603,10.0,0.5209403969159005
0.0,FW_diminishing,diminishing,128.0,0.005903959274291992,15.628522328141226,0.056670085500670986,10.0,0.5209507442713742
0.0,FW_diminishing,diminishing,129.0,0.005943775177001953,15.627961634161391,0.09607390484615852,10.0,0.5209320544720464
0.0,FW_diminishing,diminishing,130.0,0.005986928939819336,15.628229048346556,0.05160691957207231,10.0,0.5209409682782186
0.0,FW_diminishing,diminishing,131.0,0.006029844284057617,15.62835311916353,0.041868858115424956,10.0,0.5209451039721177
0.0,FW_diminishing,diminishing,132.0,0.006071805953979492,15.627753213723176,0.0982483976715498,10.0,0.5209251071241059
0.0,FW_diminishing,diminishing,133.0,0.006112098693847656,15.628042588706096,0.054442206107538915,10.0,0.5209347529568699
0.0,FW_diminishing,diminishing,134.0,0.006154060363769531,15.628043666522931,0.0565185885070596,10.0,0.5209347888840977
0.0,FW_diminishing,diminishing,135.0,0.0061969757080078125,15.627718505129323,0.07136305641322416,10.0,0.5209239501709775
0.0,FW_diminishing,diminishing,136.0,0.0062389373779296875,15.627608779961218,0.0713630127135998,10.0,0.5209202926653739
0.0,FW_diminishing,diminishing,137.0,0.00627899169921875,15.628155390430257,0.043707257546369505,10.0,0.5209385130143419
0.0,FW_diminishing,diminishing,138.0,0.006321907043457031,15.627916081391314,0.07194537310296845,10.0,0.5209305360463772
0.0,FW_diminishing,diminishing,139.0,0.006363868713378906,15.627843357064718,0.05255904213167906,10.0,0.5209281119021573
0.0,FW_diminishing,diminishing,140.0,0.006406068801879883,15.628252703574901,0.04107522244169459,10.0,0.52094175678583
0.0,FW_diminishing,diminishing,141.0,0.00644683837890625,15.62774046650731,0.09092486650982412,10.0,0.5209246822169104
0.0,FW_diminishing,diminishing,142.0,0.006488800048828125,15.627653723947375,0.06732302547145341,10.0,0.5209217907982459
0.0,FW_diminishing,diminishing,143.0,0.006532907485961914,15.627726753778955,0.061382248437918285,10.0,0.5209242251259651
0.0,FW_diminishing,diminishing,144.0,0.006574869155883789,15.628163770278748,0.020322002257634253,10.0,0.520938792342625
0.0,FW_diminishing,diminishing,145.0,0.0066149234771728516,15.628544672638272,0.065540821518006,10.0,0.5209514890879424
0.0,FW_diminishing,diminishing,146.0,0.0066568851470947266,15.62843118833959,0.053591873591647854,10.0,0.5209477062779864
0.0,FW_diminishing,diminishing,147.0,0.006699800491333008,15.628696921595262,0.03883924698864849,10.0,0.5209565640531754
0.0,FW_diminishing,diminishing,148.0,0.006741762161254883,15.628773604020656,0.04540184161172345,10.0,0.5209591201340219
0.0,FW_diminishing,diminishing,149.0,0.006782054901123047,15.62842161354813,0.09321187614527204,10.0,0.520947387118271
0.0,FW_diminishing,diminishing,150.0,0.006824970245361328,15.628320800968753,0.051642443602506916,10.0,0.5209440266989585
0.0,FW_diminishing,diminishing,151.0,0.006866931915283203,15.628154105842643,0.06313897476225261,10.0,0.5209384701947548
0.0,FW_diminishing,diminishing,152.0,0.006908893585205078,15.628323205433738,0.04627002651951084,10.0,0.5209441068477912
0.0,FW_diminishing,diminishing,153.0,0.006949901580810547,15.628409049209864,0.06690063730953355,10.0,0.5209469683069955
0.0,FW_diminishing,diminishing,154.0,0.006991863250732422,15.628325484042328,0.05584121134843745,10.0,0.520944182801411
0.0,FW_diminishing,diminishing,155.0,0.007035017013549805,15.628121706472351,0.05866728092646234,10.0,0.520937390215745
0.0,FW_diminishing,diminishing,156.0,0.00707697868347168,15.628204558235284,0.05668493752382986,10.0,0.5209401519411762
0.0,FW_diminishing,diminishing,157.0,0.007116794586181641,15.627899783577492,0.072838462629492,10.0,0.5209299927859165
0.0,FW_diminishing,diminishing,158.0,0.0071599483489990234,15.628074999478729,0.0406167125666661,10.0,0.5209358333159576
0.0,FW_diminishing,diminishing,159.0,0.0072019100189208984,15.627890149457407,0.05646680221986955,10.0,0.5209296716485803
0.0,FW_diminishing,diminishing,160.0,0.00724482536315918,15.627923930882767,0.04462802203086902,10.0,0.5209307976960923
0.0,FW_diminishing,diminishing,161.0,0.007285118103027344,15.627768030400391,0.0742140463853298,10.0,0.5209256010133464
0.0,FW_diminishing,diminishing,162.0,0.007327079772949219,15.627895858486387,0.030025028945845023,10.0,0.5209298619495463
0.0,FW_diminishing,diminishing,163.0,0.0073699951171875,15.627714355087189,0.06168384657709325,10.0,0.5209238118362396
0.0,FW_diminishing,diminishing,164.0,0.007411956787109375,15.62776374696474,0.05096698289479029,10.0,0.520925458232158
0.0,FW_diminishing,diminishing,165.0,0.0074520111083984375,15.628040414192666,0.04490987046214823,10.0,0.5209346804730889
0.0,FW_diminishing,diminishing,166.0,0.0074939727783203125,15.627930910255264,0.05499266520282742,10.0,0.5209310303418422
0.0,FW_diminishing,diminishing,167.0,0.007536888122558594,15.62794561590936,0.03816022117789153,10.0,0.520931520530312
0.0,FW_diminishing,diminishing,168.0,0.007578849792480469,15.628132505511983,0.04271906774945844,10.0,0.5209377501837328
0.0,FW_diminishing,diminishing,169.0,0.007618904113769531,15.627827031639315,0.07129857651956151,10.0,0.5209275677213105
0.0,FW_diminishing,diminishing,170.0,0.0076618194580078125,15.627670203329165,0.06458914111186953,10.0,0.5209223401109722
0.0,FW_diminishing,diminishing,171.0,0.0077037811279296875,15.627688588160826,0.036889839944285185,10.0,0.5209229529386942
0.0,FW_diminishing,diminishing,172.0,0.00774693489074707,15.627903666228468,0.048128830360303354,10.0,0.5209301222076156
0.0,FW_diminishing,diminishing,173.0,0.007791996002197266,15.627765318343744,0.05608201352483455,10.0,0.5209255106114582
0.0,FW_diminishing,diminishing,174.0,0.00783395767211914,15.627782019003009,0.0504617514164174,10.0,0.5209260673001003
0.0,FW_diminishing,diminishing,175.0,0.007876873016357422,15.627843363118822,0.03212647948787595,10.0,0.5209281121039607
0.0,FW_diminishing,diminishing,176.0,0.007918834686279297,15.627667637180098,0.05890742774137259,10.0,0.5209222545726699
0.0,FW_diminishing,diminishing,177.0,0.007959842681884766,15.627596133121772,0.06227934951243963,10.0,0.520919871104059
0.0,FW_diminishing,diminishing,178.0,0.00800180435180664,15.62775549728709,0.02810478619700696,10.0,0.520925183242903
0.0,FW_diminishing,diminishing,179.0,0.008044958114624023,15.627558556930689,0.05479940426803154,10.0,0.5209186185643563
0.0,FW_diminishing,diminishing,180.0,0.00808572769165039,15.627496312290791,0.05384323500381605,10.0,0.5209165437430264
0.0,FW_diminishing,diminishing,181.0,0.008126974105834961,15.627718352793474,0.04171653291804844,10.0,0.5209239450931158
0.0,FW_diminishing,diminishing,182.0,0.008168935775756836,15.627727389860143,0.040830370974378916,10.0,0.5209242463286714
0.0,FW_diminishing,diminishing,183.0,0.008212089538574219,15.627810836401444,0.04617385603191693,10.0,0.5209270278800482
0.0,FW_diminishing,diminishing,184.0,0.008254051208496094,15.627702607405379,0.0459518823460785,10.0,0.5209234202468459
0.0,FW_diminishing,diminishing,185.0,0.008295059204101562,15.627545360595024,0.055856866639205194,10.0,0.5209181786865008
0.0,FW_diminishing,diminishing,186.0,0.008337020874023438,15.627484675101211,0.05436493827611688,10.0,0.520916155836707
0.0,FW_diminishing,diminishing,187.0,0.008378028869628906,15.62769396016069,0.01521774168737089,10.0,0.5209231320053563
0.0,FW_diminishing,diminishing,188.0,0.008418798446655273,15.627504318774225,0.05854884464260923,10.0,0.5209168106258075
0.0,FW_diminishing,diminishing,189.0,0.008459806442260742,15.627530354708943,0.049753080776883785,10.0,0.5209176784902981
0.0,FW_diminishing,diminishing,190.0,0.008501052856445312,15.62759959180378,0.03886718340598261,10.0,0.5209199863934593
0.0,FW_diminishing,diminishing,191.0,0.008544921875,15.627554968459734,0.04405985327204842,10.0,0.5209184989486578
0.0,FW_diminishing,diminishing,192.0,0.008600950241088867,15.627316261035798,0.057684943840017766,10.0,0.5209105420345266
0.0,FW_diminishing,diminishing,193.0,0.008643865585327148,15.627525800360734,0.03912377641886522,10.0,0.5209175266786912
0.0,FW_diminishing,diminishing,194.0,0.008684873580932617,15.627742157235195,0.017673758979637633,10.0,0.5209247385745065
0.0,FW_diminishing,diminishing,195.0,0.008727788925170898,15.627519561116715,0.05591028162622358,10.0,0.5209173187038905
0.0,FW_diminishing,diminishing,196.0,0.008769750595092773,15.627534580176286,0.042686535513706936,10.0,0.5209178193392096
0.0,FW_diminishing,diminishing,197.0,0.008824825286865234,15.627717658761656,0.03879962228390532,10.0,0.5209239219587218
0.0,FW_diminishing,diminishing,198.0,0.008865833282470703,15.627800990809428,0.02988619906315737,10.0,0.5209266996936476
0.0,FW_diminishing,diminishing,199.0,0.008906126022338867,15.627754903526558,0.054314741445046444,10.0,0.5209251634508852
0.0,FW_diminishing,diminishing,200.0,0.008945941925048828,15.62761138059505,0.047556339460743224,10.0,0.5209203793531684
0.0,FW_diminishing,diminishing,201.0,0.008987903594970703,15.62755201735745,0.04381826246478138,10.0,0.5209184005785816
0.0,FW_diminishing,diminishing,202.0,0.009028911590576172,15.627372276504056,0.06326474671534399,10.0,0.5209124092168019
0.0,FW_diminishing,diminishing,203.0,0.009071826934814453,15.627502240112664,0.018980384096837,10.0,0.5209167413370888
0.0,FW_diminishing,diminishing,204.0,0.009112834930419922,15.627413621452874,0.04639632318936737,10.0,0.5209137873817624
0.0,FW_diminishing,diminishing,205.0,0.009154796600341797,15.627332579283065,0.05665712241843757,10.0,0.5209110859761021
0.0,FW_diminishing,diminishing,206.0,0.009195089340209961,15.627452576977364,0.029444409742448663,10.0,0.5209150858992454
0.0,FW_diminishing,diminishing,207.0,0.00923776626586914,15.627483347736458,0.03339415347595498,10.0,0.5209161115912153
0.0,FW_diminishing,diminishing,208.0,0.009279966354370117,15.627234269471517,0.058056884119917385,10.0,0.5209078089823839
0.0,FW_diminishing,diminishing,209.0,0.0093231201171875,15.627517536712102,0.023748819770476715,10.0,0.5209172512237367
0.0,FW_diminishing,diminishing,210.0,0.009362936019897461,15.62756418722162,0.031124658876390043,10.0,0.5209188062407207
0.0,FW_diminishing,diminishing,211.0,0.009406089782714844,15.627598716904682,0.04310347109887758,10.0,0.520919957230156
0.0,FW_diminishing,diminishing,212.0,0.009449005126953125,15.62768566224634,0.033247468522530355,10.0,0.5209228554082113
0.0,FW_diminishing,diminishing,213.0,0.009490966796875,15.627624203377133,0.04227530740574714,10.0,0.5209208067792378
0.0,FW_diminishing,diminishing,214.0,0.009531021118164062,15.627289806229772,0.06721584624990307,10.0,0.520909660207659
0.0,FW_diminishing,diminishing,215.0,0.00957179069519043,15.627289806229772,0.00881557504861874,10.0,0.520909660207659
0.0,FW_exact,exact,0.0,7.510185241699219e-05,18.919311425263782,18.580688574736218,1.0,0.6306437141754594
0.0,FW_exact,exact,1.0,0.00013399124145507812,16.484849442471486,10.73971096916316,2.0,0.5494949814157162
0.0,FW_exact,exact,2.0,0.0001888275146484375,15.980911982161695,4.048212016133745,3.0,0.5326970660720565
0.0,FW_exact,exact,3.0,0.00024199485778808594,15.76326860723777,2.3462612641898426,4.0,0.5254422869079256
0.0,FW_exact,exact,4.0,0.00029587745666503906,15.742912719063453,0.7190834313132646,5.0,0.5247637573021151
0.0,FW_exact,exact,5.0,0.0003509521484375,15.714666344614441,0.7035037141866969,6.0,0.523822211487148
0.0,FW_exact,exact,6.0,0.0004038810729980469,15.700983600153823,0.5790448126026906,7.0,0.5233661200051274
0.0,FW_exact,exact,7.0,0.0004570484161376953,15.687077572756431,0.5259025071175385,8.0,0.5229025857585478
0.0,FW_exact,exact,8.0,0.0005099773406982422,15.68107854050607,0.31152129699005116,8.0,0.522702618016869
0.0,FW_exact,exact,9.0,0.0005629062652587891,15.679606812191908,0.18422227924045131,8.0,0.522653560406397
0.0,FW_exact,exact,10.0,0.0006158351898193359,15.67759440293508,0.1655631897293235,8.0,0.522586480097836
0.0,FW_exact,exact,11.0,0.0006690025329589844,15.67634693394331,0.1518580511238854,8.0,0.5225448977981103
0.0,FW_exact,exact,12.0,0.0007219314575195312,15.673610837829568,0.20795534283200467,8.0,0.5224536945943189
0.0,FW_exact,exact,13.0,0.00078582763671875,15.673181059940923,0.10869645156304397,9.0,0.5224393686646974
0.0,FW_exact,exact,14.0,0.0008378028869628906,15.672502095470794,0.09526145765405225,9.0,0.5224167365156931
0.0,FW_exact,exact,15.0,0.0008900165557861328,15.671995959527209,0.08811873739818044,9.0,0.5223998653175737
0.0,FW_exact,exact,16.0,0.000946044921875,15.671150016346648,0.12476164125983402,9.0,0.5223716672115549
0.0,FW_exact,exact,17.0,0.0010099411010742188,15.6704707769743,0.12461212471343242,9.0,0.5223490258991433
0.0,FW_exact,exact,18.0,0.0010628700256347656,15.66998506002316,0.08632563717296726,9.0,0.5223328353341053
0.0,FW_exact,exact,19.0,0.0011131763458251953,15.66914201405514,0.1301976170203325,9.0,0.522304733801838
0.0,FW_exact,exact,20.0,0.0011661052703857422,15.668601277834405,0.08493316818664365,9.0,0.5222867092611468
0.0,FW_exact,exact,21.0,0.0012180805206298828,15.667747615638646,0.11489674511783576,9.0,0.5222582538546215
0.0,FW_exact,exact,22.0,0.0012710094451904297,15.667149012550388,0.10476965078179212,9.0,0.5222383004183463
0.0,FW_exact,exact,23.0,0.0013229846954345703,15.666887345017052,0.07213624406937225,9.0,0.522229578167235
0.0,FW_exact,exact,24.0,0.001374959945678711,15.66647783589634,0.07922840872294135,9.0,0.5222159278632114
0.0,FW_exact,exact,25.0,0.0014278888702392578,15.665709973304644,0.10150209639394436,9.0,0.5221903324434881
0.0,FW_exact,exact,26.0,0.0014820098876953125,15.665326677153871,0.08189281169050044,9.0,0.522177555905129
0.0,FW_exact,exact,27.0,0.0015339851379394531,15.664963487856314,0.09196182699278221,9.0,0.5221654495952105
0.0,FW_exact,exact,28.0,0.0015869140625,15.664533314141398,0.08124454758539912,9.0,0.52215111047138
0.0,FW_exact,exact,29.0,0.0016398429870605469,15.66421991545993,0.0843950692354607,9.0,0.5221406638486643
0.0,FW_exact,exact,30.0,0.0016939640045166016,15.663801455099446,0.07465566835805415,9.0,0.5221267151699815
0.0,FW_exact,exact,31.0,0.0017459392547607422,15.663479346584221,0.07502976039294129,9.0,0.5221159782194741
0.0,FW_exact,exact,32.0,0.001798868179321289,15.663049275444575,0.08125063814248179,9.0,0.5221016425148192
0.0,FW_exact,exact,33.0,0.0018508434295654297,15.662271514385843,0.12507742163319602,9.0,0.5220757171461947
0.0,FW_exact,exact,34.0,0.0019030570983886719,15.661954956864772,0.06485587390192116,9.0,0.5220651652288257
0.0,FW_exact,exact,35.0,0.0019540786743164062,15.661302377051614,0.10035466850584207,9.0,0.5220434125683872
0.0,FW_exact,exact,36.0,0.0020051002502441406,15.660949130524513,0.08032499386209935,9.0,0.5220316376841504
0.0,FW_exact,exact,37.0,0.0020570755004882812,15.660770941378667,0.06354012147702814,9.0,0.5220256980459556
0.0,FW_exact,exact,38.0,0.002110004425048828,15.660594476582409,0.05186457752558482,9.0,0.5220198158860803
0.0,FW_exact,exact,39.0,0.002160787582397461,15.660269822688386,0.08047078890092241,9.0,0.5220089940896129
0.0,FW_exact,exact,40.0,0.002212047576904297,15.6598247094345,0.07707003323074435,9.0,0.5219941569811499
0.0,FW_exact,exact,41.0,0.0022649765014648438,15.659337181683448,0.08660954046604186,9.0,0.5219779060561149
0.0,FW_exact,exact,42.0,0.002318143844604492,15.658930694924486,0.08441956412067064,9.0,0.5219643564974829
0.0,FW_exact,exact,43.0,0.002370119094848633,15.658680695235562,0.0705566756023206,9.0,0.5219560231745187
0.0,FW_exact,exact,44.0,0.0024230480194091797,15.658339136648172,0.06743079394078144,9.0,0.5219446378882724
0.0,FW_exact,exact,45.0,0.0024750232696533203,15.657823767015763,0.08909421177034638,9.0,0.5219274589005255
0.0,FW_exact,exact,46.0,0.002526998519897461,15.657645536676599,0.06356513471987846,9.0,0.5219215178892199
0.0,FW_exact,exact,47.0,0.0025768280029296875,15.657429646552213,0.06269932150643509,9.0,0.5219143215517404
0.0,FW_exact,exact,48.0,0.002628803253173828,15.657298716384691,0.0446520050457595,9.0,0.5219099572128231
0.0,FW_exact,exact,49.0,0.002682209014892578,15.657050722504657,0.07028264254376726,9.0,0.5219016907501552
0.0,FW_exact,exact,50.0,0.002735137939453125,15.656704588917076,0.0679023202663327,9.0,0.5218901529639025
0.0,FW_exact,exact,51.0,0.0027871131896972656,15.656326216765741,0.07622814334387673,9.0,0.521877540558858
0.0,FW_exact,exact,52.0,0.0028390884399414062,15.656058489664881,0.0684102454691784,9.0,0.5218686163221627
0.0,FW_exact,exact,53.0,0.002888917922973633,15.655868850696866,0.0663582096844948,9.0,0.5218622950232289
0.0,FW_exact,exact,54.0,0.0029418468475341797,15.655511333439048,0.06903384184970651,9.0,0.5218503777813016
0.0,FW_exact,exact,55.0,0.002995014190673828,15.655287064550436,0.0585607333175302,9.0,0.5218429021516812
0.0,FW_exact,exact,56.0,0.0030469894409179688,15.654988128737575,0.07723373964233904,9.0,0.5218329376245858
0.0,FW_exact,exact,57.0,0.0030999183654785156,15.654831617745167,0.052216526400474805,9.0,0.5218277205915055
0.0,FW_exact,exact,58.0,0.0031518936157226562,15.654668306645306,0.046506810954586975,9.0,0.5218222768881768
0.0,FW_exact,exact,59.0,0.003203153610229492,15.654304281253754,0.0747746794382147,9.0,0.5218101427084585
0.0,FW_exact,exact,60.0,0.003253936767578125,15.654082580527893,0.0709626104395813,9.0,0.5218027526842631
0.0,FW_exact,exact,61.0,0.0033059120178222656,15.653896783189792,0.058159355881945984,9.0,0.5217965594396597
0.0,FW_exact,exact,62.0,0.003359079360961914,15.653765530743431,0.044728111449032326,9.0,0.5217921843581144
0.0,FW_exact,exact,63.0,0.003412008285522461,15.653554715523384,0.0647877683350373,9.0,0.5217851571841128
0.0,FW_exact,exact,64.0,0.003464937210083008,15.653283843969026,0.06002868175973042,9.0,0.5217761281323009
0.0,FW_exact,exact,65.0,0.0035178661346435547,15.6529754086532,0.06878762823684248,9.0,0.5217658469551066
0.0,FW_exact,exact,66.0,0.003571033477783203,15.652812503852303,0.053291308270720705,9.0,0.5217604167950768
0.0,FW_exact,exact,67.0,0.003621816635131836,15.652661306300708,0.05481768586203373,9.0,0.5217553768766903
0.0,FW_exact,exact,68.0,0.0036737918853759766,15.652465473424735,0.05097845604753637,9.0,0.5217488491141579
0.0,FW_exact,exact,69.0,0.0037260055541992188,15.65217339423419,0.06692983210374148,9.0,0.5217391131411396
0.0,FW_exact,exact,70.0,0.0037779808044433594,15.652028184034165,0.057372787457689256,9.0,0.5217342728011388
0.0,FW_exact,exact,71.0,0.0038280487060546875,15.651873790915804,0.05299874231831758,9.0,0.5217291263638602
0.0,FW_exact,exact,72.0,0.0038809776306152344,15.651798250960788,0.041807679793754104,9.0,0.5217266083653596
0.0,FW_exact,exact,73.0,0.003933906555175781,15.651680995148725,0.04227404313259431,9.0,0.5217226998382908
0.0,FW_exact,exact,74.0,0.003985881805419922,15.651396639259191,0.06153594284329689,9.0,0.5217132213086397
0.0,FW_exact,exact,75.0,0.0040378570556640625,15.651261371719196,0.04854318527185253,9.0,0.5217087123906399
0.0,FW_exact,exact,76.0,0.004090070724487305,15.65113880838196,0.0493351807901119,9.0,0.5217046269460653
0.0,FW_exact,exact,77.0,0.004141092300415039,15.650822723627012,0.06966281079422654,9.0,0.5216940907875671
0.0,FW_exact,exact,78.0,0.004194021224975586,15.65063164111494,0.050365664074017324,9.0,0.521687721370498
0.0,FW_exact,exact,79.0,0.0042459964752197266,15.650515737848009,0.047972484688669326,9.0,0.521683857928267
0.0,FW_exact,exact,80.0,0.0042989253997802734,15.650319014171725,0.054855934192893585,9.0,0.5216773004723908
0.0,FW_exact,exact,81.0,0.004350900650024414,15.650172585242291,0.05161555490841696,9.0,0.5216724195080764
0.0,FW_exact,exact,82.0,0.0044019222259521484,15.650059811732996,0.050538885938144595,9.0,0.5216686603910998
0.0,FW_exact,exact,83.0,0.004453897476196289,15.649973493374988,0.03625048607667569,9.0,0.5216657831124996
0.0,FW_exact,exact,84.0,0.004506826400756836,15.649811332665665,0.046375790630929004,9.0,0.5216603777555222
0.0,FW_exact,exact,85.0,0.004559040069580078,15.649677735093137,0.04824976042219031,9.0,0.5216559245031046
0.0,FW_exact,exact,86.0,0.004611015319824219,15.649528858355874,0.05878951102814778,9.0,0.5216509619451958
0.0,FW_exact,exact,87.0,0.004661083221435547,15.649418705325647,0.040978903838982284,9.0,0.5216472901775215
0.0,FW_exact,exact,88.0,0.0047130584716796875,15.649268753439449,0.05460890108115901,9.0,0.5216422917813149
0.0,FW_exact,exact,89.0,0.004765987396240234,15.64910031608335,0.04727622763066819,9.0,0.5216366772027784
0.0,FW_exact,exact,90.0,0.004817962646484375,15.648894494348033,0.05612980997733352,9.0,0.5216298164782678
0.0,FW_exact,exact,91.0,0.004869937896728516,15.648759661221186,0.049526052281726685,9.0,0.5216253220407062
0.0,FW_exact,exact,92.0,0.0049228668212890625,15.64869212356216,0.03658480247724771,9.0,0.5216230707854054
0.0,FW_exact,exact,93.0,0.0049741268157958984,15.648591906280174,0.03908165898956906,9.0,0.5216197302093392
0.0,FW_exact,exact,94.0,0.005026102066040039,15.648396179528419,0.05099602311205942,9.0,0.5216132059842806
0.0,FW_exact,exact,95.0,0.00507807731628418,15.648281796185627,0.04463418012138032,9.0,0.5216093932061876
0.0,FW_exact,exact,96.0,0.0051310062408447266,15.64817294681186,0.04965622989025409,9.0,0.5216057648937287
0.0,FW_exact,exact,97.0,0.005182981491088867,15.647992618975517,0.052520287065465965,9.0,0.5215997539658506
0.0,FW_exact,exact,98.0,0.0052340030670166016,15.647839341359564,0.05522247973396688,9.0,0.5215946447119855
0.0,FW_exact,exact,99.0,0.005285978317260742,15.64773182031328,0.037725769204899784,9.0,0.5215910606771094
0.0,FW_exact,exact,100.0,0.005338907241821289,15.647564156483691,0.05063295332243545,9.0,0.5215854718827897
0.0,FW_exact,exact,101.0,0.005391120910644531,15.64743524512275,0.04740359694303642,9.0,0.521581174837425
0.0,FW_exact,exact,102.0,0.005443096160888672,15.647349899256307,0.04115067557585306,9.0,0.5215783299752103
0.0,FW_exact,exact,103.0,0.005494117736816406,15.647255586098815,0.042533831945281264,10.0,0.5215751862032938
0.0,FW_exact,exact,104.0,0.005546092987060547,15.64718088797659,0.03372352082379226,10.0,0.5215726962658863
0.0,FW_exact,exact,105.0,0.005599021911621094,15.64704465440985,0.04250006822628194,10.0,0.521568155146995
0.0,FW_exact,exact,106.0,0.005651950836181641,15.646961391590043,0.03805844479952469,10.0,0.5215653797196681
0.0,FW_exact,exact,107.0,0.005703926086425781,15.646874861121859,0.044257703628549194,10.0,0.5215624953707286
0.0,FW_exact,exact,108.0,0.005755901336669922,15.646742813693407,0.04490572479593968,10.0,0.5215580937897802
0.0,FW_exact,exact,109.0,0.0058078765869140625,15.64664951781719,0.05052814377427772,10.0,0.5215549839272396
0.0,FW_exact,exact,110.0,0.0058591365814208984,15.646592390228605,0.033644514991573615,10.0,0.5215530796742869
0.0,FW_exact,exact,111.0,0.005911111831665039,15.646529919683335,0.030831062983060598,10.0,0.5215509973227779
0.0,FW_exact,exact,112.0,0.00596308708190918,15.646368398099652,0.04630786418732313,10.0,0.5215456132699884
0.0,FW_exact,exact,113.0,0.00601506233215332,15.64627076549153,0.0412301552852643,10.0,0.5215423588497177
0.0,FW_exact,exact,114.0,0.006067991256713867,15.646190396154484,0.03499062464698177,10.0,0.5215396798718162
0.0,FW_exact,exact,115.0,0.006117820739746094,15.646060139870421,0.05089387916551402,10.0,0.5215353379956807
0.0,FW_exact,exact,116.0,0.006170988082885742,15.645989710395677,0.030507836345869066,10.0,0.5215329903465226
0.0,FW_exact,exact,117.0,0.006223201751708984,15.64586229568676,0.04411148622347927,10.0,0.5215287431895587
0.0,FW_exact,exact,118.0,0.006275177001953125,15.645725106284415,0.049976045735390606,10.0,0.5215241702094805
0.0,FW_exact,exact,119.0,0.006324052810668945,15.64562000230565,0.048801774514434015,10.0,0.5215206667435217
0.0,FW_exact,exact,120.0,0.006376028060913086,15.645539722951549,0.03497394216206917,10.0,0.5215179907650517
0.0,FW_exact,exact,121.0,0.006459951400756836,15.645467394419732,0.03787740579668686,10.0,0.5215155798139911
0.0,FW_exact,exact,122.0,0.00652003288269043,15.645349526834082,0.039524104161167806,10.0,0.5215116508944694
0.0,FW_exact,exact,123.0,0.006579875946044922,15.6452271553718,0.04322830038445069,10.0,0.5215075718457266
0.0,FW_exact,exact,124.0,0.00663304328918457,15.645127376903528,0.04258902049012647,10.0,0.5215042458967842
0.0,FW_exact,exact,125.0,0.0066869258880615234,15.645055750454175,0.040730254031067226,10.0,0.5215018583484725
0.0,FW_exact,exact,126.0,0.006741046905517578,15.644987118546883,0.030118799616880132,10.0,0.5214995706182294
0.0,FW_exact,exact,127.0,0.006793022155761719,15.644882183973223,0.04001521738342628,10.0,0.5214960727991075
0.0,FW_exact,exact,128.0,0.006849050521850586,15.644801367809857,0.040049619357178656,10.0,0.5214933789269952
0.0,FW_exact,exact,129.0,0.006906032562255859,15.644697540694162,0.04253201813455032,10.0,0.5214899180231387
0.0,FW_exact,exact,130.0,0.006959199905395508,15.644615610788104,0.03292331770968815,10.0,0.5214871870262702
0.0,FW_exact,exact,131.0,0.0070111751556396484,15.644471891642285,0.046874255496990536,10.0,0.5214823963880761
0.0,FW_exact,exact,132.0,0.0070650577545166016,15.64438605465931,0.04408903635461492,10.0,0.5214795351553103
0.0,FW_exact,exact,133.0,0.007122039794921875,15.644337806806579,0.028949573683920704,10.0,0.5214779268935527
0.0,FW_exact,exact,134.0,0.007175922393798828,15.644292116788568,0.030084810232722248,10.0,0.5214764038929522
0.0,FW_exact,exact,135.0,0.007230043411254883,15.644223691134943,0.03228303926961651,10.0,0.5214741230378315
0.0,FW_exact,exact,136.0,0.00728297233581543,15.644052745965006,0.047665865300988486,10.0,0.5214684248655002
0.0,FW_exact,exact,137.0,0.007336854934692383,15.64399618805838,0.02933981367487526,10.0,0.521466539601946
0.0,FW_exact,exact,138.0,0.0073909759521484375,15.643902367787154,0.0431690850522255,10.0,0.5214634122595718
0.0,FW_exact,exact,139.0,0.0074460506439208984,15.643839921092669,0.03366437294425051,10.0,0.521461330703089
0.0,FW_exact,exact,140.0,0.007501125335693359,15.643756704704584,0.03561929394235808,10.0,0.5214585568234862
0.0,FW_exact,exact,141.0,0.007582902908325195,15.643659557435384,0.03587177392337271,10.0,0.5214553185811794
0.0,FW_exact,exact,142.0,0.0076448917388916016,15.643602224653955,0.036431387970456086,10.0,0.5214534074884651
0.0,FW_exact,exact,143.0,0.0077021121978759766,15.643523443483335,0.03703029801550617,10.0,0.5214507814494446
0.0,FW_exact,exact,144.0,0.007754087448120117,15.64346019690976,0.03103531210967425,10.0,0.5214486732303254
0.0,FW_exact,exact,145.0,0.007806062698364258,15.643392482315294,0.039145664671229596,10.0,0.5214464160771765
0.0,FW_exact,exact,146.0,0.007858991622924805,15.643323538152677,0.030195183054794406,10.0,0.5214441179384226
0.0,FW_exact,exact,147.0,0.007914066314697266,15.64326442046544,0.030001902130720737,10.0,0.521442147348848
0.0,FW_exact,exact,148.0,0.007966995239257812,15.64316102510458,0.0453316531317185,10.0,0.5214387008368193
0.0,FW_exact,exact,149.0,0.008021116256713867,15.643093069690295,0.03438332903033636,10.0,0.5214364356563431
0.0,FW_exact,exact,150.0,0.008074045181274414,15.643042009052513,0.027875650694721976,10.0,0.5214347336350837
0.0,FW_exact,exact,151.0,0.008126020431518555,15.642915327236699,0.040999396912074104,10.0,0.5214305109078899
0.0,FW_exact,exact,152.0,0.008178949356079102,15.64287322430383,0.025304714110618853,10.0,0.5214291074767944
0.0,FW_exact,exact,153.0,0.008230924606323242,15.642786094769678,0.041599457326743305,10.0,0.5214262031589892
0.0,FW_exact,exact,154.0,0.008281946182250977,15.642722082851037,0.03408944906972433,10.0,0.5214240694283679
0.0,FW_exact,exact,155.0,0.008335113525390625,15.642641721283299,0.035005297931359536,10.0,0.5214213907094433
0.0,FW_exact,exact,156.0,0.008387088775634766,15.642586903578922,0.03521140295502789,10.0,0.5214195634526307
0.0,FW_exact,exact,157.0,0.008439064025878906,15.642513578878502,0.031147953916548232,10.0,0.52141711929595
0.0,FW_exact,exact,158.0,0.008491039276123047,15.6424630193302,0.029643745497494933,10.0,0.5214154339776733
0.0,FW_exact,exact,159.0,0.008543014526367188,15.642386829936305,0.034081521111186674,10.0,0.5214128943312102
0.0,FW_exact,exact,160.0,0.008595943450927734,15.642307507401053,0.039686322614031155,10.0,0.5214102502467017
0.0,FW_exact,exact,161.0,0.008647918701171875,15.642252771390767,0.02689552183547761,10.0,0.5214084257130256
0.0,FW_exact,exact,162.0,0.00872802734375,15.642166073550415,0.03636788487356846,10.0,0.5214055357850138
0.0,FW_exact,exact,163.0,0.00878596305847168,15.642100220430528,0.03458046977942608,10.0,0.5214033406810176
0.0,FW_exact,exact,164.0,0.008839845657348633,15.642044648551698,0.035870647489066876,10.0,0.5214014882850566
0.0,FW_exact,exact,165.0,0.008893966674804688,15.641994434772464,0.025757120395144995,10.0,0.5213998144924155
0.0,FW_exact,exact,166.0,0.008945941925048828,15.641920486175907,0.03357643625161533,10.0,0.5213973495391969
0.0,FW_exact,exact,167.0,0.008998870849609375,15.641866311745323,0.03277612997216739,10.0,0.5213955437248441
0.0,FW_exact,exact,168.0,0.009051799774169922,15.641819550870707,0.028506790413789673,10.0,0.5213939850290236
0.0,FW_exact,exact,169.0,0.009103775024414062,15.641787444574417,0.026929689843158577,10.0,0.5213929148191473
0.0,FW_exact,exact,170.0,0.009155988693237305,15.641733756192632,0.028591530340582594,10.0,0.5213911252064211
0.0,FW_exact,exact,171.0,0.009209156036376953,15.641614566985366,0.039768928129701564,10.0,0.5213871522328455
0.0,FW_exact,exact,172.0,0.009263992309570312,15.641574987517485,0.024536388633764616,10.0,0.5213858329172495
0.0,FW_exact,exact,173.0,0.009316205978393555,15.641516839133907,0.03396224542958581,10.0,0.5213838946377969
0.0,FW_exact,exact,174.0,0.009368181228637695,15.641459324824503,0.03162775379620264,10.0,0.52138197749415
0.0,FW_exact,exact,175.0,0.009420156478881836,15.641422568532136,0.022026466022918356,10.0,0.5213807522844045
0.0,FW_exact,exact,176.0,0.009471893310546875,15.641339827836946,0.03552817878227632,10.0,0.5213779942612315
0.0,FW_exact,exact,177.0,0.009523868560791016,15.641295126846327,0.03179070041544563,10.0,0.5213765042282109
0.0,FW_exact,exact,178.0,0.00957489013671875,15.641237800035624,0.03225909744544886,10.0,0.5213745933345207
0.0,FW_exact,exact,179.0,0.009625911712646484,15.641203618277581,0.022797912990251135,10.0,0.521373453942586
0.0,FW_exact,exact,180.0,0.009678125381469727,15.641147700097328,0.0333036251003902,10.0,0.5213715900032443
0.0,FW_exact,exact,181.0,0.009730100631713867,15.641079899844902,0.029952704652189688,10.0,0.5213693299948301
0.0,FW_exact,exact,182.0,0.009782075881958008,15.6409992169502,0.035083124847417935,10.0,0.5213666405650067
0.0,FW_exact,exact,183.0,0.00983285903930664,15.640961525080503,0.026140770848618544,10.0,0.5213653841693501
0.0,FW_exact,exact,184.0,0.009884834289550781,15.640920843296344,0.030680301675305444,10.0,0.5213640281098781
0.0,FW_exact,exact,185.0,0.010207891464233398,15.640876135755013,0.02430269913933092,10.0,0.5213625378585004
0.0,FW_exact,exact,186.0,0.010268926620483398,15.640821900060349,0.028740898830738715,10.0,0.5213607300020117
0.0,FW_exact,exact,187.0,0.010321855545043945,15.640771879514975,0.03149391589441031,10.0,0.5213590626504991
0.0,FW_exact,exact,188.0,0.010373830795288086,15.640719454993759,0.03019348225862295,10.0,0.5213573151664587
0.0,FW_exact,exact,189.0,0.01042795181274414,15.64067655604225,0.02380498830091149,10.0,0.5213558852014083
0.0,FW_exact,exact,190.0,0.010502815246582031,15.640595479334317,0.03517090536883849,10.0,0.5213531826444773
0.0,FW_exact,exact,191.0,0.010554790496826172,15.640542285637538,0.034690580480685185,10.0,0.5213514095212513
0.0,FW_exact,exact,192.0,0.010615110397338867,15.640514588729145,0.0219260178609213,10.0,0.5213504862909715
0.0,FW_exact,exact,193.0,0.010668039321899414,15.64049000932747,0.02205656145853485,10.0,0.5213496669775823
0.0,FW_exact,exact,194.0,0.0107269287109375,15.64045054896363,0.024502957524182634,10.0,0.521348351632121
0.0,FW_exact,exact,195.0,0.010779857635498047,15.640352860603679,0.03599012966092019,10.0,0.521345095353456
0.0,FW_exact,exact,196.0,0.010832786560058594,15.640320368381232,0.022228267420425496,10.0,0.5213440122793744
0.0,FW_exact,exact,197.0,0.010886907577514648,15.640266040096316,0.03282810742833675,10.0,0.5213422013365439
0.0,FW_exact,exact,198.0,0.010938882827758789,15.640228033861213,0.026252001867939967,10.0,0.5213409344620404
0.0,FW_exact,exact,199.0,0.010991096496582031,15.640178669605863,0.027417352383245053,10.0,0.5213392889868621
0.0,FW_exact,exact,200.0,0.011049032211303711,15.64012160362239,0.027473239566607965,10.0,0.521337386787413
0.0,FW_exact,exact,201.0,0.011101961135864258,15.640090245927802,0.026929133360435564,10.0,0.5213363415309267
0.0,FW_exact,exact,202.0,0.011152982711791992,15.640045924684905,0.02775647023856731,10.0,0.5213348641561635
0.0,FW_exact,exact,203.0,0.011206865310668945,15.64000908090261,0.02367544651222886,10.0,0.521333636030087
0.0,FW_exact,exact,204.0,0.011259794235229492,15.63996773137835,0.030576040217644262,10.0,0.5213322577126117
0.0,FW_exact,exact,205.0,0.011313915252685547,15.639928424679216,0.022785592144326294,10.0,0.5213309474893072
0.0,FW_exact,exact,206.0,0.011368036270141602,15.639893711672714,0.02297889428869393,10.0,0.5213297903890904
0.0,FW_exact,exact,207.0,0.011421918869018555,15.639831883627044,0.035030043494107765,10.0,0.5213277294542348
0.0,FW_exact,exact,208.0,0.01147603988647461,15.639791480258792,0.0264982436701251,10.0,0.5213263826752931
0.0,FW_exact,exact,209.0,0.011529922485351562,15.639760813824468,0.02422661541726079,10.0,0.5213253604608156
0.0,FW_exact,exact,210.0,0.011584043502807617,15.639720094067691,0.024894564093347782,10.0,0.5213240031355897
0.0,FW_exact,exact,211.0,0.011636972427368164,15.639686055245132,0.024841673933166497,10.0,0.5213228685081711
0.0,FW_exact,exact,212.0,0.01169586181640625,15.639642332925757,0.024036953152265284,10.0,0.5213214110975252
0.0,FW_exact,exact,213.0,0.011748075485229492,15.639599880668934,0.02542079455273427,10.0,0.5213199960222978
0.0,FW_exact,exact,214.0,0.011802911758422852,15.639528847857383,0.037557862828341726,10.0,0.5213176282619127
0.0,FW_exact,exact,215.0,0.011855840682983398,15.63950594320839,0.01865609285917369,10.0,0.5213168647736129
0.0,FW_exact,exact,216.0,0.011914968490600586,15.639456820433251,0.02548450642073341,10.0,0.521315227347775
0.0,FW_exact,exact,217.0,0.011970996856689453,15.639421569537571,0.02474711604430979,10.0,0.521314052317919
0.0,FW_exact,exact,218.0,0.012024164199829102,15.639383887032553,0.029186704381317874,10.0,0.5213127962344184
0.0,FW_exact,exact,219.0,0.01208186149597168,15.639332019070473,0.028109714532692287,10.0,0.5213110673023491
0.0,FW_exact,exact,220.0,0.012135982513427734,15.639302446189095,0.028417237300594422,10.0,0.5213100815396365
0.0,FW_exact,exact,221.0,0.012195110321044922,15.639284371928916,0.018910261034649878,10.0,0.5213094790642973
0.0,FW_exact,exact,222.0,0.012248039245605469,15.63925730634719,0.018898395311609306,10.0,0.5213085768782396
0.0,FW_exact,exact,223.0,0.01230001449584961,15.639201687506166,0.0291126811291047,10.0,0.5213067229168722
0.0,FW_exact,exact,224.0,0.012351036071777344,15.639149413706232,0.030806760418416346,10.0,0.5213049804568743
0.0,FW_exact,exact,225.0,0.012409210205078125,15.639133370294807,0.0190275697811213,10.0,0.5213044456764936
0.0,FW_exact,exact,226.0,0.012463808059692383,15.639110808987255,0.018516360402161425,10.0,0.5213036936329085
0.0,FW_exact,exact,227.0,0.012517929077148438,15.639077641493431,0.02563462677029449,10.0,0.521302588049781
0.0,FW_exact,exact,228.0,0.012574911117553711,15.639031343189805,0.024739819835448706,10.0,0.5213010447729934
0.0,FW_exact,exact,229.0,0.01262807846069336,15.638979513354956,0.02810064822824554,10.0,0.5212993171118319
0.0,FW_exact,exact,230.0,0.012682914733886719,15.638930273714337,0.0292648662306485,10.0,0.5212976757904779
0.0,FW_exact,exact,231.0,0.012742996215820312,15.638902127479973,0.023610216474991397,10.0,0.5212967375826658
0.0,FW_exact,exact,232.0,0.01279592514038086,15.638862585822865,0.02285752778866712,10.0,0.5212954195274289
0.0,FW_exact,exact,233.0,0.012848854064941406,15.638801301704497,0.030566841671587852,10.0,0.5212933767234832
0.0,FW_exact,exact,234.0,0.012901782989501953,15.638777370424142,0.023248434699544518,10.0,0.5212925790141381
0.0,FW_exact,exact,235.0,0.012953758239746094,15.638750966977572,0.021873932248928973,10.0,0.5212916988992524
0.0,FW_exact,exact,236.0,0.013005971908569336,15.638733388244749,0.020153059131306605,10.0,0.5212911129414917
0.0,FW_exact,exact,237.0,0.013056039810180664,15.638707396384943,0.01852022673308884,10.0,0.5212902465461647
0.0,FW_exact,exact,238.0,0.013107061386108398,15.638651480621181,0.029192700357848267,10.0,0.5212883826873728
0.0,FW_exact,exact,239.0,0.013159990310668945,15.638616085450604,0.026485006590961646,10.0,0.5212872028483535
0.0,FW_exact,exact,240.0,0.013212919235229492,15.638579977192606,0.025049550174156998,10.0,0.5212859992397535
0.0,FW_exact,exact,241.0,0.013267040252685547,15.63854123161806,0.0226265777035497,10.0,0.521284707720602
0.0,FW_exact,exact,242.0,0.0133209228515625,15.638477580856996,0.03115517657895417,10.0,0.5212825860285666
0.0,FW_exact,exact,243.0,0.013375043869018555,15.638446195379311,0.02493630999087948,10.0,0.521281539845977
0.0,FW_exact,exact,244.0,0.013428926467895508,15.638421910029821,0.017901026946580245,10.0,0.5212807303343274
0.0,FW_exact,exact,245.0,0.013482093811035156,15.638385451850906,0.023555885643634866,10.0,0.5212795150616969
0.0,FW_exact,exact,246.0,0.013536930084228516,15.638349282530232,0.025613247976032483,10.0,0.5212783094176744
0.0,FW_exact,exact,247.0,0.013592004776000977,15.638322428114689,0.02463140369370098,10.0,0.5212774142704897
0.0,FW_exact,exact,248.0,0.013643980026245117,15.63830123623267,0.017946179896922487,10.0,0.5212767078744223
0.0,FW_exact,exact,249.0,0.013698101043701172,15.638279980806402,0.020512397759272716,10.0,0.5212759993602134
0.0,FW_exact,exact,250.0,0.013751983642578125,15.638246284046634,0.021097016801403967,10.0,0.5212748761348878
0.0,FW_exact,exact,251.0,0.01380610466003418,15.638204829136495,0.026846825609317726,10.0,0.5212734943045498
0.0,FW_exact,exact,252.0,0.013859033584594727,15.638155103445717,0.027525242502862923,10.0,0.5212718367815239
0.0,FW_exact,exact,253.0,0.013913154602050781,15.63812893331105,0.024600259139062608,10.0,0.5212709644437017
0.0,FW_exact,exact,254.0,0.013967037200927734,15.638078030877068,0.025949262479406876,10.0,0.5212692676959023
0.0,FW_exact,exact,255.0,0.014020919799804688,15.638056266780424,0.018188017526909128,10.0,0.5212685422260142
0.0,FW_exact,exact,256.0,0.01407480239868164,15.63802067921144,0.02655868427618202,10.0,0.5212673559737147
0.0,FW_exact,exact,257.0,0.014128923416137695,15.637987709029144,0.023934887016584305,10.0,0.5212662569676382
0.0,FW_exact,exact,258.0,0.014185905456542969,15.63796865931822,0.017013641525149836,10.0,0.521265621977274
0.0,FW_exact,exact,259.0,0.01423788070678711,15.637918722888234,0.025701516318656026,10.0,0.5212639574296077
0.0,FW_exact,exact,260.0,0.014292001724243164,15.637899231698025,0.02097860335457291,10.0,0.5212633077232675
0.0,FW_exact,exact,261.0,0.014345884323120117,15.637867462982724,0.021985785814553793,10.0,0.5212622487660908
0.0,FW_exact,exact,262.0,0.014406919479370117,15.63783010418047,0.026033699370932695,10.0,0.5212610034726823
0.0,FW_exact,exact,263.0,0.014461040496826172,15.637802811451715,0.023251223014451483,10.0,0.5212600937150572
0.0,FW_exact,exact,264.0,0.014514923095703125,15.637769287730086,0.02258697647310992,10.0,0.5212589762576695
0.0,FW_exact,exact,265.0,0.01456904411315918,15.637728914695897,0.023101384018698212,10.0,0.5212576304898632
0.0,FW_exact,exact,266.0,0.014622926712036133,15.637710920806027,0.02039187317707203,10.0,0.5212570306935342
0.0,FW_exact,exact,267.0,0.014685869216918945,15.63768378028018,0.021711215653801297,10.0,0.5212561260093393
0.0,FW_exact,exact,268.0,0.01473689079284668,15.637658793814412,0.01949236355077133,10.0,0.521255293127147
0.0,FW_exact,exact,269.0,0.014788150787353516,15.637630794319449,0.023551474268757033,10.0,0.5212543598106483
0.0,FW_exact,exact,270.0,0.014838933944702148,15.637598120810905,0.020775256498514416,10.0,0.5212532706936969
0.0,FW_exact,exact,271.0,0.014892101287841797,15.637558301692229,0.0246238359140154,10.0,0.521251943389741
0.0,FW_exact,exact,272.0,0.01494598388671875,15.637532063805434,0.024348109955477426,10.0,0.5212510687935145
0.0,FW_exact,exact,273.0,0.014999151229858398,15.63750121862323,0.023650210084130485,10.0,0.5212500406207743
0.0,FW_exact,exact,274.0,0.015053033828735352,15.637482115790423,0.01703849369813426,10.0,0.5212494038596808
0.0,FW_exact,exact,275.0,0.015107154846191406,15.637459878980366,0.020983327605613944,10.0,0.5212486626326789
0.0,FW_exact,exact,276.0,0.01516103744506836,15.63742568132222,0.021256392553397063,10.0,0.5212475227107407
0.0,FW_exact,exact,277.0,0.015214204788208008,15.637388944419323,0.02364914205045565,10.0,0.5212462981473107
0.0,FW_exact,exact,278.0,0.015268087387084961,15.637355119880915,0.024245645774351843,10.0,0.5212451706626972
0.0,FW_exact,exact,279.0,0.015320062637329102,15.637335115226142,0.021254711870955845,10.0,0.5212445038408714
0.0,FW_exact,exact,280.0,0.015374183654785156,15.63731324386313,0.016988567735115367,10.0,0.5212437747954376
0.0,FW_exact,exact,281.0,0.015424013137817383,15.63728546034054,0.020558327433287893,10.0,0.521242848678018
0.0,FW_exact,exact,282.0,0.015478134155273438,15.637243126356527,0.028976214145213675,10.0,0.5212414375452176
0.0,FW_exact,exact,283.0,0.01553201675415039,15.637226131446278,0.017172390614003774,10.0,0.5212408710482093
0.0,FW_exact,exact,284.0,0.015584945678710938,15.637206795384872,0.01714304700753999,10.0,0.5212402265128291
0.0,FW_exact,exact,285.0,0.0156400203704834,15.637157273338708,0.02559720005861177,10.0,0.521238575777957
0.0,FW_exact,exact,286.0,0.01569509506225586,15.637140364208825,0.019767568073024933,10.0,0.5212380121402942
0.0,FW_exact,exact,287.0,0.015748977661132812,15.637120139343576,0.017533719408731052,10.0,0.5212373379781192
0.0,FW_exact,exact,288.0,0.01580214500427246,15.637087812837496,0.024214050869076686,10.0,0.5212362604279165
0.0,FW_exact,exact,289.0,0.015855073928833008,15.637072773749523,0.017250527051835718,10.0,0.5212357591249841
0.0,FW_exact,exact,290.0,0.01590895652770996,15.63704940427204,0.01885102004987349,10.0,0.5212349801424013
0.0,FW_exact,exact,291.0,0.015962839126586914,15.637006708735296,0.023761519273483245,10.0,0.5212335569578432
0.0,FW_exact,exact,292.0,0.01601576805114746,15.63699256052109,0.015666015561214053,10.0,0.521233085350703
0.0,FW_exact,exact,293.0,0.016069889068603516,15.636975511681943,0.01961950942611068,10.0,0.5212325170560648
0.0,FW_exact,exact,294.0,0.01612401008605957,15.636941132599349,0.022876673412519644,10.0,0.521231371086645
0.0,FW_exact,exact,295.0,0.016176939010620117,15.636907833835496,0.02569107623946376,10.0,0.5212302611278499
0.0,FW_exact,exact,296.0,0.01623082160949707,15.636888483142945,0.015978231763999595,10.0,0.5212296161047648
0.0,FW_exact,exact,297.0,0.016284942626953125,15.63685457191369,0.02272027264366372,10.0,0.5212284857304563
0.0,FW_exact,exact,298.0,0.016337871551513672,15.636828979941056,0.021538949919871264,10.0,0.5212276326647018
0.0,FW_exact,exact,299.0,0.016391992568969727,15.636818939289874,0.015227028921686703,10.0,0.5212272979763292
0.0,FW_exact,exact,300.0,0.016444921493530273,15.63680251655866,0.01471722648606999,10.0,0.5212267505519553
0.0,FW_exact,exact,301.0,0.016499042510986328,15.636777330614972,0.019572491321055097,10.0,0.5212259110204991
0.0,FW_exact,exact,302.0,0.016553878784179688,15.636751999542389,0.02240051340459548,10.0,0.521225066651413
0.0,FW_exact,exact,303.0,0.016607046127319336,15.636726711474921,0.02095767513000002,10.0,0.5212242237158307
0.0,FW_exact,exact,304.0,0.016659021377563477,15.636710292276987,0.017720698961740666,10.0,0.521223676409233
0.0,FW_exact,exact,305.0,0.016711950302124023,15.636691454360124,0.01692143772006105,10.0,0.5212230484786707
0.0,FW_exact,exact,306.0,0.01676487922668457,15.6366710155243,0.02148583231335266,10.0,0.5212223671841433
0.0,FW_exact,exact,307.0,0.016817808151245117,15.636646679198813,0.0179246898486074,10.0,0.5212215559732938
0.0,FW_exact,exact,308.0,0.016871929168701172,15.636623853142408,0.019909188331899585,10.0,0.521220795104747
0.0,FW_exact,exact,309.0,0.016937971115112305,15.636596262571562,0.020488484730929457,10.0,0.521219875419052
0.0,FW_exact,exact,310.0,0.01699090003967285,15.636561668055485,0.026188388432338172,10.0,0.5212187222685162
0.0,FW_exact,exact,311.0,0.017042875289916992,15.636540237622048,0.016817986431513,10.0,0.5212180079207349
0.0,FW_exact,exact,312.0,0.017094850540161133,15.636504044314881,0.023475717450667233,10.0,0.5212168014771627
0.0,FW_exact,exact,313.0,0.017155170440673828,15.636484367157061,0.01888179508138066,10.0,0.5212161455719021
0.0,FW_exact,exact,314.0,0.01720714569091797,15.636470709850393,0.017557532632312522,10.0,0.5212156903283465
0.0,FW_exact,exact,315.0,0.017261028289794922,15.63645943406082,0.013085450889928296,10.0,0.521215314468694
0.0,FW_exact,exact,316.0,0.017313003540039062,15.636440418127824,0.01940316070203174,10.0,0.5212146806042608
0.0,FW_exact,exact,317.0,0.01736593246459961,15.636413075683464,0.019003295968303746,10.0,0.5212137691894488
0.0,FW_exact,exact,318.0,0.01741790771484375,15.636382783542372,0.021471511887135364,10.0,0.5212127594514124
0.0,FW_exact,exact,319.0,0.017468929290771484,15.636353209019793,0.022669827507872498,10.0,0.5212117736339931
0.0,FW_exact,exact,320.0,0.01751995086669922,15.636340831638895,0.01837488432139267,10.0,0.5212113610546298
0.0,FW_exact,exact,321.0,0.01757216453552246,15.636321333136966,0.016040670496002996,10.0,0.5212107111045655
0.0,FW_exact,exact,322.0,0.017625093460083008,15.636298318093393,0.01870902106561445,10.0,0.5212099439364465
0.0,FW_exact,exact,323.0,0.017679214477539062,15.636265015129053,0.025694371518059533,10.0,0.5212088338376352
0.0,FW_exact,exact,324.0,0.01773214340209961,15.636254227657856,0.012798834008274973,10.0,0.5212084742552618
0.0,FW_exact,exact,325.0,0.017785072326660156,15.636229117937694,0.018209214787820116,10.0,0.5212076372645897
0.0,FW_exact,exact,326.0,0.01783919334411621,15.636209009071948,0.018684933005655324,10.0,0.5212069669690649
0.0,FW_exact,exact,327.0,0.01789116859436035,15.636190236819123,0.020590477688926967,10.0,0.5212063412273041
0.0,FW_exact,exact,328.0,0.017940998077392578,15.636163383352688,0.02021336990477529,10.0,0.5212054461117562
0.0,FW_exact,exact,329.0,0.017995119094848633,15.636143523655488,0.019830410431987744,10.0,0.5212047841218496
0.0,FW_exact,exact,330.0,0.01804804801940918,15.636130510797482,0.015349574438421776,10.0,0.5212043503599161
0.0,FW_exact,exact,331.0,0.018101930618286133,15.636112816999763,0.01639965323052195,10.0,0.5212037605666587
0.0,FW_exact,exact,332.0,0.01815509796142578,15.636071873681745,0.023270394228297242,10.0,0.5212023957893915
0.0,FW_exact,exact,333.0,0.018208980560302734,15.636055078875431,0.019702369292071253,10.0,0.5212018359625143
0.0,FW_exact,exact,334.0,0.01826310157775879,15.636038043663245,0.016091057458146096,10.0,0.5212012681221082
0.0,FW_exact,exact,335.0,0.018316030502319336,15.6360163888328,0.0198109984489383,10.0,0.5212005462944267
0.0,FW_exact,exact,336.0,0.01837015151977539,15.63600766231544,0.014030840771336095,10.0,0.5212002554105146
0.0,FW_exact,exact,337.0,0.018423080444335938,15.635997443292407,0.012456913068107589,10.0,0.5211999147764136
0.0,FW_exact,exact,338.0,0.018476009368896484,15.635972800876237,0.018039214994845842,10.0,0.5211990933625412
0.0,FW_exact,exact,339.0,0.01852893829345703,15.635955020379582,0.01876198676071006,10.0,0.5211985006793194
0.0,FW_exact,exact,340.0,0.018579959869384766,15.635927240968114,0.020560482733102958,10.0,0.5211975746989371
0.0,FW_exact,exact,341.0,0.018632888793945312,15.635896530139554,0.023103594758255852,10.0,0.5211965510046518
0.0,FW_exact,exact,342.0,0.01868605613708496,15.635874010406491,0.01724296191266106,10.0,0.5211958003468831
0.0,FW_exact,exact,343.0,0.018739938735961914,15.63585866743619,0.01742638616825598,10.0,0.5211952889145397
0.0,FW_exact,exact,344.0,0.01879286766052246,15.63582374160435,0.02306180983177608,10.0,0.521194124720145
0.0,FW_exact,exact,345.0,0.01884603500366211,15.635810437935184,0.0173293915206143,10.0,0.5211936812645062
0.0,FW_exact,exact,346.0,0.018899917602539062,15.635796578664447,0.01550707420417119,10.0,0.5211932192888149
0.0,FW_exact,exact,347.0,0.01895308494567871,15.635777711535768,0.015779507105889046,10.0,0.5211925903845256
0.0,FW_exact,exact,348.0,0.019003868103027344,15.635758035810605,0.01729660681763523,10.0,0.5211919345270202
0.0,FW_exact,exact,349.0,0.0190579891204834,15.635726987182242,0.02480862106419046,10.0,0.5211908995727413
0.0,FW_exact,exact,350.0,0.01911187171936035,15.635716930283927,0.012357999429776001,10.0,0.5211905643427975
0.0,FW_exact,exact,351.0,0.019165992736816406,15.635699078814906,0.017984310197963538,10.0,0.5211899692938302
0.0,FW_exact,exact,352.0,0.019221067428588867,15.6356781675079,0.016614699630903118,10.0,0.5211892722502633
0.0,FW_exact,exact,353.0,0.01927495002746582,15.63566220711662,0.01920652889702268,10.0,0.5211887402372207
0.0,FW_exact,exact,354.0,0.019329071044921875,15.63563707401102,0.019554835806200543,10.0,0.5211879024670341
0.0,FW_exact,exact,355.0,0.019382953643798828,15.635621155510314,0.01449163311127144,10.0,0.5211873718503438
0.0,FW_exact,exact,356.0,0.019437074661254883,15.635601040243158,0.01868922481609303,10.0,0.5211867013414386
0.0,FW_exact,exact,357.0,0.019491195678710938,15.635587009864574,0.016663483853564642,10.0,0.5211862336621524
0.0,FW_exact,exact,358.0,0.01954507827758789,15.635559962003942,0.020288209053752837,10.0,0.5211853320667981
0.0,FW_exact,exact,359.0,0.019598007202148438,15.635541474756202,0.020434467088778163,10.0,0.5211847158252068
0.0,FW_exact,exact,360.0,0.019652128219604492,15.635524889502289,0.01479290404013156,10.0,0.5211841629834096
0.0,FW_exact,exact,361.0,0.01970505714416504,15.635509866515386,0.015109955538431308,10.0,0.5211836622171796
0.0,FW_exact,exact,362.0,0.019759178161621094,15.635487058810229,0.0203338741094079,10.0,0.521182901960341
0.0,FW_exact,exact,363.0,0.019812822341918945,15.635471310052246,0.01765642771042586,10.0,0.5211823770017415
0.0,FW_exact,exact,364.0,0.019865751266479492,15.635451375521907,0.017410954366123832,10.0,0.5211817125173969
0.0,FW_exact,exact,365.0,0.019918203353881836,15.635427464836338,0.017770114319299424,10.0,0.5211809154945446
0.0,FW_exact,exact,366.0,0.019969940185546875,15.635413312947469,0.015670911299075385,10.0,0.5211804437649156
0.0,FW_exact,exact,367.0,0.02002406120300293,15.635398947461193,0.01822049531804737,10.0,0.5211799649153731
0.0,FW_exact,exact,368.0,0.020078182220458984,15.635384004089097,0.015070035099862267,10.0,0.5211794668029699
0.0,FW_exact,exact,369.0,0.02013111114501953,15.635369262007586,0.017081987723052805,10.0,0.5211789754002528
0.0,FW_exact,exact,370.0,0.020184040069580078,15.635349174912314,0.016283974557882885,10.0,0.5211783058304105
0.0,FW_exact,exact,371.0,0.020236968994140625,15.635326339235569,0.01863818320099142,10.0,0.5211775446411856
0.0,FW_exact,exact,372.0,0.02029109001159668,15.635310938074825,0.016702859155828698,10.0,0.5211770312691608
0.0,FW_exact,exact,373.0,0.020344018936157227,15.635295333619476,0.018771419231954134,10.0,0.5211765111206492
0.0,FW_exact,exact,374.0,0.020396947860717773,15.635285033175087,0.012507697576119803,10.0,0.5211761677725029
0.0,FW_exact,exact,375.0,0.020448923110961914,15.635272600972456,0.01568469433842612,10.0,0.5211757533657485
0.0,FW_exact,exact,376.0,0.02049994468688965,15.635253367542898,0.01593358552169466,10.0,0.52117511225143
0.0,FW_exact,exact,377.0,0.020552873611450195,15.635230934071785,0.019740019272583176,10.0,0.5211743644690595
0.0,FW_exact,exact,378.0,0.020604848861694336,15.635202427782707,0.020830460035290876,10.0,0.5211734142594235
0.0,FW_exact,exact,379.0,0.02065587043762207,15.63518757095983,0.017148765924760667,10.0,0.5211729190319944
0.0,FW_exact,exact,380.0,0.0207059383392334,15.63516686100786,0.016535597807775915,10.0,0.521172228700262
0.0,FW_exact,exact,381.0,0.020759105682373047,15.635143571131968,0.01882353613729215,10.0,0.5211714523710655
0.0,FW_exact,exact,382.0,0.020811080932617188,15.635132413851274,0.015868897221480438,10.0,0.5211710804617091
0.0,FW_exact,exact,383.0,0.020864009857177734,15.635113950249348,0.017904896448857066,10.0,0.5211704650083117
0.0,FW_exact,exact,384.0,0.02091503143310547,15.635100534617735,0.013302337046161128,10.0,0.5211700178205911
0.0,FW_exact,exact,385.0,0.02096700668334961,15.635084287988207,0.01571540326959031,10.0,0.5211694762662735
0.0,FW_exact,exact,386.0,0.021017074584960938,15.635058155961685,0.022756609660524063,10.0,0.5211686051987229
0.0,FW_exact,exact,387.0,0.021069049835205078,15.635049686040976,0.0113405958929782,10.0,0.5211683228680325
0.0,FW_exact,exact,388.0,0.021121978759765625,15.635034969106023,0.016327437927650124,10.0,0.5211678323035341
0.0,FW_exact,exact,389.0,0.021173954010009766,15.635017513806737,0.015178005811960382,10.0,0.5211672504602246
0.0,FW_exact,exact,390.0,0.0212249755859375,15.634999937961243,0.01634717991971968,10.0,0.5211666645987081
0.0,FW_exact,exact,391.0,0.02127695083618164,15.634983234824794,0.01818541774099458,10.0,0.5211661078274932
0.0,FW_exact,exact,392.0,0.021330833435058594,15.634976268597443,0.012535574622084766,10.0,0.5211658756199148
0.0,FW_exact,exact,393.0,0.021384000778198242,15.63496490564979,0.014040206756488871,10.0,0.521165496854993
0.0,FW_exact,exact,394.0,0.021437883377075195,15.634950229849613,0.014935093543683386,10.0,0.5211650076616537
0.0,FW_exact,exact,395.0,0.021491050720214844,15.634919325084473,0.020211585358264728,10.0,0.5211639775028157
0.0,FW_exact,exact,396.0,0.021544933319091797,15.634904947419685,0.01822900969143504,10.0,0.5211634982473228
0.0,FW_exact,exact,397.0,0.021596908569335938,15.634891898222884,0.014081651499104453,10.0,0.5211630632740961
0.0,FW_exact,exact,398.0,0.021647930145263672,15.63487503759315,0.017478695340471084,10.0,0.5211625012531049
0.0,FW_exact,exact,399.0,0.021701812744140625,15.634868975563396,0.011693006122806437,10.0,0.5211622991854465
0.0,FW_exact,exact,400.0,0.021754980087280273,15.634861299708025,0.010795412177515118,10.0,0.5211620433236008
0.0,FW_exact,exact,401.0,0.021809816360473633,15.634841983291983,0.015969003603366616,10.0,0.521161399443066
0.0,FW_exact,exact,402.0,0.021863937377929688,15.6348293124364,0.01583547351824066,10.0,0.5211609770812133
0.0,FW_exact,exact,403.0,0.021918058395385742,15.634808426941568,0.01782387816115616,10.0,0.5211602808980522
0.0,FW_exact,exact,404.0,0.02197098731994629,15.634787757178122,0.018947403370187743,10.0,0.5211595919059374
0.0,FW_exact,exact,405.0,0.022024869918823242,15.634775757564135,0.0151481549809942,10.0,0.5211591919188046
0.0,FW_exact,exact,406.0,0.022078990936279297,15.634764731314554,0.014770600735382722,10.0,0.5211588243771518
0.0,FW_exact,exact,407.0,0.02213311195373535,15.634754466862342,0.01248666382839314,10.0,0.5211584822287447
0.0,FW_exact,exact,408.0,0.022186994552612305,15.63473322490741,0.016748274773862093,10.0,0.5211577741635803
0.0,FW_exact,exact,409.0,0.02224111557006836,15.634721539075693,0.014239014613131928,10.0,0.5211573846358565
0.0,FW_exact,exact,410.0,0.022294998168945312,15.634712310289027,0.014431144614985847,10.0,0.5211570770096342
0.0,FW_exact,exact,411.0,0.02234792709350586,15.634693670534354,0.016836437651004843,10.0,0.5211564556844784
0.0,FW_exact,exact,412.0,0.022401094436645508,15.634676660684589,0.01835250161818447,10.0,0.5211558886894863
0.0,FW_exact,exact,413.0,0.02245187759399414,15.634665043800826,0.012377561789749691,10.0,0.5211555014600275
0.0,FW_exact,exact,414.0,0.02250814437866211,15.634646371141864,0.01685142954115726,10.0,0.5211548790380621
0.0,FW_exact,exact,415.0,0.022562026977539062,15.634628392304679,0.018050618984519318,10.0,0.5211542797434893
0.0,FW_exact,exact,416.0,0.022616147994995117,15.634619123853298,0.014631814831013834,10.0,0.5211539707951099
0.0,FW_exact,exact,417.0,0.022668123245239258,15.634608999739914,0.011553625842066317,10.0,0.5211536333246638
0.0,FW_exact,exact,418.0,0.02273416519165039,15.634591998910073,0.01607784140573365,10.0,0.5211530666303358
0.0,FW_exact,exact,419.0,0.022784948348999023,15.634578574896569,0.01630048973300635,10.0,0.521152619163219
0.0,FW_exact,exact,420.0,0.022839069366455078,15.634564728177311,0.015502242862725168,10.0,0.5211521576059104
0.0,FW_exact,exact,421.0,0.02289295196533203,15.634551923208063,0.012996538110843225,10.0,0.5211517307736021
0.0,FW_exact,exact,422.0,0.02294611930847168,15.63452901109309,0.01867138934634749,10.0,0.5211509670364364
0.0,FW_exact,exact,423.0,0.022999048233032227,15.63451355971759,0.018680261182540292,10.0,0.5211504519905863
0.0,FW_exact,exact,424.0,0.02305316925048828,15.634508252127016,0.012028608707307598,10.0,0.5211502750709005
0.0,FW_exact,exact,425.0,0.023105144500732422,15.63450026785935,0.0117667121452536,10.0,0.521150008928645
0.0,FW_exact,exact,426.0,0.02315688133239746,15.634490732199547,0.011212450192068957,10.0,0.5211496910733182
0.0,FW_exact,exact,427.0,0.02321004867553711,15.634470324839276,0.017618984342773203,10.0,0.5211490108279758
0.0,FW_exact,exact,428.0,0.023260831832885742,15.634449683321396,0.020221231352453017,10.0,0.5211483227773799
0.0,FW_exact,exact,429.0,0.023312807083129883,15.63444359310824,0.010497228849821738,10.0,0.5211481197702746
0.0,FW_exact,exact,430.0,0.023364782333374023,15.634429697550752,0.014532885312191546,10.0,0.521147656585025
0.0,FW_exact,exact,431.0,0.023418188095092773,15.63440525344857,0.017970560237344557,10.0,0.521146841781619
0.0,FW_exact,exact,432.0,0.023474931716918945,15.634397058644472,0.011155582540078868,10.0,0.5211465686214825
0.0,FW_exact,exact,433.0,0.023537874221801758,15.6343817435808,0.017413105752923208,10.0,0.52114605811936
0.0,FW_exact,exact,434.0,0.023593902587890625,15.634369882877682,0.014345916083524202,10.0,0.5211456627625893
0.0,FW_exact,exact,435.0,0.023645877838134766,15.634361929729401,0.013395893971502204,10.0,0.5211453976576467
0.0,FW_exact,exact,436.0,0.023699045181274414,15.634347433015554,0.014844689761582153,10.0,0.5211449144338518
0.0,FW_exact,exact,437.0,0.023752927780151367,15.634324616815878,0.01736047169458388,10.0,0.5211441538938626
0.0,FW_exact,exact,438.0,0.023807048797607422,15.634317385015036,0.011198027418928724,10.0,0.5211439128338345
0.0,FW_exact,exact,439.0,0.02385997772216797,15.634309013686027,0.013905166188372675,10.0,0.5211436337895342
0.0,FW_exact,exact,440.0,0.023914098739624023,15.634296586028043,0.013742667359091243,10.0,0.5211432195342681
0.0,FW_exact,exact,441.0,0.023967981338500977,15.634286535184899,0.014101885251664115,10.0,0.5211428845061633
0.0,FW_exact,exact,442.0,0.024020910263061523,15.634272662195166,0.013529347221900245,10.0,0.5211424220731722
0.0,FW_exact,exact,443.0,0.024075984954833984,15.634256957008756,0.015452463121020443,10.0,0.5211418985669585
0.0,FW_exact,exact,444.0,0.024127960205078125,15.634234254379582,0.020289685677556513,10.0,0.5211411418126527
0.0,FW_exact,exact,445.0,0.024194002151489258,15.634225428389863,0.014112913862414977,10.0,0.5211408476129954
0.0,FW_exact,exact,446.0,0.024271011352539062,15.63421487235364,0.012663971955563902,10.0,0.5211404957451213
0.0,FW_exact,exact,447.0,0.024325847625732422,15.634204238339368,0.014505939849985161,10.0,0.5211401412779789
0.0,FW_exact,exact,448.0,0.024379968643188477,15.634188502057706,0.014411405750051287,10.0,0.5211396167352569
0.0,FW_exact,exact,449.0,0.024431943893432617,15.63417125408523,0.016195428439758075,10.0,0.521139041802841
0.0,FW_exact,exact,450.0,0.02448296546936035,15.634156545164817,0.015979226162598614,10.0,0.5211385515054939
0.0,FW_exact,exact,451.0,0.024547100067138672,15.634147244770382,0.013564668223033927,10.0,0.5211382414923461
0.0,FW_exact,exact,452.0,0.02460002899169922,15.634134373242178,0.013031164862324474,10.0,0.5211378124414059
0.0,FW_exact,exact,453.0,0.024652957916259766,15.634114434105223,0.01741603913237988,10.0,0.5211371478035074
0.0,FW_exact,exact,454.0,0.024706125259399414,15.634105675368787,0.014059123720536526,10.0,0.5211368558456262
0.0,FW_exact,exact,455.0,0.024775028228759766,15.6340937051926,0.014724074590933611,10.0,0.5211364568397533
0.0,FW_exact,exact,456.0,0.02485203742980957,15.634086698547243,0.01031448963665138,10.0,0.521136223284908
0.0,FW_exact,exact,457.0,0.024908065795898438,15.634075996664114,0.014552413310583212,10.0,0.5211358665554705
0.0,FW_exact,exact,458.0,0.024960994720458984,15.634060333693865,0.014378003618378266,10.0,0.5211353444564621
0.0,FW_exact,exact,459.0,0.02501201629638672,15.634043084185793,0.01619642449908909,10.0,0.5211347694728597
0.0,FW_exact,exact,460.0,0.02506399154663086,15.634032185977247,0.013751111485529321,10.0,0.5211344061992416
0.0,FW_exact,exact,461.0,0.025114774703979492,15.63402262562907,0.014861495579660655,10.0,0.521134087520969
0.0,FW_exact,exact,462.0,0.025167226791381836,15.634005734387578,0.01493249273597641,10.0,0.5211335244795859
0.0,FW_exact,exact,463.0,0.025220870971679688,15.63399504185031,0.012746094822770004,10.0,0.521133168061677
0.0,FW_exact,exact,464.0,0.02527308464050293,15.6339809037965,0.016730130282037514,10.0,0.5211326967932167
0.0,FW_exact,exact,465.0,0.025322914123535156,15.633973016510522,0.011695646479008559,10.0,0.521132433883684
0.0,FW_exact,exact,466.0,0.02537393569946289,15.633968217212379,0.010403778523518703,10.0,0.5211322739070793
0.0,FW_exact,exact,467.0,0.025424957275390625,15.63395670609801,0.013225893284788626,10.0,0.521131890203267
0.0,FW_exact,exact,468.0,0.02547621726989746,15.633935125936636,0.01688346325520218,10.0,0.5211311708645545
0.0,FW_exact,exact,469.0,0.02554488182067871,15.633927708788335,0.011586543119171289,10.0,0.5211309236262778
0.0,FW_exact,exact,470.0,0.025599002838134766,15.633912133513082,0.015388989860203317,10.0,0.521130404450436
0.0,FW_exact,exact,471.0,0.025651931762695312,15.633895806264363,0.017981235641816973,10.0,0.5211298602088121
0.0,FW_exact,exact,472.0,0.025693893432617188,15.633895806264363,0.008971758704797494,10.0,0.5211298602088121
0.0,AFW_diminishing,diminishing,0.0,7.224082946777344e-05,20.02424955274294,10.73971096916316,1.0,0.6674749850914313
0.0,AFW_diminishing,diminishing,1.0,0.00013208389282226562,17.296768766446505,13.35841380448009,2.0,0.5765589588815502
0.0,AFW_diminishing,diminishing,2.0,0.00018715858459472656,16.44094515942751,5.045837086893256,3.0,0.5480315053142504
0.0,AFW_diminishing,diminishing,3.0,0.00023698806762695312,15.954963627191418,4.010807507181494,4.0,0.5318321209063807
0.0,AFW_diminishing,diminishing,4.0,0.00028896331787109375,15.888069921669688,2.3971736597184385,5.0,0.5296023307223229
0.0,AFW_diminishing,diminishing,5.0,0.0003390312194824219,15.999490229409782,1.6035409793959499,6.0,0.5333163409803261
0.0,AFW_diminishing,diminishing,6.0,0.00038909912109375,15.87006130334502,1.8303814771168874,6.0,0.529002043444834
0.0,AFW_diminishing,diminishing,7.0,0.00043702125549316406,15.78065711873332,1.3884813886587635,6.0,0.5260219039577774
0.0,AFW_diminishing,diminishing,8.0,0.00048613548278808594,15.765608999459637,1.138386926847999,7.0,0.5255202999819879
0.0,AFW_diminishing,diminishing,9.0,0.0005369186401367188,15.783437086779056,1.1310633893893733,8.0,0.5261145695593019
0.0,AFW_diminishing,diminishing,10.0,0.0005879402160644531,15.728164275733372,0.7662634105464399,8.0,0.5242721425244458
0.0,AFW_diminishing,diminishing,11.0,0.0006382465362548828,15.747982727412483,0.727478332116382,8.0,0.5249327575804161
0.0,AFW_diminishing,diminishing,12.0,0.0006859302520751953,15.662510323349569,1.30998948589908,8.0,0.5220836774449856
0.0,AFW_diminishing,diminishing,13.0,0.0007352828979492188,15.644882266466363,0.6535968156299363,8.0,0.5214960755488788
0.0,AFW_diminishing,diminishing,14.0,0.0007829666137695312,15.656051006771387,0.43715574253375333,8.0,0.5218683668923796
0.0,AFW_diminishing,diminishing,15.0,0.0008339881896972656,15.647814269081227,0.568940462160624,7.0,0.5215938089693742
0.0,AFW_diminishing,diminishing,16.0,0.000885009765625,15.658701023226481,0.504622916371142,7.0,0.5219567007742161
0.0,AFW_diminishing,diminishing,17.0,0.0009341239929199219,15.640630497797742,0.3153091127742478,7.0,0.5213543499265915
0.0,AFW_diminishing,diminishing,18.0,0.0009829998016357422,15.635767145796432,0.35273086405487497,7.0,0.5211922381932144
0.0,AFW_diminishing,diminishing,19.0,0.0010311603546142578,15.64255392627214,0.3195539105769436,7.0,0.5214184642090713
0.0,AFW_diminishing,diminishing,20.0,0.0010800361633300781,15.632309211489478,0.3733138211773195,7.0,0.5210769737163159
0.0,AFW_diminishing,diminishing,21.0,0.001129150390625,15.64425885236764,0.21020215486651228,7.0,0.5214752950789213
0.0,AFW_diminishing,diminishing,22.0,0.001177072525024414,15.630496719350939,0.39054914742480484,7.0,0.5210165573116979
0.0,AFW_diminishing,diminishing,23.0,0.001226186752319336,15.6394619662961,0.12195622037925968,7.0,0.5213153988765367
0.0,AFW_diminishing,diminishing,24.0,0.0012731552124023438,15.63095684424186,0.3931012571778867,7.0,0.521031894808062
0.0,AFW_diminishing,diminishing,25.0,0.0013210773468017578,15.636370440518204,0.13514961116718105,7.0,0.5212123480172735
0.0,AFW_diminishing,diminishing,26.0,0.0013689994812011719,15.631398693908247,0.3274925630997547,7.0,0.5210466231302749
0.0,AFW_diminishing,diminishing,27.0,0.0014181137084960938,15.634147673404678,0.1465531456480278,7.0,0.5211382557801559
0.0,AFW_diminishing,diminishing,28.0,0.001466989517211914,15.631817064773163,0.27211076385356403,7.0,0.5210605688257721
0.0,AFW_diminishing,diminishing,29.0,0.0015139579772949219,15.632540185626052,0.15650707783952367,7.0,0.5210846728542017
0.0,AFW_diminishing,diminishing,30.0,0.0015630722045898438,15.632210130393402,0.22475102527971114,7.0,0.5210736710131134
0.0,AFW_diminishing,diminishing,31.0,0.0016102790832519531,15.631376553840658,0.16527075073394748,7.0,0.521045885128022
0.0,AFW_diminishing,diminishing,32.0,0.0016591548919677734,15.632577873447278,0.18379709406941291,7.0,0.5210859291149093
0.0,AFW_diminishing,diminishing,33.0,0.0017058849334716797,15.630538103942413,0.1730452441834185,7.0,0.5210179367980804
0.0,AFW_diminishing,diminishing,34.0,0.0017549991607666016,15.632921221329061,0.14803784047335178,7.0,0.521097374044302
0.0,AFW_diminishing,diminishing,35.0,0.0018038749694824219,15.629941001649108,0.1799888353618675,7.0,0.5209980333883036
0.0,AFW_diminishing,diminishing,36.0,0.0018520355224609375,15.636866271665918,0.12613244787701117,8.0,0.5212288757221972
0.0,AFW_diminishing,diminishing,37.0,0.0019021034240722656,15.629510603254776,0.19284125815190478,8.0,0.5209836867751592
0.0,AFW_diminishing,diminishing,38.0,0.0019490718841552734,15.632913079444636,0.10151633400342597,8.0,0.5210971026481546
0.0,AFW_diminishing,diminishing,39.0,0.002001047134399414,15.62918459443972,0.1799237009845145,8.0,0.5209728198146573
0.0,AFW_diminishing,diminishing,40.0,0.0020499229431152344,15.637036587339859,0.08675229551807195,8.0,0.5212345529113286
0.0,AFW_diminishing,diminishing,41.0,0.00209808349609375,15.629300608429368,0.4488166245858638,8.0,0.5209766869476457
0.0,AFW_diminishing,diminishing,42.0,0.0021469593048095703,15.635674359857077,0.08873894350782763,8.0,0.5211891453285692
0.0,AFW_diminishing,diminishing,43.0,0.002196073532104492,15.629418127446483,0.408993694789884,8.0,0.5209806042482161
0.0,AFW_diminishing,diminishing,44.0,0.0022439956665039062,15.634539575700577,0.09057263532935433,8.0,0.5211513191900192
0.0,AFW_diminishing,diminishing,45.0,0.002292156219482422,15.629535514953757,0.3729232938536091,8.0,0.5209845171651252
0.0,AFW_diminishing,diminishing,46.0,0.002340078353881836,15.633590199896826,0.092270008489729,8.0,0.5211196733298942
0.0,AFW_diminishing,diminishing,47.0,0.0023889541625976562,15.629651627799696,0.3401003762290866,8.0,0.5209883875933232
0.0,AFW_diminishing,diminishing,48.0,0.0024361610412597656,15.63279309608955,0.09384543656042243,8.0,0.521093103202985
0.0,AFW_diminishing,diminishing,49.0,0.002485036849975586,15.629765676863427,0.3101064243131759,8.0,0.5209921892287809
0.0,AFW_diminishing,diminishing,50.0,0.002534151077270508,15.632121898197008,0.09531138786052828,8.0,0.5210707299399002
0.0,AFW_diminishing,diminishing,51.0,0.002582073211669922,15.62987712853577,0.28259171515234005,8.0,0.5209959042845257
0.0,AFW_diminishing,diminishing,52.0,0.00263214111328125,15.631555447515247,0.09667872149690027,8.0,0.5210518482505082
0.0,AFW_diminishing,diminishing,53.0,0.0026810169219970703,15.629985634364523,0.2572617693470711,8.0,0.5209995211454841
0.0,AFW_diminishing,diminishing,54.0,0.0027298927307128906,15.631076630839912,0.09795693215214918,8.0,0.5210358876946637
0.0,AFW_diminishing,diminishing,55.0,0.0027780532836914062,15.63009098036592,0.2338668766049672,8.0,0.5210030326788639
0.0,AFW_diminishing,diminishing,56.0,0.002826213836669922,15.630671506885696,0.09915435304757914,8.0,0.5210223835628566
0.0,AFW_diminishing,diminishing,57.0,0.002875089645385742,15.630193050222797,0.21219391382379893,8.0,0.5210064350074266
0.0,AFW_diminishing,diminishing,58.0,0.0029239654541015625,15.630328642577712,0.10027832477989929,8.0,0.5210109547525904
0.0,AFW_diminishing,diminishing,59.0,0.002972126007080078,15.630291798388265,0.19205989168240034,8.0,0.5210097266129422
0.0,AFW_diminishing,diminishing,60.0,0.0030219554901123047,15.63003860390081,0.10133533627572255,8.0,0.5210012867966937
0.0,AFW_diminishing,diminishing,61.0,0.0030710697174072266,15.630387230320082,0.17330681873925347,8.0,0.5210129076773361
0.0,AFW_diminishing,diminishing,62.0,0.0031189918518066406,15.629793561798255,0.10233114291282508,8.0,0.5209931187266085
0.0,AFW_diminishing,diminishing,63.0,0.003167867660522461,15.630479387890787,0.15579757993462184,8.0,0.5210159795963596
0.0,AFW_diminishing,diminishing,64.0,0.0032160282135009766,15.629586984568084,0.10327086588779544,8.0,0.5209862328189361
0.0,AFW_diminishing,diminishing,65.0,0.003267049789428711,15.630568338582586,0.13941260346547324,8.0,0.5210189446194196
0.0,AFW_diminishing,diminishing,66.0,0.003316164016723633,15.62941339589742,0.10415907612981279,8.0,0.5209804465299139
0.0,AFW_diminishing,diminishing,67.0,0.0033631324768066406,15.630654167468265,0.12404714572781828,8.0,0.5210218055822755
0.0,AFW_diminishing,diminishing,68.0,0.0034122467041015625,15.62926818313955,0.1049998654344595,8.0,0.5209756061046517
0.0,AFW_diminishing,diminishing,69.0,0.0034630298614501953,15.631515928323891,0.11523518986549508,9.0,0.5210505309441297
0.0,AFW_diminishing,diminishing,70.0,0.0035119056701660156,15.629142468428434,0.09475430852625877,9.0,0.5209714156142812
0.0,AFW_diminishing,diminishing,71.0,0.003561258316040039,15.630515517100541,0.10713900220077655,9.0,0.5210171839033514
0.0,AFW_diminishing,diminishing,72.0,0.0036089420318603516,15.629030550114996,0.10250384673436574,9.0,0.5209676850038332
0.0,AFW_diminishing,diminishing,73.0,0.003658294677734375,15.631366068531593,0.0965547884552036,9.0,0.5210455356177197
0.0,AFW_diminishing,diminishing,74.0,0.0037081241607666016,15.628936564606194,0.09330548660103499,9.0,0.5209645521535398
0.0,AFW_diminishing,diminishing,75.0,0.0037560462951660156,15.630406170479995,0.09212163383800576,9.0,0.5210135390159999
0.0,AFW_diminishing,diminishing,76.0,0.0038089752197265625,15.62885024857531,0.10029230314231175,9.0,0.5209616749525103
0.0,AFW_diminishing,diminishing,77.0,0.0038602352142333984,15.629696790279189,0.08962806746626484,9.0,0.5209898930093063
0.0,AFW_diminishing,diminishing,78.0,0.003911018371582031,15.628769539959768,0.08924140119839663,9.0,0.5209589846653256
0.0,AFW_diminishing,diminishing,79.0,0.003958940505981445,15.628777439607155,0.08297682249807181,9.0,0.5209592479869052
0.0,AFW_diminishing,diminishing,80.0,0.004008054733276367,15.630023018497925,0.09180245845328372,9.0,0.5210007672832642
0.0,AFW_diminishing,diminishing,81.0,0.004055023193359375,15.628701061317916,0.11428967928808298,9.0,0.5209567020439305
0.0,AFW_diminishing,diminishing,82.0,0.004105091094970703,15.630077754318876,0.08140259458816601,9.0,0.5210025918106292
0.0,AFW_diminishing,diminishing,83.0,0.0041539669036865234,15.628636785001177,0.11510813636037831,9.0,0.5209545595000392
0.0,AFW_diminishing,diminishing,84.0,0.0042018890380859375,15.628570252541834,0.07151489215787343,9.0,0.5209523417513945
0.0,AFW_diminishing,diminishing,85.0,0.004252195358276367,15.628657753410938,0.07353335654497073,9.0,0.5209552584470313
0.0,AFW_diminishing,diminishing,86.0,0.0043010711669921875,15.628514690803776,0.07217580433832005,9.0,0.5209504896934593
0.0,AFW_diminishing,diminishing,87.0,0.004351139068603516,15.629388103119185,0.06993696807158045,9.0,0.5209796034373062
0.0,AFW_diminishing,diminishing,88.0,0.004412174224853516,15.628465020261306,0.08979129540649566,9.0,0.5209488340087102
0.0,AFW_diminishing,diminishing,89.0,0.004461050033569336,15.62970915004248,0.06871227955592918,9.0,0.520990305001416
0.0,AFW_diminishing,diminishing,90.0,0.004510164260864258,15.628418704624565,0.09952711029371208,9.0,0.5209472901541522
0.0,AFW_diminishing,diminishing,91.0,0.004559993743896484,15.630168329521666,0.06650676843264591,9.0,0.5210056109840555
0.0,AFW_diminishing,diminishing,92.0,0.0046100616455078125,15.628376297147424,0.06383021226394447,9.0,0.5209458765715808
0.0,AFW_diminishing,diminishing,93.0,0.004660844802856445,15.628506695123647,0.06444569234974118,9.0,0.5209502231707882
0.0,AFW_diminishing,diminishing,94.0,0.004710197448730469,15.628335350959944,0.0625605209321094,9.0,0.5209445116986647
0.0,AFW_diminishing,diminishing,95.0,0.004756927490234375,15.629016401479618,0.061409077075238905,9.0,0.520967213382654
0.0,AFW_diminishing,diminishing,96.0,0.004804134368896484,15.628298415515493,0.09317291600689792,9.0,0.5209432805171831
0.0,AFW_diminishing,diminishing,97.0,0.004853010177612305,15.629058608940078,0.0599873234100885,9.0,0.5209686202980026
0.0,AFW_diminishing,diminishing,98.0,0.00490117073059082,15.628263834414598,0.0816207846637873,9.0,0.52094212781382
0.0,AFW_diminishing,diminishing,99.0,0.004948139190673828,15.629331054818866,0.058825827668123054,9.0,0.5209777018272955
0.0,AFW_diminishing,diminishing,100.0,0.004995107650756836,15.628231504466969,0.09033452858533586,9.0,0.520941050148899
0.0,AFW_diminishing,diminishing,101.0,0.0050432682037353516,15.628847520393824,0.057132828722173734,9.0,0.5209615840131275
0.0,AFW_diminishing,diminishing,102.0,0.005092144012451172,15.628200938955032,0.08479690684945318,9.0,0.5209400312985011
0.0,AFW_diminishing,diminishing,103.0,0.005140066146850586,15.628332941614305,0.05684035255711439,9.0,0.5209444313871435
0.0,AFW_diminishing,diminishing,104.0,0.005187034606933594,15.62817127020716,0.059580136589532096,9.0,0.5209390423402387
0.0,AFW_diminishing,diminishing,105.0,0.00523686408996582,15.62834527136931,0.053202006260732126,9.0,0.520944842378977
0.0,AFW_diminishing,diminishing,106.0,0.0052890777587890625,15.628144548718222,0.060015114190537844,9.0,0.5209381516239407
0.0,AFW_diminishing,diminishing,107.0,0.005346059799194336,15.629485289514303,0.052843424369918957,9.0,0.5209828429838101
0.0,AFW_diminishing,diminishing,108.0,0.0053980350494384766,15.628119823407948,0.051928830287275574,9.0,0.5209373274469316
0.0,AFW_diminishing,diminishing,109.0,0.0054471492767333984,15.628719225676067,0.05118325466164109,9.0,0.5209573075225356
0.0,AFW_diminishing,diminishing,110.0,0.005496025085449219,15.628715632757062,0.12400275037061803,9.0,0.5209571877585687
0.0,AFW_diminishing,diminishing,111.0,0.005545854568481445,15.628661996227434,0.07134244698848313,9.0,0.5209553998742478
0.0,AFW_diminishing,diminishing,112.0,0.005594968795776367,15.628091532633078,0.1212749804938742,9.0,0.5209363844211026
0.0,AFW_diminishing,diminishing,113.0,0.0056421756744384766,15.628607552502077,0.05070979694319799,9.0,0.5209535850834025
0.0,AFW_diminishing,diminishing,114.0,0.005691051483154297,15.628099926568952,0.11659071530417542,9.0,0.5209366642189651
0.0,AFW_diminishing,diminishing,115.0,0.005738973617553711,15.628556997179063,0.05028846729299996,9.0,0.5209518999059688
0.0,AFW_diminishing,diminishing,116.0,0.005789041519165039,15.62862587550747,0.1132634593741324,9.0,0.520954195850249
0.0,AFW_diminishing,diminishing,117.0,0.005837917327880859,15.628509864735493,0.06936649570319453,9.0,0.5209503288245164
0.0,AFW_diminishing,diminishing,118.0,0.0058879852294921875,15.627683175323389,0.11012735346706215,9.0,0.5209227725107797
0.0,AFW_diminishing,diminishing,119.0,0.005938053131103516,15.62809689518205,0.0714738252964846,9.0,0.5209365631727351
0.0,AFW_diminishing,diminishing,120.0,0.005988121032714844,15.627655089381452,0.0385672403549524,9.0,0.520921836312715
0.0,AFW_diminishing,diminishing,121.0,0.006036996841430664,15.628112925802442,0.06670061157780793,9.0,0.5209370975267481
0.0,AFW_diminishing,diminishing,122.0,0.006083965301513672,15.627629752768229,0.038938285122682714,9.0,0.5209209917589409
0.0,AFW_diminishing,diminishing,123.0,0.006132841110229492,15.628128634539982,0.06208629625101825,9.0,0.5209376211513327
0.0,AFW_diminishing,diminishing,124.0,0.006183147430419922,15.62760694679965,0.03929783865185499,9.0,0.5209202315599883
0.0,AFW_diminishing,diminishing,125.0,0.006229877471923828,15.62814402771571,0.05762307876073436,9.0,0.5209381342571903
0.0,AFW_diminishing,diminishing,126.0,0.0062792301177978516,15.627586471943454,0.03964642606356694,9.0,0.5209195490647818
0.0,AFW_diminishing,diminishing,127.0,0.0063250064849853516,15.628159111801185,0.05330366067798842,9.0,0.5209386370600395
0.0,AFW_diminishing,diminishing,128.0,0.006373167037963867,15.627568145924204,0.03998454099833193,9.0,0.5209189381974735
0.0,AFW_diminishing,diminishing,129.0,0.006438016891479492,15.628173893366217,0.04912120595503744,9.0,0.5209391297788739
0.0,AFW_diminishing,diminishing,130.0,0.006503105163574219,15.62755180203897,0.040312647937591706,9.0,0.520918393401299
0.0,AFW_diminishing,diminishing,131.0,0.006564140319824219,15.62782485237864,0.04506930489506544,9.0,0.5209274950792879
0.0,AFW_diminishing,diminishing,132.0,0.006617069244384766,15.627594205131786,0.08416391266156609,9.0,0.5209198068377262
0.0,AFW_diminishing,diminishing,133.0,0.006665229797363281,15.627484761336772,0.050763354784251646,9.0,0.5209161587112258
0.0,AFW_diminishing,diminishing,134.0,0.006716012954711914,15.627722387506626,0.04115983728526729,9.0,0.5209240795835542
0.0,AFW_diminishing,diminishing,135.0,0.0067670345306396484,15.627490134838625,0.08310122653111218,9.0,0.5209163378279542
0.0,AFW_diminishing,diminishing,136.0,0.006818056106567383,15.627696478102422,0.04113803907690361,9.0,0.5209232159367474
0.0,AFW_diminishing,diminishing,137.0,0.006867170333862305,15.627495452317806,0.080154392919348,9.0,0.5209165150772602
0.0,AFW_diminishing,diminishing,138.0,0.006918191909790039,15.627672201786819,0.04111706537605109,9.0,0.5209224067262272
0.0,AFW_diminishing,diminishing,139.0,0.00697016716003418,15.627500712021584,0.07729413526329143,9.0,0.5209166904007195
0.0,AFW_diminishing,diminishing,140.0,0.00701904296875,15.627649451836648,0.04109687282394958,9.0,0.5209216483945549
0.0,AFW_diminishing,diminishing,141.0,0.007069110870361328,15.627505912523471,0.07451669501966407,9.0,0.5209168637507824
0.0,AFW_diminishing,diminishing,142.0,0.0071179866790771484,15.627628129552951,0.04107742094385891,9.0,0.5209209376517651
0.0,AFW_diminishing,diminishing,143.0,0.0071680545806884766,15.627511052685202,0.07181852802068711,9.0,0.5209170350895067
0.0,AFW_diminishing,diminishing,144.0,0.007218122482299805,15.627608143567892,0.04105867191129153,9.0,0.520920271452263
0.0,AFW_diminishing,diminishing,145.0,0.007266998291015625,15.627516131623075,0.06919628941018896,9.0,0.5209172043874358
0.0,AFW_diminishing,diminishing,146.0,0.0073168277740478516,15.627589409219492,0.04104059034545138,9.0,0.5209196469739831
0.0,AFW_diminishing,diminishing,147.0,0.007369279861450195,15.627521148678088,0.06664681983194498,9.0,0.520917371622603
0.0,AFW_diminishing,diminishing,148.0,0.007418155670166016,15.627571847986838,0.04102314311970723,9.0,0.5209190615995613
0.0,AFW_diminishing,diminishing,149.0,0.007467985153198242,15.627526103389503,0.06416713275045893,9.0,0.5209175367796501
0.0,AFW_diminishing,diminishing,150.0,0.007517099380493164,15.627555386979088,0.041006299189167095,9.0,0.5209185128993029
0.0,AFW_diminishing,diminishing,151.0,0.007567167282104492,15.627530995471332,0.06175440279735067,9.0,0.5209176998490445
0.0,AFW_diminishing,diminishing,152.0,0.007616996765136719,15.627539958472683,0.040990029433542574,9.0,0.520917998615756
0.0,AFW_diminishing,diminishing,153.0,0.007666110992431641,15.627535824791485,0.05940595504792956,9.0,0.5209178608263828
0.0,AFW_diminishing,diminishing,154.0,0.007714033126831055,15.627525499491643,0.040974306513766656,9.0,0.5209175166497214
0.0,AFW_diminishing,diminishing,155.0,0.007765054702758789,15.627540591353203,0.05711925514242555,9.0,0.5209180197117734
0.0,AFW_diminishing,diminishing,156.0,0.007815122604370117,15.62751195142638,0.040959104741066454,9.0,0.520917065047546
0.0,AFW_diminishing,diminishing,157.0,0.007864952087402344,15.62754529527856,0.05489190017532586,9.0,0.5209181765092853
0.0,AFW_diminishing,diminishing,158.0,0.007915019989013672,15.627499259687262,0.04094439995718879,9.0,0.5209166419895754
0.0,AFW_diminishing,diminishing,159.0,0.007963180541992188,15.627414217885676,0.052721610284071296,9.0,0.5209138072628559
0.0,AFW_diminishing,diminishing,160.0,0.008013010025024414,15.627292300442083,0.04009302756825228,9.0,0.5209097433480694
0.0,AFW_diminishing,diminishing,161.0,0.008063077926635742,15.627419546822498,0.05085875919366423,9.0,0.5209139848940832
0.0,AFW_diminishing,diminishing,162.0,0.008112192153930664,15.62728113658372,0.04047520716963415,9.0,0.5209093712194574
0.0,AFW_diminishing,diminishing,163.0,0.00816202163696289,15.627424800423485,0.048607748954877295,9.0,0.5209141600141162
0.0,AFW_diminishing,diminishing,164.0,0.008212089538574219,15.627270728018972,0.040848229512010725,9.0,0.5209090242672991
0.0,AFW_diminishing,diminishing,165.0,0.008260011672973633,15.627429979483741,0.04641227797052583,9.0,0.5209143326494581
0.0,AFW_diminishing,diminishing,166.0,0.008310079574584961,15.627261030407341,0.04121241977554568,9.0,0.520908701013578
0.0,AFW_diminishing,diminishing,167.0,0.008360147476196289,15.627435084850141,0.04427031640989121,9.0,0.5209145028283381
0.0,AFW_diminishing,diminishing,168.0,0.008409976959228516,15.627252002312046,0.04156808792608935,9.0,0.5209084000770682
0.0,AFW_diminishing,diminishing,169.0,0.008458852767944336,15.627440117413146,0.042179932138427745,9.0,0.5209146705804382
0.0,AFW_diminishing,diminishing,170.0,0.008507013320922852,15.627243604983704,0.04191552959457567,9.0,0.5209081201661234
0.0,AFW_diminishing,diminishing,171.0,0.00855708122253418,15.627445078099534,0.04013928491153873,9.0,0.5209148359366511
0.0,AFW_diminishing,diminishing,172.0,0.008607149124145508,15.627235802162208,0.04225502689612526,9.0,0.5209078600720736
0.0,AFW_diminishing,diminishing,173.0,0.008657217025756836,15.62744996786593,0.03814662097742527,9.0,0.5209149989288643
0.0,AFW_diminishing,diminishing,174.0,0.008707046508789062,15.627228559895093,0.042586849193609666,9.0,0.5209076186631697
0.0,AFW_diminishing,diminishing,175.0,0.008758068084716797,15.627454787693111,0.03620026805586196,9.0,0.5209151595897704
0.0,AFW_diminishing,diminishing,176.0,0.008807182312011719,15.62722184637083,0.042911253810069994,9.0,0.5209073948790277
0.0,AFW_diminishing,diminishing,177.0,0.008855104446411133,15.627459538580913,0.03429863066266314,9.0,0.5209153179526971
0.0,AFW_diminishing,diminishing,178.0,0.008905172348022461,15.627215631765752,0.043228486693871915,9.0,0.520907187725525
0.0,AFW_diminishing,diminishing,179.0,0.008956193923950195,15.627464221543747,0.03244018575240659,9.0,0.5209154740514582
0.0,AFW_diminishing,diminishing,180.0,0.009002923965454102,15.627209888103273,0.04353878304026537,9.0,0.5209069962701091
0.0,AFW_diminishing,diminishing,181.0,0.009054183959960938,15.627682938603277,0.03149056536264894,9.0,0.5209227646201092
0.0,AFW_diminishing,diminishing,182.0,0.009104013442993164,15.627204494052508,0.03198913441551987,9.0,0.520906816468417
0.0,AFW_diminishing,diminishing,183.0,0.009154081344604492,15.627462513751873,0.029855072558293116,9.0,0.5209154171250624
0.0,AFW_diminishing,diminishing,184.0,0.009203195571899414,15.62719943937241,0.04391963245686448,9.0,0.5209066479790804
0.0,AFW_diminishing,diminishing,185.0,0.009251117706298828,15.627679068180175,0.02829587803240141,9.0,0.5209226356060058
0.0,AFW_diminishing,diminishing,186.0,0.009300947189331055,15.627194809369275,0.032615849899954696,9.0,0.5209064936456425
0.0,AFW_diminishing,diminishing,187.0,0.009360074996948242,15.627461223467911,0.027382731252701298,9.0,0.5209153741155971
0.0,AFW_diminishing,diminishing,188.0,0.009408950805664062,15.627190372802119,0.044285007347194316,9.0,0.5209063457600707
0.0,AFW_diminishing,diminishing,189.0,0.009459257125854492,15.627465477001659,0.025718679758452545,9.0,0.5209155159000552
0.0,AFW_diminishing,diminishing,190.0,0.009509086608886719,15.627186297815483,0.04456362206983311,9.0,0.5209062099271827
0.0,AFW_diminishing,diminishing,191.0,0.009558916091918945,15.62766601578999,0.024535739226291042,9.0,0.520922200526333
0.0,AFW_diminishing,diminishing,192.0,0.009608030319213867,15.627182541533315,0.03358411757084401,9.0,0.5209060847177772
0.0,AFW_diminishing,diminishing,193.0,0.009655952453613281,15.627464580099089,0.02340220754850275,9.0,0.520915486003303
0.0,AFW_diminishing,diminishing,194.0,0.00970602035522461,15.62717899002451,0.04490718979008079,9.0,0.5209059663341503
0.0,AFW_diminishing,diminishing,195.0,0.009757041931152344,15.627468612391864,0.0218405854577135,9.0,0.5209156204130622
0.0,AFW_diminishing,diminishing,196.0,0.009804010391235352,15.627175747842067,0.04516908675590692,9.0,0.5209058582614022
0.0,AFW_diminishing,diminishing,197.0,0.009855270385742188,15.627654626997618,0.021009177609458973,9.0,0.5209218208999206
0.0,AFW_diminishing,diminishing,198.0,0.009908199310302734,15.627172735885365,0.03449586283538242,9.0,0.5209057578628455
0.0,AFW_diminishing,diminishing,199.0,0.009966135025024414,15.627468046886417,0.019665698608599236,9.0,0.5209156015628805
0.0,AFW_diminishing,diminishing,200.0,0.010014057159423828,15.627169938063554,0.04549274225244293,9.0,0.5209056646021185
0.0,AFW_diminishing,diminishing,201.0,0.010065078735351562,15.627652340996828,0.01831440343015256,9.0,0.5209217446998943
0.0,AFW_diminishing,diminishing,202.0,0.010113954544067383,15.627167427919158,0.035028873656437476,9.0,0.5209055809306385
0.0,AFW_diminishing,diminishing,203.0,0.010163068771362305,15.627467752183414,0.017578083315451742,9.0,0.5209155917394471
0.0,AFW_diminishing,diminishing,204.0,0.010211944580078125,15.627165030506095,0.045804232832354685,9.0,0.5209055010168698
0.0,AFW_diminishing,diminishing,205.0,0.010262012481689453,15.627471438708275,0.016167203819795972,9.0,0.5209157146236092
0.0,AFW_diminishing,diminishing,206.0,0.010310173034667969,15.627162873786427,0.04604140735642126,9.0,0.5209054291262142
0.0,AFW_diminishing,diminishing,207.0,0.010360956192016602,15.627643111317786,0.015131655327971671,9.0,0.5209214370439262
0.0,AFW_diminishing,diminishing,208.0,0.010409832000732422,15.627160932766222,0.03585655456021275,9.0,0.5209053644255407
0.0,AFW_diminishing,diminishing,209.0,0.010460138320922852,15.627471389249322,0.014201009397353026,9.0,0.5209157129749774
0.0,AFW_diminishing,diminishing,210.0,0.010509014129638672,15.627159117077639,0.04633567537327821,9.0,0.5209053039025879
0.0,AFW_diminishing,diminishing,211.0,0.010557174682617188,15.627474895630328,0.012870391274841353,9.0,0.5209158298543443
0.0,AFW_diminishing,diminishing,212.0,0.010607004165649414,15.62715750874398,0.046559672503535765,9.0,0.5209052502914661
0.0,AFW_diminishing,diminishing,213.0,0.010657072067260742,15.627635037312963,0.012131512375696651,9.0,0.5209211679104321
0.0,AFW_diminishing,diminishing,214.0,0.010704994201660156,15.62715605525012,0.03663940244682884,9.0,0.5209052018416707
0.0,AFW_diminishing,diminishing,215.0,0.01075601577758789,15.627330696602682,0.011015327612616588,9.0,0.5209110232200894
0.0,AFW_diminishing,diminishing,216.0,0.010807037353515625,15.627156538424085,0.0496403152643925,9.0,0.5209052179474695
0.0,AFW_diminishing,diminishing,217.0,0.010856151580810547,15.627324510809624,0.011036215410447525,9.0,0.5209108170269875
0.0,AFW_diminishing,diminishing,218.0,0.010905027389526367,15.627157024223733,0.048794262419944445,9.0,0.520905234140791
0.0,AFW_diminishing,diminishing,219.0,0.010954856872558594,15.627318540181493,0.011056746251459693,9.0,0.5209106180060498
0.0,AFW_diminishing,diminishing,220.0,0.01100611686706543,15.627157512272474,0.04796379774640336,9.0,0.5209052504090824
0.0,AFW_diminishing,diminishing,221.0,0.011056184768676758,15.627312776152458,0.011076929171902172,9.0,0.5209104258717486
0.0,AFW_diminishing,diminishing,222.0,0.011105060577392578,15.627158002218001,0.0471484944407381,9.0,0.5209052667406
0.0,AFW_diminishing,diminishing,223.0,0.011156082153320312,15.627307210559966,0.011096772906929786,9.0,0.5209102403519988
0.0,AFW_diminishing,diminishing,224.0,0.01120615005493164,15.627158493730716,0.04634794113758289,9.0,0.5209052831243572
0.0,AFW_diminishing,diminishing,225.0,0.011255025863647461,15.627301835622637,0.011116285902981637,9.0,0.5209100611874212
0.0,AFW_diminishing,diminishing,226.0,0.011304140090942383,15.627158986502291,0.045561741217632346,9.0,0.5209052995500764
0.0,AFW_diminishing,diminishing,227.0,0.011353015899658203,15.62729664391952,0.011135476329565464,9.0,0.5209098881306506
0.0,AFW_diminishing,diminishing,228.0,0.01140284538269043,15.627159480244353,0.044789512152878075,9.0,0.5209053160081452
0.0,AFW_diminishing,diminishing,229.0,0.011452198028564453,15.627291628370676,0.011154352090441577,9.0,0.5209097209456892
0.0,AFW_diminishing,diminishing,230.0,0.01149892807006836,15.627159974687187,0.04403088488637863,9.0,0.5209053324895729
0.0,AFW_diminishing,diminishing,231.0,0.011547088623046875,15.627286782218917,0.011172920834298772,9.0,0.5209095594072972
0.0,AFW_diminishing,diminishing,232.0,0.011595964431762695,15.6271604695786,0.043285503244538504,9.0,0.5209053489859533
0.0,AFW_diminishing,diminishing,233.0,0.011644124984741211,15.627282099012692,0.01119118996491597,9.0,0.5209094033004231
0.0,AFW_diminishing,diminishing,234.0,0.011706113815307617,15.627160964682815,0.04255302337989697,9.0,0.5209053654894272
0.0,AFW_diminishing,diminishing,235.0,0.01175689697265625,15.627277572589996,0.011209166650839819,9.0,0.5209092524196666
0.0,AFW_diminishing,diminishing,236.0,0.011806249618530273,15.627161459779469,0.04183311324253225,9.0,0.5209053819926489
0.0,AFW_diminishing,diminishing,237.0,0.0118560791015625,15.627273197063271,0.011226857834619075,9.0,0.5209091065687758
0.0,AFW_diminishing,diminishing,238.0,0.01190495491027832,15.627161954662638,0.04112545207847429,9.0,0.5209053984887546
0.0,AFW_diminishing,diminishing,239.0,0.011954069137573242,15.627268966805158,0.011244270241598464,9.0,0.520908965560172
0.0,AFW_diminishing,diminishing,240.0,0.01200413703918457,15.627162449139973,0.04042972995348393,9.0,0.5209054149713325
0.0,AFW_diminishing,diminishing,241.0,0.01205301284790039,15.62726487643515,0.011261410388303972,9.0,0.520908829214505
0.0,AFW_diminishing,diminishing,242.0,0.012102127075195312,15.627162943031863,0.03974564730071073,9.0,0.5209054314343954
0.0,AFW_diminishing,diminishing,243.0,0.012151002883911133,15.627260920806988,0.011278284590459542,9.0,0.5209086973602329
0.0,AFW_diminishing,diminishing,244.0,0.012200117111206055,15.62716343617063,0.0390729144908617,9.0,0.5209054478723544
0.0,AFW_diminishing,diminishing,245.0,0.012248039245605469,15.62725709499681,0.011294898970644063,9.0,0.520908569833227
0.0,AFW_diminishing,diminishing,246.0,0.01229715347290039,15.627163928399856,0.03841125142354773,9.0,0.5209054642799952
0.0,AFW_diminishing,diminishing,247.0,0.012348175048828125,15.627253394292001,0.011311259465569101,9.0,0.5209084464764
0.0,AFW_diminishing,diminishing,248.0,0.012398958206176758,15.627164419573653,0.037760387138689566,9.0,0.5209054806524551
0.0,AFW_diminishing,diminishing,249.0,0.012459039688110352,15.627249814180628,0.011327371833045774,9.0,0.5209083271393543
0.0,AFW_diminishing,diminishing,250.0,0.012508153915405273,15.62716490955605,0.03712005944670338,9.0,0.5209054969852017
0.0,AFW_diminishing,diminishing,251.0,0.012557029724121094,15.627246350341535,0.011343241658691383,9.0,0.5209082116780511
0.0,AFW_diminishing,diminishing,252.0,0.01260519027709961,15.627165398220406,0.036490014576577856,9.0,0.5209055132740136
0.0,AFW_diminishing,diminishing,253.0,0.012655019760131836,15.627242998634973,0.011358874362239035,9.0,0.520908099954499
0.0,AFW_diminishing,diminishing,254.0,0.012705087661743164,15.627165885448813,0.03587000684068009,9.0,0.5209055295149604
0.0,AFW_diminishing,diminishing,255.0,0.012754201889038086,15.627239755093772,0.011374275203674067,9.0,0.5209079918364591
0.0,AFW_diminishing,diminishing,256.0,0.012804031372070312,15.627166371131615,0.035259798315530944,9.0,0.5209055457043872
0.0,AFW_diminishing,diminishing,257.0,0.012852907180786133,15.62723661591494,0.011389449289016085,9.0,0.5209078871971646
0.0,AFW_diminishing,diminishing,258.0,0.012904167175292969,15.627166855166898,0.034659158537503565,9.0,0.5209055618388966
0.0,AFW_diminishing,diminishing,259.0,0.012953996658325195,15.627233577451847,0.011404401575930478,9.0,0.5209077859150616
0.0,AFW_diminishing,diminishing,260.0,0.013002157211303711,15.627167337460016,0.03406786421280028,9.0,0.5209055779153339
0.0,AFW_diminishing,diminishing,261.0,0.013051033020019531,15.627230636206711,0.011419136879036174,9.0,0.520907687873557
0.0,AFW_diminishing,diminishing,262.0,0.013098955154418945,15.627167817923182,0.03348569894077169,9.0,0.5209055939307727
0.0,AFW_diminishing,diminishing,263.0,0.013146162033081055,15.627227788823573,0.01143365987501177,9.0,0.5209075929607858
0.0,AFW_diminishing,diminishing,264.0,0.013194084167480469,15.62716829647505,0.032912452950046855,9.0,0.5209056098825017
0.0,AFW_diminishing,diminishing,265.0,0.013244152069091797,15.627225032081625,0.011447975107494734,9.0,0.5209075010693875
0.0,AFW_diminishing,diminishing,266.0,0.013293981552124023,15.627168773040335,0.032347922846587274,9.0,0.5209056257680111
0.0,AFW_diminishing,diminishing,267.0,0.013343095779418945,15.627222362888913,0.011462086991754106,9.0,0.5209074120962971
0.0,AFW_diminishing,diminishing,268.0,0.01339101791381836,15.627169247549453,0.03179191137322768,9.0,0.5209056415849818
0.0,AFW_diminishing,diminishing,269.0,0.013439178466796875,15.627219778276332,0.011475999819182015,9.0,0.5209073259425444
0.0,AFW_diminishing,diminishing,270.0,0.01349020004272461,15.627169719938188,0.031244227179955786,9.0,0.5209056573312729
0.0,AFW_diminishing,diminishing,271.0,0.013537883758544922,15.627217275392,0.011489717761588025,9.0,0.5209072425130666
0.0,AFW_diminishing,diminishing,272.0,0.013588190078735352,15.627170190147378,0.03070468460447895,9.0,0.5209056730049126
0.0,AFW_diminishing,diminishing,273.0,0.013637065887451172,15.627214851495884,0.011503244875345153,9.0,0.5209071617165295
0.0,AFW_diminishing,diminishing,274.0,0.013685941696166992,15.627170658122607,0.03017310346245594,9.0,0.5209056886040869
0.0,AFW_diminishing,diminishing,275.0,0.01374506950378418,15.627212503954704,0.011516585105308508,9.0,0.5209070834651568
0.0,AFW_diminishing,diminishing,276.0,0.013792991638183594,15.627171123813945,0.029649308846981803,9.0,0.5209057041271314
0.0,AFW_diminishing,diminishing,277.0,0.013843059539794922,15.627210230237148,0.011529742288640676,9.0,0.5209070076745717
0.0,AFW_diminishing,diminishing,278.0,0.013894081115722656,15.62717158717566,0.02913313093678571,9.0,0.520905719572522
0.0,AFW_diminishing,diminishing,279.0,0.013952970504760742,15.627208027909285,0.011542720158435493,9.0,0.5209069342636429
0.0,AFW_diminishing,diminishing,280.0,0.014002084732055664,15.627172048165992,0.028624404812754634,9.0,0.5209057349388664
0.0,AFW_diminishing,diminishing,281.0,0.014055013656616211,15.627205894630224,0.011555522347214797,9.0,0.5209068631543408
0.0,AFW_diminishing,diminishing,282.0,0.014102935791015625,15.627172506746907,0.02812297028233246,9.0,0.5209057502248969
0.0,AFW_diminishing,diminishing,283.0,0.014153242111206055,15.627203828148005,0.011568152390296405,9.0,0.5209067942716001
0.0,AFW_diminishing,diminishing,284.0,0.014203071594238281,15.62717296288389,0.027628671711409147,9.0,0.520905765429463
0.0,AFW_diminishing,diminishing,285.0,0.014250993728637695,15.627201826295702,0.011580613728983558,9.0,0.52090672754319
0.0,AFW_diminishing,diminishing,286.0,0.014301061630249023,15.627173416545725,0.027141357863334825,9.0,0.5209057805515241
0.0,AFW_diminishing,diminishing,287.0,0.014352083206176758,15.62719988698768,0.011592909713694866,9.0,0.5209066628995893
0.0,AFW_diminishing,diminishing,288.0,0.014400959014892578,15.627173867704307,0.02666088174471337,9.0,0.5209057955901436
0.0,AFW_diminishing,diminishing,289.0,0.014449119567871094,15.627198008216116,0.011605043606922827,9.0,0.5209066002738705
0.0,AFW_diminishing,diminishing,290.0,0.014497995376586914,15.62717431633446,0.026187100457657486,9.0,0.5209058105444819
0.0,AFW_diminishing,diminishing,291.0,0.014547109603881836,15.627196188047591,0.011617018586094652,9.0,0.5209065396015864
0.0,AFW_diminishing,diminishing,292.0,0.01459503173828125,15.62717476241377,0.025719875058112684,9.0,0.5209058254137923
0.0,AFW_diminishing,diminishing,293.0,0.014644861221313477,15.627194424619956,0.011628837746304299,9.0,0.5209064808206653
0.0,AFW_diminishing,diminishing,294.0,0.014693021774291992,15.627175205922406,0.025259070420094787,9.0,0.5209058401974135
0.0,AFW_diminishing,diminishing,295.0,0.01474308967590332,15.627192716139247,0.011640504102992999,9.0,0.5209064238713083
0.0,AFW_diminishing,diminishing,296.0,0.014793157577514648,15.62717564684298,0.024804555105447434,9.0,0.520905854894766
0.0,AFW_diminishing,diminishing,297.0,0.014842033386230469,15.627191060876857,0.011652020594431711,9.0,0.5209063686958952
0.0,AFW_diminishing,diminishing,298.0,0.014889955520629883,15.627176085160402,0.024356201238870057,9.0,0.5209058695053467
0.0,AFW_diminishing,diminishing,299.0,0.014940023422241211,15.627189457166734,0.011663390084232006,9.0,0.5209063152388912
0.0,AFW_diminishing,diminishing,300.0,0.014988899230957031,15.627176520861742,0.023913884388060858,9.0,0.5209058840287247
0.0,AFW_diminishing,diminishing,301.0,0.015074014663696289,15.627187903402803,0.01167461536366421,9.0,0.52090626344676
0.0,AFW_diminishing,diminishing,302.0,0.015133142471313477,15.627176953936095,0.023477483448584024,9.0,0.5209058984645365
0.0,AFW_diminishing,diminishing,303.0,0.015185117721557617,15.627186398036471,0.011685699153890283,9.0,0.5209062132678823
0.0,AFW_diminishing,diminishing,304.0,0.015234947204589844,15.627177384374468,0.02304688053340076,9.0,0.5209059128124822
0.0,AFW_diminishing,diminishing,305.0,0.015285015106201172,15.62718493957424,0.0116966441082198,9.0,0.5209061646524746
0.0,AFW_diminishing,diminishing,306.0,0.015333175659179688,15.627177812169661,0.02262196086671686,9.0,0.5209059270723221
0.0,AFW_diminishing,diminishing,307.0,0.015380859375,15.627183526575458,0.011707452814150088,9.0,0.5209061175525153
0.0,AFW_diminishing,diminishing,308.0,0.015429019927978516,15.62717823731617,0.022202612682021616,9.0,0.5209059412438724
0.0,AFW_diminishing,diminishing,309.0,0.015477895736694336,15.627182157650164,0.011718127795401045,9.0,0.5209060719216722
0.0,AFW_diminishing,diminishing,310.0,0.015527009963989258,15.627178659810063,0.021788727124135043,9.0,0.5209059553270021
0.0,AFW_diminishing,diminishing,311.0,0.01557612419128418,15.627180831457027,0.011728671513884237,9.0,0.5209060277152342
0.0,AFW_diminishing,diminishing,312.0,0.015624046325683594,15.627179079648906,0.021380198155020125,9.0,0.5209059693216302
0.0,AFW_diminishing,diminishing,313.0,0.015670061111450195,15.627179546701393,0.011739086371557406,9.0,0.5209059848900465
0.0,AFW_diminishing,diminishing,314.0,0.015719175338745117,15.627179496831655,0.020976922463240122,9.0,0.5209059832277219
0.0,AFW_diminishing,diminishing,315.0,0.01576709747314453,15.62717830213342,0.011749374712232807,9.0,0.5209059434044473
0.0,AFW_diminishing,diminishing,316.0,0.015815019607543945,15.62717991135859,0.020578799376903767,9.0,0.5209059970452864
0.0,AFW_diminishing,diminishing,317.0,0.01586294174194336,15.627177096546259,0.011759538823348237,9.0,0.5209059032182086
0.0,AFW_diminishing,diminishing,318.0,0.01591014862060547,15.627180323231206,0.020185730779886946,9.0,0.5209060107743736
0.0,AFW_diminishing,diminishing,319.0,0.01595616340637207,15.627175928774406,0.011769580937626145,9.0,0.5209058642924802
0.0,AFW_diminishing,diminishing,320.0,0.01600503921508789,15.627180732452175,0.019797621031258927,9.0,0.5209060244150725
0.0,AFW_diminishing,diminishing,321.0,0.016070127487182617,15.62717479769203,0.011779503234694566,9.0,0.5209058265897343
0.0,AFW_diminishing,diminishing,322.0,0.016198158264160156,15.627181139025232,0.019414376887731954,9.0,0.5209060379675078
0.0,AFW_diminishing,diminishing,323.0,0.016255855560302734,15.627173702211426,0.01178930784266008,9.0,0.5209057900737142
0.0,AFW_diminishing,diminishing,324.0,0.01630711555480957,15.627181542955134,0.01903590742898409,9.0,0.5209060514318378
0.0,AFW_diminishing,diminishing,325.0,0.0163571834564209,15.627172641281557,0.01179899683964436,9.0,0.5209057547093853
0.0,AFW_diminishing,diminishing,326.0,0.01640796661376953,15.627181944247589,0.01866212398577538,9.0,0.520906064808253
0.0,AFW_diminishing,diminishing,327.0,0.016457080841064453,15.627171613886611,0.011808572255180394,9.0,0.5209057204628871
0.0,AFW_diminishing,diminishing,328.0,0.016505002975463867,15.627182342909192,0.01829294007074367,9.0,0.5209060780969731
0.0,AFW_diminishing,diminishing,329.0,0.016553878784179688,15.627170619044636,0.011818036071672644,9.0,0.5209056873014879
0.0,AFW_diminishing,diminishing,330.0,0.016604185104370117,15.627182738947376,0.017928271311661526,9.0,0.5209060912982458
0.0,AFW_diminishing,diminishing,331.0,0.016660213470458984,15.627169655806277,0.011827390225741752,9.0,0.5209056551935426
0.0,AFW_diminishing,diminishing,332.0,0.0167081356048584,15.62718313237034,0.017568035387212966,9.0,0.5209061044123446
0.0,AFW_diminishing,diminishing,333.0,0.016757965087890625,15.627168723253488,0.011836636609519502,9.0,0.5209056241084496
0.0,AFW_diminishing,diminishing,334.0,0.016808032989501953,15.627183523187014,0.01721215196502701,9.0,0.5209061174395672
0.0,AFW_diminishing,diminishing,335.0,0.016863107681274414,15.6271678204984,0.011845777071937569,9.0,0.5209055940166133
0.0,AFW_diminishing,diminishing,336.0,0.016913175582885742,15.62723537603193,0.0169269412255586,9.0,0.520907845867731
0.0,AFW_diminishing,diminishing,337.0,0.016960859298706055,15.627166947266431,0.01689197297706091,9.0,0.5209055649088811
0.0,AFW_diminishing,diminishing,338.0,0.017010211944580078,15.627198567299626,0.016680437518078683,9.0,0.5209066189099876
0.0,AFW_diminishing,diminishing,339.0,0.017060041427612305,15.627167238798929,0.027748086276879746,9.0,0.520905574626631
0.0,AFW_diminishing,diminishing,340.0,0.01710820198059082,15.627197149820729,0.016751529243847152,9.0,0.520906571660691
0.0,AFW_diminishing,diminishing,341.0,0.017158031463623047,15.627167529139605,0.027353581069603727,9.0,0.5209055843046535
0.0,AFW_diminishing,diminishing,342.0,0.017208099365234375,15.627195768743999,0.01682179632754721,9.0,0.5209065256248
0.0,AFW_diminishing,diminishing,343.0,0.01725625991821289,15.627167818271008,0.02696371624974958,9.0,0.5209055939423669
0.0,AFW_diminishing,diminishing,344.0,0.01730513572692871,15.627194423092762,0.0168912530344274,9.0,0.5209064807697588
0.0,AFW_diminishing,diminishing,345.0,0.017353057861328125,15.627168106176981,0.026578410427738675,9.0,0.5209056035392327
0.0,AFW_diminishing,diminishing,346.0,0.017402172088623047,15.62719311192074,0.016959913302594387,9.0,0.5209064370640246
0.0,AFW_diminishing,diminishing,347.0,0.017449140548706055,15.627168392842552,0.026197584106166794,9.0,0.5209056130947517
0.0,AFW_diminishing,diminishing,348.0,0.01749897003173828,15.627191834310944,0.017027790752364602,9.0,0.5209063944770315
0.0,AFW_diminishing,diminishing,349.0,0.01754903793334961,15.627168678253927,0.0258211596251261,9.0,0.5209056226084642
0.0,AFW_diminishing,diminishing,350.0,0.01759815216064453,15.627190589374644,0.017094898695241056,9.0,0.5209063529791548
0.0,AFW_diminishing,diminishing,351.0,0.01764702796936035,15.627168962398411,0.0254490611094349,9.0,0.520905632079947
0.0,AFW_diminishing,diminishing,352.0,0.017695903778076172,15.627189376250337,0.01716125014262726,9.0,0.5209063125416779
0.0,AFW_diminishing,diminishing,353.0,0.017747163772583008,15.627169245264351,0.025081214417657982,9.0,0.5209056415088117
0.0,AFW_diminishing,diminishing,354.0,0.017795085906982422,15.627188194102807,0.017226857814241825,9.0,0.5209062731367602
0.0,AFW_diminishing,diminishing,355.0,0.017843246459960938,15.627169526841097,0.024717547092872216,9.0,0.5209056508947032
0.0,AFW_diminishing,diminishing,356.0,0.017892122268676758,15.62718704212217,0.01729173414624796,9.0,0.5209062347374057
0.0,AFW_diminishing,diminishing,357.0,0.017941951751708984,15.627169807118946,0.024357988315099277,9.0,0.5209056602372982
0.0,AFW_diminishing,diminishing,358.0,0.017991065979003906,15.627185919523017,0.017355891299075665,9.0,0.5209061973174339
0.0,AFW_diminishing,diminishing,359.0,0.01803898811340332,15.627170086089098,0.024002468855347736,9.0,0.5209056695363032
0.0,AFW_diminishing,diminishing,360.0,0.018087148666381836,15.627184825543527,0.017419341165078706,9.0,0.5209061608514509
0.0,AFW_diminishing,diminishing,361.0,0.018136978149414062,15.627170363743625,0.023650921031174832,9.0,0.5209056787914542
0.0,AFW_diminishing,diminishing,362.0,0.018186092376708984,15.627183759444675,0.01748209537583989,9.0,0.5209061253148225
0.0,AFW_diminishing,diminishing,363.0,0.018233060836791992,15.627170640075393,0.023303278663755478,9.0,0.5209056880025131
0.0,AFW_diminishing,diminishing,364.0,0.01828289031982422,15.627182720509419,0.017544165309304027,9.0,0.5209060906836472
0.0,AFW_diminishing,diminishing,365.0,0.01833200454711914,15.627170915078066,0.022959477036352816,9.0,0.5209056971692688
0.0,AFW_diminishing,diminishing,366.0,0.018381118774414062,15.627181708041967,0.017605562096608907,9.0,0.5209060569347322
0.0,AFW_diminishing,diminishing,367.0,0.018430233001708984,15.627171188746043,0.02261945285416367,9.0,0.5209057062915348
0.0,AFW_diminishing,diminishing,368.0,0.01847696304321289,15.627180721367026,0.017666296628814138,9.0,0.5209060240455675
0.0,AFW_diminishing,diminishing,369.0,0.018526077270507812,15.627171461074425,0.02228314420548827,9.0,0.5209057153691475
0.0,AFW_diminishing,diminishing,370.0,0.018574953079223633,15.627179759829136,0.017726379563272054,9.0,0.5209059919943045
0.0,AFW_diminishing,diminishing,371.0,0.01862311363220215,15.627171732058988,0.02195049052415854,9.0,0.5209057244019663
0.0,AFW_diminishing,diminishing,372.0,0.01867198944091797,15.62717882279197,0.017785821329907137,9.0,0.5209059607597324
0.0,AFW_diminishing,diminishing,373.0,0.018722057342529297,15.62717200169614,0.021621432553171616,9.0,0.5209057333898713
0.0,AFW_diminishing,diminishing,374.0,0.01877117156982422,15.627177909637693,0.017844632137210326,9.0,0.5209059303212564
0.0,AFW_diminishing,diminishing,375.0,0.01882004737854004,15.6271722699829,0.021295912309533094,9.0,0.5209057423327633
0.0,AFW_diminishing,diminishing,376.0,0.018868207931518555,15.627177019766348,0.01790282197812143,9.0,0.5209059006588783
0.0,AFW_diminishing,diminishing,377.0,0.018917083740234375,15.627172536916857,0.020973873050176728,9.0,0.5209057512305619
0.0,AFW_diminishing,diminishing,378.0,0.018965959548950195,15.62717615259527,0.017960400635675278,9.0,0.5209058717531757
0.0,AFW_diminishing,diminishing,379.0,0.01901412010192871,15.627172802496148,0.020655259239021007,9.0,0.5209057600832049
0.0,AFW_diminishing,diminishing,380.0,0.019063949584960938,15.627175307558492,0.01801737768846845,9.0,0.520905843585283
0.0,AFW_diminishing,diminishing,381.0,0.019114017486572266,15.62717306671944,0.020340016515031145,9.0,0.520905768890648
0.0,AFW_diminishing,diminishing,382.0,0.01916217803955078,15.627174484106197,0.018073762516003455,9.0,0.5209058161368733
0.0,AFW_diminishing,diminishing,383.0,0.0192110538482666,15.62722177781413,0.02002809166132291,9.0,0.5209073925938044
0.0,AFW_diminishing,diminishing,384.0,0.01925802230834961,15.627174755126891,0.03846951791155817,9.0,0.5209058251708963
0.0,AFW_diminishing,diminishing,385.0,0.019308090209960938,15.627220241819577,0.0200724166777011,9.0,0.5209073413939859
0.0,AFW_diminishing,diminishing,386.0,0.01935601234436035,15.627175025356035,0.038012267979638636,9.0,0.5209058341785345
0.0,AFW_diminishing,diminishing,387.0,0.01940298080444336,15.627218739682277,0.020116288740091193,9.0,0.5209072913227426
0.0,AFW_diminishing,diminishing,388.0,0.019453048706054688,15.62717529477515,0.03755976800905447,9.0,0.5209058431591717
0.0,AFW_diminishing,diminishing,389.0,0.019503116607666016,15.627217270605495,0.020159714755724423,9.0,0.5209072423535165
0.0,AFW_diminishing,diminishing,390.0,0.01955127716064453,15.627175563366764,0.037111944371775785,9.0,0.5209058521122255
0.0,AFW_diminishing,diminishing,391.0,0.01960015296936035,15.627215833814377,0.020202701492096686,9.0,0.5209071944604793
0.0,AFW_diminishing,diminishing,392.0,0.019649982452392578,15.62717583111436,0.03666872495362128,9.0,0.5209058610371453
0.0,AFW_diminishing,diminishing,393.0,0.019698143005371094,15.62721442855522,0.020245255580515042,9.0,0.5209071476185073
0.0,AFW_diminishing,diminishing,394.0,0.01974797248840332,15.62717609800236,0.036230039115484836,9.0,0.520905869933412
0.0,AFW_diminishing,diminishing,395.0,0.019798994064331055,15.627213054094819,0.020287383519479896,9.0,0.5209071018031606
0.0,AFW_diminishing,diminishing,396.0,0.019849061965942383,15.62717636401603,0.03579581765586681,9.0,0.5209058788005343
0.0,AFW_diminishing,diminishing,397.0,0.01989912986755371,15.627211709719806,0.020329091678015665,9.0,0.5209070569906602
0.0,AFW_diminishing,diminishing,398.0,0.019948959350585938,15.627176629141513,0.035365992774462285,9.0,0.5209058876380505
0.0,AFW_diminishing,diminishing,399.0,0.019997119903564453,15.627210394736057,0.02037038629885135,9.0,0.5209070131578686
0.0,AFW_diminishing,diminishing,400.0,0.020045995712280273,15.627176893365743,0.034940498036887035,9.0,0.5209058964455248
0.0,AFW_diminishing,diminishing,401.0,0.0200960636138916,15.627209108468053,0.02041127350156824,9.0,0.5209069702822684
0.0,AFW_diminishing,diminishing,402.0,0.02014613151550293,15.62717715667644,0.03451926834045871,9.0,0.520905905222548
0.0,AFW_diminishing,diminishing,403.0,0.020194053649902344,15.627207850258317,0.020451759285597504,9.0,0.520906928341944
0.0,AFW_diminishing,diminishing,404.0,0.020243167877197266,15.627177419062066,0.034102239880969165,9.0,0.5209059139687355
0.0,AFW_diminishing,diminishing,405.0,0.020289897918701172,15.627206619466872,0.020491849533155637,9.0,0.5209068873155623
0.0,AFW_diminishing,diminishing,406.0,0.0203402042388916,15.62717768051181,0.03368935012052443,9.0,0.520905922683727
0.0,AFW_diminishing,diminishing,407.0,0.020389080047607422,15.627205415470677,0.020531550012107047,9.0,0.5209068471823559
0.0,AFW_diminishing,diminishing,408.0,0.02043890953063965,15.627177941015523,0.033280537756231965,9.0,0.5209059313671841
0.0,AFW_diminishing,diminishing,409.0,0.02050185203552246,15.627204237663108,0.020570866378720076,9.0,0.5209068079221036
0.0,AFW_diminishing,diminishing,410.0,0.02055215835571289,15.627178200563733,0.0328757426899049,9.0,0.5209059400187911
0.0,AFW_diminishing,diminishing,411.0,0.020601987838745117,15.62720308545348,0.020609804180352853,9.0,0.520906769515116
0.0,AFW_diminishing,diminishing,412.0,0.020650863647460938,15.627178459147586,0.03247490599859226,9.0,0.5209059486382529
0.0,AFW_diminishing,diminishing,413.0,0.020701169967651367,15.627201958266538,0.020648368858056543,9.0,0.5209067319422179
0.0,AFW_diminishing,diminishing,414.0,0.02074909210205078,15.627178716758845,0.032077969906003645,9.0,0.5209059572252949
0.0,AFW_diminishing,diminishing,415.0,0.020797014236450195,15.627200855542,0.020686565749121755,9.0,0.5209066951847333
0.0,AFW_diminishing,diminishing,416.0,0.020843982696533203,15.627178973389837,0.031684877754752705,9.0,0.5209059657796612
0.0,AFW_diminishing,diminishing,417.0,0.02089405059814453,15.627199776734107,0.020724400089533468,9.0,0.5209066592244702
0.0,AFW_diminishing,diminishing,418.0,0.020943164825439453,15.62717922903346,0.031295573979398306,9.0,0.5209059743011154
0.0,AFW_diminishing,diminishing,419.0,0.020991086959838867,15.627198721311187,0.02076187701636023,9.0,0.5209066240437062
0.0,AFW_diminishing,diminishing,420.0,0.02103900909423828,15.627179483683141,0.030910004080267228,9.0,0.520905982789438
0.0,AFW_diminishing,diminishing,421.0,0.021085023880004883,15.627197688755226,0.02079900157008918,9.0,0.5209065896251742
0.0,AFW_diminishing,diminishing,422.0,0.021134138107299805,15.627179737332815,0.030528114598023848,9.0,0.5209059912444272
0.0,AFW_diminishing,diminishing,423.0,0.021183252334594727,15.62719667856147,0.020835778696873142,9.0,0.520906555952049
0.0,AFW_diminishing,diminishing,424.0,0.021229028701782227,15.627179989976899,0.03014985308896989,9.0,0.5209059996658966
0.0,AFW_diminishing,diminishing,425.0,0.021279096603393555,15.627195690238032,0.020872213250727967,9.0,0.5209065230079344
0.0,AFW_diminishing,diminishing,426.0,0.021327972412109375,15.627180241610297,0.0297751681010352,9.0,0.5209060080536766
0.0,AFW_diminishing,diminishing,427.0,0.021377086639404297,15.627194723305507,0.02090830999567661,9.0,0.5209064907768503
0.0,AFW_diminishing,diminishing,428.0,0.021424055099487305,15.627180492228355,0.029404009150447052,9.0,0.5209060164076118
0.0,AFW_diminishing,diminishing,429.0,0.02147388458251953,15.627193777296617,0.020944073607817693,9.0,0.5209064592432205
0.0,AFW_diminishing,diminishing,430.0,0.021523237228393555,15.62718074182685,0.029036326699086956,9.0,0.5209060247275616
0.0,AFW_diminishing,diminishing,431.0,0.02157306671142578,15.62719285175584,0.020979508677354097,9.0,0.5209064283918613
0.0,AFW_diminishing,diminishing,432.0,0.021620988845825195,15.62718099040197,0.02867207213241585,9.0,0.520906033013399
0.0,AFW_diminishing,diminishing,433.0,0.021670103073120117,15.627191946239082,0.02101461971053986,9.0,0.5209063982079694
0.0,AFW_diminishing,diminishing,434.0,0.021715164184570312,15.627181237950312,0.028311197738069005,9.0,0.5209060412650104
0.0,AFW_diminishing,diminishing,435.0,0.021763086318969727,15.627191060313335,0.021049411131606632,9.0,0.5209063686771112
0.0,AFW_diminishing,diminishing,436.0,0.02181220054626465,15.627181484468842,0.027953656685016703,9.0,0.5209060494822947
0.0,AFW_diminishing,diminishing,437.0,0.02186417579650879,15.62719019355637,0.02108388728460664,9.0,0.5209063397852123
0.0,AFW_diminishing,diminishing,438.0,0.02191305160522461,15.627181729954899,0.02759940300332886,9.0,0.5209060576651633
0.0,AFW_diminishing,diminishing,439.0,0.021961212158203125,15.627189345556417,0.021118052435234347,9.0,0.5209063115185473
0.0,AFW_diminishing,diminishing,440.0,0.02201104164123535,15.627181974406156,0.02724839156446901,9.0,0.5209060658135385
0.0,AFW_diminishing,diminishing,441.0,0.022070884704589844,15.62718851591186,0.021151910772575278,9.0,0.5209062838637286
0.0,AFW_diminishing,diminishing,442.0,0.022121191024780273,15.62718221782064,0.026900578062087455,9.0,0.5209060739273547
0.0,AFW_diminishing,diminishing,443.0,0.022170066833496094,15.627187704230968,0.021185466410827303,9.0,0.520906256807699
0.0,AFW_diminishing,diminishing,444.0,0.02221822738647461,15.627182460196686,0.02655591899346632,9.0,0.5209060820065562
0.0,AFW_diminishing,diminishing,445.0,0.022268056869506836,15.627186910131597,0.021218723390953542,9.0,0.5209062303377199
0.0,AFW_diminishing,diminishing,446.0,0.022315025329589844,15.62718270153294,0.02621437164131013,9.0,0.520906090051098
0.0,AFW_diminishing,diminishing,447.0,0.022364139556884766,15.627186133240922,0.021251685682320165,9.0,0.520906204441364
0.0,AFW_diminishing,diminishing,448.0,0.022410869598388672,15.627182941828345,0.025875894056134108,9.0,0.5209060980609448
0.0,AFW_diminishing,diminishing,449.0,0.0224611759185791,15.627185373195184,0.021284357184262248,9.0,0.5209061791065062
0.0,AFW_diminishing,diminishing,450.0,0.022510051727294922,15.627183181082117,0.025540445039086812,9.0,0.5209061060360706
0.0,AFW_diminishing,diminishing,451.0,0.02255702018737793,15.627184629639423,0.021316741727623878,9.0,0.5209061543213142
0.0,AFW_diminishing,diminishing,452.0,0.02260613441467285,15.62718341929376,0.025207984125222183,9.0,0.5209061139764587
0.0,AFW_diminishing,diminishing,453.0,0.022654056549072266,15.62718390222724,0.02134884307626539,9.0,0.5209061300742414
0.0,AFW_diminishing,diminishing,454.0,0.022703170776367188,15.627183656463004,0.024878471567259197,9.0,0.5209061218821002
0.0,AFW_diminishing,diminishing,455.0,0.022750139236450195,15.627183190620553,0.021380664928502213,9.0,0.5209061063540185
0.0,AFW_diminishing,diminishing,456.0,0.022799968719482422,15.627183892589862,0.024551868319711012,9.0,0.5209061297529954
0.0,AFW_diminishing,diminishing,457.0,0.022849082946777344,15.627182494489379,0.021412210918543728,9.0,0.5209060831496459
0.0,AFW_diminishing,diminishing,458.0,0.022897005081176758,15.62718412767456,0.02422813602348306,9.0,0.520906137589152
0.0,AFW_diminishing,diminishing,459.0,0.022945880889892578,15.6271818135116,0.02144348461787171,9.0,0.5209060604503867
0.0,AFW_diminishing,diminishing,460.0,0.022996187210083008,15.627184361717564,0.02390723699085484,9.0,0.5209061453905854
0.0,AFW_diminishing,diminishing,461.0,0.023046016693115234,15.627181147372738,0.02147448953657438,9.0,0.520906038245758
0.0,AFW_diminishing,diminishing,462.0,0.023094892501831055,15.627184594719544,0.023589134190859617,9.0,0.5209061531573181
0.0,AFW_diminishing,diminishing,463.0,0.02314305305480957,15.62718049576578,0.021505229124675118,9.0,0.520906016525526
0.0,AFW_diminishing,diminishing,464.0,0.023190021514892578,15.627184826681392,0.02327379123502027,9.0,0.5209061608893797
0.0,AFW_diminishing,diminishing,465.0,0.0232391357421875,15.62717985839093,0.021535706773411434,9.0,0.5209059952796976
0.0,AFW_diminishing,diminishing,466.0,0.023287057876586914,15.627185057604176,0.022961172363495486,9.0,0.5209061685868058
0.0,AFW_diminishing,diminishing,467.0,0.023336172103881836,15.62717923495544,0.021565925816469544,9.0,0.5209059744985146
0.0,AFW_diminishing,diminishing,468.0,0.023386001586914062,15.627185287489182,0.022651242431575014,9.0,0.5209061762496394
0.0,AFW_diminishing,diminishing,469.0,0.02343606948852539,15.627178625173423,0.021595889531215384,9.0,0.5209059541724474
0.0,AFW_diminishing,diminishing,470.0,0.023483991622924805,15.627185516337853,0.02234396689647511,9.0,0.5209061838779284
0.0,AFW_diminishing,diminishing,471.0,0.023534059524536133,15.62717802876565,0.021625601139865225,9.0,0.5209059342921883
0.0,AFW_diminishing,diminishing,472.0,0.023583173751831055,15.627185744151818,0.02203931180454255,9.0,0.5209061914717272
0.0,AFW_diminishing,diminishing,473.0,0.02363109588623047,15.627177445459393,0.021655063810646524,9.0,0.5209059148486465
0.0,AFW_diminishing,diminishing,474.0,0.023687124252319336,15.627185970932857,0.021737243778714443,9.0,0.5209061990310953
0.0,AFW_diminishing,diminishing,475.0,0.023736953735351562,15.627176874988217,0.021684280658925914,9.0,0.5209058958329406
0.0,AFW_diminishing,diminishing,476.0,0.023785829544067383,15.627186196682928,0.021437730006368838,9.0,0.5209062065560975
0.0,AFW_diminishing,diminishing,477.0,0.023835182189941406,15.627176317091859,0.021713254748307875,9.0,0.5209058772363953
0.0,AFW_diminishing,diminishing,478.0,0.023895978927612305,15.627186421404124,0.0211407382274178,9.0,0.5209062140468042
0.0,AFW_diminishing,diminishing,479.0,0.023945093154907227,15.627175771516015,0.021741989091693448,9.0,0.5209058590505339
0.0,AFW_diminishing,diminishing,480.0,0.023995161056518555,15.627186645098684,0.020846236722714906,9.0,0.5209062215032895
0.0,AFW_diminishing,diminishing,481.0,0.02404499053955078,15.62717523801223,0.021770486652346044,9.0,0.5209058412670743
0.0,AFW_diminishing,diminishing,482.0,0.02409529685974121,15.627186867768991,0.020554194302819795,9.0,0.520906228925633
0.0,AFW_diminishing,diminishing,483.0,0.02414703369140625,15.627174716337707,0.02179875034488532,9.0,0.5209058238779236
0.0,AFW_diminishing,diminishing,484.0,0.024196147918701172,15.627187089417552,0.020264580296921686,9.0,0.5209062363139184
0.0,AFW_diminishing,diminishing,485.0,0.024244070053100586,15.627174206255175,0.021826783036302366,9.0,0.5209058068751725
0.0,AFW_diminishing,diminishing,486.0,0.024306058883666992,15.627187310046995,0.01997736454213772,9.0,0.5209062436682331
0.0,AFW_diminishing,diminishing,487.0,0.024354934692382812,15.627173707532743,0.021854587546920712,9.0,0.5209057902510914
0.0,AFW_diminishing,diminishing,488.0,0.024404287338256836,15.627187529660079,0.019692517373050222,9.0,0.5209062509886693
0.0,AFW_diminishing,diminishing,489.0,0.024451017379760742,15.627173219943758,0.021882166651323587,9.0,0.5209057739981253
0.0,AFW_diminishing,diminishing,490.0,0.024506092071533203,15.62716550128012,0.01941000961146422,9.0,0.5209055167093373
0.0,AFW_diminishing,diminishing,491.0,0.02455592155456543,15.627173380404624,0.01569076582543527,9.0,0.5209057793468208
0.0,AFW_diminishing,diminishing,492.0,0.02460622787475586,15.627165117354155,0.019432967972524473,9.0,0.5209055039118051
0.0,AFW_diminishing,diminishing,493.0,0.02465510368347168,15.627173540148,0.01547621890989248,9.0,0.5209057846716
0.0,AFW_diminishing,diminishing,494.0,0.024704933166503906,15.627164741743107,0.01945574196981603,9.0,0.5209054913914369
0.0,AFW_diminishing,diminishing,495.0,0.024754047393798828,15.627173699175588,0.015263416131769958,9.0,0.5209057899725196
0.0,AFW_diminishing,diminishing,496.0,0.024801969528198242,15.627164374283925,0.019478333815115434,9.0,0.5209054791427975
0.0,AFW_diminishing,diminishing,497.0,0.024851083755493164,15.627173857489165,0.015052336309737235,9.0,0.5209057952496389
0.0,AFW_diminishing,diminishing,498.0,0.024899005889892578,15.62716401481717,0.019500745684972287,9.0,0.5209054671605723
0.0,AFW_diminishing,diminishing,499.0,0.024946212768554688,15.627174015090597,0.014842958604042167,9.0,0.5209058005030199
0.0,AFW_diminishing,diminishing,500.0,0.024996042251586914,15.627163663186922,0.019522979721431355,9.0,0.520905455439564
0.0,AFW_diminishing,diminishing,501.0,0.025044918060302734,15.627174171981823,0.014635262509674618,9.0,0.5209058057327274
0.0,AFW_diminishing,diminishing,502.0,0.0251009464263916,15.627163319240692,0.01954503803262675,9.0,0.5209054439746897
0.0,AFW_diminishing,diminishing,503.0,0.02515125274658203,15.62717432816485,0.014429227849625192,9.0,0.5209058109388284
0.0,AFW_diminishing,diminishing,504.0,0.025201082229614258,15.627162982829352,0.01956692269354221,9.0,0.5209054327609784
0.0,AFW_diminishing,diminishing,505.0,0.025252103805541992,15.627174483641767,0.014224834768388206,9.0,0.5209058161213922
0.0,AFW_diminishing,diminishing,506.0,0.025300979614257812,15.627162653807025,0.019588635746600858,9.0,0.5209054217935675
0.0,AFW_diminishing,diminishing,507.0,0.025350093841552734,15.62717463841471,0.014022063725597,9.0,0.5209058212804903
0.0,AFW_diminishing,diminishing,508.0,0.02539682388305664,15.627162332031007,0.019610179202343758,9.0,0.5209054110677003
0.0,AFW_diminishing,diminishing,509.0,0.025446176528930664,15.627174792485894,0.01382089548976495,9.0,0.5209058264161964
0.0,AFW_diminishing,diminishing,510.0,0.025495052337646484,15.627162017361712,0.019631555040005466,9.0,0.5209054005787237
0.0,AFW_diminishing,diminishing,511.0,0.025544166564941406,15.627174945857584,0.013621311132218317,9.0,0.5209058315285862
0.0,AFW_diminishing,diminishing,512.0,0.025590896606445312,15.627161709662568,0.019652765208155287,9.0,0.5209053903220856
0.0,AFW_diminishing,diminishing,513.0,0.025640249252319336,15.627175098532112,0.013423292021158773,9.0,0.520905836617737
0.0,AFW_diminishing,diminishing,514.0,0.025692224502563477,15.627161408799951,0.019673811625268378,9.0,0.5209053802933317
0.0,AFW_diminishing,diminishing,515.0,0.02573990821838379,15.627175250511852,0.013226819815884916,9.0,0.5209058416837284
0.0,AFW_diminishing,diminishing,516.0,0.02578902244567871,15.627161114643119,0.01969469618033237,9.0,0.5209053704881039
0.0,AFW_diminishing,diminishing,517.0,0.025836944580078125,15.627175401799235,0.013031876461093717,9.0,0.5209058467266412
0.0,AFW_diminishing,diminishing,518.0,0.02588510513305664,15.627160827064127,0.019715420733380284,9.0,0.5209053609021376
0.0,AFW_diminishing,diminishing,519.0,0.02593398094177246,15.62717555239674,0.012838444181372033,9.0,0.520905851746558
0.0,AFW_diminishing,diminishing,520.0,0.02598404884338379,15.627160545937773,0.01973598711604385,9.0,0.520905351531259
0.0,AFW_diminishing,diminishing,521.0,0.02603316307067871,15.627175702306888,0.012646505475798264,9.0,0.5209058567435629
0.0,AFW_diminishing,diminishing,522.0,0.026079893112182617,15.627160271141516,0.019756397132126402,9.0,0.5209053423713839
0.0,AFW_diminishing,diminishing,523.0,0.026130199432373047,15.627175851532256,0.012456043112673676,9.0,0.5209058617177419
0.0,AFW_diminishing,diminishing,524.0,0.026180028915405273,15.627160002555424,0.019776652558096686,9.0,0.5209053334185142
0.0,AFW_diminishing,diminishing,525.0,0.026228904724121094,15.627176000075442,0.012267040124310569,9.0,0.5209058666691814
0.0,AFW_diminishing,diminishing,526.0,0.026276111602783203,15.627159740062105,0.019796755143623557,9.0,0.5209053246687368
0.0,AFW_diminishing,diminishing,527.0,0.026324987411499023,15.627176147939096,0.01207947980207802,9.0,0.5209058715979699
0.0,AFW_diminishing,diminishing,528.0,0.026374101638793945,15.627159483546642,0.019816706612062696,9.0,0.5209053161182214
0.0,AFW_diminishing,diminishing,529.0,0.02642083168029785,15.627176295125906,0.011893345691401436,9.0,0.5209058765041968
0.0,AFW_diminishing,diminishing,530.0,0.02647113800048828,15.627159232896542,0.019836508660965535,9.0,0.5209053077632181
0.0,AFW_diminishing,diminishing,531.0,0.0265200138092041,15.627176441638591,0.011708621587006363,9.0,0.520905881387953
0.0,AFW_diminishing,diminishing,532.0,0.02656722068786621,15.627158988001668,0.01985616296254733,9.0,0.5209052996000556
0.0,AFW_diminishing,diminishing,533.0,0.02661609649658203,15.627176587479898,0.011525291528188042,9.0,0.52090588624933
0.0,AFW_diminishing,diminishing,534.0,0.026666879653930664,15.627158748754194,0.01987567116417388,9.0,0.5209052916251398
0.0,AFW_diminishing,diminishing,535.0,0.02671504020690918,15.62717673265261,0.011343339794202656,9.0,0.5209058910884203
0.0,AFW_diminishing,diminishing,536.0,0.026763916015625,15.627158515048535,0.01989503488879585,9.0,0.5209052838349512
0.0,AFW_diminishing,diminishing,537.0,0.02681112289428711,15.627176877159537,0.011162750899821994,9.0,0.5209058959053179
0.0,AFW_diminishing,diminishing,538.0,0.026860952377319336,15.6271582867813,0.01991425573543104,9.0,0.5209052762260433
0.0,AFW_diminishing,diminishing,539.0,0.026910066604614258,15.627177021003511,0.010983509590889895,9.0,0.520905900700117
0.0,AFW_diminishing,diminishing,540.0,0.026958942413330078,15.627158063851253,0.019933335279590736,9.0,0.5209052687950417
0.0,AFW_diminishing,diminishing,541.0,0.027008056640625,15.6271771641874,0.010805600840051888,9.0,0.5209059054729133
0.0,AFW_diminishing,diminishing,542.0,0.027057170867919922,15.627157846159239,0.019952275073690906,9.0,0.5209052615386413
0.0,AFW_diminishing,diminishing,543.0,0.027104854583740234,15.627177306714085,0.010629009842569204,9.0,0.5209059102238028
0.0,AFW_diminishing,diminishing,544.0,0.02715301513671875,15.62715763360815,0.01997107664750697,9.0,0.520905254453605
0.0,AFW_diminishing,diminishing,545.0,0.027200937271118164,15.627177448586473,0.01045372201216832,9.0,0.5209059149528824
0.0,AFW_diminishing,diminishing,546.0,0.027248144149780273,15.62715742610287,0.019989741508553927,9.0,0.5209052475367624
0.0,AFW_diminishing,diminishing,547.0,0.0272979736328125,15.62717758980749,0.01027972297707258,9.0,0.5209059196602497
0.0,AFW_diminishing,diminishing,548.0,0.02734827995300293,15.627157223550237,0.02000827114251269,9.0,0.5209052407850079
0.0,AFW_diminishing,diminishing,549.0,0.027395009994506836,15.62717773038008,0.010106998576042692,9.0,0.5209059243460027
0.0,AFW_diminishing,diminishing,550.0,0.02744317054748535,15.627157025858988,0.02002666701362088,9.0,0.5209052341952997
0.0,AFW_diminishing,diminishing,551.0,0.027492046356201172,15.627194546910129,0.010040273438248093,9.0,0.5209064848970043
0.0,AFW_diminishing,diminishing,552.0,0.027540922164916992,15.627156831388582,0.01997392398858633,9.0,0.5209052277129528
0.0,AFW_diminishing,diminishing,553.0,0.027581214904785156,15.627156831388582,0.009989099056521233,9.0,0.5209052277129528
0.0,AFW_exact,exact,0.0,7.700920104980469e-05,16.484849442471486,10.73971096916316,2.0,0.5494949814157162
0.0,AFW_exact,exact,1.0,0.00014090538024902344,15.980911982161695,4.048212016133745,3.0,0.5326970660720565
0.0,AFW_exact,exact,2.0,0.0001990795135498047,15.76326860723777,2.3462612641898426,4.0,0.5254422869079256
0.0,AFW_exact,exact,3.0,0.0002579689025878906,15.742912719063453,0.7190834313132646,5.0,0.5247637573021151
0.0,AFW_exact,exact,4.0,0.0003170967102050781,15.714666344614441,0.7035037141866969,6.0,0.523822211487148
0.0,AFW_exact,exact,5.0,0.00038909912109375,15.700983600153823,0.5790448126026906,7.0,0.5233661200051274
0.0,AFW_exact,exact,6.0,0.0004489421844482422,15.687077572756431,0.5259025071175385,8.0,0.5229025857585478
0.0,AFW_exact,exact,7.0,0.0005080699920654297,15.68107854050607,0.31152129699005116,8.0,0.522702618016869
0.0,AFW_exact,exact,8.0,0.0005710124969482422,15.67590955841466,0.18422227924045131,8.0,0.5225303186138219
0.0,AFW_exact,exact,9.0,0.0006320476531982422,15.671433979826602,0.26799540578600656,8.0,0.5223811326608867
0.0,AFW_exact,exact,10.0,0.0006940364837646484,15.666982605485966,0.18787114938406813,8.0,0.5222327535161989
0.0,AFW_exact,exact,11.0,0.0007519721984863281,15.663106554547017,0.24909025486192782,8.0,0.5221035518182339
0.0,AFW_exact,exact,12.0,0.0008091926574707031,15.659268012858314,0.1930252929246512,8.0,0.5219756004286105
0.0,AFW_exact,exact,13.0,0.0008690357208251953,15.655908206429121,0.2316271782909176,8.0,0.5218636068809707
0.0,AFW_exact,exact,14.0,0.0009288787841796875,15.652594062695712,0.1993234677601805,8.0,0.5217531354231905
0.0,AFW_exact,exact,15.0,0.0009851455688476562,15.649679369433017,0.21548303552338322,8.0,0.5216559789811005
0.0,AFW_exact,exact,16.0,0.0010459423065185547,15.646814765259125,0.20647100897208936,8.0,0.5215604921753042
0.0,AFW_exact,exact,17.0,0.0011050701141357422,15.644284316412726,0.20054673409090196,8.0,0.5214761438804242
0.0,AFW_exact,exact,18.0,0.0011639595031738281,15.642316920611819,0.2142278157785782,8.0,0.521410564020394
0.0,AFW_exact,exact,19.0,0.0012240409851074219,15.640857642862645,0.09553767345535924,8.0,0.5213619214287548
0.0,AFW_exact,exact,20.0,0.0012841224670410156,15.63831358612571,0.20125380217265754,8.0,0.5212771195375236
0.0,AFW_exact,exact,21.0,0.0013430118560791016,15.635821186641888,0.11003667204652956,8.0,0.5211940395547295
0.0,AFW_exact,exact,22.0,0.0014052391052246094,15.633610580984012,0.18739344428071814,8.0,0.5211203526994671
0.0,AFW_exact,exact,23.0,0.0014650821685791016,15.631595911246832,0.11805471518812105,7.0,0.5210531970415611
0.0,AFW_exact,exact,24.0,0.00152587890625,15.630679213341564,0.12859510295724874,7.0,0.5210226404447188
0.0,AFW_exact,exact,25.0,0.0015850067138671875,15.629632709987966,0.09802253729725319,7.0,0.5209877569995989
0.0,AFW_exact,exact,26.0,0.001641988754272461,15.628965068742353,0.11118254241112346,7.0,0.5209655022914118
0.0,AFW_exact,exact,27.0,0.0016989707946777344,15.628537696440425,0.08135986157608333,7.0,0.5209512565480142
0.0,AFW_exact,exact,28.0,0.0017571449279785156,15.628282689264104,0.07027851104455163,8.0,0.5209427563088035
0.0,AFW_exact,exact,29.0,0.0018138885498046875,15.628156863783891,0.04794312936647316,8.0,0.5209385621261297
0.0,AFW_exact,exact,30.0,0.0018720626831054688,15.627959970641662,0.03695398829008312,8.0,0.5209319990213888
0.0,AFW_exact,exact,31.0,0.0019299983978271484,15.627833130106156,0.0370940364458443,8.0,0.5209277710035385
0.0,AFW_exact,exact,32.0,0.0019931793212890625,15.627698715995278,0.038851280187389925,8.0,0.5209232905331759
0.0,AFW_exact,exact,33.0,0.002051115036010742,15.627547103059806,0.06456807102869533,9.0,0.5209182367686602
0.0,AFW_exact,exact,34.0,0.0021102428436279297,15.627500172266528,0.03261604801946838,9.0,0.5209166724088843
0.0,AFW_exact,exact,35.0,0.0021800994873046875,15.62744050187167,0.023977073087106504,9.0,0.5209146833957223
0.0,AFW_exact,exact,36.0,0.002240896224975586,15.627403703931567,0.022316880531311867,9.0,0.5209134567977188
0.0,AFW_exact,exact,37.0,0.0023012161254882812,15.627348417423189,0.03172642660929714,9.0,0.5209116139141063
0.0,AFW_exact,exact,38.0,0.0023589134216308594,15.627274261505184,0.02135946153425472,9.0,0.5209091420501728
0.0,AFW_exact,exact,39.0,0.0024209022521972656,15.627225024083907,0.01482151472971438,9.0,0.5209075008027969
0.0,AFW_exact,exact,40.0,0.002479076385498047,15.627203662268396,0.01969538470895138,9.0,0.5209067887422799
0.0,AFW_exact,exact,41.0,0.002518892288208008,15.627203662268396,0.00992135858062504,9.0,0.5209067887422799
0.0,PFW_diminishing,diminishing,0.0,5.7220458984375e-05,20.02424955274294,10.73971096916316,1.0,0.6674749850914313
0.0,PFW_diminishing,diminishing,1.0,0.00010919570922851562,17.296768766446505,13.35841380448009,2.0,0.5765589588815502
0.0,PFW_diminishing,diminishing,2.0,0.00017714500427246094,16.089648661092003,5.045837086893256,3.0,0.5363216220364001
0.0,PFW_diminishing,diminishing,3.0,0.0002262592315673828,16.211306815421867,2.6405558618560203,4.0,0.5403768938473956
0.0,PFW_diminishing,diminishing,4.0,0.0002722740173339844,15.896237885002455,2.772541388732627,4.0,0.5298745961667485
0.0,PFW_diminishing,diminishing,5.0,0.0003571510314941406,16.035468109967344,1.5434268763087102,4.0,0.5345156036655782
0.0,PFW_diminishing,diminishing,6.0,0.0004150867462158203,16.012893920734538,2.0505868491529835,5.0,0.5337631306911512
0.0,PFW_diminishing,diminishing,7.0,0.00046515464782714844,15.866656541553061,1.7820618644366482,6.0,0.528888551385102
0.0,PFW_diminishing,diminishing,8.0,0.0005130767822265625,15.770668669697159,1.1000331669200136,6.0,0.5256889556565719
0.0,PFW_diminishing,diminishing,9.0,0.0005612373352050781,15.884471105209501,0.7661689215498866,6.0,0.5294823701736501
0.0,PFW_diminishing,diminishing,10.0,0.0006060600280761719,15.755869576996158,1.4308343844343572,6.0,0.5251956525665386
0.0,PFW_diminishing,diminishing,11.0,0.0006532669067382812,15.883385132874237,0.6758315350144679,7.0,0.5294461710958079
0.0,PFW_diminishing,diminishing,12.0,0.000698089599609375,15.747012629314371,1.3788856879996203,7.0,0.5249004209771457
0.0,PFW_diminishing,diminishing,13.0,0.0007443428039550781,15.864138464033106,0.5779222410633968,7.0,0.5288046154677702
0.0,PFW_diminishing,diminishing,14.0,0.0007872581481933594,15.703410611003157,1.8990930321269053,8.0,0.5234470203667719
0.0,PFW_diminishing,diminishing,15.0,0.0008299350738525391,15.767313801409136,0.4976488672268111,8.0,0.5255771267136379
0.0,PFW_diminishing,diminishing,16.0,0.0008749961853027344,15.698650088563294,0.8774108996824594,8.0,0.5232883362854431
0.0,PFW_diminishing,diminishing,17.0,0.0009191036224365234,15.756655395183177,0.3971525548071382,8.0,0.5252218465061059
0.0,PFW_diminishing,diminishing,18.0,0.000965118408203125,15.709424940013829,0.8070599294231302,8.0,0.523647498000461
0.0,PFW_diminishing,diminishing,19.0,0.001009225845336914,15.71710711124941,0.5958006557883602,8.0,0.5239035703749804
0.0,PFW_diminishing,diminishing,20.0,0.0010750293731689453,15.705121672428122,0.585679839752844,8.0,0.5235040557476041
0.0,PFW_diminishing,diminishing,21.0,0.0011250972747802734,15.712522800638007,0.5311921844436789,8.0,0.5237507600212669
0.0,PFW_diminishing,diminishing,22.0,0.0011730194091796875,15.701860640417248,0.5341897158820501,8.0,0.523395354680575
0.0,PFW_diminishing,diminishing,23.0,0.001232147216796875,15.708943809239047,0.477798934711684,8.0,0.5236314603079683
0.0,PFW_diminishing,diminishing,24.0,0.0012791156768798828,15.699334988635133,0.4913405991843298,8.0,0.5233111662878378
0.0,PFW_diminishing,diminishing,25.0,0.0013260841369628906,15.70609306707824,0.432943178051981,8.0,0.5235364355692746
0.0,PFW_diminishing,diminishing,26.0,0.0013723373413085938,15.697342430644348,0.45513387221331136,8.0,0.5232447476881449
0.0,PFW_diminishing,diminishing,27.0,0.0014171600341796875,15.682066163810715,0.4149890177498561,8.0,0.5227355387936905
0.0,PFW_diminishing,diminishing,28.0,0.0014641284942626953,15.70698089588988,0.24761724752381387,8.0,0.5235660298629959
0.0,PFW_diminishing,diminishing,29.0,0.0015091896057128906,15.664122701946756,0.8867990647711599,8.0,0.5221374233982252
0.0,PFW_diminishing,diminishing,30.0,0.001554250717163086,15.688307483902861,0.2159677758826657,8.0,0.522943582796762
0.0,PFW_diminishing,diminishing,31.0,0.001600027084350586,15.649662485092907,0.8107922746894403,8.0,0.5216554161697636
0.0,PFW_diminishing,diminishing,32.0,0.0016531944274902344,15.657766326805762,0.2074991479933237,8.0,0.5219255442268588
0.0,PFW_diminishing,diminishing,33.0,0.0017001628875732422,15.65746311819866,0.28011050902769874,8.0,0.5219154372732887
0.0,PFW_diminishing,diminishing,34.0,0.0017473697662353516,15.656715409308035,0.3378867150774294,8.0,0.5218905136436012
0.0,PFW_diminishing,diminishing,35.0,0.0017921924591064453,15.656483418436178,0.2610128959847202,8.0,0.5218827806145393
0.0,PFW_diminishing,diminishing,36.0,0.0018382072448730469,15.655824233257691,0.31650322057344304,8.0,0.5218608077752563
0.0,PFW_diminishing,diminishing,37.0,0.0018851757049560547,15.655648363809952,0.24399961903347211,8.0,0.5218549454603317
0.0,PFW_diminishing,diminishing,38.0,0.0019321441650390625,15.655062022821946,0.2973750178580703,8.0,0.5218354007607315
0.0,PFW_diminishing,diminishing,39.0,0.001978158950805664,15.654930797271101,0.22874783896975792,8.0,0.5218310265757033
0.0,PFW_diminishing,diminishing,40.0,0.0020241737365722656,15.654405068764504,0.28016372959009406,8.0,0.5218135022921502
0.0,PFW_diminishing,diminishing,41.0,0.0020689964294433594,15.646441886913333,0.21908811227275748,8.0,0.5215480628971111
0.0,PFW_diminishing,diminishing,42.0,0.0021152496337890625,15.654676640169098,0.14985122339764434,8.0,0.5218225546723033
0.0,PFW_diminishing,diminishing,43.0,0.002160310745239258,15.639495075131618,0.4827144766065681,8.0,0.5213165025043873
0.0,PFW_diminishing,diminishing,44.0,0.0022079944610595703,15.634261035092223,0.2308886577598761,7.0,0.5211420345030741
0.0,PFW_diminishing,diminishing,45.0,0.0022530555725097656,15.641257152772317,0.18300894687715097,7.0,0.5213752384257438
0.0,PFW_diminishing,diminishing,46.0,0.0022971630096435547,15.633993489048112,0.34011375969998436,7.0,0.5211331163016037
0.0,PFW_diminishing,diminishing,47.0,0.00234222412109375,15.639556193334077,0.17211102030657877,7.0,0.5213185397778025
0.0,PFW_diminishing,diminishing,48.0,0.002389192581176758,15.637716681968191,0.4260958595086981,7.0,0.521257222732273
0.0,PFW_diminishing,diminishing,49.0,0.002434253692626953,15.634883778775645,0.3305549389461282,7.0,0.5211627926258549
0.0,PFW_diminishing,diminishing,50.0,0.0024771690368652344,15.637309694348914,0.2811793463750014,7.0,0.5212436564782972
0.0,PFW_diminishing,diminishing,51.0,0.0025222301483154297,15.634596744393969,0.3211243765338301,7.0,0.5211532248131323
0.0,PFW_diminishing,diminishing,52.0,0.0025682449340820312,15.636944909142027,0.2712579727504121,7.0,0.5212314969714009
0.0,PFW_diminishing,diminishing,53.0,0.0026183128356933594,15.634341841963112,0.3124104632882183,7.0,0.5211447280654371
0.0,PFW_diminishing,diminishing,54.0,0.0026702880859375,15.636616582331424,0.26207437253598,7.0,0.5212205527443808
0.0,PFW_diminishing,diminishing,55.0,0.0027153491973876953,15.634114566591974,0.30433459239922467,7.0,0.5211371522197324
0.0,PFW_diminishing,diminishing,56.0,0.002759218215942383,15.63631992199902,0.25354927912527625,7.0,0.521210664066634
0.0,PFW_diminishing,diminishing,57.0,0.002804994583129883,15.633911168662427,0.2968292362883478,7.0,0.5211303722887476
0.0,PFW_diminishing,diminishing,58.0,0.002850055694580078,15.636050904352157,0.24561437917572526,7.0,0.5212016968117386
0.0,PFW_diminishing,diminishing,59.0,0.0028951168060302734,15.633728507510597,0.28983606280683816,7.0,0.5211242835836866
0.0,PFW_diminishing,diminishing,60.0,0.0029392242431640625,15.6358061300126,0.23821048523337396,7.0,0.5211935376670866
0.0,PFW_diminishing,diminishing,61.0,0.0029850006103515625,15.632558033709438,0.28330442285729607,7.0,0.5210852677903146
0.0,PFW_diminishing,diminishing,62.0,0.0030281543731689453,15.633095329919882,0.2543305203270414,7.0,0.521103177663996
0.0,PFW_diminishing,diminishing,63.0,0.003072023391723633,15.632377981610874,0.23185423849171904,7.0,0.5210792660536958
0.0,PFW_diminishing,diminishing,64.0,0.003119230270385742,15.632904616266098,0.24722323862156248,7.0,0.5210968205422033
0.0,PFW_diminishing,diminishing,65.0,0.0031659603118896484,15.632213969712291,0.22614577592728669,7.0,0.5210737989904097
0.0,PFW_diminishing,diminishing,66.0,0.003215312957763672,15.63273009583607,0.24054780224304118,7.0,0.5210910031945357
0.0,PFW_diminishing,diminishing,67.0,0.003258228302001953,15.632064163146959,0.22078071635521734,7.0,0.521068805438232
0.0,PFW_diminishing,diminishing,68.0,0.003302335739135742,15.632569972515824,0.2342660368458125,7.0,0.5210856657505275
0.0,PFW_diminishing,diminishing,69.0,0.0033462047576904297,15.631926981275098,0.21572900361700054,7.0,0.5210642327091699
0.0,PFW_diminishing,diminishing,70.0,0.0033919811248779297,15.632422693208671,0.22834413619368998,7.0,0.5210807564402891
0.0,PFW_diminishing,diminishing,71.0,0.0034351348876953125,15.631801056623393,0.21096398701131047,7.0,0.5210600352207798
0.0,PFW_diminishing,diminishing,72.0,0.0034792423248291016,15.632286909363545,0.2227520550724078,7.0,0.5210762303121181
0.0,PFW_diminishing,diminishing,73.0,0.003523111343383789,15.63168520135137,0.2064619525954079,7.0,0.5210561733783791
0.0,PFW_diminishing,diminishing,74.0,0.003569364547729492,15.632161445431516,0.21746300066625324,7.0,0.5210720481810506
0.0,PFW_diminishing,diminishing,75.0,0.0036122798919677734,15.63157837970902,0.20220172977486772,7.0,0.5210526126569673
0.0,PFW_diminishing,diminishing,76.0,0.0036590099334716797,15.632045272859605,0.21245300426556746,7.0,0.5210681757619868
0.0,PFW_diminishing,diminishing,77.0,0.003705263137817383,15.631479685293487,0.19816435944756705,7.0,0.5210493228431162
0.0,PFW_diminishing,diminishing,78.0,0.0037491321563720703,15.631937488537805,0.20770055888877792,7.0,0.5210645829512601
0.0,PFW_diminishing,diminishing,79.0,0.0037953853607177734,15.631388322173033,0.1943328127577626,7.0,0.5210462774057677
0.0,PFW_diminishing,diminishing,80.0,0.003840208053588867,15.631791463099065,0.20318631128448672,7.0,0.5210597154366355
0.0,PFW_diminishing,diminishing,81.0,0.003882169723510742,15.630092127788402,0.1755933394880218,7.0,0.5210030709262801
0.0,PFW_diminishing,diminishing,82.0,0.00392603874206543,15.631075895498327,0.17237918559604992,8.0,0.5210358631832775
0.0,PFW_diminishing,diminishing,83.0,0.003971099853515625,15.630008634203278,0.14381183963401512,8.0,0.521000287806776
0.0,PFW_diminishing,diminishing,84.0,0.004014253616333008,15.630971708754576,0.1673265063183642,8.0,0.5210323902918191
0.0,PFW_diminishing,diminishing,85.0,0.004058122634887695,15.629931067761104,0.14048273883956863,8.0,0.5209977022587035
0.0,PFW_diminishing,diminishing,86.0,0.0041043758392333984,15.630874245823378,0.16250900486317743,8.0,0.521029141527446
0.0,PFW_diminishing,diminishing,87.0,0.004149198532104492,15.62985889283531,0.13730812167445183,8.0,0.5209952964278437
0.0,PFW_diminishing,diminishing,88.0,0.00419306755065918,15.63078293033483,0.1579106405009707,8.0,0.5210260976778277
0.0,PFW_diminishing,diminishing,89.0,0.0042362213134765625,15.629791632451916,0.13427748612635337,8.0,0.5209930544150638
0.0,PFW_diminishing,diminishing,90.0,0.00428009033203125,15.630697246814014,0.15351679840975052,8.0,0.5210232415604671
0.0,PFW_diminishing,diminishing,91.0,0.004326343536376953,15.629728860779672,0.13138126043521314,8.0,0.520990962025989
0.0,PFW_diminishing,diminishing,92.0,0.0043714046478271484,15.630616733093294,0.14931413472315924,8.0,0.5210205577697765
0.0,PFW_diminishing,diminishing,93.0,0.004415035247802734,15.6296701967159,0.12861070238136207,8.0,0.5209890065571966
0.0,PFW_diminishing,diminishing,94.0,0.0044591426849365234,15.630540973807362,0.14529044134958458,8.0,0.5210180324602454
0.0,PFW_diminishing,diminishing,95.0,0.004508256912231445,15.6296152983894,0.12595781137377848,8.0,0.52098717661298
0.0,PFW_diminishing,diminishing,96.0,0.0045511722564697266,15.630469594797772,0.14143452768122522,8.0,0.5210156531599257
0.0,PFW_diminishing,diminishing,97.0,0.004594326019287109,15.629563858433766,0.12341525148065902,8.0,0.5209854619477922
0.0,PFW_diminishing,diminishing,98.0,0.004637956619262695,15.630402258284374,0.1377361167818032,8.0,0.5210134086094791
0.0,PFW_diminishing,diminishing,99.0,0.0046842098236083984,15.629515599910318,0.12097628384641723,8.0,0.5209838533303439
0.0,PFW_diminishing,diminishing,100.0,0.004728078842163086,15.630338658685563,0.13418575402726773,8.0,0.5210112886228521
0.0,PFW_diminishing,diminishing,101.0,0.004772186279296875,15.629470272780773,0.11863470718677327,8.0,0.5209823424260258
0.0,PFW_diminishing,diminishing,102.0,0.004816293716430664,15.630278518989538,0.13077472649127575,8.0,0.521009283966318
0.0,PFW_diminishing,diminishing,103.0,0.004861354827880859,15.629427650846656,0.11638480525797679,8.0,0.5209809216948885
0.0,PFW_diminishing,diminishing,104.0,0.004904985427856445,15.630221587594969,0.12749499162972278,8.0,0.5210073862531657
0.0,PFW_diminishing,diminishing,105.0,0.004948139190673828,15.629387529086278,0.11422130036517064,8.0,0.5209795843028759
0.0,PFW_diminishing,diminishing,106.0,0.0049932003021240234,15.630167635552747,0.12433911403674802,8.0,0.5210055878517582
0.0,PFW_diminishing,diminishing,107.0,0.005038261413574219,15.629349721331494,0.11213931211547656,8.0,0.5209783240443832
0.0,PFW_diminishing,diminishing,108.0,0.005083322525024414,15.628616646403646,0.12138080801050855,9.0,0.5209538882134549
0.0,PFW_diminishing,diminishing,109.0,0.00513005256652832,15.629804631647465,0.06176688810905784,9.0,0.5209934877215822
0.0,PFW_diminishing,diminishing,110.0,0.005174160003662109,15.628898036095498,0.16349294611272747,9.0,0.5209632678698499
0.0,PFW_diminishing,diminishing,111.0,0.005219221115112305,15.629758355144052,0.09043088906110697,9.0,0.5209919451714684
0.0,PFW_diminishing,diminishing,112.0,0.0052642822265625,15.628547761763556,0.16220221601979645,9.0,0.5209515920587852
0.0,PFW_diminishing,diminishing,113.0,0.0053081512451171875,15.62971413192018,0.05846055225047664,9.0,0.520990471064006
0.0,PFW_diminishing,diminishing,114.0,0.0053522586822509766,15.628524986802095,0.1598952165041876,9.0,0.5209508328934032
0.0,PFW_diminishing,diminishing,115.0,0.005396127700805664,15.628092226270455,0.057592985659907114,9.0,0.5209364075423485
0.0,PFW_diminishing,diminishing,116.0,0.005442142486572266,15.628503293727226,0.02913964438206662,9.0,0.5209501097909075
0.0,PFW_diminishing,diminishing,117.0,0.005485057830810547,15.628078106887498,0.05646683980687062,9.0,0.52093593689625
0.0,PFW_diminishing,diminishing,118.0,0.005530118942260742,15.62848261367471,0.028084693648409598,9.0,0.5209494204558236
0.0,PFW_diminishing,diminishing,119.0,0.005588054656982422,15.62951773630722,0.05605308765912831,9.0,0.520983924543574
0.0,PFW_diminishing,diminishing,120.0,0.0056340694427490234,15.628690318949527,0.15332703628957312,9.0,0.5209563439649842
0.0,PFW_diminishing,diminishing,121.0,0.0056803226470947266,15.629481369458384,0.08239887649095845,9.0,0.5209827123152795
0.0,PFW_diminishing,diminishing,122.0,0.0057260990142822266,15.628667771749152,0.15127859749597228,9.0,0.5209555923916384
0.0,PFW_diminishing,diminishing,123.0,0.005771160125732422,15.629446624573498,0.08071071761991,9.0,0.52098155415245
0.0,PFW_diminishing,diminishing,124.0,0.005814075469970703,15.628398113198521,0.1494407722070905,9.0,0.5209466037732841
0.0,PFW_diminishing,diminishing,125.0,0.005858182907104492,15.6280053357245,0.05706282829509224,9.0,0.5209335111908167
0.0,PFW_diminishing,diminishing,126.0,0.005904197692871094,15.628872955217426,0.02924341944522979,9.0,0.5209624318405809
0.0,PFW_diminishing,diminishing,127.0,0.005948305130004883,15.627994406762696,0.07304578097095771,9.0,0.5209331468920898
0.0,PFW_diminishing,diminishing,128.0,0.005994081497192383,15.62834885611585,0.027978488583662475,9.0,0.5209449618705283
0.0,PFW_diminishing,diminishing,129.0,0.006040096282958984,15.627983949510595,0.0537707914471639,9.0,0.5209327983170199
0.0,PFW_diminishing,diminishing,130.0,0.0060863494873046875,15.628803589606377,0.027111003941400647,9.0,0.5209601196535459
0.0,PFW_diminishing,diminishing,131.0,0.0061283111572265625,15.627974006786056,0.06979390014442188,9.0,0.5209324668928685
0.0,PFW_diminishing,diminishing,132.0,0.0061740875244140625,15.628304041929853,0.02592196718498485,9.0,0.5209434680643285
0.0,PFW_diminishing,diminishing,133.0,0.0062181949615478516,15.629140145116583,0.05071138686002463,9.0,0.5209713381705527
0.0,PFW_diminishing,diminishing,134.0,0.006264209747314453,15.62846726947131,0.13840255281410752,9.0,0.520948908982377
0.0,PFW_diminishing,diminishing,135.0,0.006308078765869141,15.629113801431519,0.07443577467343765,9.0,0.5209704600477173
0.0,PFW_diminishing,diminishing,136.0,0.006353139877319336,15.628450985967753,0.13675865512466512,9.0,0.520948366198925
0.0,PFW_diminishing,diminishing,137.0,0.006396293640136719,15.629088514844574,0.07307770151476767,9.0,0.5209696171614858
0.0,PFW_diminishing,diminishing,138.0,0.006442070007324219,15.628435459195611,0.13516249594986984,9.0,0.5209478486398537
0.0,PFW_diminishing,diminishing,139.0,0.006490230560302734,15.629064227920058,0.07175887719447349,9.0,0.5209688075973352
0.0,PFW_diminishing,diminishing,140.0,0.006533145904541016,15.628221017999415,0.13403489783104394,9.0,0.5209407005999805
0.0,PFW_diminishing,diminishing,141.0,0.006577253341674805,15.62790971037769,0.05245857202849802,9.0,0.5209303236792563
0.0,PFW_diminishing,diminishing,142.0,0.006621360778808594,15.628507879161138,0.027719101647580402,9.0,0.5209502626387046
0.0,PFW_diminishing,diminishing,143.0,0.006667137145996094,15.627901414835971,0.06001868050536885,9.0,0.5209300471611991
0.0,PFW_diminishing,diminishing,144.0,0.006710052490234375,15.628491558509644,0.026719482769532732,9.0,0.5209497186169881
0.0,PFW_diminishing,diminishing,145.0,0.006754159927368164,15.627893509808203,0.05917925006918345,9.0,0.5209297836602734
0.0,PFW_diminishing,diminishing,146.0,0.006798267364501953,15.628475838554838,0.025747302368658964,9.0,0.5209491946184946
0.0,PFW_diminishing,diminishing,147.0,0.006844282150268555,15.627885973066867,0.05836275197103191,9.0,0.5209295324355623
0.0,PFW_diminishing,diminishing,148.0,0.006888389587402344,15.628460689012714,0.02480144617459068,9.0,0.5209486896337572
0.0,PFW_diminishing,diminishing,149.0,0.00693202018737793,15.627878783899686,0.05756825933199394,9.0,0.5209292927966562
0.0,PFW_diminishing,diminishing,150.0,0.006976127624511719,15.62844608151593,0.023880859436189894,9.0,0.5209482027171977
0.0,PFW_diminishing,diminishing,151.0,0.00702214241027832,15.627871922988977,0.05679489454975162,9.0,0.5209290640996326
0.0,PFW_diminishing,diminishing,152.0,0.007065296173095703,15.628431989468778,0.022984543000405644,9.0,0.5209477329822926
0.0,PFW_diminishing,diminishing,153.0,0.007109165191650391,15.627865372301944,0.056041826067463774,9.0,0.5209288457433982
0.0,PFW_diminishing,diminishing,154.0,0.00715327262878418,15.62841838791489,0.0221115496970663,9.0,0.520947279597163
0.0,PFW_diminishing,diminishing,155.0,0.00719904899597168,15.627859114990855,0.05530826539352329,9.0,0.5209286371663618
0.0,PFW_diminishing,diminishing,156.0,0.007241964340209961,15.62806705190578,0.02126098100207585,9.0,0.5209355683968594
0.0,PFW_diminishing,diminishing,157.0,0.00728607177734375,15.628315397797762,0.04477679133988044,9.0,0.5209438465932588
0.0,PFW_diminishing,diminishing,158.0,0.007330179214477539,15.628626627415308,0.05179568656078448,9.0,0.5209542209138436
0.0,PFW_diminishing,diminishing,159.0,0.007372140884399414,15.628177932703302,0.11585875422895064,9.0,0.5209392644234434
0.0,PFW_diminishing,diminishing,160.0,0.007414102554321289,15.628610910056322,0.06459482133205352,9.0,0.5209536970018774
0.0,PFW_diminishing,diminishing,161.0,0.00745701789855957,15.628167878692993,0.1146906186954908,9.0,0.5209389292897665
0.0,PFW_diminishing,diminishing,162.0,0.0075032711029052734,15.628595729893062,0.06362568584414774,9.0,0.5209531909964354
0.0,PFW_diminishing,diminishing,163.0,0.00755000114440918,15.628265482828224,0.11375922463018107,9.0,0.5209421827609408
0.0,PFW_diminishing,diminishing,164.0,0.007605075836181641,15.628012539525171,0.05111220619478374,9.0,0.5209337513175057
0.0,PFW_diminishing,diminishing,165.0,0.00764918327331543,15.628374961510026,0.043778073171306,9.0,0.5209458320503342
0.0,PFW_diminishing,diminishing,166.0,0.007694244384765625,15.628141801541593,0.07277622985103971,9.0,0.5209380600513864
0.0,PFW_diminishing,diminishing,167.0,0.0077440738677978516,15.628361557401679,0.08865103516546924,9.0,0.5209453852467226
0.0,PFW_diminishing,diminishing,168.0,0.007786989212036133,15.628131281123832,0.07194593767358004,9.0,0.5209377093707944
0.0,PFW_diminishing,diminishing,169.0,0.007830142974853516,15.628348604096855,0.08741579865827553,9.0,0.5209449534698952
0.0,PFW_diminishing,diminishing,170.0,0.007875204086303711,15.628121139626655,0.07113528677038694,9.0,0.5209373713208885
0.0,PFW_diminishing,diminishing,171.0,0.0079193115234375,15.628336081282969,0.08620947453624694,9.0,0.5209445360427656
0.0,PFW_diminishing,diminishing,172.0,0.007962226867675781,15.628111359433998,0.07034358848050992,9.0,0.5209370453144666
0.0,PFW_diminishing,diminishing,173.0,0.008008241653442383,15.628323969786175,0.0850310595350523,9.0,0.5209441323262058
0.0,PFW_diminishing,diminishing,174.0,0.00805211067199707,15.628101923933812,0.06957018595937114,9.0,0.5209367307977938
0.0,PFW_diminishing,diminishing,175.0,0.008098125457763672,15.62831225149535,0.0838795962734169,9.0,0.5209437417165117
0.0,PFW_diminishing,diminishing,176.0,0.008142232894897461,15.628092817450419,0.06881445236264394,9.0,0.5209364272483473
0.0,PFW_diminishing,diminishing,177.0,0.008185148239135742,15.628300909291974,0.08275417065992752,9.0,0.5209433636430658
0.0,PFW_diminishing,diminishing,178.0,0.008231163024902344,15.628084025182137,0.06807578915313695,9.0,0.5209361341727379
0.0,PFW_diminishing,diminishing,179.0,0.008275985717773438,15.628289926985346,0.08165390947385731,9.0,0.5209429975661782
0.0,PFW_diminishing,diminishing,180.0,0.00831913948059082,15.628075533143674,0.06735362452103644,9.0,0.5209358511047891
0.0,PFW_diminishing,diminishing,181.0,0.008363008499145508,15.628279289252644,0.0805779781063265,9.0,0.5209426429750882
0.0,PFW_diminishing,diminishing,182.0,0.008407115936279297,15.62806732811289,0.06664741190875567,9.0,0.520935577603763
0.0,PFW_diminishing,diminishing,183.0,0.008453130722045898,15.628268981583535,0.07952557844963515,9.0,0.5209422993861178
0.0,PFW_diminishing,diminishing,184.0,0.008497238159179688,15.628059397581579,0.06595662863241358,9.0,0.5209353132527192
0.0,PFW_diminishing,diminishing,185.0,0.008541345596313477,15.628258990228824,0.0784959469235682,9.0,0.5209419663409608
0.0,PFW_diminishing,diminishing,186.0,0.00858616828918457,15.628051729709874,0.06528077459260029,9.0,0.5209350576569958
0.0,PFW_diminishing,diminishing,187.0,0.008630037307739258,15.62824930215288,0.07748835262836629,9.0,0.5209416434050961
0.0,PFW_diminishing,diminishing,188.0,0.008671998977661133,15.628044313284041,0.06461937106782045,9.0,0.5209348104428014
0.0,PFW_diminishing,diminishing,189.0,0.008718252182006836,15.628239904989496,0.07650209561496979,9.0,0.5209413301663165
0.0,PFW_diminishing,diminishing,190.0,0.008764266967773438,15.628037137677302,0.06397195958443191,9.0,0.52093457125591
0.0,PFW_diminishing,diminishing,191.0,0.008809089660644531,15.628230787000897,0.07553650526409594,9.0,0.5209410262333632
0.0,PFW_diminishing,diminishing,192.0,0.00885319709777832,15.628030192813538,0.0633381008575169,9.0,0.5209343397604512
0.0,PFW_diminishing,diminishing,193.0,0.008899211883544922,15.628221937039687,0.0745909387659065,9.0,0.5209407312346562
0.0,PFW_diminishing,diminishing,194.0,0.008944272994995117,15.628023469133508,0.06271737379753795,9.0,0.5209341156377836
0.0,PFW_diminishing,diminishing,195.0,0.008987188339233398,15.628213344513409,0.0736647796934724,9.0,0.5209404448171137
0.0,PFW_diminishing,diminishing,196.0,0.009031295776367188,15.62801695756352,0.06210937457804633,9.0,0.5209338985854507
0.0,PFW_diminishing,diminishing,197.0,0.009077072143554688,15.627859831063157,0.07275743666303924,9.0,0.5209286610354386
0.0,PFW_diminishing,diminishing,198.0,0.009119987487792969,15.627789020700632,0.039758506187689946,9.0,0.5209263006900211
0.0,PFW_diminishing,diminishing,199.0,0.009164094924926758,15.627651553969402,0.06771876597834403,9.0,0.5209217184656467
0.0,PFW_diminishing,diminishing,200.0,0.009208202362060547,15.627783141081206,0.04192910302121966,9.0,0.5209261047027068
0.0,PFW_diminishing,diminishing,201.0,0.009255170822143555,15.627647079672249,0.06712398110210138,9.0,0.5209215693224083
0.0,PFW_diminishing,diminishing,202.0,0.009298324584960938,15.627777426688828,0.041457566535376245,9.0,0.520925914222961
0.0,PFW_diminishing,diminishing,203.0,0.009341955184936523,15.627642741711211,0.06654093039787146,9.0,0.5209214247237071
0.0,PFW_diminishing,diminishing,204.0,0.009386062622070312,15.627771871277682,0.04099530670413554,9.0,0.5209257290425894
0.0,PFW_diminishing,diminishing,205.0,0.009432077407836914,15.627638534733869,0.06596927003901332,9.0,0.520921284491129
0.0,PFW_diminishing,diminishing,206.0,0.009476184844970703,15.627472224008509,0.04103253815186214,9.0,0.5209157408002836
0.0,PFW_diminishing,diminishing,207.0,0.009519100189208984,15.627634424451688,0.041393778343053356,9.0,0.5209211474817229
0.0,PFW_diminishing,diminishing,208.0,0.009563207626342773,15.627469729054704,0.04076402586462802,9.0,0.5209156576351568
0.0,PFW_diminishing,diminishing,209.0,0.009608983993530273,15.627502940873358,0.04110660963065982,9.0,0.5209167646957786
0.0,PFW_diminishing,diminishing,210.0,0.009653091430664062,15.627441813169852,0.04765285987630996,9.0,0.5209147271056618
0.0,PFW_diminishing,diminishing,211.0,0.009696006774902344,15.627498699285388,0.03597342638286172,9.0,0.5209166233095129
0.0,PFW_diminishing,diminishing,212.0,0.009740114212036133,15.627438179655034,0.04719937274063657,9.0,0.5209146059885011
0.0,PFW_diminishing,diminishing,213.0,0.009786128997802734,15.627494572701602,0.03557254611108718,9.0,0.5209164857567201
0.0,PFW_diminishing,diminishing,214.0,0.009830236434936523,15.62743464887612,0.04675437541297711,9.0,0.5209144882958706
0.0,PFW_diminishing,diminishing,215.0,0.009875297546386719,15.627490556958053,0.03517914349375317,9.0,0.5209163518986017
0.0,PFW_diminishing,diminishing,216.0,0.009920120239257812,15.62743121704329,0.04631763171378189,9.0,0.520914373901443
0.0,PFW_diminishing,diminishing,217.0,0.009965181350708008,15.627486648078358,0.034793011261665896,9.0,0.520916221602612
0.0,PFW_diminishing,diminishing,218.0,0.010009288787841797,15.627427880539047,0.04588891414279139,9.0,0.5209142626846349
0.0,PFW_diminishing,diminishing,219.0,0.010052204132080078,15.62748284226363,0.03441394973506107,9.0,0.520916094742121
0.0,PFW_diminishing,diminishing,220.0,0.010096311569213867,15.627424635908937,0.04546800348401092,9.0,0.5209141545302979
0.0,PFW_diminishing,diminishing,221.0,0.010142087936401367,15.62747913588303,0.034041766479411706,9.0,0.520915971196101
0.0,PFW_diminishing,diminishing,222.0,0.010191202163696289,15.627421479852792,0.04505468843206639,9.0,0.5209140493284264
0.0,PFW_diminishing,diminishing,223.0,0.010251045227050781,15.62747552546491,0.03367627597980505,9.0,0.5209158508488303
0.0,PFW_diminishing,diminishing,224.0,0.010296106338500977,15.627418409216594,0.044648765238569865,9.0,0.5209139469738865
0.0,PFW_diminishing,diminishing,225.0,0.010340213775634766,15.627472007688477,0.03331729933271799,9.0,0.5209157335896158
0.0,PFW_diminishing,diminishing,226.0,0.010384321212768555,15.627415420984779,0.044250037377310036,9.0,0.5209138473661593
0.0,PFW_diminishing,diminishing,227.0,0.01042938232421875,15.627468579376005,0.03296466395411102,9.0,0.5209156193125335
0.0,PFW_diminishing,diminishing,228.0,0.010473012924194336,15.627412512273018,0.04385831522709882,9.0,0.5209137504091006
0.0,PFW_diminishing,diminishing,229.0,0.010517120361328125,15.62746523748547,0.03261820330288234,9.0,0.5209155079161824
0.0,PFW_diminishing,diminishing,230.0,0.010561227798461914,15.627409680321453,0.043473415771163815,9.0,0.520913656010715
0.0,PFW_diminishing,diminishing,231.0,0.010614156723022461,15.627461979103634,0.032277756618674935,9.0,0.5209153993034544
0.0,PFW_diminishing,diminishing,232.0,0.010663270950317383,15.627406922488305,0.04309516231210608,9.0,0.5209135640829435
0.0,PFW_diminishing,diminishing,233.0,0.010715246200561523,15.627458801439541,0.031943168673249644,9.0,0.520915293381318
0.0,PFW_diminishing,diminishing,234.0,0.010760307312011719,15.627404236243907,0.04272338420149424,9.0,0.5209134745414635
0.0,PFW_diminishing,diminishing,235.0,0.010802984237670898,15.62745570181841,0.03161428953455836,9.0,0.5209151900606137
0.0,PFW_diminishing,diminishing,236.0,0.010847091674804688,15.62740161916503,0.042357916583251054,9.0,0.520913387305501
0.0,PFW_diminishing,diminishing,237.0,0.010893106460571289,15.627452677675862,0.031290974342804034,9.0,0.520915089255862
0.0,PFW_diminishing,diminishing,238.0,0.010937213897705078,15.62739906892957,0.04199860014995771,9.0,0.5209133022976523
0.0,PFW_diminishing,diminishing,239.0,0.010981321334838867,15.627449726552465,0.03097308309776814,9.0,0.5209149908850822
0.0,PFW_diminishing,diminishing,240.0,0.011026382446289062,15.627396583311556,0.04164528091137143,9.0,0.5209132194437186
0.0,PFW_diminishing,diminishing,241.0,0.011072158813476562,15.627446846088642,0.030660480456727868,9.0,0.5209148948696214
0.0,PFW_diminishing,diminishing,242.0,0.011115074157714844,15.627394160176413,0.0412978099744441,9.0,0.5209131386725471
0.0,PFW_diminishing,diminishing,243.0,0.011159181594848633,15.6274440340198,0.03035303554238844,9.0,0.5209148011339934
0.0,PFW_diminishing,diminishing,244.0,0.011209964752197266,15.627391797476514,0.040956043334161585,9.0,0.5209130599158838
0.0,PFW_diminishing,diminishing,245.0,0.011254072189331055,15.627441288171797,0.030050621760255858,9.0,0.5209147096057266
0.0,PFW_diminishing,diminishing,246.0,0.011303186416625977,15.627389493246962,0.040619841674599755,9.0,0.5209129831082321
0.0,PFW_diminishing,diminishing,247.0,0.011347293853759766,15.627438606456609,0.029753116624851472,9.0,0.5209146202152203
0.0,PFW_diminishing,diminishing,248.0,0.011391162872314453,15.627387245601643,0.040289070179619024,9.0,0.5209129081867214
0.0,PFW_diminishing,diminishing,249.0,0.01143503189086914,15.627435986868269,0.029460401594397112,9.0,0.520914532895609
0.0,PFW_diminishing,diminishing,250.0,0.011481285095214844,15.627385052729455,0.03996359835264407,9.0,0.5209128350909819
0.0,PFW_diminishing,diminishing,251.0,0.011525154113769531,15.627433427479016,0.029172361913333944,9.0,0.5209144475826338
0.0,PFW_diminishing,diminishing,252.0,0.01156926155090332,15.62738291289078,0.03964329984509263,9.0,0.520912763763026
0.0,PFW_diminishing,diminishing,253.0,0.01161336898803711,15.627430926435656,0.028888886462384633,9.0,0.5209143642145219
0.0,PFW_diminishing,diminishing,254.0,0.01165914535522461,15.627380824414132,0.03932805229278635,9.0,0.5209126941471377
0.0,PFW_diminishing,diminishing,255.0,0.011703252792358398,15.627428481956118,0.02860986761566231,9.0,0.5209142827318706
0.0,PFW_diminishing,diminishing,256.0,0.01174616813659668,15.627378785692985,0.039017737160237154,9.0,0.5209126261897662
0.0,PFW_diminishing,diminishing,257.0,0.011792182922363281,15.627426092326193,0.028335201104455976,9.0,0.5209142030775398
0.0,PFW_diminishing,diminishing,258.0,0.011837959289550781,15.627376795182778,0.038712239591970565,9.0,0.520912559839426
0.0,PFW_diminishing,diminishing,259.0,0.011881113052368164,15.627423755896462,0.02806478588737793,9.0,0.5209141251965488
0.0,PFW_diminishing,diminishing,260.0,0.011924028396606445,15.627374851398072,0.03841144827088261,9.0,0.5209124950466024
0.0,PFW_diminishing,diminishing,261.0,0.01196908950805664,15.627421471079348,0.027798524026434457,9.0,0.5209140490359783
0.0,PFW_diminishing,diminishing,262.0,0.012015104293823242,15.627372952909868,0.0381152552830164,9.0,0.5209124317636623
0.0,PFW_diminishing,diminishing,263.0,0.012058258056640625,15.62741923634636,0.027536320568817274,9.0,0.5209139745448786
0.0,PFW_diminishing,diminishing,264.0,0.012102127075195312,15.627371098343064,0.03782355598849296,9.0,0.5209123699447687
0.0,PFW_diminishing,diminishing,265.0,0.012148141860961914,15.627417050225475,0.02727808343402316,9.0,0.5209139016741825
0.0,PFW_diminishing,diminishing,266.0,0.012194156646728516,15.627369286374027,0.03753624889828622,9.0,0.5209123095458009
0.0,PFW_diminishing,diminishing,267.0,0.012240171432495117,15.627414911298636,0.027023723306067282,9.0,0.5209138303766212
0.0,PFW_diminishing,diminishing,268.0,0.012285232543945312,15.627367515728324,0.03725323555654203,9.0,0.5209122505242775
0.0,PFW_diminishing,diminishing,269.0,0.0123291015625,15.627412818199387,0.026773153530513127,9.0,0.5209137606066462
0.0,PFW_diminishing,diminishing,270.0,0.012374162673950195,15.62736578517853,0.0369744204280833,9.0,0.5209121928392844
0.0,PFW_diminishing,diminishing,271.0,0.012423276901245117,15.627410769610641,0.026526290016083642,9.0,0.5209136923203547
0.0,PFW_diminishing,diminishing,272.0,0.012466192245483398,15.62736409354219,0.03669971079091994,9.0,0.5209121364514063
0.0,PFW_diminishing,diminishing,273.0,0.012510061264038086,15.627408764262539,0.026283051140568503,9.0,0.520913625475418
0.0,PFW_diminishing,diminishing,274.0,0.012554168701171875,15.627362439679848,0.03642901663345377,9.0,0.5209120813226616
0.0,PFW_diminishing,diminishing,275.0,0.012600183486938477,15.627406800930432,0.026043357660893385,9.0,0.5209135600310144
0.0,PFW_diminishing,diminishing,276.0,0.012644290924072266,15.627360822493182,0.03616225055619893,9.0,0.5209120274164394
0.0,PFW_diminishing,diminishing,277.0,0.012688159942626953,15.627404878432948,0.02580713262706169,9.0,0.5209134959477649
0.0,PFW_diminishing,diminishing,278.0,0.012733221054077148,15.627359240923273,0.03589932767766957,9.0,0.5209119746974424
0.0,PFW_diminishing,diminishing,279.0,0.012778997421264648,15.627402995630188,0.025574301299793767,9.0,0.5209134331876729
0.0,PFW_diminishing,diminishing,280.0,0.012822151184082031,15.627357693948888,0.035640165544370994,9.0,0.5209119231316296
0.0,PFW_diminishing,diminishing,281.0,0.01286625862121582,15.627401151421957,0.025344791071731265,9.0,0.5209133717140653
0.0,PFW_diminishing,diminishing,282.0,0.012912273406982422,15.627356180584904,0.035384684044616144,9.0,0.5209118726861635
0.0,PFW_diminishing,diminishing,283.0,0.012958049774169922,15.627399344746136,0.02511853139195086,9.0,0.5209133114915379
0.0,PFW_diminishing,diminishing,284.0,0.013000965118408203,15.627354699880794,0.035132805325970295,9.0,0.5209118233293598
0.0,PFW_diminishing,diminishing,285.0,0.013042926788330078,15.627397574577094,0.024895453693670966,9.0,0.5209132524859031
0.0,PFW_diminishing,diminishing,286.0,0.013087987899780273,15.627353250919187,0.034884453716157005,9.0,0.5209117750306396
0.0,PFW_diminishing,diminishing,287.0,0.013133049011230469,15.627395839924183,0.02467549132500757,9.0,0.5209131946641394
0.0,PFW_diminishing,diminishing,288.0,0.013179302215576172,15.627351832814485,0.03463955564729204,9.0,0.5209117277604828
0.0,PFW_diminishing,diminishing,289.0,0.013225078582763672,15.627394139830338,0.024458579482574905,9.0,0.5209131379943446
0.0,PFW_diminishing,diminishing,290.0,0.013269186019897461,15.627350444711542,0.03439803958324994,9.0,0.5209116814903847
0.0,PFW_diminishing,diminishing,291.0,0.013314247131347656,15.627392473370689,0.02424465514785723,9.0,0.5209130824456897
0.0,PFW_diminishing,diminishing,292.0,0.013360261917114258,15.627349085784461,0.03415983594996774,9.0,0.5209116361928153
0.0,PFW_diminishing,diminishing,293.0,0.013403177261352539,15.627390839651277,0.024033657026187427,9.0,0.5209130279883759
0.0,PFW_diminishing,diminishing,294.0,0.013448238372802734,15.62734775523536,0.033924877068677084,9.0,0.5209115918411787
0.0,PFW_diminishing,diminishing,295.0,0.013492107391357422,15.627389237807822,0.023825525488191168,9.0,0.5209129745935941
0.0,PFW_diminishing,diminishing,296.0,0.01353907585144043,15.627346452293287,0.03369309709176882,9.0,0.5209115484097763
0.0,PFW_diminishing,diminishing,297.0,0.013583183288574219,15.62738766700454,0.02362020251363539,9.0,0.5209129222334846
0.0,PFW_diminishing,diminishing,298.0,0.013641119003295898,15.627345176213094,0.033464431941341743,9.0,0.5209115058737698
0.0,PFW_diminishing,diminishing,299.0,0.013686180114746094,15.62738612643302,0.023417631637492775,9.0,0.5209128708811007
0.0,PFW_diminishing,diminishing,300.0,0.013732194900512695,15.627343926274442,0.03323881925006411,9.0,0.520911464209148
0.0,PFW_diminishing,diminishing,301.0,0.013775110244750977,15.627384615311156,0.023217757898200908,9.0,0.5209128205103719
0.0,PFW_diminishing,diminishing,302.0,0.013819217681884766,15.627342701780824,0.03301619830455316,9.0,0.5209114233926941
0.0,PFW_diminishing,diminishing,303.0,0.013863325119018555,15.627383132882121,0.023020527787948275,9.0,0.5209127710960707
0.0,PFW_diminishing,diminishing,304.0,0.013909101486206055,15.627341502058606,0.0327965099908587,9.0,0.5209113834019535
0.0,PFW_diminishing,diminishing,305.0,0.013953208923339844,15.627381678413386,0.02282588920492934,9.0,0.5209127226137795
0.0,PFW_diminishing,diminishing,306.0,0.013997077941894531,15.627340326456135,0.032579696742163655,9.0,0.5209113442152045
0.0,PFW_diminishing,diminishing,307.0,0.01404118537902832,15.6273802511958,0.022633791407465687,9.0,0.52091267503986
0.0,PFW_diminishing,diminishing,308.0,0.014087200164794922,15.627339174342922,0.03236570248849624,9.0,0.5209113058114307
0.0,PFW_diminishing,diminishing,309.0,0.014135122299194336,15.627378850542673,0.022444184969907077,9.0,0.5209126283514224
0.0,PFW_diminishing,diminishing,310.0,0.014179229736328125,15.627338045108772,0.03215447260838644,9.0,0.5209112681702924
0.0,PFW_diminishing,diminishing,311.0,0.01422429084777832,15.627377475788956,0.022257021740257343,9.0,0.5209125825262986
0.0,PFW_diminishing,diminishing,312.0,0.014268159866333008,15.627336938163051,0.0319459538824125,9.0,0.5209112312721017
0.0,PFW_diminishing,diminishing,313.0,0.014312982559204102,15.627376126290399,0.02207225479939634,9.0,0.5209125375430133
0.0,PFW_diminishing,diminishing,314.0,0.014358043670654297,15.627335852933925,0.03174009444848558,9.0,0.5209111950977975
0.0,PFW_diminishing,diminishing,315.0,0.014404296875,15.627374801422791,0.021889838421889074,9.0,0.5209124933807597
0.0,PFW_diminishing,diminishing,316.0,0.014446258544921875,15.627334788867651,0.03153684375885213,9.0,0.5209111596289218
0.0,PFW_diminishing,diminishing,317.0,0.014489173889160156,15.6273735005812,0.02170972803824789,9.0,0.5209124500193734
0.0,PFW_diminishing,diminishing,318.0,0.014534235000610352,15.62733374542789,0.03133615253873856,9.0,0.5209111248475964
0.0,PFW_diminishing,diminishing,319.0,0.01457834243774414,15.627372223179277,0.021531880198660147,9.0,0.5209124074393092
0.0,PFW_diminishing,diminishing,320.0,0.01462411880493164,15.627332722095062,0.031137972746516418,9.0,0.5209110907365021
0.0,PFW_diminishing,diminishing,321.0,0.01466822624206543,15.627370968648554,0.021356252538027753,9.0,0.5209123656216185
0.0,PFW_diminishing,diminishing,322.0,0.014711141586303711,15.627331718365733,0.030942257535370388,9.0,0.5209110572788578
0.0,PFW_diminishing,diminishing,323.0,0.014756202697753906,15.627369736437801,0.02118280374233361,9.0,0.5209123245479267
0.0,PFW_diminishing,diminishing,324.0,0.014802217483520508,15.627330733752004,0.030748961216380266,9.0,0.5209110244584001
0.0,PFW_diminishing,diminishing,325.0,0.014846086502075195,15.627368526012411,0.02101149351625775,9.0,0.5209122842004137
0.0,PFW_diminishing,diminishing,326.0,0.014889001846313477,15.627329767780942,0.03055803922298317,9.0,0.5209109922593648
0.0,PFW_diminishing,diminishing,327.0,0.014934062957763672,15.627367336853782,0.02084228255195697,9.0,0.5209122445617927
0.0,PFW_diminishing,diminishing,328.0,0.014979124069213867,15.627328819994059,0.03036944807670583,9.0,0.5209109606664686
0.0,PFW_diminishing,diminishing,329.0,0.015023231506347656,15.627366168458753,0.020675132499015092,9.0,0.5209122056152917
0.0,PFW_diminishing,diminishing,330.0,0.015067338943481445,15.627327889946745,0.03018314535415545,9.0,0.5209109296648915
0.0,PFW_diminishing,diminishing,331.0,0.015111207962036133,15.627365020339054,0.020510005935463482,9.0,0.5209121673446352
0.0,PFW_diminishing,diminishing,332.0,0.015156984329223633,15.627326977207806,0.029999089655245115,9.0,0.5209108992402602
0.0,PFW_diminishing,diminishing,333.0,0.015200138092041016,15.627363892020766,0.020346866339844283,9.0,0.5209121297340256
0.0,PFW_diminishing,diminishing,334.0,0.015244245529174805,15.627473743312194,0.029818324636197602,9.0,0.5209157914437398
0.0,PFW_diminishing,diminishing,335.0,0.015288114547729492,15.627362784324946,0.04166653916669727,9.0,0.5209120928108315
0.0,PFW_diminishing,diminishing,336.0,0.015334129333496094,15.627324555789032,0.02980985153730753,9.0,0.5209108185263011
0.0,PFW_diminishing,diminishing,337.0,0.015378236770629883,15.627361692332713,0.020087978993422517,9.0,0.5209120564110904
0.0,PFW_diminishing,diminishing,338.0,0.015421390533447266,15.627323694413736,0.02963229446802007,9.0,0.5209107898137912
0.0,PFW_diminishing,diminishing,339.0,0.015465974807739258,15.627360618823756,0.019930593577527134,9.0,0.5209120206274586
0.0,PFW_diminishing,diminishing,340.0,0.015512228012084961,15.627322848724573,0.029456828502320676,9.0,0.5209107616241524
0.0,PFW_diminishing,diminishing,341.0,0.015556097030639648,15.627359563376366,0.01977505748032815,9.0,0.5209119854458789
0.0,PFW_diminishing,diminishing,342.0,0.015600204467773438,15.62746252007346,0.0293484758154392,9.0,0.520915417335782
0.0,PFW_diminishing,diminishing,343.0,0.015644311904907227,15.627358525668116,0.040595192028010096,9.0,0.5209119508556038
0.0,PFW_diminishing,diminishing,344.0,0.015690088272094727,15.627320599540068,0.029276405352838708,9.0,0.5209106866513357
0.0,PFW_diminishing,diminishing,345.0,0.015733003616333008,15.627357503387353,0.019528176871808967,9.0,0.5209119167795785
0.0,PFW_diminishing,diminishing,346.0,0.015774965286254883,15.62731980045751,0.029106992275004018,9.0,0.5209106600152503
0.0,PFW_diminishing,diminishing,347.0,0.015821218490600586,15.627453128668161,0.019422168335499812,9.0,0.5209151042889387
0.0,PFW_diminishing,diminishing,348.0,0.015868186950683594,15.627319015689876,0.04041966516397366,9.0,0.5209106338563292
0.0,PFW_diminishing,diminishing,349.0,0.015913009643554688,15.627354861572273,0.019375451917726494,9.0,0.5209118287190758
0.0,PFW_diminishing,diminishing,350.0,0.015958070755004883,15.627452667425997,0.028826865381601507,9.0,0.5209150889141999
0.0,PFW_diminishing,diminishing,351.0,0.01601409912109375,15.627353891390138,0.039720098014422334,9.0,0.5209117963796712
0.0,PFW_diminishing,diminishing,352.0,0.01606130599975586,15.627316921148003,0.02879827865177731,9.0,0.5209105640382667
0.0,PFW_diminishing,diminishing,353.0,0.01610708236694336,15.627352934662918,0.01913975784846844,9.0,0.520911764488764
0.0,PFW_diminishing,diminishing,354.0,0.01615309715270996,15.627316176895123,0.028636465469438654,9.0,0.5209105392298374
0.0,PFW_diminishing,diminishing,355.0,0.016198158264160156,15.627444221463184,0.01906095918637174,9.0,0.5209148073821062
0.0,PFW_diminishing,diminishing,356.0,0.016253232955932617,15.62731544534041,0.03969487657696824,9.0,0.5209105148446803
0.0,PFW_diminishing,diminishing,357.0,0.016297101974487305,15.627350461751874,0.01899390414284685,9.0,0.5209116820583958
0.0,PFW_diminishing,diminishing,358.0,0.0163421630859375,15.627314725087894,0.02834787864850874,9.0,0.5209104908362632
0.0,PFW_diminishing,diminishing,359.0,0.0163881778717041,15.627349552019272,0.01885363913453819,9.0,0.5209116517339757
0.0,PFW_diminishing,diminishing,360.0,0.01643228530883789,15.627440814577835,0.0282676048170174,9.0,0.5209146938192611
0.0,PFW_diminishing,diminishing,361.0,0.016475200653076172,15.627348656533659,0.0386324494860979,9.0,0.5209116218844553
0.0,PFW_diminishing,diminishing,362.0,0.016520261764526367,15.627312803308058,0.028185188692335217,9.0,0.5209104267769352
0.0,PFW_diminishing,diminishing,363.0,0.016566038131713867,15.627435881821421,0.018716327362571228,9.0,0.5209145293940474
0.0,PFW_diminishing,diminishing,364.0,0.01660919189453125,15.627312120303971,0.03900050105001007,9.0,0.5209104040101323
0.0,PFW_diminishing,diminishing,365.0,0.016653060913085938,15.627346338269597,0.01862862603589477,9.0,0.5209115446089866
0.0,PFW_diminishing,diminishing,366.0,0.016697168350219727,15.627311447979478,0.027909192177286712,9.0,0.5209103815993159
0.0,PFW_diminishing,diminishing,367.0,0.016742229461669922,15.627345484618647,0.01849443516901772,9.0,0.5209115161539549
0.0,PFW_diminishing,diminishing,368.0,0.016788005828857422,15.627432366750243,0.027795864767702128,9.0,0.5209144122250081
0.0,PFW_diminishing,diminishing,369.0,0.016833066940307617,15.627250817426406,0.03784361882419951,9.0,0.5209083605808802
0.0,PFW_diminishing,diminishing,370.0,0.01687908172607422,15.627472572226923,0.027529788881396122,9.0,0.520915752407564
0.0,PFW_diminishing,diminishing,371.0,0.016923189163208008,15.627250297166817,0.052994792139759106,9.0,0.5209083432388939
0.0,PFW_diminishing,diminishing,372.0,0.016968250274658203,15.627470872058215,0.027277344158810557,9.0,0.5209156957352739
0.0,PFW_diminishing,diminishing,373.0,0.017010927200317383,15.627249788347237,0.0528278635617907,9.0,0.5209083262782412
0.0,PFW_diminishing,diminishing,374.0,0.017054080963134766,15.62733225077026,0.027027600375998162,9.0,0.5209110750256754
0.0,PFW_diminishing,diminishing,375.0,0.017098188400268555,15.627277830437166,0.029041930583208142,9.0,0.5209092610145721
0.0,PFW_diminishing,diminishing,376.0,0.01714324951171875,15.627403232784603,0.02948257894645323,9.0,0.5209134410928201
0.0,PFW_diminishing,diminishing,377.0,0.01718926429748535,15.627277098693595,0.03746706615080342,9.0,0.5209092366231198
0.0,PFW_diminishing,diminishing,378.0,0.017234325408935547,15.627401846606695,0.029237618637765195,9.0,0.5209133948868898
0.0,PFW_diminishing,diminishing,379.0,0.01729726791381836,15.627276380156477,0.03730589554048436,9.0,0.5209092126718826
0.0,PFW_diminishing,diminishing,380.0,0.017342090606689453,15.627400480401032,0.028995237775384375,9.0,0.5209133493467011
0.0,PFW_diminishing,diminishing,381.0,0.017386198043823242,15.627275674533056,0.03714642131845469,9.0,0.5209091891511018
0.0,PFW_diminishing,diminishing,382.0,0.017431020736694336,15.627399133770943,0.02875539583092035,9.0,0.5209133044590314
0.0,PFW_diminishing,diminishing,383.0,0.017475128173828125,15.627274981538449,0.03698861684326449,9.0,0.5209091660512816
0.0,PFW_diminishing,diminishing,384.0,0.01752018928527832,15.627397806329716,0.02851805312059863,9.0,0.5209132602109905
0.0,PFW_diminishing,diminishing,385.0,0.017565250396728516,15.627274300895346,0.036832456028422556,9.0,0.5209091433631782
0.0,PFW_diminishing,diminishing,386.0,0.017611026763916016,15.627396497700309,0.028283170783356404,9.0,0.5209132165900103
0.0,PFW_diminishing,diminishing,387.0,0.0176541805267334,15.627273632333832,0.03667791332797421,9.0,0.5209091210777944
0.0,PFW_diminishing,diminishing,388.0,0.01769709587097168,15.62739520751504,0.028050710759636388,9.0,0.5209131735838347
0.0,PFW_diminishing,diminishing,389.0,0.01774120330810547,15.62727297559111,0.036524963722612824,9.0,0.5209090991863703
0.0,PFW_diminishing,diminishing,390.0,0.017783164978027344,15.627393935415308,0.027820635770827273,9.0,0.5209131311805103
0.0,PFW_diminishing,diminishing,391.0,0.017827272415161133,15.627272330411298,0.036373582706167085,9.0,0.5209090776803766
0.0,PFW_diminishing,diminishing,392.0,0.017870187759399414,15.6272656208636,0.027674425357344212,9.0,0.5209088540287866
0.0,PFW_diminishing,diminishing,393.0,0.017914295196533203,15.62730203630871,0.02360709338327105,9.0,0.5209100678769569
0.0,PFW_diminishing,diminishing,394.0,0.01795816421508789,15.627264928021333,0.03455549748401854,9.0,0.5209088309340444
0.0,PFW_diminishing,diminishing,395.0,0.01800227165222168,15.627301163957013,0.02345961903242344,9.0,0.5209100387985671
0.0,PFW_diminishing,diminishing,396.0,0.018044233322143555,15.627264246047575,0.03438989014801219,9.0,0.5209088082015858
0.0,PFW_diminishing,diminishing,397.0,0.018088340759277344,15.62730030421457,0.02331363279725096,9.0,0.5209100101404857
0.0,PFW_diminishing,diminishing,398.0,0.01813197135925293,15.62726357472117,0.034225948699939224,9.0,0.520908785824039
0.0,PFW_diminishing,diminishing,399.0,0.018177032470703125,15.62729945683532,0.02316911226733609,9.0,0.5209099818945107
0.0,PFW_diminishing,diminishing,400.0,0.01823902130126953,15.62726291382649,0.03406364812973717,9.0,0.5209087637942164
0.0,PFW_diminishing,diminishing,401.0,0.018339157104492188,15.627298621579241,0.023026035479992046,9.0,0.5209099540526414
0.0,PFW_diminishing,diminishing,402.0,0.018386363983154297,15.627262263153304,0.03390296392550418,9.0,0.5209087421051101
0.0,PFW_diminishing,diminishing,403.0,0.018432140350341797,15.627297798212131,0.022884380909134805,9.0,0.520909926607071
0.0,PFW_diminishing,diminishing,404.0,0.018476009368896484,15.627261622496603,0.0337438720611285,9.0,0.5209087207498867
0.0,PFW_diminishing,diminishing,405.0,0.01852107048034668,15.627296986505476,0.022744127454488172,9.0,0.5209098995501825
0.0,PFW_diminishing,diminishing,406.0,0.018566131591796875,15.627260991656446,0.033586348984300685,9.0,0.5209086997218815
0.0,PFW_diminishing,diminishing,407.0,0.018612146377563477,15.627296186236238,0.022605254431107724,9.0,0.5209098728745413
0.0,PFW_diminishing,diminishing,408.0,0.018657207489013672,15.627314265440168,0.03345994109583472,9.0,0.5209104755146723
0.0,PFW_diminishing,diminishing,409.0,0.01870107650756836,15.627295397155711,0.022481208219914173,9.0,0.520909846571857
0.0,PFW_diminishing,diminishing,410.0,0.01874518394470215,15.627259314572372,0.03336716141760743,9.0,0.5209086438190791
0.0,PFW_diminishing,diminishing,411.0,0.01879119873046875,15.627294618038313,0.022330451300915932,9.0,0.5209098206012771
0.0,PFW_diminishing,diminishing,412.0,0.018846988677978516,15.627258713100689,0.033214205805126795,9.0,0.520908623770023
0.0,PFW_diminishing,diminishing,413.0,0.018891096115112305,15.627293849731087,0.022195601604182436,9.0,0.5209097949910363
0.0,PFW_diminishing,diminishing,414.0,0.018934011459350586,15.627310302278907,0.033127222897102904,9.0,0.5209103434092969
0.0,PFW_diminishing,diminishing,415.0,0.018978118896484375,15.62729309158965,0.022073453812756938,9.0,0.520909769719655
0.0,PFW_diminishing,diminishing,416.0,0.01902914047241211,15.627257111548012,0.0330013439182526,9.0,0.5209085703849338
0.0,PFW_diminishing,diminishing,417.0,0.01907515525817871,15.627292343284772,0.02192871420786968,9.0,0.520909744776159
0.0,PFW_diminishing,diminishing,418.0,0.019120216369628906,15.627307980587641,0.0328640405102405,9.0,0.520910266019588
0.0,PFW_diminishing,diminishing,419.0,0.019164323806762695,15.62729160536873,0.02180852367904773,9.0,0.5209097201789576
0.0,PFW_diminishing,diminishing,420.0,0.01920914649963379,15.627255559439476,0.03279254861978487,9.0,0.5209085186479825
0.0,PFW_diminishing,diminishing,421.0,0.01925516128540039,15.627290876349972,0.02166691851724689,9.0,0.5209096958783325
0.0,PFW_diminishing,diminishing,422.0,0.019298076629638672,15.627255003478334,0.03264677514078329,9.0,0.5209085001159445
0.0,PFW_diminishing,diminishing,423.0,0.01934218406677246,15.627290157192789,0.021538396868924004,9.0,0.5209096719064263
0.0,PFW_diminishing,diminishing,424.0,0.01938629150390625,15.627304302404736,0.032547000542029636,9.0,0.5209101434134912
0.0,PFW_diminishing,diminishing,425.0,0.01943230628967285,15.627289447500665,0.02141999924049287,9.0,0.5209096482500222
0.0,PFW_diminishing,diminishing,426.0,0.019475221633911133,15.627253519788825,0.032443864112440934,9.0,0.5209084506596275
0.0,PFW_diminishing,diminishing,427.0,0.01951909065246582,15.627288746606455,0.021283965489005574,9.0,0.5209096248868819
0.0,PFW_diminishing,diminishing,428.0,0.01956319808959961,15.62725298886402,0.03230216009868414,9.0,0.520908432962134
0.0,PFW_diminishing,diminishing,429.0,0.01960921287536621,15.627288055053377,0.021159028813222847,9.0,0.5209096018351126
0.0,PFW_diminishing,diminishing,430.0,0.019652128219604492,15.62730078427408,0.03223884152323464,9.0,0.5209100261424694
0.0,PFW_diminishing,diminishing,431.0,0.01969623565673828,15.62728737210861,0.021042370625314,9.0,0.520909579070287
0.0,PFW_diminishing,diminishing,432.0,0.01974034309387207,15.627251569744509,0.03210488806307765,9.0,0.5209083856581503
0.0,PFW_diminishing,diminishing,433.0,0.01978611946105957,15.627286697863251,0.02091165533383421,9.0,0.5209095565954417
0.0,PFW_diminishing,diminishing,434.0,0.01982903480529785,15.627298721527813,0.03199483177070839,9.0,0.5209099573842605
0.0,PFW_diminishing,diminishing,435.0,0.019874095916748047,15.627286032431924,0.02079677532147084,9.0,0.5209095344143975
0.0,PFW_diminishing,diminishing,436.0,0.019918203353881836,15.627250192975625,0.031911246099713964,9.0,0.5209083397658542
0.0,PFW_diminishing,diminishing,437.0,0.019965171813964844,15.627285374897726,0.02066882784235613,9.0,0.5209095124965909
0.0,PFW_diminishing,diminishing,438.0,0.02000904083251953,15.62724970095981,0.03177595503670094,9.0,0.520908323365327
0.0,PFW_diminishing,diminishing,439.0,0.020051956176757812,15.627284725914814,0.02054954194084324,9.0,0.5209094908638271
0.0,PFW_diminishing,diminishing,440.0,0.0200960636138916,15.627295447831575,0.03170066632288915,9.0,0.5209098482610525
0.0,PFW_diminishing,diminishing,441.0,0.020142078399658203,15.627284084969189,0.020436308701205164,9.0,0.520909469498973
0.0,PFW_diminishing,diminishing,442.0,0.020186185836791992,15.627248382886595,0.03158757268664658,9.0,0.5209082794295532
0.0,PFW_diminishing,diminishing,443.0,0.020229101181030273,15.627283451843434,0.020313298289196702,9.0,0.5209094483947811
0.0,PFW_diminishing,diminishing,444.0,0.020273208618164062,15.627293527496157,0.03146759470101479,9.0,0.5209097842498719
0.0,PFW_diminishing,diminishing,445.0,0.020322084426879883,15.62728282694558,0.02020174096577776,9.0,0.5209094275648527
0.0,PFW_diminishing,diminishing,446.0,0.020365238189697266,15.627247103355412,0.031402578893725774,9.0,0.5209082367785137
0.0,PFW_diminishing,diminishing,447.0,0.020408153533935547,15.627282209142955,0.020081298617905752,9.0,0.5209094069714318
0.0,PFW_diminishing,diminishing,448.0,0.020452260971069336,15.62724664671116,0.03127327510025246,9.0,0.5209082215570386
0.0,PFW_diminishing,diminishing,449.0,0.020498275756835938,15.627281599184661,0.019967288624698654,9.0,0.5209093866394887
0.0,PFW_diminishing,diminishing,450.0,0.020542144775390625,15.627290476541337,0.031186490875839468,9.0,0.5209096825513779
0.0,PFW_diminishing,diminishing,451.0,0.020585060119628906,15.627280996748278,0.019857292541055394,9.0,0.5209093665582759
0.0,PFW_diminishing,diminishing,452.0,0.020629167556762695,15.62724542064582,0.031093194823371917,9.0,0.520908180688194
0.0,PFW_diminishing,diminishing,453.0,0.02067422866821289,15.627280401347662,0.019741440253812748,9.0,0.5209093467115887
0.0,PFW_diminishing,diminishing,454.0,0.020718097686767578,15.627244983544239,0.03096729485721994,9.0,0.5209081661181413
0.0,PFW_diminishing,diminishing,455.0,0.02076125144958496,15.627279813401389,0.01963042922211411,9.0,0.5209093271133797
0.0,PFW_diminishing,diminishing,456.0,0.020806312561035156,15.627287551246846,0.03091281084938924,9.0,0.5209095850415616
0.0,PFW_diminishing,diminishing,457.0,0.02085399627685547,15.627279232319514,0.019521950712051428,9.0,0.5209093077439838
0.0,PFW_diminishing,diminishing,458.0,0.02089715003967285,15.627243808098909,0.030791934912759444,9.0,0.5209081269366302
0.0,PFW_diminishing,diminishing,459.0,0.02094125747680664,15.627278658213369,0.019410490718602347,9.0,0.5209092886071123
0.0,PFW_diminishing,diminishing,460.0,0.020987272262573242,15.627285834088566,0.03069576984961664,9.0,0.5209095278029522
0.0,PFW_diminishing,diminishing,461.0,0.021033048629760742,15.627278091146946,0.01930354418895952,9.0,0.5209092697048983
0.0,PFW_diminishing,diminishing,462.0,0.02107715606689453,15.627242665950648,0.030619619758375016,9.0,0.5209080888650216
0.0,PFW_diminishing,diminishing,463.0,0.02112102508544922,15.627277530431314,0.01919436626839044,9.0,0.5209092510143771
0.0,PFW_diminishing,diminishing,464.0,0.021165132522583008,15.627242259349567,0.030499100977303684,9.0,0.5209080753116522
0.0,PFW_diminishing,diminishing,465.0,0.021210193634033203,15.627276976575015,0.01908809739598638,9.0,0.5209092325525005
0.0,PFW_diminishing,diminishing,466.0,0.021254301071166992,15.627283101500415,0.030433825079165366,9.0,0.5209094367166806
0.0,PFW_diminishing,diminishing,467.0,0.021297216415405273,15.62727642915876,0.01898259269412428,9.0,0.520909214305292
0.0,PFW_diminishing,diminishing,468.0,0.021342039108276367,15.627241163455082,0.03033120607148998,9.0,0.5209080387818361
0.0,PFW_diminishing,diminishing,469.0,0.02138805389404297,15.62727588804732,0.01887750768999119,9.0,0.5209091962682441
0.0,PFW_diminishing,diminishing,470.0,0.021435260772705078,15.627281496850625,0.030225977643103974,9.0,0.5209093832283541
0.0,PFW_diminishing,diminishing,471.0,0.021481037139892578,15.627275353538684,0.018773452243210365,9.0,0.5209091784512895
0.0,PFW_diminishing,diminishing,472.0,0.02152395248413086,15.627240098017168,0.03016616441986475,9.0,0.520908003267239
0.0,PFW_diminishing,diminishing,473.0,0.021570205688476562,15.62727482476706,0.01867049244343555,9.0,0.5209091608255687
0.0,PFW_diminishing,diminishing,474.0,0.021615266799926758,15.62723971928385,0.03005068905651953,9.0,0.520907990642795
0.0,PFW_diminishing,diminishing,475.0,0.02167034149169922,15.627274302318822,0.018568668240022568,9.0,0.5209091434106274
0.0,PFW_diminishing,diminishing,476.0,0.0217132568359375,15.627278940759357,0.029975029216902982,9.0,0.5209092980253119
0.0,PFW_diminishing,diminishing,477.0,0.02175736427307129,15.627273785925215,0.01846598435414748,9.0,0.5209091261975072
0.0,PFW_diminishing,diminishing,478.0,0.021800994873046875,15.627238696187739,0.029889792475817245,9.0,0.5209079565395913
0.0,PFW_diminishing,diminishing,479.0,0.021847248077392578,15.62727327523449,0.018366843701326907,9.0,0.520909109174483
0.0,PFW_diminishing,diminishing,480.0,0.02189016342163086,15.627238332910164,0.029777192905704908,9.0,0.5209079444303388
0.0,PFW_diminishing,diminishing,481.0,0.02193427085876465,15.627272770570045,0.01826755351583742,9.0,0.5209090923523348
0.0,PFW_diminishing,diminishing,482.0,0.021979331970214844,15.627276484638157,0.029730349548000135,9.0,0.5209092161546053
0.0,PFW_diminishing,diminishing,483.0,0.022025108337402344,15.627272271447804,0.018166205067421615,9.0,0.5209090757149268
0.0,PFW_diminishing,diminishing,484.0,0.022068023681640625,15.627237350016724,0.02962028718156251,9.0,0.5209079116672242
0.0,PFW_diminishing,diminishing,485.0,0.022112131118774414,15.627271777993045,0.01807072688280531,9.0,0.5209090592664348
0.0,PFW_diminishing,diminishing,486.0,0.02215719223022461,15.627275041529177,0.029536041466002416,9.0,0.5209091680509725
0.0,PFW_diminishing,diminishing,487.0,0.0222012996673584,15.627271290230059,0.01797071045942733,9.0,0.5209090430076686
0.0,PFW_diminishing,diminishing,488.0,0.022247314453125,15.62723639363707,0.02946596031575588,9.0,0.5209078797879023
0.0,PFW_diminishing,diminishing,489.0,0.022291183471679688,15.627270807640686,0.017877131425867,9.0,0.5209090269213562
0.0,PFW_diminishing,diminishing,490.0,0.022335052490234375,15.627236054573201,0.029357920145548277,9.0,0.5209078684857734
0.0,PFW_diminishing,diminishing,491.0,0.02238011360168457,15.627264488596799,0.017878321964891697,9.0,0.5209088162865599
0.0,PFW_diminishing,diminishing,492.0,0.022425174713134766,15.62723571908338,0.0204226614415548,9.0,0.5209078573027793
0.0,PFW_diminishing,diminishing,493.0,0.02247023582458496,15.627269425874116,0.017776531698789455,9.0,0.5209089808624705
0.0,PFW_diminishing,diminishing,494.0,0.022513151168823242,15.627271967963463,0.02921114004026837,9.0,0.5209090655987821
0.0,PFW_diminishing,diminishing,495.0,0.02255725860595703,15.627268960061599,0.017677987947672946,9.0,0.5209089653353867
0.0,PFW_diminishing,diminishing,496.0,0.02260112762451172,15.627234809206817,0.02908269089133686,9.0,0.5209078269735605
0.0,PFW_diminishing,diminishing,497.0,0.022649288177490234,15.627262463780314,0.01776765118468937,9.0,0.5209087487926771
0.0,PFW_diminishing,diminishing,498.0,0.022692203521728516,15.627234485457246,0.02025562794972391,9.0,0.5209078161819082
0.0,PFW_diminishing,diminishing,499.0,0.022736310958862305,15.62726203114343,0.017663304709547134,9.0,0.5209087343714477
0.0,PFW_diminishing,diminishing,500.0,0.022780179977416992,15.627234165785962,0.020169274930099235,9.0,0.5209078055261988
0.0,PFW_diminishing,diminishing,501.0,0.022826194763183594,15.627266763919938,0.017578814564555678,9.0,0.5209088921306646
0.0,PFW_diminishing,diminishing,502.0,0.022872209548950195,15.62726915198193,0.028850870294689024,9.0,0.520908971732731
0.0,PFW_diminishing,diminishing,503.0,0.022916078567504883,15.627266319763757,0.017481917173527428,9.0,0.5209088773254585
0.0,PFW_diminishing,diminishing,504.0,0.022959232330322266,15.627268700157508,0.028712924612984914,9.0,0.520908956671917
0.0,PFW_diminishing,diminishing,505.0,0.02300429344177246,15.627265880868586,0.017391738227799713,9.0,0.5209088626956195
0.0,PFW_diminishing,diminishing,506.0,0.023049116134643555,15.627232754078625,0.02865201488305491,9.0,0.5209077584692875
0.0,PFW_diminishing,diminishing,507.0,0.023095130920410156,15.6272594165353,0.01754064596099969,9.0,0.5209086472178434
0.0,PFW_diminishing,diminishing,508.0,0.023139238357543945,15.627232449176491,0.020000180859708117,9.0,0.520907748305883
0.0,PFW_diminishing,diminishing,509.0,0.023183107376098633,15.627259008674361,0.017440367854753447,9.0,0.5209086336224787
0.0,PFW_diminishing,diminishing,510.0,0.023227214813232422,15.627232148041152,0.019917193769356523,9.0,0.5209077382680384
0.0,PFW_diminishing,diminishing,511.0,0.023272991180419922,15.627258605366794,0.017340875178794235,9.0,0.5209086201788932
0.0,PFW_diminishing,diminishing,512.0,0.023319244384765625,15.627231850612562,0.01983485587246747,9.0,0.5209077283537521
0.0,PFW_diminishing,diminishing,513.0,0.023363113403320312,15.627263005655186,0.01729258803222322,9.0,0.5209087668551728
0.0,PFW_diminishing,diminishing,514.0,0.023406267166137695,15.627265360018384,0.02828355517338821,9.0,0.5209088453339461
0.0,PFW_diminishing,diminishing,515.0,0.023450136184692383,15.62726259188043,0.017198669223366103,9.0,0.520908753062681
0.0,PFW_diminishing,diminishing,516.0,0.023496389389038086,15.627231042389075,0.02816278959943208,9.0,0.5209077014129692
0.0,PFW_diminishing,diminishing,517.0,0.023540019989013672,15.62725680494288,0.01723874573870887,9.0,0.5209085601647626
0.0,PFW_diminishing,diminishing,518.0,0.023583173751831055,15.627230754976601,0.019680649538668327,9.0,0.5209076918325534
0.0,PFW_diminishing,diminishing,519.0,0.02362823486328125,15.62725641992486,0.017142302770466245,9.0,0.5209085473308287
0.0,PFW_diminishing,diminishing,520.0,0.023675203323364258,15.627230471048017,0.01960083520785627,9.0,0.5209076823682672
0.0,PFW_diminishing,diminishing,521.0,0.023722171783447266,15.627260640017195,0.017109993045985483,9.0,0.5209086880005731
0.0,PFW_diminishing,diminishing,522.0,0.023766040802001953,15.627262857089574,0.027950712645219866,9.0,0.5209087619029859
0.0,PFW_diminishing,diminishing,523.0,0.023809194564819336,15.627260244757004,0.017017579836381636,9.0,0.5209086748252335
0.0,PFW_diminishing,diminishing,524.0,0.023853063583374023,15.62726245491551,0.027823117902193495,9.0,0.5209087484971836
0.0,PFW_diminishing,diminishing,525.0,0.023900270462036133,15.627259854001478,0.01693416633882361,9.0,0.5209086618000492
0.0,PFW_diminishing,diminishing,526.0,0.023943185806274414,15.627229214429178,0.02776473691947512,9.0,0.5209076404809726
0.0,PFW_diminishing,diminishing,527.0,0.023986339569091797,15.627254090140037,0.01702898372627537,9.0,0.5209084696713345
0.0,PFW_diminishing,diminishing,528.0,0.024035215377807617,15.62722894313557,0.01944454765299586,9.0,0.5209076314378523
0.0,PFW_diminishing,diminishing,529.0,0.02408123016357422,15.62725372634895,0.01693615988745556,9.0,0.5209084575449651
0.0,PFW_diminishing,diminishing,530.0,0.02412700653076172,15.62722867506946,0.019367727684295843,9.0,0.5209076225023154
0.0,PFW_diminishing,diminishing,531.0,0.0241701602935791,15.627258008093117,0.016849806201788553,9.0,0.5209086002697706
0.0,PFW_diminishing,diminishing,532.0,0.024215221405029297,15.627260089294879,0.02750282353236777,9.0,0.5209086696431626
0.0,PFW_diminishing,diminishing,533.0,0.0242612361907959,15.627257634498314,0.01675992801171855,9.0,0.5209085878166104
0.0,PFW_diminishing,diminishing,534.0,0.02430415153503418,15.627227946864533,0.027418438338816742,9.0,0.5209075982288177
0.0,PFW_diminishing,diminishing,535.0,0.02434825897216797,15.627252102068516,0.01684090167741381,9.0,0.5209084034022838
0.0,PFW_diminishing,diminishing,536.0,0.024392366409301758,15.627227687528361,0.019223846950111145,9.0,0.5209075895842787
0.0,PFW_diminishing,diminishing,537.0,0.024438142776489258,15.627251754229432,0.01675082828999752,9.0,0.5209083918076477
0.0,PFW_diminishing,diminishing,538.0,0.02448105812072754,15.627227431231958,0.01914930296294326,9.0,0.5209075810410653
0.0,PFW_diminishing,diminishing,539.0,0.024524211883544922,15.627255870047351,0.016679387229966203,9.0,0.5209085290015784
0.0,PFW_diminishing,diminishing,540.0,0.02456808090209961,15.627257828801916,0.027192068109112455,9.0,0.5209085942933972
0.0,PFW_diminishing,diminishing,541.0,0.02462005615234375,15.627255512619508,0.016590899402992854,9.0,0.5209085170873169
0.0,PFW_diminishing,diminishing,542.0,0.024666309356689453,15.627226734442228,0.02708240934031636,9.0,0.520907557814741
0.0,PFW_diminishing,diminishing,543.0,0.024709224700927734,15.627250200319558,0.016658401654859212,9.0,0.5209083400106519
0.0,PFW_diminishing,diminishing,544.0,0.024753332138061523,15.627226486371598,0.019009680238319504,9.0,0.5209075495457199
0.0,PFW_diminishing,diminishing,545.0,0.02479720115661621,15.627249867512697,0.016570958259129576,9.0,0.5209083289170899
0.0,PFW_diminishing,diminishing,546.0,0.024842023849487305,15.62722624116646,0.018937312565608266,9.0,0.5209075413722153
0.0,PFW_diminishing,diminishing,547.0,0.024886131286621094,15.627253824914098,0.016513990486574315,9.0,0.5209084608304699
0.0,PFW_diminishing,diminishing,548.0,0.024929046630859375,15.62725566733433,0.026890431782769397,9.0,0.5209085222444777
0.0,PFW_diminishing,diminishing,549.0,0.02497410774230957,15.627253482730456,0.0164268503378322,9.0,0.5209084494243486
0.0,PFW_diminishing,diminishing,550.0,0.025019168853759766,15.627255319724894,0.026774638220142144,9.0,0.5209085106574964
0.0,PFW_diminishing,diminishing,551.0,0.025064945220947266,15.627253144262555,0.016351151447726586,9.0,0.5209084381420852
0.0,PFW_diminishing,diminishing,552.0,0.025109052658081055,15.627225155028686,0.026721500230877382,9.0,0.5209075051676229
0.0,PFW_diminishing,diminishing,553.0,0.025152206420898438,15.627247851823489,0.01646826916474886,9.0,0.5209082617274496
0.0,PFW_diminishing,diminishing,554.0,0.025197267532348633,15.627224920234227,0.018795614148194417,9.0,0.5209074973411408
0.0,PFW_diminishing,diminishing,555.0,0.025242090225219727,15.62724753652033,0.01638395456153585,9.0,0.5209082512173443
0.0,PFW_diminishing,diminishing,556.0,0.02528834342956543,15.62722468810394,0.0187258352256805,9.0,0.5209074896034647
0.0,PFW_diminishing,diminishing,557.0,0.025331974029541016,15.627247224446885,0.016300245786652567,9.0,0.5209082408148962
0.0,PFW_diminishing,diminishing,558.0,0.0253751277923584,15.627224458598821,0.018656557119332895,9.0,0.5209074819532941
0.0,PFW_diminishing,diminishing,559.0,0.025420188903808594,15.627250922858961,0.016273825143564125,9.0,0.5209083640952987
0.0,PFW_diminishing,diminishing,560.0,0.025466203689575195,15.6272527421711,0.026413848995233025,9.0,0.5209084247390366
0.0,PFW_diminishing,diminishing,561.0,0.025512218475341797,15.627250602202094,0.016189101311985254,9.0,0.5209083534067365
0.0,PFW_diminishing,diminishing,562.0,0.025556087493896484,15.627223833540237,0.02631008137573776,9.0,0.5209074611180079
0.0,PFW_diminishing,diminishing,563.0,0.025599002838134766,15.627194049705345,0.01621437144745741,9.0,0.5209064683235115
0.0,PFW_diminishing,diminishing,564.0,0.025643110275268555,15.627217829216834,0.016468446553240312,9.0,0.5209072609738945
0.0,PFW_diminishing,diminishing,565.0,0.025689125061035156,15.627218804889484,0.019016278553597665,9.0,0.5209072934963161
0.0,PFW_diminishing,diminishing,566.0,0.02573418617248535,15.627217515529491,0.02993974053258519,9.0,0.5209072505176497
0.0,PFW_diminishing,diminishing,567.0,0.025779008865356445,15.627218488879397,0.018944817172993567,9.0,0.5209072829626465
0.0,PFW_diminishing,diminishing,568.0,0.025822162628173828,15.627217205142404,0.029831173162389923,9.0,0.5209072401714134
0.0,PFW_diminishing,diminishing,569.0,0.025866985321044922,15.627218176174265,0.01887385903682226,9.0,0.5209072725391422
0.0,PFW_diminishing,diminishing,570.0,0.025913238525390625,15.627216898009475,0.02972336785336349,9.0,0.5209072299336491
0.0,PFW_diminishing,diminishing,571.0,0.025959253311157227,15.627217866728106,0.01880339884793436,9.0,0.5209072622242702
0.0,PFW_diminishing,diminishing,572.0,0.026014089584350586,15.627216594085427,0.029616316610008298,9.0,0.5209072198028476
0.0,PFW_diminishing,diminishing,573.0,0.026057004928588867,15.62721756049575,0.01873343138325012,9.0,0.520907252016525
0.0,PFW_diminishing,diminishing,574.0,0.026101112365722656,15.627216293325757,0.029510011548270043,9.0,0.5209072097775252
0.0,PFW_diminishing,diminishing,575.0,0.026147127151489258,15.627217257432797,0.018663951492495556,9.0,0.5209072419144266
0.0,PFW_diminishing,diminishing,576.0,0.026195287704467773,15.627215995686733,0.029404444893632586,9.0,0.5209071998562245
0.0,PFW_diminishing,diminishing,577.0,0.026241064071655273,15.627216957495616,0.01859495409690748,9.0,0.5209072319165206
0.0,PFW_diminishing,diminishing,578.0,0.02628612518310547,15.627215701125387,0.029299608979186154,9.0,0.5209071900375128
0.0,PFW_diminishing,diminishing,579.0,0.026331186294555664,15.627216660641329,0.018526434188030905,9.0,0.5209072220213776
0.0,PFW_diminishing,diminishing,580.0,0.026375293731689453,15.627215409599465,0.029195496243815455,9.0,0.5209071803199822
0.0,PFW_diminishing,diminishing,581.0,0.026427268981933594,15.62721636682778,0.01845838682648182,9.0,0.5209072122275926
0.0,PFW_diminishing,diminishing,582.0,0.02647233009338379,15.627215121067458,0.029092099230358492,9.0,0.5209071707022486
0.0,PFW_diminishing,diminishing,583.0,0.02652120590209961,15.62721607601354,0.018390807140772125,9.0,0.5209072025337846
0.0,PFW_diminishing,diminishing,584.0,0.0265653133392334,15.627214835488546,0.028989410583827535,9.0,0.5209071611829516
0.0,PFW_diminishing,diminishing,585.0,0.026620149612426758,15.627215788157873,0.018323690326137232,9.0,0.5209071929385958
0.0,PFW_diminishing,diminishing,586.0,0.026674985885620117,15.627214552822622,0.028887423049655858,9.0,0.5209071517607541
0.0,PFW_diminishing,diminishing,587.0,0.026719093322753906,15.627215503220752,0.01825703164340542,9.0,0.5209071834406918
0.0,PFW_diminishing,diminishing,588.0,0.026765108108520508,15.62721427303023,0.028786129472013755,9.0,0.520907142434341
0.0,PFW_diminishing,diminishing,589.0,0.02680826187133789,15.62721522116281,0.018190826417887607,9.0,0.5209071740387603
0.0,PFW_diminishing,diminishing,590.0,0.026851177215576172,15.627213996072607,0.02868552279211123,9.0,0.5209071332024202
0.0,PFW_diminishing,diminishing,591.0,0.026896238327026367,15.627214941945343,0.01812507003826802,9.0,0.5209071647315114
0.0,PFW_diminishing,diminishing,592.0,0.026942014694213867,15.627213721911623,0.028585596046574402,9.0,0.5209071240637208
0.0,PFW_diminishing,diminishing,593.0,0.02698802947998047,15.6272146655303,0.018059757955545486,9.0,0.5209071555176766
0.0,PFW_diminishing,diminishing,594.0,0.02703118324279785,15.627213450509789,0.02848634236582548,9.0,0.5209071150169929
0.0,PFW_diminishing,diminishing,595.0,0.02707505226135254,15.627214391880258,0.017994885681994255,9.0,0.5209071463960087
0.0,PFW_diminishing,diminishing,596.0,0.027119159698486328,15.627213181830255,0.028387754972526658,9.0,0.5209071060610085
0.0,PFW_diminishing,diminishing,597.0,0.02716517448425293,15.627214120958428,0.01793044879010175,9.0,0.5209071373652809
0.0,PFW_diminishing,diminishing,598.0,0.027209997177124023,15.627212915836768,0.0282898271800196,9.0,0.520907097194559
0.0,PFW_diminishing,diminishing,599.0,0.027254104614257812,15.627213852728618,0.01786644291160666,9.0,0.5209071284242872
0.0,PFW_diminishing,diminishing,600.0,0.027305126190185547,15.627212652493684,0.028192552390816417,9.0,0.5209070884164562
0.0,PFW_diminishing,diminishing,601.0,0.02735114097595215,15.627213587155245,0.017802863736469554,9.0,0.5209071195718414
0.0,PFW_diminishing,diminishing,602.0,0.027396202087402344,15.627212391765944,0.0280959240951395,9.0,0.5209070797255315
0.0,PFW_diminishing,diminishing,603.0,0.027439117431640625,15.627213324203309,0.017739707011934946,9.0,0.520907110806777
0.0,PFW_diminishing,diminishing,604.0,0.027485370635986328,15.627212133619077,0.02799993586942673,9.0,0.520907071120636
0.0,PFW_diminishing,diminishing,605.0,0.027530193328857422,15.62721306383838,0.017676968541574745,9.0,0.520907102127946
0.0,PFW_diminishing,diminishing,606.0,0.027573108673095703,15.627211878019157,0.02790458137494589,9.0,0.5209070626006386
0.0,PFW_diminishing,diminishing,607.0,0.027619123458862305,15.627212806026607,0.017614644184351214,9.0,0.5209070935342203
0.0,PFW_diminishing,diminishing,608.0,0.027665138244628906,15.627211624932835,0.027809854356403818,9.0,0.5209070541644278
0.0,PFW_diminishing,diminishing,609.0,0.0277099609375,15.627212550734663,0.0175527298537137,9.0,0.5209070850244888
0.0,PFW_diminishing,diminishing,610.0,0.02775406837463379,15.627211374327297,0.027715748640520843,9.0,0.5209070458109099
0.0,PFW_diminishing,diminishing,611.0,0.027798175811767578,15.627212297929795,0.017491221516704236,9.0,0.5209070765976598
0.0,PFW_diminishing,diminishing,612.0,0.027843236923217773,15.62721112617026,0.027622258134774036,9.0,0.5209070375390087
0.0,PFW_diminishing,diminishing,613.0,0.02788710594177246,15.627212047579762,0.017430115193082685,9.0,0.5209070682526588
0.0,PFW_diminishing,diminishing,614.0,0.027932167053222656,15.627210880429967,0.02752937682601342,9.0,0.5209070293476655
0.0,PFW_diminishing,diminishing,615.0,0.02797698974609375,15.627211799652843,0.017369406954465205,9.0,0.5209070599884281
0.0,PFW_diminishing,diminishing,616.0,0.028020143508911133,15.627210637075176,0.027437098779200753,9.0,0.5209070212358392
0.0,PFW_diminishing,diminishing,617.0,0.028065204620361328,15.627211554117835,0.017309092923480485,9.0,0.5209070518039278
0.0,PFW_diminishing,diminishing,618.0,0.028110265731811523,15.627210396075144,0.02734541813616609,9.0,0.5209070132025048
0.0,PFW_diminishing,diminishing,619.0,0.028156280517578125,15.627211310944036,0.017249169272951725,9.0,0.5209070436981346
0.0,PFW_diminishing,diminishing,620.0,0.028200387954711914,15.62721015739962,0.027254329114293263,9.0,0.520907005246654
0.0,PFW_diminishing,diminishing,621.0,0.0282440185546875,15.627211070101236,0.01718963222508485,9.0,0.5209070356700412
0.0,PFW_diminishing,diminishing,622.0,0.02828812599182129,15.627209921018844,0.02716382600541767,9.0,0.5209069973672948
0.0,PFW_diminishing,diminishing,623.0,0.02833414077758789,15.627210831559694,0.01713047805067003,9.0,0.5209070277186565
0.0,PFW_diminishing,diminishing,624.0,0.028377294540405273,15.627209686903528,0.02707390317452507,9.0,0.5209069895634509
0.0,PFW_diminishing,diminishing,625.0,0.028420209884643555,15.627210595290158,0.017071703068304522,9.0,0.5209070198430052
0.0,PFW_diminishing,diminishing,626.0,0.028464317321777344,15.627209455024841,0.026984555058648496,9.0,0.5209069818341614
0.0,PFW_diminishing,diminishing,627.0,0.028510093688964844,15.627210361263835,0.01701330364363418,9.0,0.5209070120421279
0.0,PFW_diminishing,diminishing,628.0,0.02855515480041504,15.627209225354425,0.026895776165706486,9.0,0.5209069741784809
0.0,PFW_diminishing,diminishing,629.0,0.028599023818969727,15.627210129452385,0.0169552761885976,9.0,0.5209070043150795
0.0,PFW_diminishing,diminishing,630.0,0.02864217758178711,15.62720899786435,0.02680756107335558,9.0,0.5209069665954783
0.0,PFW_diminishing,diminishing,631.0,0.028687238693237305,15.627209899827905,0.016897617160695155,9.0,0.5209069966609302
0.0,PFW_diminishing,diminishing,632.0,0.0287322998046875,15.62720877252715,0.026719904427923602,9.0,0.5209069590842383
0.0,PFW_diminishing,diminishing,633.0,0.028778076171875,15.627209672362952,0.016840323062271345,9.0,0.5209069890787651
0.0,PFW_diminishing,diminishing,634.0,0.02882218360900879,15.627208549315768,0.026632800943292345,9.0,0.5209069516438589
0.0,PFW_diminishing,diminishing,635.0,0.02886509895324707,15.627209447030499,0.016783390439800705,9.0,0.5209069815676833
0.0,PFW_diminishing,diminishing,636.0,0.028910160064697266,15.627208328203581,0.02654624539984951,9.0,0.5209069442734527
0.0,PFW_diminishing,diminishing,637.0,0.02895522117614746,15.627209223803936,0.016726815883195023,9.0,0.5209069741267979
0.0,PFW_diminishing,diminishing,638.0,0.02900099754333496,15.627208109164382,0.026460232643462867,9.0,0.5209069369721461
0.0,PFW_diminishing,diminishing,639.0,0.02904510498046875,15.627209002657072,0.016670596025124773,9.0,0.5209069667552357
0.0,PFW_diminishing,diminishing,640.0,0.02908802032470703,15.627207892172365,0.02637475758441532,9.0,0.5209069297390788
0.0,PFW_diminishing,diminishing,641.0,0.029133081436157227,15.627208783564129,0.016614727540354757,9.0,0.5209069594521376
0.0,PFW_diminishing,diminishing,642.0,0.029178142547607422,15.627207677202131,0.026289815196435917,9.0,0.5209069225734043
0.0,PFW_diminishing,diminishing,643.0,0.029223203659057617,15.627208566499714,0.016559207145080634,9.0,0.5209069522166572
0.0,PFW_diminishing,diminishing,644.0,0.029267311096191406,15.627207464228675,0.026205400515716626,9.0,0.5209069154742891
0.0,PFW_diminishing,diminishing,645.0,0.029311180114746094,15.62720835143884,0.01650403159628766,9.0,0.5209069450479613
0.0,PFW_diminishing,diminishing,646.0,0.02935504913330078,15.627207253227363,0.026121508639909585,9.0,0.5209069084409121
0.0,PFW_diminishing,diminishing,647.0,0.029400110244750977,15.627208138356897,0.01644919769111919,9.0,0.5209069379452299
0.0,PFW_diminishing,diminishing,648.0,0.029446125030517578,15.627207044173959,0.026038134727233597,9.0,0.5209069014724653
0.0,PFW_diminishing,diminishing,649.0,0.029490232467651367,15.627207927229641,0.016394702266275374,9.0,0.5209069309076547
0.0,PFW_diminishing,diminishing,650.0,0.02953338623046875,15.627206837044584,0.02595527399548203,9.0,0.5209068945681528
0.0,PFW_diminishing,diminishing,651.0,0.029577970504760742,15.627207718033217,0.016340542197361252,9.0,0.5209069239344406
0.0,PFW_diminishing,diminishing,652.0,0.029623031616210938,15.62720663181573,0.025872921721145303,9.0,0.520906887727191
0.0,PFW_diminishing,diminishing,653.0,0.029668092727661133,15.627180786566091,0.01634101757027473,9.0,0.5209060262188697
0.0,PFW_diminishing,diminishing,654.0,0.029714345932006836,15.627206428149764,0.01404563548687321,9.0,0.5209068809383255
0.0,PFW_diminishing,diminishing,655.0,0.02976512908935547,15.627180662075977,0.0162962130908344,9.0,0.5209060220691992
0.0,PFW_diminishing,diminishing,656.0,0.029809236526489258,15.627206226217966,0.013982216915114698,9.0,0.5209068742072656
0.0,PFW_diminishing,diminishing,657.0,0.029855012893676758,15.627206742196229,0.01626274502530567,9.0,0.520906891406541
0.0,PFW_diminishing,diminishing,658.0,0.029899120330810547,15.627206026009446,0.025592612026086314,9.0,0.5209068675336482
0.0,PFW_diminishing,diminishing,659.0,0.029943227767944336,15.627180318844603,0.016257415052650437,9.0,0.5209060106281534
0.0,PFW_diminishing,diminishing,660.0,0.029987096786499023,15.627197162089274,0.013873944809029481,9.0,0.5209065720696425
0.0,PFW_diminishing,diminishing,661.0,0.030033349990844727,15.627180197714264,0.01593053391847654,9.0,0.5209060065904755
0.0,PFW_diminishing,diminishing,662.0,0.03007793426513672,15.627196990666976,0.013819768432773216,9.0,0.5209065663555659
0.0,PFW_diminishing,diminishing,663.0,0.030118227005004883,15.6271800777507,0.015887102704385647,9.0,0.52090600259169
0.0,PFW_diminishing,diminishing,664.0,0.030164003372192383,15.62719682070955,0.013765918561514212,9.0,0.5209065606903184
0.0,PFW_diminishing,diminishing,665.0,0.030208110809326172,15.627179958939484,0.015843933014458855,9.0,0.5209059986313161
0.0,PFW_diminishing,diminishing,666.0,0.030254125595092773,15.627204820006384,0.013712392252516636,9.0,0.5209068273335461
0.0,PFW_diminishing,diminishing,667.0,0.030302047729492188,15.627204792439311,0.016135810412412077,9.0,0.5209068264146437
0.0,PFW_diminishing,diminishing,668.0,0.030346155166625977,15.627173992109517,0.025148451157924967,9.0,0.5209057997369839
0.0,PFW_diminishing,diminishing,669.0,0.030391216278076172,15.627189597624275,0.013317976256604247,9.0,0.5209063199208092
0.0,PFW_diminishing,diminishing,670.0,0.030437231063842773,15.627173864264712,0.025963026661911748,9.0,0.5209057954754904
0.0,PFW_diminishing,diminishing,671.0,0.03048229217529297,15.62718942385177,0.013277941403885052,9.0,0.5209063141283923
0.0,PFW_diminishing,diminishing,672.0,0.030527114868164062,15.627173737624345,0.02590112452864357,9.0,0.5209057912541448
0.0,PFW_diminishing,diminishing,673.0,0.03057122230529785,15.627189251551897,0.01323814486277275,9.0,0.5209063083850632
0.0,PFW_diminishing,diminishing,674.0,0.03061509132385254,15.62717361217379,0.025839589837976185,9.0,0.5209057870724597
0.0,PFW_diminishing,diminishing,675.0,0.03066110610961914,15.627189080707703,0.013198584511745715,9.0,0.5209063026902567
0.0,PFW_diminishing,diminishing,676.0,0.030704259872436523,15.627173487898629,0.025778419327971314,9.0,0.5209057829299543
0.0,PFW_diminishing,diminishing,677.0,0.030748367309570312,15.627188911302465,0.013159258254387574,9.0,0.5209062970434155
0.0,PFW_diminishing,diminishing,678.0,0.030792951583862305,15.627173364784667,0.025717609775200323,9.0,0.5209057788261556
0.0,PFW_diminishing,diminishing,679.0,0.030837059020996094,15.62718874331972,0.013120164019034597,9.0,0.5209062914439907
0.0,PFW_diminishing,diminishing,680.0,0.030883073806762695,15.627173242817934,0.025657157994154467,9.0,0.5209057747605977
0.0,PFW_diminishing,diminishing,681.0,0.030927181243896484,15.627188576743228,0.013081299758373355,9.0,0.520906285891441
0.0,PFW_diminishing,diminishing,682.0,0.030970096588134766,15.627173121984637,0.025597060836699548,9.0,0.5209057707328212
0.0,PFW_diminishing,diminishing,683.0,0.031014204025268555,15.627188411556991,0.013042663449137848,9.0,0.520906280385233
0.0,PFW_diminishing,diminishing,684.0,0.031059980392456055,15.627173002271212,0.025537315191531462,9.0,0.5209057667423738
0.0,PFW_diminishing,diminishing,685.0,0.031104087829589844,15.627172626762938,0.013004253091696505,9.0,0.5209057542254313
0.0,PFW_diminishing,diminishing,686.0,0.031147003173828125,15.627166375418122,0.023116994390938395,9.0,0.5209055458472708
0.0,PFW_diminishing,diminishing,687.0,0.03119206428527832,15.62717248713312,0.017536058264269627,9.0,0.520905749571104
0.0,PFW_diminishing,diminishing,688.0,0.031237125396728516,15.627166254286019,0.023066777559724194,9.0,0.520905541809534
0.0,PFW_diminishing,diminishing,689.0,0.03128314018249512,15.627172348687226,0.01749591595781741,9.0,0.5209057449562409
0.0,PFW_diminishing,diminishing,690.0,0.03132820129394531,15.627166134227656,0.023016851961111584,9.0,0.5209055378075885
0.0,PFW_diminishing,diminishing,691.0,0.031371116638183594,15.627172211411777,0.017456006268057322,9.0,0.5209057403803926
0.0,PFW_diminishing,diminishing,692.0,0.03141617774963379,15.627166015230541,0.022967215068936397,9.0,0.520905533841018
0.0,PFW_diminishing,diminishing,693.0,0.031461238861083984,15.627172075293473,0.01741632717888919,9.0,0.5209057358431157
0.0,PFW_diminishing,diminishing,694.0,0.03150534629821777,15.627165897282353,0.022917864386183595,9.0,0.5209055299094117
0.0,PFW_diminishing,diminishing,695.0,0.031548261642456055,15.627171940319199,0.01737687669746446,9.0,0.5209057313439733
0.0,PFW_diminishing,diminishing,696.0,0.03159308433532715,15.627165780370953,0.02286879744452186,9.0,0.5209055260123651
0.0,PFW_diminishing,diminishing,697.0,0.031638145446777344,15.627171806476046,0.017337652853822938,9.0,0.5209057268825349
0.0,PFW_diminishing,diminishing,698.0,0.031684160232543945,15.627196313935316,0.02282001180393145,9.0,0.5209065437978438
0.0,PFW_diminishing,diminishing,699.0,0.03172922134399414,15.627171673705377,0.022824262443109866,9.0,0.5209057224568459
0.0,PFW_diminishing,diminishing,700.0,0.03177213668823242,15.627165445792034,0.02274865630611167,9.0,0.5209055148597345
0.0,PFW_diminishing,diminishing,701.0,0.031816959381103516,15.627171541938804,0.01720039673689655,9.0,0.5209057180646268
0.0,PFW_diminishing,diminishing,702.0,0.03186202049255371,15.627165332067072,0.022700425763583887,9.0,0.5209055110689024
0.0,PFW_diminishing,diminishing,703.0,0.031908273696899414,15.627171411266504,0.01716184150530964,9.0,0.5209057137088835
0.0,PFW_diminishing,diminishing,704.0,0.0319521427154541,15.627195334888505,0.022652469369564443,9.0,0.5209065111629502
0.0,PFW_diminishing,diminishing,705.0,0.031995296478271484,15.627171281609574,0.02259625813022126,9.0,0.5209057093869858
0.0,PFW_diminishing,diminishing,706.0,0.03204035758972168,15.62716500635326,0.022582322445269476,9.0,0.5209055002117754
0.0,PFW_diminishing,diminishing,707.0,0.03208613395690918,15.627171152946671,0.017026913224801987,9.0,0.5209057050982223
0.0,PFW_diminishing,diminishing,708.0,0.03213214874267578,15.627194757917664,0.022534907096849466,9.0,0.5209064919305888
0.0,PFW_diminishing,diminishing,709.0,0.03217625617980957,15.627171025396397,0.02246094861923531,9.0,0.5209057008465465
0.0,PFW_diminishing,diminishing,710.0,0.03221917152404785,15.627164686608081,0.022465549083038994,9.0,0.5209054895536027
0.0,PFW_diminishing,diminishing,711.0,0.03226423263549805,15.627170898700157,0.016893504545367755,9.0,0.5209056966233386
0.0,PFW_diminishing,diminishing,712.0,0.03231000900268555,15.627164577997078,0.02241866567548101,9.0,0.5209054859332359
0.0,PFW_diminishing,diminishing,713.0,0.03235507011413574,15.627170773040358,0.01685602637309458,9.0,0.5209056924346787
0.0,PFW_diminishing,diminishing,714.0,0.03239917755126953,15.627193820179496,0.022372045025350396,9.0,0.5209064606726499
0.0,PFW_diminishing,diminishing,715.0,0.032447099685668945,15.627170648437987,0.02223931886294217,9.0,0.5209056882812663
0.0,PFW_diminishing,diminishing,716.0,0.032491207122802734,15.627164266615312,0.0223038454032789,9.0,0.5209054755538437
0.0,PFW_diminishing,diminishing,717.0,0.032537221908569336,15.627170524682132,0.01672484874762592,9.0,0.5209056841560711
0.0,PFW_diminishing,diminishing,718.0,0.03258013725280762,15.627164160905409,0.02225774341454745,9.0,0.5209054720301803
0.0,PFW_diminishing,diminishing,719.0,0.032624244689941406,15.627170401929723,0.016687995234089925,9.0,0.5209056800643241
0.0,PFW_diminishing,diminishing,720.0,0.03267717361450195,15.62719290642747,0.02221189764980558,9.0,0.520906430214249
0.0,PFW_diminishing,diminishing,721.0,0.03272128105163574,15.627170280181929,0.022021386958041234,9.0,0.5209056760060643
0.0,PFW_diminishing,diminishing,722.0,0.03276705741882324,15.627163857604982,0.02214482763949377,9.0,0.5209054619201661
0.0,PFW_diminishing,diminishing,723.0,0.03281116485595703,15.62717015927326,0.016558993160946223,9.0,0.5209056719757753
0.0,PFW_diminishing,diminishing,724.0,0.03286314010620117,15.627163754697616,0.022099487695026454,9.0,0.5209054584899205
0.0,PFW_diminishing,diminishing,725.0,0.03291010856628418,15.62717003933636,0.016522748818464272,9.0,0.5209056679778786
0.0,PFW_diminishing,diminishing,726.0,0.03295421600341797,15.627192015862825,0.022054397655963953,9.0,0.5209064005287608
0.0,PFW_diminishing,diminishing,727.0,0.03300023078918457,15.627169920353538,0.021807061125276306,9.0,0.5209056640117846
0.0,PFW_diminishing,diminishing,728.0,0.03304338455200195,15.627163459208152,0.021988429422954425,9.0,0.5209054486402718
0.0,PFW_diminishing,diminishing,729.0,0.03308606147766113,15.627169802202566,0.01639586862176934,9.0,0.5209056600734189
0.0,PFW_diminishing,diminishing,730.0,0.03313112258911133,15.627163359008842,0.021943832783462014,9.0,0.5209054453002947
0.0,PFW_diminishing,diminishing,731.0,0.03317618370056152,15.62716968499295,0.016360218470436116,9.0,0.5209056561664317
0.0,PFW_diminishing,diminishing,732.0,0.033222198486328125,15.627191147719556,0.021899479936835498,9.0,0.5209063715906519
0.0,PFW_diminishing,diminishing,733.0,0.033266305923461914,15.627169568689022,0.021596252597658072,9.0,0.520905652289634
0.0,PFW_diminishing,diminishing,734.0,0.0333099365234375,15.627163071071058,0.02183458655371595,9.0,0.5209054357023686
0.0,PFW_diminishing,diminishing,735.0,0.033354997634887695,15.627169453209808,0.016235408225650616,9.0,0.5209056484403269
0.0,PFW_diminishing,diminishing,736.0,0.03340005874633789,15.627162973489225,0.02179071508932573,9.0,0.5209054324496408
0.0,PFW_diminishing,diminishing,737.0,0.03344416618347168,15.62716933864272,0.016200337772732,9.0,0.520905644621424
0.0,PFW_diminishing,diminishing,738.0,0.03351616859436035,15.62719030126286,0.02174708150298965,9.0,0.5209063433754287
0.0,PFW_diminishing,diminishing,739.0,0.0335690975189209,15.627169224934995,0.02138887549784929,9.0,0.5209056408311665
0.0,PFW_diminishing,diminishing,740.0,0.03363823890686035,15.627162692854409,0.02168323691271201,9.0,0.520905423095147
0.0,PFW_diminishing,diminishing,741.0,0.03369021415710449,15.627169112044951,0.016077547235780365,9.0,0.5209056370681651
0.0,PFW_diminishing,diminishing,742.0,0.03374314308166504,15.627162597803176,0.02164007307838478,9.0,0.5209054199267725
0.0,PFW_diminishing,diminishing,743.0,0.03378725051879883,15.62716900003895,0.016043042456038492,9.0,0.5209056333346317
0.0,PFW_diminishing,diminishing,744.0,0.03383231163024902,15.627189475787613,0.02159714139710367,9.0,0.5209063158595871
0.0,PFW_diminishing,diminishing,745.0,0.0338742733001709,15.627168888847955,0.02118484672157983,9.0,0.5209056296282651
0.0,PFW_diminishing,diminishing,746.0,0.03391623497009277,15.627162324232675,0.021534320378112426,9.0,0.5209054108077559
0.0,PFW_diminishing,diminishing,747.0,0.03396105766296387,15.627168778467706,0.01592222299587842,9.0,0.5209056259489235
0.0,PFW_diminishing,diminishing,748.0,0.03400611877441406,15.62718898901404,0.02149184719026831,9.0,0.5209062996338013
0.0,PFW_diminishing,diminishing,749.0,0.03405022621154785,15.62716866898145,0.021063673137534877,9.0,0.5209056222993816
0.0,PFW_diminishing,diminishing,750.0,0.03409314155578613,15.627162055426721,0.021429695076796484,9.0,0.5209054018475574
0.0,PFW_diminishing,diminishing,751.0,0.03413820266723633,15.627168560194265,0.015802691702752725,9.0,0.5209056186731422
0.0,PFW_diminishing,diminishing,752.0,0.03418326377868652,15.627161964447032,0.021387673076642244,9.0,0.520905398814901
0.0,PFW_diminishing,diminishing,753.0,0.03422713279724121,15.627168452246917,0.015769099830282407,9.0,0.5209056150748972
0.0,PFW_diminishing,diminishing,754.0,0.0342710018157959,15.627188196597057,0.02134587408968258,9.0,0.5209062732199019
0.0,PFW_diminishing,diminishing,755.0,0.034316062927246094,15.627168345150558,0.020865046566468592,9.0,0.5209056115050186
0.0,PFW_diminishing,diminishing,756.0,0.03435802459716797,15.627161702325802,0.021284705276511495,9.0,0.5209053900775268
0.0,PFW_diminishing,diminishing,757.0,0.034403085708618164,15.62716823874821,0.015651461967923552,9.0,0.5209056079582737
0.0,PFW_diminishing,diminishing,758.0,0.03448033332824707,15.627161613661206,0.021243346805687402,9.0,0.5209053871220403
0.0,PFW_diminishing,diminishing,759.0,0.03454709053039551,15.627168133160394,0.01561840051301644,9.0,0.5209056044386798
0.0,PFW_diminishing,diminishing,760.0,0.03460097312927246,15.627187423422296,0.021202206093217768,9.0,0.5209062474474099
0.0,PFW_diminishing,diminishing,761.0,0.03465127944946289,15.62716802838234,0.02066955945009319,9.0,0.520905600946078
0.0,PFW_diminishing,diminishing,762.0,0.03469705581665039,15.627161358010646,0.02114199742865619,9.0,0.5209053786003549
0.0,PFW_diminishing,diminishing,763.0,0.03474307060241699,15.627167924293294,0.015502611446202685,9.0,0.5209055974764432
0.0,PFW_diminishing,diminishing,764.0,0.034789323806762695,15.627161271586393,0.02110128689466695,9.0,0.5209053757195464
0.0,PFW_diminishing,diminishing,765.0,0.03483319282531738,15.627167820994442,0.015470067944483468,9.0,0.5209055940331481
0.0,PFW_diminishing,diminishing,766.0,0.03487801551818848,15.6271866688817,0.021060789027987248,9.0,0.5209062222960567
0.0,PFW_diminishing,diminishing,767.0,0.03493309020996094,15.627167718465797,0.020477137941036005,9.0,0.5209055906155265
0.0,PFW_diminishing,diminishing,768.0,0.03497505187988281,15.62716102220086,0.02100151808147288,9.0,0.5209053674066954
0.0,PFW_diminishing,diminishing,769.0,0.035021066665649414,15.62716761662122,0.015356084429985373,9.0,0.5209055872207073
0.0,PFW_diminishing,diminishing,770.0,0.03506731986999512,15.627160937945153,0.020961440376568774,9.0,0.5209053645981717
0.0,PFW_diminishing,diminishing,771.0,0.03511309623718262,15.627167515543402,0.015324046804566116,9.0,0.5209055838514467
0.0,PFW_diminishing,diminishing,772.0,0.03515815734863281,15.62718593239089,0.020921570405396217,9.0,0.520906197746363
0.0,PFW_diminishing,diminishing,773.0,0.0352020263671875,15.62716741519786,0.020287710489947486,9.0,0.5209055805065953
0.0,PFW_diminishing,diminishing,774.0,0.03524613380432129,15.627160694627037,0.02086321543966374,9.0,0.5209053564875679
0.0,PFW_diminishing,diminishing,775.0,0.0352940559387207,15.627167315531487,0.01521182693733003,9.0,0.5209055771843829
0.0,PFW_diminishing,diminishing,776.0,0.03533816337585449,15.627160612470876,0.020823755922153353,9.0,0.5209053537490292
0.0,PFW_diminishing,diminishing,777.0,0.03538203239440918,15.627167216609331,0.015180283483884338,9.0,0.5209055738869777
0.0,PFW_diminishing,diminishing,778.0,0.03542828559875488,15.627185213388076,0.02078449935623894,9.0,0.5209061737796026
0.0,PFW_diminishing,diminishing,779.0,0.035474300384521484,15.62716711838304,0.020101207756807682,9.0,0.520905570612768
0.0,PFW_diminishing,diminishing,780.0,0.035517215728759766,15.62716037503021,0.02072703930070574,9.0,0.5209053458343403
0.0,PFW_diminishing,diminishing,781.0,0.03556108474731445,15.627167020831081,0.015069786645647731,9.0,0.520905567361036
0.0,PFW_diminishing,diminishing,782.0,0.03560614585876465,15.62716029490728,0.020688183777114233,9.0,0.5209053431635761
0.0,PFW_diminishing,diminishing,783.0,0.03565216064453125,15.627166924001619,0.01503872601814038,9.0,0.5209055641333873
0.0,PFW_diminishing,diminishing,784.0,0.03569531440734863,15.627184511333022,0.020649526568652377,9.0,0.5209061503777674
0.0,PFW_diminishing,diminishing,785.0,0.03573918342590332,15.62716682783309,0.01991756252629351,9.0,0.5209055609277696
0.0,PFW_diminishing,diminishing,786.0,0.035784244537353516,15.627160063161403,0.02059294099407971,9.0,0.5209053354387134
0.0,PFW_diminishing,diminishing,787.0,0.035830020904541016,15.627166732334103,0.014929912828407055,9.0,0.5209055577444701
0.0,PFW_diminishing,diminishing,788.0,0.035874128341674805,15.627184097128914,0.020554675702143754,9.0,0.5209061365709639
0.0,PFW_diminishing,diminishing,789.0,0.035917043685913086,15.62716663756087,0.019808420106711466,9.0,0.5209055545853624
0.0,PFW_diminishing,diminishing,790.0,0.03596329689025879,15.627159835262537,0.02049866218402574,9.0,0.5209053278420845
0.0,PFW_diminishing,diminishing,791.0,0.03600907325744629,15.627166543366993,0.014822201080012753,9.0,0.5209055514455664
0.0,PFW_diminishing,diminishing,792.0,0.03605198860168457,15.6271597584183,0.020460782878696016,9.0,0.52090532528061
0.0,PFW_diminishing,diminishing,793.0,0.03609609603881836,15.627166449861324,0.014791920940188774,9.0,0.5209055483287108
0.0,PFW_diminishing,diminishing,794.0,0.036141157150268555,15.627183421833758,0.02042309447019619,9.0,0.5209061140611253
0.0,PFW_diminishing,diminishing,795.0,0.036187171936035156,15.62716635704746,0.01962939284711407,9.0,0.5209055452349154
0.0,PFW_diminishing,diminishing,796.0,0.036231279373168945,15.627159535922882,0.02036792274251198,9.0,0.5209053178640961
0.0,PFW_diminishing,diminishing,797.0,0.03627419471740723,15.627166264809551,0.014685829826195373,9.0,0.5209055421603184
0.0,PFW_diminishing,diminishing,798.0,0.03631901741027832,15.627159460946777,0.02033061164706851,9.0,0.5209053153648926
0.0,PFW_diminishing,diminishing,799.0,0.03636527061462402,15.627166173240179,0.014656003905457737,9.0,0.520905539108006
0.0,PFW_diminishing,diminishing,800.0,0.03640913963317871,15.627182762148879,0.02029348717416468,9.0,0.5209060920716293
0.0,PFW_diminishing,diminishing,801.0,0.0364532470703125,15.62716608233,0.019453053644257423,9.0,0.5209055360776667
0.0,PFW_diminishing,diminishing,802.0,0.036498308181762695,15.627159243690077,0.020239138402489587,9.0,0.5209053081230025
0.0,PFW_diminishing,diminishing,803.0,0.036544084548950195,15.627165991992381,0.01455149712315773,9.0,0.5209055330664127
0.0,PFW_diminishing,diminishing,804.0,0.03658699989318848,15.627159170524623,0.020202382827029908,9.0,0.520905305684154
0.0,PFW_diminishing,diminishing,805.0,0.036631107330322266,15.627165902304338,0.014522115277431524,9.0,0.5209055300768113
0.0,PFW_diminishing,diminishing,806.0,0.03667616844177246,15.627182117604915,0.020165809726462314,9.0,0.5209060705868305
0.0,PFW_diminishing,diminishing,807.0,0.03672218322753906,15.627165813244146,0.019279342409433298,9.0,0.5209055271081382
0.0,PFW_diminishing,diminishing,808.0,0.036767005920410156,15.627158958348087,0.020112265634075754,9.0,0.5209052986116028
0.0,PFW_diminishing,diminishing,809.0,0.03681206703186035,15.62716572475314,0.01441915760030632,9.0,0.520905524158438
0.0,PFW_diminishing,diminishing,810.0,0.03685617446899414,15.627158886937965,0.02007605326377071,9.0,0.5209052962312655
0.0,PFW_diminishing,diminishing,811.0,0.036901235580444336,15.627165636893423,0.01439020998532925,9.0,0.5209055212297807
0.0,PFW_diminishing,diminishing,812.0,0.03694629669189453,15.627181487749915,0.020040019342747684,9.0,0.5209060495916639
0.0,PFW_diminishing,diminishing,813.0,0.03699016571044922,15.627165549631432,0.01910820083160214,9.0,0.5209055183210477
0.0,PFW_diminishing,diminishing,814.0,0.037034034729003906,15.627158679688913,0.01998726219014202,9.0,0.5209052893229638
0.0,PFW_diminishing,diminishing,815.0,0.037078142166137695,15.62716546293527,0.014288767223499477,9.0,0.5209055154311757
0.0,PFW_diminishing,diminishing,816.0,0.0371241569519043,15.627158609980858,0.019951581071503632,9.0,0.5209052869993619
0.0,PFW_diminishing,diminishing,817.0,0.03716921806335449,15.627165376852757,0.01426024428385908,9.0,0.5209055125617585
0.0,PFW_diminishing,diminishing,818.0,0.037212371826171875,15.627180872148543,0.01991607449405386,9.0,0.5209060290716181
0.0,PFW_diminishing,diminishing,819.0,0.03725624084472656,15.627165291339008,0.018939572312165254,9.0,0.5209055097113002
0.0,PFW_diminishing,diminishing,820.0,0.03730320930480957,15.627158407512251,0.019864087059360713,9.0,0.5209052802504084
0.0,PFW_diminishing,diminishing,821.0,0.03734612464904785,15.627165206387753,0.014160283246203775,9.0,0.5209055068795918
0.0,PFW_diminishing,diminishing,822.0,0.03739023208618164,15.627180508824953,0.019828925587038526,9.0,0.5209060169608317
0.0,PFW_diminishing,diminishing,823.0,0.03743410110473633,15.627165122060347,0.018839301434638855,9.0,0.5209055040686782
0.0,PFW_diminishing,diminishing,824.0,0.03748035430908203,15.627158208277049,0.019777442072490103,9.0,0.520905273609235
0.0,PFW_diminishing,diminishing,825.0,0.03752398490905762,15.627165038219704,0.014061292312863571,9.0,0.5209055012739902
0.0,PFW_diminishing,diminishing,826.0,0.037568092346191406,15.627158141318464,0.019742620698300684,9.0,0.5209052713772822
0.0,PFW_diminishing,diminishing,827.0,0.037612199783325195,15.627164954964798,0.014033456733963945,9.0,0.5209054984988266
0.0,PFW_diminishing,diminishing,828.0,0.0376582145690918,15.627179915766712,0.019707967601819476,9.0,0.5209059971922237
0.0,PFW_diminishing,diminishing,829.0,0.037702322006225586,15.627164872305542,0.018674739448848676,9.0,0.5209054957435181
0.0,PFW_diminishing,diminishing,830.0,0.03774523735046387,15.62715794662868,0.019657226200430422,9.0,0.5209052648876227
0.0,PFW_diminishing,diminishing,831.0,0.03780508041381836,15.627164790130793,0.013935894324517584,9.0,0.5209054930043597
0.0,PFW_diminishing,diminishing,832.0,0.03784918785095215,15.627157881239178,0.019622905870846807,9.0,0.5209052627079725
0.0,PFW_diminishing,diminishing,833.0,0.03789520263671875,15.627164708525738,0.013908459272624185,9.0,0.5209054902841913
0.0,PFW_diminishing,diminishing,834.0,0.03793907165527344,15.62717933588123,0.019588750204023953,9.0,0.5209059778627076
0.0,PFW_diminishing,diminishing,835.0,0.03798413276672363,15.627164627489199,0.018512547505941335,9.0,0.5209054875829733
0.0,PFW_diminishing,diminishing,836.0,0.03802824020385742,15.627157690961655,0.019538734984825723,9.0,0.5209052563653885
0.0,PFW_diminishing,diminishing,837.0,0.03807330131530762,15.627164546934907,0.013812294686630366,9.0,0.5209054848978302
0.0,PFW_diminishing,diminishing,838.0,0.03811812400817871,15.627157627094808,0.019504904962897918,9.0,0.5209052542364936
0.0,PFW_diminishing,diminishing,839.0,0.0381622314453125,15.627164466934815,0.013785251578797286,9.0,0.5209054822311605
0.0,PFW_diminishing,diminishing,840.0,0.038207054138183594,15.627178768788122,0.019471236091582078,9.0,0.520905958959604
0.0,PFW_diminishing,diminishing,841.0,0.03825116157531738,15.627164387477123,0.018352674772319055,9.0,0.5209054795825707
0.0,PFW_diminishing,diminishing,842.0,0.03829622268676758,15.627157441101165,0.019421931576331986,9.0,0.5209052480367055
0.0,PFW_diminishing,diminishing,843.0,0.038340091705322266,15.627164308499408,0.013690454989257361,9.0,0.5209054769499802
0.0,PFW_diminishing,diminishing,844.0,0.03838634490966797,15.627157378712218,0.019388581429694796,9.0,0.5209052459570739
0.0,PFW_diminishing,diminishing,845.0,0.038429975509643555,15.627164230060934,0.013663795486056785,9.0,0.5209054743353645
0.0,PFW_diminishing,diminishing,846.0,0.038474082946777344,15.62717821412053,0.019355389020673464,9.0,0.5209059404706843
0.0,PFW_diminishing,diminishing,847.0,0.03851819038391113,15.627164152139711,0.018195071857791234,9.0,0.5209054717379904
0.0,PFW_diminishing,diminishing,848.0,0.038564205169677734,15.627157196878668,0.019306780167968718,9.0,0.5209052398959556
0.0,PFW_diminishing,diminishing,849.0,0.03860831260681152,15.627164074696193,0.013570337908580754,9.0,0.5209054691565398
0.0,PFW_diminishing,diminishing,850.0,0.03865218162536621,15.627157135924469,0.019273899758111668,9.0,0.520905237864149
0.0,PFW_diminishing,diminishing,851.0,0.0386962890625,15.627163997777462,0.013544053905485853,9.0,0.5209054665925821
0.0,PFW_diminishing,diminishing,852.0,0.0387420654296875,15.627177671524565,0.019241173768608455,9.0,0.5209059223841522
0.0,PFW_diminishing,diminishing,853.0,0.03878617286682129,15.62716392135178,0.01803969076466494,9.0,0.5209054640450593
0.0,PFW_diminishing,diminishing,854.0,0.03882908821105957,15.627156958131607,0.019193245958478045,9.0,0.5209052319377202
0.0,PFW_diminishing,diminishing,855.0,0.038874149322509766,15.62716384540151,0.013451907168732014,9.0,0.5209054615133837
0.0,PFW_diminishing,diminishing,856.0,0.03891921043395996,15.627156898570544,0.019160825430512674,9.0,0.5209052299523514
0.0,PFW_diminishing,diminishing,857.0,0.03896307945251465,15.627163769962069,0.013425990787924391,9.0,0.5209054589987356
0.0,PFW_diminishing,diminishing,858.0,0.03900718688964844,15.62717714065876,0.01912855609800257,9.0,0.5209059046886254
0.0,PFW_diminishing,diminishing,859.0,0.039051055908203125,15.62716369499236,0.017886484839048755,9.0,0.5209054564997453
0.0,PFW_diminishing,diminishing,860.0,0.03910017013549805,15.627156724703175,0.01908129511728074,9.0,0.5209052241567725
0.0,PFW_diminishing,diminishing,861.0,0.039144277572631836,15.627163620495782,0.013335127505309075,9.0,0.5209054540165261
0.0,PFW_diminishing,diminishing,862.0,0.03918814659118652,15.627176827243265,0.01904932489007205,9.0,0.5209058942414422
0.0,PFW_diminishing,diminishing,863.0,0.03923320770263672,15.627163546514886,0.017795332792835516,9.0,0.5209054515504962
0.0,PFW_diminishing,diminishing,864.0,0.03928017616271973,15.627156553494585,0.019002500839587988,9.0,0.5209052184498195
0.0,PFW_diminishing,diminishing,865.0,0.03932595252990723,15.627163472944769,0.013245105226795673,9.0,0.520905449098159
0.0,PFW_diminishing,diminishing,866.0,0.03937101364135742,15.627156496188178,0.01897082557827101,9.0,0.520905216539606
0.0,PFW_diminishing,diminishing,867.0,0.039414167404174805,15.627163399863338,0.013219784677040991,9.0,0.5209054466621112
0.0,PFW_diminishing,diminishing,868.0,0.039459228515625,15.627176314962387,0.01893929633441971,9.0,0.5209058771654129
0.0,PFW_diminishing,diminishing,869.0,0.0395052433013916,15.627163327274852,0.017645651496454917,9.0,0.5209054442424951
0.0,PFW_diminishing,diminishing,870.0,0.03954935073852539,15.62715632872053,0.018893116289810052,9.0,0.520905210957351
0.0,PFW_diminishing,diminishing,871.0,0.03959226608276367,15.627163255095683,0.013131001876184989,9.0,0.5209054418365228
0.0,PFW_diminishing,diminishing,872.0,0.03963613510131836,15.627156272703015,0.018861875944152118,9.0,0.5209052090901005
0.0,PFW_diminishing,diminishing,873.0,0.03968214988708496,15.627163183392446,0.013106028990098828,9.0,0.5209054394464149
0.0,PFW_diminishing,diminishing,874.0,0.03972625732421875,15.62717581356123,0.018830778622104027,9.0,0.520905860452041
0.0,PFW_diminishing,diminishing,875.0,0.03977012634277344,15.627163112160229,0.017498027184295495,9.0,0.5209054370720076
0.0,PFW_diminishing,diminishing,876.0,0.03981423377990723,15.627156108871509,0.01878522938795424,9.0,0.5209052036290502
0.0,PFW_diminishing,diminishing,877.0,0.039861202239990234,15.627163041335844,0.013018460243400476,9.0,0.5209054347111948
0.0,PFW_diminishing,diminishing,878.0,0.039904117584228516,15.627156054106388,0.018754415061696506,9.0,0.5209052018035463
0.0,PFW_diminishing,diminishing,879.0,0.039948225021362305,15.627162970975057,0.012993827909506095,9.0,0.5209054323658352
0.0,PFW_diminishing,diminishing,880.0,0.03999209403991699,15.627175322739568,0.01872374084649664,9.0,0.5209058440913189
0.0,PFW_diminishing,diminishing,881.0,0.040038347244262695,15.62716290106415,0.017352417744431747,9.0,0.5209054300354716
0.0,PFW_diminishing,diminishing,882.0,0.04008221626281738,15.627155893809837,0.01867880958542134,9.0,0.5209051964603278
0.0,PFW_diminishing,diminishing,883.0,0.04012608528137207,15.627162831559579,0.012907448484003048,9.0,0.5209054277186527
0.0,PFW_diminishing,diminishing,884.0,0.04017019271850586,15.62715584026186,0.018648412623315735,9.0,0.5209051946753953
0.0,PFW_diminishing,diminishing,885.0,0.04021620750427246,15.627162762506668,0.012883149783459835,9.0,0.5209054254168889
0.0,PFW_diminishing,diminishing,886.0,0.04026007652282715,15.62717484220738,0.018618152938252308,9.0,0.5209058280735793
0.0,PFW_diminishing,diminishing,887.0,0.04030418395996094,15.627162693883255,0.017208782206648898,9.0,0.5209054231294419
0.0,PFW_diminishing,diminishing,888.0,0.04034829139709473,15.627155683402519,0.01857382715884981,9.0,0.5209051894467506
0.0,PFW_diminishing,diminishing,889.0,0.04039406776428223,15.627162625664663,0.0127979356135004,9.0,0.5209054208554887
0.0,PFW_diminishing,diminishing,890.0,0.040438175201416016,15.627155631037654,0.0185438391385091,9.0,0.5209051877012552
0.0,PFW_diminishing,diminishing,891.0,0.0404810905456543,15.627162557886177,0.01277396381362017,9.0,0.5209054185962059
0.0,PFW_diminishing,diminishing,892.0,0.04052615165710449,15.62717437168444,0.018513985637132357,9.0,0.5209058123894813
0.0,PFW_diminishing,diminishing,893.0,0.040572166442871094,15.627162490517538,0.017067080704013193,9.0,0.5209054163505846
0.0,PFW_diminishing,diminishing,894.0,0.04061627388000488,15.627155477521104,0.01847025318241524,9.0,0.5209051825840368
0.0,PFW_diminishing,diminishing,895.0,0.040659189224243164,15.627162423552177,0.012689891478466997,9.0,0.5209054141184059
0.0,PFW_diminishing,diminishing,896.0,0.040702104568481445,15.627174093835617,0.01844066590655835,9.0,0.5209058031278538
0.0,PFW_diminishing,diminishing,897.0,0.04074716567993164,15.627162357036227,0.016982735991063258,9.0,0.5209054119012075
0.0,PFW_diminishing,diminishing,898.0,0.04079318046569824,15.627155326271117,0.018397322475515843,9.0,0.5209051775423705
0.0,PFW_diminishing,diminishing,899.0,0.040841102600097656,15.627162290870404,0.012606567841597638,9.0,0.5209054096956801
0.0,PFW_diminishing,diminishing,900.0,0.040884971618652344,15.627155275823835,0.018367997879799702,9.0,0.5209051758607945
0.0,PFW_diminishing,diminishing,901.0,0.04092907905578613,15.627162225126341,0.012583126437130332,9.0,0.5209054075042113
0.0,PFW_diminishing,diminishing,902.0,0.04098320007324219,15.627173639192904,0.01833880336829985,9.0,0.5209057879730968
0.0,PFW_diminishing,diminishing,903.0,0.041030168533325195,15.627162159812498,0.016844171758402027,9.0,0.5209054053270833
0.0,PFW_diminishing,diminishing,904.0,0.041074275970458984,15.627155127765093,0.018296033712532633,9.0,0.5209051709255031
0.0,PFW_diminishing,diminishing,905.0,0.04111814498901367,15.627162094847893,0.012500906973436976,9.0,0.5209054031615964
0.0,PFW_diminishing,diminishing,906.0,0.04116201400756836,15.627155078415461,0.018267096679731587,9.0,0.5209051692805153
0.0,PFW_diminishing,diminishing,907.0,0.04120826721191406,15.627162030294475,0.012477775378923361,9.0,0.5209054010098159
0.0,PFW_diminishing,diminishing,908.0,0.041251182556152344,15.62717319385986,0.018238287163410583,9.0,0.520905773128662
0.0,PFW_diminishing,diminishing,909.0,0.04129624366760254,15.627161966152729,0.016707440372393023,9.0,0.5209053988717576
0.0,PFW_diminishing,diminishing,910.0,0.041341304779052734,15.627154933461757,0.018196079964526213,9.0,0.5209051644487253
0.0,PFW_diminishing,diminishing,911.0,0.04138803482055664,15.627161902359324,0.012396638284908335,9.0,0.5209053967453108
0.0,PFW_diminishing,diminishing,912.0,0.041433095932006836,15.627154885179774,0.018167522861890717,9.0,0.5209051628393258
0.0,PFW_diminishing,diminishing,913.0,0.04147624969482422,15.627161838966847,0.01237381039890284,9.0,0.5209053946322283
0.0,PFW_diminishing,diminishing,914.0,0.041521310806274414,15.627172757588912,0.018139090775156852,9.0,0.5209057585862971
0.0,PFW_diminishing,diminishing,915.0,0.041567087173461914,15.627161775968144,0.016572505706731633,9.0,0.5209053925322714
0.0,PFW_diminishing,diminishing,916.0,0.041610002517700195,15.627154743247766,0.018097435010521856,9.0,0.5209051581082589
0.0,PFW_diminishing,diminishing,917.0,0.041654109954833984,15.627161713316855,0.012293734441366055,9.0,0.5209053904438952
0.0,PFW_diminishing,diminishing,918.0,0.04169917106628418,15.627154696004432,0.01806925040443197,9.0,0.520905156533481
0.0,PFW_diminishing,diminishing,919.0,0.04174518585205078,15.627161651056559,0.012271204321587348,9.0,0.5209053883685519
0.0,PFW_diminishing,diminishing,920.0,0.04178929328918457,15.627172330140597,0.01804118837861335,9.0,0.52090574433802
0.0,PFW_diminishing,diminishing,921.0,0.04183220863342285,15.627161589172763,0.016439332578338295,9.0,0.5209053863057588
0.0,PFW_diminishing,diminishing,922.0,0.041877031326293945,15.627154557013517,0.018000073311729814,9.0,0.5209051519004506
0.0,PFW_diminishing,diminishing,923.0,0.04192209243774414,15.627161527635417,0.012192168819099791,9.0,0.5209053842545139
0.0,PFW_diminishing,diminishing,924.0,0.04196619987487793,15.627154510780784,0.01797225396122748,9.0,0.5209051503593595
0.0,PFW_diminishing,diminishing,925.0,0.04201030731201172,15.627161466479448,0.01216993067727934,9.0,0.5209053822159816
0.0,PFW_diminishing,diminishing,926.0,0.042055368423461914,15.627171911283261,0.017944554818237535,9.0,0.5209057303761087
0.0,PFW_diminishing,diminishing,927.0,0.042101144790649414,15.627161405683287,0.016307886716757203,9.0,0.5209053801894429
0.0,PFW_diminishing,diminishing,928.0,0.04214620590209961,15.627154374652994,0.01790396998953625,9.0,0.5209051458217665
0.0,PFW_diminishing,diminishing,929.0,0.042191267013549805,15.627161345232594,0.012091915482392857,9.0,0.5209053781744198
0.0,PFW_diminishing,diminishing,930.0,0.042236328125,15.627154329403739,0.01787650884014802,9.0,0.5209051443134579
0.0,PFW_diminishing,diminishing,931.0,0.0422821044921875,15.62716128515396,0.012069963679323337,9.0,0.5209053761717987
0.0,PFW_diminishing,diminishing,932.0,0.0423281192779541,15.627171500792732,0.017849165586341975,9.0,0.520905716693091
0.0,PFW_diminishing,diminishing,933.0,0.0423731803894043,15.627161225419018,0.016178134734754046,9.0,0.5209053741806339
0.0,PFW_diminishing,diminishing,934.0,0.042417287826538086,15.627154196063648,0.017809100804307754,9.0,0.5209051398687883
0.0,PFW_diminishing,diminishing,935.0,0.042461395263671875,15.627161166028523,0.011992949161405697,9.0,0.5209053722009508
0.0,PFW_diminishing,diminishing,936.0,0.042507171630859375,15.62717125834884,0.017781990982030038,9.0,0.520905708611628
0.0,PFW_diminishing,diminishing,937.0,0.042550086975097656,15.627161107015201,0.016100865621504923,9.0,0.5209053702338401
0.0,PFW_diminishing,diminishing,938.0,0.042594194412231445,15.627154064616011,0.01774226742115559,9.0,0.5209051354872004
0.0,PFW_diminishing,diminishing,939.0,0.04263806343078613,15.627161048301868,0.011916591252718156,9.0,0.520905368276729
0.0,PFW_diminishing,diminishing,940.0,0.042687177658081055,15.627154020963339,0.017715388053900938,9.0,0.5209051340321112
0.0,PFW_diminishing,diminishing,941.0,0.04273724555969238,15.627160989945759,0.011895104569792814,9.0,0.5209053663315253
0.0,PFW_diminishing,diminishing,942.0,0.04278206825256348,15.627170861152461,0.017688622859141745,9.0,0.5209056953717487
0.0,PFW_diminishing,diminishing,943.0,0.042826175689697266,15.627160931951037,0.015973864544390537,9.0,0.5209053643983679
0.0,PFW_diminishing,diminishing,944.0,0.04287004470825195,15.627153892182092,0.017649402930991265,9.0,0.5209051297394031
0.0,PFW_diminishing,diminishing,945.0,0.04292416572570801,15.627160874255816,0.011819715722589663,9.0,0.5209053624751939
0.0,PFW_diminishing,diminishing,946.0,0.042973995208740234,15.62715384944463,0.01762286382022893,9.0,0.520905128314821
0.0,PFW_diminishing,diminishing,947.0,0.043020009994506836,15.62716081690924,0.011798501033176478,9.0,0.5209053605636413
0.0,PFW_diminishing,diminishing,948.0,0.04306316375732422,15.62717047176179,0.017596436723026798,9.0,0.5209056823920597
0.0,PFW_diminishing,diminishing,949.0,0.043108224868774414,15.627160759908811,0.015848472425001425,9.0,0.5209053586636271
0.0,PFW_diminishing,diminishing,950.0,0.043154239654541016,15.627153723260651,0.01755771091006242,9.0,0.5209051241086884
0.0,PFW_diminishing,diminishing,951.0,0.0431981086730957,15.627146885699732,0.01173613846313959,9.0,0.520904896189991
0.0,PFW_diminishing,diminishing,952.0,0.043241024017333984,15.62717449733757,0.0123908680103888,9.0,0.520905816577919
0.0,PFW_diminishing,diminishing,953.0,0.04328608512878418,15.627146848300264,0.019290152267917193,9.0,0.5209048949433421
0.0,PFW_diminishing,diminishing,954.0,0.04334115982055664,15.627174402311754,0.012352504340514159,9.0,0.5209058134103918
0.0,PFW_diminishing,diminishing,955.0,0.04338717460632324,15.627146811195185,0.01926497534185856,9.0,0.5209048937065062
0.0,PFW_diminishing,diminishing,956.0,0.043430328369140625,15.627174307820072,0.012314301212790646,9.0,0.5209058102606691
0.0,PFW_diminishing,diminishing,957.0,0.04347419738769531,15.627146774381789,0.01923990375888618,9.0,0.520904892479393
0.0,PFW_diminishing,diminishing,958.0,0.04352307319641113,15.627174213858325,0.012276257621585351,9.0,0.5209058071286108
0.0,PFW_diminishing,diminishing,959.0,0.043569326400756836,15.627146737857407,0.019214936859234477,9.0,0.5209048912619135
0.0,PFW_diminishing,diminishing,960.0,0.04361319541931152,15.627174120422373,0.01223837256963467,9.0,0.520905804014079
0.0,PFW_diminishing,diminishing,961.0,0.04365706443786621,15.627146701619385,0.019190073988640144,9.0,0.5209048900539794
0.0,PFW_diminishing,diminishing,962.0,0.043701171875,15.627174027508087,0.012200645068007887,9.0,0.5209058009169362
0.0,PFW_diminishing,diminishing,963.0,0.0437471866607666,15.627146665665117,0.019165314498264863,9.0,0.5209048888555039
0.0,PFW_diminishing,diminishing,964.0,0.04379129409790039,15.627173935111413,0.01216307413592066,9.0,0.5209057978370472
0.0,PFW_diminishing,diminishing,965.0,0.04383420944213867,15.62714662999202,0.01914065774467577,9.0,0.5209048876664006
0.0,PFW_diminishing,diminishing,966.0,0.04387831687927246,15.627173843228311,0.012125658800768768,9.0,0.520905794774277
0.0,PFW_diminishing,diminishing,967.0,0.04393124580383301,15.627146594597525,0.019116103089754866,9.0,0.5209048864865842
0.0,PFW_diminishing,diminishing,968.0,0.04397702217102051,15.627173751854803,0.012088398097959363,9.0,0.5209057917284935
0.0,PFW_diminishing,diminishing,969.0,0.04402422904968262,15.627146559479106,0.01909164990066259,9.0,0.5209048853159702
0.0,PFW_diminishing,diminishing,970.0,0.04407024383544922,15.627173660986925,0.012051291070861225,9.0,0.5209057886995642
0.0,PFW_diminishing,diminishing,971.0,0.04411435127258301,15.62714652463426,0.01906729754977743,9.0,0.5209048841544753
0.0,PFW_diminishing,diminishing,972.0,0.0441591739654541,15.627173570620782,0.01201433677070618,9.0,0.5209057856873593
0.0,PFW_diminishing,diminishing,973.0,0.044207096099853516,15.627146490060511,0.01904304541464441,9.0,0.520904883002017
0.0,PFW_diminishing,diminishing,974.0,0.0442502498626709,15.627173480752486,0.011977534256553568,9.0,0.5209057826917495
0.0,PFW_diminishing,diminishing,975.0,0.04429435729980469,15.627146455755405,0.019018892877913807,9.0,0.5209048818585135
0.0,PFW_diminishing,diminishing,976.0,0.044341087341308594,15.62717339137821,0.011940882595136593,9.0,0.520905779712607
0.0,PFW_diminishing,diminishing,977.0,0.044387102127075195,15.627146421716528,0.01899483932731183,9.0,0.5209048807238843
0.0,PFW_diminishing,diminishing,978.0,0.04443025588989258,15.627173302494166,0.011904380860849884,9.0,0.5209057767498055
0.0,PFW_diminishing,diminishing,979.0,0.044474124908447266,15.627146387941481,0.01897088415556425,9.0,0.5209048795980494
0.0,PFW_diminishing,diminishing,980.0,0.044518232345581055,15.627173214096583,0.011868028135639364,9.0,0.5209057738032195
0.0,PFW_diminishing,diminishing,981.0,0.044564008712768555,15.627146354427884,0.018947026760343988,9.0,0.5209048784809295
0.0,PFW_diminishing,diminishing,982.0,0.044608116149902344,15.627173126181743,0.01183182350891876,9.0,0.5209057708727248
0.0,PFW_diminishing,diminishing,983.0,0.04465222358703613,15.6271463211734,0.018923266544248918,9.0,0.5209048773724467
0.0,PFW_diminishing,diminishing,984.0,0.04469609260559082,15.627173038745957,0.011795766077529635,9.0,0.5209057679581985
0.0,PFW_diminishing,diminishing,985.0,0.04474234580993652,15.627146288175698,0.0188996029147237,9.0,0.5209048762725232
0.0,PFW_diminishing,diminishing,986.0,0.044785261154174805,15.627172951785578,0.011759854945619708,9.0,0.5209057650595192
0.0,PFW_diminishing,diminishing,987.0,0.044829368591308594,15.627146255432498,0.018876035284018045,9.0,0.5209048751810833
0.0,PFW_diminishing,diminishing,988.0,0.04487299919128418,15.62717286529699,0.011724089224607326,9.0,0.5209057621765664
0.0,PFW_diminishing,diminishing,989.0,0.04491925239562988,15.627146222941517,0.018852563069152062,9.0,0.5209048740980505
0.0,PFW_diminishing,diminishing,990.0,0.04496312141418457,15.627172779276608,0.011688468033069555,9.0,0.5209057593092202
0.0,PFW_diminishing,diminishing,991.0,0.04500722885131836,15.627146190700515,0.01882918569184433,9.0,0.5209048730233505
0.0,PFW_diminishing,diminishing,992.0,0.04505014419555664,15.627172693720894,0.011652990496733295,9.0,0.5209057564573631
0.0,PFW_diminishing,diminishing,993.0,0.045096397399902344,15.627146158707262,0.01880590257848258,9.0,0.5209048719569087
0.0,PFW_diminishing,diminishing,994.0,0.04514002799987793,15.627172608626337,0.011617655748326072,9.0,0.5209057536208779
0.0,PFW_diminishing,diminishing,995.0,0.04518413543701172,15.627146126959563,0.01878271316007396,9.0,0.5209048708986521
0.0,PFW_diminishing,diminishing,996.0,0.04522824287414551,15.627172523989456,0.011582462927539616,9.0,0.5209057507996485
0.0,PFW_diminishing,diminishing,997.0,0.04527425765991211,15.627146095455235,0.018759616872189966,9.0,0.5209048698485078
0.0,PFW_diminishing,diminishing,998.0,0.04531717300415039,15.627172439806808,0.011547411181014766,9.0,0.5209057479935603
0.0,PFW_diminishing,diminishing,999.0,0.04536128044128418,15.62714606419213,0.018736613154931803,9.0,0.5209048688064043
0.0,PFW_exact,exact,0.0,8.106231689453125e-05,16.484849442471486,10.73971096916316,2.0,0.5494949814157162
0.0,PFW_exact,exact,1.0,0.0001418590545654297,16.190117600250332,4.048212016133745,3.0,0.5396705866750111
0.0,PFW_exact,exact,2.0,0.0002009868621826172,15.775275577640537,2.870221305098841,4.0,0.5258425192546846
0.0,PFW_exact,exact,3.0,0.0002598762512207031,15.74080146243068,1.08373662743253,5.0,0.5246933820810227
0.0,PFW_exact,exact,4.0,0.0003190040588378906,15.720142228096185,0.7455601983425684,6.0,0.5240047409365395
0.0,PFW_exact,exact,5.0,0.00037407875061035156,15.709011621483981,0.43589463731254163,7.0,0.5236337207161327
0.0,PFW_exact,exact,6.0,0.00042819976806640625,15.701278632587842,0.42563832272249336,8.0,0.5233759544195947
0.0,PFW_exact,exact,7.0,0.0004818439483642578,15.695601755450687,0.3803011750687979,8.0,0.5231867251816895
0.0,PFW_exact,exact,8.0,0.0005369186401367188,15.691434293882708,0.31043977080929874,8.0,0.5230478097960902
0.0,PFW_exact,exact,9.0,0.0005910396575927734,15.686674618866926,0.3536202889720945,8.0,0.5228891539622309
0.0,PFW_exact,exact,10.0,0.0006449222564697266,15.684340503958001,0.15317819731878135,8.0,0.5228113501319334
0.0,PFW_exact,exact,11.0,0.0006990432739257812,15.680903944448131,0.2508269836814945,8.0,0.5226967981482711
0.0,PFW_exact,exact,12.0,0.0007541179656982422,15.678851317084394,0.12584870765037692,8.0,0.5226283772361465
0.0,PFW_exact,exact,13.0,0.0008091926574707031,15.675597548286767,0.2339525931610904,8.0,0.5225199182762256
0.0,PFW_exact,exact,14.0,0.0008640289306640625,15.673208918748447,0.12504193050599355,8.0,0.5224402972916149
0.0,PFW_exact,exact,15.0,0.0009171962738037109,15.671671404411219,0.21737417384818603,8.0,0.5223890468137073
0.0,PFW_exact,exact,16.0,0.0009729862213134766,15.670336367271242,0.08895285870486358,9.0,0.5223445455757081
0.0,PFW_exact,exact,17.0,0.0010280609130859375,15.631612112442376,0.1948400782090145,8.0,0.5210537370814126
0.0,PFW_exact,exact,18.0,0.0010819435119628906,15.62965216867958,0.17285908211662093,8.0,0.5209884056226527
0.0,PFW_exact,exact,19.0,0.0011370182037353516,15.628440351841052,0.1343128805964371,8.0,0.5209480117280351
0.0,PFW_exact,exact,20.0,0.0011899471282958984,15.627978554369637,0.07343154545326058,8.0,0.5209326184789879
0.0,PFW_exact,exact,21.0,0.0012450218200683594,15.627728439553772,0.06882110507359052,9.0,0.520924281318459
0.0,PFW_exact,exact,22.0,0.001299142837524414,15.627471383059003,0.05013143945434262,9.0,0.5209157127686335
0.0,PFW_exact,exact,23.0,0.0013539791107177734,15.627370151686648,0.03716870933394656,9.0,0.520912338389555
0.0,PFW_exact,exact,24.0,0.0014081001281738281,15.627305901004155,0.026237295695524132,9.0,0.5209101967001385
0.0,PFW_exact,exact,25.0,0.001463174819946289,15.627261248823858,0.032000660749462284,9.0,0.5209087082941286
0.0,PFW_exact,exact,26.0,0.0015168190002441406,15.627215768138544,0.024395305655895427,9.0,0.5209071922712848
0.0,PFW_exact,exact,27.0,0.0015718936920166016,15.627180449906986,0.023547431000361385,9.0,0.5209060149968995
0.0,PFW_exact,exact,28.0,0.0016260147094726562,15.627163369028121,0.014364791684463363,9.0,0.5209054456342707
0.0,PFW_exact,exact,29.0,0.0016810894012451172,15.62715327600724,0.012038872326830763,9.0,0.5209051092002414
0.0,PFW_exact,exact,30.0,0.0017199516296386719,15.62715327600724,0.007333429587852436,9.0,0.5209051092002414
