run,algorithm,step_size,iter,time,loss,gap,spars,mse
0.0,FW_diminishing,diminishing,0.0,5.4836273193359375e-05,41.757934275791364,55.74206572420866,1.0,1.3919311425263787
0.0,FW_diminishing,diminishing,1.0,9.489059448242188e-05,56.0806885747362,158.5158685515828,1.0,1.86935628582454
0.0,FW_diminishing,diminishing,2.0,0.0001251697540283203,18.919311425263782,134.32275429894494,1.0,0.6306437141754594
0.0,FW_diminishing,diminishing,3.0,0.000148773193359375,13.652538968867333,39.3805100569619,2.0,0.4550846322955778
0.0,FW_diminishing,diminishing,4.0,0.00017404556274414062,10.899436106366704,36.40259873221342,3.0,0.3633145368788901
0.0,FW_diminishing,diminishing,5.0,0.00019812583923339844,11.231184077816188,22.59277257183427,4.0,0.37437280259387296
0.0,FW_diminishing,diminishing,6.0,0.00022101402282714844,8.654197835975474,25.56682328302775,5.0,0.28847326119918243
0.0,FW_diminishing,diminishing,7.0,0.0002448558807373047,6.420920102625059,22.808283370155138,6.0,0.21403067008750198
0.0,FW_diminishing,diminishing,8.0,0.00026679039001464844,6.760414689747938,14.868943306933105,7.0,0.22534715632493127
0.0,FW_diminishing,diminishing,9.0,0.00028896331787109375,6.01405271782981,13.128077887099556,7.0,0.20046842392766034
0.0,FW_diminishing,diminishing,10.0,0.0003108978271484375,5.398472842758206,13.691926418191011,8.0,0.17994909475860688
0.0,FW_diminishing,diminishing,11.0,0.00033283233642578125,4.958763594368167,11.266310240299674,9.0,0.16529211981227224
0.0,FW_diminishing,diminishing,12.0,0.0003559589385986328,4.692650587551005,9.55870837270379,10.0,0.15642168625170016
0.0,FW_diminishing,diminishing,13.0,0.00037789344787597656,4.938827104734094,9.345531265740338,11.0,0.16462757015780313
0.0,FW_diminishing,diminishing,14.0,0.0004010200500488281,4.703379863185172,7.627015983652793,11.0,0.15677932877283907
0.0,FW_diminishing,diminishing,15.0,0.0004241466522216797,4.442934066019719,9.684644158879982,12.0,0.1480978022006573
0.0,FW_diminishing,diminishing,16.0,0.0004458427429199219,4.480837630211715,6.035089316864601,13.0,0.1493612543403905
0.0,FW_diminishing,diminishing,17.0,0.0004699230194091797,4.316728592711962,6.709397301363419,13.0,0.14389095309039873
0.0,FW_diminishing,diminishing,18.0,0.0004918575286865234,4.330189073038551,7.357577695683794,14.0,0.1443396357679517
0.0,FW_diminishing,diminishing,19.0,0.000514984130859375,4.077405323156866,7.031424724483124,14.0,0.13591351077189553
0.0,FW_diminishing,diminishing,20.0,0.0005369186401367188,3.8508020951668547,7.004145932108251,14.0,0.12836006983889517
0.0,FW_diminishing,diminishing,21.0,0.00055694580078125,3.832250120085916,4.194714228579572,15.0,0.12774167066953054
0.0,FW_diminishing,diminishing,22.0,0.0005788803100585938,3.7660980084691205,5.880065437627023,16.0,0.125536600282304
0.0,FW_diminishing,diminishing,23.0,0.0006020069122314453,3.8530444820277663,3.7085681193509465,17.0,0.12843481606759222
0.0,FW_diminishing,diminishing,24.0,0.0006229877471923828,3.833882719258616,3.5537174130942635,17.0,0.12779609064195385
0.0,FW_diminishing,diminishing,25.0,0.0006449222564697266,3.7120868739648727,5.6540975513386424,17.0,0.12373622913216242
0.0,FW_diminishing,diminishing,26.0,0.0006670951843261719,3.7777837413982214,3.511449922004495,18.0,0.12592612471327405
0.0,FW_diminishing,diminishing,27.0,0.0006890296936035156,3.748336923635767,3.3831648314318876,18.0,0.12494456412119223
0.0,FW_diminishing,diminishing,28.0,0.0007121562957763672,3.7537151157667994,4.414876704667478,19.0,0.12512383719222664
0.0,FW_diminishing,diminishing,29.0,0.0007338523864746094,3.702383265409879,4.138033947098833,20.0,0.12341277551366264
0.0,FW_diminishing,diminishing,30.0,0.0007557868957519531,3.768819345710339,2.8701669154075535,21.0,0.12562731152367798
0.0,FW_diminishing,diminishing,31.0,0.0007789134979248047,3.6678113669950085,4.415974553476291,22.0,0.12226037889983361
0.0,FW_diminishing,diminishing,32.0,0.0008008480072021484,3.7109271125926813,3.0800568653171165,23.0,0.12369757041975604
0.0,FW_diminishing,diminishing,33.0,0.0008230209350585938,3.627498904543756,4.043210129408502,24.0,0.12091663015145854
0.0,FW_diminishing,diminishing,34.0,0.0008449554443359375,3.6340949333886097,2.5306383040971223,24.0,0.12113649777962032
0.0,FW_diminishing,diminishing,35.0,0.0008668899536132812,3.5560552231340457,3.790532081851893,24.0,0.11853517410446819
0.0,FW_diminishing,diminishing,36.0,0.0008900165557861328,3.4959519437672184,3.914113218583209,24.0,0.11653173145890729
0.0,FW_diminishing,diminishing,37.0,0.0009131431579589844,3.5063815456637917,2.678795425512451,25.0,0.11687938485545972
0.0,FW_diminishing,diminishing,38.0,0.0009341239929199219,3.498869239290389,2.345857350627698,25.0,0.11662897464301296
0.0,FW_diminishing,diminishing,39.0,0.0009560585021972656,3.46533688358019,2.938101400275313,25.0,0.115511229452673
0.0,FW_diminishing,diminishing,40.0,0.0009791851043701172,3.430107932796793,4.197580314921142,25.0,0.11433693109322644
0.0,FW_diminishing,diminishing,41.0,0.0010018348693847656,3.397429500842387,3.2429347258151218,26.0,0.11324765002807956
0.0,FW_diminishing,diminishing,42.0,0.0010237693786621094,3.400914927929253,2.0472824203830733,27.0,0.1133638309309751
0.0,FW_diminishing,diminishing,43.0,0.0010459423065185547,3.4193644195240673,1.5794839074252778,27.0,0.11397881398413558
0.0,FW_diminishing,diminishing,44.0,0.0010700225830078125,3.361021180233386,3.213796577109978,27.0,0.11203403934111286
0.0,FW_diminishing,diminishing,45.0,0.0010919570922851562,3.3951801011239175,2.2069195841997917,27.0,0.11317267003746392
0.0,FW_diminishing,diminishing,46.0,0.0011138916015625,3.378139837478808,2.3095602528655377,27.0,0.11260466124929361
0.0,FW_diminishing,diminishing,47.0,0.001161813735961914,3.3894665949504357,1.4077570009084646,27.0,0.11298221983168119
0.0,FW_diminishing,diminishing,48.0,0.001188039779663086,3.393141327673006,2.862411810911375,27.0,0.11310471092243353
0.0,FW_diminishing,diminishing,49.0,0.0012099742889404297,3.395066257999043,1.801658618275459,27.0,0.11316887526663476
0.0,FW_diminishing,diminishing,50.0,0.0012319087982177734,3.383897741922805,1.8965666456284271,27.0,0.11279659139742684
0.0,FW_diminishing,diminishing,51.0,0.0012540817260742188,3.3432891628441648,3.0371092636179977,27.0,0.1114429720948055
0.0,FW_diminishing,diminishing,52.0,0.0012760162353515625,3.3372498776817605,1.935801008349923,27.0,0.11124166258939201
0.0,FW_diminishing,diminishing,53.0,0.001299142837524414,3.342578612996892,1.8274238241788225,27.0,0.1114192870998964
0.0,FW_diminishing,diminishing,54.0,0.0013208389282226562,3.362473243366721,1.6600946196480688,27.0,0.11208244144555737
0.0,FW_diminishing,diminishing,55.0,0.0013439655303955078,3.3727003869542025,1.504366443277318,28.0,0.11242334623180675
0.0,FW_diminishing,diminishing,56.0,0.0013659000396728516,3.3735760944383375,1.7215585330391292,28.0,0.11245253648127791
0.0,FW_diminishing,diminishing,57.0,0.0013890266418457031,3.331307973113754,2.690160421735186,28.0,0.11104359910379179
0.0,FW_diminishing,diminishing,58.0,0.0014119148254394531,3.341363118060424,1.690132743385531,29.0,0.11137877060201413
0.0,FW_diminishing,diminishing,59.0,0.0014340877532958984,3.3294740023650915,1.7827963488261727,29.0,0.11098246674550305
0.0,FW_diminishing,diminishing,60.0,0.0014560222625732422,3.316690230220289,1.924706481623934,29.0,0.11055634100734296
0.0,FW_diminishing,diminishing,61.0,0.0014770030975341797,3.3050503372382183,1.6882724299151306,29.0,0.11016834457460728
0.0,FW_diminishing,diminishing,62.0,0.001497030258178711,3.3291058245687317,1.3043050494243786,30.0,0.11097019415229106
0.0,FW_diminishing,diminishing,63.0,0.001519918441772461,3.3367086469234115,1.2363555180760688,31.0,0.11122362156411372
0.0,FW_diminishing,diminishing,64.0,0.0015420913696289062,3.327023404412355,1.8289723728980292,32.0,0.11090078014707849
0.0,FW_diminishing,diminishing,65.0,0.0015649795532226562,3.3245147203849768,1.3153127008149266,32.0,0.11081715734616589
0.0,FW_diminishing,diminishing,66.0,0.0015869140625,3.3299512079315963,1.594800834929794,32.0,0.11099837359771987
0.0,FW_diminishing,diminishing,67.0,0.0016088485717773438,3.345457196336061,1.263789367095713,33.0,0.1115152398778687
0.0,FW_diminishing,diminishing,68.0,0.0016319751739501953,3.347915700328792,1.262186820856435,33.0,0.11159719001095973
0.0,FW_diminishing,diminishing,69.0,0.001653909683227539,3.346440682484776,1.370911274131002,33.0,0.11154802274949253
0.0,FW_diminishing,diminishing,70.0,0.0016748905181884766,3.3245734007309644,1.9500820571893431,33.0,0.11081911335769881
0.0,FW_diminishing,diminishing,71.0,0.001695871353149414,3.3253613553415424,1.350379813395305,33.0,0.11084537851138475
0.0,FW_diminishing,diminishing,72.0,0.0017178058624267578,3.335371855427064,1.3438732143715342,33.0,0.1111790618475688
0.0,FW_diminishing,diminishing,73.0,0.0017399787902832031,3.328309343498392,1.7840352809273892,33.0,0.11094364478327973
0.0,FW_diminishing,diminishing,74.0,0.0017628669738769531,3.3098169606774435,1.8009191075979416,33.0,0.11032723202258145
0.0,FW_diminishing,diminishing,75.0,0.0017850399017333984,3.3240636958430168,1.0489462238291019,33.0,0.11080212319476722
0.0,FW_diminishing,diminishing,76.0,0.0018079280853271484,3.320319211101766,1.291346622448632,33.0,0.11067730703672553
0.0,FW_diminishing,diminishing,77.0,0.0018301010131835938,3.3112872017467176,2.146827253808757,33.0,0.11037624005822393
0.0,FW_diminishing,diminishing,78.0,0.0018529891967773438,3.3019320616467978,1.4454856327556342,33.0,0.11006440205489326
0.0,FW_diminishing,diminishing,79.0,0.0018739700317382812,3.3064926423594603,0.9621022492236921,33.0,0.11021642141198201
0.0,FW_diminishing,diminishing,80.0,0.0018949508666992188,3.291683772370967,1.621163333486777,33.0,0.10972279241236557
0.0,FW_diminishing,diminishing,81.0,0.001917123794555664,3.281098736731271,1.5808473859058925,34.0,0.10936995789104237
0.0,FW_diminishing,diminishing,82.0,0.0019390583038330078,3.2984477430364487,1.1073484645694744,34.0,0.10994825810121496
0.0,FW_diminishing,diminishing,83.0,0.00196075439453125,3.289160356241664,1.5120089434118853,34.0,0.1096386785413888
0.0,FW_diminishing,diminishing,84.0,0.0019829273223876953,3.2900559692368425,1.1278014409971178,34.0,0.10966853230789475
0.0,FW_diminishing,diminishing,85.0,0.002003192901611328,3.2803250881277024,1.3737063374283967,34.0,0.10934416960425675
0.0,FW_diminishing,diminishing,86.0,0.0020248889923095703,3.282395143792296,1.191466264065138,34.0,0.1094131714597432
0.0,FW_diminishing,diminishing,87.0,0.002045869827270508,3.2768427653510037,1.2988084065403172,34.0,0.10922809217836679
0.0,FW_diminishing,diminishing,88.0,0.0020678043365478516,3.278098182979945,0.8509148197094571,34.0,0.10926993943266483
0.0,FW_diminishing,diminishing,89.0,0.0020880699157714844,3.2705350569331895,1.3276255634329104,34.0,0.10901783523110632
0.0,FW_diminishing,diminishing,90.0,0.0021097660064697266,3.263495515302809,1.8556913537661313,34.0,0.10878318384342697
0.0,FW_diminishing,diminishing,91.0,0.0021309852600097656,3.263360069088991,1.1609496782640143,34.0,0.10877866896963304
0.0,FW_diminishing,diminishing,92.0,0.0021538734436035156,3.2572781528632166,1.1966434436194895,34.0,0.10857593842877389
0.0,FW_diminishing,diminishing,93.0,0.0021779537200927734,3.2520097116959596,1.1898820707141802,34.0,0.10840032372319866
0.0,FW_diminishing,diminishing,94.0,0.002198934555053711,3.241867892315582,1.3869678893387931,34.0,0.10806226307718607
0.0,FW_diminishing,diminishing,95.0,0.0022199153900146484,3.2495187292955596,0.9299078423437432,34.0,0.10831729097651865
0.0,FW_diminishing,diminishing,96.0,0.002241849899291992,3.250747936234939,0.8024199610124363,34.0,0.10835826454116464
0.0,FW_diminishing,diminishing,97.0,0.0022628307342529297,3.259335347496981,0.5572070743106678,34.0,0.1086445115832327
0.0,FW_diminishing,diminishing,98.0,0.0022859573364257812,3.262994409999197,0.9104598333445217,34.0,0.10876648033330658
0.0,FW_diminishing,diminishing,99.0,0.002307891845703125,3.2588227380734565,1.0595668803404088,34.0,0.10862742460244855
0.0,FW_diminishing,diminishing,100.0,0.0023279190063476562,3.253552560910431,1.184687429657684,34.0,0.1084517520303477
0.0,FW_diminishing,diminishing,101.0,0.002349853515625,3.2560580327115494,1.2273719948732413,34.0,0.10853526775705165
0.0,FW_diminishing,diminishing,102.0,0.002371072769165039,3.2496811790861146,1.189937808390404,34.0,0.10832270596953715
0.0,FW_diminishing,diminishing,103.0,0.002393960952758789,3.2493326756053937,0.7955378072004748,34.0,0.10831108918684645
0.0,FW_diminishing,diminishing,104.0,0.002415895462036133,3.2511439833304867,0.9650712718113539,34.0,0.10837146611101622
0.0,FW_diminishing,diminishing,105.0,0.002438068389892578,3.2507280209299547,0.9571857848342393,34.0,0.10835760069766516
0.0,FW_diminishing,diminishing,106.0,0.0024590492248535156,3.2528092711236365,0.9613691579221548,35.0,0.10842697570412121
0.0,FW_diminishing,diminishing,107.0,0.0024809837341308594,3.253787916851725,0.909252951329039,35.0,0.10845959722839084
0.0,FW_diminishing,diminishing,108.0,0.0025031566619873047,3.2576924621922583,0.9018052959532668,35.0,0.10858974873974195
0.0,FW_diminishing,diminishing,109.0,0.002525806427001953,3.262508837603506,0.6278803024498565,35.0,0.10875029458678354
0.0,FW_diminishing,diminishing,110.0,0.002547740936279297,3.257671115875904,1.0030527642059859,35.0,0.10858903719586348
0.0,FW_diminishing,diminishing,111.0,0.0026879310607910156,3.2556763923678664,0.9624283019595374,35.0,0.10852254641226221
0.0,FW_diminishing,diminishing,112.0,0.0027208328247070312,3.256107146601776,0.7934058637991903,35.0,0.10853690488672588
0.0,FW_diminishing,diminishing,113.0,0.002830028533935547,3.2602384043910932,0.9728477464423761,35.0,0.10867461347970311
0.0,FW_diminishing,diminishing,114.0,0.0028808116912841797,3.2549908381803254,1.1083866271676968,35.0,0.10849969460601085
0.0,FW_diminishing,diminishing,115.0,0.002902984619140625,3.2470782720134137,1.166662682742654,35.0,0.10823594240044712
0.0,FW_diminishing,diminishing,116.0,0.002925872802734375,3.240116811686272,1.1669937790382505,35.0,0.10800389372287574
0.0,FW_diminishing,diminishing,117.0,0.0029480457305908203,3.2423012994823326,0.6342488428587636,35.0,0.10807670998274442
0.0,FW_diminishing,diminishing,118.0,0.00296783447265625,3.2411175726112744,0.7778495079521566,35.0,0.10803725242037582
0.0,FW_diminishing,diminishing,119.0,0.0029900074005126953,3.240846070543294,0.9536086341660148,35.0,0.10802820235144314
0.0,FW_diminishing,diminishing,120.0,0.0030128955841064453,3.2480010656769185,0.6150353509284141,35.0,0.10826670218923061
0.0,FW_diminishing,diminishing,121.0,0.0030350685119628906,3.2477103684127115,0.6795174246784335,35.0,0.10825701228042371
0.0,FW_diminishing,diminishing,122.0,0.0030570030212402344,3.239347274080324,1.2393425951267414,35.0,0.10797824246934414
0.0,FW_diminishing,diminishing,123.0,0.003077983856201172,3.2479098873219456,0.5722588721521831,35.0,0.10826366291073151
0.0,FW_diminishing,diminishing,124.0,0.003100156784057617,3.245277754679325,0.8693370746563183,35.0,0.1081759251559775
0.0,FW_diminishing,diminishing,125.0,0.003122091293334961,3.244275061414149,0.7049143631199453,35.0,0.1081425020471383
0.0,FW_diminishing,diminishing,126.0,0.003142118453979492,3.2404310066187976,1.1863253215445333,35.0,0.10801436688729325
0.0,FW_diminishing,diminishing,127.0,0.003164052963256836,3.2406025256940443,0.6533513315178858,35.0,0.10802008418980148
0.0,FW_diminishing,diminishing,128.0,0.003186941146850586,3.249919322748263,0.5731556691663222,35.0,0.10833064409160877
0.0,FW_diminishing,diminishing,129.0,0.003209829330444336,3.248780906471899,0.9326383459922898,35.0,0.10829269688239664
0.0,FW_diminishing,diminishing,130.0,0.0032308101654052734,3.241791195737289,1.0839648397640218,35.0,0.1080597065245763
0.0,FW_diminishing,diminishing,131.0,0.003251791000366211,3.2339708623078063,1.2771677499084149,35.0,0.10779902874359354
0.0,FW_diminishing,diminishing,132.0,0.0032739639282226562,3.2341843476951446,0.6756538886948107,35.0,0.10780614492317149
0.0,FW_diminishing,diminishing,133.0,0.0032958984375,3.2303738252083063,0.862959763370446,35.0,0.10767912750694354
0.0,FW_diminishing,diminishing,134.0,0.0033178329467773438,3.2283305433598133,0.8254281599002518,35.0,0.10761101811199378
0.0,FW_diminishing,diminishing,135.0,0.003340005874633789,3.230837014318613,0.6045113837141329,35.0,0.10769456714395377
0.0,FW_diminishing,diminishing,136.0,0.003361940383911133,3.2318668712191942,0.6496885821796639,35.0,0.10772889570730647
0.0,FW_diminishing,diminishing,137.0,0.0033838748931884766,3.227483376988939,0.893442652053233,35.0,0.10758277923296464
0.0,FW_diminishing,diminishing,138.0,0.003406047821044922,3.225839331922304,0.7203238113386874,35.0,0.10752797773074346
0.0,FW_diminishing,diminishing,139.0,0.0034279823303222656,3.2250190006501613,0.7141996488254989,35.0,0.10750063335500538
0.0,FW_diminishing,diminishing,140.0,0.0034499168395996094,3.2264862590812537,0.7826814705429843,35.0,0.10754954196937512
0.0,FW_diminishing,diminishing,141.0,0.0034720897674560547,3.22356805698992,0.8647314734594342,35.0,0.10745226856633067
0.0,FW_diminishing,diminishing,142.0,0.003493070602416992,3.226249277110803,0.39365824640252356,35.0,0.1075416425703601
0.0,FW_diminishing,diminishing,143.0,0.003515005111694336,3.2226678161296602,0.921728542113545,35.0,0.10742226053765534
0.0,FW_diminishing,diminishing,144.0,0.0035369396209716797,3.22472962957688,0.5292046893033557,35.0,0.10749098765256267
0.0,FW_diminishing,diminishing,145.0,0.003559112548828125,3.2278712253893875,0.6009118337344042,35.0,0.10759570751297959
0.0,FW_diminishing,diminishing,146.0,0.0035810470581054688,3.229351122364127,0.5955188709865773,35.0,0.10764503741213757
0.0,FW_diminishing,diminishing,147.0,0.0036020278930664062,3.236163799331951,0.41958591052379823,35.0,0.10787212664439837
0.0,FW_diminishing,diminishing,148.0,0.00362396240234375,3.2273495411112796,1.2573501722890335,35.0,0.10757831803704265
0.0,FW_diminishing,diminishing,149.0,0.0036458969116210938,3.222525199112307,0.9064687445598292,35.0,0.1074175066370769
0.0,FW_diminishing,diminishing,150.0,0.0036678314208984375,3.223400113222998,0.649913257792706,35.0,0.1074466704407666
0.0,FW_diminishing,diminishing,151.0,0.0036897659301757812,3.2233612609529207,0.6064826027054817,35.0,0.10744537536509736
0.0,FW_diminishing,diminishing,152.0,0.003712892532348633,3.2249437793488815,0.5093484559804793,35.0,0.10749812597829606
0.0,FW_diminishing,diminishing,153.0,0.0037348270416259766,3.2244973861190847,0.5583728246835591,35.0,0.10748324620396948
0.0,FW_diminishing,diminishing,154.0,0.003757953643798828,3.2246723931389276,0.7043085988927071,35.0,0.10748907977129758
0.0,FW_diminishing,diminishing,155.0,0.0037789344787597656,3.222806373075852,0.8989548093399389,35.0,0.10742687910252839
0.0,FW_diminishing,diminishing,156.0,0.0038008689880371094,3.225155726728826,0.3870792886877208,35.0,0.10750519089096086
0.0,FW_diminishing,diminishing,157.0,0.0038230419158935547,3.226497991316775,0.4224891980144747,35.0,0.1075499330438925
0.0,FW_diminishing,diminishing,158.0,0.003843069076538086,3.2288872060588107,0.5935658145500629,35.0,0.10762957353529369
0.0,FW_diminishing,diminishing,159.0,0.003865957260131836,3.2286019513896473,0.5267792439617995,35.0,0.10762006504632157
0.0,FW_diminishing,diminishing,160.0,0.0038869380950927734,3.2253989636045857,0.8762376276575825,35.0,0.10751329878681952
0.0,FW_diminishing,diminishing,161.0,0.003907918930053711,3.223758517419381,0.701320722111765,35.0,0.10745861724731269
0.0,FW_diminishing,diminishing,162.0,0.003930091857910156,3.2220849743599307,0.7074150803811747,35.0,0.10740283247866436
0.0,FW_diminishing,diminishing,163.0,0.0039520263671875,3.222635995536947,0.4452373333833872,35.0,0.10742119985123157
0.0,FW_diminishing,diminishing,164.0,0.0039751529693603516,3.220582102955873,0.7027622445478876,35.0,0.10735273676519577
0.0,FW_diminishing,diminishing,165.0,0.003997802734375,3.2199579876880815,0.8849925025384717,35.0,0.10733193292293605
0.0,FW_diminishing,diminishing,166.0,0.0040187835693359375,3.2181657107506734,0.7738676231777362,35.0,0.10727219035835578
0.0,FW_diminishing,diminishing,167.0,0.004041910171508789,3.219831401196023,0.37830254065016966,35.0,0.10732771337320077
0.0,FW_diminishing,diminishing,168.0,0.004063844680786133,3.217711704585304,0.6805681579700344,35.0,0.10725705681951013
0.0,FW_diminishing,diminishing,169.0,0.004086017608642578,3.216366569298841,0.7385727908137802,35.0,0.10721221897662803
0.0,FW_diminishing,diminishing,170.0,0.004107952117919922,3.2205794556845895,0.44124825421450886,35.0,0.10735264852281964
0.0,FW_diminishing,diminishing,171.0,0.004128932952880859,3.218012783478867,0.7331435989827675,35.0,0.1072670927826289
0.0,FW_diminishing,diminishing,172.0,0.004150867462158203,3.2178122608088877,0.4832448701950014,35.0,0.10726040869362959
0.0,FW_diminishing,diminishing,173.0,0.0041730403900146484,3.216839454289704,0.7998221959633636,36.0,0.1072279818096568
0.0,FW_diminishing,diminishing,174.0,0.0041959285736083984,3.2179650696532245,0.423584581500414,36.0,0.10726550232177415
0.0,FW_diminishing,diminishing,175.0,0.004218101501464844,3.217306306616082,0.5165822543905101,36.0,0.1072435435538694
0.0,FW_diminishing,diminishing,176.0,0.004239082336425781,3.2145792041334587,0.8033736564142409,36.0,0.10715264013778196
0.0,FW_diminishing,diminishing,177.0,0.004260063171386719,3.2140143557877368,0.6760564911499483,36.0,0.10713381185959123
0.0,FW_diminishing,diminishing,178.0,0.0042819976806640625,3.217812346446654,0.5090819574539083,36.0,0.1072604115482218
0.0,FW_diminishing,diminishing,179.0,0.004303932189941406,3.216279667247308,0.6548233515367627,36.0,0.10720932224157693
0.0,FW_diminishing,diminishing,180.0,0.0043261051177978516,3.215141140367003,0.5496797439970411,36.0,0.10717137134556677
0.0,FW_diminishing,diminishing,181.0,0.0043489933013916016,3.2161353327141717,0.5602072249503962,36.0,0.1072045110904724
0.0,FW_diminishing,diminishing,182.0,0.004371166229248047,3.217602430045532,0.4030677160533145,36.0,0.10725341433485107
0.0,FW_diminishing,diminishing,183.0,0.004392862319946289,3.2162721922571285,0.5620061221656698,36.0,0.10720907307523761
0.0,FW_diminishing,diminishing,184.0,0.004415988922119141,3.2169286217025674,0.5457140723479181,37.0,0.10723095405675225
0.0,FW_diminishing,diminishing,185.0,0.004437923431396484,3.2164580081177405,0.4948248488984355,37.0,0.10721526693725801
0.0,FW_diminishing,diminishing,186.0,0.004461050033569336,3.217584561844504,0.5185387230698044,37.0,0.10725281872815012
0.0,FW_diminishing,diminishing,187.0,0.00448298454284668,3.2169701159914204,0.5063349644479125,37.0,0.107232337199714
0.0,FW_diminishing,diminishing,188.0,0.0045049190521240234,3.218432694045314,0.44791771443826534,37.0,0.10728108980151047
0.0,FW_diminishing,diminishing,189.0,0.004528045654296875,3.2191066356389277,0.39507857718778183,37.0,0.1073035545212976
0.0,FW_diminishing,diminishing,190.0,0.0045490264892578125,3.2187824044345463,0.7542103582155004,37.0,0.10729274681448488
0.0,FW_diminishing,diminishing,191.0,0.004572153091430664,3.218958451508112,0.42109499364374336,37.0,0.1072986150502704
0.0,FW_diminishing,diminishing,192.0,0.004594087600708008,3.2176116019393377,0.6066563808439067,37.0,0.10725372006464459
0.0,FW_diminishing,diminishing,193.0,0.0046160221099853516,3.214876997709994,0.7447061670917172,37.0,0.10716256659033313
0.0,FW_diminishing,diminishing,194.0,0.0046389102935791016,3.2151474628616095,0.5152722988316256,37.0,0.10717158209538698
0.0,FW_diminishing,diminishing,195.0,0.004659891128540039,3.215978293276504,0.3280332684656724,37.0,0.10719927644255015
0.0,FW_diminishing,diminishing,196.0,0.004682779312133789,3.214296426854063,0.6691918757069324,37.0,0.10714321422846876
0.0,FW_diminishing,diminishing,197.0,0.004704952239990234,3.2158552223591705,0.504817911365965,37.0,0.10719517407863902
0.0,FW_diminishing,diminishing,198.0,0.004726886749267578,3.2186996133355255,0.3242702885608555,37.0,0.10728998711118418
0.0,FW_diminishing,diminishing,199.0,0.00475001335144043,3.217710597425094,0.5810662943887301,38.0,0.1072570199141698
0.0,FW_exact,exact,0.0,4.076957702636719e-05,18.4919337362889,55.74206572420866,1.0,0.61639779120963
0.0,FW_exact,exact,1.0,7.390975952148438e-05,12.336475317526903,40.70153284591082,2.0,0.41121584391756344
0.0,FW_exact,exact,2.0,9.965896606445312e-05,9.176473459160416,28.098343012723305,3.0,0.3058824486386805
0.0,FW_exact,exact,3.0,0.00012683868408203125,7.615293326005346,23.15536372132243,4.0,0.25384311086684486
0.0,FW_exact,exact,4.0,0.00015282630920410156,6.992930822781148,11.481345814714091,5.0,0.23309769409270495
0.0,FW_exact,exact,5.0,0.00017786026000976562,6.327135755258982,11.965224534322147,6.0,0.2109045251752994
0.0,FW_exact,exact,6.0,0.00020265579223632812,5.904197684963086,8.795442533182417,7.0,0.19680658949876953
0.0,FW_exact,exact,7.0,0.0002276897430419922,5.503040775445598,9.469046093434399,8.0,0.18343469251485325
0.0,FW_exact,exact,8.0,0.0002498626708984375,5.2402232065664895,6.980541586802236,9.0,0.17467410688554966
0.0,FW_exact,exact,9.0,0.0002739429473876953,5.07085418695528,6.382490486969187,10.0,0.16902847289850934
0.0,FW_exact,exact,10.0,0.0002989768981933594,4.962307820183038,5.03937505005565,11.0,0.16541026067276793
0.0,FW_exact,exact,11.0,0.0003228187561035156,4.8863665526133335,4.905830355496912,12.0,0.16287888508711112
0.0,FW_exact,exact,12.0,0.00034880638122558594,4.785108787729697,4.260498261277457,13.0,0.15950362625765654
0.0,FW_exact,exact,13.0,0.0003719329833984375,4.721511748959148,3.6322661569646773,14.0,0.15738372496530492
0.0,FW_exact,exact,14.0,0.00039577484130859375,4.655756506174065,3.3179733496607007,14.0,0.1551918835391355
0.0,FW_exact,exact,15.0,0.00041985511779785156,4.603161447044957,3.38688274455391,15.0,0.15343871490149855
0.0,FW_exact,exact,16.0,0.0004448890686035156,4.5327681061448235,3.58652809055525,15.0,0.15109227020482746
0.0,FW_exact,exact,17.0,0.0004706382751464844,4.500230245533021,3.0176736936721706,16.0,0.1500076748511007
0.0,FW_exact,exact,18.0,0.0004968643188476562,4.460018145398139,2.926097383289724,17.0,0.14866727151327128
0.0,FW_exact,exact,19.0,0.000522613525390625,4.419885583620733,2.5772439554789504,17.0,0.14732951945402442
0.0,FW_exact,exact,20.0,0.0005457401275634766,4.3737119175309855,3.0679305526380745,17.0,0.14579039725103285
0.0,FW_exact,exact,21.0,0.0005698204040527344,4.331194205172796,3.0784864277622095,18.0,0.14437314017242653
0.0,FW_exact,exact,22.0,0.0005939006805419922,4.305622701134464,2.517234961148448,19.0,0.14352075670448214
0.0,FW_exact,exact,23.0,0.00061798095703125,4.274766833165046,2.405568537970881,19.0,0.1424922277721682
0.0,FW_exact,exact,24.0,0.0006437301635742188,4.245622359459144,2.349362775977122,20.0,0.1415207453153048
0.0,FW_exact,exact,25.0,0.0006668567657470703,4.2228581204666895,2.405918162049357,21.0,0.14076193734888964
0.0,FW_exact,exact,26.0,0.0006909370422363281,4.197347096262251,2.2437922471694165,22.0,0.13991156987540837
0.0,FW_exact,exact,27.0,0.0007157325744628906,4.165929267879273,2.279345797080799,22.0,0.1388643089293091
0.0,FW_exact,exact,28.0,0.0007398128509521484,4.118602555718696,3.05157087201553,23.0,0.13728675185728986
0.0,FW_exact,exact,29.0,0.0007658004760742188,4.099169635420116,2.0956352831126654,23.0,0.13663898784733722
0.0,FW_exact,exact,30.0,0.0007889270782470703,4.080593095976729,1.7433829375622452,23.0,0.13601976986589098
0.0,FW_exact,exact,31.0,0.0008118152618408203,4.057415508944878,2.1614850419368636,23.0,0.13524718363149593
0.0,FW_exact,exact,32.0,0.0008368492126464844,4.036958160010214,1.9544828690164096,23.0,0.13456527200034046
0.0,FW_exact,exact,33.0,0.0008609294891357422,4.0223756650257,1.9665531740969477,24.0,0.13407918883418998
0.0,FW_exact,exact,34.0,0.0008866786956787109,4.002813423969287,1.7917740845749588,24.0,0.13342711413230957
0.0,FW_exact,exact,35.0,0.0009107589721679688,3.9851077137661943,1.774716194474328,24.0,0.1328369237922065
0.0,FW_exact,exact,36.0,0.0009357929229736328,3.9605554527089164,2.624228293715312,24.0,0.13201851509029722
0.0,FW_exact,exact,37.0,0.0009605884552001953,3.9495029939322377,1.4650552733686126,25.0,0.13165009979774125
0.0,FW_exact,exact,38.0,0.000985860824584961,3.941227357009201,1.423760323827068,25.0,0.13137424523364002
0.0,FW_exact,exact,39.0,0.0010118484497070312,3.932150605692852,1.2841623600516954,26.0,0.1310716868564284
0.0,FW_exact,exact,40.0,0.0010366439819335938,3.9211467987641475,1.3645981704879269,26.0,0.13070489329213825
0.0,FW_exact,exact,41.0,0.0010638236999511719,3.9111328728993873,1.5374428387532166,27.0,0.1303710957633129
0.0,FW_exact,exact,42.0,0.0010879039764404297,3.8972129859233795,1.5082667644758931,27.0,0.1299070995307793
0.0,FW_exact,exact,43.0,0.0011126995086669922,3.88085819197225,1.7466589056593467,27.0,0.12936193973240834
0.0,FW_exact,exact,44.0,0.00113677978515625,3.8690070136310064,1.6332868270002123,27.0,0.12896690045436687
0.0,FW_exact,exact,45.0,0.0011608600616455078,3.8589090776406856,1.5969401277748574,27.0,0.12863030258802285
0.0,FW_exact,exact,46.0,0.0011856555938720703,3.8478510457562254,1.439572798265825,27.0,0.12826170152520752
0.0,FW_exact,exact,47.0,0.0012128353118896484,3.838679839613198,1.3518584173521813,27.0,0.12795599465377328
0.0,FW_exact,exact,48.0,0.0012388229370117188,3.8215643462122775,1.6773944846356788,27.0,0.1273854782070759
0.0,FW_exact,exact,49.0,0.0012638568878173828,3.8098895621143045,1.6751727943694377,28.0,0.12699631873714348
0.0,FW_exact,exact,50.0,0.0012898445129394531,3.8015557541568983,1.2412283496642473,28.0,0.12671852513856327
0.0,FW_exact,exact,51.0,0.0013136863708496094,3.795939982575994,0.9718251786096666,28.0,0.12653133275253314
0.0,FW_exact,exact,52.0,0.0013399124145507812,3.790648517177934,1.274673456366008,28.0,0.1263549505725978
0.0,FW_exact,exact,53.0,0.00136566162109375,3.784333060011517,1.0538441699974452,28.0,0.12614443533371722
0.0,FW_exact,exact,54.0,0.001390695571899414,3.7707506943875866,1.4918805747854105,28.0,0.12569168981291956
0.0,FW_exact,exact,55.0,0.0014147758483886719,3.760127622037616,1.4576007670910176,28.0,0.12533758740125386
0.0,FW_exact,exact,56.0,0.0014379024505615234,3.7524961996877764,1.2756587405868363,28.0,0.12508320665625922
0.0,FW_exact,exact,57.0,0.001462697982788086,3.7431088958713445,1.3262739291374306,28.0,0.12477029652904482
0.0,FW_exact,exact,58.0,0.0014867782592773438,3.737862690474432,0.9211793145905798,28.0,0.1245954230158144
0.0,FW_exact,exact,59.0,0.001512765884399414,3.7314633672372173,1.283047252476882,29.0,0.12438211224124057
0.0,FW_exact,exact,60.0,0.0015358924865722656,3.7240719468304126,1.1419957234922933,29.0,0.12413573156101375
0.0,FW_exact,exact,61.0,0.0015587806701660156,3.7177365221405303,1.3269662037221757,29.0,0.12392455073801768
0.0,FW_exact,exact,62.0,0.0015828609466552734,3.7128629035715353,1.0077491483011283,29.0,0.12376209678571784
0.0,FW_exact,exact,63.0,0.0016069412231445312,3.7064673092655083,1.0187016635057606,29.0,0.12354891030885028
0.0,FW_exact,exact,64.0,0.0016326904296875,3.699677991489014,1.1201078479581454,29.0,0.12332259971630047
0.0,FW_exact,exact,65.0,0.0016589164733886719,3.6941849581982558,1.1754644505034761,29.0,0.12313949860660853
0.0,FW_exact,exact,66.0,0.0016849040985107422,3.6883150724069385,1.1463967437574905,29.0,0.12294383574689795
0.0,FW_exact,exact,67.0,0.0017077922821044922,3.6833439594913573,0.9932886820973845,29.0,0.12277813198304524
0.0,FW_exact,exact,68.0,0.00173187255859375,3.6772173089418523,1.2257139300771929,29.0,0.12257391029806174
0.0,FW_exact,exact,69.0,0.0017557144165039062,3.6720260793375084,0.9170394151917982,29.0,0.12240086931125028
0.0,FW_exact,exact,70.0,0.001779794692993164,3.665917202845117,1.0797590172675768,29.0,0.12219724009483723
0.0,FW_exact,exact,71.0,0.0018057823181152344,3.6607822963578567,0.9303264359234085,29.0,0.12202607654526189
0.0,FW_exact,exact,72.0,0.0018286705017089844,3.655737660702868,0.942059196157718,29.0,0.12185792202342895
0.0,FW_exact,exact,73.0,0.0018527507781982422,3.649482238740241,1.3191351723490143,29.0,0.12164940795800802
0.0,FW_exact,exact,74.0,0.0018777847290039062,3.644197199080771,0.9257038870207381,29.0,0.12147323996935903
0.0,FW_exact,exact,75.0,0.0019006729125976562,3.637821539102883,1.060699801145427,29.0,0.1212607179700961
0.0,FW_exact,exact,76.0,0.0019278526306152344,3.632469435548289,1.0674407728859219,29.0,0.1210823145182763
0.0,FW_exact,exact,77.0,0.001953601837158203,3.6289878530011124,0.8692474729033801,29.0,0.12096626176670375
0.0,FW_exact,exact,78.0,0.001979827880859375,3.626083081814689,0.8963483589361818,29.0,0.12086943606048964
0.0,FW_exact,exact,79.0,0.0020029544830322266,3.621310970135338,0.8793878518618783,29.0,0.12071036567117793
0.0,FW_exact,exact,80.0,0.0020258426666259766,3.6149940317362903,1.0809766543396027,29.0,0.12049980105787635
0.0,FW_exact,exact,81.0,0.002051830291748047,3.6104587152431487,0.9490292999286147,29.0,0.12034862384143828
0.0,FW_exact,exact,82.0,0.0020759105682373047,3.6046182390738646,1.0424718911198791,29.0,0.12015394130246215
0.0,FW_exact,exact,83.0,0.0021016597747802734,3.5991187181988544,0.9450484628834666,29.0,0.11997062393996182
0.0,FW_exact,exact,84.0,0.002124786376953125,3.596456244556797,0.9031478760194425,29.0,0.1198818748185599
0.0,FW_exact,exact,85.0,0.002148866653442383,3.5926002301613686,0.9281569402342562,29.0,0.11975334100537896
0.0,FW_exact,exact,86.0,0.0021729469299316406,3.5902953809481453,0.7595486056840439,29.0,0.11967651269827151
0.0,FW_exact,exact,87.0,0.0021970272064208984,3.5873694452149225,0.7532544349868857,29.0,0.11957898150716409
0.0,FW_exact,exact,88.0,0.002222776412963867,3.584663454346135,0.6993764974531764,29.0,0.11948878181153783
0.0,FW_exact,exact,89.0,0.0022478103637695312,3.5820026341413262,0.6989448285632278,29.0,0.11940008780471087
0.0,FW_exact,exact,90.0,0.002270936965942383,3.5783269079243243,0.8269989568657437,29.0,0.11927756359747747
0.0,FW_exact,exact,91.0,0.0022957324981689453,3.5751058821579056,0.721491313610418,29.0,0.11917019607193019
0.0,FW_exact,exact,92.0,0.002319812774658203,3.571393691761024,0.8581591572650193,29.0,0.11904645639203414
0.0,FW_exact,exact,93.0,0.002344846725463867,3.5686259945253314,0.8114578248700468,29.0,0.11895419981751104
0.0,FW_exact,exact,94.0,0.0023686885833740234,3.566170660926921,0.6292820702143285,29.0,0.1188723553642307
0.0,FW_exact,exact,95.0,0.0023927688598632812,3.5631946411756092,0.8733502001163416,29.0,0.11877315470585365
0.0,FW_exact,exact,96.0,0.0024178028106689453,3.5597555963526073,0.7772307389107418,29.0,0.11865851987842024
0.0,FW_exact,exact,97.0,0.002442598342895508,3.5566679268198955,0.9247892602114565,29.0,0.11855559756066318
0.0,FW_exact,exact,98.0,0.0024666786193847656,3.5543851350226667,0.6472260989167573,29.0,0.11847950450075556
0.0,FW_exact,exact,99.0,0.0024929046630859375,3.55045935845218,0.797504887721983,29.0,0.11834864528173933
0.0,FW_exact,exact,100.0,0.0025169849395751953,3.547962463644204,0.8096231939738257,29.0,0.1182654154548068
0.0,FW_exact,exact,101.0,0.002541780471801758,3.5449856992186635,0.752124847931924,29.0,0.11816618997395545
0.0,FW_exact,exact,102.0,0.0025658607482910156,3.543025615653847,0.6910453324069312,29.0,0.11810085385512824
0.0,FW_exact,exact,103.0,0.0025899410247802734,3.5400557712512146,0.7066690212530737,29.0,0.11800185904170715
0.0,FW_exact,exact,104.0,0.002614736557006836,3.538139800255639,0.6924337211545168,29.0,0.11793799334185463
0.0,FW_exact,exact,105.0,0.0026388168334960938,3.535926978277504,0.6225328539443176,29.0,0.11786423260925012
0.0,FW_exact,exact,106.0,0.002663850784301758,3.532897965993207,0.6998355301596426,29.0,0.1177632655331069
0.0,FW_exact,exact,107.0,0.0026886463165283203,3.5299084334002075,0.7697540900207986,29.0,0.11766361444667359
0.0,FW_exact,exact,108.0,0.002714872360229492,3.5263035636681765,0.8670976664780152,29.0,0.11754345212227255
0.0,FW_exact,exact,109.0,0.0027399063110351562,3.523551034746081,0.8730436193952471,29.0,0.1174517011582027
0.0,FW_exact,exact,110.0,0.0027637481689453125,3.5211690999438323,0.6614726267868161,29.0,0.11737230333146108
0.0,FW_exact,exact,111.0,0.0027878284454345703,3.5183960967403594,0.669478824998178,29.0,0.11727986989134531
0.0,FW_exact,exact,112.0,0.0028138160705566406,3.5159178070690893,0.7679222269225807,29.0,0.11719726023563631
0.0,FW_exact,exact,113.0,0.002836942672729492,3.513703394588908,0.720452835953429,29.0,0.11712344648629693
0.0,FW_exact,exact,114.0,0.0028595924377441406,3.51115115442563,0.6549288818764847,29.0,0.11703837181418766
0.0,FW_exact,exact,115.0,0.0028848648071289062,3.509215182408382,0.5913498710969165,29.0,0.11697383941361274
0.0,FW_exact,exact,116.0,0.0029098987579345703,3.507893619559802,0.5105752605323186,29.0,0.11692978731866006
0.0,FW_exact,exact,117.0,0.002935647964477539,3.504725412503662,0.7161272929714393,29.0,0.11682418041678873
0.0,FW_exact,exact,118.0,0.0029587745666503906,3.5020624606161537,0.760347555706959,29.0,0.11673541535387179
0.0,FW_exact,exact,119.0,0.002981901168823242,3.4993848979383166,0.6855669083697364,29.0,0.11664616326461055
0.0,FW_exact,exact,120.0,0.0030069351196289062,3.4968813883519507,0.8325340244871882,29.0,0.11656271294506503
0.0,FW_exact,exact,121.0,0.0030307769775390625,3.4949479099893015,0.5957055555736126,29.0,0.11649826366631005
0.0,FW_exact,exact,122.0,0.0030558109283447266,3.492249373560751,0.6605699559434157,29.0,0.11640831245202503
0.0,FW_exact,exact,123.0,0.0030808448791503906,3.4892212257131736,0.8224982572199462,29.0,0.11630737419043911
0.0,FW_exact,exact,124.0,0.003104686737060547,3.487578177455691,0.6412207838333739,29.0,0.1162526059151897
0.0,FW_exact,exact,125.0,0.0031309127807617188,3.485896344876019,0.5764908516830616,29.0,0.11619654482920064
0.0,FW_exact,exact,126.0,0.003154754638671875,3.4844085974216426,0.6019032437414893,29.0,0.11614695324738808
0.0,FW_exact,exact,127.0,0.0031807422637939453,3.482677911977828,0.5995224931887062,29.0,0.11608926373259428
0.0,FW_exact,exact,128.0,0.003203868865966797,3.481161775125872,0.4941905977189265,29.0,0.11603872583752907
0.0,FW_exact,exact,129.0,0.003227710723876953,3.4786498340967964,0.6640205935934134,29.0,0.11595499446989321
0.0,FW_exact,exact,130.0,0.0032529830932617188,3.4758055963607237,0.8878688803366863,29.0,0.11586018654535746
0.0,FW_exact,exact,131.0,0.003275632858276367,3.474018432533706,0.5821735096518488,29.0,0.11580061441779019
0.0,FW_exact,exact,132.0,0.003301858901977539,3.472076021601451,0.559881832603299,29.0,0.11573586738671503
0.0,FW_exact,exact,133.0,0.003326892852783203,3.4700957716235488,0.5891297660497177,29.0,0.11566985905411829
0.0,FW_exact,exact,134.0,0.003349781036376953,3.468912232272239,0.571465908218622,29.0,0.11563040774240797
0.0,FW_exact,exact,135.0,0.003374814987182617,3.4675454544380826,0.50213395760467,29.0,0.11558484848126942
0.0,FW_exact,exact,136.0,0.003398895263671875,3.465363904542569,0.6332289308311516,29.0,0.11551213015141897
0.0,FW_exact,exact,137.0,0.0034246444702148438,3.4632093762044844,0.5899432034137817,29.0,0.11544031254014948
0.0,FW_exact,exact,138.0,0.0034477710723876953,3.4613111167548274,0.6128377919443402,29.0,0.11537703722516092
0.0,FW_exact,exact,139.0,0.003471851348876953,3.459629878253239,0.5966121191214082,29.0,0.11532099594177464
0.0,FW_exact,exact,140.0,0.003495931625366211,3.4569732611801776,0.6687262127603795,29.0,0.11523244203933926
0.0,FW_exact,exact,141.0,0.0035200119018554688,3.456158474920124,0.4987619081747088,29.0,0.11520528249733747
0.0,FW_exact,exact,142.0,0.0035448074340820312,3.4552913558658687,0.4387629653903389,29.0,0.11517637852886228
0.0,FW_exact,exact,143.0,0.0035698413848876953,3.453446713173025,0.5456398552623423,29.0,0.11511489043910084
0.0,FW_exact,exact,144.0,0.003592967987060547,3.4522291894943957,0.5230184842699916,30.0,0.11507430631647986
0.0,FW_exact,exact,145.0,0.0036165714263916016,3.4513762682877602,0.4614671614968877,30.0,0.11504587560959201
0.0,FW_exact,exact,146.0,0.003638744354248047,3.450060977677351,0.4936233615654313,30.0,0.11500203258924505
0.0,FW_exact,exact,147.0,0.0036628246307373047,3.449172439503102,0.4647704451201431,30.0,0.1149724146501034
0.0,FW_exact,exact,148.0,0.003688812255859375,3.4477557628090727,0.5290499723098954,30.0,0.11492519209363576
0.0,FW_exact,exact,149.0,0.0037109851837158203,3.4466622379115672,0.4806969838404811,30.0,0.11488874126371891
0.0,FW_exact,exact,150.0,0.0037336349487304688,3.445126636650951,0.49759610040524294,30.0,0.11483755455503171
0.0,FW_exact,exact,151.0,0.003758668899536133,3.442612620178937,0.6645717169787986,30.0,0.11475375400596458
0.0,FW_exact,exact,152.0,0.0037827491760253906,3.441804195744549,0.47205451174909285,30.0,0.1147268065248183
0.0,FW_exact,exact,153.0,0.0038080215454101562,3.440339284267137,0.5515433107392891,30.0,0.1146779761422379
0.0,FW_exact,exact,154.0,0.0038328170776367188,3.4394187488892722,0.41046137551761674,30.0,0.1146472916296424
0.0,FW_exact,exact,155.0,0.0038568973541259766,3.4377315900619942,0.5217770061599367,30.0,0.11459105300206647
0.0,FW_exact,exact,156.0,0.0038809776306152344,3.436493325849705,0.5176462036679474,30.0,0.1145497775283235
0.0,FW_exact,exact,157.0,0.003905773162841797,3.4348005446534295,0.5786760077953872,30.0,0.11449335148844765
0.0,FW_exact,exact,158.0,0.003930807113647461,3.4340550974963433,0.42562146525598976,30.0,0.1144685032498781
0.0,FW_exact,exact,159.0,0.003955841064453125,3.433374065619363,0.388745237334053,30.0,0.1144458021873121
0.0,FW_exact,exact,160.0,0.003979682922363281,3.432754574637256,0.39312586108175296,30.0,0.11442515248790854
0.0,FW_exact,exact,161.0,0.004004716873168945,3.431748666877784,0.40232598488958793,30.0,0.11439162222925946
0.0,FW_exact,exact,162.0,0.004030942916870117,3.430360554372786,0.512940809382803,30.0,0.11434535181242621
0.0,FW_exact,exact,163.0,0.00405573844909668,3.429113653470831,0.49121026065613904,30.0,0.1143037884490277
0.0,FW_exact,exact,164.0,0.0040798187255859375,3.4279731503697777,0.45959777925762957,30.0,0.11426577167899259
0.0,FW_exact,exact,165.0,0.0041048526763916016,3.426302819138549,0.5538488733868512,30.0,0.11421009397128497
0.0,FW_exact,exact,166.0,0.004127979278564453,3.4250947520015576,0.44115256107697576,30.0,0.11416982506671859
0.0,FW_exact,exact,167.0,0.004152774810791016,3.4239099491052745,0.4675598378638437,30.0,0.11413033163684248
0.0,FW_exact,exact,168.0,0.0041768550872802734,3.4225855376159138,0.6048683136005906,30.0,0.11408618458719713
0.0,FW_exact,exact,169.0,0.0041997432708740234,3.4207579893500193,0.5661306018462948,30.0,0.1140252663116673
0.0,FW_exact,exact,170.0,0.004223823547363281,3.4199604215651385,0.493563977588785,30.0,0.11399868071883795
0.0,FW_exact,exact,171.0,0.0042476654052734375,3.418973645184887,0.3985262395712681,30.0,0.11396578817282957
0.0,FW_exact,exact,172.0,0.004273891448974609,3.4176549603649153,0.49994752490480465,30.0,0.11392183201216384
0.0,FW_exact,exact,173.0,0.004299640655517578,3.4168140045053526,0.481579142820614,30.0,0.11389380015017841
0.0,FW_exact,exact,174.0,0.00432276725769043,3.416164831038299,0.4119912595170998,30.0,0.11387216103460997
0.0,FW_exact,exact,175.0,0.0043468475341796875,3.4153768731490883,0.37972783037722024,30.0,0.11384589577163627
0.0,FW_exact,exact,176.0,0.0043718814849853516,3.414290930717609,0.4181978595182656,30.0,0.11380969769058696
0.0,FW_exact,exact,177.0,0.00439763069152832,3.41311733726298,0.5109698485538772,30.0,0.113770577908766
0.0,FW_exact,exact,178.0,0.004422903060913086,3.4118980326855146,0.49080365687247607,30.0,0.11372993442285048
0.0,FW_exact,exact,179.0,0.00444793701171875,3.411095525282318,0.4477167277481158,30.0,0.11370318417607726
0.0,FW_exact,exact,180.0,0.004471778869628906,3.4100600479718537,0.4164860834563928,30.0,0.11366866826572845
0.0,FW_exact,exact,181.0,0.00449681282043457,3.4092649260336834,0.40976727760858545,30.0,0.11364216420112278
0.0,FW_exact,exact,182.0,0.004521846771240234,3.4078599826609803,0.4760499457659453,30.0,0.11359533275536601
0.0,FW_exact,exact,183.0,0.004545688629150391,3.4059296178748504,0.5820409983425758,30.0,0.11353098726249501
0.0,FW_exact,exact,184.0,0.004568815231323242,3.405042214571934,0.49478908514474895,30.0,0.1135014071523978
0.0,FW_exact,exact,185.0,0.004593849182128906,3.404021516908804,0.4324864287503587,30.0,0.11346738389696014
0.0,FW_exact,exact,186.0,0.004617929458618164,3.4028572387829157,0.4635781495673754,30.0,0.11342857462609719
0.0,FW_exact,exact,187.0,0.0046427249908447266,3.4012263495314503,0.513179925778827,30.0,0.11337421165104834
0.0,FW_exact,exact,188.0,0.004665851593017578,3.400414470326624,0.438744446437747,30.0,0.11334714901088747
0.0,FW_exact,exact,189.0,0.004689931869506836,3.3994731925072847,0.43102606708336033,30.0,0.11331577308357615
0.0,FW_exact,exact,190.0,0.004714012145996094,3.398748412630991,0.4197817219353652,30.0,0.11329161375436637
0.0,FW_exact,exact,191.0,0.0047376155853271484,3.398012904247486,0.3640285730538171,30.0,0.11326709680824952
0.0,FW_exact,exact,192.0,0.004762887954711914,3.397294581789476,0.4281434292499817,30.0,0.11324315272631587
0.0,FW_exact,exact,193.0,0.004786968231201172,3.3962684364524276,0.40655336556421595,30.0,0.11320894788174758
0.0,FW_exact,exact,194.0,0.004809856414794922,3.3952518456941556,0.4216667298937029,30.0,0.11317506152313853
0.0,FW_exact,exact,195.0,0.004833698272705078,3.3943627808968797,0.49529220962423715,30.0,0.113145426029896
0.0,FW_exact,exact,196.0,0.004857778549194336,3.39346311737907,0.40596526658312193,30.0,0.11311543724596901
0.0,FW_exact,exact,197.0,0.004884004592895508,3.3922873889450456,0.4440356676520878,30.0,0.11307624629816819
0.0,FW_exact,exact,198.0,0.00490880012512207,3.3917251371013966,0.36230218307841255,30.0,0.11305750457004655
0.0,FW_exact,exact,199.0,0.00493168830871582,3.3905853158029013,0.42862798770196164,30.0,0.11301951052676337
0.0,AFW_diminishing,diminishing,0.0,3.0279159545898438e-05,153.2420657242087,158.5158685515828,1.0,5.108068857473623
0.0,AFW_diminishing,diminishing,1.0,9.131431579589844e-05,18.919311425263782,381.48413144841743,1.0,0.6306437141754594
0.0,AFW_diminishing,diminishing,2.0,0.00012922286987304688,15.612543219264571,39.3805100569619,2.0,0.5204181073088191
0.0,AFW_diminishing,diminishing,3.0,0.0001590251922607422,11.426039300703895,48.15527796168543,3.0,0.38086797669012984
0.0,AFW_diminishing,diminishing,4.0,0.00019025802612304688,11.964235700643767,27.587736643022915,4.0,0.3988078566881256
0.0,AFW_diminishing,diminishing,5.0,0.00021719932556152344,8.90552014278905,28.88196157620981,5.0,0.2968506714263016
0.0,AFW_diminishing,diminishing,6.0,0.000244140625,6.369963191908749,24.974235534156097,6.0,0.2123321063969583
0.0,AFW_diminishing,diminishing,7.0,0.0002753734588623047,5.7010712954942635,17.698169905045653,6.0,0.19003570984980878
0.0,AFW_diminishing,diminishing,8.0,0.0003032684326171875,5.561538016427443,18.04282967240142,7.0,0.18538460054758144
0.0,AFW_diminishing,diminishing,9.0,0.00033211708068847656,4.974944172030393,10.777822746653092,7.0,0.16583147240101312
0.0,AFW_diminishing,diminishing,10.0,0.0003592967987060547,4.812864681319607,11.330750958809242,8.0,0.16042882271065356
0.0,AFW_diminishing,diminishing,11.0,0.00038504600524902344,4.596009909735214,8.94968271835831,9.0,0.15320033032450714
0.0,AFW_diminishing,diminishing,12.0,0.00041222572326660156,4.740091425975302,10.218494158842464,10.0,0.15800304753251007
0.0,AFW_diminishing,diminishing,13.0,0.0004391670227050781,4.3682075896112735,7.515883172061173,10.0,0.14560691965370912
0.0,AFW_diminishing,diminishing,14.0,0.00046896934509277344,4.250925955307791,7.417611489391286,11.0,0.14169753184359302
0.0,AFW_diminishing,diminishing,15.0,0.0004930496215820312,4.147187924499889,6.442252723838926,11.0,0.13823959748332962
0.0,AFW_diminishing,diminishing,16.0,0.0005192756652832031,3.8317454204224335,9.21455802649763,12.0,0.12772484734741446
0.0,AFW_diminishing,diminishing,17.0,0.0005471706390380859,3.9706369409221143,6.8974619283686796,13.0,0.1323545646974038
0.0,AFW_diminishing,diminishing,18.0,0.0005743503570556641,3.7422992800687287,5.012670875229439,13.0,0.12474330933562429
0.0,AFW_diminishing,diminishing,19.0,0.0006022453308105469,3.6606888569400917,5.720123699048195,14.0,0.12202296189800306
0.0,AFW_diminishing,diminishing,20.0,0.0006291866302490234,3.869050938714745,5.041353215473876,15.0,0.12896836462382483
0.0,AFW_diminishing,diminishing,21.0,0.0006573200225830078,3.612252124368731,5.431152668016534,15.0,0.12040840414562437
0.0,AFW_diminishing,diminishing,22.0,0.0006861686706542969,3.5147805296322074,3.5631658637527375,14.0,0.11715935098774025
0.0,AFW_diminishing,diminishing,23.0,0.0007123947143554688,3.658775097773646,3.822838782478418,15.0,0.1219591699257882
0.0,AFW_diminishing,diminishing,24.0,0.0007402896881103516,3.4854815370789414,4.476944973358268,15.0,0.11618271790263138
0.0,AFW_diminishing,diminishing,25.0,0.0007691383361816406,3.661774790595607,3.493688473273653,15.0,0.12205915968652023
0.0,AFW_diminishing,diminishing,26.0,0.0007963180541992188,3.4627484489087554,5.151368915154432,15.0,0.11542494829695851
0.0,AFW_diminishing,diminishing,27.0,0.0008220672607421875,3.5703240872731747,3.0137909335877726,16.0,0.11901080290910583
0.0,AFW_diminishing,diminishing,28.0,0.0008502006530761719,3.4451179167390955,3.2832859145794444,16.0,0.11483726389130318
0.0,AFW_diminishing,diminishing,29.0,0.0008771419525146484,3.542990628153936,2.6517334383201216,17.0,0.1180996876051312
0.0,AFW_diminishing,diminishing,30.0,0.0009012222290039062,3.4314430448961346,3.2419937980732776,17.0,0.11438143482987115
0.0,AFW_diminishing,diminishing,31.0,0.0009281635284423828,3.53612002301201,2.351069390896555,18.0,0.11787066743373367
0.0,AFW_diminishing,diminishing,32.0,0.0009572505950927734,3.420794784326606,3.4281389391898855,18.0,0.11402649281088688
0.0,AFW_diminishing,diminishing,33.0,0.0009860992431640625,3.4614452416918446,2.4010432342702153,19.0,0.11538150805639483
0.0,AFW_diminishing,diminishing,34.0,0.0010139942169189453,3.4219441138344786,3.9916424937456485,20.0,0.11406480379448262
0.0,AFW_diminishing,diminishing,35.0,0.0010449886322021484,3.3774027121358077,2.7510275957463115,19.0,0.11258009040452692
0.0,AFW_diminishing,diminishing,36.0,0.0010743141174316406,3.433164737651492,2.3278709870276826,19.0,0.11443882458838307
0.0,AFW_diminishing,diminishing,37.0,0.001104116439819336,3.3690330536619566,2.430618706325127,19.0,0.11230110178873189
0.0,AFW_diminishing,diminishing,38.0,0.0011320114135742188,3.4318675427500818,2.098341958259372,19.0,0.11439558475833606
0.0,AFW_diminishing,diminishing,39.0,0.001161336898803711,3.3622543274511982,2.7199484131659837,19.0,0.11207514424837327
0.0,AFW_diminishing,diminishing,40.0,0.001192331314086914,3.427850696949864,1.6559459206716678,19.0,0.1142616898983288
0.0,AFW_diminishing,diminishing,41.0,0.0012202262878417969,3.3574559603378207,2.285015059530455,19.0,0.11191519867792736
0.0,AFW_diminishing,diminishing,42.0,0.0012500286102294922,3.3938760853527037,1.4745166778018906,19.0,0.11312920284509012
0.0,AFW_diminishing,diminishing,43.0,0.0012784004211425781,3.359036641020564,3.257554879454937,19.0,0.11196788803401879
0.0,AFW_diminishing,diminishing,44.0,0.0013072490692138672,3.384901509277783,1.4886359302936043,19.0,0.11283005030925944
0.0,AFW_diminishing,diminishing,45.0,0.0013360977172851562,3.36057382020203,2.9263956481464675,19.0,0.11201912734006766
0.0,AFW_diminishing,diminishing,46.0,0.0013632774353027344,3.3775099475398385,1.5105342343634653,19.0,0.11258366491799461
0.0,AFW_diminishing,diminishing,47.0,0.0013921260833740234,3.3620621336707837,2.6250586224616193,19.0,0.11206873778902612
0.0,AFW_diminishing,diminishing,48.0,0.001421213150024414,3.3714113433157538,1.531557769720127,19.0,0.11238037811052512
0.0,AFW_diminishing,diminishing,49.0,0.0014500617980957031,3.3634986699032874,2.3496996670868597,19.0,0.11211662233010958
0.0,AFW_diminishing,diminishing,50.0,0.0014960765838623047,3.3663756400785743,1.551062306806699,19.0,0.11221252133595247
0.0,AFW_diminishing,diminishing,51.0,0.0015239715576171875,3.350651686715039,2.186395201897801,20.0,0.11168838955716796
0.0,AFW_diminishing,diminishing,52.0,0.0015532970428466797,3.3688618213067762,1.4684163398842651,21.0,0.1122953940435592
0.0,AFW_diminishing,diminishing,53.0,0.0015811920166015625,3.3479011769346148,2.3411295321940697,21.0,0.11159670589782049
0.0,AFW_diminishing,diminishing,54.0,0.0016109943389892578,3.377085018803265,1.4511532773273812,21.0,0.1125695006267755
0.0,AFW_diminishing,diminishing,55.0,0.0016393661499023438,3.345397851705136,1.8808584918894233,21.0,0.11151326172350454
0.0,AFW_diminishing,diminishing,56.0,0.0016682147979736328,3.3910608241261992,1.3406455445925873,21.0,0.11303536080420665
0.0,AFW_diminishing,diminishing,57.0,0.0016970634460449219,3.3432848004050775,1.942203794487094,21.0,0.11144282668016925
0.0,AFW_diminishing,diminishing,58.0,0.0017271041870117188,3.3473518804502445,1.296776429869304,21.0,0.11157839601500814
0.0,AFW_diminishing,diminishing,59.0,0.0017552375793457031,3.351612546566614,1.64349155136561,21.0,0.11172041821888713
0.0,AFW_diminishing,diminishing,60.0,0.0017840862274169922,3.3448806802682047,1.5370803082735005,21.0,0.11149602267560682
0.0,AFW_diminishing,diminishing,61.0,0.0018122196197509766,3.3430121631946976,1.527424997536043,21.0,0.11143373877315658
0.0,AFW_diminishing,diminishing,62.0,0.0018422603607177734,3.342710165486928,1.2700390752130755,21.0,0.1114236721828976
0.0,AFW_diminishing,diminishing,63.0,0.0018701553344726562,3.3729696025928466,1.3962473745332726,21.0,0.11243232008642821
0.0,AFW_diminishing,diminishing,64.0,0.0019001960754394531,3.3409086547965745,1.8072932780643924,21.0,0.11136362182655249
0.0,AFW_diminishing,diminishing,65.0,0.0019292831420898438,3.341170409978274,1.3674659578914419,21.0,0.1113723469992758
0.0,AFW_diminishing,diminishing,66.0,0.001958131790161133,3.3391877376956507,1.2810643784895532,21.0,0.11130625792318835
0.0,AFW_diminishing,diminishing,67.0,0.0019860267639160156,3.3475624721809076,1.2682573684094205,21.0,0.11158541573936359
0.0,AFW_diminishing,diminishing,68.0,0.0020160675048828125,3.3376951652260103,1.5111063786829533,21.0,0.11125650550753367
0.0,AFW_diminishing,diminishing,69.0,0.002045154571533203,3.354128856607537,1.1988671582898913,21.0,0.11180429522025123
0.0,AFW_diminishing,diminishing,70.0,0.0020742416381835938,3.3363752049073185,1.5959944949304976,21.0,0.11121250683024395
0.0,AFW_diminishing,diminishing,71.0,0.0021021366119384766,3.338991563576733,1.1621207886392853,21.0,0.1112997187858911
0.0,AFW_diminishing,diminishing,72.0,0.002132415771484375,3.3351410661291014,1.2692227270807912,21.0,0.11117136887097005
0.0,AFW_diminishing,diminishing,73.0,0.002160310745239258,3.3424339803916134,1.129146928583424,21.0,0.11141446601305378
0.0,AFW_diminishing,diminishing,74.0,0.002189159393310547,3.3376980662926323,2.0372216720287017,22.0,0.1112566022097544
0.0,AFW_diminishing,diminishing,75.0,0.002218008041381836,3.328430651394629,1.7427796742730646,22.0,0.11094768837982097
0.0,AFW_diminishing,diminishing,76.0,0.0022492408752441406,3.317654503567251,1.713382176666661,21.0,0.1105884834522417
0.0,AFW_diminishing,diminishing,77.0,0.0022771358489990234,3.312843999307832,1.8077170508308544,21.0,0.11042813331026106
0.0,AFW_diminishing,diminishing,78.0,0.0023071765899658203,3.3139782388497143,1.7116243235950268,21.0,0.11046594129499047
0.0,AFW_diminishing,diminishing,79.0,0.002335071563720703,3.3113194155344505,1.1833029159566966,21.0,0.11037731385114835
0.0,AFW_diminishing,diminishing,80.0,0.0023653507232666016,3.314513445637402,1.5800122966982393,21.0,0.11048378152124673
0.0,AFW_diminishing,diminishing,81.0,0.0023932456970214844,3.309981034608692,1.1853035816883608,21.0,0.11033270115362306
0.0,AFW_diminishing,diminishing,82.0,0.0024220943450927734,3.314796092826486,1.4555786266239608,22.0,0.1104932030942162
0.0,AFW_diminishing,diminishing,83.0,0.002451181411743164,3.3088070281821205,1.1790933589052894,22.0,0.11029356760607069
0.0,AFW_diminishing,diminishing,84.0,0.002481222152709961,3.3093482717697595,1.4155465983741529,23.0,0.11031160905899198
0.0,AFW_diminishing,diminishing,85.0,0.0025091171264648438,3.2990952302066554,1.3657777569187122,22.0,0.10996984100688852
0.0,AFW_diminishing,diminishing,86.0,0.0025391578674316406,3.290813613655384,1.4660209341663037,23.0,0.10969378712184613
0.0,AFW_diminishing,diminishing,87.0,0.002567291259765625,3.282134673296527,1.4991322647607213,24.0,0.10940448910988423
0.0,AFW_diminishing,diminishing,88.0,0.002598285675048828,3.2782777312579827,1.0860792837710829,24.0,0.10927592437526609
0.0,AFW_diminishing,diminishing,89.0,0.002626180648803711,3.2790334762232076,1.3915470847853317,24.0,0.10930111587410692
0.0,AFW_diminishing,diminishing,90.0,0.0026559829711914062,3.2773137685819966,0.765485838805505,24.0,0.10924379228606655
0.0,AFW_diminishing,diminishing,91.0,0.002684354782104492,3.2793707206326412,1.2976207841401006,24.0,0.10931235735442138
0.0,AFW_diminishing,diminishing,92.0,0.0027151107788085938,3.2764536760971064,0.7710087704653787,24.0,0.10921512253657022
0.0,AFW_diminishing,diminishing,93.0,0.0027441978454589844,3.2797001249310096,1.207859143244514,24.0,0.10932333749770032
0.0,AFW_diminishing,diminishing,94.0,0.0027740001678466797,3.2756870349145197,0.7763118769414081,24.0,0.10918956783048399
0.0,AFW_diminishing,diminishing,95.0,0.0028023719787597656,3.2799185957986485,1.160883153078574,24.0,0.10933061985995494
0.0,AFW_diminishing,diminishing,96.0,0.002833127975463867,3.2749807041710977,1.1369625249969548,24.0,0.10916602347236992
0.0,AFW_diminishing,diminishing,97.0,0.0028612613677978516,3.279263105159499,1.0927581503600639,24.0,0.1093087701719833
0.0,AFW_diminishing,diminishing,98.0,0.002891063690185547,3.2743421489951094,0.7761140331701633,24.0,0.10914473829983698
0.0,AFW_diminishing,diminishing,99.0,0.0029191970825195312,3.2806607726651595,1.0604558327875644,24.0,0.10935535908883866
0.0,AFW_diminishing,diminishing,100.0,0.0029633045196533203,3.267552850949212,1.8857816295714116,24.0,0.10891842836497374
0.0,AFW_diminishing,diminishing,101.0,0.0029921531677246094,3.2713532468179722,1.0895875861776698,24.0,0.10904510822726574
0.0,AFW_diminishing,diminishing,102.0,0.0030221939086914062,3.2669633188013574,1.0498726292712295,24.0,0.10889877729337857
0.0,AFW_diminishing,diminishing,103.0,0.0030510425567626953,3.271621365429092,1.0148664380455372,24.0,0.10905404551430306
0.0,AFW_diminishing,diminishing,104.0,0.0030820369720458984,3.2664354359718057,1.052056054891814,24.0,0.10888118119906019
0.0,AFW_diminishing,diminishing,105.0,0.003110170364379883,3.271883494454929,0.9430701917437787,24.0,0.10906278314849763
0.0,AFW_diminishing,diminishing,106.0,0.0031402111053466797,3.2659635889431025,1.0541659242054422,24.0,0.10886545296477008
0.0,AFW_diminishing,diminishing,107.0,0.0031681060791015625,3.266024710524103,0.8758369306763196,24.0,0.10886749035080343
0.0,AFW_diminishing,diminishing,108.0,0.0031991004943847656,3.25763360836001,1.13591644609515,24.0,0.10858778694533368
0.0,AFW_diminishing,diminishing,109.0,0.003229379653930664,3.254631922397805,1.0139410288674267,25.0,0.1084877307465935
0.0,AFW_diminishing,diminishing,110.0,0.0032591819763183594,3.2591742137029374,1.1233959172930437,25.0,0.10863914045676458
0.0,AFW_diminishing,diminishing,111.0,0.00328826904296875,3.2541166799329497,0.9519516904482117,25.0,0.10847055599776499
0.0,AFW_diminishing,diminishing,112.0,0.0033180713653564453,3.2594248800632903,1.049742392910746,25.0,0.10864749600210968
0.0,AFW_diminishing,diminishing,113.0,0.0033473968505859375,3.253652394008032,0.9603930703918966,25.0,0.10845507980026774
0.0,AFW_diminishing,diminishing,114.0,0.003377199172973633,3.253677585189447,1.018533200965079,26.0,0.10845591950631489
0.0,AFW_diminishing,diminishing,115.0,0.0034062862396240234,3.253213676279812,0.5704707618563791,26.0,0.10844045587599373
0.0,AFW_diminishing,diminishing,116.0,0.0034360885620117188,3.2571191920593185,0.9675630181692103,27.0,0.10857063973531061
0.0,AFW_diminishing,diminishing,117.0,0.0034661293029785156,3.252813151442027,0.7593704932712964,27.0,0.10842710504806757
0.0,AFW_diminishing,diminishing,118.0,0.0034961700439453125,3.253517930228785,0.9424537491445246,27.0,0.10845059767429284
0.0,AFW_diminishing,diminishing,119.0,0.003525257110595703,3.2524337966089645,0.5631968388715425,27.0,0.10841445988696548
0.0,AFW_diminishing,diminishing,120.0,0.0035562515258789062,3.2485094448840828,0.9059785782586438,27.0,0.10828364816280275
0.0,AFW_diminishing,diminishing,121.0,0.0035829544067382812,3.2491035712721157,0.6605030149164755,27.0,0.10830345237573719
0.0,AFW_diminishing,diminishing,122.0,0.003614187240600586,3.247657978281279,1.2340118859682399,27.0,0.1082552659427093
0.0,AFW_diminishing,diminishing,123.0,0.003645181655883789,3.2486365209586676,0.9090505685988504,27.0,0.10828788403195559
0.0,AFW_diminishing,diminishing,124.0,0.003675222396850586,3.2477908630548846,1.1786249815759646,27.0,0.10825969543516283
0.0,AFW_diminishing,diminishing,125.0,0.003705263137817383,3.2482045592243782,0.9122343167144766,27.0,0.10827348530747928
0.0,AFW_diminishing,diminishing,126.0,0.003736257553100586,3.2479217074099864,1.1250369147790256,27.0,0.10826405691366621
0.0,AFW_diminishing,diminishing,127.0,0.0037660598754882812,3.2478051063703295,0.9153227971628386,27.0,0.10826017021234431
0.0,AFW_diminishing,diminishing,128.0,0.0037970542907714844,3.2443556250062,1.1004012309209905,28.0,0.10814518750020666
0.0,AFW_diminishing,diminishing,129.0,0.003827333450317383,3.2477233046692664,0.8401307377836833,28.0,0.10825744348897555
0.0,AFW_diminishing,diminishing,130.0,0.003858327865600586,3.2421575694101317,1.2940013813932776,28.0,0.10807191898033772
0.0,AFW_diminishing,diminishing,131.0,0.003889322280883789,3.2447694355022247,0.6698082988329013,28.0,0.10815898118340748
0.0,AFW_diminishing,diminishing,132.0,0.003920316696166992,3.244569818135378,1.1657173610710032,28.0,0.10815232727117927
0.0,AFW_diminishing,diminishing,133.0,0.003949165344238281,3.244391289651841,0.5717275572750413,28.0,0.10814637632172804
0.0,AFW_diminishing,diminishing,134.0,0.003980159759521484,3.2446929260075983,1.1141324642946522,28.0,0.10815643086691994
0.0,AFW_diminishing,diminishing,135.0,0.00400996208190918,3.2440405104812466,0.5719228751847467,28.0,0.10813468368270822
0.0,AFW_diminishing,diminishing,136.0,0.004041194915771484,3.2416546386868315,1.081239217537144,28.0,0.10805515462289438
0.0,AFW_diminishing,diminishing,137.0,0.004070281982421875,3.243708494159636,0.6609899431151227,28.0,0.10812361647198787
0.0,AFW_diminishing,diminishing,138.0,0.004101276397705078,3.244461550958919,1.0485847260255898,28.0,0.10814871836529731
0.0,AFW_diminishing,diminishing,139.0,0.004130125045776367,3.243396897552113,0.5608592847802853,28.0,0.10811322991840376
0.0,AFW_diminishing,diminishing,140.0,0.00416111946105957,3.2414775621808736,1.026302062838015,28.0,0.10804925207269579
0.0,AFW_diminishing,diminishing,141.0,0.004190206527709961,3.2430991638417326,0.6576168000585536,28.0,0.10810330546139109
0.0,AFW_diminishing,diminishing,142.0,0.004220247268676758,3.24155031917563,0.9886659616201534,28.0,0.10805167730585434
0.0,AFW_diminishing,diminishing,143.0,0.004250288009643555,3.2428202793451053,0.6589428897113656,28.0,0.10809400931150351
0.0,AFW_diminishing,diminishing,144.0,0.00428009033203125,3.2439487198070704,0.9726354639618773,28.0,0.10813162399356901
0.0,AFW_diminishing,diminishing,145.0,0.004309177398681641,3.2425543848484266,0.5462779680270131,28.0,0.10808514616161422
0.0,AFW_diminishing,diminishing,146.0,0.004340171813964844,3.241398239660718,0.9383242240114793,28.0,0.1080466079886906
0.0,AFW_diminishing,diminishing,147.0,0.004369258880615234,3.2423037533314547,0.6558593730539712,28.0,0.10807679177771516
0.0,AFW_diminishing,diminishing,148.0,0.0044002532958984375,3.243773037936984,0.9159324763105747,28.0,0.1081257679312328
0.0,AFW_diminishing,diminishing,149.0,0.0044291019439697266,3.2420665226530505,0.5488017095959421,28.0,0.10806888408843501
0.0,AFW_diminishing,diminishing,150.0,0.004472255706787109,3.2412635979631057,0.8907306423503218,28.0,0.10804211993210353
0.0,AFW_diminishing,diminishing,151.0,0.004503011703491211,3.2418409133004045,0.6529552674347148,28.0,0.10806136377668014
0.0,AFW_diminishing,diminishing,152.0,0.0045320987701416016,3.240499485006374,0.8698194134908164,28.0,0.10801664950021246
0.0,AFW_diminishing,diminishing,153.0,0.004563331604003906,3.236709088074809,0.8192805697341079,28.0,0.10789030293582696
0.0,AFW_diminishing,diminishing,154.0,0.004591226577758789,3.239660465951755,0.6127069325249526,28.0,0.10798868219839183
0.0,AFW_diminishing,diminishing,155.0,0.0046231746673583984,3.236562934158149,0.6380395470993552,28.0,0.10788543113860498
0.0,AFW_diminishing,diminishing,156.0,0.004651069641113281,3.2397462943626056,0.5803514349444328,28.0,0.10799154314542019
0.0,AFW_diminishing,diminishing,157.0,0.004682064056396484,3.2364280747363043,0.6392875096931849,28.0,0.10788093582454347
0.0,AFW_diminishing,diminishing,158.0,0.004711151123046875,3.2398307790893788,0.548830252676261,28.0,0.10799435930297929
0.0,AFW_diminishing,diminishing,159.0,0.004742145538330078,3.2363038050357553,0.6405058772745598,28.0,0.10787679350119185
0.0,AFW_diminishing,diminishing,160.0,0.004772186279296875,3.2365580474525393,0.5181115364362938,28.0,0.10788526824841797
0.0,AFW_diminishing,diminishing,161.0,0.004804134368896484,3.231275874209292,1.103956280924498,29.0,0.10770919580697641
0.0,AFW_diminishing,diminishing,162.0,0.004834175109863281,3.2303992870858633,0.6094169135946945,29.0,0.10767997623619545
0.0,AFW_diminishing,diminishing,163.0,0.004865169525146484,3.227657213484106,1.0664454795982294,29.0,0.10758857378280354
0.0,AFW_diminishing,diminishing,164.0,0.00489497184753418,3.2268425032532773,0.4705815428081088,28.0,0.10756141677510925
0.0,AFW_diminishing,diminishing,165.0,0.004924297332763672,3.2263672276392605,0.42330953597955023,28.0,0.10754557425464202
0.0,AFW_diminishing,diminishing,166.0,0.004955291748046875,3.2231686353202735,0.8208236577718377,28.0,0.10743895451067578
0.0,AFW_diminishing,diminishing,167.0,0.00498509407043457,3.222585558874725,0.7946025705963962,28.0,0.10741951862915751
0.0,AFW_diminishing,diminishing,168.0,0.0050160884857177734,3.2230054366480485,0.5122055135777099,28.0,0.10743351455493495
0.0,AFW_diminishing,diminishing,169.0,0.0050470829010009766,3.222633171967561,0.768136261937034,28.0,0.10742110573225204
0.0,AFW_diminishing,diminishing,170.0,0.0050771236419677734,3.222851357968537,0.5128361988351848,28.0,0.10742837859895123
0.0,AFW_diminishing,diminishing,171.0,0.005106210708618164,3.2226802463356994,0.7422996531769037,28.0,0.10742267487785664
0.0,AFW_diminishing,diminishing,172.0,0.0051381587982177734,3.2227059012064,0.5134534260866861,28.0,0.10742353004021334
0.0,AFW_diminishing,diminishing,173.0,0.00516510009765625,3.2227267813960534,0.7170705414631051,28.0,0.1074242260465351
0.0,AFW_diminishing,diminishing,174.0,0.005194187164306641,3.222568599270202,0.514057618642271,28.0,0.10741895330900672
0.0,AFW_diminishing,diminishing,175.0,0.005225419998168945,3.222772777443338,0.6924277553598088,28.0,0.10742575924811128
0.0,AFW_diminishing,diminishing,176.0,0.005254268646240234,3.2224390138430468,0.5146491823822288,28.0,0.10741463379476822
0.0,AFW_diminishing,diminishing,177.0,0.0052852630615234375,3.222818235554003,0.6683510956583412,28.0,0.10742727451846677
0.0,AFW_diminishing,diminishing,178.0,0.005316257476806641,3.222316733351734,0.5152285066367615,28.0,0.10741055777839113
0.0,AFW_diminishing,diminishing,179.0,0.005347251892089844,3.2228631574996043,0.6448212802162097,28.0,0.10742877191665348
0.0,AFW_diminishing,diminishing,180.0,0.005376100540161133,3.2222013710983277,0.5157959650134725,28.0,0.10740671236994426
0.0,AFW_diminishing,diminishing,181.0,0.005407094955444336,3.2229075456686833,0.6218198925086558,28.0,0.10743025152228944
0.0,AFW_diminishing,diminishing,182.0,0.005437374114990234,3.222092563539578,0.5163519161762498,28.0,0.10740308545131927
0.0,AFW_diminishing,diminishing,183.0,0.005468130111694336,3.222951402996283,0.5993293336046488,28.0,0.10743171343320944
0.0,AFW_diminishing,diminishing,184.0,0.005499124526977539,3.2219899687011493,0.5168967045787856,28.0,0.10739966562337164
0.0,AFW_diminishing,diminishing,185.0,0.005529165267944336,3.222994732900349,0.5773327773042318,28.0,0.10743315776334497
0.0,AFW_diminishing,diminishing,186.0,0.005560159683227539,3.2218932647148044,0.5174306611556965,28.0,0.10739644215716014
0.0,AFW_diminishing,diminishing,187.0,0.005589008331298828,3.2230375392243245,0.5558141281972571,28.0,0.10743458464081082
0.0,AFW_diminishing,diminishing,188.0,0.0056192874908447266,3.221802148467916,0.5179541039741427,28.0,0.10739340494893053
0.0,AFW_diminishing,diminishing,189.0,0.005648136138916016,3.223079826185333,0.5347579824238835,28.0,0.10743599420617776
0.0,AFW_diminishing,diminishing,190.0,0.005679130554199219,3.2217163343556408,0.5184673388484313,28.0,0.10739054447852135
0.0,AFW_diminishing,diminishing,191.0,0.005708217620849609,3.223121598327403,0.5141495909360678,28.0,0.10743738661091344
0.0,AFW_diminishing,diminishing,192.0,0.005740165710449219,3.221635553127039,0.5189706599200239,28.0,0.1073878517709013
0.0,AFW_diminishing,diminishing,193.0,0.005769968032836914,3.223162860479237,0.49397482507598056,28.0,0.10743876201597456
0.0,AFW_diminishing,diminishing,194.0,0.005801200866699219,3.2215595508172328,0.5194643502052525,28.0,0.10738531836057442
0.0,AFW_diminishing,diminishing,195.0,0.005831241607666016,3.2213340036722715,0.4825032028236471,28.0,0.10737780012240905
0.0,AFW_diminishing,diminishing,196.0,0.005863189697265625,3.2191766855024566,0.5250563857836656,28.0,0.10730588951674855
0.0,AFW_diminishing,diminishing,197.0,0.005893230438232422,3.2213831035005818,0.3924138301696445,28.0,0.10737943678335272
0.0,AFW_diminishing,diminishing,198.0,0.005924224853515625,3.218696345055416,0.9649209821685787,28.0,0.10728987816851386
0.0,AFW_diminishing,diminishing,199.0,0.005953073501586914,3.2180348288767493,0.41492092501524525,27.0,0.10726782762922497
0.0,AFW_exact,exact,0.0,6.198883056640625e-05,18.491933736288896,158.5158685515828,1.0,0.6163977912096299
0.0,AFW_exact,exact,1.0,9.608268737792969e-05,12.336475317526903,40.70153284591082,2.0,0.41121584391756344
0.0,AFW_exact,exact,2.0,0.00012493133544921875,9.176473459160418,28.09834301272329,3.0,0.3058824486386806
0.0,AFW_exact,exact,3.0,0.00015425682067871094,7.615293326005347,23.15536372132243,4.0,0.2538431108668449
0.0,AFW_exact,exact,4.0,0.00018906593322753906,6.6559230549756405,11.481345814714082,4.0,0.22186410183252134
0.0,AFW_exact,exact,5.0,0.0002200603485107422,6.132349627130026,12.464094635305557,5.0,0.20441165423766752
0.0,AFW_exact,exact,6.0,0.00025010108947753906,5.525667794017988,11.767019718201503,6.0,0.18418892646726626
0.0,AFW_exact,exact,7.0,0.0002810955047607422,5.364522319757213,8.88748220149292,6.0,0.17881741065857376
0.0,AFW_exact,exact,8.0,0.0003101825714111328,4.929121767132859,9.788142963625388,7.0,0.16430405890442862
0.0,AFW_exact,exact,9.0,0.0003399848937988281,4.690771732707655,7.810442876671059,8.0,0.15635905775692185
0.0,AFW_exact,exact,10.0,0.000370025634765625,4.471194457969078,6.396180366980353,9.0,0.14903981526563595
0.0,AFW_exact,exact,11.0,0.0004019737243652344,4.328121707849207,6.553632610663058,10.0,0.14427072359497356
0.0,AFW_exact,exact,12.0,0.00043392181396484375,4.219098440113403,5.211845813772228,10.0,0.14063661467044677
0.0,AFW_exact,exact,13.0,0.00046324729919433594,4.059362485873152,5.324126504299864,11.0,0.1353120828624384
0.0,AFW_exact,exact,14.0,0.0004980564117431641,3.9594807050541125,5.409834430653731,12.0,0.13198269016847042
0.0,AFW_exact,exact,15.0,0.0005278587341308594,3.8404072789877595,3.250095303924102,12.0,0.12801357596625865
0.0,AFW_exact,exact,16.0,0.0005581378936767578,3.7706886087917315,3.9929749118736373,13.0,0.12568962029305772
0.0,AFW_exact,exact,17.0,0.0005881786346435547,3.7344647775081836,2.725516644890499,14.0,0.12448215925027278
0.0,AFW_exact,exact,18.0,0.0006248950958251953,3.7113614566973183,2.48072272995652,15.0,0.12371204855657728
0.0,AFW_exact,exact,19.0,0.0006551742553710938,3.6902411113202116,1.9934723932634393,15.0,0.12300803704400705
0.0,AFW_exact,exact,20.0,0.0006883144378662109,3.6747137355517436,2.135734230376258,16.0,0.12249045785172478
0.0,AFW_exact,exact,21.0,0.0007200241088867188,3.6496520538217303,1.917322750160439,16.0,0.12165506846072434
0.0,AFW_exact,exact,22.0,0.0007700920104980469,3.6347456869909407,1.9232611365471346,17.0,0.12115818956636469
0.0,AFW_exact,exact,23.0,0.0008101463317871094,3.6205481444647765,1.8177524211877074,18.0,0.12068493814882589
0.0,AFW_exact,exact,24.0,0.0008480548858642578,3.6122476410810975,1.2977257513298195,18.0,0.12040825470270325
0.0,AFW_exact,exact,25.0,0.0008792877197265625,3.6009127608712346,1.5463342823637287,19.0,0.12003042536237449
0.0,AFW_exact,exact,26.0,0.0009112358093261719,3.5867173100702496,1.6917475580715973,19.0,0.11955724366900831
0.0,AFW_exact,exact,27.0,0.000942230224609375,3.5699511308990632,1.6650212424301305,19.0,0.11899837102996877
0.0,AFW_exact,exact,28.0,0.0009741783142089844,3.5573320914864026,1.541189412788822,20.0,0.11857773638288009
0.0,AFW_exact,exact,29.0,0.0010051727294921875,3.546611029131345,1.8236708168382023,21.0,0.1182203676377115
0.0,AFW_exact,exact,30.0,0.001043081283569336,3.534524065040401,1.5032905281346647,22.0,0.11781746883468003
0.0,AFW_exact,exact,31.0,0.0010771751403808594,3.516399557233609,1.502800068155155,22.0,0.11721331857445363
0.0,AFW_exact,exact,32.0,0.0011110305786132812,3.507826246858871,1.3995284419237795,21.0,0.11692754156196236
0.0,AFW_exact,exact,33.0,0.0011551380157470703,3.496465391504919,1.7000783225547291,22.0,0.1165488463834973
0.0,AFW_exact,exact,34.0,0.0011930465698242188,3.4853744739875716,1.0838628465574054,22.0,0.11617914913291906
0.0,AFW_exact,exact,35.0,0.0012280941009521484,3.4711884463185942,1.7514513272920276,23.0,0.11570628154395314
0.0,AFW_exact,exact,36.0,0.0012621879577636719,3.463200095784299,1.3423567716861236,24.0,0.11544000319280998
0.0,AFW_exact,exact,37.0,0.0012960433959960938,3.453145036038499,1.2184825057893782,24.0,0.11510483453461663
0.0,AFW_exact,exact,38.0,0.0013272762298583984,3.4443164223764655,1.0748046326059981,24.0,0.11481054741254886
0.0,AFW_exact,exact,39.0,0.0013608932495117188,3.4343066361666112,1.2823326436960603,24.0,0.11447688787222038
0.0,AFW_exact,exact,40.0,0.0013930797576904297,3.420818239804702,1.5914528264256802,24.0,0.11402727466015673
0.0,AFW_exact,exact,41.0,0.0014259815216064453,3.4046934834329754,1.4820228004795197,24.0,0.11348978278109918
0.0,AFW_exact,exact,42.0,0.0014579296112060547,3.397873630684048,1.0092953345673479,24.0,0.11326245435613493
0.0,AFW_exact,exact,43.0,0.0014910697937011719,3.390402993254514,0.9681442270736689,24.0,0.1130134331084838
0.0,AFW_exact,exact,44.0,0.0015239715576171875,3.383099424326251,1.1339111209004038,24.0,0.11276998081087504
0.0,AFW_exact,exact,45.0,0.0015571117401123047,3.3776936117444736,0.8667578343152282,24.0,0.11258978705814912
0.0,AFW_exact,exact,46.0,0.0015881061553955078,3.3708035709602884,1.1751799534052374,24.0,0.11236011903200961
0.0,AFW_exact,exact,47.0,0.0016231536865234375,3.3675908127902994,0.8762182548544128,25.0,0.11225302709300998
0.0,AFW_exact,exact,48.0,0.0016582012176513672,3.3628445846274677,0.8797975844366483,25.0,0.11209481948758225
0.0,AFW_exact,exact,49.0,0.001692056655883789,3.3587504446866228,0.7981700870295647,25.0,0.11195834815622076
0.0,AFW_exact,exact,50.0,0.0017402172088623047,3.3538444946679076,0.9540263920178482,25.0,0.11179481648893025
0.0,AFW_exact,exact,51.0,0.0018088817596435547,3.3502895849614327,0.838328053641062,24.0,0.11167631949871443
0.0,AFW_exact,exact,52.0,0.0018610954284667969,3.347040498809731,0.9502622538191954,24.0,0.11156801662699103
0.0,AFW_exact,exact,53.0,0.0019230842590332031,3.342471458259414,0.9234765203721587,24.0,0.11141571527531381
0.0,AFW_exact,exact,54.0,0.0019578933715820312,3.3392632705220984,0.826865328595014,24.0,0.11130877568406995
0.0,AFW_exact,exact,55.0,0.0019919872283935547,3.3313106549752027,0.7699593860211991,24.0,0.11104368849917343
0.0,AFW_exact,exact,56.0,0.002025127410888672,3.3284949989400126,0.7981759631501077,25.0,0.11094983329800041
0.0,AFW_exact,exact,57.0,0.0020601749420166016,3.3252135864779087,0.7305524927627953,25.0,0.11084045288259696
0.0,AFW_exact,exact,58.0,0.002092123031616211,3.3213469979256187,0.9317123000975585,25.0,0.11071156659752063
0.0,AFW_exact,exact,59.0,0.0021250247955322266,3.3194116589897207,0.6412270901965904,25.0,0.11064705529965736
0.0,AFW_exact,exact,60.0,0.00215911865234375,3.317460758434172,0.6222384495516167,25.0,0.11058202528113907
0.0,AFW_exact,exact,61.0,0.002193927764892578,3.3147057862029854,0.636731388787295,25.0,0.11049019287343284
0.0,AFW_exact,exact,62.0,0.002226114273071289,3.3118831790988508,0.4814552261799516,25.0,0.11039610596996169
0.0,AFW_exact,exact,63.0,0.0022611618041992188,3.308601083382096,0.6264457172562672,25.0,0.1102867027794032
0.0,AFW_exact,exact,64.0,0.0022962093353271484,3.305608315598614,0.7434995646099907,25.0,0.11018694385328713
0.0,AFW_exact,exact,65.0,0.002328157424926758,3.303816262201264,0.5959040110595701,25.0,0.11012720874004214
0.0,AFW_exact,exact,66.0,0.0023610591888427734,3.3018309542146365,0.6049665187712119,25.0,0.11006103180715456
0.0,AFW_exact,exact,67.0,0.0023920536041259766,3.299464272628231,0.640031441382586,25.0,0.10998214242094104
0.0,AFW_exact,exact,68.0,0.0024251937866210938,3.2958533655451077,0.8204713330238267,25.0,0.10986177885150358
0.0,AFW_exact,exact,69.0,0.002501249313354492,3.2947610706875765,0.448342526158628,25.0,0.10982536902291921
0.0,AFW_exact,exact,70.0,0.0025899410247802734,3.2930607459684293,0.5953008215140532,25.0,0.10976869153228098
0.0,AFW_exact,exact,71.0,0.0026400089263916016,3.2915566329508144,0.5174563295643129,25.0,0.10971855443169382
0.0,AFW_exact,exact,72.0,0.002682209014892578,3.289732602649352,0.44747968441283525,25.0,0.10965775342164506
0.0,AFW_exact,exact,73.0,0.002721071243286133,3.288744324616018,0.47659436542841327,26.0,0.10962481082053394
0.0,AFW_exact,exact,74.0,0.0027589797973632812,3.287439847816866,0.5394549301518392,26.0,0.1095813282605622
0.0,AFW_exact,exact,75.0,0.002794027328491211,3.2862345338497803,0.4771640212484858,26.0,0.109541151128326
0.0,AFW_exact,exact,76.0,0.0028302669525146484,3.2847398324547563,0.5806615865236342,26.0,0.10949132774849188
0.0,AFW_exact,exact,77.0,0.002869129180908203,3.2831330586139504,0.4593387187514679,26.0,0.10943776862046502
0.0,AFW_exact,exact,78.0,0.0029060840606689453,3.281950649756428,0.5444340990842367,26.0,0.10939835499188093
0.0,AFW_exact,exact,79.0,0.0029420852661132812,3.2798068657825827,0.41802852992071493,26.0,0.10932689552608608
0.0,AFW_exact,exact,80.0,0.0029761791229248047,3.279190229512047,0.434216302247469,26.0,0.1093063409837349
0.0,AFW_exact,exact,81.0,0.0030100345611572266,3.278388433249795,0.45011692896545696,26.0,0.10927961444165983
0.0,AFW_exact,exact,82.0,0.0030422210693359375,3.277471284948741,0.49649770629510925,27.0,0.10924904283162469
0.0,AFW_exact,exact,83.0,0.003080129623413086,3.276193095608177,0.400007202309002,26.0,0.10920643652027257
0.0,AFW_exact,exact,84.0,0.0031120777130126953,3.274716097500772,0.5214876505202426,26.0,0.10915720325002573
0.0,AFW_exact,exact,85.0,0.003144979476928711,3.273150514765304,0.5398403419063573,27.0,0.10910501715884346
0.0,AFW_exact,exact,86.0,0.0031843185424804688,3.2721284548249465,0.4598411017958348,27.0,0.10907094849416489
0.0,AFW_exact,exact,87.0,0.003217935562133789,3.2707199469821626,0.5945010415582068,27.0,0.10902399823273876
0.0,AFW_exact,exact,88.0,0.0032510757446289062,3.269536622918497,0.5137584305465506,27.0,0.10898455409728322
0.0,AFW_exact,exact,89.0,0.0032880306243896484,3.2671956068279258,0.3947879513377224,27.0,0.10890652022759753
0.0,AFW_exact,exact,90.0,0.0033202171325683594,3.2652600302616244,0.3773859178414529,27.0,0.10884200100872081
0.0,AFW_exact,exact,91.0,0.0033540725708007812,3.2636963904343936,0.5653035753533526,27.0,0.10878987968114645
0.0,AFW_exact,exact,92.0,0.003396272659301758,3.2620368839305853,0.5739329835748173,27.0,0.10873456279768617
0.0,AFW_exact,exact,93.0,0.003432035446166992,3.2608974178329952,0.44484722579183966,27.0,0.10869658059443317
0.0,AFW_exact,exact,94.0,0.0034661293029785156,3.2594945557171218,0.5082427905734033,27.0,0.10864981852390405
0.0,AFW_exact,exact,95.0,0.0034990310668945312,3.2585774736505164,0.3589866970295468,27.0,0.10861924912168389
0.0,AFW_exact,exact,96.0,0.0035331249237060547,3.2573362089170717,0.38096167981877294,27.0,0.10857787363056906
0.0,AFW_exact,exact,97.0,0.003566265106201172,3.256110945324959,0.4594289948742656,27.0,0.10853703151083197
0.0,AFW_exact,exact,98.0,0.003599882125854492,3.2548009086568968,0.5273221380469533,27.0,0.10849336362189656
0.0,AFW_exact,exact,99.0,0.0036330223083496094,3.254023971583672,0.29621516731310216,27.0,0.10846746571945573
0.0,AFW_exact,exact,100.0,0.0036859512329101562,3.2534171119788584,0.4308234173039125,27.0,0.10844723706596195
0.0,AFW_exact,exact,101.0,0.0037190914154052734,3.2523310346027507,0.44839555066940306,27.0,0.10841103448675836
0.0,AFW_exact,exact,102.0,0.0037572383880615234,3.2517732676574598,0.3138713457551816,27.0,0.10839244225524866
0.0,AFW_exact,exact,103.0,0.0037910938262939453,3.251113436246756,0.420974555709245,27.0,0.10837044787489188
0.0,AFW_exact,exact,104.0,0.0038242340087890625,3.250733910639084,0.24531141970960846,27.0,0.1083577970213028
0.0,AFW_exact,exact,105.0,0.0038568973541259766,3.2503569598837276,0.33934926758689876,27.0,0.10834523199612425
0.0,AFW_exact,exact,106.0,0.0038900375366210938,3.250075576774565,0.30587458116763955,26.0,0.10833585255915217
0.0,AFW_exact,exact,107.0,0.003924131393432617,3.2495664472045793,0.33651980800187786,26.0,0.10831888157348597
0.0,AFW_exact,exact,108.0,0.003957033157348633,3.2490638912039835,0.35449590493320216,26.0,0.10830212970679945
0.0,AFW_exact,exact,109.0,0.00399327278137207,3.2485858729008372,0.27931848026878825,26.0,0.10828619576336124
0.0,AFW_exact,exact,110.0,0.00402522087097168,3.247924222010496,0.3616777101091255,26.0,0.1082641407336832
0.0,AFW_exact,exact,111.0,0.004058122634887695,3.2473189429451357,0.33325444394890624,26.0,0.10824396476483786
0.0,AFW_exact,exact,112.0,0.004091024398803711,3.2465905958890207,0.34642400545666874,26.0,0.10821968652963403
0.0,AFW_exact,exact,113.0,0.0041239261627197266,3.2457989071799376,0.2883088910957756,26.0,0.10819329690599792
0.0,AFW_exact,exact,114.0,0.00415802001953125,3.245056467213607,0.37532454518381186,27.0,0.10816854890712023
0.0,AFW_exact,exact,115.0,0.0041921138763427734,3.244498024583562,0.3542354840024018,27.0,0.1081499341527854
0.0,AFW_exact,exact,116.0,0.004226207733154297,3.2439900330946987,0.2981566474815551,27.0,0.10813300110315663
0.0,AFW_exact,exact,117.0,0.004260063171386719,3.243013391804646,0.3108431768724458,27.0,0.1081004463934882
0.0,AFW_exact,exact,118.0,0.004293203353881836,3.2423462470905933,0.3518087731688819,27.0,0.10807820823635311
0.0,AFW_exact,exact,119.0,0.00432896614074707,3.2414794300310383,0.4507694007282108,28.0,0.10804931433436794
0.0,AFW_exact,exact,120.0,0.0043621063232421875,3.2408965656896327,0.34789145152207723,28.0,0.10802988552298776
0.0,AFW_exact,exact,121.0,0.0043981075286865234,3.2402360978642286,0.25651166092700883,28.0,0.10800786992880762
0.0,AFW_exact,exact,122.0,0.004431247711181641,3.2397605811466925,0.26984100984297044,28.0,0.10799201937155642
0.0,AFW_exact,exact,123.0,0.004466056823730469,3.2394282544874944,0.2807120732504611,28.0,0.10798094181624981
0.0,AFW_exact,exact,124.0,0.004498958587646484,3.239370925121026,0.253227641077034,27.0,0.10797903083736754
0.0,AFW_exact,exact,125.0,0.004534006118774414,3.2390128634266393,0.24657138543730106,28.0,0.10796709544755465
0.0,AFW_exact,exact,126.0,0.004567146301269531,3.238372319789935,0.3215007650507342,28.0,0.10794574399299783
0.0,AFW_exact,exact,127.0,0.004601240158081055,3.237881902858964,0.33874484257059656,28.0,0.10792939676196546
0.0,AFW_exact,exact,128.0,0.004634857177734375,3.237450260334933,0.3098146203794947,28.0,0.1079150086778311
0.0,AFW_exact,exact,129.0,0.004670143127441406,3.236983045465452,0.2634599082331004,28.0,0.1078994348488484
0.0,AFW_exact,exact,130.0,0.004702091217041016,3.2362590803211586,0.3617997348107771,29.0,0.10787530267737196
0.0,AFW_exact,exact,131.0,0.0047380924224853516,3.235705740398168,0.31862517950655267,29.0,0.10785685801327226
0.0,AFW_exact,exact,132.0,0.004771232604980469,3.2352236904545206,0.24705776491386366,29.0,0.10784078968181736
0.0,AFW_exact,exact,133.0,0.004805088043212891,3.2344726841481237,0.38155452187182526,30.0,0.1078157561382708
0.0,AFW_exact,exact,134.0,0.004837989807128906,3.2339697226134785,0.20431380635142204,30.0,0.10779899075378262
0.0,AFW_exact,exact,135.0,0.004873037338256836,3.2335945166968867,0.30810645609859755,30.0,0.10778648388989623
0.0,AFW_exact,exact,136.0,0.004906177520751953,3.2330998084085256,0.31263112802734305,30.0,0.10776999361361753
0.0,AFW_exact,exact,137.0,0.004941225051879883,3.232803807123182,0.24903639988327875,30.0,0.10776012690410607
0.0,AFW_exact,exact,138.0,0.0049741268157958984,3.2321723824685913,0.23187321890425494,30.0,0.1077390794156197
0.0,AFW_exact,exact,139.0,0.0050089359283447266,3.231502319360444,0.3565418751438294,30.0,0.10771674397868147
0.0,AFW_exact,exact,140.0,0.005042076110839844,3.2310391594688936,0.22355188929777725,30.0,0.10770130531562978
0.0,AFW_exact,exact,141.0,0.0050771236419677734,3.2306167513616795,0.26790546249668346,30.0,0.10768722504538931
0.0,AFW_exact,exact,142.0,0.005110025405883789,3.2303220316043753,0.24846868966550062,30.0,0.10767740105347917
0.0,AFW_exact,exact,143.0,0.005145072937011719,3.2298480764020088,0.22902270269214675,30.0,0.10766160254673363
0.0,AFW_exact,exact,144.0,0.00517725944519043,3.229576771814805,0.2535969605579318,30.0,0.10765255906049351
0.0,AFW_exact,exact,145.0,0.005213022232055664,3.2293701313293237,0.21967869259014883,30.0,0.10764567104431079
0.0,AFW_exact,exact,146.0,0.0052471160888671875,3.2290754944117395,0.2173474316121986,30.0,0.10763584981372465
0.0,AFW_exact,exact,147.0,0.0052759647369384766,3.228764862693876,0.2537334804342368,30.0,0.1076254954231292
0.0,AFW_exact,exact,148.0,0.005311012268066406,3.228348791675618,0.28373230653247816,30.0,0.10761162638918727
0.0,AFW_exact,exact,149.0,0.0053441524505615234,3.227998911561989,0.25320442045245706,30.0,0.10759996371873297
0.0,AFW_exact,exact,150.0,0.005390167236328125,3.2276820083617666,0.26537994988714075,30.0,0.10758940027872556
0.0,AFW_exact,exact,151.0,0.005424976348876953,3.2273041895588586,0.24672186783335093,30.0,0.10757680631862862
0.0,AFW_exact,exact,152.0,0.005462169647216797,3.227034578308489,0.2594987076511277,30.0,0.10756781927694962
0.0,AFW_exact,exact,153.0,0.0054972171783447266,3.2267056466926873,0.22625077735156118,30.0,0.10755685488975625
0.0,AFW_exact,exact,154.0,0.005532026290893555,3.2264959344204684,0.23903772429758163,30.0,0.10754986448068228
0.0,AFW_exact,exact,155.0,0.005567073822021484,3.2263007401039125,0.2440822222064991,30.0,0.10754335800346375
0.0,AFW_exact,exact,156.0,0.0055999755859375,3.2260939126697106,0.19558996835578668,30.0,0.10753646375565702
0.0,AFW_exact,exact,157.0,0.005635261535644531,3.2258348340828333,0.20689802943257796,30.0,0.10752782780276111
0.0,AFW_exact,exact,158.0,0.005668163299560547,3.2255101526873715,0.19714456368238054,30.0,0.10751700508957905
0.0,AFW_exact,exact,159.0,0.005702018737792969,3.225157903808659,0.2582602868300228,30.0,0.10750526346028863
0.0,AFW_exact,exact,160.0,0.0057370662689208984,3.2248028811448437,0.23914795611827344,30.0,0.1074934293714948
0.0,AFW_exact,exact,161.0,0.005772113800048828,3.224431136019441,0.2512956973454674,30.0,0.10748103786731471
0.0,AFW_exact,exact,162.0,0.005805015563964844,3.2241911693608523,0.22005679894271069,30.0,0.10747303897869508
0.0,AFW_exact,exact,163.0,0.0058400630950927734,3.223930473802175,0.18669839892061724,30.0,0.10746434912673916
0.0,AFW_exact,exact,164.0,0.005872964859008789,3.2235020935805077,0.284889791844428,30.0,0.10745006978601693
0.0,AFW_exact,exact,165.0,0.0059070587158203125,3.223206528812434,0.16364215796459192,30.0,0.10744021762708114
0.0,AFW_exact,exact,166.0,0.005939960479736328,3.2228957929026394,0.2367390381873502,30.0,0.10742985976342131
0.0,AFW_exact,exact,167.0,0.005975008010864258,3.222679585621978,0.22019376985156924,30.0,0.10742265285406592
0.0,AFW_exact,exact,168.0,0.006009101867675781,3.2223879506857935,0.25456758309241323,30.0,0.10741293168952645
0.0,AFW_exact,exact,169.0,0.006042957305908203,3.22216974269748,0.19985832705205908,30.0,0.107405658089916
0.0,AFW_exact,exact,170.0,0.00607609748840332,3.2218911549215297,0.18061898467932558,30.0,0.10739637183071765
0.0,AFW_exact,exact,171.0,0.00611114501953125,3.2215808084603808,0.19219025359728192,30.0,0.10738602694867935
0.0,AFW_exact,exact,172.0,0.006144046783447266,3.2212415641542553,0.25614727315349484,30.0,0.10737471880514185
0.0,AFW_exact,exact,173.0,0.006179094314575195,3.221033759777426,0.22031340996367632,30.0,0.10736779199258087
0.0,AFW_exact,exact,174.0,0.0062122344970703125,3.220767686821189,0.2348403186833945,30.0,0.10735892289403964
0.0,AFW_exact,exact,175.0,0.006251096725463867,3.2204904879351854,0.18726492259910543,30.0,0.10734968293117285
0.0,AFW_exact,exact,176.0,0.006292104721069336,3.2202011703761197,0.19034052803201895,30.0,0.10734003901253733
0.0,AFW_exact,exact,177.0,0.006329059600830078,3.2198341264281223,0.26920590711681314,30.0,0.10732780421427074
0.0,AFW_exact,exact,178.0,0.006365060806274414,3.219572946056043,0.21475332037387673,30.0,0.10731909820186811
0.0,AFW_exact,exact,179.0,0.006414175033569336,3.219314202006232,0.20956119348735314,30.0,0.10731047340020773
0.0,AFW_exact,exact,180.0,0.006452083587646484,3.2190674324077837,0.21257278137372992,30.0,0.10730224774692612
0.0,AFW_exact,exact,181.0,0.006487131118774414,3.218786363206163,0.21273338589638868,30.0,0.10729287877353877
0.0,AFW_exact,exact,182.0,0.006522178649902344,3.2184522350506493,0.23422017306840281,30.0,0.10728174116835497
0.0,AFW_exact,exact,183.0,0.006556034088134766,3.2181405681449093,0.2240467802347581,30.0,0.10727135227149698
0.0,AFW_exact,exact,184.0,0.0065920352935791016,3.217831179122277,0.23623736298353748,30.0,0.10726103930407589
0.0,AFW_exact,exact,185.0,0.006627082824707031,3.2175664781256166,0.1982578249989171,30.0,0.10725221593752056
0.0,AFW_exact,exact,186.0,0.006661891937255859,3.217126037969106,0.21547165286622594,30.0,0.1072375345989702
0.0,AFW_exact,exact,187.0,0.006698131561279297,3.2167450321691025,0.22189948476408894,29.0,0.10722483440563675
0.0,AFW_exact,exact,188.0,0.0067331790924072266,3.2166025080279397,0.17088278980822125,29.0,0.10722008360093133
0.0,AFW_exact,exact,189.0,0.00676727294921875,3.216446711350801,0.1907215957344981,29.0,0.10721489037836003
0.0,AFW_exact,exact,190.0,0.006802082061767578,3.2162016428978246,0.17466643948631422,29.0,0.10720672142992749
0.0,AFW_exact,exact,191.0,0.006837129592895508,3.2160052023497054,0.19446665188688428,29.0,0.10720017341165684
0.0,AFW_exact,exact,192.0,0.0068700313568115234,3.21580596684309,0.20931562332451215,29.0,0.107193532228103
0.0,AFW_exact,exact,193.0,0.006904125213623047,3.2155416710295275,0.2423301771262114,29.0,0.10718472236765092
0.0,AFW_exact,exact,194.0,0.006937265396118164,3.2152806790404123,0.18676258649144373,29.0,0.10717602263468042
0.0,AFW_exact,exact,195.0,0.00697016716003418,3.215075727953889,0.1749344146385976,29.0,0.10716919093179629
0.0,AFW_exact,exact,196.0,0.007003068923950195,3.2148596862441474,0.17831104776537288,29.0,0.10716198954147158
0.0,AFW_exact,exact,197.0,0.007036924362182617,3.214664755192677,0.20487104981279813,29.0,0.1071554918397559
0.0,AFW_exact,exact,198.0,0.007069110870361328,3.2145320170146214,0.20123903113321617,29.0,0.10715106723382072
0.0,AFW_exact,exact,199.0,0.00710296630859375,3.214382096506179,0.16561214766436194,29.0,0.10714606988353931
0.0,PFW_diminishing,diminishing,0.0,2.8848648071289062e-05,153.2420657242087,158.5158685515828,1.0,5.108068857473623
0.0,PFW_diminishing,diminishing,1.0,6.29425048828125e-05,18.919311425263782,381.48413144841743,1.0,0.6306437141754594
0.0,PFW_diminishing,diminishing,2.0,9.083747863769531e-05,19.173574209985883,39.3805100569619,2.0,0.6391191403328628
0.0,PFW_diminishing,diminishing,3.0,0.00011181831359863281,27.39438462129436,76.70826300256567,2.0,0.9131461540431454
0.0,PFW_diminishing,diminishing,4.0,0.00013589859008789062,14.543709278537287,69.10825727408688,2.0,0.4847903092845762
0.0,PFW_diminishing,diminishing,5.0,0.00015997886657714844,21.88510447028825,42.016257709773996,2.0,0.7295034823429417
0.0,PFW_diminishing,diminishing,6.0,0.0001838207244873047,13.050669391791876,50.54132227914217,2.0,0.4350223130597292
0.0,PFW_diminishing,diminishing,7.0,0.00020885467529296875,9.30425334327715,33.40976009171597,3.0,0.3101417781092383
0.0,PFW_diminishing,diminishing,8.0,0.00023293495178222656,7.538573826984617,29.7946726921258,4.0,0.25128579423282055
0.0,PFW_diminishing,diminishing,9.0,0.00025582313537597656,6.1102460903302,22.19897587050218,5.0,0.20367486967767334
0.0,PFW_diminishing,diminishing,10.0,0.0002796649932861328,6.454490959159851,16.917212048113917,6.0,0.2151496986386617
0.0,PFW_diminishing,diminishing,11.0,0.0003037452697753906,5.444755091543334,19.407225502780467,6.0,0.18149183638477778
0.0,PFW_diminishing,diminishing,12.0,0.00033092498779296875,6.14193084342536,13.038817335283632,6.0,0.20473102811417868
0.0,PFW_diminishing,diminishing,13.0,0.00035572052001953125,5.29674736484808,17.25722001692428,6.0,0.17655824549493598
0.0,PFW_diminishing,diminishing,14.0,0.0003807544708251953,5.929567488778529,11.147077450051192,6.0,0.197652249625951
0.0,PFW_diminishing,diminishing,15.0,0.0004038810729980469,5.407241384694198,15.975115839281122,7.0,0.18024137948980662
0.0,PFW_diminishing,diminishing,16.0,0.0004279613494873047,5.689054723602742,11.817678576052282,8.0,0.1896351574534247
0.0,PFW_diminishing,diminishing,17.0,0.00045371055603027344,5.109725135191312,16.336244959466953,9.0,0.17032417117304374
0.0,PFW_diminishing,diminishing,18.0,0.00047779083251953125,4.683076313121471,13.778196237085082,10.0,0.1561025437707157
0.0,PFW_diminishing,diminishing,19.0,0.0005009174346923828,4.59111868443539,6.7876084648835775,11.0,0.15303728948117967
0.0,PFW_diminishing,diminishing,20.0,0.0005247592926025391,4.492771334018059,9.050025342042353,12.0,0.14975904446726862
0.0,PFW_diminishing,diminishing,21.0,0.0005488395690917969,4.570855366246493,7.383250106769303,12.0,0.15236184554154975
0.0,PFW_diminishing,diminishing,22.0,0.0005738735198974609,4.452104619004967,10.76918338209578,12.0,0.14840348730016556
0.0,PFW_diminishing,diminishing,23.0,0.000598907470703125,4.386831392192067,6.872032365481892,11.0,0.1462277130730689
0.0,PFW_diminishing,diminishing,24.0,0.000621795654296875,4.51292673141375,5.849457194750437,11.0,0.150430891047125
0.0,PFW_diminishing,diminishing,25.0,0.0006458759307861328,4.36080331905975,9.803632410982633,11.0,0.145360110635325
0.0,PFW_diminishing,diminishing,26.0,0.0006718635559082031,4.275763904984035,5.459372359288943,11.0,0.14252546349946782
0.0,PFW_diminishing,diminishing,27.0,0.0006978511810302734,4.158202529976628,7.212857845494121,12.0,0.13860675099922093
0.0,PFW_diminishing,diminishing,28.0,0.0007219314575195312,4.1742172758147715,5.359447266211821,13.0,0.1391405758604924
0.0,PFW_diminishing,diminishing,29.0,0.0007448196411132812,4.040992794781037,7.770712879153276,14.0,0.13469975982603455
0.0,PFW_diminishing,diminishing,30.0,0.0007696151733398438,4.0982254958464575,4.173856204783085,15.0,0.13660751652821526
0.0,PFW_diminishing,diminishing,31.0,0.0007936954498291016,4.051499586285458,5.5669020584906,16.0,0.13504998620951528
0.0,PFW_diminishing,diminishing,32.0,0.0008199214935302734,4.081355943158493,4.930503378818004,16.0,0.1360451981052831
0.0,PFW_diminishing,diminishing,33.0,0.0008447170257568359,3.9694591546811804,5.332874929218951,17.0,0.13231530515603934
0.0,PFW_diminishing,diminishing,34.0,0.0008687973022460938,4.066323531100408,4.059440623258743,18.0,0.13554411770334693
0.0,PFW_diminishing,diminishing,35.0,0.0008938312530517578,3.8807183461326034,8.086461108644185,19.0,0.1293572782044201
0.0,PFW_diminishing,diminishing,36.0,0.0009179115295410156,3.818361932573175,5.642695456213758,19.0,0.1272787310857725
0.0,PFW_diminishing,diminishing,37.0,0.0009469985961914062,3.839004549662138,4.07827344010634,20.0,0.12796681832207127
0.0,PFW_diminishing,diminishing,38.0,0.0009737014770507812,3.8120447956817145,5.780339266790087,20.0,0.12706815985605716
0.0,PFW_diminishing,diminishing,39.0,0.0009968280792236328,3.829559550263829,4.121775560687139,20.0,0.1276519850087943
0.0,PFW_diminishing,diminishing,40.0,0.001024007797241211,3.8042920807375182,5.555320093451657,20.0,0.12680973602458395
0.0,PFW_diminishing,diminishing,41.0,0.001050710678100586,3.8213633462284564,3.9594548481240235,20.0,0.1273787782076152
0.0,PFW_diminishing,diminishing,42.0,0.0010769367218017578,3.7975823828624264,5.3517450462621134,20.0,0.12658607942874756
0.0,PFW_diminishing,diminishing,43.0,0.0011017322540283203,3.814203367884133,3.812411817719573,20.0,0.12714011226280444
0.0,PFW_diminishing,diminishing,44.0,0.0011279582977294922,3.726160740313786,5.286207565106128,21.0,0.12420535801045954
0.0,PFW_diminishing,diminishing,45.0,0.0011529922485351562,3.690054216420217,4.233245226134324,22.0,0.12300180721400723
0.0,PFW_diminishing,diminishing,46.0,0.001178741455078125,3.622036116328376,2.9212058156200413,23.0,0.12073453721094586
0.0,PFW_diminishing,diminishing,47.0,0.0012049674987792969,3.6138580416518793,2.970380711039521,23.0,0.12046193472172931
0.0,PFW_diminishing,diminishing,48.0,0.0012288093566894531,3.586408149584097,2.6940193009864473,22.0,0.1195469383194699
0.0,PFW_diminishing,diminishing,49.0,0.0012538433074951172,3.6223738983089824,2.777385767519686,23.0,0.12074579661029941
0.0,PFW_diminishing,diminishing,50.0,0.0012958049774169922,3.610063899507238,4.188752829144741,24.0,0.12033546331690793
0.0,PFW_diminishing,diminishing,51.0,0.0013229846954345703,3.5653426973684708,4.642727889497049,24.0,0.11884475657894902
0.0,PFW_diminishing,diminishing,52.0,0.0013499259948730469,3.5627021569855106,3.7029993116096325,24.0,0.11875673856618368
0.0,PFW_diminishing,diminishing,53.0,0.0013759136199951172,3.5305205614466546,4.744946145515561,24.0,0.11768401871488848
0.0,PFW_diminishing,diminishing,54.0,0.0014007091522216797,3.537538790821513,2.985897823683194,24.0,0.11791795969405043
0.0,PFW_diminishing,diminishing,55.0,0.0014257431030273438,3.5273261099163884,2.996559235769311,24.0,0.11757753699721295
0.0,PFW_diminishing,diminishing,56.0,0.0014526844024658203,3.534214758234682,2.8814511747058233,24.0,0.11780715860782273
0.0,PFW_diminishing,diminishing,57.0,0.0014798641204833984,3.5244531714878646,2.902006405798115,24.0,0.11748177238292883
0.0,PFW_diminishing,diminishing,58.0,0.0015077590942382812,3.531210193759772,2.7842382245096378,24.0,0.11770700645865907
0.0,PFW_diminishing,diminishing,59.0,0.0015349388122558594,3.5218603076704684,2.813903165995006,24.0,0.11739534358901561
0.0,PFW_diminishing,diminishing,60.0,0.0015597343444824219,3.528485168825973,2.693533282403113,24.0,0.1176161722941991
0.0,PFW_diminishing,diminishing,61.0,0.0015869140625,3.5195125286340905,2.7316119864551,24.0,0.11731708428780302
0.0,PFW_diminishing,diminishing,62.0,0.0016109943389892578,3.4817086744719354,2.655407413902081,25.0,0.11605695581573118
0.0,PFW_diminishing,diminishing,63.0,0.0016388893127441406,3.477507486995406,2.4944577256575844,25.0,0.11591691623318019
0.0,PFW_diminishing,diminishing,64.0,0.0016658306121826172,3.4410609446435387,2.345609724330002,25.0,0.11470203148811796
0.0,PFW_diminishing,diminishing,65.0,0.0016918182373046875,3.465610398534697,2.5564898506782097,25.0,0.11552034661782323
0.0,PFW_diminishing,diminishing,66.0,0.0017168521881103516,3.4328408070704204,4.17967014527933,24.0,0.11442802690234735
0.0,PFW_diminishing,diminishing,67.0,0.0017428398132324219,3.391022244027645,3.2814534352536526,23.0,0.11303407480092151
0.0,PFW_diminishing,diminishing,68.0,0.001767873764038086,3.4128111459240333,1.5597049239479723,23.0,0.11376037153080111
0.0,PFW_diminishing,diminishing,69.0,0.00179290771484375,3.362882052880376,2.624565544829615,22.0,0.11209606842934587
0.0,PFW_diminishing,diminishing,70.0,0.0018188953399658203,3.365209332142151,1.3649354902155402,22.0,0.11217364440473836
0.0,PFW_diminishing,diminishing,71.0,0.0018439292907714844,3.3371364412208986,2.482073961598534,22.0,0.11123788137402996
0.0,PFW_diminishing,diminishing,72.0,0.0018680095672607422,3.322117120809443,1.7139888563515147,22.0,0.11073723736031477
0.0,PFW_diminishing,diminishing,73.0,0.001893758773803711,3.309117732169083,1.6150992016017867,23.0,0.11030392440563609
0.0,PFW_diminishing,diminishing,74.0,0.0019190311431884766,3.2966293098102435,1.7157359956952263,23.0,0.10988764366034146
0.0,PFW_diminishing,diminishing,75.0,0.0019447803497314453,3.3175006334541,1.8344347742478853,23.0,0.11058335444847
0.0,PFW_diminishing,diminishing,76.0,0.0019698143005371094,3.2949909373756916,3.271802618588513,23.0,0.10983303124585639
0.0,PFW_diminishing,diminishing,77.0,0.0019960403442382812,3.315904413502254,1.9110509448752069,23.0,0.11053014711674179
0.0,PFW_diminishing,diminishing,78.0,0.0020208358764648438,3.293989832225842,3.2112718812273755,23.0,0.10979966107419473
0.0,PFW_diminishing,diminishing,79.0,0.002045869827270508,3.314417714791015,1.8639516864819967,23.0,0.11048059049303384
0.0,PFW_diminishing,diminishing,80.0,0.002071857452392578,3.2930669359176363,3.153774010204163,23.0,0.10976889786392122
0.0,PFW_diminishing,diminishing,81.0,0.0020987987518310547,3.3130304814605798,1.8191951224185807,23.0,0.11043434938201932
0.0,PFW_diminishing,diminishing,82.0,0.0021266937255859375,3.292214638815353,3.0990867329448815,23.0,0.10974048796051177
0.0,PFW_diminishing,diminishing,83.0,0.0021529197692871094,3.3117337982353856,1.7766108173776676,23.0,0.11039112660784618
0.0,PFW_diminishing,diminishing,84.0,0.002179861068725586,3.291426220787288,3.0470089702854235,23.0,0.10971420735957627
0.0,PFW_diminishing,diminishing,85.0,0.0022068023681640625,3.310519737781714,1.7360444677851508,23.0,0.11035065792605714
0.0,PFW_diminishing,diminishing,86.0,0.002233743667602539,3.2906957301934954,2.997358370237105,23.0,0.10968985767311651
0.0,PFW_diminishing,diminishing,87.0,0.002260923385620117,3.3093812314517126,1.6973560383281026,23.0,0.11031270771505709
0.0,PFW_diminishing,diminishing,88.0,0.0022878646850585938,3.290017881576759,2.9499691781934523,23.0,0.10966726271922529
0.0,PFW_diminishing,diminishing,89.0,0.002315044403076172,3.3083119593987402,1.660418150838579,23.0,0.11027706531329134
0.0,PFW_diminishing,diminishing,90.0,0.002341747283935547,3.2893879688327283,2.9046903912385726,23.0,0.10964626562775762
0.0,PFW_diminishing,diminishing,91.0,0.002368927001953125,3.3073062568091385,1.62511468656038,23.0,0.11024354189363796
0.0,PFW_diminishing,diminishing,92.0,0.0023958683013916016,3.2888017912461764,2.8613841533182747,23.0,0.10962672637487254
0.0,PFW_diminishing,diminishing,93.0,0.0024230480194091797,3.306359033598953,1.5913395695534849,23.0,0.11021196778663177
0.0,PFW_diminishing,diminishing,94.0,0.002452850341796875,3.2882555902654715,2.819924355393674,23.0,0.10960851967551571
0.0,PFW_diminishing,diminishing,95.0,0.0024788379669189453,3.305465705405639,1.5589957044395497,23.0,0.11018219018018797
0.0,PFW_diminishing,diminishing,96.0,0.0025038719177246094,3.2877459952745935,2.7801954106766367,23.0,0.10959153317581978
0.0,PFW_diminishing,diminishing,97.0,0.0025289058685302734,3.304622134090993,1.5279940461271657,23.0,0.11015407113636644
0.0,PFW_diminishing,diminishing,98.0,0.002553701400756836,3.2872699769325724,2.7420911799281154,23.0,0.10957566589775242
0.0,PFW_diminishing,diminishing,99.0,0.002580881118774414,3.3038245762827545,1.4982527827814014,23.0,0.11012748587609182
0.0,PFW_diminishing,diminishing,100.0,0.0026197433471679688,3.286824806900504,2.705514025803444,23.0,0.10956082689668346
0.0,PFW_diminishing,diminishing,101.0,0.0026459693908691406,3.3030696387343426,1.4696966162805545,23.0,0.11010232129114475
0.0,PFW_diminishing,diminishing,102.0,0.002669811248779297,3.2864080229789145,2.670373978525694,23.0,0.10954693409929715
0.0,PFW_diminishing,diminishing,103.0,0.002696990966796875,3.3023542394870606,1.4422561268586733,23.0,0.11007847464956869
0.0,PFW_diminishing,diminishing,104.0,0.00272369384765625,3.286017398842933,2.636587997894427,23.0,0.10953391329476443
0.0,PFW_diminishing,diminishing,105.0,0.002750873565673828,3.291114907864493,1.415867210666585,23.0,0.10970383026214976
0.0,PFW_diminishing,diminishing,106.0,0.0027778148651123047,3.2774713143291216,1.8969940463858599,23.0,0.10924904381097073
0.0,PFW_diminishing,diminishing,107.0,0.002805948257446289,3.2824373587695677,1.1559407176699334,24.0,0.10941457862565225
0.0,PFW_diminishing,diminishing,108.0,0.002833843231201172,3.2684269560990877,1.2577602989841914,24.0,0.10894756520330293
0.0,PFW_diminishing,diminishing,109.0,0.002862691879272461,3.2863387211714294,0.8750576355977255,25.0,0.10954462403904765
0.0,PFW_diminishing,diminishing,110.0,0.002889871597290039,3.26865643242683,1.5471528519545537,25.0,0.10895521441422766
0.0,PFW_diminishing,diminishing,111.0,0.002917766571044922,3.2655026144346353,0.9700088612797,24.0,0.10885008714782117
0.0,PFW_diminishing,diminishing,112.0,0.0029449462890625,3.278744177846082,0.816481914967417,24.0,0.1092914725948694
0.0,PFW_diminishing,diminishing,113.0,0.0029697418212890625,3.2703722802186657,1.9997887966606367,24.0,0.10901240934062219
0.0,PFW_diminishing,diminishing,114.0,0.002997875213623047,3.2850204857950733,1.3339467620112462,24.0,0.10950068285983577
0.0,PFW_diminishing,diminishing,115.0,0.0030248165130615234,3.263569116635669,2.718212856927824,24.0,0.10878563722118897
0.0,PFW_diminishing,diminishing,116.0,0.0030519962310791016,3.2732158087316345,1.128502266451516,24.0,0.10910719362438782
0.0,PFW_diminishing,diminishing,117.0,0.003078937530517578,3.263326504139726,1.6747156481210332,24.0,0.10877755013799087
0.0,PFW_diminishing,diminishing,118.0,0.0031049251556396484,3.2728177676978576,1.1084033373132662,24.0,0.10909392558992859
0.0,PFW_diminishing,diminishing,119.0,0.003129720687866211,3.2630970965975266,1.6553307556694694,24.0,0.10876990321991756
0.0,PFW_diminishing,diminishing,120.0,0.003156900405883789,3.2724377709890455,1.0889765033842966,24.0,0.10908125903296818
0.0,PFW_diminishing,diminishing,121.0,0.0031807422637939453,3.26288000311731,1.6365889025930134,24.0,0.108762666770577
0.0,PFW_diminishing,diminishing,122.0,0.0032057762145996094,3.2720747097080887,1.070188615662623,24.0,0.10906915699026962
0.0,PFW_diminishing,diminishing,123.0,0.0032339096069335938,3.2626744052366647,1.6184586223938222,24.0,0.10875581350788882
0.0,PFW_diminishing,diminishing,124.0,0.00325775146484375,3.271727559977007,1.0520086693450033,24.0,0.10905758533256689
0.0,PFW_diminishing,diminishing,125.0,0.0032858848571777344,3.262479550034632,1.6009104681834927,24.0,0.10874931833448773
0.0,PFW_diminishing,diminishing,126.0,0.0033118724822998047,3.271395375180081,1.0344076332551957,24.0,0.1090465125060027
0.0,PFW_diminishing,diminishing,127.0,0.0033369064331054688,3.2622947439921837,1.5839168532473842,24.0,0.1087431581330728
0.0,PFW_diminishing,diminishing,128.0,0.0033626556396484375,3.271077279023516,1.0173582952967966,24.0,0.10903590930078386
0.0,PFW_diminishing,diminishing,129.0,0.003387928009033203,3.262119347509855,1.5674519064748775,24.0,0.10873731158366183
0.0,PFW_diminishing,diminishing,130.0,0.0034148693084716797,3.2707724593146112,1.0008351222015968,24.0,0.10902574864382038
0.0,PFW_diminishing,diminishing,131.0,0.003438711166381836,3.261952770003604,1.5514913410633344,24.0,0.10873175900012014
0.0,PFW_diminishing,diminishing,132.0,0.003464937210083008,3.270480162376228,0.9848141320544865,24.0,0.10901600541254093
0.0,PFW_diminishing,diminishing,133.0,0.003489971160888672,3.261794465510479,1.5360123350956911,24.0,0.10872648218368264
0.0,PFW_diminishing,diminishing,134.0,0.003515958786010742,3.2701996880232693,0.9692727782576718,24.0,0.10900665626744231
0.0,PFW_diminishing,diminishing,135.0,0.0035419464111328125,3.261643928744579,1.5209934227577602,24.0,0.10872146429148596
0.0,PFW_diminishing,diminishing,136.0,0.0035789012908935547,3.2699303850373176,0.9541898437542518,24.0,0.10899767950124392
0.0,PFW_diminishing,diminishing,137.0,0.0036039352416992188,3.261500691551549,1.5064143951057716,24.0,0.10871668971838497
0.0,PFW_diminishing,diminishing,138.0,0.0036296844482421875,3.269671647083589,0.9395453444686463,24.0,0.1089890549027863
0.0,PFW_diminishing,diminishing,139.0,0.0036537647247314453,3.261364319716379,1.4922562094201215,24.0,0.10871214399054598
0.0,PFW_diminishing,diminishing,140.0,0.0036818981170654297,3.2694229090213547,0.9253204410402844,24.0,0.10898076363404516
0.0,PFW_diminishing,diminishing,141.0,0.0037088394165039062,3.2612344100849704,1.4785009062911705,24.0,0.10870781366949901
0.0,PFW_diminishing,diminishing,142.0,0.0037419795989990234,3.263725744974225,0.911497358031621,24.0,0.1087908581658075
0.0,PFW_diminishing,diminishing,143.0,0.0037670135498046875,3.263488157849365,1.1681811999331941,25.0,0.10878293859497883
0.0,PFW_diminishing,diminishing,144.0,0.003793954849243164,3.263534168487851,1.229142034328337,25.0,0.10878447228292837
0.0,PFW_diminishing,diminishing,145.0,0.003818988800048828,3.263302380602867,1.15447053150527,25.0,0.10877674602009556
0.0,PFW_diminishing,diminishing,146.0,0.0038437843322753906,3.263350267217557,1.214561402676022,25.0,0.10877834224058523
0.0,PFW_diminishing,diminishing,147.0,0.003876924514770508,3.2631240216049915,1.1411341914492343,25.0,0.10877080072016639
0.0,PFW_diminishing,diminishing,148.0,0.003902912139892578,3.263173636253912,1.2003757705684777,25.0,0.10877245454179706
0.0,PFW_diminishing,diminishing,149.0,0.003929853439331055,3.2629526914164377,1.1281570591780454,25.0,0.10876508971388126
0.0,PFW_diminishing,diminishing,150.0,0.003968954086303711,3.2630038970493,1.1865693038340481,25.0,0.10876679656831
0.0,PFW_diminishing,diminishing,151.0,0.003996849060058594,3.262788025813808,1.1155248175156736,25.0,0.10875960086046027
0.0,PFW_diminishing,diminishing,152.0,0.004023075103759766,3.2628406953845484,1.173127003330828,25.0,0.10876135651281828
0.0,PFW_diminishing,diminishing,153.0,0.004047870635986328,3.262629683855748,1.1032239000453465,25.0,0.10875432279519161
0.0,PFW_diminishing,diminishing,154.0,0.004072904586791992,3.2616626409629923,1.1616936647216392,25.0,0.10872208803209975
0.0,PFW_diminishing,diminishing,155.0,0.004098653793334961,3.2624771700849293,0.8656798434201125,25.0,0.10874923900283098
0.0,PFW_diminishing,diminishing,156.0,0.004124879837036133,3.26245934385263,1.151627924134532,25.0,0.10874864479508767
0.0,PFW_diminishing,diminishing,157.0,0.004149913787841797,3.262330077444991,1.0779950379030776,25.0,0.10874433591483303
0.0,PFW_diminishing,diminishing,158.0,0.004175901412963867,3.2613325295514533,1.1417024252680399,25.0,0.10871108431838178
0.0,PFW_diminishing,diminishing,159.0,0.004199981689453125,3.2621881884646844,0.8467193678639777,25.0,0.10873960628215615
0.0,PFW_diminishing,diminishing,160.0,0.0042266845703125,3.262106576664555,1.131208086368778,25.0,0.1087368858888185
0.0,PFW_diminishing,diminishing,161.0,0.004251956939697266,3.262051285725678,1.0540277890345475,25.0,0.1087350428575226
0.0,PFW_diminishing,diminishing,162.0,0.004277944564819336,3.26102723259814,1.1227034654166417,25.0,0.10870090775327133
0.0,PFW_diminishing,diminishing,163.0,0.004305839538574219,3.2619190366886874,0.8286984854995811,25.0,0.10873063455628958
0.0,PFW_diminishing,diminishing,164.0,0.00432896614074707,3.2617796437242466,1.1117882277371738,25.0,0.10872598812414155
0.0,PFW_diminishing,diminishing,165.0,0.004355669021606445,3.2617913871537763,1.0312298504367785,25.0,0.10872637957179254
0.0,PFW_diminishing,diminishing,166.0,0.0043828487396240234,3.2607443738972717,1.1046247102331925,25.0,0.10869147912990905
0.0,PFW_diminishing,diminishing,167.0,0.004408836364746094,3.2616679056980438,0.8115490652842254,25.0,0.10872226352326812
0.0,PFW_diminishing,diminishing,168.0,0.004436969757080078,3.2614761162278967,1.0932966608802719,25.0,0.10871587054092989
0.0,PFW_diminishing,diminishing,169.0,0.004461765289306641,3.2615486786586376,1.009517706956295,25.0,0.10871828928862125
0.0,PFW_diminishing,diminishing,170.0,0.004488945007324219,3.2604818528143067,1.0874008987651287,25.0,0.10868272842714356
0.0,PFW_diminishing,diminishing,171.0,0.004515886306762695,3.2614331897695354,0.7952094057347274,25.0,0.10871443965898452
0.0,PFW_diminishing,diminishing,172.0,0.00454401969909668,3.2603798756472875,1.0765672396912453,25.0,0.10867932918824291
0.0,PFW_diminishing,diminishing,173.0,0.0045719146728515625,3.2613215611019024,0.7867908987798877,25.0,0.10871071870339674
0.0,PFW_diminishing,diminishing,174.0,0.0045969486236572266,3.2610334107132926,1.0689286525627733,25.0,0.10870111369044308
0.0,PFW_diminishing,diminishing,175.0,0.004621744155883789,3.255929777322661,0.9781891181355782,25.0,0.10853099257742203
0.0,PFW_diminishing,diminishing,176.0,0.0046498775482177734,3.2531243271480585,1.0065212126683623,25.0,0.10843747757160195
0.0,PFW_diminishing,diminishing,177.0,0.00467681884765625,3.2493042367789835,1.2230048070393824,25.0,0.10831014122596612
0.0,PFW_diminishing,diminishing,178.0,0.004703998565673828,3.2430757900364915,1.1740812200911446,25.0,0.10810252633454971
0.0,PFW_diminishing,diminishing,179.0,0.004728794097900391,3.2404415172797956,0.7958562099694841,25.0,0.10801471724265985
0.0,PFW_diminishing,diminishing,180.0,0.004754781723022461,3.2370702602945056,1.1963691839507735,26.0,0.10790234200981685
0.0,PFW_diminishing,diminishing,181.0,0.004787921905517578,3.2421983411049546,0.7662136559117734,26.0,0.10807327803683182
0.0,PFW_diminishing,diminishing,182.0,0.004812717437744141,3.234939051868255,1.552716136559825,26.0,0.10783130172894183
0.0,PFW_diminishing,diminishing,183.0,0.004839897155761719,3.236486490828079,0.7219777640469811,26.0,0.10788288302760263
0.0,PFW_diminishing,diminishing,184.0,0.004876852035522461,3.234859079579037,0.9862075782971331,26.0,0.1078286359859679
0.0,PFW_diminishing,diminishing,185.0,0.004902839660644531,3.2363909076377357,0.714241068664137,26.0,0.10787969692125786
0.0,PFW_diminishing,diminishing,186.0,0.004929780960083008,3.2347817286182172,0.9772654826075495,26.0,0.10782605762060724
0.0,PFW_diminishing,diminishing,187.0,0.004956960678100586,3.236298246820283,0.706670392366016,26.0,0.10787660822734277
0.0,PFW_diminishing,diminishing,188.0,0.004984855651855469,3.2347068876195566,0.9685139439507502,26.0,0.10782356292065189
0.0,PFW_diminishing,diminishing,189.0,0.005010843276977539,3.2362083887624045,0.699260448737407,26.0,0.10787361295874681
0.0,PFW_diminishing,diminishing,190.0,0.005036830902099609,3.234634451029581,0.9599469359302901,26.0,0.1078211483676527
0.0,PFW_diminishing,diminishing,191.0,0.005063772201538086,3.23612121994369,0.6920061734201397,26.0,0.10787070733145634
0.0,PFW_diminishing,diminishing,192.0,0.005089998245239258,3.2345643187484607,0.9515586835901892,26.0,0.10781881062494869
0.0,PFW_diminishing,diminishing,193.0,0.005117893218994141,3.236036632566881,0.6849027125761982,26.0,0.10786788775222937
0.0,PFW_diminishing,diminishing,194.0,0.005143642425537109,3.2344963957964517,0.9433436504379031,26.0,0.10781654652654839
0.0,PFW_diminishing,diminishing,195.0,0.0051708221435546875,3.2359545242140713,0.6779454120625612,26.0,0.10786515080713571
0.0,PFW_diminishing,diminishing,196.0,0.005196809768676758,3.2344305920038536,0.9352965262625332,26.0,0.10781435306679513
0.0,PFW_diminishing,diminishing,197.0,0.005224943161010742,3.2358747975268116,0.6711298072672012,26.0,0.10786249325089373
0.0,PFW_diminishing,diminishing,198.0,0.005250692367553711,3.2343668217226242,0.9274122156923905,26.0,0.10781222739075415
0.0,PFW_diminishing,diminishing,199.0,0.005277872085571289,3.2357973599082226,0.6644516135595246,26.0,0.10785991199694075
0.0,PFW_exact,exact,0.0,3.0040740966796875e-05,18.491933736288896,158.5158685515828,1.0,0.6163977912096299
0.0,PFW_exact,exact,1.0,7.319450378417969e-05,14.606881782800164,40.70153284591082,2.0,0.48689605942667213
0.0,PFW_exact,exact,2.0,0.00011110305786132812,10.41117049211081,27.94888060619337,3.0,0.34703901640369367
0.0,PFW_exact,exact,3.0,0.0001380443572998047,8.233500938023559,24.49478231148023,4.0,0.27445003126745193
0.0,PFW_exact,exact,4.0,0.0001671314239501953,6.84468863342592,12.454018622902694,5.0,0.228156287780864
0.0,PFW_exact,exact,5.0,0.00019598007202148438,5.750197832485029,14.02267623022323,6.0,0.1916732610828343
0.0,PFW_exact,exact,6.0,0.00022482872009277344,4.936752183366172,11.481203499405918,7.0,0.16455840611220574
0.0,PFW_exact,exact,7.0,0.0002541542053222656,4.297513551172624,10.921992898308945,8.0,0.14325045170575415
0.0,PFW_exact,exact,8.0,0.00028204917907714844,4.168360676776456,6.628322864597987,9.0,0.13894535589254853
0.0,PFW_exact,exact,9.0,0.00031185150146484375,3.921610087773999,4.894799005666168,10.0,0.1307203362591333
0.0,PFW_exact,exact,10.0,0.0003402233123779297,3.7777546823960453,5.20804798263725,11.0,0.12592515607986818
0.0,PFW_exact,exact,11.0,0.0003681182861328125,3.7214456818250006,3.6540439671643963,12.0,0.12404818939416669
0.0,PFW_exact,exact,12.0,0.0003960132598876953,3.6506751066731664,3.0807954249969907,13.0,0.12168917022243889
0.0,PFW_exact,exact,13.0,0.00042510032653808594,3.606732307603637,2.6018309976273777,14.0,0.12022441025345457
0.0,PFW_exact,exact,14.0,0.00045108795166015625,3.5749865829627394,2.3025018881627126,15.0,0.11916621943209131
0.0,PFW_exact,exact,15.0,0.0004818439483642578,3.560254269127731,1.6909691899379986,15.0,0.1186751423042577
0.0,PFW_exact,exact,16.0,0.00051116943359375,3.5433282490710187,2.1372118101138717,16.0,0.11811094163570063
0.0,PFW_exact,exact,17.0,0.0005409717559814453,3.5257277152829785,2.0331990321229956,17.0,0.11752425717609928
0.0,PFW_exact,exact,18.0,0.0005691051483154297,3.496915384229663,1.9575372348456668,18.0,0.11656384614098877
0.0,PFW_exact,exact,19.0,0.000598907470703125,3.4890243135423034,1.3108240250671699,19.0,0.11630081045141011
0.0,PFW_exact,exact,20.0,0.0006270408630371094,3.4809815624397626,1.419928989037487,20.0,0.11603271874799209
0.0,PFW_exact,exact,21.0,0.0006561279296875,3.47172840253841,1.252723293506671,20.0,0.11572428008461366
0.0,PFW_exact,exact,22.0,0.0006859302520751953,3.4645617646697326,1.2541765026971916,21.0,0.11548539215565776
0.0,PFW_exact,exact,23.0,0.0007159709930419922,3.4543681477985766,1.3471077242982563,21.0,0.11514560492661922
0.0,PFW_exact,exact,24.0,0.0007479190826416016,3.4435898196305943,1.3478432781006173,22.0,0.11478632732101982
0.0,PFW_exact,exact,25.0,0.0007829666137695312,3.4329570143847628,1.0333412379421176,22.0,0.11443190047949209
0.0,PFW_exact,exact,26.0,0.0008130073547363281,3.4231029140213067,1.1147884583251901,23.0,0.11410343046737689
0.0,PFW_exact,exact,27.0,0.0008420944213867188,3.4137544984319392,1.3755160849373116,24.0,0.11379181661439798
0.0,PFW_exact,exact,28.0,0.0008730888366699219,3.408402852871259,0.9107281602209731,24.0,0.11361342842904197
0.0,PFW_exact,exact,29.0,0.0009031295776367188,3.4017345394742597,1.1459058518707241,25.0,0.11339115131580865
0.0,PFW_exact,exact,30.0,0.0009350776672363281,3.391373626004263,1.2557900658157823,26.0,0.11304578753347543
0.0,PFW_exact,exact,31.0,0.000965118408203125,3.3852337358841744,0.9967319911311812,27.0,0.11284112452947248
0.0,PFW_exact,exact,32.0,0.0009961128234863281,3.3780376301200747,1.3095702343296214,27.0,0.11260125433733582
0.0,PFW_exact,exact,33.0,0.0010268688201904297,3.3713665163623774,0.856133465800017,28.0,0.11237888387874591
0.0,PFW_exact,exact,34.0,0.0010590553283691406,3.3649512500907615,0.9179179632596792,28.0,0.11216504166969204
0.0,PFW_exact,exact,35.0,0.0010879039764404297,3.3609465205453444,0.7651391285932636,28.0,0.11203155068484481
0.0,PFW_exact,exact,36.0,0.0011191368103027344,3.3570366977996904,0.8457665462280861,28.0,0.11190122325998968
0.0,PFW_exact,exact,37.0,0.0011491775512695312,3.3530827191194543,0.7787146616396026,29.0,0.11176942397064847
0.0,PFW_exact,exact,38.0,0.0011801719665527344,3.3496741986639,0.6608362558173102,29.0,0.11165580662213
0.0,PFW_exact,exact,39.0,0.0012240409851074219,3.345777722566515,0.7137142020669298,29.0,0.1115259240855505
0.0,PFW_exact,exact,40.0,0.0012540817260742188,3.340990886494256,0.8493887158453592,29.0,0.11136636288314186
0.0,PFW_exact,exact,41.0,0.0012850761413574219,3.338118462294281,0.5844818782057075,29.0,0.11127061540980937
0.0,PFW_exact,exact,42.0,0.0013148784637451172,3.3362878513243106,0.6618285903604448,29.0,0.11120959504414368
0.0,PFW_exact,exact,43.0,0.001344919204711914,3.332153187745536,0.7635279927007232,29.0,0.1110717729248512
0.0,PFW_exact,exact,44.0,0.0013751983642578125,3.3280773086269106,0.7990087325871116,29.0,0.1109359102875637
0.0,PFW_exact,exact,45.0,0.0014078617095947266,3.3244198119035726,0.6976392130630629,29.0,0.11081399373011909
0.0,PFW_exact,exact,46.0,0.0014400482177734375,3.32101309760778,0.6432924247815368,29.0,0.110700436586926
0.0,PFW_exact,exact,47.0,0.0014729499816894531,3.3183284528707455,0.7096247530014317,29.0,0.11061094842902484
0.0,PFW_exact,exact,48.0,0.0015058517456054688,3.31545214308899,0.6988410703964547,29.0,0.11051507143629967
0.0,PFW_exact,exact,49.0,0.0015380382537841797,3.312202242060771,0.6827913593487374,28.0,0.11040674140202571
0.0,PFW_exact,exact,50.0,0.0015850067138671875,3.308671025172688,0.697456978926061,28.0,0.11028903417242293
0.0,PFW_exact,exact,51.0,0.001619100570678711,3.3055753176617317,0.5308169081799416,28.0,0.11018584392205773
0.0,PFW_exact,exact,52.0,0.0016522407531738281,3.303571978602396,0.6823784207765975,29.0,0.1101190659534132
0.0,PFW_exact,exact,53.0,0.0016841888427734375,3.299791581497989,0.6502585963306498,29.0,0.10999305271659962
0.0,PFW_exact,exact,54.0,0.0017151832580566406,3.296928508450498,0.7008197573583566,29.0,0.10989761694834993
0.0,PFW_exact,exact,55.0,0.001744985580444336,3.294503390066364,0.6410128297307907,29.0,0.10981677966887879
0.0,PFW_exact,exact,56.0,0.001775979995727539,3.2911559877775463,0.5123200256212073,29.0,0.10970519959258487
0.0,PFW_exact,exact,57.0,0.001806020736694336,3.2886720344810634,0.5916290525797603,29.0,0.10962240114936878
0.0,PFW_exact,exact,58.0,0.0018401145935058594,3.2855846421874366,0.4537113527178356,29.0,0.10951948807291455
0.0,PFW_exact,exact,59.0,0.0018699169158935547,3.283799511462236,0.5577707477976634,29.0,0.10945998371540785
0.0,PFW_exact,exact,60.0,0.0019009113311767578,3.282163082787776,0.4064187649654851,30.0,0.10940543609292587
0.0,PFW_exact,exact,61.0,0.0019309520721435547,3.2811524904635916,0.47078814962651805,31.0,0.10937174968211973
0.0,PFW_exact,exact,62.0,0.001962900161743164,3.280222071858884,0.41259350132867745,30.0,0.10934073572862947
0.0,PFW_exact,exact,63.0,0.0019931793212890625,3.279024426303805,0.46208824907929724,30.0,0.10930081421012683
0.0,PFW_exact,exact,64.0,0.002025127410888672,3.2770204596128134,0.5789202055063871,30.0,0.10923401532042712
0.0,PFW_exact,exact,65.0,0.0020551681518554688,3.274900620044556,0.4714456710617956,30.0,0.10916335400148519
0.0,PFW_exact,exact,66.0,0.002086162567138672,3.2735506619837285,0.5330022080976846,30.0,0.10911835539945762
0.0,PFW_exact,exact,67.0,0.002115964889526367,3.2720145908180913,0.3816678448941744,30.0,0.10906715302726971
0.0,PFW_exact,exact,68.0,0.0021469593048095703,3.271208402722435,0.3920170166476531,30.0,0.10904028009074783
0.0,PFW_exact,exact,69.0,0.002177000045776367,3.270317161671237,0.34156998390178295,30.0,0.10901057205570791
0.0,PFW_exact,exact,70.0,0.002208232879638672,3.2690695450782066,0.40381484542518287,30.0,0.10896898483594022
0.0,PFW_exact,exact,71.0,0.002237081527709961,3.2672102644854277,0.34897971816226736,30.0,0.10890700881618093
0.0,PFW_exact,exact,72.0,0.002268075942993164,3.2646108394498774,0.455966590762543,30.0,0.10882036131499591
0.0,PFW_exact,exact,73.0,0.002298116683959961,3.2634141468521367,0.4334091718498172,30.0,0.1087804715617379
0.0,PFW_exact,exact,74.0,0.0023288726806640625,3.2620750033620083,0.48189643386152703,30.0,0.10873583344540028
0.0,PFW_exact,exact,75.0,0.002357959747314453,3.2607132377699566,0.48430091661649755,30.0,0.10869044125899856
0.0,PFW_exact,exact,76.0,0.0023899078369140625,3.2596598630253486,0.41661717777229157,29.0,0.10865532876751162
0.0,PFW_exact,exact,77.0,0.002420186996459961,3.2584903337619084,0.2822928390415118,29.0,0.10861634445873028
0.0,PFW_exact,exact,78.0,0.002451181411743164,3.2573870945903436,0.41475558771762344,29.0,0.10857956981967812
0.0,PFW_exact,exact,79.0,0.0024809837341308594,3.25655701907643,0.33585096563029815,29.0,0.10855190063588101
0.0,PFW_exact,exact,80.0,0.0025119781494140625,3.2554059577014827,0.32340418006008953,28.0,0.10851353192338276
0.0,PFW_exact,exact,81.0,0.0025420188903808594,3.2545556516658753,0.4197007868983089,28.0,0.10848518838886251
0.0,PFW_exact,exact,82.0,0.0025718212127685547,3.2535934804207978,0.4174210830652729,28.0,0.10845311601402659
0.0,PFW_exact,exact,83.0,0.002602100372314453,3.252901571675114,0.34331088405013155,28.0,0.10843005238917046
0.0,PFW_exact,exact,84.0,0.00263214111328125,3.251698467157267,0.36507373722619363,28.0,0.10838994890524223
0.0,PFW_exact,exact,85.0,0.002682924270629883,3.250866453813603,0.2884499486381582,29.0,0.1083622151271201
0.0,PFW_exact,exact,86.0,0.002718210220336914,3.250346357058727,0.2739226970248172,29.0,0.10834487856862424
0.0,PFW_exact,exact,87.0,0.0027511119842529297,3.2499036235362238,0.2607871906359076,29.0,0.1083301207845408
0.0,PFW_exact,exact,88.0,0.0027849674224853516,3.249298472777639,0.32294966107912515,29.0,0.10830994909258797
0.0,PFW_exact,exact,89.0,0.002816915512084961,3.2488388662189136,0.2631778857058258,29.0,0.10829462887396378
0.0,PFW_exact,exact,90.0,0.0028488636016845703,3.248183801616404,0.30044385416378994,29.0,0.10827279338721346
0.0,PFW_exact,exact,91.0,0.0028791427612304688,3.2477363180085215,0.2745745197637195,29.0,0.10825787726695071
0.0,PFW_exact,exact,92.0,0.002910137176513672,3.247070045281027,0.3155792517789173,29.0,0.10823566817603422
0.0,PFW_exact,exact,93.0,0.0029420852661132812,3.246446288748532,0.22570737894534432,29.0,0.10821487629161773
0.0,PFW_exact,exact,94.0,0.0029730796813964844,3.2461155064654856,0.22356178768513502,28.0,0.10820385021551619
0.0,PFW_exact,exact,95.0,0.0030040740966796875,3.245675907407679,0.24413470001626614,28.0,0.1081891969135893
0.0,PFW_exact,exact,96.0,0.003039121627807617,3.245373237611296,0.23977177343708256,28.0,0.10817910792037652
0.0,PFW_exact,exact,97.0,0.0030710697174072266,3.244949019422304,0.25443956160425785,28.0,0.1081649673140768
0.0,PFW_exact,exact,98.0,0.0031020641326904297,3.244329612389817,0.34847146755233815,28.0,0.1081443204129939
0.0,PFW_exact,exact,99.0,0.0031311511993408203,3.243845987900076,0.22246135590467908,29.0,0.1081281995966692
0.0,PFW_exact,exact,100.0,0.003175020217895508,3.243179952955933,0.3078766177860306,29.0,0.10810599843186443
0.0,PFW_exact,exact,101.0,0.003208160400390625,3.2425024831084106,0.24692138320681956,29.0,0.10808341610361369
0.0,PFW_exact,exact,102.0,0.0032401084899902344,3.241768198233798,0.30081014776461323,29.0,0.1080589399411266
0.0,PFW_exact,exact,103.0,0.0032720565795898438,3.2411686968526054,0.2793577476446547,29.0,0.10803895656175351
0.0,PFW_exact,exact,104.0,0.0033020973205566406,3.2406152207446293,0.27391916135647776,29.0,0.10802050735815431
0.0,PFW_exact,exact,105.0,0.0033330917358398438,3.240104236430479,0.25574242510586664,29.0,0.10800347454768262
0.0,PFW_exact,exact,106.0,0.003362894058227539,3.2396104760773,0.2612372806852079,29.0,0.10798701586924334
0.0,PFW_exact,exact,107.0,0.003393888473510742,3.2391108103499007,0.24459321166677128,29.0,0.10797036034499669
0.0,PFW_exact,exact,108.0,0.0034248828887939453,3.2385339377656535,0.2826774149764457,29.0,0.10795113125885511
0.0,PFW_exact,exact,109.0,0.0034558773040771484,3.2380180781223076,0.24149552896706972,29.0,0.10793393593741026
0.0,PFW_exact,exact,110.0,0.003486156463623047,3.2375075190703355,0.2734365953434459,29.0,0.10791691730234451
0.0,PFW_exact,exact,111.0,0.00351715087890625,3.2371074419852817,0.22500413396788765,29.0,0.10790358139950938
0.0,PFW_exact,exact,112.0,0.0035469532012939453,3.236617065091443,0.2505419240711255,29.0,0.1078872355030481
0.0,PFW_exact,exact,113.0,0.0035800933837890625,3.236246610869939,0.2723306768960203,29.0,0.10787488702899797
0.0,PFW_exact,exact,114.0,0.0036110877990722656,3.235921310791766,0.2198968416058502,29.0,0.10786404369305887
0.0,PFW_exact,exact,115.0,0.003640890121459961,3.235315350980102,0.18125786030415192,30.0,0.10784384503267005
0.0,PFW_exact,exact,116.0,0.003671884536743164,3.234665744648837,0.24746810976955302,30.0,0.10782219148829457
0.0,PFW_exact,exact,117.0,0.003704071044921875,3.2339732775296253,0.222813693485298,30.0,0.10779910925098751
0.0,PFW_exact,exact,118.0,0.0037338733673095703,3.2335265953180827,0.2527705190521914,30.0,0.10778421984393609
0.0,PFW_exact,exact,119.0,0.003765106201171875,3.2328803152127916,0.21645076251504847,30.0,0.10776267717375972
0.0,PFW_exact,exact,120.0,0.003795146942138672,3.2324316623458347,0.2491731344031063,30.0,0.10774772207819448
0.0,PFW_exact,exact,121.0,0.003826141357421875,3.231997117937521,0.2332943641288221,30.0,0.10773323726458403
0.0,PFW_exact,exact,122.0,0.0038559436798095703,3.231595934628521,0.24174377752976994,30.0,0.10771986448761736
0.0,PFW_exact,exact,123.0,0.0038869380950927734,3.231225551200866,0.21348060011889203,30.0,0.1077075183733622
0.0,PFW_exact,exact,124.0,0.00391697883605957,3.2308836030679196,0.23121609521796316,30.0,0.10769612010226398
0.0,PFW_exact,exact,125.0,0.0039479732513427734,3.2306053701052746,0.19530646042437638,30.0,0.10768684567017582
0.0,PFW_exact,exact,126.0,0.003978252410888672,3.2303139039442894,0.19617796635648688,30.0,0.10767713013147631
0.0,PFW_exact,exact,127.0,0.0040090084075927734,3.229918139142921,0.2552531392079782,30.0,0.10766393797143069
0.0,PFW_exact,exact,128.0,0.00403904914855957,3.2294156463663852,0.28395227622993247,30.0,0.10764718821221284
0.0,PFW_exact,exact,129.0,0.0040700435638427734,3.228966299748838,0.2853076534145629,30.0,0.10763220999162794
0.0,PFW_exact,exact,130.0,0.00410008430480957,3.2285644782856653,0.24946217801365833,30.0,0.10761881594285551
0.0,PFW_exact,exact,131.0,0.004132986068725586,3.2280329223477806,0.2773784490972542,30.0,0.10760109741159268
0.0,PFW_exact,exact,132.0,0.0041849613189697266,3.2276193499731765,0.24295479955046773,30.0,0.10758731166577255
0.0,PFW_exact,exact,133.0,0.00425410270690918,3.227146484341591,0.19200497506264647,30.0,0.10757154947805304
0.0,PFW_exact,exact,134.0,0.004292011260986328,3.2266998086664307,0.260781641920385,30.0,0.10755666028888103
0.0,PFW_exact,exact,135.0,0.004324913024902344,3.2263514699016795,0.17186113478484977,30.0,0.10754504899672265
0.0,PFW_exact,exact,136.0,0.004357099533081055,3.2259606808974843,0.23783526764789364,30.0,0.10753202269658281
0.0,PFW_exact,exact,137.0,0.004389047622680664,3.225581678191718,0.18570627118303662,30.0,0.10751938927305726
0.0,PFW_exact,exact,138.0,0.004420042037963867,3.2252427607150294,0.23858651321966384,30.0,0.10750809202383431
0.0,PFW_exact,exact,139.0,0.00445103645324707,3.224840310160417,0.19132425951263876,31.0,0.10749467700534723
0.0,PFW_exact,exact,140.0,0.0044820308685302734,3.2244574318942094,0.24940622157845382,31.0,0.10748191439647364
0.0,PFW_exact,exact,141.0,0.0045130252838134766,3.2240931740616556,0.17902874638699373,31.0,0.10746977246872186
0.0,PFW_exact,exact,142.0,0.004544973373413086,3.223781609384875,0.23870849604522348,31.0,0.10745938697949582
0.0,PFW_exact,exact,143.0,0.004576206207275391,3.223498924618306,0.1972724277943705,31.0,0.10744996415394353
0.0,PFW_exact,exact,144.0,0.004607200622558594,3.2231491242989367,0.2284602570313119,31.0,0.10743830414329789
0.0,PFW_exact,exact,145.0,0.004637002944946289,3.2226844121633347,0.19626818358770137,31.0,0.10742281373877782
0.0,PFW_exact,exact,146.0,0.004670143127441406,3.2223027048082336,0.23246592542378686,31.0,0.10741009016027445
0.0,PFW_exact,exact,147.0,0.004702091217041016,3.2220350287105535,0.1777532617879256,31.0,0.10740116762368511
0.0,PFW_exact,exact,148.0,0.0047321319580078125,3.221775465587394,0.2036512389176437,31.0,0.1073925155195798
0.0,PFW_exact,exact,149.0,0.004763126373291016,3.2213637302265075,0.1815778617999726,31.0,0.10737879100755025
0.0,PFW_exact,exact,150.0,0.004815101623535156,3.2210030207349756,0.21850863869658,31.0,0.10736676735783252
0.0,PFW_exact,exact,151.0,0.0048449039459228516,3.220720512684059,0.17748535490083484,31.0,0.10735735042280196
0.0,PFW_exact,exact,152.0,0.004875898361206055,3.2204596935076597,0.19749962208402216,31.0,0.10734865645025532
0.0,PFW_exact,exact,153.0,0.004906892776489258,3.220195663749985,0.16613585260033759,31.0,0.10733985545833284
0.0,PFW_exact,exact,154.0,0.004937171936035156,3.2198003866183065,0.20572111722105113,31.0,0.10732667955394355
0.0,PFW_exact,exact,155.0,0.0049669742584228516,3.219347687523501,0.20299959689530844,31.0,0.10731158958411671
0.0,PFW_exact,exact,156.0,0.004997968673706055,3.218912482879649,0.20594851935062053,31.0,0.10729708276265497
0.0,PFW_exact,exact,157.0,0.0050280094146728516,3.2185914019951785,0.2145493933520477,31.0,0.10728638006650595
0.0,PFW_exact,exact,158.0,0.005059003829956055,3.21816077278341,0.22820039868800102,31.0,0.107272025759447
0.0,PFW_exact,exact,159.0,0.005090951919555664,3.2176609048579476,0.21229173329123796,31.0,0.10725536349526492
0.0,PFW_exact,exact,160.0,0.0051229000091552734,3.21735393296877,0.2183923945093973,31.0,0.107245131098959
0.0,PFW_exact,exact,161.0,0.005155086517333984,3.2170883088704327,0.14170339940745968,31.0,0.10723627696234776
0.0,PFW_exact,exact,162.0,0.00518798828125,3.2167899824637045,0.1761012137404041,31.0,0.10722633274879015
0.0,PFW_exact,exact,163.0,0.005218029022216797,3.2164757103442905,0.1746893154841409,31.0,0.10721585701147635
0.0,PFW_exact,exact,164.0,0.0052640438079833984,3.216194677222138,0.18438794110291035,31.0,0.10720648924073793
0.0,PFW_exact,exact,165.0,0.005295991897583008,3.2159416602442916,0.15372745957917644,31.0,0.10719805534147639
0.0,PFW_exact,exact,166.0,0.005327939987182617,3.215622022205557,0.1785239015212987,31.0,0.10718740074018523
0.0,PFW_exact,exact,167.0,0.00544285774230957,3.215423012333005,0.16172969894666522,31.0,0.10718076707776684
0.0,PFW_exact,exact,168.0,0.005485057830810547,3.2152445278295736,0.1767057358299411,31.0,0.10717481759431911
0.0,PFW_exact,exact,169.0,0.005518913269042969,3.21495124565668,0.15055029502647876,30.0,0.10716504152188934
0.0,PFW_exact,exact,170.0,0.005552053451538086,3.214817568820811,0.13648638997639218,30.0,0.10716058562736036
0.0,PFW_exact,exact,171.0,0.0055980682373046875,3.214528709982303,0.14989922201250927,30.0,0.10715095699941009
0.0,PFW_exact,exact,172.0,0.0056421756744384766,3.21420809386941,0.19024158772461774,30.0,0.107140269795647
0.0,PFW_exact,exact,173.0,0.0056760311126708984,3.2139013506934355,0.15585445157649325,30.0,0.10713004502311452
0.0,PFW_exact,exact,174.0,0.00570988655090332,3.2136444134916338,0.1835379143634075,30.0,0.10712148044972113
0.0,PFW_exact,exact,175.0,0.005742073059082031,3.213338906135815,0.13864804956007148,30.0,0.10711129687119383
0.0,PFW_exact,exact,176.0,0.005773067474365234,3.2131198815348077,0.15986795530334064,30.0,0.10710399605116025
0.0,PFW_exact,exact,177.0,0.005805015563964844,3.2128915556007187,0.1505337603143957,30.0,0.10709638518669062
0.0,PFW_exact,exact,178.0,0.005836963653564453,3.2126059478203444,0.1731421962700086,30.0,0.10708686492734482
0.0,PFW_exact,exact,179.0,0.005876064300537109,3.212350547352816,0.15614095388813354,30.0,0.10707835157842721
0.0,PFW_exact,exact,180.0,0.0059070587158203125,3.2121221593210625,0.16709581198687395,30.0,0.10707073864403542
0.0,PFW_exact,exact,181.0,0.005944013595581055,3.2118838340623483,0.13884677474720775,30.0,0.10706279446874495
0.0,PFW_exact,exact,182.0,0.005975008010864258,3.2117017758090136,0.16978745265357098,30.0,0.10705672586030045
0.0,PFW_exact,exact,183.0,0.006005048751831055,3.211575261904343,0.1305536607740745,30.0,0.10705250873014477
0.0,PFW_exact,exact,184.0,0.006037235260009766,3.211456563805498,0.11921597531030237,30.0,0.10704855212684992
0.0,PFW_exact,exact,185.0,0.00606989860534668,3.2112050378311183,0.15230203774896545,30.0,0.10704016792770395
0.0,PFW_exact,exact,186.0,0.006100177764892578,3.2110562101122535,0.16642733429925727,29.0,0.10703520700374178
0.0,PFW_exact,exact,187.0,0.0061299800872802734,3.2109126645321324,0.13116289655888203,29.0,0.10703042215107109
0.0,PFW_exact,exact,188.0,0.00616002082824707,3.210699357918969,0.20028076733274247,29.0,0.1070233119306323
0.0,PFW_exact,exact,189.0,0.006190061569213867,3.2105148156189367,0.12646614395603883,29.0,0.10701716052063122
0.0,PFW_exact,exact,190.0,0.00622105598449707,3.2103054185770548,0.17804585386212146,29.0,0.10701018061923516
0.0,PFW_exact,exact,191.0,0.006250858306884766,3.2101198873092613,0.12470788101449948,29.0,0.10700399624364204
0.0,PFW_exact,exact,192.0,0.00628209114074707,3.209883213971702,0.16459350221973956,29.0,0.10699610713239008
0.0,PFW_exact,exact,193.0,0.0063169002532958984,3.2096580507159858,0.13845057128848737,29.0,0.10698860169053286
0.0,PFW_exact,exact,194.0,0.006346940994262695,3.2094674315810474,0.17579725530288215,29.0,0.10698224771936825
0.0,PFW_exact,exact,195.0,0.006379842758178711,3.209360888187924,0.117365116560606,29.0,0.1069786962729308
0.0,PFW_exact,exact,196.0,0.006417036056518555,3.2092344143553277,0.13280039710539882,29.0,0.10697448047851092
0.0,PFW_exact,exact,197.0,0.006448030471801758,3.209054774855188,0.14896608315954651,29.0,0.10696849249517294
0.0,PFW_exact,exact,198.0,0.006531953811645508,3.208915243978845,0.11891923840619079,29.0,0.1069638414659615
0.0,PFW_exact,exact,199.0,0.0065670013427734375,3.2087277390897135,0.18275324875382282,29.0,0.10695759130299046
