run,algorithm,step_size,iter,time,loss,gap,spars,mse
0.0,FW_diminishing,diminishing,0.0,6.4849853515625e-05,18.919311425263782,18.580688574736218,1.0,0.6306437141754594
0.0,FW_diminishing,diminishing,1.0,0.0001049041748046875,17.023792599884928,10.73971096916316,2.0,0.5674597533294976
0.0,FW_diminishing,diminishing,2.0,0.00013303756713867188,16.410293098952653,5.996830089660184,3.0,0.5470097699650884
0.0,FW_diminishing,diminishing,3.0,0.00015783309936523438,16.262301609150718,2.98177037106176,4.0,0.542076720305024
0.0,FW_diminishing,diminishing,4.0,0.00018286705017089844,16.154850351546713,2.5525536243943723,5.0,0.5384950117182238
0.0,FW_diminishing,diminishing,5.0,0.00020694732666015625,15.997755656457628,2.075732602807493,6.0,0.5332585218819209
0.0,FW_diminishing,diminishing,6.0,0.0002300739288330078,15.996686939458735,1.760388318500155,7.0,0.5332228979819579
0.0,FW_diminishing,diminishing,7.0,0.00025272369384765625,15.920382526862968,1.6273557178680722,8.0,0.5306794175620989
0.0,FW_diminishing,diminishing,8.0,0.0002758502960205078,15.862393756853336,1.2372771417754933,8.0,0.5287464585617779
0.0,FW_diminishing,diminishing,9.0,0.0002989768981933594,15.73121100511966,1.5611546463009258,8.0,0.5243737001706553
0.0,FW_diminishing,diminishing,10.0,0.0003209114074707031,15.730753502315734,0.9703767563275356,8.0,0.5243584500771912
0.0,FW_diminishing,diminishing,11.0,0.00034499168395996094,15.69130134083179,0.9737949389281777,8.0,0.5230433780277264
0.0,FW_diminishing,diminishing,12.0,0.0003681182861328125,15.682144461984125,0.6127828579946346,8.0,0.5227381487328041
0.0,FW_diminishing,diminishing,13.0,0.00038909912109375,15.667923299610282,0.7808919639734739,8.0,0.5222641099870093
0.0,FW_diminishing,diminishing,14.0,0.00041103363037109375,15.690841962806921,0.6085680212755893,9.0,0.5230280654268974
0.0,FW_diminishing,diminishing,15.0,0.00043201446533203125,15.688362081706297,0.521080172058312,9.0,0.5229454027235432
0.0,FW_diminishing,diminishing,16.0,0.000453948974609375,15.656957598484148,0.7218390605689695,9.0,0.5218985866161383
0.0,FW_diminishing,diminishing,17.0,0.00047707557678222656,15.676482479977008,0.3209634639668071,9.0,0.5225494159992335
0.0,FW_diminishing,diminishing,18.0,0.0004987716674804688,15.67094366500286,0.47746342901799466,9.0,0.5223647888334286
0.0,FW_diminishing,diminishing,19.0,0.0005190372467041016,15.654436743058792,0.7069020173838823,9.0,0.5218145581019598
0.0,FW_diminishing,diminishing,20.0,0.0005409717559814453,15.65625605456959,0.3044737989398314,9.0,0.5218752018189864
0.0,FW_diminishing,diminishing,21.0,0.0005629062652587891,15.643750612726574,0.5159390926565273,9.0,0.5214583537575525
0.0,FW_diminishing,diminishing,22.0,0.0005848407745361328,15.65305182311657,0.3889723846445303,9.0,0.5217683941038856
0.0,FW_diminishing,diminishing,23.0,0.0006067752838134766,15.645809134181498,0.4727495797627945,9.0,0.5215269711393833
0.0,FW_diminishing,diminishing,24.0,0.0006277561187744141,15.6542717228637,0.19531543518752947,9.0,0.52180905742879
0.0,FW_diminishing,diminishing,25.0,0.0006499290466308594,15.638944801386069,0.48466969133581017,9.0,0.5212981600462023
0.0,FW_diminishing,diminishing,26.0,0.0006728172302246094,15.63695559432231,0.409043420686686,9.0,0.521231853144077
0.0,FW_diminishing,diminishing,27.0,0.0006949901580810547,15.637044640183573,0.2788218042275119,9.0,0.5212348213394524
0.0,FW_diminishing,diminishing,28.0,0.0007169246673583984,15.639289971104674,0.2860731071072582,9.0,0.5213096657034891
0.0,FW_diminishing,diminishing,29.0,0.0007388591766357422,15.63912744252038,0.22890130665765618,9.0,0.5213042480840127
0.0,FW_diminishing,diminishing,30.0,0.0007598400115966797,15.637360177014976,0.2822042913724516,9.0,0.5212453392338325
0.0,FW_diminishing,diminishing,31.0,0.0007810592651367188,15.635911604502608,0.34346054034148743,9.0,0.5211970534834203
0.0,FW_diminishing,diminishing,32.0,0.0008039474487304688,15.64350720092564,0.09929580456033626,9.0,0.5214502400308547
0.0,FW_diminishing,diminishing,33.0,0.0008261203765869141,15.636155963136636,0.3349770180132854,9.0,0.5212051987712212
0.0,FW_diminishing,diminishing,34.0,0.0008480548858642578,15.634964939448931,0.2769257385860495,9.0,0.521165497981631
0.0,FW_diminishing,diminishing,35.0,0.0008709430694580078,15.634627604698128,0.3281319439422905,9.0,0.5211542534899376
0.0,FW_diminishing,diminishing,36.0,0.0008928775787353516,15.636975171895159,0.16320402671650847,9.0,0.5212325057298386
0.0,FW_diminishing,diminishing,37.0,0.0009157657623291016,15.64224599959533,0.2592646322801997,10.0,0.521408199986511
0.0,FW_diminishing,diminishing,38.0,0.0009379386901855469,15.6409951967397,0.19880981936425712,10.0,0.52136650655799
0.0,FW_diminishing,diminishing,39.0,0.0009598731994628906,15.641365035930114,0.18581290908785242,10.0,0.5213788345310039
0.0,FW_diminishing,diminishing,40.0,0.0009818077087402344,15.640314357753397,0.2694304362909108,10.0,0.5213438119251133
0.0,FW_diminishing,diminishing,41.0,0.0010039806365966797,15.63943962371428,0.23034308761520172,10.0,0.5213146541238093
0.0,FW_diminishing,diminishing,42.0,0.0010259151458740234,15.641113698009221,0.18812647414471328,10.0,0.5213704566003073
0.0,FW_diminishing,diminishing,43.0,0.0010478496551513672,15.641202437021695,0.17366204747210112,10.0,0.5213734145673898
0.0,FW_diminishing,diminishing,44.0,0.0010700225830078125,15.639062633897893,0.20045749276056668,10.0,0.5213020877965965
0.0,FW_diminishing,diminishing,45.0,0.0010919570922851562,15.64158392361043,0.13848100974601785,10.0,0.5213861307870143
0.0,FW_diminishing,diminishing,46.0,0.0011119842529296875,15.640879017336646,0.18192234494837223,10.0,0.5213626339112215
0.0,FW_diminishing,diminishing,47.0,0.001135110855102539,15.637236859610876,0.3026362061010328,10.0,0.5212412286536959
0.0,FW_diminishing,diminishing,48.0,0.0011570453643798828,15.641800105404487,0.11552315247323541,10.0,0.5213933368468162
0.0,FW_diminishing,diminishing,49.0,0.0011789798736572266,15.640149085728869,0.1980223380567505,10.0,0.5213383028576289
0.0,FW_diminishing,diminishing,50.0,0.001199960708618164,15.6367450378364,0.223211948593816,10.0,0.5212248345945467
0.0,FW_diminishing,diminishing,51.0,0.0012221336364746094,15.63462568891794,0.22782625821312585,10.0,0.521154189630598
0.0,FW_diminishing,diminishing,52.0,0.0012431144714355469,15.636469274984687,0.09389122739024636,10.0,0.5212156424994896
0.0,FW_diminishing,diminishing,53.0,0.0012650489807128906,15.63532864912348,0.21859447993847958,10.0,0.5211776216374493
0.0,FW_diminishing,diminishing,54.0,0.0012869834899902344,15.632858734748899,0.1933479868818857,10.0,0.5210952911582967
0.0,FW_diminishing,diminishing,55.0,0.0013091564178466797,15.632748455175854,0.14096318880654835,10.0,0.5210916151725284
0.0,FW_diminishing,diminishing,56.0,0.0013301372528076172,15.633375795588611,0.142390209093902,10.0,0.5211125265196204
0.0,FW_diminishing,diminishing,57.0,0.0013518333435058594,15.635098783612989,0.1495399217306037,10.0,0.5211699594537663
0.0,FW_diminishing,diminishing,58.0,0.0013737678527832031,15.633455526138045,0.16424635755510053,10.0,0.5211151842046015
0.0,FW_diminishing,diminishing,59.0,0.0013959407806396484,15.631868113260476,0.178407021930294,10.0,0.5210622704420158
0.0,FW_diminishing,diminishing,60.0,0.0014178752899169922,15.633180969859549,0.1021492846438079,10.0,0.5211060323286516
0.0,FW_diminishing,diminishing,61.0,0.0014388561248779297,15.63233200059136,0.13536131841852317,10.0,0.5210777333530453
0.0,FW_diminishing,diminishing,62.0,0.0014598369598388672,15.633993083772205,0.10430140348519679,10.0,0.5211331027924069
0.0,FW_diminishing,diminishing,63.0,0.0014829635620117188,15.629937796846866,0.2561643039631871,10.0,0.5209979265615622
0.0,FW_diminishing,diminishing,64.0,0.0015070438385009766,15.63249350075643,0.08902255580038343,10.0,0.521083116691881
0.0,FW_diminishing,diminishing,65.0,0.0015268325805664062,15.632640576438716,0.11145300487771692,10.0,0.5210880192146239
0.0,FW_diminishing,diminishing,66.0,0.0015499591827392578,15.630698665033817,0.16762183129952923,10.0,0.5210232888344606
0.0,FW_diminishing,diminishing,67.0,0.0015718936920166016,15.630093565864467,0.15067231240504775,10.0,0.5210031188621489
0.0,FW_diminishing,diminishing,68.0,0.0015940666198730469,15.63249599976201,0.05863381163129411,10.0,0.521083199992067
0.0,FW_diminishing,diminishing,69.0,0.0016160011291503906,15.630380677117184,0.18704670165512738,10.0,0.5210126892372394
0.0,FW_diminishing,diminishing,70.0,0.0016379356384277344,15.628817932173645,0.1518356627135855,10.0,0.5209605977391215
0.0,FW_diminishing,diminishing,71.0,0.0016589164733886719,15.629632200835891,0.07622942214841189,10.0,0.5209877400278631
0.0,FW_diminishing,diminishing,72.0,0.001680135726928711,15.628996336624011,0.14967037506006164,10.0,0.5209665445541337
0.0,FW_diminishing,diminishing,73.0,0.0017020702362060547,15.629605854139255,0.06666249542002767,10.0,0.5209868618046418
0.0,FW_diminishing,diminishing,74.0,0.0017240047454833984,15.630627777926604,0.1159305429743398,10.0,0.5210209259308868
0.0,FW_diminishing,diminishing,75.0,0.0017461776733398438,15.63035547370593,0.11180711991721992,10.0,0.5210118491235309
0.0,FW_diminishing,diminishing,76.0,0.001767873764038086,15.631649925345668,0.07808969126493182,10.0,0.5210549975115223
0.0,FW_diminishing,diminishing,77.0,0.00179290771484375,15.632033613970055,0.09682342188919435,10.0,0.5210677871323351
0.0,FW_diminishing,diminishing,78.0,0.0018148422241210938,15.630953453673369,0.128603443230487,10.0,0.5210317817891122
0.0,FW_diminishing,diminishing,79.0,0.0018358230590820312,15.629000070855968,0.1770342925643913,10.0,0.5209666690285323
0.0,FW_diminishing,diminishing,80.0,0.0018579959869384766,15.630474318087156,0.07886528683740934,10.0,0.5210158106029052
0.0,FW_diminishing,diminishing,81.0,0.001878976821899414,15.631146553532158,0.06497629704889363,10.0,0.5210382184510719
0.0,FW_diminishing,diminishing,82.0,0.0018999576568603516,15.629697592317312,0.142539815968874,10.0,0.5209899197439104
0.0,FW_diminishing,diminishing,83.0,0.0019230842590332031,15.629238131503065,0.12885472530962794,10.0,0.5209746043834355
0.0,FW_diminishing,diminishing,84.0,0.0019450187683105469,15.62969844812369,0.069985911444709,10.0,0.5209899482707897
0.0,FW_diminishing,diminishing,85.0,0.0019659996032714844,15.628758619526113,0.1580074565048495,10.0,0.5209586206508704
0.0,FW_diminishing,diminishing,86.0,0.001986980438232422,15.628726755705157,0.07795909681667368,10.0,0.5209575585235052
0.0,FW_diminishing,diminishing,87.0,0.0020089149475097656,15.628434350004506,0.10046164314323924,10.0,0.5209478116668168
0.0,FW_diminishing,diminishing,88.0,0.002031087875366211,15.628283573171117,0.10533842231571278,10.0,0.5209427857723706
0.0,FW_diminishing,diminishing,89.0,0.0020530223846435547,15.629097925299611,0.07308828356468666,10.0,0.5209699308433203
0.0,FW_diminishing,diminishing,90.0,0.002074003219604492,15.629070714987368,0.07439534490398891,10.0,0.5209690238329122
0.0,FW_diminishing,diminishing,91.0,0.002095937728881836,15.627491523527983,0.15835841454476807,10.0,0.5209163841175994
0.0,FW_diminishing,diminishing,92.0,0.0021181106567382812,15.629169928048162,0.041885522421022614,10.0,0.5209723309349388
0.0,FW_diminishing,diminishing,93.0,0.0021409988403320312,15.629610317788094,0.07172478635523305,10.0,0.5209870105929365
0.0,FW_diminishing,diminishing,94.0,0.002162933349609375,15.629402298030168,0.09083912868510957,10.0,0.5209800766010056
0.0,FW_diminishing,diminishing,95.0,0.0021848678588867188,15.628125997930017,0.13246496921702544,10.0,0.5209375332643339
0.0,FW_diminishing,diminishing,96.0,0.0022068023681640625,15.629092452968063,0.05454250294870455,10.0,0.5209697484322687
0.0,FW_diminishing,diminishing,97.0,0.002227783203125,15.628327700417211,0.11679410986562822,10.0,0.5209442566805736
0.0,FW_diminishing,diminishing,98.0,0.0022487640380859375,15.62798025729142,0.08488962325148464,10.0,0.5209326752430473
0.0,FW_diminishing,diminishing,99.0,0.002270936965942383,15.628386050341058,0.07039219423825926,10.0,0.5209462016780353
0.0,FW_diminishing,diminishing,100.0,0.0022919178009033203,15.627574511268238,0.11804397843584447,10.0,0.5209191503756079
0.0,FW_diminishing,diminishing,101.0,0.002312898635864258,15.628637148257175,0.05839089956335464,10.0,0.5209545716085725
0.0,FW_diminishing,diminishing,102.0,0.0023348331451416016,15.628433823239952,0.07530323771720226,10.0,0.5209477941079984
0.0,FW_diminishing,diminishing,103.0,0.002355813980102539,15.628569322746609,0.06636635932541246,10.0,0.5209523107582202
0.0,FW_diminishing,diminishing,104.0,0.0023767948150634766,15.628567239157324,0.08701059762469576,10.0,0.5209522413052441
0.0,FW_diminishing,diminishing,105.0,0.002397775650024414,15.629211708862304,0.05892236254453387,10.0,0.5209737236287435
0.0,FW_diminishing,diminishing,106.0,0.0024199485778808594,15.628897565280965,0.08880382675538812,10.0,0.5209632521760322
0.0,FW_diminishing,diminishing,107.0,0.002441883087158203,15.628099309429727,0.1058211832174667,10.0,0.5209366436476576
0.0,FW_diminishing,diminishing,108.0,0.002463817596435547,15.628518787190282,0.056684857577185,10.0,0.520950626239676
0.0,FW_diminishing,diminishing,109.0,0.002490997314453125,15.629055943163467,0.07300417736479936,10.0,0.5209685314387822
0.0,FW_diminishing,diminishing,110.0,0.0025119781494140625,15.628408336677058,0.10584745167158616,10.0,0.520946944555902
0.0,FW_diminishing,diminishing,111.0,0.002532958984375,15.628050203695473,0.07989465043348076,10.0,0.520935006789849
0.0,FW_diminishing,diminishing,112.0,0.0025551319122314453,15.628852723213132,0.04162836730788122,10.0,0.5209617574404377
0.0,FW_diminishing,diminishing,113.0,0.002577066421508789,15.627820268476775,0.12751278924940657,10.0,0.5209273422825592
0.0,FW_diminishing,diminishing,114.0,0.002599000930786133,15.628203541278815,0.053348278416741834,10.0,0.5209401180426272
0.0,FW_diminishing,diminishing,115.0,0.0026209354400634766,15.627882728701271,0.0763305865648114,10.0,0.5209294242900424
0.0,FW_diminishing,diminishing,116.0,0.002640962600708008,15.627547913359457,0.08547209172198755,10.0,0.5209182637786486
0.0,FW_diminishing,diminishing,117.0,0.002663135528564453,15.627829833325913,0.06736768566176643,10.0,0.5209276611108637
0.0,FW_diminishing,diminishing,118.0,0.0026848316192626953,15.62809542299571,0.039582352214825534,10.0,0.520936514099857
0.0,FW_diminishing,diminishing,119.0,0.002705097198486328,15.627382909364968,0.10755721743931801,10.0,0.520912763645499
0.0,FW_diminishing,diminishing,120.0,0.002727031707763672,15.62780598530233,0.0490936520774401,10.0,0.5209268661767443
0.0,FW_diminishing,diminishing,121.0,0.002749919891357422,15.628574842317954,0.04505794557576692,10.0,0.5209524947439318
0.0,FW_diminishing,diminishing,122.0,0.0027709007263183594,15.62801793095035,0.09724531636842038,10.0,0.5209339310316783
0.0,FW_diminishing,diminishing,123.0,0.002792835235595703,15.628068171020463,0.05032590602346687,10.0,0.5209356057006821
0.0,FW_diminishing,diminishing,124.0,0.0028138160705566406,15.628410968379299,0.04789307993595315,10.0,0.5209470322793099
0.0,FW_diminishing,diminishing,125.0,0.0028357505798339844,15.62888786071208,0.06149334105437099,10.0,0.5209629286904026
0.0,FW_diminishing,diminishing,126.0,0.0028579235076904297,15.628639745463028,0.07630419116078535,10.0,0.520954658182101
0.0,FW_diminishing,diminishing,127.0,0.0028798580169677734,15.628211907477015,0.07985172694674603,10.0,0.5209403969159004
0.0,FW_diminishing,diminishing,128.0,0.002901792526245117,15.628522328141223,0.05667008550067543,10.0,0.5209507442713741
0.0,FW_diminishing,diminishing,129.0,0.002925872802734375,15.62796163416139,0.09607390484616118,10.0,0.5209320544720463
0.0,FW_diminishing,diminishing,130.0,0.0029480457305908203,15.628229048346554,0.05160691957207675,10.0,0.5209409682782185
0.0,FW_diminishing,diminishing,131.0,0.002969026565551758,15.628353119163526,0.04186885811542673,10.0,0.5209451039721176
0.0,FW_diminishing,diminishing,132.0,0.0029909610748291016,15.627753213723173,0.09824839767155424,10.0,0.5209251071241058
0.0,FW_diminishing,diminishing,133.0,0.003011941909790039,15.628042588706094,0.05444220610753803,10.0,0.5209347529568699
0.0,FW_diminishing,diminishing,134.0,0.0030341148376464844,15.62804366652293,0.05651858850706404,10.0,0.5209347888840976
0.0,FW_diminishing,diminishing,135.0,0.003055095672607422,15.627718505129321,0.07136305641322416,10.0,0.5209239501709774
0.0,FW_diminishing,diminishing,136.0,0.0030760765075683594,15.627608779961214,0.07136301271360601,10.0,0.5209202926653738
0.0,FW_diminishing,diminishing,137.0,0.003097057342529297,15.628155390430253,0.043707257546369505,10.0,0.5209385130143418
0.0,FW_diminishing,diminishing,138.0,0.003119945526123047,15.627916081391312,0.07194537310297022,10.0,0.5209305360463771
0.0,FW_diminishing,diminishing,139.0,0.003142118453979492,15.627843357064714,0.05255904213168172,10.0,0.5209281119021572
0.0,FW_diminishing,diminishing,140.0,0.0031630992889404297,15.628252703574901,0.04107522244169992,10.0,0.52094175678583
0.0,FW_diminishing,diminishing,141.0,0.003184080123901367,15.627740466507305,0.09092486650982678,10.0,0.5209246822169101
0.0,FW_diminishing,diminishing,142.0,0.0032050609588623047,15.627653723947372,0.06732302547145785,10.0,0.5209217907982457
0.0,FW_diminishing,diminishing,143.0,0.0032269954681396484,15.627726753778953,0.061382248437919174,10.0,0.5209242251259651
0.0,FW_diminishing,diminishing,144.0,0.003248929977416992,15.628163770278746,0.02032200225763603,10.0,0.5209387923426249
0.0,FW_diminishing,diminishing,145.0,0.0032711029052734375,15.628544672638268,0.06554082151800777,10.0,0.5209514890879423
0.0,FW_diminishing,diminishing,146.0,0.003292083740234375,15.62843118833959,0.053591873591647854,10.0,0.5209477062779864
0.0,FW_diminishing,diminishing,147.0,0.0033130645751953125,15.62869692159526,0.03883924698865293,10.0,0.5209565640531754
0.0,FW_diminishing,diminishing,148.0,0.0033349990844726562,15.628773604020656,0.045401841611724336,10.0,0.5209591201340219
0.0,FW_diminishing,diminishing,149.0,0.0033571720123291016,15.628421613548129,0.09321187614527027,10.0,0.5209473871182709
0.0,FW_diminishing,diminishing,150.0,0.0033788681030273438,15.628320800968753,0.05164244360250514,10.0,0.5209440266989585
0.0,FW_diminishing,diminishing,151.0,0.0033998489379882812,15.628154105842642,0.06313897476225705,10.0,0.5209384701947547
0.0,FW_diminishing,diminishing,152.0,0.003420114517211914,15.628323205433738,0.04627002651951351,10.0,0.5209441068477912
0.0,FW_diminishing,diminishing,153.0,0.0034427642822265625,15.628409049209864,0.06690063730953355,10.0,0.5209469683069955
0.0,FW_diminishing,diminishing,154.0,0.003464937210083008,15.628325484042323,0.055841211348438335,10.0,0.5209441828014107
0.0,FW_diminishing,diminishing,155.0,0.0034859180450439453,15.628121706472346,0.058667280926464116,10.0,0.5209373902157448
0.0,FW_diminishing,diminishing,156.0,0.003506898880004883,15.628204558235282,0.05668493752382453,10.0,0.520940151941176
0.0,FW_diminishing,diminishing,157.0,0.0035278797149658203,15.62789978357749,0.07283846262949112,10.0,0.5209299927859163
0.0,FW_diminishing,diminishing,158.0,0.003549814224243164,15.628074999478729,0.04061671256666877,10.0,0.5209358333159576
0.0,FW_diminishing,diminishing,159.0,0.003571748733520508,15.627890149457405,0.05646680221986955,10.0,0.5209296716485802
0.0,FW_diminishing,diminishing,160.0,0.003592967987060547,15.627923930882767,0.044628022030870795,10.0,0.5209307976960923
0.0,FW_diminishing,diminishing,161.0,0.0036139488220214844,15.627768030400388,0.07421404638532714,10.0,0.5209256010133463
0.0,FW_diminishing,diminishing,162.0,0.003635883331298828,15.627895858486388,0.030025028945843246,10.0,0.5209298619495463
0.0,FW_diminishing,diminishing,163.0,0.0036568641662597656,15.62771435508719,0.06168384657709325,10.0,0.5209238118362397
0.0,FW_diminishing,diminishing,164.0,0.0036771297454833984,15.627763746964739,0.050966982894788515,10.0,0.520925458232158
0.0,FW_diminishing,diminishing,165.0,0.003698110580444336,15.628040414192663,0.044909870462143786,10.0,0.5209346804730888
0.0,FW_diminishing,diminishing,166.0,0.003719806671142578,15.62793091025526,0.05499266520282475,10.0,0.5209310303418421
0.0,FW_diminishing,diminishing,167.0,0.003741741180419922,15.62794561590936,0.03816022117788975,10.0,0.520931520530312
0.0,FW_diminishing,diminishing,168.0,0.0037627220153808594,15.628132505511983,0.04271906774945755,10.0,0.5209377501837328
0.0,FW_diminishing,diminishing,169.0,0.0037839412689208984,15.627827031639313,0.07129857651955618,10.0,0.5209275677213104
0.0,FW_diminishing,diminishing,170.0,0.0038051605224609375,15.627670203329162,0.06458914111186864,10.0,0.520922340110972
0.0,FW_diminishing,diminishing,171.0,0.0038268566131591797,15.627688588160824,0.03688983994428163,10.0,0.5209229529386942
0.0,FW_diminishing,diminishing,172.0,0.0038487911224365234,15.627903666228466,0.0481288303602998,10.0,0.5209301222076156
0.0,FW_diminishing,diminishing,173.0,0.003869771957397461,15.627765318343743,0.05608201352482922,10.0,0.5209255106114581
0.0,FW_diminishing,diminishing,174.0,0.0038907527923583984,15.627782019003007,0.050461751416410294,10.0,0.5209260673001003
0.0,FW_diminishing,diminishing,175.0,0.003912925720214844,15.627843363118824,0.032126479487867954,10.0,0.5209281121039608
0.0,FW_diminishing,diminishing,176.0,0.003933906555175781,15.627667637180098,0.05890742774136726,10.0,0.5209222545726699
0.0,FW_diminishing,diminishing,177.0,0.003954887390136719,15.62759613312177,0.06227934951244052,10.0,0.520919871104059
0.0,FW_diminishing,diminishing,178.0,0.003975868225097656,15.627755497287088,0.028104786196999854,10.0,0.5209251832429029
0.0,FW_diminishing,diminishing,179.0,0.003997802734375,15.627558556930689,0.05479940426802443,10.0,0.5209186185643563
0.0,FW_diminishing,diminishing,180.0,0.004019975662231445,15.627496312290791,0.05384323500381072,10.0,0.5209165437430264
0.0,FW_diminishing,diminishing,181.0,0.004040956497192383,15.627718352793472,0.04171653291804134,10.0,0.5209239450931158
0.0,FW_diminishing,diminishing,182.0,0.0040628910064697266,15.627727389860139,0.04083037097437092,10.0,0.5209242463286713
0.0,FW_diminishing,diminishing,183.0,0.004083871841430664,15.627810836401444,0.04617385603190982,10.0,0.5209270278800482
0.0,FW_diminishing,diminishing,184.0,0.004105806350708008,15.627702607405379,0.045951882346075834,10.0,0.5209234202468459
0.0,FW_diminishing,diminishing,185.0,0.004126787185668945,15.627545360595024,0.055856866639199865,10.0,0.5209181786865008
0.0,FW_diminishing,diminishing,186.0,0.004147768020629883,15.62748467510121,0.05436493827611599,10.0,0.520916155836707
0.0,FW_diminishing,diminishing,187.0,0.00416874885559082,15.627693960160688,0.015217741687367337,10.0,0.5209231320053562
0.0,FW_diminishing,diminishing,188.0,0.004191875457763672,15.627504318774223,0.05854884464260479,10.0,0.5209168106258074
0.0,FW_diminishing,diminishing,189.0,0.004213809967041016,15.627530354708945,0.049753080776879344,10.0,0.5209176784902981
0.0,FW_diminishing,diminishing,190.0,0.004234790802001953,15.627599591803778,0.038867183405979944,10.0,0.5209199863934593
0.0,FW_diminishing,diminishing,191.0,0.004256010055541992,15.627554968459735,0.044059853272042204,10.0,0.5209184989486578
0.0,FW_diminishing,diminishing,192.0,0.00427699089050293,15.6273162610358,0.05768494384001599,10.0,0.5209105420345267
0.0,FW_diminishing,diminishing,193.0,0.0042989253997802734,15.627525800360736,0.039123776418866996,10.0,0.5209175266786912
0.0,FW_diminishing,diminishing,194.0,0.004322052001953125,15.627742157235195,0.017673758979633192,10.0,0.5209247385745065
0.0,FW_diminishing,diminishing,195.0,0.0043430328369140625,15.627519561116719,0.0559102816262218,10.0,0.5209173187038906
0.0,FW_diminishing,diminishing,196.0,0.004364967346191406,15.627534580176285,0.042686535513702495,10.0,0.5209178193392094
0.0,FW_diminishing,diminishing,197.0,0.0043849945068359375,15.627717658761659,0.03879962228390177,10.0,0.520923921958722
0.0,FW_diminishing,diminishing,198.0,0.004406929016113281,15.627800990809432,0.029886199063154706,10.0,0.5209266996936477
0.0,FW_diminishing,diminishing,199.0,0.004428863525390625,15.627754903526563,0.054314741445042,10.0,0.5209251634508855
0.0,FW_diminishing,diminishing,200.0,0.004448890686035156,15.627611380595052,0.047556339460738783,10.0,0.5209203793531684
0.0,FW_diminishing,diminishing,201.0,0.004472017288208008,15.62755201735745,0.04381826246477516,10.0,0.5209184005785816
0.0,FW_diminishing,diminishing,202.0,0.0044939517974853516,15.62737227650406,0.06326474671534399,10.0,0.520912409216802
0.0,FW_diminishing,diminishing,203.0,0.004517078399658203,15.627502240112666,0.018980384096835223,10.0,0.5209167413370889
0.0,FW_diminishing,diminishing,204.0,0.004539966583251953,15.62741362145288,0.046396323189361155,10.0,0.5209137873817626
0.0,FW_diminishing,diminishing,205.0,0.0045621395111083984,15.627332579283069,0.05665712241843046,10.0,0.5209110859761023
0.0,FW_diminishing,diminishing,206.0,0.004583120346069336,15.627452576977369,0.029444409742446,10.0,0.5209150858992456
0.0,FW_diminishing,diminishing,207.0,0.004604816436767578,15.627483347736463,0.03339415347595143,10.0,0.5209161115912154
0.0,FW_diminishing,diminishing,208.0,0.00462794303894043,15.627234269471522,0.05805688411991383,10.0,0.5209078089823841
0.0,FW_diminishing,diminishing,209.0,0.004648923873901367,15.627517536712105,0.023748819770473162,10.0,0.5209172512237369
0.0,FW_diminishing,diminishing,210.0,0.004670858383178711,15.627564187221628,0.03112465887638649,10.0,0.520918806240721
0.0,FW_diminishing,diminishing,211.0,0.0046918392181396484,15.627598716904687,0.0431034710988758,10.0,0.5209199572301563
0.0,FW_diminishing,diminishing,212.0,0.004713773727416992,15.627685662246344,0.033247468522530355,10.0,0.5209228554082115
0.0,FW_diminishing,diminishing,213.0,0.0047359466552734375,15.627624203377135,0.04227530740574181,10.0,0.5209208067792378
0.0,FW_diminishing,diminishing,214.0,0.004757881164550781,15.627289806229776,0.06721584624990129,10.0,0.5209096602076592
0.0,FW_diminishing,diminishing,215.0,0.0047779083251953125,15.62753145992552,0.008815575048616964,10.0,0.5209177153308506
0.0,FW_diminishing,diminishing,216.0,0.004799842834472656,15.627415530014833,0.043232807724514544,10.0,0.5209138510004945
0.0,FW_diminishing,diminishing,217.0,0.0048220157623291016,15.627409885473512,0.046146438869865136,10.0,0.520913662849117
0.0,FW_diminishing,diminishing,218.0,0.004843950271606445,15.627327338602433,0.048893661457540816,10.0,0.5209109112867477
0.0,FW_diminishing,diminishing,219.0,0.004865884780883789,15.627325113001358,0.034882371238770915,10.0,0.5209108371000453
0.0,FW_diminishing,diminishing,220.0,0.0048868656158447266,15.627217888420763,0.04193727608857678,10.0,0.5209072629473588
0.0,FW_diminishing,diminishing,221.0,0.004909038543701172,15.627353034531593,0.03698919247379884,10.0,0.5209117678177198
0.0,FW_diminishing,diminishing,222.0,0.004930973052978516,15.627504860532543,0.02185714823287377,10.0,0.5209168286844181
0.0,FW_diminishing,diminishing,223.0,0.004952907562255859,15.627654669181238,0.025801138734800944,10.0,0.5209218223060412
0.0,FW_diminishing,diminishing,224.0,0.004973888397216797,15.627630648589696,0.036596750963667546,10.0,0.5209210216196565
0.0,FW_diminishing,diminishing,225.0,0.004993915557861328,15.627724136273107,0.03319699846745294,10.0,0.5209241378757702
0.0,FW_diminishing,diminishing,226.0,0.005015850067138672,15.627695327120616,0.03244239853793829,10.0,0.5209231775706872
0.0,FW_diminishing,diminishing,227.0,0.005038022994995117,15.627560543666602,0.048979042242747184,10.0,0.5209186847888867
0.0,FW_diminishing,diminishing,228.0,0.005059003829956055,15.627564418668646,0.039197018870401834,10.0,0.5209188139556216
0.0,FW_diminishing,diminishing,229.0,0.0050809383392333984,15.6277112443498,0.03210100810726857,10.0,0.5209237081449933
0.0,FW_diminishing,diminishing,230.0,0.00510096549987793,15.627616027415915,0.04411564923308475,10.0,0.5209205342471972
0.0,FW_diminishing,diminishing,231.0,0.0051229000091552734,15.627538985060442,0.0375526710551366,10.0,0.5209179661686814
0.0,FW_diminishing,diminishing,232.0,0.005145072937011719,15.62758808816373,0.03153698688213602,10.0,0.520919602938791
0.0,FW_diminishing,diminishing,233.0,0.005166053771972656,15.627649556651862,0.025266390053582555,10.0,0.5209216518883955
0.0,FW_diminishing,diminishing,234.0,0.005187034606933594,15.627472090530064,0.06333344794100704,10.0,0.5209157363510022
0.0,FW_diminishing,diminishing,235.0,0.0052089691162109375,15.627401866073587,0.036408074116526024,10.0,0.5209133955357862
0.0,FW_diminishing,diminishing,236.0,0.005229949951171875,15.627361396508238,0.03699541942815898,10.0,0.5209120465502746
0.0,FW_diminishing,diminishing,237.0,0.005259990692138672,15.627504269164536,0.02446418598511002,10.0,0.5209168089721512
0.0,FW_diminishing,diminishing,238.0,0.005281925201416016,15.627574392650718,0.019176713908024112,10.0,0.5209191464216906
0.0,FW_diminishing,diminishing,239.0,0.005302906036376953,15.627432419119947,0.04898484193550878,10.0,0.5209144139706648
0.0,FW_diminishing,diminishing,240.0,0.005324840545654297,15.627365966935999,0.044195798752811655,10.0,0.5209121988978667
0.0,FW_diminishing,diminishing,241.0,0.005346059799194336,15.627519032770401,0.02800712912121739,10.0,0.5209173010923467
0.0,FW_diminishing,diminishing,242.0,0.0053670406341552734,15.627578110162379,0.024073924865964713,10.0,0.520919270338746
0.0,FW_diminishing,diminishing,243.0,0.005388021469116211,15.627447535583517,0.04321949044519968,10.0,0.5209149178527839
0.0,FW_diminishing,diminishing,244.0,0.005409955978393555,15.62742745390328,0.039537998374381544,10.0,0.5209142484634427
0.0,FW_diminishing,diminishing,245.0,0.0054318904876708984,15.627462366610478,0.026610996338376935,10.0,0.5209154122203493
0.0,FW_diminishing,diminishing,246.0,0.00545191764831543,15.62735477727471,0.05360533289411862,10.0,0.5209118259091571
0.0,FW_diminishing,diminishing,247.0,0.0054738521575927734,15.6273782418878,0.02371052047694633,10.0,0.5209126080629267
0.0,FW_diminishing,diminishing,248.0,0.005496978759765625,15.62731959419114,0.03797390211444984,10.0,0.5209106531397046
0.0,FW_diminishing,diminishing,249.0,0.005518913269042969,15.627544265026533,0.026278407089979083,10.0,0.5209181421675511
0.0,FW_diminishing,diminishing,250.0,0.005541086196899414,15.627625916059444,0.02427332624622558,10.0,0.5209208638686481
0.0,FW_diminishing,diminishing,251.0,0.0055620670318603516,15.627713408175905,0.01906036021511781,10.0,0.5209237802725302
0.0,FW_diminishing,diminishing,252.0,0.005583047866821289,15.627537839041878,0.04859803634817439,10.0,0.5209179279680626
0.0,FW_diminishing,diminishing,253.0,0.005604982376098633,15.627567442994822,0.03523982281979343,10.0,0.5209189147664941
0.0,FW_diminishing,diminishing,254.0,0.00562596321105957,15.627563724489308,0.03033959366157646,10.0,0.5209187908163103
0.0,FW_diminishing,diminishing,255.0,0.005648136138916016,15.62751622587504,0.03196907211203737,10.0,0.520917207529168
0.0,FW_diminishing,diminishing,256.0,0.005669116973876953,15.627682168141924,0.02244421602222424,10.0,0.5209227389380641
0.0,FW_diminishing,diminishing,257.0,0.005690097808837891,15.627639227903328,0.039303021108267444,10.0,0.5209213075967776
0.0,FW_diminishing,diminishing,258.0,0.005712032318115234,15.627565857604106,0.03900845482710835,10.0,0.5209188619201368
0.0,FW_diminishing,diminishing,259.0,0.005733966827392578,15.62766738248002,0.02478814525258244,10.0,0.5209222460826674
0.0,FW_diminishing,diminishing,260.0,0.0057561397552490234,15.62765815974,0.02653781141760625,10.0,0.520921938658
0.0,FW_diminishing,diminishing,261.0,0.005777120590209961,15.627502760005232,0.04964999806477799,10.0,0.5209167586668411
0.0,FW_diminishing,diminishing,262.0,0.0057981014251708984,15.627445307769566,0.04214360756638591,10.0,0.5209148435923189
0.0,FW_diminishing,diminishing,263.0,0.005820035934448242,15.62750899005703,0.020336915411700573,10.0,0.5209169663352343
0.0,FW_diminishing,diminishing,264.0,0.00584101676940918,15.627425956096516,0.03606507699061545,10.0,0.5209141985365505
0.0,FW_diminishing,diminishing,265.0,0.005861997604370117,15.62745431028171,0.039712698565850246,10.0,0.520915143676057
0.0,FW_diminishing,diminishing,266.0,0.005882978439331055,15.62755955259269,0.019775055268153707,10.0,0.5209186517530896
0.0,FW_diminishing,diminishing,267.0,0.0059051513671875,15.627544383822244,0.030461566597221434,10.0,0.5209181461274082
0.0,FW_diminishing,diminishing,268.0,0.005927085876464844,15.627483504900303,0.03284541338651614,10.0,0.52091611683001
0.0,FW_diminishing,diminishing,269.0,0.005948066711425781,15.627533188942369,0.0299399981234707,10.0,0.5209177729647456
0.0,FW_diminishing,diminishing,270.0,0.005969047546386719,15.627439997198826,0.04085861587643258,10.0,0.5209146665732942
0.0,FW_diminishing,diminishing,271.0,0.0059909820556640625,15.62752299421592,0.020547163655759704,10.0,0.5209174331405306
0.0,FW_diminishing,diminishing,272.0,0.006012916564941406,15.627548883414939,0.037855763009757126,10.0,0.5209182961138313
0.0,FW_diminishing,diminishing,273.0,0.00603485107421875,15.627526070708168,0.02727520351069579,10.0,0.5209175356902722
0.0,FW_diminishing,diminishing,274.0,0.0060558319091796875,15.627374911932938,0.04869279918612612,10.0,0.5209124970644312
0.0,FW_diminishing,diminishing,275.0,0.006076812744140625,15.627489317226171,0.019961446093192947,10.0,0.5209163105742057
0.0,FW_diminishing,diminishing,276.0,0.006098747253417969,15.627478020919822,0.029061872909121433,10.0,0.5209159340306607
0.0,FW_diminishing,diminishing,277.0,0.006119728088378906,15.627349586588268,0.04181370111855642,10.0,0.5209116528862756
0.0,FW_diminishing,diminishing,278.0,0.006139993667602539,15.627329753236113,0.03395241697802476,10.0,0.5209109917745371
0.0,FW_diminishing,diminishing,279.0,0.0061609745025634766,15.627426812678342,0.01345135796464092,10.0,0.520914227089278
0.0,FW_diminishing,diminishing,280.0,0.006183147430419922,15.627327259064208,0.03765078582257253,10.0,0.5209109086354736
0.0,FW_diminishing,diminishing,281.0,0.006204843521118164,15.62733369039367,0.0342386316047385,10.0,0.5209111230131224
0.0,FW_diminishing,diminishing,282.0,0.006226062774658203,15.627355322808114,0.023803135804229214,10.0,0.5209118440936038
0.0,FW_diminishing,diminishing,283.0,0.006247758865356445,15.627345187195024,0.033397375035216115,10.0,0.5209115062398342
0.0,FW_diminishing,diminishing,284.0,0.006268739700317383,15.627438231275471,0.02628040529379838,10.0,0.5209146077091824
0.0,FW_diminishing,diminishing,285.0,0.006289958953857422,15.627480517234298,0.020502249660840022,10.0,0.5209160172411432
0.0,FW_diminishing,diminishing,286.0,0.006311178207397461,15.627328986051353,0.04499287774605065,10.0,0.5209109662017117
0.0,FW_diminishing,diminishing,287.0,0.0063321590423583984,15.62741415299074,0.017786521757184204,10.0,0.5209138050996913
0.0,FW_diminishing,diminishing,288.0,0.006353139877319336,15.62753504144082,0.02240000053575386,10.0,0.520917834714694
0.0,FW_diminishing,diminishing,289.0,0.00637507438659668,15.62749100629258,0.02923191336200226,10.0,0.5209163668764193
0.0,FW_diminishing,diminishing,290.0,0.006396770477294922,15.627390655042168,0.04090598683594138,10.0,0.520913021834739
0.0,FW_diminishing,diminishing,291.0,0.006418943405151367,15.627439356074461,0.026762888663050433,10.0,0.5209146452024821
0.0,FW_diminishing,diminishing,292.0,0.006440877914428711,15.627463455015805,0.02240807167238046,10.0,0.5209154485005268
0.0,FW_diminishing,diminishing,293.0,0.0064618587493896484,15.627325876708666,0.04290126972633779,10.0,0.5209108625569555
0.0,FW_diminishing,diminishing,294.0,0.006483793258666992,15.627320333680764,0.031573851723731394,10.0,0.5209106777893588
0.0,FW_diminishing,diminishing,295.0,0.0065059661865234375,15.627329044989379,0.024409135963669115,10.0,0.5209109681663127
0.0,FW_diminishing,diminishing,296.0,0.006527900695800781,15.627376511102776,0.026253381468128723,10.0,0.5209125503700925
0.0,FW_diminishing,diminishing,297.0,0.006548881530761719,15.62734579643808,0.026790675749611026,10.0,0.520911526547936
0.0,FW_diminishing,diminishing,298.0,0.006569862365722656,15.627289207039313,0.0339979028155426,10.0,0.5209096402346438
0.0,FW_diminishing,diminishing,299.0,0.006591796875,15.627284552870822,0.02967311516473714,10.0,0.5209094850956941
0.0,FW_diminishing,diminishing,300.0,0.006613969802856445,15.627366934815292,0.025040972474402068,10.0,0.5209122311605098
0.0,FW_diminishing,diminishing,301.0,0.006635904312133789,15.627387549656733,0.01872948502375138,10.0,0.5209129183218911
0.0,FW_diminishing,diminishing,302.0,0.00665593147277832,15.627281528312798,0.041337095525488365,10.0,0.5209093842770932
0.0,FW_diminishing,diminishing,303.0,0.006677865982055664,15.627360208405463,0.020525011567217533,10.0,0.5209120069468488
0.0,FW_diminishing,diminishing,304.0,0.006700038909912109,15.627368998088741,0.023596407496425442,10.0,0.5209122999362914
0.0,FW_diminishing,diminishing,305.0,0.006721973419189453,15.627323225275289,0.03671087916471549,10.0,0.520910774175843
0.0,FW_diminishing,diminishing,306.0,0.006742954254150391,15.627266888477575,0.03024883460484773,10.0,0.5209088962825859
0.0,FW_diminishing,diminishing,307.0,0.006764888763427734,15.627261585691567,0.025531490442860516,10.0,0.5209087195230523
0.0,FW_diminishing,diminishing,308.0,0.006785869598388672,15.627337009388244,0.02030719991783414,10.0,0.5209112336462748
0.0,FW_diminishing,diminishing,309.0,0.006808042526245117,15.627378384423942,0.021554732219920325,10.0,0.5209126128141314
0.0,FW_diminishing,diminishing,310.0,0.006830930709838867,15.627323917811946,0.02978988716390063,10.0,0.5209107972603982
0.0,FW_diminishing,diminishing,311.0,0.006854057312011719,15.627202578554042,0.04350044607890169,10.0,0.5209067526184681
0.0,FW_diminishing,diminishing,312.0,0.006875038146972656,15.627333269098761,0.015469405927298396,10.0,0.5209111089699587
0.0,FW_diminishing,diminishing,313.0,0.00689697265625,15.627387354909208,0.01565988779078964,10.0,0.520912911830307
0.0,FW_diminishing,diminishing,314.0,0.006916999816894531,15.627296142745449,0.03547098424463435,10.0,0.5209098714248482
0.0,FW_diminishing,diminishing,315.0,0.006940126419067383,15.627301724602962,0.026606202422854608,10.0,0.5209100574867654
0.0,FW_diminishing,diminishing,316.0,0.0069620609283447266,15.627359812207754,0.021967153319348398,10.0,0.5209119937402584
0.0,FW_diminishing,diminishing,317.0,0.006983041763305664,15.627300104302876,0.03351038522787775,10.0,0.5209100034767625
0.0,FW_diminishing,diminishing,318.0,0.007004976272583008,15.627213229431403,0.03469187440663113,10.0,0.5209071076477134
0.0,FW_diminishing,diminishing,319.0,0.007025957107543945,15.627350604755035,0.013972777323806085,10.0,0.5209116868251679
0.0,FW_diminishing,diminishing,320.0,0.007047891616821289,15.62740458042559,0.019505085223437746,10.0,0.5209134860141863
0.0,FW_diminishing,diminishing,321.0,0.007070779800415039,15.627294895212891,0.04145298692934318,10.0,0.5209098298404297
0.0,FW_diminishing,diminishing,322.0,0.0070917606353759766,15.62722460674001,0.03190476529414177,10.0,0.5209074868913336
0.0,FW_diminishing,diminishing,323.0,0.007113933563232422,15.627250531823968,0.01924435287119408,10.0,0.5209083510607989
0.0,FW_diminishing,diminishing,324.0,0.007135868072509766,15.627272779786317,0.026841160755870064,10.0,0.5209090926595439
0.0,FW_diminishing,diminishing,325.0,0.007156848907470703,15.627279255641223,0.019193381372714313,10.0,0.5209093085213741
0.0,FW_diminishing,diminishing,326.0,0.007178783416748047,15.627265121645554,0.028901046234000916,10.0,0.5209088373881852
0.0,FW_diminishing,diminishing,327.0,0.007200956344604492,15.627185352462421,0.036398047461084104,10.0,0.520906178415414
0.0,FW_diminishing,diminishing,328.0,0.007222890853881836,15.627210385219874,0.01591834909299017,10.0,0.5209070128406624
0.0,FW_diminishing,diminishing,329.0,0.0072460174560546875,15.627259408982553,0.014892330351170102,10.0,0.5209086469660851
0.0,FW_diminishing,diminishing,330.0,0.0073089599609375,15.627205054218347,0.03901312217812247,10.0,0.5209068351406115
0.0,FW_diminishing,diminishing,331.0,0.0073320865631103516,15.627329038203984,0.01327795190257497,10.0,0.5209109679401328
0.0,FW_diminishing,diminishing,332.0,0.007354021072387695,15.62731622950023,0.02824032978903901,10.0,0.520910540983341
0.0,FW_diminishing,diminishing,333.0,0.0074388980865478516,15.627291108934388,0.02701047741560103,10.0,0.5209097036311463
0.0,FW_diminishing,diminishing,334.0,0.007472038269042969,15.627192427677254,0.0363904198663878,10.0,0.5209064142559084
0.0,FW_diminishing,diminishing,335.0,0.0074977874755859375,15.627287853908593,0.010810207477993217,10.0,0.5209095951302865
0.0,FW_diminishing,diminishing,336.0,0.007523059844970703,15.627251192159719,0.028807024996606145,10.0,0.5209083730719907
0.0,FW_diminishing,diminishing,337.0,0.007548093795776367,15.62726028349931,0.027763661924680605,10.0,0.5209086761166437
0.0,FW_diminishing,diminishing,338.0,0.0075719356536865234,15.627281197710332,0.024666666020941364,10.0,0.520909373257011
0.0,FW_diminishing,diminishing,339.0,0.0075948238372802734,15.627290753784662,0.020735652957052153,10.0,0.5209096917928221
0.0,FW_diminishing,diminishing,340.0,0.007617950439453125,15.627249410203165,0.026476166694406444,10.0,0.5209083136734388
0.0,FW_diminishing,diminishing,341.0,0.0076410770416259766,15.627290551230555,0.018303239009670236,10.0,0.5209096850410185
0.0,FW_diminishing,diminishing,342.0,0.0076639652252197266,15.627346306423448,0.024081530499397985,10.0,0.5209115435474483
0.0,FW_diminishing,diminishing,343.0,0.007687807083129883,15.627391831404243,0.014214418819575414,10.0,0.5209130610468081
0.0,FW_diminishing,diminishing,344.0,0.007710933685302734,15.627287492044932,0.03729472255002442,10.0,0.5209095830681644
0.0,FW_diminishing,diminishing,345.0,0.007733821868896484,15.62736074946839,0.015849993729920797,10.0,0.5209120249822797
0.0,FW_diminishing,diminishing,346.0,0.007756948471069336,15.627356730305605,0.022624828131808883,10.0,0.5209118910101869
0.0,FW_diminishing,diminishing,347.0,0.0077800750732421875,15.627340340675742,0.028927833967751226,10.0,0.5209113446891914
0.0,FW_diminishing,diminishing,348.0,0.007802009582519531,15.627313533445433,0.02363760064824838,10.0,0.5209104511148478
0.0,FW_diminishing,diminishing,349.0,0.007823944091796875,15.627298489639761,0.024388603357444083,10.0,0.5209099496546588
0.0,FW_diminishing,diminishing,350.0,0.00784611701965332,15.627284636746628,0.03464931353168055,10.0,0.5209094878915542
0.0,FW_diminishing,diminishing,351.0,0.007868051528930664,15.627316288058227,0.019058163166940645,10.0,0.5209105429352742
0.0,FW_diminishing,diminishing,352.0,0.007892847061157227,15.627327015456874,0.01679497991466583,10.0,0.5209109005152291
0.0,FW_diminishing,diminishing,353.0,0.007916927337646484,15.627275040280061,0.030764803074738722,10.0,0.5209091680093354
0.0,FW_diminishing,diminishing,354.0,0.007940053939819336,15.627229633215327,0.03603405132539805,10.0,0.5209076544405109
0.0,FW_diminishing,diminishing,355.0,0.007962942123413086,15.627262232276037,0.01551471993502318,10.0,0.5209087410758679
0.0,FW_diminishing,diminishing,356.0,0.007986783981323242,15.627207806276411,0.028291644083921597,10.0,0.5209069268758804
0.0,FW_diminishing,diminishing,357.0,0.008011817932128906,15.627263690226183,0.014174785464643236,10.0,0.5209087896742061
0.0,FW_diminishing,diminishing,358.0,0.008034944534301758,15.627323311863286,0.016802346108200084,10.0,0.5209107770621095
0.0,FW_diminishing,diminishing,359.0,0.008059024810791016,15.627266747605908,0.03139457480893171,10.0,0.5209088915868636
0.0,FW_diminishing,diminishing,360.0,0.008082866668701172,15.627214009157825,0.027887827640613594,10.0,0.5209071336385942
0.0,FW_diminishing,diminishing,361.0,0.008105993270874023,15.627311562170826,0.013412694672050307,10.0,0.5209103854056942
0.0,FW_diminishing,diminishing,362.0,0.008128881454467773,15.62726276988623,0.02988207688738065,10.0,0.5209087589962077
0.0,FW_diminishing,diminishing,363.0,0.008150815963745117,15.627235693995308,0.029872183024695076,10.0,0.5209078564665103
0.0,FW_diminishing,diminishing,364.0,0.008173942565917969,15.627300023788369,0.009001075330088426,10.0,0.5209100007929456
0.0,FW_diminishing,diminishing,365.0,0.00819706916809082,15.627227757400846,0.03137196311573476,10.0,0.5209075919133616
0.0,FW_diminishing,diminishing,366.0,0.00821995735168457,15.62720972700675,0.0303269614803785,10.0,0.520906990900225
0.0,FW_diminishing,diminishing,367.0,0.00824284553527832,15.62722991161358,0.016923558877760314,10.0,0.5209076637204527
0.0,FW_diminishing,diminishing,368.0,0.008264780044555664,15.62721812025066,0.02008500494371468,10.0,0.520907270675022
0.0,FW_diminishing,diminishing,369.0,0.008287906646728516,15.627203231259651,0.026249960037525,10.0,0.5209067743753217
0.0,FW_diminishing,diminishing,370.0,0.008311033248901367,15.627247723609708,0.022855315239088014,10.0,0.5209082574536569
0.0,FW_diminishing,diminishing,371.0,0.008333921432495117,15.627298566173737,0.010911619124319927,10.0,0.5209099522057913
0.0,FW_diminishing,diminishing,372.0,0.008357048034667969,15.627232287125269,0.03015981131626866,10.0,0.5209077429041756
0.0,FW_diminishing,diminishing,373.0,0.008379936218261719,15.627257321020595,0.019517090763203626,10.0,0.5209085773673532
0.0,FW_diminishing,diminishing,374.0,0.008434057235717773,15.62732542309395,0.013542073176930458,10.0,0.520910847436465
0.0,FW_diminishing,diminishing,375.0,0.008459806442260742,15.627225279777976,0.03920407338474874,10.0,0.5209075093259325
0.0,FW_diminishing,diminishing,376.0,0.008482933044433594,15.62722445489228,0.017667829188209083,10.0,0.5209074818297427
0.0,FW_diminishing,diminishing,377.0,0.008506059646606445,15.627223618819277,0.02027889113776915,10.0,0.5209074539606425
0.0,FW_diminishing,diminishing,378.0,0.008530139923095703,15.627254284281598,0.023955419742863526,10.0,0.52090847614272
0.0,FW_diminishing,diminishing,379.0,0.008551836013793945,15.627234276156901,0.02668521059218598,10.0,0.52090780920523
0.0,FW_diminishing,diminishing,380.0,0.008573770523071289,15.627264637808873,0.011497124860957442,10.0,0.5209088212602958
0.0,FW_diminishing,diminishing,381.0,0.008595943450927734,15.627231388708235,0.026308800718172876,10.0,0.5209077129569412
0.0,FW_diminishing,diminishing,382.0,0.008620023727416992,15.627184709407281,0.03487004736866339,10.0,0.5209061569802427
0.0,FW_diminishing,diminishing,383.0,0.008642911911010742,15.627223862530439,0.012228298769306534,10.0,0.520907462084348
0.0,FW_diminishing,diminishing,384.0,0.008665084838867188,15.627221743164645,0.023953062452399365,10.0,0.5209073914388215
0.0,FW_diminishing,diminishing,385.0,0.008687019348144531,15.627202466638094,0.020851149133934044,10.0,0.5209067488879364
0.0,FW_diminishing,diminishing,386.0,0.008710145950317383,15.627231015152855,0.014083510236050145,10.0,0.5209077005050952
0.0,FW_diminishing,diminishing,387.0,0.008733034133911133,15.627186290765,0.03427043123658713,10.0,0.5209062096921666
0.0,FW_diminishing,diminishing,388.0,0.008754730224609375,15.627220273841566,0.010308859010693894,10.0,0.5209073424613855
0.0,FW_diminishing,diminishing,389.0,0.00877690315246582,15.627209862594317,0.02154484340685059,10.0,0.5209069954198106
0.0,FW_diminishing,diminishing,390.0,0.008798837661743164,15.627203971860085,0.02336969450219506,10.0,0.5209067990620029
0.0,FW_diminishing,diminishing,391.0,0.008821964263916016,15.627198244581459,0.02995273801598053,10.0,0.5209066081527153
0.0,FW_diminishing,diminishing,392.0,0.008844852447509766,15.627337595232314,0.007154823717142378,10.0,0.5209112531744104
0.0,FW_diminishing,diminishing,393.0,0.008867025375366211,15.627303320101792,0.02610370767598269,10.0,0.5209101106700598
0.0,FW_diminishing,diminishing,394.0,0.008889913558959961,15.627272287408736,0.022886364485827926,10.0,0.5209090762469579
0.0,FW_diminishing,diminishing,395.0,0.008910894393920898,15.627332156840746,0.009983489770457155,10.0,0.5209110718946915
0.0,FW_diminishing,diminishing,396.0,0.00893402099609375,15.6273514825249,0.015288501356826245,10.0,0.5209117160841633
0.0,FW_diminishing,diminishing,397.0,0.0089569091796875,15.627282911889658,0.03863174623906396,10.0,0.520909430396322
0.0,FW_diminishing,diminishing,398.0,0.00897979736328125,15.627253198133365,0.02251547118129338,10.0,0.5209084399377788
0.0,FW_diminishing,diminishing,399.0,0.009002923965454102,15.627236607553735,0.02235320348057357,10.0,0.5209078869184578
0.0,FW_diminishing,diminishing,400.0,0.00902700424194336,15.627280317116536,0.015867390157779937,10.0,0.5209093439038845
0.0,FW_diminishing,diminishing,401.0,0.009052038192749023,15.62730040716879,0.012350771990794485,10.0,0.5209100135722929
0.0,FW_diminishing,diminishing,402.0,0.009074926376342773,15.627247993483039,0.029508256069046723,10.0,0.5209082664494347
0.0,FW_diminishing,diminishing,403.0,0.009096860885620117,15.627233731983496,0.025334145007683162,10.0,0.5209077910661165
0.0,FW_diminishing,diminishing,404.0,0.009117841720581055,15.62730515964639,0.013322400236194909,10.0,0.520910171988213
0.0,FW_diminishing,diminishing,405.0,0.009140968322753906,15.62726519229621,0.026901751020394826,10.0,0.520908839743207
0.0,FW_diminishing,diminishing,406.0,0.009163856506347656,15.627267792181724,0.0156839871795178,10.0,0.5209089264060575
0.0,FW_diminishing,diminishing,407.0,0.009186029434204102,15.627269073955986,0.021017837503755743,10.0,0.5209089691318662
0.0,FW_diminishing,diminishing,408.0,0.009208917617797852,15.627280069458497,0.016325572434935154,10.0,0.5209093356486165
0.0,FW_diminishing,diminishing,409.0,0.009231090545654297,15.62723466110659,0.03353032112206655,10.0,0.5209078220368863
0.0,FW_diminishing,diminishing,410.0,0.009252071380615234,15.627237668028435,0.015436463555438706,10.0,0.5209079222676145
0.0,FW_diminishing,diminishing,411.0,0.009274959564208984,15.62721453936123,0.023254465133076607,10.0,0.520907151312041
0.0,FW_diminishing,diminishing,412.0,0.009298086166381836,15.627281929362425,0.013980025205977853,10.0,0.5209093976454142
0.0,FW_diminishing,diminishing,413.0,0.009320735931396484,15.6272637489313,0.0256792583786698,10.0,0.5209087916310433
0.0,FW_diminishing,diminishing,414.0,0.00934600830078125,15.627274873217985,0.013578582305626696,10.0,0.5209091624405995
0.0,FW_diminishing,diminishing,415.0,0.009368896484375,15.62722086674605,0.029591709976182656,10.0,0.5209073622248683
0.0,FW_diminishing,diminishing,416.0,0.009392023086547852,15.627271132869494,0.013191006158159269,10.0,0.5209090377623165
0.0,FW_diminishing,diminishing,417.0,0.009413957595825195,15.62727793794627,0.01675695055113735,10.0,0.520909264598209
0.0,FW_diminishing,diminishing,418.0,0.009437084197998047,15.627241065800053,0.023531555672581916,10.0,0.5209080355266684
0.0,FW_diminishing,diminishing,419.0,0.009458780288696289,15.627200130006877,0.029330004811564336,10.0,0.5209066710002292
0.0,FW_diminishing,diminishing,420.0,0.009480953216552734,15.627267309898171,0.012589071760041648,10.0,0.520908910329939
0.0,FW_diminishing,diminishing,421.0,0.009502887725830078,15.627247780040404,0.022166836170262272,10.0,0.5209082593346801
0.0,FW_diminishing,diminishing,422.0,0.009526968002319336,15.627237365356493,0.01782057440248508,10.0,0.5209079121785497
0.0,FW_diminishing,diminishing,423.0,0.009549856185913086,15.627253142465667,0.01710794039207464,10.0,0.5209084380821889
0.0,FW_diminishing,diminishing,424.0,0.009572029113769531,15.627294434681438,0.014462193424122916,10.0,0.5209098144893812
0.0,FW_diminishing,diminishing,425.0,0.009593963623046875,15.62721291940722,0.03533236243347204,10.0,0.520907097313574
0.0,FW_diminishing,diminishing,426.0,0.009617090225219727,15.62720310680322,0.01756561745900065,10.0,0.520906770226774
0.0,FW_diminishing,diminishing,427.0,0.009638071060180664,15.627199049046396,0.018638253597007548,10.0,0.5209066349682132
0.0,FW_diminishing,diminishing,428.0,0.00966191291809082,15.627210229259758,0.01870683731353573,10.0,0.5209070076419919
0.0,FW_diminishing,diminishing,429.0,0.009683847427368164,15.627250957987245,0.014209613846604796,10.0,0.5209083652662415
0.0,FW_diminishing,diminishing,430.0,0.009706974029541016,15.627220879995447,0.024166696143732125,10.0,0.5209073626665149
0.0,FW_diminishing,diminishing,431.0,0.00972890853881836,15.62717220118498,0.025864389416353717,10.0,0.5209057400394993
0.0,FW_diminishing,diminishing,432.0,0.009750843048095703,15.627217010634862,0.007789664152864972,10.0,0.5209072336878288
0.0,FW_diminishing,diminishing,433.0,0.009773969650268555,15.627240188361835,0.020961444723019085,10.0,0.5209080062787278
0.0,FW_diminishing,diminishing,434.0,0.009797096252441406,15.627248127065306,0.018218814342603196,10.0,0.5209082709021768
0.0,FW_diminishing,diminishing,435.0,0.009819984436035156,15.627224409427704,0.020342053710040275,10.0,0.5209074803142568
0.0,FW_diminishing,diminishing,436.0,0.009842157363891602,15.627278462971896,0.014564254361509654,10.0,0.5209092820990632
0.0,FW_diminishing,diminishing,437.0,0.009863853454589844,15.627276053191565,0.017888316701833773,10.0,0.5209092017730522
0.0,FW_diminishing,diminishing,438.0,0.009886980056762695,15.627254491868706,0.019797275793429492,10.0,0.5209084830622902
0.0,FW_diminishing,diminishing,439.0,0.009907960891723633,15.627266139766224,0.018012252462638045,10.0,0.5209088713255408
0.0,FW_diminishing,diminishing,440.0,0.009930849075317383,15.627256552167323,0.019367152826418987,10.0,0.5209085517389107
0.0,FW_diminishing,diminishing,441.0,0.009953022003173828,15.627203822912579,0.034133260827102774,10.0,0.520906794097086
0.0,FW_diminishing,diminishing,442.0,0.009974956512451172,15.627229099787305,0.00925955705067949,10.0,0.5209076366595768
0.0,FW_diminishing,diminishing,443.0,0.009996891021728516,15.62719057904806,0.025731648267473872,10.0,0.5209063526349353
0.0,FW_diminishing,diminishing,444.0,0.010020017623901367,15.627210140251936,0.015126361070882055,10.0,0.5209070046750646
0.0,FW_diminishing,diminishing,445.0,0.010043144226074219,15.627226133479812,0.01860906439717347,10.0,0.5209075377826604
0.0,FW_diminishing,diminishing,446.0,0.010065078735351562,15.627213245329742,0.01990682299629043,10.0,0.5209071081776581
0.0,FW_diminishing,diminishing,447.0,0.010087728500366211,15.627156753294605,0.02746895245569192,10.0,0.5209052251098202
0.0,FW_diminishing,diminishing,448.0,0.010110855102539062,15.627244001616866,0.005436241393985242,10.0,0.5209081333872289
0.0,FW_diminishing,diminishing,449.0,0.010133981704711914,15.62723529578665,0.01886512910908067,10.0,0.5209078431928883
0.0,FW_diminishing,diminishing,450.0,0.010155916213989258,15.627227695026754,0.02181443872711597,10.0,0.5209075898342251
0.0,FW_diminishing,diminishing,451.0,0.010176897048950195,15.627238453192847,0.012151510437471202,10.0,0.5209079484397615
0.0,FW_diminishing,diminishing,452.0,0.010200023651123047,15.627223004547204,0.02030348076142907,10.0,0.5209074334849068
0.0,FW_diminishing,diminishing,453.0,0.010248899459838867,15.627189198627109,0.02953231493623676,10.0,0.5209063066209036
0.0,FW_diminishing,diminishing,454.0,0.010272979736328125,15.627228637586333,0.010046774402644232,10.0,0.5209076212528777
0.0,FW_diminishing,diminishing,455.0,0.010474920272827148,15.627234205249977,0.01970293914626886,10.0,0.5209078068416659
0.0,FW_diminishing,diminishing,456.0,0.010507822036743164,15.627217986600229,0.020364297587637026,10.0,0.5209072662200076
0.0,FW_diminishing,diminishing,457.0,0.010631084442138672,15.627215171763167,0.01505624337121425,10.0,0.5209071723921056
0.0,FW_diminishing,diminishing,458.0,0.010666847229003906,15.627235419714783,0.016892108618264956,10.0,0.5209078473238261
0.0,FW_diminishing,diminishing,459.0,0.01069188117980957,15.627192021936224,0.026571988010209324,10.0,0.5209064007312075
0.0,FW_diminishing,diminishing,460.0,0.010717153549194336,15.627219837520991,0.012376271319245902,10.0,0.5209073279173664
0.0,FW_diminishing,diminishing,461.0,0.010739803314208984,15.627217104152214,0.014917913105618297,10.0,0.5209072368050738
0.0,FW_diminishing,diminishing,462.0,0.010762929916381836,15.627213445260805,0.017270523423002615,10.0,0.5209071148420269
0.0,FW_diminishing,diminishing,463.0,0.010786056518554688,15.6272038895674,0.023567845322519432,10.0,0.5209067963189133
0.0,FW_diminishing,diminishing,464.0,0.010808944702148438,15.627270379851232,0.008728130308059079,10.0,0.5209090126617077
0.0,FW_diminishing,diminishing,465.0,0.010830879211425781,15.627254792432154,0.019967151069229416,10.0,0.5209084930810718
0.0,FW_diminishing,diminishing,466.0,0.010902881622314453,15.627225480164686,0.021017507083124443,10.0,0.5209075160054896
0.0,FW_diminishing,diminishing,467.0,0.011036157608032227,15.627216494337539,0.02066342289284684,10.0,0.5209072164779179
0.0,FW_diminishing,diminishing,468.0,0.011093854904174805,15.62723952625214,0.01077187121994072,10.0,0.5209079842084047
0.0,FW_diminishing,diminishing,469.0,0.011121988296508789,15.627219608396423,0.01874934395108596,10.0,0.5209073202798807
0.0,FW_diminishing,diminishing,470.0,0.011144876480102539,15.627228279541415,0.022487345503728662,10.0,0.5209076093180471
0.0,FW_diminishing,diminishing,471.0,0.01116800308227539,15.627218466775263,0.021523946525974225,10.0,0.5209072822258421
0.0,FW_diminishing,diminishing,472.0,0.01119089126586914,15.627216902451448,0.016442457124625776,10.0,0.5209072300817149
0.0,FW_diminishing,diminishing,473.0,0.011214017868041992,15.627224293439193,0.019122663344138147,10.0,0.5209074764479731
0.0,FW_diminishing,diminishing,474.0,0.011235952377319336,15.62720296795112,0.018987544633338516,10.0,0.5209067655983707
0.0,FW_diminishing,diminishing,475.0,0.01125788688659668,15.627175922510654,0.022446207923426442,10.0,0.5209058640836884
0.0,FW_diminishing,diminishing,476.0,0.011280059814453125,15.62720381773472,0.01229701084240098,10.0,0.5209067939244907
0.0,FW_diminishing,diminishing,477.0,0.011301040649414062,15.627230803557671,0.007313182627854076,10.0,0.5209076934519223
0.0,FW_diminishing,diminishing,478.0,0.011322975158691406,15.627197805087578,0.02382114191460616,10.0,0.5209065935029192
0.0,FW_diminishing,diminishing,479.0,0.011345148086547852,15.627196770790357,0.0208736989167857,10.0,0.5209065590263452
0.0,FW_diminishing,diminishing,480.0,0.011367082595825195,15.627209825432582,0.012643118325017966,10.0,0.5209069941810861
0.0,FW_diminishing,diminishing,481.0,0.011389732360839844,15.62723532408621,0.017245207745325786,10.0,0.5209078441362069
0.0,FW_diminishing,diminishing,482.0,0.011411905288696289,15.627217656164168,0.02226336392801187,10.0,0.5209072552054723
0.0,FW_diminishing,diminishing,483.0,0.011434793472290039,15.627185496768325,0.0214628043102838,10.0,0.5209061832256109
0.0,FW_diminishing,diminishing,484.0,0.01145482063293457,15.627178427270744,0.01739683103144074,10.0,0.5209059475756914
0.0,FW_diminishing,diminishing,485.0,0.011476993560791016,15.627199051413196,0.015326162673906296,10.0,0.5209066350471065
0.0,FW_diminishing,diminishing,486.0,0.01149892807006836,15.62720114729655,0.013034287499333885,10.0,0.520906704909885
0.0,FW_diminishing,diminishing,487.0,0.011520862579345703,15.627169683290985,0.023299781581357593,10.0,0.5209056561096995
0.0,FW_diminishing,diminishing,488.0,0.011543035507202148,15.627166640300805,0.01849790019086761,10.0,0.5209055546766935
0.0,FW_diminishing,diminishing,489.0,0.011564016342163086,15.627177054198913,0.010897736369269495,10.0,0.5209059018066304
0.0,FW_diminishing,diminishing,490.0,0.011584997177124023,15.62720929585587,0.015577064191015566,10.0,0.520906976528529
0.0,FW_diminishing,diminishing,491.0,0.011606931686401367,15.627196576721877,0.018596357422687504,10.0,0.5209065525573959
0.0,FW_diminishing,diminishing,492.0,0.011630058288574219,15.627200529341984,0.017394006585780275,10.0,0.5209066843113994
0.0,FW_diminishing,diminishing,493.0,0.011651039123535156,15.627216339309902,0.00942657828977822,10.0,0.52090721131033
0.0,FW_diminishing,diminishing,494.0,0.0116729736328125,15.627197961328397,0.019930667527029655,10.0,0.5209065987109466
0.0,FW_diminishing,diminishing,495.0,0.011693954467773438,15.62717835583515,0.02484892947326145,10.0,0.5209059451945051
0.0,FW_diminishing,diminishing,496.0,0.011715888977050781,15.62720300071265,0.009131396928310664,10.0,0.5209067666904217
0.0,FW_diminishing,diminishing,497.0,0.011738061904907227,15.627184712516122,0.017829188049446998,10.0,0.5209061570838708
0.0,FW_diminishing,diminishing,498.0,0.01175999641418457,15.627190793211128,0.015866561019372227,10.0,0.5209063597737043
0.0,FW_diminishing,diminishing,499.0,0.011781930923461914,15.62718256805425,0.0246523486871002,10.0,0.5209060856018083
0.0,FW_diminishing,diminishing,500.0,0.01180410385131836,15.627187999267269,0.013801669696915653,10.0,0.5209062666422423
0.0,FW_diminishing,diminishing,501.0,0.011825084686279297,15.627189503531296,0.019338477453658243,10.0,0.5209063167843765
0.0,FW_diminishing,diminishing,502.0,0.011847734451293945,15.627182176189274,0.014969870317099065,10.0,0.5209060725396425
0.0,FW_diminishing,diminishing,503.0,0.011869192123413086,15.627164637074033,0.019526114844827802,10.0,0.5209054879024678
0.0,FW_diminishing,diminishing,504.0,0.011890888214111328,15.627157967120555,0.01963111115908056,10.0,0.5209052655706852
0.0,FW_diminishing,diminishing,505.0,0.011912822723388672,15.627198983499618,0.004581422063985485,10.0,0.5209066327833206
0.0,FW_diminishing,diminishing,506.0,0.01193380355834961,15.627170735623078,0.020215622310598036,10.0,0.5209056911874359
0.0,FW_diminishing,diminishing,507.0,0.011954784393310547,15.627165047752202,0.020938298891081786,10.0,0.5209055015917401
0.0,FW_diminishing,diminishing,508.0,0.011975765228271484,15.627187917777183,0.011195722133990671,10.0,0.5209062639259061
0.0,FW_diminishing,diminishing,509.0,0.01199793815612793,15.627184350776755,0.015817047567313836,10.0,0.5209061450258918
0.0,FW_diminishing,diminishing,510.0,0.012018918991088867,15.627188469494493,0.02103808824839426,10.0,0.5209062823164831
0.0,FW_diminishing,diminishing,511.0,0.012039899826049805,15.627171101989308,0.01735722191382827,10.0,0.5209057033996436
0.0,FW_diminishing,diminishing,512.0,0.012061119079589844,15.627170851054228,0.014879588878137895,10.0,0.520905695035141
0.0,FW_diminishing,diminishing,513.0,0.012082815170288086,15.627184570872739,0.015710503386015873,10.0,0.5209061523624247
0.0,FW_diminishing,diminishing,514.0,0.012103796005249023,15.627207154826706,0.011002097126834087,10.0,0.5209069051608902
0.0,FW_diminishing,diminishing,515.0,0.012125015258789062,15.627190177094251,0.01719065845801282,10.0,0.520906339236475
0.0,FW_diminishing,diminishing,516.0,0.012146949768066406,15.627147497656978,0.025796748055515906,10.0,0.520904916588566
0.0,FW_diminishing,diminishing,517.0,0.01216888427734375,15.627167932170712,0.007412373942287331,10.0,0.5209055977390238
0.0,FW_diminishing,diminishing,518.0,0.012189865112304688,15.627195843453084,0.014983487539492302,10.0,0.5209065281151027
0.0,FW_diminishing,diminishing,519.0,0.012210845947265625,15.627190430151694,0.016030535591447403,10.0,0.5209063476717232
0.0,FW_diminishing,diminishing,520.0,0.012232780456542969,15.627164444066242,0.024193366513861392,10.0,0.5209054814688747
0.0,FW_diminishing,diminishing,521.0,0.01225590705871582,15.627189585856659,0.006037983813710568,10.0,0.5209063195285553
0.0,FW_diminishing,diminishing,522.0,0.012276887893676758,15.627179088140208,0.017291906153609204,10.0,0.5209059696046736
0.0,FW_diminishing,diminishing,523.0,0.012297868728637695,15.62715705999741,0.02469339316382957,10.0,0.520905235333247
0.0,FW_diminishing,diminishing,524.0,0.012319803237915039,15.62718719249477,0.008574847612422332,10.0,0.5209062397498256
0.0,FW_diminishing,diminishing,525.0,0.012341976165771484,15.627194958531863,0.012393795131822927,10.0,0.5209064986177288
0.0,FW_diminishing,diminishing,526.0,0.012363910675048828,15.627160607481143,0.021620712158775035,10.0,0.5209053535827047
0.0,FW_diminishing,diminishing,527.0,0.012384891510009766,15.627175067982371,0.017544592985448304,10.0,0.5209058355994124
0.0,FW_diminishing,diminishing,528.0,0.012405872344970703,15.627185754767076,0.011523171664965304,10.0,0.5209061918255692
0.0,FW_diminishing,diminishing,529.0,0.012427806854248047,15.627182581220142,0.01952038959561264,10.0,0.5209060860406713
0.0,FW_diminishing,diminishing,530.0,0.012449979782104492,15.627198510605915,0.012803718474591719,10.0,0.5209066170201971
0.0,FW_diminishing,diminishing,531.0,0.01247096061706543,15.62719200805037,0.01602410342342253,10.0,0.5209064002683457
0.0,FW_diminishing,diminishing,532.0,0.012491941452026367,15.62714209173972,0.025754147695291607,10.0,0.5209047363913241
0.0,FW_diminishing,diminishing,533.0,0.012513875961303711,15.627184639085542,0.0028071340999016314,10.0,0.5209061546361847
0.0,FW_diminishing,diminishing,534.0,0.012536048889160156,15.627181522452943,0.019338161297406842,10.0,0.5209060507484314
0.0,FW_diminishing,diminishing,535.0,0.0125579833984375,15.627160198008822,0.018054045082012138,10.0,0.5209053399336274
0.0,FW_diminishing,diminishing,536.0,0.012578964233398438,15.627157179425087,0.01697488576139783,10.0,0.5209052393141695
0.0,FW_diminishing,diminishing,537.0,0.012599945068359375,15.627159683809582,0.013447748947184479,10.0,0.5209053227936528
0.0,FW_diminishing,diminishing,538.0,0.012621879577636719,15.62714551204722,0.016079082593517313,10.0,0.520904850401574
0.0,FW_diminishing,diminishing,539.0,0.012644052505493164,15.627177430827755,0.012734854283655395,10.0,0.5209059143609251
0.0,FW_diminishing,diminishing,540.0,0.012665033340454102,15.627213738936158,0.006164150460369555,10.0,0.5209071246312053
0.0,FW_diminishing,diminishing,541.0,0.012686967849731445,15.62723071956828,0.009393262494244325,10.0,0.5209076906522759
0.0,FW_diminishing,diminishing,542.0,0.012707948684692383,15.627190750270026,0.023059665194796963,10.0,0.5209063583423342
0.0,FW_diminishing,diminishing,543.0,0.012730121612548828,15.627205683855179,0.016669312549764115,10.0,0.520906856128506
0.0,FW_diminishing,diminishing,544.0,0.012751102447509766,15.627225232300937,0.00858691193308303,10.0,0.5209075077433646
0.0,FW_diminishing,diminishing,545.0,0.012770891189575195,15.627206899669549,0.023158611118947903,10.0,0.5209068966556516
0.0,FW_diminishing,diminishing,546.0,0.01279306411743164,15.62720423684856,0.01728928441644051,10.0,0.520906807894952
0.0,FW_diminishing,diminishing,547.0,0.012814998626708984,15.627207605501402,0.012938715805868028,10.0,0.52090692018338
0.0,FW_diminishing,diminishing,548.0,0.012836933135986328,15.627153320570182,0.026997816581820544,10.0,0.5209051106856727
0.0,FW_diminishing,diminishing,549.0,0.012857913970947266,15.627200899214628,0.004838762685198006,10.0,0.5209066966404876
0.0,FW_diminishing,diminishing,550.0,0.012878894805908203,15.627185062557407,0.018177978709202236,10.0,0.5209061687519135
0.0,FW_diminishing,diminishing,551.0,0.01289987564086914,15.627157836233028,0.019505045810273458,10.0,0.5209052612077676
0.0,FW_diminishing,diminishing,552.0,0.012922048568725586,15.627162569128533,0.014375701698854826,10.0,0.5209054189709511
0.0,FW_diminishing,diminishing,553.0,0.01294398307800293,15.627174431588891,0.01041275112723028,10.0,0.5209058143862964
0.0,FW_diminishing,diminishing,554.0,0.012966156005859375,15.62715398221148,0.01759042121854648,10.0,0.5209051327403826
0.0,FW_diminishing,diminishing,555.0,0.012985944747924805,15.627173622671856,0.012310314975771064,10.0,0.5209057874223952
0.0,FW_diminishing,diminishing,556.0,0.01300811767578125,15.627166453728824,0.015649769480690523,10.0,0.5209055484576275
0.0,FW_diminishing,diminishing,557.0,0.013030052185058594,15.627176878389484,0.013306010938025636,10.0,0.5209058959463161
0.0,FW_diminishing,diminishing,558.0,0.013051986694335938,15.627182872771012,0.01851141487371244,10.0,0.5209060957590338
0.0,FW_diminishing,diminishing,559.0,0.013072967529296875,15.627181735168326,0.013889430535783731,10.0,0.5209060578389442
0.0,FW_diminishing,diminishing,560.0,0.013093948364257812,15.627146840216367,0.021598107112447806,10.0,0.5209048946738789
0.0,FW_diminishing,diminishing,561.0,0.01311492919921875,15.627198533744755,0.009676095408693186,10.0,0.5209066177914918
0.0,FW_diminishing,diminishing,562.0,0.013137102127075195,15.627193042426308,0.015050764832878372,10.0,0.5209064347475436
0.0,FW_diminishing,diminishing,563.0,0.013159036636352539,15.627208500118615,0.011002445276153239,10.0,0.5209069500039538
0.0,FW_diminishing,diminishing,564.0,0.013180017471313477,15.627186318584119,0.01797375830328818,10.0,0.5209062106194706
0.0,FW_diminishing,diminishing,565.0,0.013200998306274414,15.627212051787117,0.010163550239427721,10.0,0.5209070683929039
0.0,FW_diminishing,diminishing,566.0,0.01322317123413086,15.627171297951083,0.025016258625008447,10.0,0.5209057099317028
0.0,FW_diminishing,diminishing,567.0,0.013244152069091797,15.627174303697398,0.010754336046710833,10.0,0.5209058101232465
0.0,FW_diminishing,diminishing,568.0,0.013265132904052734,15.627177022505652,0.012576627955546371,10.0,0.5209059007501884
0.0,FW_diminishing,diminishing,569.0,0.013286113739013672,15.627188786275207,0.012517479006181276,10.0,0.5209062928758402
0.0,FW_diminishing,diminishing,570.0,0.013308048248291016,15.627198610785438,0.016950970929435982,10.0,0.5209066203595146
0.0,FW_diminishing,diminishing,571.0,0.01332998275756836,15.627206852597949,0.010914419327312075,10.0,0.5209068950865983
0.0,FW_diminishing,diminishing,572.0,0.013351917266845703,15.627206781550626,0.01729115360153699,10.0,0.5209068927183542
0.0,FW_diminishing,diminishing,573.0,0.01337289810180664,15.627195191083286,0.014834656928153223,10.0,0.5209065063694429
0.0,FW_diminishing,diminishing,574.0,0.01339411735534668,15.627185734648823,0.01594749530594619,10.0,0.5209061911549607
0.0,FW_diminishing,diminishing,575.0,0.013415098190307617,15.627173112795305,0.018717778703226884,10.0,0.5209057704265102
0.0,FW_diminishing,diminishing,576.0,0.01343679428100586,15.627178054235042,0.015140487633052757,10.0,0.5209059351411681
0.0,FW_diminishing,diminishing,577.0,0.013458013534545898,15.627211681021118,0.007352434258743656,10.0,0.5209070560340373
0.0,FW_diminishing,diminishing,578.0,0.013478994369506836,15.627201387934058,0.01611836949619061,10.0,0.5209067129311352
0.0,FW_diminishing,diminishing,579.0,0.01350092887878418,15.62718184828686,0.017067584627049825,10.0,0.520906061609562
0.0,FW_diminishing,diminishing,580.0,0.013522863388061523,15.627179432492882,0.015639282227423834,10.0,0.520905981083096
0.0,FW_diminishing,diminishing,581.0,0.013544797897338867,15.627194140373632,0.008753289814469767,10.0,0.5209064713457877
0.0,FW_diminishing,diminishing,582.0,0.013566970825195312,15.62718062662984,0.015272691187329102,10.0,0.5209060208876614
0.0,FW_diminishing,diminishing,583.0,0.01358795166015625,15.627195926029025,0.015295211131517661,10.0,0.5209065308676342
0.0,FW_diminishing,diminishing,584.0,0.013609886169433594,15.627218465261711,0.008853085905116131,10.0,0.5209072821753904
0.0,FW_diminishing,diminishing,585.0,0.013631820678710938,15.627216948313858,0.01341274078446908,10.0,0.5209072316104619
0.0,FW_diminishing,diminishing,586.0,0.013652801513671875,15.62723117390482,0.015034133144450124,10.0,0.5209077057968273
0.0,FW_diminishing,diminishing,587.0,0.013673782348632812,15.627229419207547,0.011735146794725537,10.0,0.5209076473069182
0.0,FW_diminishing,diminishing,588.0,0.01369476318359375,15.627230221653589,0.012662277408582057,10.0,0.5209076740551196
0.0,FW_diminishing,diminishing,589.0,0.013716936111450195,15.627210915756928,0.022496401314599623,10.0,0.5209070305252309
0.0,FW_diminishing,diminishing,590.0,0.013737916946411133,15.627206151924966,0.016095521456337636,10.0,0.5209068717308322
0.0,FW_diminishing,diminishing,591.0,0.01375889778137207,15.62720469289648,0.011574862098630234,10.0,0.5209068230965493
0.0,FW_diminishing,diminishing,592.0,0.013779878616333008,15.627173463279922,0.022119258101046313,10.0,0.5209057821093307
0.0,FW_diminishing,diminishing,593.0,0.013803958892822266,15.627192672420351,0.010925201474911717,10.0,0.5209064224140117
0.0,FW_diminishing,diminishing,594.0,0.01382589340209961,15.62719151819404,0.01311474439325444,10.0,0.5209063839398014
0.0,FW_diminishing,diminishing,595.0,0.013848066329956055,15.627166625283643,0.018521459605850055,10.0,0.5209055541761214
0.0,FW_diminishing,diminishing,596.0,0.013870000839233398,15.627171328279255,0.013122089624577171,10.0,0.5209057109426418
0.0,FW_diminishing,diminishing,597.0,0.013890981674194336,15.627193659916593,0.005994797531110763,10.0,0.5209064553305531
0.0,FW_diminishing,diminishing,598.0,0.013911008834838867,15.62717450393456,0.01677644196841399,10.0,0.5209058167978187
0.0,FW_diminishing,diminishing,599.0,0.013932943344116211,15.627170432199774,0.017719962774716436,10.0,0.5209056810733258
0.0,FW_diminishing,diminishing,600.0,0.013956069946289062,15.627176314725537,0.01086546231631047,10.0,0.5209058771575179
0.0,FW_diminishing,diminishing,601.0,0.01397705078125,15.627174970111334,0.015448651375615796,10.0,0.5209058323370445
0.0,FW_diminishing,diminishing,602.0,0.01399683952331543,15.627176619849559,0.018219878554583957,10.0,0.5209058873283187
0.0,FW_diminishing,diminishing,603.0,0.014019012451171875,15.62718751936537,0.009271049437328927,10.0,0.5209062506455123
0.0,FW_diminishing,diminishing,604.0,0.014040946960449219,15.627156026466388,0.020475018107015686,10.0,0.5209052008822129
0.0,FW_diminishing,diminishing,605.0,0.014061927795410156,15.627183388947206,0.00799685615220369,10.0,0.5209061129649069
0.0,FW_diminishing,diminishing,606.0,0.014084100723266602,15.62717827667846,0.014076052419078167,10.0,0.5209059425559487
0.0,FW_diminishing,diminishing,607.0,0.014105081558227539,15.627179461943202,0.013907497609134012,10.0,0.5209059820647733
0.0,FW_diminishing,diminishing,608.0,0.014127969741821289,15.6271486631843,0.02025390299383112,10.0,0.5209049554394767
0.0,FW_diminishing,diminishing,609.0,0.014150142669677734,15.627166225378595,0.007072378313342398,10.0,0.5209055408459532
0.0,FW_diminishing,diminishing,610.0,0.014171123504638672,15.627175997442688,0.013194890056775321,10.0,0.5209058665814229
0.0,FW_diminishing,diminishing,611.0,0.01419210433959961,15.627166918242326,0.013568104543484338,10.0,0.5209055639414109
0.0,FW_diminishing,diminishing,612.0,0.014213085174560547,15.627168622145595,0.011869325966854305,10.0,0.5209056207381865
0.0,FW_diminishing,diminishing,613.0,0.01423501968383789,15.627160374628838,0.017291853935871515,10.0,0.5209053458209613
0.0,FW_diminishing,diminishing,614.0,0.014256954193115234,15.627177139725733,0.013173474310228528,10.0,0.5209059046575244
0.0,FW_diminishing,diminishing,615.0,0.01427912712097168,15.627183699862247,0.010303257729667337,10.0,0.5209061233287415
0.0,FW_diminishing,diminishing,616.0,0.014300107955932617,15.627167413834563,0.015737447839567764,10.0,0.5209055804611521
0.0,FW_diminishing,diminishing,617.0,0.014321088790893555,15.627170671203427,0.013026937609314615,10.0,0.5209056890401143
0.0,FW_diminishing,diminishing,618.0,0.014342069625854492,15.627176290915838,0.016917374948983266,10.0,0.5209058763638612
0.0,FW_diminishing,diminishing,619.0,0.01436305046081543,15.627183121528061,0.008509189345502932,10.0,0.5209061040509354
0.0,FW_diminishing,diminishing,620.0,0.014384031295776367,15.627158562127715,0.019896769300451922,10.0,0.5209052854042572
0.0,FW_diminishing,diminishing,621.0,0.014405965805053711,15.627172624015277,0.01151371830679615,10.0,0.5209057541338425
0.0,FW_diminishing,diminishing,622.0,0.014428138732910156,15.627175447641044,0.011311048851442962,10.0,0.5209058482547014
0.0,FW_diminishing,diminishing,623.0,0.014449119567871094,15.627165591605767,0.017600627912694122,10.0,0.5209055197201923
0.0,FW_diminishing,diminishing,624.0,0.014471054077148438,15.627153663392274,0.014297246733830704,10.0,0.5209051221130758
0.0,FW_diminishing,diminishing,625.0,0.014492034912109375,15.627152918485123,0.012370653860596548,10.0,0.5209050972828374
0.0,FW_diminishing,diminishing,626.0,0.014513015747070312,15.627166761573136,0.011420443008464787,10.0,0.5209055587191045
0.0,FW_diminishing,diminishing,627.0,0.01453399658203125,15.627184906221695,0.00808977147558565,10.0,0.5209061635407232
0.0,FW_diminishing,diminishing,628.0,0.014554977416992188,15.627173166026092,0.014194418559357658,10.0,0.5209057722008698
0.0,FW_diminishing,diminishing,629.0,0.014577150344848633,15.627143792638252,0.021355907938044538,10.0,0.5209047930879417
0.0,FW_diminishing,diminishing,630.0,0.01459813117980957,15.627160487224167,0.012595627860481073,10.0,0.5209053495741389
0.0,FW_diminishing,diminishing,631.0,0.014619112014770508,15.627174448042918,0.00758835096780075,10.0,0.520905814934764
0.0,FW_diminishing,diminishing,632.0,0.014641046524047852,15.627153370879547,0.01712075964362647,10.0,0.5209051123626516
0.0,FW_diminishing,diminishing,633.0,0.014662981033325195,15.6271625962629,0.01074525173203611,10.0,0.52090541987543
0.0,FW_diminishing,diminishing,634.0,0.014683961868286133,15.627173042331194,0.012249570596678083,10.0,0.5209057680777065
0.0,FW_diminishing,diminishing,635.0,0.014703989028930664,15.627158650975737,0.01654327646978615,10.0,0.5209052883658579
0.0,FW_diminishing,diminishing,636.0,0.014725923538208008,15.62713808308054,0.016934472822974556,10.0,0.5209046027693514
0.0,FW_diminishing,diminishing,637.0,0.014748096466064453,15.627158093323443,0.005494452629111635,10.0,0.5209052697774481
0.0,FW_diminishing,diminishing,638.0,0.01476907730102539,15.627163574448161,0.013724763075904534,10.0,0.5209054524816054
0.0,FW_diminishing,diminishing,639.0,0.014790058135986328,15.627171323643939,0.011656039733994206,10.0,0.5209057107881313
0.0,FW_diminishing,diminishing,640.0,0.014811038970947266,15.627172996788076,0.009749180175925076,10.0,0.5209057665596025
0.0,FW_diminishing,diminishing,641.0,0.014832019805908203,15.627141278535799,0.02206261706313839,10.0,0.5209047092845266
0.0,FW_diminishing,diminishing,642.0,0.01485300064086914,15.627162868092787,0.010993959462929581,10.0,0.5209054289364262
0.0,FW_diminishing,diminishing,643.0,0.014873981475830078,15.627165504371918,0.009387119908607744,10.0,0.5209055168123973
0.0,FW_diminishing,diminishing,644.0,0.014895915985107422,15.627158025768175,0.014201371395675011,10.0,0.5209052675256058
0.0,FW_diminishing,diminishing,645.0,0.01491689682006836,15.627148653790405,0.016470208928859975,10.0,0.5209049551263468
0.0,FW_diminishing,diminishing,646.0,0.014938116073608398,15.62716538175358,0.012008166637388129,10.0,0.5209055127251193
0.0,FW_diminishing,diminishing,647.0,0.014959096908569336,15.627178827513701,0.0058000128014352725,10.0,0.5209059609171234
0.0,FW_diminishing,diminishing,648.0,0.01498103141784668,15.62716024843679,0.01776237041687523,10.0,0.5209053416145596
0.0,FW_diminishing,diminishing,649.0,0.015002965927124023,15.627163810363843,0.012766472378091365,10.0,0.5209054603454615
0.0,FW_diminishing,diminishing,650.0,0.015023946762084961,15.627177817124203,0.010618087420192879,10.0,0.5209059272374734
0.0,FW_diminishing,diminishing,651.0,0.015044927597045898,15.627148259971744,0.021331652786535926,10.0,0.5209049419990581
0.0,FW_diminishing,diminishing,652.0,0.015065908432006836,15.627144325266096,0.011389255538199805,10.0,0.5209048108422032
0.0,FW_diminishing,diminishing,653.0,0.015088081359863281,15.627147648675255,0.010524260689544818,10.0,0.5209049216225085
0.0,FW_diminishing,diminishing,654.0,0.015109062194824219,15.62715693151019,0.012051353282412691,10.0,0.5209052310503396
0.0,FW_diminishing,diminishing,655.0,0.015130043029785156,15.627158041230148,0.012858297817171405,10.0,0.5209052680410049
0.0,FW_diminishing,diminishing,656.0,0.0151519775390625,15.627154196002191,0.011305989949029538,10.0,0.5209051398667397
0.0,FW_diminishing,diminishing,657.0,0.015172958374023438,15.627131248886899,0.019129350659417454,10.0,0.5209043749628967
0.0,FW_diminishing,diminishing,658.0,0.015193939208984375,15.627160304841698,0.00750910763936119,10.0,0.5209053434947233
0.0,FW_diminishing,diminishing,659.0,0.01521611213684082,15.62717694459397,0.0059940735610855,10.0,0.5209058981531324
0.0,FW_diminishing,diminishing,660.0,0.015237092971801758,15.627171568995061,0.015481959528242939,10.0,0.5209057189665021
0.0,FW_diminishing,diminishing,661.0,0.015258073806762695,15.627161374460114,0.013350802540150752,10.0,0.5209053791486704
0.0,FW_diminishing,diminishing,662.0,0.015280008316040039,15.627182083239697,0.008026763717078111,10.0,0.5209060694413232
0.0,FW_diminishing,diminishing,663.0,0.015300989151000977,15.627150447557673,0.02199128848050691,10.0,0.5209050149185891
0.0,FW_diminishing,diminishing,664.0,0.015321969985961914,15.627158469309803,0.007236858149985537,10.0,0.5209052823103267
0.0,FW_diminishing,diminishing,665.0,0.015343904495239258,15.627161274636233,0.01208670272902701,10.0,0.5209053758212078
0.0,FW_diminishing,diminishing,666.0,0.015365123748779297,15.627148947511603,0.015518844698377166,10.0,0.5209049649170534
0.0,FW_diminishing,diminishing,667.0,0.01538705825805664,15.627157934900058,0.014278692067136944,10.0,0.5209052644966686
0.0,FW_diminishing,diminishing,668.0,0.015408992767333984,15.627148913129805,0.012888088794241526,10.0,0.5209049637709935
0.0,FW_diminishing,diminishing,669.0,0.015429973602294922,15.62715884384851,0.007996468611263907,10.0,0.5209052947949504
0.0,FW_diminishing,diminishing,670.0,0.01545095443725586,15.627157508433031,0.015194713157253403,10.0,0.520905250281101
0.0,FW_diminishing,diminishing,671.0,0.015473127365112305,15.627164019215224,0.010711218536402,10.0,0.5209054673071741
0.0,FW_diminishing,diminishing,672.0,0.015495061874389648,15.627155193647537,0.012781125899000045,10.0,0.5209051731215846
0.0,FW_diminishing,diminishing,673.0,0.015517950057983398,15.627139983737308,0.0164193773783321,10.0,0.520904666124577
0.0,FW_diminishing,diminishing,674.0,0.015538930892944336,15.627168144536258,0.007173527718142836,10.0,0.5209056048178753
0.0,FW_diminishing,diminishing,675.0,0.015559911727905273,15.627184887077043,0.007708745061377087,10.0,0.5209061629025681
0.0,FW_diminishing,diminishing,676.0,0.015581846237182617,15.627173794203033,0.01499228145307363,10.0,0.5209057931401011
0.0,FW_diminishing,diminishing,677.0,0.015602827072143555,15.627158988267501,0.014767129871936291,10.0,0.5209052996089167
0.0,FW_diminishing,diminishing,678.0,0.015623092651367188,15.627168917659272,0.011184743390112217,10.0,0.5209056305886424
0.0,FW_diminishing,diminishing,679.0,0.015644073486328125,15.627145461824625,0.01918137926040764,10.0,0.5209048487274875
0.0,FW_diminishing,diminishing,680.0,0.01566600799560547,15.627148137735158,0.008767671795315124,10.0,0.5209049379245053
0.0,FW_diminishing,diminishing,681.0,0.015686988830566406,15.627156006653777,0.010023972723848473,10.0,0.5209052002217925
0.0,FW_diminishing,diminishing,682.0,0.015707969665527344,15.627150827082938,0.01289864856572187,10.0,0.5209050275694312
0.0,FW_diminishing,diminishing,683.0,0.01572895050048828,15.627147117270525,0.015738383720496074,10.0,0.5209049039090174
0.0,FW_diminishing,diminishing,684.0,0.01574993133544922,15.627157550276964,0.010367741661411856,10.0,0.5209052516758989
0.0,FW_diminishing,diminishing,685.0,0.015772104263305664,15.62716356920836,0.008999786964405843,10.0,0.5209054523069453
0.0,FW_diminishing,diminishing,686.0,0.0157930850982666,15.627160141235281,0.010780759412178043,10.0,0.520905338041176
0.0,FW_diminishing,diminishing,687.0,0.015813112258911133,15.627163102335302,0.011584912990350915,10.0,0.5209054367445101
0.0,FW_diminishing,diminishing,688.0,0.015835046768188477,15.62718638010007,0.008711903602671711,10.0,0.5209062126700024
0.0,FW_diminishing,diminishing,689.0,0.01585698127746582,15.627201361394285,0.005817894419795522,10.0,0.5209067120464762
0.0,FW_diminishing,diminishing,690.0,0.015877962112426758,15.627181950128557,0.016278113483885193,10.0,0.5209060650042853
0.0,FW_diminishing,diminishing,691.0,0.015898942947387695,15.62719013065353,0.010239980931928017,10.0,0.520906337688451
0.0,FW_diminishing,diminishing,692.0,0.01592111587524414,15.627211697765885,0.00877964328902614,10.0,0.5209070565921962
0.0,FW_diminishing,diminishing,693.0,0.015942096710205078,15.627196289901331,0.01631502479064295,10.0,0.520906542996711
0.0,FW_diminishing,diminishing,694.0,0.01596212387084961,15.627195858325189,0.01438528528206362,10.0,0.5209065286108396
0.0,FW_diminishing,diminishing,695.0,0.015984058380126953,15.6272023811549,0.008634139972913957,10.0,0.5209067460384966
0.0,FW_diminishing,diminishing,696.0,0.01600503921508789,15.627173616417197,0.019527824313612996,10.0,0.5209057872139066
0.0,FW_diminishing,diminishing,697.0,0.016026973724365234,15.627174767533175,0.012023584284930777,10.0,0.5209058255844392
0.0,FW_diminishing,diminishing,698.0,0.01604914665222168,15.627183831940535,0.006251423369022291,10.0,0.5209061277313511
0.0,FW_diminishing,diminishing,699.0,0.016070127487182617,15.627174007436027,0.014304809290919707,10.0,0.5209058002478676
0.0,FW_diminishing,diminishing,700.0,0.016091108322143555,15.627156997993618,0.020100088549250827,10.0,0.5209052332664539
0.0,FW_diminishing,diminishing,701.0,0.016112089157104492,15.627168749413801,0.006678175297421873,10.0,0.52090562498046
0.0,FW_diminishing,diminishing,702.0,0.016134023666381836,15.627169163759467,0.012731509294820142,10.0,0.5209056387919823
0.0,FW_diminishing,diminishing,703.0,0.016154050827026367,15.62716333894616,0.011425068903976765,10.0,0.5209054446315386
0.0,FW_diminishing,diminishing,704.0,0.016175031661987305,15.627172027404209,0.007698717147295753,10.0,0.520905734246807
0.0,FW_diminishing,diminishing,705.0,0.01619696617126465,15.62715544923993,0.01988963792289944,10.0,0.520905181641331
0.0,FW_diminishing,diminishing,706.0,0.016219139099121094,15.62716570562607,0.0056851747592165935,10.0,0.5209055235208689
0.0,FW_diminishing,diminishing,707.0,0.01624011993408203,15.627162653636121,0.011813721295947488,10.0,0.5209054217878707
0.0,FW_diminishing,diminishing,708.0,0.016262054443359375,15.627170731770287,0.013041275785056428,10.0,0.5209056910590095
0.0,FW_diminishing,diminishing,709.0,0.016283035278320312,15.627153760499802,0.018267036725371,10.0,0.5209051253499933
0.0,FW_diminishing,diminishing,710.0,0.01630401611328125,15.627189762348246,0.0063316030353917085,10.0,0.5209063254116082
0.0,FW_diminishing,diminishing,711.0,0.016325950622558594,15.627179600129322,0.014301325876834525,10.0,0.5209059866709774
0.0,FW_diminishing,diminishing,712.0,0.016345977783203125,15.62717018290063,0.012618955631815254,10.0,0.5209056727633543
0.0,FW_diminishing,diminishing,713.0,0.01636791229248047,15.627193290116768,0.005571410548286693,10.0,0.5209064430038922
0.0,FW_diminishing,diminishing,714.0,0.016390085220336914,15.627171833591827,0.018326421892806977,10.0,0.5209057277863942
0.0,FW_diminishing,diminishing,715.0,0.016412019729614258,15.627177410459995,0.010638724807174427,10.0,0.5209059136819998
0.0,FW_diminishing,diminishing,716.0,0.016433000564575195,15.62718523627789,0.007776522898824467,10.0,0.5209061745425964
0.0,FW_diminishing,diminishing,717.0,0.016453981399536133,15.627161733101401,0.01765601839302633,10.0,0.5209053911033801
0.0,FW_diminishing,diminishing,718.0,0.01647496223449707,15.627184516583014,0.005534049402360353,10.0,0.5209061505527671
0.0,FW_diminishing,diminishing,719.0,0.016498088836669922,15.627180961846536,0.011834664168706155,10.0,0.5209060320615512
0.0,FW_diminishing,diminishing,720.0,0.01651906967163086,15.627173053441995,0.01200767125447122,10.0,0.5209057684480665
0.0,FW_diminishing,diminishing,721.0,0.016541004180908203,15.627161226505732,0.01630069190574268,10.0,0.5209053742168578
0.0,FW_diminishing,diminishing,722.0,0.016561031341552734,15.627172387770067,0.011556906344180717,10.0,0.5209057462590022
0.0,FW_diminishing,diminishing,723.0,0.016582965850830078,15.627160027823253,0.014984159659542584,10.0,0.5209053342607751
0.0,FW_diminishing,diminishing,724.0,0.016605138778686523,15.627160977829435,0.008748536002194385,10.0,0.5209053659276478
0.0,FW_diminishing,diminishing,725.0,0.016626834869384766,15.627168425417112,0.009232480964861622,10.0,0.5209056141805705
0.0,FW_diminishing,diminishing,726.0,0.016649961471557617,15.627172036354182,0.009129941323115176,10.0,0.5209057345451394
0.0,FW_diminishing,diminishing,727.0,0.01667189598083496,15.627154747091529,0.019907863570063355,10.0,0.5209051582363843
0.0,FW_diminishing,diminishing,728.0,0.0166928768157959,15.627155764155901,0.008672138123559492,10.0,0.52090519213853
0.0,FW_diminishing,diminishing,729.0,0.01671600341796875,15.627148470421588,0.013078156021720133,10.0,0.5209049490140529
0.0,FW_diminishing,diminishing,730.0,0.0167388916015625,15.627164664219679,0.00758964328395173,10.0,0.5209054888073227
0.0,FW_diminishing,diminishing,731.0,0.01676201820373535,15.627177012308472,0.005838533814859659,10.0,0.5209059004102824
0.0,FW_diminishing,diminishing,732.0,0.016783952713012695,15.627166876791033,0.01607987238504549,10.0,0.5209055625597011
0.0,FW_diminishing,diminishing,733.0,0.01680612564086914,15.627154253242516,0.013634471140280269,10.0,0.5209051417747506
0.0,FW_diminishing,diminishing,734.0,0.016827106475830078,15.627174216080203,0.008349025364807972,10.0,0.5209058072026734
0.0,FW_diminishing,diminishing,735.0,0.016849040985107422,15.62717639691108,0.009514170600912308,10.0,0.520905879897036
0.0,FW_diminishing,diminishing,736.0,0.016870975494384766,15.62716457070454,0.013321747656172889,10.0,0.5209054856901514
0.0,FW_diminishing,diminishing,737.0,0.01689291000366211,15.627157845476258,0.01424432665447739,10.0,0.5209052615158752
0.0,FW_diminishing,diminishing,738.0,0.016914844512939453,15.627169437171636,0.010969539829449815,10.0,0.5209056479057212
0.0,FW_diminishing,diminishing,739.0,0.01693582534790039,15.627163059454384,0.012633486463874632,10.0,0.5209054353151461
0.0,FW_diminishing,diminishing,740.0,0.016956806182861328,15.62715974230148,0.01013168813151033,10.0,0.5209053247433827
0.0,FW_diminishing,diminishing,741.0,0.016978740692138672,15.627171356375534,0.007362908528508072,10.0,0.5209057118791844
0.0,FW_diminishing,diminishing,742.0,0.017000913619995117,15.627182158937485,0.009284505650501984,10.0,0.5209060719645828
0.0,FW_diminishing,diminishing,743.0,0.017021894454956055,15.62715532766547,0.020230407463719402,10.0,0.520905177588849
0.0,FW_diminishing,diminishing,744.0,0.0170438289642334,15.627152120998975,0.01004918387149445,10.0,0.5209050706999658
0.0,FW_diminishing,diminishing,745.0,0.017065763473510742,15.627150585525385,0.010756568438587522,10.0,0.5209050195175128
0.0,FW_diminishing,diminishing,746.0,0.01708698272705078,15.627157811739231,0.010532708343580666,10.0,0.5209052603913077
0.0,FW_diminishing,diminishing,747.0,0.017108917236328125,15.627166240272125,0.008937097564572838,10.0,0.5209055413424042
0.0,FW_diminishing,diminishing,748.0,0.017128944396972656,15.62715613776492,0.013939226413791417,10.0,0.520905204592164
0.0,FW_diminishing,diminishing,749.0,0.01715087890625,15.627139964497864,0.01488008006891306,10.0,0.5209046654832622
0.0,FW_diminishing,diminishing,750.0,0.017171859741210938,15.6271613656721,0.006957516710386358,10.0,0.5209053788557366
0.0,FW_diminishing,diminishing,751.0,0.017192840576171875,15.627152876533634,0.013304833438770203,10.0,0.5209050958844544
0.0,FW_diminishing,diminishing,752.0,0.01721477508544922,15.627160840353488,0.009011236617892493,10.0,0.5209053613451162
0.0,FW_diminishing,diminishing,753.0,0.017235755920410156,15.627168667409247,0.005781530465208462,10.0,0.5209056222469749
0.0,FW_diminishing,diminishing,754.0,0.0172579288482666,15.627157730175318,0.014205196045782742,10.0,0.5209052576725106
0.0,FW_diminishing,diminishing,755.0,0.017277956008911133,15.627150389625141,0.015870438913578866,10.0,0.5209050129875047
0.0,FW_diminishing,diminishing,756.0,0.017300844192504883,15.627157992777684,0.007144172009654781,10.0,0.5209052664259228
0.0,FW_diminishing,diminishing,757.0,0.01732182502746582,15.627151127057424,0.011310320161822318,10.0,0.5209050375685808
0.0,FW_diminishing,diminishing,758.0,0.017343997955322266,15.627144041324048,0.014126729860199916,10.0,0.5209048013774683
0.0,FW_diminishing,diminishing,759.0,0.01737380027770996,15.627154215832377,0.011316158081850602,10.0,0.520905140527746
0.0,FW_diminishing,diminishing,760.0,0.017396926879882812,15.627162624432266,0.005451464316267973,10.0,0.5209054208144088
0.0,FW_diminishing,diminishing,761.0,0.017419815063476562,15.627149450218676,0.015006606852212556,10.0,0.5209049816739558
0.0,FW_diminishing,diminishing,762.0,0.0174410343170166,15.627159527855774,0.009104740472533734,10.0,0.5209053175951924
0.0,FW_diminishing,diminishing,763.0,0.01746201515197754,15.6271649048446,0.009290053066992598,10.0,0.5209054968281533
0.0,FW_diminishing,diminishing,764.0,0.017483949661254883,15.627160426268459,0.01164807537710999,10.0,0.5209053475422819
0.0,FW_diminishing,diminishing,765.0,0.01750493049621582,15.627140853358613,0.016132765723014586,10.0,0.5209046951119538
0.0,FW_diminishing,diminishing,766.0,0.017525911331176758,15.627161970836527,0.006581674839406304,10.0,0.5209053990278842
0.0,FW_diminishing,diminishing,767.0,0.017546892166137695,15.62715896654089,0.011047628920444197,10.0,0.5209052988846963
0.0,FW_diminishing,diminishing,768.0,0.01756882667541504,15.627157574952296,0.012308273046134133,10.0,0.5209052524984099
0.0,FW_diminishing,diminishing,769.0,0.017590999603271484,15.627161114199136,0.007194240552308884,10.0,0.5209053704733045
0.0,FW_diminishing,diminishing,770.0,0.017611980438232422,15.627155741894427,0.011930032835724802,10.0,0.520905191396481
0.0,FW_diminishing,diminishing,771.0,0.01763296127319336,15.627141188896319,0.018452473529666946,10.0,0.520904706296544
0.0,FW_diminishing,diminishing,772.0,0.017653942108154297,15.627153568219246,0.0050222586507970846,10.0,0.5209051189406415
0.0,FW_diminishing,diminishing,773.0,0.01767587661743164,15.627143084360169,0.012590879227964535,10.0,0.5209047694786723
0.0,FW_diminishing,diminishing,774.0,0.017696857452392578,15.627140448897359,0.01221605135219761,10.0,0.520904681629912
0.0,FW_diminishing,diminishing,775.0,0.017717838287353516,15.62714843040826,0.009638237002548067,10.0,0.5209049476802753
0.0,FW_diminishing,diminishing,776.0,0.017738819122314453,15.62714179575721,0.012362333621254606,10.0,0.5209047265252403
0.0,FW_diminishing,diminishing,777.0,0.0177609920501709,15.627131548964535,0.01247545201512068,10.0,0.5209043849654845
0.0,FW_diminishing,diminishing,778.0,0.017782926559448242,15.627147910001414,0.0033525105029177382,10.0,0.5209049303333805
0.0,FW_diminishing,diminishing,779.0,0.017804861068725586,15.627156163582923,0.01123512842650598,10.0,0.5209052054527641
0.0,FW_diminishing,diminishing,780.0,0.017825841903686523,15.627150392113617,0.013852460082894424,10.0,0.5209050130704539
0.0,FW_diminishing,diminishing,781.0,0.017845869064331055,15.62716240024119,0.0037174092229363964,10.0,0.520905413341373
0.0,FW_diminishing,diminishing,782.0,0.0178680419921875,15.627154770574974,0.012698246733716445,10.0,0.5209051590191658
0.0,FW_diminishing,diminishing,783.0,0.017889022827148438,15.62714604868597,0.016048866992992572,10.0,0.5209048682895323
0.0,FW_diminishing,diminishing,784.0,0.017910003662109375,15.627150585681411,0.009260513742367138,10.0,0.5209050195227137
0.0,FW_diminishing,diminishing,785.0,0.017930984497070312,15.627151205880894,0.009418059042589633,10.0,0.5209050401960298
0.0,FW_diminishing,diminishing,786.0,0.017952919006347656,15.62713665628187,0.014124126651053004,10.0,0.5209045552093957
0.0,FW_diminishing,diminishing,787.0,0.017973899841308594,15.627145996951583,0.010962811878673762,10.0,0.5209048665650527
0.0,FW_diminishing,diminishing,788.0,0.017995834350585938,15.6271584698246,0.0034164604468536197,10.0,0.5209052823274867
0.0,FW_diminishing,diminishing,789.0,0.018018007278442383,15.627148725939199,0.013477197373825689,10.0,0.5209049575313066
0.0,FW_diminishing,diminishing,790.0,0.018037796020507812,15.627150141198324,0.010402323654078671,10.0,0.5209050047066108
0.0,FW_diminishing,diminishing,791.0,0.018059968948364258,15.627150699595072,0.012267225627722311,10.0,0.5209050233198357
0.0,FW_diminishing,diminishing,792.0,0.0180819034576416,15.627149037255228,0.010238941577469518,10.0,0.5209049679085076
0.0,FW_diminishing,diminishing,793.0,0.018101930618286133,15.627135407734874,0.013734455960333847,10.0,0.5209045135911625
0.0,FW_diminishing,diminishing,794.0,0.01812291145324707,15.627156320599541,0.003041437719435436,10.0,0.5209052106866514
0.0,FW_diminishing,diminishing,795.0,0.018144845962524414,15.627152392511512,0.011110452176442465,10.0,0.5209050797503837
0.0,FW_diminishing,diminishing,796.0,0.01816701889038086,15.627150395948403,0.014956089424099872,10.0,0.5209050131982801
0.0,FW_diminishing,diminishing,797.0,0.018188953399658203,15.627158196754271,0.005137140434035459,10.0,0.5209052732251424
0.0,FW_diminishing,diminishing,798.0,0.01820993423461914,15.627155597021607,0.010547796673938237,10.0,0.5209051865673869
0.0,FW_diminishing,diminishing,799.0,0.018230915069580078,15.627140343556452,0.018488432324746285,10.0,0.5209046781185483
0.0,FW_diminishing,diminishing,800.0,0.018252849578857422,15.627148437513755,0.007573362680975748,10.0,0.5209049479171252
0.0,FW_diminishing,diminishing,801.0,0.018275022506713867,15.627155513024654,0.00907018932423398,10.0,0.5209051837674885
0.0,FW_diminishing,diminishing,802.0,0.018296003341674805,15.627152555085297,0.01064995302466265,10.0,0.52090508516951
0.0,FW_diminishing,diminishing,803.0,0.018316984176635742,15.627157827229976,0.01017522227012968,10.0,0.5209052609076659
0.0,FW_diminishing,diminishing,804.0,0.018338918685913086,15.627158131696834,0.008066431444293087,10.0,0.5209052710565611
0.0,FW_diminishing,diminishing,805.0,0.01836109161376953,15.62714622417829,0.014239263597527696,10.0,0.5209048741392763
0.0,FW_diminishing,diminishing,806.0,0.018383026123046875,15.627150777334268,0.008902500530973967,10.0,0.5209050259111423
0.0,FW_diminishing,diminishing,807.0,0.018403053283691406,15.627154094142728,0.0068140362285546985,10.0,0.5209051364714242
0.0,FW_diminishing,diminishing,808.0,0.01842498779296875,15.6271550803685,0.008987257593016551,10.0,0.5209051693456167
0.0,FW_diminishing,diminishing,809.0,0.018446922302246094,15.627147661955318,0.01522690022084916,10.0,0.5209049220651772
0.0,FW_diminishing,diminishing,810.0,0.01846909523010254,15.627171259311426,0.0043085918198624285,10.0,0.5209057086437142
0.0,FW_diminishing,diminishing,811.0,0.018490076065063477,15.627168333959311,0.010544987298601427,10.0,0.5209056111319771
0.0,FW_diminishing,diminishing,812.0,0.01851201057434082,15.627156309923622,0.016039085592744584,10.0,0.5209052103307874
0.0,FW_diminishing,diminishing,813.0,0.018532991409301758,15.627152428547543,0.009684334248934334,10.0,0.5209050809515847
0.0,FW_diminishing,diminishing,814.0,0.018553972244262695,15.627147472315226,0.011345586417618847,10.0,0.5209049157438409
0.0,FW_diminishing,diminishing,815.0,0.018577098846435547,15.627157378671674,0.008064739198607285,10.0,0.5209052459557225
0.0,FW_diminishing,diminishing,816.0,0.018598079681396484,15.627168279230062,0.00614555920934734,10.0,0.5209056093076687
0.0,FW_diminishing,diminishing,817.0,0.018620014190673828,15.62716444196496,0.009634308666990776,10.0,0.520905481398832
0.0,FW_diminishing,diminishing,818.0,0.01864004135131836,15.627142597642633,0.01825094861894172,10.0,0.5209047532547545
0.0,FW_diminishing,diminishing,819.0,0.018661975860595703,15.627158969735484,0.007347218158896496,10.0,0.5209052989911828
0.0,FW_diminishing,diminishing,820.0,0.01868414878845215,15.627155793373896,0.009338308858293232,10.0,0.5209051931124632
0.0,FW_diminishing,diminishing,821.0,0.018705129623413086,15.627148874720259,0.012092977435589347,10.0,0.5209049624906753
0.0,FW_diminishing,diminishing,822.0,0.018726110458374023,15.62714749669936,0.011566981755704475,10.0,0.5209049165566453
0.0,FW_diminishing,diminishing,823.0,0.018748044967651367,15.627162650146316,0.002950596935532346,10.0,0.5209054216715439
0.0,FW_diminishing,diminishing,824.0,0.018769025802612305,15.627160818114424,0.01274745117155085,10.0,0.5209053606038141
0.0,FW_diminishing,diminishing,825.0,0.018790006637573242,15.627146964872319,0.013723173606575045,10.0,0.5209048988290773
0.0,FW_diminishing,diminishing,826.0,0.01881098747253418,15.62715343621351,0.006497488822811093,10.0,0.5209051145404503
0.0,FW_diminishing,diminishing,827.0,0.018833160400390625,15.627163893321159,0.009281812392210043,10.0,0.5209054631107053
0.0,FW_diminishing,diminishing,828.0,0.01885509490966797,15.627153704890526,0.014699372987317716,10.0,0.5209051234963509
0.0,FW_diminishing,diminishing,829.0,0.01887679100036621,15.627146693919519,0.010862565760149323,10.0,0.5209048897973173
0.0,FW_diminishing,diminishing,830.0,0.018898725509643555,15.627146279304268,0.009311751342471197,10.0,0.5209048759768089
0.0,FW_diminishing,diminishing,831.0,0.0189208984375,15.627149151164826,0.0106890259780279,10.0,0.5209049717054942
0.0,FW_diminishing,diminishing,832.0,0.018942832946777344,15.627153719678763,0.006004201812981336,10.0,0.5209051239892921
0.0,FW_diminishing,diminishing,833.0,0.01896381378173828,15.62714489754649,0.012798009406155941,10.0,0.5209048299182163
0.0,FW_diminishing,diminishing,834.0,0.01898479461669922,15.627139782225566,0.012982954513072187,10.0,0.5209046594075188
0.0,FW_diminishing,diminishing,835.0,0.019006967544555664,15.627152446081011,0.0037716309581501406,10.0,0.5209050815360337
0.0,FW_diminishing,diminishing,836.0,0.019028902053833008,15.627165076789575,0.010988016340512274,10.0,0.5209055025596525
0.0,FW_diminishing,diminishing,837.0,0.01905083656311035,15.62716461489718,0.008060765322287722,10.0,0.5209054871632394
0.0,FW_diminishing,diminishing,838.0,0.01907181739807129,15.627172114155071,0.007178921569286345,10.0,0.5209057371385024
0.0,FW_diminishing,diminishing,839.0,0.019092798233032227,15.627174726662528,0.007939584048113346,10.0,0.5209058242220842
0.0,FW_diminishing,diminishing,840.0,0.019113779067993164,15.627164503749158,0.016074688921504432,10.0,0.5209054834583052
0.0,FW_diminishing,diminishing,841.0,0.01913595199584961,15.627177114211936,0.008071946363909177,10.0,0.5209059038070645
0.0,FW_diminishing,diminishing,842.0,0.01915597915649414,15.627176133072727,0.00942356276523526,10.0,0.5209058711024243
0.0,FW_diminishing,diminishing,843.0,0.019177913665771484,15.62715640087544,0.016167155004223943,10.0,0.5209052133625147
0.0,FW_diminishing,diminishing,844.0,0.019198894500732422,15.627163992983375,0.007043595172667949,10.0,0.5209054664327791
0.0,FW_diminishing,diminishing,845.0,0.019220829010009766,15.627170026698577,0.005230738543335889,10.0,0.5209056675566193
0.0,FW_diminishing,diminishing,846.0,0.01924300193786621,15.627157946164257,0.01410021738676015,10.0,0.5209052648721418
0.0,FW_diminishing,diminishing,847.0,0.01926398277282715,15.62715241798772,0.014015691934654129,10.0,0.5209050805995906
0.0,FW_diminishing,diminishing,848.0,0.019285917282104492,15.627155106227882,0.007799660485448001,10.0,0.5209051702075961
0.0,FW_diminishing,diminishing,849.0,0.019309043884277344,15.62714949184998,0.010149919533525065,10.0,0.520904983061666
0.0,FW_diminishing,diminishing,850.0,0.019330978393554688,15.627158875347353,0.00662879655605586,10.0,0.5209052958449117
0.0,FW_diminishing,diminishing,851.0,0.019351959228515625,15.627170202505207,0.00871233729148102,10.0,0.5209056734168402
0.0,FW_diminishing,diminishing,852.0,0.019372940063476562,15.627165381820548,0.01096608510413688,10.0,0.5209055127273516
0.0,FW_diminishing,diminishing,853.0,0.0193939208984375,15.627161728696214,0.009284354860149335,10.0,0.5209053909565404
0.0,FW_diminishing,diminishing,854.0,0.019414901733398438,15.62717220452566,0.005648327340997739,10.0,0.5209057401508553
0.0,FW_diminishing,diminishing,855.0,0.01943683624267578,15.62718314849053,0.006853816298400872,10.0,0.5209061049496844
0.0,FW_diminishing,diminishing,856.0,0.01946091651916504,15.627162883508271,0.017575178259921387,10.0,0.5209054294502757
0.0,FW_diminishing,diminishing,857.0,0.019483089447021484,15.627159306809876,0.009222737429825045,10.0,0.5209053102269958
0.0,FW_diminishing,diminishing,858.0,0.019505023956298828,15.627158098594457,0.009361332327321392,10.0,0.5209052699531486
0.0,FW_diminishing,diminishing,859.0,0.019526958465576172,15.627156709359364,0.01371858050816499,10.0,0.5209052236453121
0.0,FW_diminishing,diminishing,860.0,0.019546985626220703,15.627164751912526,0.0070374841154965395,10.0,0.5209054917304176
0.0,FW_diminishing,diminishing,861.0,0.019570112228393555,15.627166057547559,0.008245082386611813,10.0,0.5209055352515853
0.0,FW_diminishing,diminishing,862.0,0.019592761993408203,15.62716578995707,0.01157632815645826,10.0,0.5209055263319023
0.0,FW_diminishing,diminishing,863.0,0.01961493492126465,15.627155952034926,0.011894300022401438,10.0,0.5209051984011642
0.0,FW_diminishing,diminishing,864.0,0.019636869430541992,15.627149494309876,0.011581871072241512,10.0,0.5209049831436625
0.0,FW_diminishing,diminishing,865.0,0.019656896591186523,15.627158101171718,0.006273830074020381,10.0,0.5209052700390573
0.0,FW_diminishing,diminishing,866.0,0.019678831100463867,15.627150989373341,0.010696774179812962,10.0,0.5209050329791114
0.0,FW_diminishing,diminishing,867.0,0.019701004028320312,15.627155693700745,0.00670009159678564,10.0,0.5209051897900249
0.0,FW_diminishing,diminishing,868.0,0.019722938537597656,15.62714456168958,0.016234847476372494,10.0,0.520904818722986
0.0,FW_diminishing,diminishing,869.0,0.019743919372558594,15.627148112884816,0.006026803883015575,10.0,0.5209049370961606
0.0,FW_diminishing,diminishing,870.0,0.019765853881835938,15.62714509871752,0.010035873282166818,10.0,0.5209048366239173
0.0,FW_diminishing,diminishing,871.0,0.019786834716796875,15.62715141964474,0.010172986348280233,10.0,0.5209050473214913
0.0,FW_diminishing,diminishing,872.0,0.01980900764465332,15.627149613624054,0.010724184379879986,10.0,0.5209049871208018
0.0,FW_diminishing,diminishing,873.0,0.019830942153930664,15.627159054937339,0.003402143048118589,10.0,0.5209053018312446
0.0,FW_diminishing,diminishing,874.0,0.019855022430419922,15.627149902514525,0.012696682360230582,10.0,0.5209049967504842
0.0,FW_diminishing,diminishing,875.0,0.019876956939697266,15.627143196400578,0.014237580483520418,10.0,0.5209047732133526
0.0,FW_diminishing,diminishing,876.0,0.01989912986755371,15.627147863797818,0.00660530407333404,10.0,0.5209049287932606
0.0,FW_diminishing,diminishing,877.0,0.019921064376831055,15.627144841226881,0.011639590172887182,10.0,0.520904828040896
0.0,FW_diminishing,diminishing,878.0,0.019941091537475586,15.62714467816379,0.00757115170467948,10.0,0.5209048226054597
0.0,FW_diminishing,diminishing,879.0,0.019964933395385742,15.62715520266663,0.008476386924078483,10.0,0.520905173422221
0.0,FW_diminishing,diminishing,880.0,0.019986867904663086,15.627152823692116,0.009671095418168463,10.0,0.5209050941230705
0.0,FW_diminishing,diminishing,881.0,0.020009994506835938,15.62715311381436,0.007345306062397583,10.0,0.520905103793812
0.0,FW_diminishing,diminishing,882.0,0.020030975341796875,15.627154291352074,0.00929886678659031,10.0,0.5209051430450692
0.0,FW_diminishing,diminishing,883.0,0.02005290985107422,15.627163106588933,0.007278350900541852,10.0,0.5209054368862978
0.0,FW_diminishing,diminishing,884.0,0.02007293701171875,15.627146233771658,0.01607213179569733,10.0,0.5209048744590553
0.0,FW_diminishing,diminishing,885.0,0.020094871520996094,15.627146563697288,0.007293268647556417,10.0,0.5209048854565762
0.0,FW_diminishing,diminishing,886.0,0.02011585235595703,15.627147517857209,0.008136627562839394,10.0,0.5209049172619069
0.0,FW_diminishing,diminishing,887.0,0.02013683319091797,15.627154135046334,0.009757041128212407,10.0,0.5209051378348778
0.0,FW_diminishing,diminishing,888.0,0.020158767700195312,15.62715155854479,0.011329561215347894,10.0,0.5209050519514931
0.0,FW_diminishing,diminishing,889.0,0.02017974853515625,15.627154851464772,0.007062032923021988,10.0,0.5209051617154924
0.0,FW_diminishing,diminishing,890.0,0.020212888717651367,15.627153159388634,0.011856294048032012,10.0,0.5209051053129544
0.0,FW_diminishing,diminishing,891.0,0.02023601531982422,15.62714752009489,0.00991340191800738,10.0,0.5209049173364964
0.0,FW_diminishing,diminishing,892.0,0.020257949829101562,15.627143487850685,0.010310096428170823,10.0,0.5209047829283562
0.0,FW_diminishing,diminishing,893.0,0.020279884338378906,15.627143228401678,0.009815934248127434,10.0,0.520904774280056
0.0,FW_diminishing,diminishing,894.0,0.02030205726623535,15.62714011994089,0.008760735369865102,10.0,0.5209046706646964
0.0,FW_diminishing,diminishing,895.0,0.02032303810119629,15.627146554138822,0.005582968343126993,10.0,0.5209048851379607
0.0,FW_diminishing,diminishing,896.0,0.020344018936157227,15.627134685733184,0.016366429857537668,10.0,0.5209044895244395
0.0,FW_diminishing,diminishing,897.0,0.02036595344543457,15.627141528974505,0.004257520891799871,10.0,0.5209047176324835
0.0,FW_diminishing,diminishing,898.0,0.020386934280395508,15.62714067998959,0.008829732203242457,10.0,0.5209046893329864
0.0,FW_diminishing,diminishing,899.0,0.02040886878967285,15.627143106473872,0.008960336653572654,10.0,0.5209047702157957
0.0,FW_diminishing,diminishing,900.0,0.020428895950317383,15.627148412702827,0.010123079462148965,10.0,0.5209049470900943
0.0,FW_diminishing,diminishing,901.0,0.020451068878173828,15.627149853176137,0.00776688058900632,10.0,0.5209049951058712
0.0,FW_diminishing,diminishing,902.0,0.020472049713134766,15.627152259185122,0.00986234495056948,10.0,0.5209050753061707
0.0,FW_diminishing,diminishing,903.0,0.02049398422241211,15.62715731961647,0.007297219577445446,10.0,0.5209052439872157
0.0,FW_diminishing,diminishing,904.0,0.020515918731689453,15.627148468678147,0.011301872361674015,10.0,0.5209049489559382
0.0,FW_diminishing,diminishing,905.0,0.0205380916595459,15.627136071532451,0.014016018238564243,10.0,0.5209045357177484
0.0,FW_diminishing,diminishing,906.0,0.020560026168823242,15.62713939252768,0.0057564351014587345,10.0,0.5209046464175893
0.0,FW_diminishing,diminishing,907.0,0.02058100700378418,15.627149174899628,0.008261979011042087,10.0,0.5209049724966542
0.0,FW_diminishing,diminishing,908.0,0.020601987838745117,15.627148895938088,0.008481001502296692,10.0,0.5209049631979362
0.0,FW_diminishing,diminishing,909.0,0.02062392234802246,15.627150280234739,0.00931332120124928,10.0,0.5209050093411579
0.0,FW_diminishing,diminishing,910.0,0.020646095275878906,15.627155232005087,0.004972549068405385,10.0,0.5209051744001696
0.0,FW_diminishing,diminishing,911.0,0.02066802978515625,15.627153208053265,0.00925223377781137,10.0,0.5209051069351088
0.0,FW_diminishing,diminishing,912.0,0.020689010620117188,15.62714399141275,0.015053415861787656,10.0,0.5209047997137584
0.0,FW_diminishing,diminishing,913.0,0.020709991455078125,15.62715173693394,0.005935754344195132,10.0,0.520905057897798
0.0,FW_diminishing,diminishing,914.0,0.02073216438293457,15.627158423764849,0.007375359746029986,10.0,0.5209052807921616
0.0,FW_diminishing,diminishing,915.0,0.020754098892211914,15.627156094342157,0.009360240217002769,10.0,0.5209052031447385
0.0,FW_diminishing,diminishing,916.0,0.02077507972717285,15.627163298933667,0.008988634284310848,10.0,0.5209054432977889
0.0,FW_diminishing,diminishing,917.0,0.020796775817871094,15.62716786620982,0.005077017004119,10.0,0.5209055955403273
0.0,FW_diminishing,diminishing,918.0,0.020817995071411133,15.627166497210002,0.008893865662862765,10.0,0.5209055499070001
0.0,FW_diminishing,diminishing,919.0,0.020839929580688477,15.627160905318844,0.013330306911747414,10.0,0.5209053635106281
0.0,FW_diminishing,diminishing,920.0,0.02086186408996582,15.627152894373577,0.013115945734350376,10.0,0.5209050964791192
0.0,FW_diminishing,diminishing,921.0,0.020882844924926758,15.62715749442729,0.00610833693670898,10.0,0.520905249814243
0.0,FW_diminishing,diminishing,922.0,0.0209047794342041,15.627142857159534,0.013918418460107773,10.0,0.5209047619053178
0.0,FW_diminishing,diminishing,923.0,0.02092576026916504,15.627153112634568,0.005949667653858626,10.0,0.5209051037544856
0.0,FW_diminishing,diminishing,924.0,0.02094888687133789,15.627150848762732,0.009259572885257583,10.0,0.5209050282920911
0.0,FW_diminishing,diminishing,925.0,0.020969867706298828,15.627145658133449,0.009529243554160516,10.0,0.520904855271115
0.0,FW_diminishing,diminishing,926.0,0.020990848541259766,15.627141623027821,0.011230233884944596,10.0,0.5209047207675941
0.0,FW_diminishing,diminishing,927.0,0.021013975143432617,15.627149134144302,0.004686148544049473,10.0,0.5209049711381434
0.0,FW_diminishing,diminishing,928.0,0.02103590965270996,15.627151884098245,0.009363936983604049,10.0,0.5209050628032749
0.0,FW_diminishing,diminishing,929.0,0.021057844161987305,15.627146786967316,0.009465356547387671,10.0,0.5209048928989105
0.0,FW_diminishing,diminishing,930.0,0.021077871322631836,15.62714747713692,0.007833872227298144,10.0,0.520904915904564
0.0,FW_diminishing,diminishing,931.0,0.02110004425048828,15.627144691839543,0.011012379811310424,10.0,0.5209048230613181
0.0,FW_diminishing,diminishing,932.0,0.02112102508544922,15.627146702776356,0.01115045761816269,10.0,0.5209048900925451
0.0,FW_diminishing,diminishing,933.0,0.021142959594726562,15.62714954257991,0.006799503377415306,10.0,0.5209049847526637
0.0,FW_diminishing,diminishing,934.0,0.0211639404296875,15.627141317498658,0.010907177898085152,10.0,0.5209047105832886
0.0,FW_diminishing,diminishing,935.0,0.021185874938964844,15.627147322774952,0.006444382718914454,10.0,0.5209049107591651
0.0,FW_diminishing,diminishing,936.0,0.02120804786682129,15.627156869491277,0.007836840386699961,10.0,0.5209052289830426
0.0,FW_diminishing,diminishing,937.0,0.021229982376098633,15.627158688434784,0.006171193988048884,10.0,0.5209052896144928
0.0,FW_diminishing,diminishing,938.0,0.02125096321105957,15.62714787443999,0.013180009819848237,10.0,0.5209049291479997
0.0,FW_diminishing,diminishing,939.0,0.021271944046020508,15.627152619186491,0.008283559303395194,10.0,0.5209050873062163
0.0,FW_diminishing,diminishing,940.0,0.02129387855529785,15.627153789456468,0.007517032685100844,10.0,0.5209051263152156
0.0,FW_diminishing,diminishing,941.0,0.021316051483154297,15.627150228428835,0.011289636286234028,10.0,0.5209050076142945
0.0,FW_diminishing,diminishing,942.0,0.02133798599243164,15.627143817204537,0.010022249236406822,10.0,0.5209047939068179
0.0,FW_diminishing,diminishing,943.0,0.02141880989074707,15.627143406789957,0.008238081966311483,10.0,0.5209047802263319
0.0,FW_diminishing,diminishing,944.0,0.021451950073242188,15.62714813193115,0.00822527577355281,10.0,0.5209049377310383
0.0,FW_diminishing,diminishing,945.0,0.021496057510375977,15.627150696683831,0.005750560786484726,10.0,0.5209050232227944
0.0,FW_diminishing,diminishing,946.0,0.021528959274291992,15.627143759543344,0.01131338292390005,10.0,0.5209047919847781
0.0,FW_diminishing,diminishing,947.0,0.021553993225097656,15.62714117193283,0.010376893852944491,10.0,0.5209047057310944
0.0,FW_diminishing,diminishing,948.0,0.021577835083007812,15.627143591976242,0.010735564710625312,10.0,0.5209047863992081
0.0,FW_diminishing,diminishing,949.0,0.021600961685180664,15.627149668126238,0.005097595824921086,10.0,0.5209049889375412
0.0,FW_diminishing,diminishing,950.0,0.021623849868774414,15.627139150510413,0.01194779174795535,10.0,0.5209046383503471
0.0,FW_diminishing,diminishing,951.0,0.021646976470947266,15.627147335331207,0.006479713056799952,10.0,0.5209049111777069
0.0,FW_diminishing,diminishing,952.0,0.021670103073120117,15.627146914602003,0.008168807989559213,10.0,0.5209048971534
0.0,FW_diminishing,diminishing,953.0,0.021692752838134766,15.627140534053455,0.012539193346842836,10.0,0.5209046844684485
0.0,FW_diminishing,diminishing,954.0,0.021715879440307617,15.627140063551852,0.007127197021192799,10.0,0.5209046687850617
0.0,FW_diminishing,diminishing,955.0,0.02173900604248047,15.62713811050003,0.008879176793435306,10.0,0.5209046036833344
0.0,FW_diminishing,diminishing,956.0,0.02176189422607422,15.627146208017601,0.0064468285498353595,10.0,0.5209048736005867
0.0,FW_diminishing,diminishing,957.0,0.021785974502563477,15.62714847934887,0.007959520549798427,10.0,0.520904949311629
0.0,FW_diminishing,diminishing,958.0,0.021806955337524414,15.627148013936898,0.007096855666464563,10.0,0.5209049337978966
0.0,FW_diminishing,diminishing,959.0,0.021830081939697266,15.627133741581183,0.014781707790536558,10.0,0.5209044580527061
0.0,FW_diminishing,diminishing,960.0,0.021851062774658203,15.6271423161531,0.007605970551940899,10.0,0.52090474387177
0.0,FW_diminishing,diminishing,961.0,0.021873950958251953,15.627146735637453,0.005760679149979353,10.0,0.520904891187915
0.0,FW_diminishing,diminishing,962.0,0.02189779281616211,15.627142117305455,0.009075081190863088,10.0,0.5209047372435152
0.0,FW_diminishing,diminishing,963.0,0.02192091941833496,15.627140680702386,0.009689117134168868,10.0,0.5209046893567462
0.0,FW_diminishing,diminishing,964.0,0.021944046020507812,15.627149536795963,0.007679510367081477,10.0,0.5209049845598654
0.0,FW_diminishing,diminishing,965.0,0.021966934204101562,15.627154376349619,0.004478359672621224,10.0,0.5209051458783206
0.0,FW_diminishing,diminishing,966.0,0.021990060806274414,15.627145892299687,0.011966991859255316,10.0,0.5209048630766563
0.0,FW_diminishing,diminishing,967.0,0.022011995315551758,15.627148902928377,0.008754422052501099,10.0,0.5209049634309459
0.0,FW_diminishing,diminishing,968.0,0.022034883499145508,15.627153448954774,0.0071297099883746995,10.0,0.5209051149651591
0.0,FW_diminishing,diminishing,969.0,0.02205681800842285,15.627139966859938,0.014386968709985126,10.0,0.5209046655619979
0.0,FW_diminishing,diminishing,970.0,0.02207779884338379,15.627136989270264,0.008238074697583642,10.0,0.5209045663090088
0.0,FW_diminishing,diminishing,971.0,0.02210092544555664,15.627138350946082,0.007147992498616418,10.0,0.5209046116982027
0.0,FW_diminishing,diminishing,972.0,0.0221250057220459,15.627141357244334,0.008696472396975352,10.0,0.5209047119081445
0.0,FW_diminishing,diminishing,973.0,0.02215290069580078,15.627146185855162,0.006543290740026464,10.0,0.5209048728618387
0.0,FW_diminishing,diminishing,974.0,0.02217578887939453,15.627143250395608,0.008195538643994027,10.0,0.520904775013187
0.0,FW_diminishing,diminishing,975.0,0.022197961807250977,15.627132658805014,0.012964356282779477,10.0,0.5209044219601672
0.0,FW_diminishing,diminishing,976.0,0.02221989631652832,15.627141299219012,0.007312672223608985,10.0,0.5209047099739671
0.0,FW_diminishing,diminishing,977.0,0.022241830825805664,15.62714875787518,0.004105343042470011,10.0,0.5209049585958393
0.0,FW_diminishing,diminishing,978.0,0.022264957427978516,15.627141816677717,0.01014058113974059,10.0,0.5209047272225906
0.0,FW_diminishing,diminishing,979.0,0.022288084030151367,15.627141386138444,0.009445780044460506,10.0,0.5209047128712815
0.0,FW_diminishing,diminishing,980.0,0.02231001853942871,15.627149728270549,0.005976232143735771,10.0,0.5209049909423517
0.0,FW_diminishing,diminishing,981.0,0.02233290672302246,15.627135147631462,0.014913149655688684,10.0,0.5209045049210487
0.0,FW_diminishing,diminishing,982.0,0.022354841232299805,15.62713764834087,0.005472188503000908,10.0,0.520904588278029
0.0,FW_diminishing,diminishing,983.0,0.02237677574157715,15.627137542968656,0.007768449409063294,10.0,0.5209045847656218
0.0,FW_diminishing,diminishing,984.0,0.022398948669433594,15.6271373812046,0.008882481492900496,10.0,0.5209045793734867
0.0,FW_diminishing,diminishing,985.0,0.022420883178710938,15.627139134947667,0.00916218633831356,10.0,0.5209046378315889
0.0,FW_diminishing,diminishing,986.0,0.022484779357910156,15.627141625960478,0.005444777865086792,10.0,0.5209047208653492
0.0,FW_diminishing,diminishing,987.0,0.02258610725402832,15.627129866998024,0.013511757337209218,10.0,0.5209043288999341
0.0,FW_diminishing,diminishing,988.0,0.02260899543762207,15.627146245783868,0.005662472133572294,10.0,0.5209048748594622
0.0,FW_diminishing,diminishing,989.0,0.022680044174194336,15.627149855561713,0.005877354982956717,10.0,0.5209049951853905
0.0,FW_diminishing,diminishing,990.0,0.022761821746826172,15.627147695747736,0.007724263362391071,10.0,0.5209049231915912
0.0,FW_diminishing,diminishing,991.0,0.022819042205810547,15.627151201023286,0.0069964899822316795,10.0,0.5209050400341095
0.0,FW_diminishing,diminishing,992.0,0.022843122482299805,15.627150727686514,0.0115959443194118,10.0,0.5209050242562171
0.0,FW_diminishing,diminishing,993.0,0.022866010665893555,15.627149531064697,0.008235231608844984,10.0,0.5209049843688233
0.0,FW_diminishing,diminishing,994.0,0.022888898849487305,15.627151512532652,0.008949825304286563,10.0,0.520905050417755
0.0,FW_diminishing,diminishing,995.0,0.022911787033081055,15.627152023406069,0.006362224560572116,10.0,0.5209050674468689
0.0,FW_diminishing,diminishing,996.0,0.022969961166381836,15.62714496516656,0.01114483637737429,10.0,0.5209048321722186
0.0,FW_diminishing,diminishing,997.0,0.02299785614013672,15.627141637983058,0.01073270962536732,10.0,0.520904721266102
0.0,FW_diminishing,diminishing,998.0,0.02302098274230957,15.62714962806679,0.00359741337126529,10.0,0.5209049876022264
0.0,FW_diminishing,diminishing,999.0,0.023050785064697266,15.627144717877568,0.00905338423430635,10.0,0.5209048239292523
0.0,FW_exact,exact,0.0,4.7206878662109375e-05,18.919311425263782,18.580688574736218,1.0,0.6306437141754594
0.0,FW_exact,exact,1.0,8.0108642578125e-05,16.484849442471486,10.73971096916316,2.0,0.5494949814157162
0.0,FW_exact,exact,2.0,0.00010704994201660156,15.980911982161695,4.048212016133748,3.0,0.5326970660720565
0.0,FW_exact,exact,3.0,0.0001342296600341797,15.763268607237773,2.3462612641898417,4.0,0.5254422869079257
0.0,FW_exact,exact,4.0,0.0001609325408935547,15.742912719063453,0.7190834313132619,5.0,0.5247637573021151
0.0,FW_exact,exact,5.0,0.00018715858459472656,15.714666344614441,0.7035037141866969,6.0,0.523822211487148
0.0,FW_exact,exact,6.0,0.0002129077911376953,15.700983600153823,0.5790448126026888,7.0,0.5233661200051274
0.0,FW_exact,exact,7.0,0.0002391338348388672,15.687077572756433,0.5259025071175376,8.0,0.5229025857585478
0.0,FW_exact,exact,8.0,0.00026607513427734375,15.681078540506073,0.3115212969900476,8.0,0.5227026180168691
0.0,FW_exact,exact,9.0,0.0002932548522949219,15.67960681219191,0.1842222792404531,8.0,0.522653560406397
0.0,FW_exact,exact,10.0,0.0003180503845214844,15.677594402935084,0.16556318972932438,8.0,0.5225864800978361
0.0,FW_exact,exact,11.0,0.0003440380096435547,15.676346933943316,0.15185805112388095,8.0,0.5225448977981105
0.0,FW_exact,exact,12.0,0.00037097930908203125,15.67361083782957,0.20795534283200645,8.0,0.522453694594319
0.0,FW_exact,exact,13.0,0.0003991127014160156,15.673181059940925,0.10869645156304131,9.0,0.5224393686646975
0.0,FW_exact,exact,14.0,0.0004248619079589844,15.672502095470795,0.09526145765405225,9.0,0.5224167365156932
0.0,FW_exact,exact,15.0,0.00045108795166015625,15.671995959527214,0.08811873739817955,9.0,0.5223998653175738
0.0,FW_exact,exact,16.0,0.0004773139953613281,15.671150016346653,0.12476164125983402,9.0,0.5223716672115551
0.0,FW_exact,exact,17.0,0.0005030632019042969,15.670470776974303,0.12461212471342975,9.0,0.5223490258991434
0.0,FW_exact,exact,18.0,0.0005280971527099609,15.669985060023166,0.08632563717296371,9.0,0.5223328353341056
0.0,FW_exact,exact,19.0,0.0005528926849365234,15.669142014055145,0.13019761702032717,9.0,0.5223047338018382
0.0,FW_exact,exact,20.0,0.0005791187286376953,15.668601277834405,0.08493316818663565,9.0,0.5222867092611468
0.0,FW_exact,exact,21.0,0.0006041526794433594,15.667747615638648,0.11489674511782866,9.0,0.5222582538546215
0.0,FW_exact,exact,22.0,0.0006301403045654297,15.667149012550391,0.10476965078179035,9.0,0.5222383004183464
0.0,FW_exact,exact,23.0,0.0006570816040039062,15.666887345017054,0.07213624406937136,9.0,0.5222295781672351
0.0,FW_exact,exact,24.0,0.0006830692291259766,15.666477835896343,0.07922840872294046,9.0,0.5222159278632115
0.0,FW_exact,exact,25.0,0.0007071495056152344,15.665709973304645,0.10150209639394525,9.0,0.5221903324434882
0.0,FW_exact,exact,26.0,0.0007321834564208984,15.66532667715387,0.08189281169049778,9.0,0.5221775559051289
0.0,FW_exact,exact,27.0,0.0007579326629638672,15.664963487856312,0.091961826992776,9.0,0.5221654495952104
0.0,FW_exact,exact,28.0,0.0007841587066650391,15.664533314141396,0.0812445475854009,9.0,0.5221511104713799
0.0,FW_exact,exact,29.0,0.0008099079132080078,15.664219915459933,0.08439506923546247,9.0,0.5221406638486644
0.0,FW_exact,exact,30.0,0.0008351802825927734,15.663801455099447,0.07465566835805326,9.0,0.5221267151699815
0.0,FW_exact,exact,31.0,0.0008611679077148438,15.663479346584221,0.07502976039294218,9.0,0.5221159782194741
0.0,FW_exact,exact,32.0,0.0008871555328369141,15.663049275444575,0.08125063814248179,9.0,0.5221016425148192
0.0,FW_exact,exact,33.0,0.0009140968322753906,15.662271514385845,0.1250774216331969,9.0,0.5220757171461948
0.0,FW_exact,exact,34.0,0.0009410381317138672,15.661954956864776,0.0648558739019176,9.0,0.5220651652288258
0.0,FW_exact,exact,35.0,0.0009672641754150391,15.661302377051618,0.10035466850583852,9.0,0.5220434125683873
0.0,FW_exact,exact,36.0,0.0009930133819580078,15.660949130524516,0.08032499386209757,9.0,0.5220316376841505
0.0,FW_exact,exact,37.0,0.0010180473327636719,15.660770941378669,0.0635401214770237,9.0,0.5220256980459557
0.0,FW_exact,exact,38.0,0.0010690689086914062,15.66059447658241,0.05186457752558482,9.0,0.5220198158860804
0.0,FW_exact,exact,39.0,0.0010952949523925781,15.660269822688388,0.0804707889009233,9.0,0.522008994089613
0.0,FW_exact,exact,40.0,0.0011210441589355469,15.659824709434503,0.07707003323074524,9.0,0.52199415698115
0.0,FW_exact,exact,41.0,0.0011472702026367188,15.65933718168345,0.08660954046604097,9.0,0.5219779060561149
0.0,FW_exact,exact,42.0,0.0011730194091796875,15.658930694924486,0.08441956412066709,9.0,0.5219643564974829
0.0,FW_exact,exact,43.0,0.0011980533599853516,15.658680695235564,0.07055667560231704,9.0,0.5219560231745188
0.0,FW_exact,exact,44.0,0.0012242794036865234,15.658339136648172,0.06743079394077967,9.0,0.5219446378882724
0.0,FW_exact,exact,45.0,0.0012500286102294922,15.657823767015765,0.08909421177034105,9.0,0.5219274589005255
0.0,FW_exact,exact,46.0,0.0012750625610351562,15.6576455366766,0.0635651347198749,9.0,0.52192151788922
0.0,FW_exact,exact,47.0,0.0013010501861572266,15.657429646552217,0.06269932150643776,9.0,0.5219143215517406
0.0,FW_exact,exact,48.0,0.0013260841369628906,15.657298716384691,0.044652005045762166,9.0,0.5219099572128231
0.0,FW_exact,exact,49.0,0.0013523101806640625,15.657050722504659,0.07028264254376815,9.0,0.5219016907501552
0.0,FW_exact,exact,50.0,0.0013780593872070312,15.65670458891708,0.06790232026633447,9.0,0.5218901529639026
0.0,FW_exact,exact,51.0,0.0014030933380126953,15.656326216765743,0.0762281433438794,9.0,0.5218775405588582
0.0,FW_exact,exact,52.0,0.0014290809631347656,15.656058489664888,0.06841024546917751,9.0,0.521868616322163
0.0,FW_exact,exact,53.0,0.001455068588256836,15.655868850696868,0.06635820968450012,9.0,0.5218622950232289
0.0,FW_exact,exact,54.0,0.0014810562133789062,15.655511333439053,0.06903384184970562,9.0,0.5218503777813017
0.0,FW_exact,exact,55.0,0.0015060901641845703,15.65528706455044,0.05856073331752931,9.0,0.5218429021516813
0.0,FW_exact,exact,56.0,0.0015320777893066406,15.654988128737578,0.07723373964233815,9.0,0.5218329376245859
0.0,FW_exact,exact,57.0,0.001558065414428711,15.65483161774517,0.052216526400474805,9.0,0.5218277205915057
0.0,FW_exact,exact,58.0,0.001583099365234375,15.654668306645313,0.04650681095458964,9.0,0.5218222768881771
0.0,FW_exact,exact,59.0,0.001608133316040039,15.654304281253756,0.07477467943821381,9.0,0.5218101427084585
0.0,FW_exact,exact,60.0,0.0016341209411621094,15.654082580527897,0.07096261043958307,9.0,0.5218027526842632
0.0,FW_exact,exact,61.0,0.0016591548919677734,15.653896783189799,0.05815935588194421,9.0,0.52179655943966
0.0,FW_exact,exact,62.0,0.0016849040985107422,15.653765530743433,0.044728111449032326,9.0,0.5217921843581145
0.0,FW_exact,exact,63.0,0.0017101764678955078,15.653554715523388,0.0647877683350373,9.0,0.5217851571841129
0.0,FW_exact,exact,64.0,0.0017361640930175781,15.65328384396903,0.060028681759732194,9.0,0.521776128132301
0.0,FW_exact,exact,65.0,0.0017621517181396484,15.6529754086532,0.06878762823684426,9.0,0.5217658469551066
0.0,FW_exact,exact,66.0,0.0017871856689453125,15.652812503852306,0.053291308270726034,9.0,0.5217604167950769
0.0,FW_exact,exact,67.0,0.0018129348754882812,15.652661306300711,0.05481768586203373,9.0,0.5217553768766904
0.0,FW_exact,exact,68.0,0.0018382072448730469,15.652465473424735,0.05097845604753992,9.0,0.5217488491141579
0.0,FW_exact,exact,69.0,0.0018641948699951172,15.652173394234191,0.06692983210374592,9.0,0.5217391131411397
0.0,FW_exact,exact,70.0,0.0018901824951171875,15.652028184034169,0.05737278745769281,9.0,0.5217342728011389
0.0,FW_exact,exact,71.0,0.0019152164459228516,15.651873790915808,0.05299874231831936,9.0,0.5217291263638603
0.0,FW_exact,exact,72.0,0.0019409656524658203,15.651798250960791,0.04180767979375233,9.0,0.5217266083653597
0.0,FW_exact,exact,73.0,0.001965045928955078,15.651680995148727,0.04227404313259875,9.0,0.5217226998382909
0.0,FW_exact,exact,74.0,0.001989126205444336,15.65139663925919,0.061535942843296,9.0,0.5217132213086396
0.0,FW_exact,exact,75.0,0.0020139217376708984,15.651261371719192,0.048543185271849865,9.0,0.5217087123906398
0.0,FW_exact,exact,76.0,0.0020432472229003906,15.65113880838196,0.049335180790118116,9.0,0.5217046269460653
0.0,FW_exact,exact,77.0,0.0020699501037597656,15.650822723627012,0.0696628107942292,9.0,0.5216940907875671
0.0,FW_exact,exact,78.0,0.0020952224731445312,15.650631641114938,0.05036566407401999,9.0,0.5216877213704979
0.0,FW_exact,exact,79.0,0.0021209716796875,15.650515737848005,0.04797248468867288,9.0,0.5216838579282669
0.0,FW_exact,exact,80.0,0.002147197723388672,15.650319014171721,0.054855934192893585,9.0,0.5216773004723907
0.0,FW_exact,exact,81.0,0.002172231674194336,15.65017258524229,0.05161555490841785,9.0,0.5216724195080763
0.0,FW_exact,exact,82.0,0.002196073532104492,15.650059811732993,0.05053888593814193,9.0,0.5216686603910997
0.0,FW_exact,exact,83.0,0.0022211074829101562,15.649973493374988,0.036250486076674804,9.0,0.5216657831124996
0.0,FW_exact,exact,84.0,0.002245187759399414,15.649811332665664,0.04637579063092723,9.0,0.5216603777555221
0.0,FW_exact,exact,85.0,0.002270936965942383,15.649677735093135,0.048249760422194754,9.0,0.5216559245031045
0.0,FW_exact,exact,86.0,0.0022950172424316406,15.64952885835587,0.05878951102815044,9.0,0.5216509619451957
0.0,FW_exact,exact,87.0,0.0023190975189208984,15.649418705325644,0.040978903838986724,9.0,0.5216472901775214
0.0,FW_exact,exact,88.0,0.002343893051147461,15.649268753439445,0.0546089010811599,9.0,0.5216422917813148
0.0,FW_exact,exact,89.0,0.002368927001953125,15.649100316083352,0.047276227630675294,9.0,0.5216366772027784
0.0,FW_exact,exact,90.0,0.002395153045654297,15.648894494348035,0.0561298099773353,9.0,0.5216298164782678
0.0,FW_exact,exact,91.0,0.002418994903564453,15.648759661221183,0.04952605228172935,9.0,0.5216253220407061
0.0,FW_exact,exact,92.0,0.002444028854370117,15.648692123562158,0.0365848024772486,9.0,0.5216230707854053
0.0,FW_exact,exact,93.0,0.0024690628051757812,15.64859190628017,0.03908165898956639,9.0,0.521619730209339
0.0,FW_exact,exact,94.0,0.0024950504302978516,15.648396179528415,0.05099602311205764,9.0,0.5216132059842805
0.0,FW_exact,exact,95.0,0.002521038055419922,15.648281796185623,0.044634180121381206,9.0,0.5216093932061875
0.0,FW_exact,exact,96.0,0.0025441646575927734,15.648172946811854,0.04965622989025498,9.0,0.5216057648937285
0.0,FW_exact,exact,97.0,0.002568960189819336,15.647992618975515,0.05252028706546952,9.0,0.5215997539658505
0.0,FW_exact,exact,98.0,0.002593994140625,15.64783934135956,0.055222479733968655,9.0,0.5215946447119854
0.0,FW_exact,exact,99.0,0.0026192665100097656,15.647731820313277,0.03772576920490067,9.0,0.5215910606771093
0.0,FW_exact,exact,100.0,0.0026428699493408203,15.647564156483693,0.05063295332243811,9.0,0.5215854718827898
0.0,FW_exact,exact,101.0,0.002668142318725586,15.64743524512275,0.047403596943032866,9.0,0.521581174837425
0.0,FW_exact,exact,102.0,0.0026922225952148438,15.647349899256303,0.041150675575849505,9.0,0.5215783299752101
0.0,FW_exact,exact,103.0,0.0027189254760742188,15.647255586098813,0.04253383194527949,10.0,0.5215751862032938
0.0,FW_exact,exact,104.0,0.0027430057525634766,15.647180887976587,0.03372352082378782,10.0,0.5215726962658862
0.0,FW_exact,exact,105.0,0.0027680397033691406,15.647044654409848,0.04250006822628016,10.0,0.521568155146995
0.0,FW_exact,exact,106.0,0.002791881561279297,15.64696139159004,0.03805844479952647,10.0,0.521565379719668
0.0,FW_exact,exact,107.0,0.0028171539306640625,15.646874861121859,0.04425770362854742,10.0,0.5215624953707286
0.0,FW_exact,exact,108.0,0.002843141555786133,15.646742813693404,0.04490572479593702,10.0,0.5215580937897801
0.0,FW_exact,exact,109.0,0.0028700828552246094,15.646649517817185,0.0505281437742795,10.0,0.5215549839272395
0.0,FW_exact,exact,110.0,0.0028960704803466797,15.6465923902286,0.033644514991568286,10.0,0.5215530796742867
0.0,FW_exact,exact,111.0,0.00292205810546875,15.646529919683331,0.03083106298305971,10.0,0.5215509973227778
0.0,FW_exact,exact,112.0,0.0029480457305908203,15.64636839809965,0.046307864187317804,10.0,0.5215456132699884
0.0,FW_exact,exact,113.0,0.0029740333557128906,15.646270765491526,0.04123015528526075,10.0,0.5215423588497176
0.0,FW_exact,exact,114.0,0.0029990673065185547,15.646190396154482,0.03499062464698177,10.0,0.521539679871816
0.0,FW_exact,exact,115.0,0.003025054931640625,15.64606013987042,0.050893879165517575,10.0,0.5215353379956806
0.0,FW_exact,exact,116.0,0.003050088882446289,15.645989710395675,0.030507836345874395,10.0,0.5215329903465225
0.0,FW_exact,exact,117.0,0.003075122833251953,15.64586229568676,0.04411148622348193,10.0,0.5215287431895587
0.0,FW_exact,exact,118.0,0.0031011104583740234,15.645725106284415,0.04997604573538972,10.0,0.5215241702094805
0.0,FW_exact,exact,119.0,0.0031261444091796875,15.645620002305648,0.04880177451443224,10.0,0.5215206667435216
0.0,FW_exact,exact,120.0,0.003152132034301758,15.645539722951547,0.03497394216206651,10.0,0.5215179907650516
0.0,FW_exact,exact,121.0,0.003178119659423828,15.645467394419732,0.03787740579668508,10.0,0.5215155798139911
0.0,FW_exact,exact,122.0,0.003203153610229492,15.645349526834083,0.03952410416116514,10.0,0.5215116508944695
0.0,FW_exact,exact,123.0,0.0032281875610351562,15.645227155371797,0.043228300384448914,10.0,0.5215075718457266
0.0,FW_exact,exact,124.0,0.0032529830932617188,15.645127376903526,0.042589020490130025,10.0,0.5215042458967842
0.0,FW_exact,exact,125.0,0.003280162811279297,15.645055750454173,0.04073025403107167,10.0,0.5215018583484724
0.0,FW_exact,exact,126.0,0.0033049583435058594,15.644987118546881,0.03011879961688102,10.0,0.5214995706182294
0.0,FW_exact,exact,127.0,0.003329038619995117,15.64488218397322,0.0400152173834325,10.0,0.5214960727991074
0.0,FW_exact,exact,128.0,0.003355264663696289,15.644801367809853,0.040049619357178656,10.0,0.5214933789269951
0.0,FW_exact,exact,129.0,0.003381013870239258,15.644697540694159,0.042532018134552985,10.0,0.5214899180231386
0.0,FW_exact,exact,130.0,0.0034072399139404297,15.644615610788103,0.03292331770969348,10.0,0.5214871870262701
0.0,FW_exact,exact,131.0,0.003432035446166992,15.644471891642283,0.0468742554969932,10.0,0.5214823963880761
0.0,FW_exact,exact,132.0,0.0034570693969726562,15.644386054659307,0.044089036354622024,10.0,0.5214795351553102
0.0,FW_exact,exact,133.0,0.0034821033477783203,15.644337806806577,0.02894957368392781,10.0,0.5214779268935525
0.0,FW_exact,exact,134.0,0.0035080909729003906,15.644292116788565,0.030084810232727577,10.0,0.5214764038929521
0.0,FW_exact,exact,135.0,0.0035331249237060547,15.64422369113494,0.03228303926962006,10.0,0.5214741230378314
0.0,FW_exact,exact,136.0,0.0035581588745117188,15.644052745965004,0.04766586530099204,10.0,0.5214684248655002
0.0,FW_exact,exact,137.0,0.0035829544067382812,15.643996188058377,0.029339813674878812,10.0,0.5214665396019459
0.0,FW_exact,exact,138.0,0.003609180450439453,15.64390236778715,0.04316908505223083,10.0,0.5214634122595717
0.0,FW_exact,exact,139.0,0.003634214401245117,15.643839921092665,0.03366437294425495,10.0,0.5214613307030889
0.0,FW_exact,exact,140.0,0.0036590099334716797,15.64375670470458,0.03561929394236252,10.0,0.5214585568234861
0.0,FW_exact,exact,141.0,0.0036840438842773438,15.64365955743538,0.0358717739233807,10.0,0.5214553185811793
0.0,FW_exact,exact,142.0,0.003710031509399414,15.643602224653952,0.036431387970456086,10.0,0.521453407488465
0.0,FW_exact,exact,143.0,0.003735065460205078,15.643523443483334,0.037030298015512386,10.0,0.5214507814494445
0.0,FW_exact,exact,144.0,0.003760099411010742,15.643460196909757,0.031035312109683133,10.0,0.5214486732303253
0.0,FW_exact,exact,145.0,0.0037860870361328125,15.64339248231529,0.03914566467123848,10.0,0.5214464160771763
0.0,FW_exact,exact,146.0,0.0038089752197265625,15.643323538152673,0.030195183054800623,10.0,0.5214441179384225
0.0,FW_exact,exact,147.0,0.0038330554962158203,15.643264420465433,0.030001902130727842,10.0,0.5214421473488478
0.0,FW_exact,exact,148.0,0.0038580894470214844,15.643161025104575,0.045331653131729155,10.0,0.5214387008368192
0.0,FW_exact,exact,149.0,0.0038831233978271484,15.643093069690295,0.034383329030344356,10.0,0.5214364356563431
0.0,FW_exact,exact,150.0,0.003909111022949219,15.643042009052508,0.02787565069472997,10.0,0.5214347336350836
0.0,FW_exact,exact,151.0,0.0039331912994384766,15.642915327236695,0.040999396912082986,10.0,0.5214305109078898
0.0,FW_exact,exact,152.0,0.003957033157348633,15.642873224303827,0.025304714110621518,10.0,0.5214291074767943
0.0,FW_exact,exact,153.0,0.003982067108154297,15.64278609476967,0.04159945732675219,10.0,0.521426203158989
0.0,FW_exact,exact,154.0,0.004006147384643555,15.64272208285103,0.034089449069726996,10.0,0.5214240694283677
0.0,FW_exact,exact,155.0,0.004032135009765625,15.642641721283294,0.03500529793136664,10.0,0.5214213907094432
0.0,FW_exact,exact,156.0,0.004055976867675781,15.642586903578916,0.03521140295503322,10.0,0.5214195634526305
0.0,FW_exact,exact,157.0,0.004080057144165039,15.6425135788785,0.03114795391655356,10.0,0.52141711929595
0.0,FW_exact,exact,158.0,0.004105091094970703,15.642463019330195,0.029643745497500262,10.0,0.5214154339776732
0.0,FW_exact,exact,159.0,0.004128932952880859,15.642386829936303,0.034081521111192004,10.0,0.5214128943312101
0.0,FW_exact,exact,160.0,0.004155158996582031,15.642307507401046,0.03968632261403471,10.0,0.5214102502467015
0.0,FW_exact,exact,161.0,0.0041790008544921875,15.642252771390767,0.02689552183548294,10.0,0.5214084257130256
0.0,FW_exact,exact,162.0,0.004203081130981445,15.642166073550412,0.03636788487357556,10.0,0.5214055357850137
0.0,FW_exact,exact,163.0,0.004228115081787109,15.642100220430525,0.034580469779434964,10.0,0.5214033406810175
0.0,FW_exact,exact,164.0,0.0042531490325927734,15.642044648551694,0.0358706474890802,10.0,0.5214014882850565
0.0,FW_exact,exact,165.0,0.004279136657714844,15.641994434772464,0.0257571203951521,10.0,0.5213998144924155
0.0,FW_exact,exact,166.0,0.0043032169342041016,15.641920486175906,0.03357643625162865,10.0,0.5213973495391968
0.0,FW_exact,exact,167.0,0.004327297210693359,15.64186631174532,0.03277612997218249,10.0,0.521395543724844
0.0,FW_exact,exact,168.0,0.004350900650024414,15.641819550870704,0.028506790413802108,10.0,0.5213939850290235
0.0,FW_exact,exact,169.0,0.00437617301940918,15.641787444574412,0.026929689843173676,10.0,0.5213929148191471
0.0,FW_exact,exact,170.0,0.00440216064453125,15.641733756192629,0.02859153034059503,10.0,0.521391125206421
0.0,FW_exact,exact,171.0,0.004425048828125,15.64161456698536,0.039768928129721104,10.0,0.5213871522328454
0.0,FW_exact,exact,172.0,0.004450082778930664,15.641574987517476,0.024536388633773498,10.0,0.5213858329172492
0.0,FW_exact,exact,173.0,0.004475116729736328,15.641516839133903,0.03396224542959736,10.0,0.5213838946377968
0.0,FW_exact,exact,174.0,0.004499912261962891,15.641459324824497,0.03162775379621863,10.0,0.5213819774941499
0.0,FW_exact,exact,175.0,0.0045261383056640625,15.641422568532134,0.022026466022923685,10.0,0.5213807522844045
0.0,FW_exact,exact,176.0,0.00455021858215332,15.641339827836942,0.03552817878228964,10.0,0.5213779942612314
0.0,FW_exact,exact,177.0,0.0045740604400634766,15.641295126846321,0.03179070041545806,10.0,0.5213765042282107
0.0,FW_exact,exact,178.0,0.004600048065185547,15.641237800035617,0.03225909744546129,10.0,0.5213745933345205
0.0,FW_exact,exact,179.0,0.004624128341674805,15.641203618277576,0.02279791299025824,10.0,0.5213734539425858
0.0,FW_exact,exact,180.0,0.004650115966796875,15.64114770009732,0.03330362510039997,10.0,0.5213715900032441
0.0,FW_exact,exact,181.0,0.004673957824707031,15.641079899844895,0.02995270465219413,10.0,0.5213693299948299
0.0,FW_exact,exact,182.0,0.004698038101196289,15.640999216950199,0.03508312484742149,10.0,0.5213666405650066
0.0,FW_exact,exact,183.0,0.004724025726318359,15.640961525080497,0.026140770848623873,10.0,0.5213653841693499
0.0,FW_exact,exact,184.0,0.004748106002807617,15.640920843296339,0.03068030167531255,10.0,0.5213640281098779
0.0,FW_exact,exact,185.0,0.0047740936279296875,15.640876135755008,0.024302699139338912,10.0,0.5213625378585003
0.0,FW_exact,exact,186.0,0.004797935485839844,15.640821900060342,0.02874089883075115,10.0,0.5213607300020114
0.0,FW_exact,exact,187.0,0.0048220157623291016,15.640771879514968,0.031493915894420965,10.0,0.5213590626504989
0.0,FW_exact,exact,188.0,0.004847049713134766,15.640719454993754,0.03019348225862828,10.0,0.5213573151664584
0.0,FW_exact,exact,189.0,0.004872322082519531,15.640676556042244,0.02380498830092037,10.0,0.5213558852014082
0.0,FW_exact,exact,190.0,0.0048980712890625,15.640595479334312,0.0351709053688527,10.0,0.521353182644477
0.0,FW_exact,exact,191.0,0.004922151565551758,15.640542285637531,0.03469058048069229,10.0,0.521351409521251
0.0,FW_exact,exact,192.0,0.004946231842041016,15.640514588729136,0.02192601786093107,10.0,0.5213504862909712
0.0,FW_exact,exact,193.0,0.004971027374267578,15.640490009327465,0.022056561458542845,10.0,0.5213496669775821
0.0,FW_exact,exact,194.0,0.004995107650756836,15.640450548963624,0.02450295752418974,10.0,0.5213483516321208
0.0,FW_exact,exact,195.0,0.0050220489501953125,15.640352860603674,0.03599012966093085,10.0,0.5213450953534557
0.0,FW_exact,exact,196.0,0.0050449371337890625,15.640320368381227,0.0222282674204326,10.0,0.5213440122793742
0.0,FW_exact,exact,197.0,0.005070209503173828,15.640266040096309,0.03282810742834741,10.0,0.5213422013365436
0.0,FW_exact,exact,198.0,0.005095243453979492,15.640228033861206,0.026252001867947072,10.0,0.5213409344620402
0.0,FW_exact,exact,199.0,0.0051190853118896484,15.640178669605856,0.027417352383254823,10.0,0.5213392889868619
0.0,FW_exact,exact,200.0,0.005146026611328125,15.640121603622385,0.027473239566621288,10.0,0.5213373867874128
0.0,FW_exact,exact,201.0,0.005170106887817383,15.640090245927794,0.02692913336045244,10.0,0.5213363415309265
0.0,FW_exact,exact,202.0,0.005193948745727539,15.640045924684895,0.027756470238584185,10.0,0.5213348641561631
0.0,FW_exact,exact,203.0,0.005218982696533203,15.640009080902603,0.023675446512241294,10.0,0.5213336360300868
0.0,FW_exact,exact,204.0,0.005243062973022461,15.639967731378338,0.030576040217658473,10.0,0.5213322577126113
0.0,FW_exact,exact,205.0,0.005269050598144531,15.639928424679205,0.022785592144334288,10.0,0.5213309474893069
0.0,FW_exact,exact,206.0,0.005294084548950195,15.639893711672704,0.02297889428869837,10.0,0.5213297903890901
0.0,FW_exact,exact,207.0,0.005318164825439453,15.639831883627034,0.03503004349411398,10.0,0.5213277294542344
0.0,FW_exact,exact,208.0,0.005342960357666016,15.639791480258781,0.026498243670127763,10.0,0.5213263826752927
0.0,FW_exact,exact,209.0,0.0053670406341552734,15.639760813824456,0.024226615417271447,10.0,0.5213253604608152
0.0,FW_exact,exact,210.0,0.005393266677856445,15.639720094067679,0.02489456409335311,10.0,0.5213240031355892
0.0,FW_exact,exact,211.0,0.005418062210083008,15.639686055245123,0.024841673933176267,10.0,0.5213228685081708
0.0,FW_exact,exact,212.0,0.005442142486572266,15.639642332925748,0.02403695315227594,10.0,0.521321411097525
0.0,FW_exact,exact,213.0,0.005468130111694336,15.639599880668921,0.025420794552745818,10.0,0.5213199960222974
0.0,FW_exact,exact,214.0,0.005491971969604492,15.639528847857372,0.03755786282835416,10.0,0.5213176282619124
0.0,FW_exact,exact,215.0,0.005517005920410156,15.639505943208377,0.018656092859179907,10.0,0.5213168647736126
0.0,FW_exact,exact,216.0,0.005540132522583008,15.63945682043324,0.025484506420735187,10.0,0.5213152273477747
0.0,FW_exact,exact,217.0,0.005564212799072266,15.639421569537559,0.024747116044313344,10.0,0.5213140523179186
0.0,FW_exact,exact,218.0,0.005589008331298828,15.63938388703254,0.02918670438132409,10.0,0.5213127962344181
0.0,FW_exact,exact,219.0,0.005613088607788086,15.639332019070466,0.028109714532698504,10.0,0.5213110673023489
0.0,FW_exact,exact,220.0,0.005639076232910156,15.639302446189081,0.028417237300606857,10.0,0.521310081539636
0.0,FW_exact,exact,221.0,0.0056650638580322266,15.639284371928907,0.018910261034651654,10.0,0.5213094790642969
0.0,FW_exact,exact,222.0,0.005692243576049805,15.639257306347183,0.018898395311614635,10.0,0.5213085768782394
0.0,FW_exact,exact,223.0,0.005717039108276367,15.639201687506153,0.029112681129108253,10.0,0.5213067229168717
0.0,FW_exact,exact,224.0,0.0057430267333984375,15.63914941370622,0.03080676041842878,10.0,0.521304980456874
0.0,FW_exact,exact,225.0,0.005767107009887695,15.639133370294797,0.019027569781114195,10.0,0.5213044456764933
0.0,FW_exact,exact,226.0,0.0057909488677978516,15.639110808987242,0.01851636040216853,10.0,0.5213036936329081
0.0,FW_exact,exact,227.0,0.005815982818603516,15.639077641493419,0.025634626770305147,10.0,0.5213025880497806
0.0,FW_exact,exact,228.0,0.005841255187988281,15.639031343189794,0.024739819835453147,10.0,0.5213010447729931
0.0,FW_exact,exact,229.0,0.00586700439453125,15.638979513354945,0.02810064822825531,10.0,0.5212993171118315
0.0,FW_exact,exact,230.0,0.005892038345336914,15.638930273714326,0.029264866230654718,10.0,0.5212976757904776
0.0,FW_exact,exact,231.0,0.005918025970458984,15.63890212747996,0.02361021647499939,10.0,0.5212967375826654
0.0,FW_exact,exact,232.0,0.005942106246948242,15.638862585822851,0.022857527788673337,10.0,0.5212954195274284
0.0,FW_exact,exact,233.0,0.005967140197753906,15.638801301704483,0.030566841671596734,10.0,0.5212933767234827
0.0,FW_exact,exact,234.0,0.005991935729980469,15.638777370424133,0.02324843469955873,10.0,0.5212925790141377
0.0,FW_exact,exact,235.0,0.0060160160064697266,15.638750966977563,0.021873932248936967,10.0,0.5212916988992521
0.0,FW_exact,exact,236.0,0.0060422420501708984,15.63873338824474,0.020153059131303053,10.0,0.5212911129414913
0.0,FW_exact,exact,237.0,0.006067991256713867,15.638707396384937,0.018520226733091505,10.0,0.5212902465461646
0.0,FW_exact,exact,238.0,0.006095170974731445,15.638651480621172,0.02919270035785182,10.0,0.5212883826873724
0.0,FW_exact,exact,239.0,0.006119966506958008,15.638616085450593,0.0264850065909652,10.0,0.5212872028483531
0.0,FW_exact,exact,240.0,0.006147146224975586,15.638579977192599,0.025049550174159663,10.0,0.5212859992397533
0.0,FW_exact,exact,241.0,0.006170034408569336,15.63854123161805,0.022626577703556805,10.0,0.5212847077206016
0.0,FW_exact,exact,242.0,0.006194114685058594,15.638477580856986,0.03115517657896305,10.0,0.5212825860285661
0.0,FW_exact,exact,243.0,0.006218910217285156,15.638446195379302,0.02493630999088481,10.0,0.5212815398459767
0.0,FW_exact,exact,244.0,0.006244182586669922,15.638421910029813,0.017901026946589127,10.0,0.5212807303343271
0.0,FW_exact,exact,245.0,0.006269931793212891,15.638385451850898,0.023555885643643748,10.0,0.5212795150616966
0.0,FW_exact,exact,246.0,0.0062961578369140625,15.638349282530221,0.02561324797604314,10.0,0.5212783094176741
0.0,FW_exact,exact,247.0,0.006322145462036133,15.63832242811468,0.024631403693712528,10.0,0.5212774142704893
0.0,FW_exact,exact,248.0,0.006348133087158203,15.63830123623266,0.017946179896927816,10.0,0.521276707874422
0.0,FW_exact,exact,249.0,0.0063741207122802734,15.638279980806391,0.02051239775927982,10.0,0.5212759993602131
0.0,FW_exact,exact,250.0,0.006400108337402344,15.638246284046625,0.02109701680140752,10.0,0.5212748761348875
0.0,FW_exact,exact,251.0,0.006426095962524414,15.638204829136482,0.02684682560932572,10.0,0.5212734943045494
0.0,FW_exact,exact,252.0,0.006450176239013672,15.63815510344571,0.02752524250287358,10.0,0.5212718367815237
0.0,FW_exact,exact,253.0,0.006474018096923828,15.638128933311041,0.0246002591390706,10.0,0.5212709644437014
0.0,FW_exact,exact,254.0,0.006499052047729492,15.638078030877058,0.02594926247941487,10.0,0.5212692676959019
0.0,FW_exact,exact,255.0,0.00652313232421875,15.638056266780415,0.018188017526911793,10.0,0.5212685422260138
0.0,FW_exact,exact,256.0,0.00654911994934082,15.63802067921143,0.026558684276185573,10.0,0.5212673559737143
0.0,FW_exact,exact,257.0,0.006575107574462891,15.637987709029131,0.0239348870165923,10.0,0.5212662569676377
0.0,FW_exact,exact,258.0,0.006601095199584961,15.637968659318206,0.01701364152515339,10.0,0.5212656219772736
0.0,FW_exact,exact,259.0,0.006627082824707031,15.637918722888223,0.025701516318655138,10.0,0.5212639574296074
0.0,FW_exact,exact,260.0,0.006653308868408203,15.637899231698015,0.020978603354574688,10.0,0.5212633077232671
0.0,FW_exact,exact,261.0,0.006676912307739258,15.637867462982713,0.021985785814553793,10.0,0.5212622487660904
0.0,FW_exact,exact,262.0,0.006700992584228516,15.637830104180459,0.026033699370927366,10.0,0.521261003472682
0.0,FW_exact,exact,263.0,0.0067250728607177734,15.637802811451705,0.023251223014455036,10.0,0.5212600937150568
0.0,FW_exact,exact,264.0,0.006749868392944336,15.63776928773008,0.022586976473109033,10.0,0.5212589762576694
0.0,FW_exact,exact,265.0,0.006776094436645508,15.637728914695886,0.02310138401869999,10.0,0.5212576304898628
0.0,FW_exact,exact,266.0,0.006802082061767578,15.637710920806018,0.02039187317707203,10.0,0.5212570306935339
0.0,FW_exact,exact,267.0,0.0068280696868896484,15.63768378028017,0.02171121565380396,10.0,0.521256126009339
0.0,FW_exact,exact,268.0,0.006854057312011719,15.637658793814401,0.019492363550769554,10.0,0.5212552931271467
0.0,FW_exact,exact,269.0,0.006880044937133789,15.637630794319438,0.02355147426875348,10.0,0.5212543598106479
0.0,FW_exact,exact,270.0,0.006904125213623047,15.637598120810896,0.02077525649851175,10.0,0.5212532706936965
0.0,FW_exact,exact,271.0,0.006927013397216797,15.637558301692218,0.024623835914013625,10.0,0.5212519433897406
0.0,FW_exact,exact,272.0,0.006953001022338867,15.637532063805427,0.02434810995547032,10.0,0.5212510687935142
0.0,FW_exact,exact,273.0,0.006978034973144531,15.637501218623221,0.023650210084124268,10.0,0.5212500406207741
0.0,FW_exact,exact,274.0,0.007004261016845703,15.637482115790414,0.017038493698127155,10.0,0.5212494038596804
0.0,FW_exact,exact,275.0,0.0070421695709228516,15.637459878980355,0.02098332760561128,10.0,0.5212486626326785
0.0,FW_exact,exact,276.0,0.007068157196044922,15.637425681322213,0.021256392553389958,10.0,0.5212475227107405
0.0,FW_exact,exact,277.0,0.007091999053955078,15.637388944419314,0.023649142050450322,10.0,0.5212462981473105
0.0,FW_exact,exact,278.0,0.0071179866790771484,15.637355119880908,0.024245645774350066,10.0,0.5212451706626969
0.0,FW_exact,exact,279.0,0.007143974304199219,15.637335115226138,0.02125471187094874,10.0,0.5212445038408713
0.0,FW_exact,exact,280.0,0.007169961929321289,15.637313243863119,0.016988567735115367,10.0,0.5212437747954373
0.0,FW_exact,exact,281.0,0.007200956344604492,15.637285460340532,0.02055832743328523,10.0,0.5212428486780177
0.0,FW_exact,exact,282.0,0.007227182388305664,15.637243126356518,0.028976214145213675,10.0,0.5212414375452172
0.0,FW_exact,exact,283.0,0.007252931594848633,15.63722613144627,0.017172390613994892,10.0,0.521240871048209
0.0,FW_exact,exact,284.0,0.007279157638549805,15.637206795384863,0.017143047007541767,10.0,0.5212402265128288
0.0,FW_exact,exact,285.0,0.0073049068450927734,15.637157273338703,0.025597200058614433,10.0,0.5212385757779567
0.0,FW_exact,exact,286.0,0.007331132888793945,15.63714036420882,0.01976756807302671,10.0,0.521238012140294
0.0,FW_exact,exact,287.0,0.007364034652709961,15.63712013934357,0.01753371940873194,10.0,0.521237337978119
0.0,FW_exact,exact,288.0,0.007390022277832031,15.637087812837489,0.024214050869083792,10.0,0.5212362604279163
0.0,FW_exact,exact,289.0,0.007415056228637695,15.637072773749516,0.01725052705183039,10.0,0.5212357591249839
0.0,FW_exact,exact,290.0,0.007441282272338867,15.637049404272032,0.01885102004987793,10.0,0.5212349801424011
0.0,FW_exact,exact,291.0,0.007467031478881836,15.637006708735287,0.02376151927348502,10.0,0.5212335569578429
0.0,FW_exact,exact,292.0,0.007493019104003906,15.636992560521085,0.01566601556121583,10.0,0.5212330853507028
0.0,FW_exact,exact,293.0,0.0075190067291259766,15.63697551168194,0.019619509426123116,10.0,0.5212325170560647
0.0,FW_exact,exact,294.0,0.007544994354248047,15.636941132599338,0.022876673412524084,10.0,0.5212313710866446
0.0,FW_exact,exact,295.0,0.007570981979370117,15.636907833835489,0.025691076239471755,10.0,0.5212302611278496
0.0,FW_exact,exact,296.0,0.0075969696044921875,15.63688848314294,0.015978231764004036,10.0,0.5212296161047647
0.0,FW_exact,exact,297.0,0.007621049880981445,15.636854571913684,0.022720272643667272,10.0,0.5212284857304561
0.0,FW_exact,exact,298.0,0.007645130157470703,15.63682897994105,0.02153894991987748,10.0,0.5212276326647017
0.0,FW_exact,exact,299.0,0.007669925689697266,15.63681893928987,0.01522702892169292,10.0,0.521227297976329
0.0,FW_exact,exact,300.0,0.0076940059661865234,15.636802516558653,0.014717226486073542,10.0,0.5212267505519551
0.0,FW_exact,exact,301.0,0.007719993591308594,15.636777330614965,0.01957249132106398,10.0,0.5212259110204989
0.0,FW_exact,exact,302.0,0.007745981216430664,15.636751999542382,0.022400513404601696,10.0,0.5212250666514128
0.0,FW_exact,exact,303.0,0.007772207260131836,15.63672671147492,0.02095767513000979,10.0,0.5212242237158307
0.0,FW_exact,exact,304.0,0.007796049118041992,15.636710292276984,0.017720698961745995,10.0,0.5212236764092328
0.0,FW_exact,exact,305.0,0.00782012939453125,15.636691454360118,0.016921437720064603,10.0,0.5212230484786706
0.0,FW_exact,exact,306.0,0.007845163345336914,15.636671015524296,0.02148583231335266,10.0,0.5212223671841432
0.0,FW_exact,exact,307.0,0.00787210464477539,15.636646679198812,0.017924689848605624,10.0,0.5212215559732937
0.0,FW_exact,exact,308.0,0.007898092269897461,15.636623853142407,0.019909188331899585,10.0,0.5212207951047468
0.0,FW_exact,exact,309.0,0.007925033569335938,15.636596262571558,0.020488484730925904,10.0,0.5212198754190519
0.0,FW_exact,exact,310.0,0.007951021194458008,15.636561668055482,0.026188388432338172,10.0,0.5212187222685161
0.0,FW_exact,exact,311.0,0.007977008819580078,15.636540237622041,0.016817986431515664,10.0,0.5212180079207347
0.0,FW_exact,exact,312.0,0.008002996444702148,15.636504044314878,0.023475717450672562,10.0,0.5212168014771625
0.0,FW_exact,exact,313.0,0.008027076721191406,15.636484367157058,0.018881795081373554,10.0,0.5212161455719019
0.0,FW_exact,exact,314.0,0.008053064346313477,15.636470709850391,0.017557532632311634,10.0,0.5212156903283464
0.0,FW_exact,exact,315.0,0.008079051971435547,15.636459434060818,0.013085450889924743,10.0,0.521215314468694
0.0,FW_exact,exact,316.0,0.008105039596557617,15.636440418127819,0.019403160702035294,10.0,0.5212146806042607
0.0,FW_exact,exact,317.0,0.008129119873046875,15.636413075683457,0.0190032959683073,10.0,0.5212137691894486
0.0,FW_exact,exact,318.0,0.008153200149536133,15.636382783542365,0.021471511887140693,10.0,0.5212127594514121
0.0,FW_exact,exact,319.0,0.008178234100341797,15.63635320901979,0.02266982750788138,10.0,0.521211773633993
0.0,FW_exact,exact,320.0,0.008202075958251953,15.636340831638888,0.01837488432139267,10.0,0.5212113610546296
0.0,FW_exact,exact,321.0,0.008228063583374023,15.636321333136962,0.016040670496012766,10.0,0.5212107111045654
0.0,FW_exact,exact,322.0,0.008254051208496094,15.636298318093385,0.018709021065623332,10.0,0.5212099439364462
0.0,FW_exact,exact,323.0,0.008280038833618164,15.636265015129052,0.02569437151807108,10.0,0.521208833837635
0.0,FW_exact,exact,324.0,0.008304119110107422,15.63625422765785,0.012798834008279414,10.0,0.5212084742552616
0.0,FW_exact,exact,325.0,0.00832819938659668,15.636229117937688,0.018209214787825445,10.0,0.5212076372645896
0.0,FW_exact,exact,326.0,0.008352994918823242,15.636209009071939,0.018684933005658877,10.0,0.5212069669690647
0.0,FW_exact,exact,327.0,0.0083770751953125,15.636190236819116,0.020590477688942954,10.0,0.5212063412273039
0.0,FW_exact,exact,328.0,0.00840306282043457,15.636163383352681,0.020213369904787726,10.0,0.521205446111756
0.0,FW_exact,exact,329.0,0.00842905044555664,15.636143523655482,0.01983041043199485,10.0,0.5212047841218495
0.0,FW_exact,exact,330.0,0.008456230163574219,15.636130510797475,0.015349574438440428,10.0,0.5212043503599159
0.0,FW_exact,exact,331.0,0.008481025695800781,15.636112816999757,0.016399653230529054,10.0,0.5212037605666586
0.0,FW_exact,exact,332.0,0.00850820541381836,15.63607187368174,0.02327039422831234,10.0,0.5212023957893913
0.0,FW_exact,exact,333.0,0.008530855178833008,15.636055078875426,0.01970236929208191,10.0,0.5212018359625142
0.0,FW_exact,exact,334.0,0.008558034896850586,15.636038043663234,0.016091057458156754,10.0,0.5212012681221078
0.0,FW_exact,exact,335.0,0.008584260940551758,15.63601638883279,0.01981099844894274,10.0,0.5212005462944264
0.0,FW_exact,exact,336.0,0.00860905647277832,15.636007662315432,0.01403084077133876,10.0,0.5212002554105144
0.0,FW_exact,exact,337.0,0.008634090423583984,15.635997443292402,0.01245691306811203,10.0,0.5211999147764134
0.0,FW_exact,exact,338.0,0.008658170700073242,15.63597280087623,0.018039214994859165,10.0,0.521199093362541
0.0,FW_exact,exact,339.0,0.008684158325195312,15.635955020379575,0.018761986760720717,10.0,0.5211985006793192
0.0,FW_exact,exact,340.0,0.008710145950317383,15.635927240968106,0.020560482733118945,10.0,0.5211975746989369
0.0,FW_exact,exact,341.0,0.008736133575439453,15.635896530139552,0.023103594758273616,10.0,0.5211965510046518
0.0,FW_exact,exact,342.0,0.008759021759033203,15.635874010406484,0.017242961912666388,10.0,0.5211958003468828
0.0,FW_exact,exact,343.0,0.008783102035522461,15.63585866743618,0.017426386168269303,10.0,0.5211952889145394
0.0,FW_exact,exact,344.0,0.008807897567749023,15.63582374160434,0.023061809831784075,10.0,0.5211941247201447
0.0,FW_exact,exact,345.0,0.008831977844238281,15.635810437935172,0.01732939152062407,10.0,0.5211936812645057
0.0,FW_exact,exact,346.0,0.008858203887939453,15.63579657866444,0.015507074204181848,10.0,0.5211932192888147
0.0,FW_exact,exact,347.0,0.008881092071533203,15.63577771153576,0.015779507105893487,10.0,0.5211925903845253
0.0,FW_exact,exact,348.0,0.00890493392944336,15.635758035810598,0.017296606817646776,10.0,0.52119193452702
0.0,FW_exact,exact,349.0,0.008929967880249023,15.635726987182233,0.024808621064204672,10.0,0.5211908995727411
0.0,FW_exact,exact,350.0,0.008954048156738281,15.63571693028392,0.01235799942978133,10.0,0.5211905643427973
0.0,FW_exact,exact,351.0,0.008980035781860352,15.635699078814898,0.01798431019796709,10.0,0.52118996929383
0.0,FW_exact,exact,352.0,0.00900721549987793,15.63567816750789,0.016614699630915553,10.0,0.521189272250263
0.0,FW_exact,exact,353.0,0.009032249450683594,15.635662207116612,0.019206528897029784,10.0,0.5211887402372204
0.0,FW_exact,exact,354.0,0.009054899215698242,15.63563707401101,0.019554835806209425,10.0,0.5211879024670336
0.0,FW_exact,exact,355.0,0.0090789794921875,15.635621155510304,0.014491633111278546,10.0,0.5211873718503435
0.0,FW_exact,exact,356.0,0.009104251861572266,15.635601040243145,0.018689224816101913,10.0,0.5211867013414382
0.0,FW_exact,exact,357.0,0.00912785530090332,15.635587009864564,0.01666348385356997,10.0,0.5211862336621521
0.0,FW_exact,exact,358.0,0.009154081344604492,15.635559962003931,0.020288209053758166,10.0,0.5211853320667977
0.0,FW_exact,exact,359.0,0.009180068969726562,15.63554147475619,0.020434467088787045,10.0,0.5211847158252063
0.0,FW_exact,exact,360.0,0.009206056594848633,15.635524889502278,0.014792904040135113,10.0,0.5211841629834093
0.0,FW_exact,exact,361.0,0.00923013687133789,15.635509866515376,0.015109955538438413,10.0,0.5211836622171792
0.0,FW_exact,exact,362.0,0.009254217147827148,15.635487058810215,0.020333874109422112,10.0,0.5211829019603405
0.0,FW_exact,exact,363.0,0.009279012680053711,15.635471310052232,0.017656427710429412,10.0,0.5211823770017411
0.0,FW_exact,exact,364.0,0.009303092956542969,15.635451375521896,0.017410954366132714,10.0,0.5211817125173965
0.0,FW_exact,exact,365.0,0.009329080581665039,15.635427464836324,0.01777011431930653,10.0,0.5211809154945442
0.0,FW_exact,exact,366.0,0.00935506820678711,15.635413312947458,0.015670911299075385,10.0,0.5211804437649152
0.0,FW_exact,exact,367.0,0.00938105583190918,15.63539894746118,0.018220495318054475,10.0,0.5211799649153727
0.0,FW_exact,exact,368.0,0.009404182434082031,15.635384004089087,0.01507003509986582,10.0,0.5211794668029696
0.0,FW_exact,exact,369.0,0.009428024291992188,15.635369262007575,0.017081987723061687,10.0,0.5211789754002525
0.0,FW_exact,exact,370.0,0.009453058242797852,15.635349174912301,0.016283974557888214,10.0,0.52117830583041
0.0,FW_exact,exact,371.0,0.009478092193603516,15.635326339235554,0.018638183201003855,10.0,0.5211775446411852
0.0,FW_exact,exact,372.0,0.009504079818725586,15.635310938074815,0.01670285915584202,10.0,0.5211770312691605
0.0,FW_exact,exact,373.0,0.009530067443847656,15.635295333619466,0.018771419231967457,10.0,0.5211765111206489
0.0,FW_exact,exact,374.0,0.009554862976074219,15.635285033175078,0.01250769757612602,10.0,0.5211761677725026
0.0,FW_exact,exact,375.0,0.009578943252563477,15.635272600972444,0.015684694338432337,10.0,0.5211757533657482
0.0,FW_exact,exact,376.0,0.009603023529052734,15.635253367542884,0.0159335855216991,10.0,0.5211751122514294
0.0,FW_exact,exact,377.0,0.0096282958984375,15.635230934071775,0.019740019272589393,10.0,0.5211743644690592
0.0,FW_exact,exact,378.0,0.009651899337768555,15.635202427782696,0.020830460035297094,10.0,0.5211734142594232
0.0,FW_exact,exact,379.0,0.009679079055786133,15.635187570959818,0.01714876592476955,10.0,0.5211729190319939
0.0,FW_exact,exact,380.0,0.00970315933227539,15.635166861007852,0.01653559780778302,10.0,0.5211722287002617
0.0,FW_exact,exact,381.0,0.009727954864501953,15.63514357113196,0.018823536137299257,10.0,0.5211714523710653
0.0,FW_exact,exact,382.0,0.009754180908203125,15.635132413851265,0.01586889722148399,10.0,0.5211710804617088
0.0,FW_exact,exact,383.0,0.009778976440429688,15.63511395024934,0.017904896448866836,10.0,0.5211704650083113
0.0,FW_exact,exact,384.0,0.009804010391235352,15.635100534617726,0.013302337046162904,10.0,0.5211700178205908
0.0,FW_exact,exact,385.0,0.009830236434936523,15.635084287988201,0.015715403269593864,10.0,0.5211694762662734
0.0,FW_exact,exact,386.0,0.009855031967163086,15.635058155961676,0.022756609660524063,10.0,0.5211686051987225
0.0,FW_exact,exact,387.0,0.009881019592285156,15.635049686040963,0.011340595892974648,10.0,0.521168322868032
0.0,FW_exact,exact,388.0,0.009906291961669922,15.635034969106012,0.016327437927641242,10.0,0.5211678323035337
0.0,FW_exact,exact,389.0,0.00993204116821289,15.635017513806726,0.015178005811963047,10.0,0.5211672504602242
0.0,FW_exact,exact,390.0,0.009958267211914062,15.634999937961236,0.016347179919717902,10.0,0.5211666645987079
0.0,FW_exact,exact,391.0,0.009983062744140625,15.634983234824785,0.018185417740996357,10.0,0.5211661078274928
0.0,FW_exact,exact,392.0,0.010009050369262695,15.634976268597434,0.012535574622084766,10.0,0.5211658756199145
0.0,FW_exact,exact,393.0,0.010032176971435547,15.634964905649785,0.014040206756487095,10.0,0.5211654968549928
0.0,FW_exact,exact,394.0,0.010056257247924805,15.634950229849606,0.014935093543686051,10.0,0.5211650076616535
0.0,FW_exact,exact,395.0,0.010081052780151367,15.634919325084466,0.020211585358266504,10.0,0.5211639775028155
0.0,FW_exact,exact,396.0,0.010105133056640625,15.634904947419681,0.01822900969143859,10.0,0.5211634982473227
0.0,FW_exact,exact,397.0,0.010130882263183594,15.63489189822288,0.01408165149910623,10.0,0.521163063274096
0.0,FW_exact,exact,398.0,0.010157108306884766,15.634875037593144,0.0174786953404773,10.0,0.5211625012531048
0.0,FW_exact,exact,399.0,0.010183095932006836,15.63486897556339,0.011693006122804661,10.0,0.5211622991854463
0.0,FW_exact,exact,400.0,0.010209083557128906,15.634861299708021,0.010795412177515118,10.0,0.5211620433236007
0.0,FW_exact,exact,401.0,0.010235071182250977,15.634841983291976,0.01596900360336484,10.0,0.5211613994430658
0.0,FW_exact,exact,402.0,0.010258197784423828,15.634829312436393,0.015835473518238885,10.0,0.5211609770812131
0.0,FW_exact,exact,403.0,0.010282039642333984,15.634808426941564,0.017823878161154383,10.0,0.5211602808980521
0.0,FW_exact,exact,404.0,0.010307073593139648,15.63478775717812,0.01894740337017886,10.0,0.5211595919059373
0.0,FW_exact,exact,405.0,0.010331153869628906,15.63477575756413,0.015148154980993311,10.0,0.5211591919188043
0.0,FW_exact,exact,406.0,0.010356903076171875,15.634764731314544,0.014770600735378281,10.0,0.5211588243771514
0.0,FW_exact,exact,407.0,0.010383129119873047,15.634754466862335,0.012486663828386924,10.0,0.5211584822287445
0.0,FW_exact,exact,408.0,0.010408878326416016,15.634733224907402,0.01674827477385854,10.0,0.5211577741635801
0.0,FW_exact,exact,409.0,0.010435104370117188,15.634721539075686,0.014239014613135481,10.0,0.5211573846358563
0.0,FW_exact,exact,410.0,0.010461091995239258,15.634712310289016,0.014431144614986735,10.0,0.5211570770096339
0.0,FW_exact,exact,411.0,0.010484933853149414,15.634693670534343,0.016836437651004843,10.0,0.5211564556844781
0.0,FW_exact,exact,412.0,0.010509014129638672,15.634676660684582,0.018352501618187134,10.0,0.521155888689486
0.0,FW_exact,exact,413.0,0.010534048080444336,15.634665043800819,0.01237756178975502,10.0,0.5211555014600273
0.0,FW_exact,exact,414.0,0.010557889938354492,15.634646371141859,0.016851429541164364,10.0,0.5211548790380619
0.0,FW_exact,exact,415.0,0.010584115982055664,15.634628392304675,0.018050618984521094,10.0,0.5211542797434892
0.0,FW_exact,exact,416.0,0.010610103607177734,15.634619123853293,0.01463181483101117,10.0,0.5211539707951097
0.0,FW_exact,exact,417.0,0.010636091232299805,15.634608999739905,0.011553625842068982,10.0,0.5211536333246635
0.0,FW_exact,exact,418.0,0.010662078857421875,15.634591998910066,0.016077841405735427,10.0,0.5211530666303356
0.0,FW_exact,exact,419.0,0.010685920715332031,15.63457857489656,0.01630048973300724,10.0,0.5211526191632186
0.0,FW_exact,exact,420.0,0.010710954666137695,15.634564728177303,0.015502242862726945,10.0,0.52115215760591
0.0,FW_exact,exact,421.0,0.010737180709838867,15.634551923208054,0.012996538110838785,10.0,0.5211517307736018
0.0,FW_exact,exact,422.0,0.01076197624206543,15.634529011093084,0.0186713893463466,10.0,0.5211509670364362
0.0,FW_exact,exact,423.0,0.010787010192871094,15.634513559717583,0.01868026118254207,10.0,0.5211504519905861
0.0,FW_exact,exact,424.0,0.01081228256225586,15.634508252127011,0.012028608707309374,10.0,0.5211502750709004
0.0,FW_exact,exact,425.0,0.010834932327270508,15.634500267859343,0.011766712145249159,10.0,0.5211500089286447
0.0,FW_exact,exact,426.0,0.01085805892944336,15.63449073219954,0.01121245019207251,10.0,0.521149691073318
0.0,FW_exact,exact,427.0,0.010883092880249023,15.634470324839272,0.01761898434278031,10.0,0.5211490108279757
0.0,FW_exact,exact,428.0,0.010907173156738281,15.634449683321389,0.020221231352460123,10.0,0.5211483227773797
0.0,FW_exact,exact,429.0,0.01093292236328125,15.634443593108234,0.010497228849828844,10.0,0.5211481197702744
0.0,FW_exact,exact,430.0,0.010959148406982422,15.634429697550742,0.014532885312192434,10.0,0.5211476565850247
0.0,FW_exact,exact,431.0,0.01098489761352539,15.634405253448564,0.017970560237346334,10.0,0.5211468417816189
0.0,FW_exact,exact,432.0,0.011008977890014648,15.634397058644465,0.01115558254008242,10.0,0.5211465686214821
0.0,FW_exact,exact,433.0,0.011033058166503906,15.634381743580793,0.01741310575292232,10.0,0.5211460581193598
0.0,FW_exact,exact,434.0,0.011063098907470703,15.634369882877673,0.014345916083531307,10.0,0.5211456627625891
0.0,FW_exact,exact,435.0,0.011089086532592773,15.63436192972939,0.013395893971505757,10.0,0.5211453976576463
0.0,FW_exact,exact,436.0,0.01111292839050293,15.634347433015543,0.014844689761581265,10.0,0.5211449144338515
0.0,FW_exact,exact,437.0,0.011137962341308594,15.634324616815869,0.01736047169458388,10.0,0.5211441538938623
0.0,FW_exact,exact,438.0,0.011164188385009766,15.634317385015027,0.011198027418927836,10.0,0.5211439128338342
0.0,FW_exact,exact,439.0,0.011189937591552734,15.634309013686018,0.013905166188372675,10.0,0.5211436337895339
0.0,FW_exact,exact,440.0,0.011216163635253906,15.634296586028038,0.01374266735909302,10.0,0.5211432195342679
0.0,FW_exact,exact,441.0,0.011239290237426758,15.634286535184888,0.014101885251665891,10.0,0.521142884506163
0.0,FW_exact,exact,442.0,0.011262893676757812,15.634272662195157,0.013529347221899357,10.0,0.5211424220731719
0.0,FW_exact,exact,443.0,0.011288166046142578,15.634256957008747,0.01545246312101689,10.0,0.5211418985669583
0.0,FW_exact,exact,444.0,0.011313199996948242,15.634234254379571,0.020289685677552072,10.0,0.5211411418126524
0.0,FW_exact,exact,445.0,0.011338949203491211,15.634225428389852,0.014112913862406984,10.0,0.5211408476129951
0.0,FW_exact,exact,446.0,0.011365175247192383,15.63421487235363,0.012663971955555908,10.0,0.521140495745121
0.0,FW_exact,exact,447.0,0.011390924453735352,15.63420423833936,0.014505939849982497,10.0,0.5211401412779787
0.0,FW_exact,exact,448.0,0.01141500473022461,15.634188502057695,0.014411405750044182,10.0,0.5211396167352566
0.0,FW_exact,exact,449.0,0.011438131332397461,15.634171254085222,0.0161954284397563,10.0,0.5211390418028408
0.0,FW_exact,exact,450.0,0.011463165283203125,15.634156545164808,0.01597922616259595,10.0,0.5211385515054936
0.0,FW_exact,exact,451.0,0.011487007141113281,15.634147244770375,0.013564668223024157,10.0,0.5211382414923459
0.0,FW_exact,exact,452.0,0.011512994766235352,15.634134373242167,0.01303116486232625,10.0,0.5211378124414056
0.0,FW_exact,exact,453.0,0.011538982391357422,15.634114434105216,0.017416039132378103,10.0,0.5211371478035072
0.0,FW_exact,exact,454.0,0.011564970016479492,15.634105675368781,0.014059123720535638,10.0,0.5211368558456261
0.0,FW_exact,exact,455.0,0.01158905029296875,15.634093705192594,0.014724074590928282,10.0,0.5211364568397532
0.0,FW_exact,exact,456.0,0.011613130569458008,15.634086698547234,0.010314489636648716,10.0,0.5211362232849078
0.0,FW_exact,exact,457.0,0.011639118194580078,15.634075996664107,0.014552413310587653,10.0,0.5211358665554703
0.0,FW_exact,exact,458.0,0.011663198471069336,15.634060333693858,0.014378003618377377,10.0,0.5211353444564619
0.0,FW_exact,exact,459.0,0.011688947677612305,15.63404308418578,0.016196424499090867,10.0,0.5211347694728593
0.0,FW_exact,exact,460.0,0.011715173721313477,15.634032185977238,0.013751111485527545,10.0,0.5211344061992412
0.0,FW_exact,exact,461.0,0.011741161346435547,15.634022625629061,0.014861495579657102,10.0,0.5211340875209687
0.0,FW_exact,exact,462.0,0.011765003204345703,15.634005734387568,0.014932492735974634,10.0,0.5211335244795856
0.0,FW_exact,exact,463.0,0.011789083480834961,15.6339950418503,0.012746094822766452,10.0,0.5211331680616766
0.0,FW_exact,exact,464.0,0.011813163757324219,15.633980903796491,0.016730130282038402,10.0,0.5211326967932164
0.0,FW_exact,exact,465.0,0.011837959289550781,15.633973016510513,0.011695646479005006,10.0,0.5211324338836838
0.0,FW_exact,exact,466.0,0.011864185333251953,15.63396821721237,0.010403778523523144,10.0,0.5211322739070791
0.0,FW_exact,exact,467.0,0.011890172958374023,15.633956706098,0.013225893284790402,10.0,0.5211318902032667
0.0,FW_exact,exact,468.0,0.011916160583496094,15.633935125936627,0.01688346325520307,10.0,0.5211311708645543
0.0,FW_exact,exact,469.0,0.011942148208618164,15.633927708788327,0.011586543119173953,10.0,0.5211309236262776
0.0,FW_exact,exact,470.0,0.011968135833740234,15.633912133513073,0.015388989860205982,10.0,0.5211304044504358
0.0,FW_exact,exact,471.0,0.01199197769165039,15.633895806264356,0.017981235641819637,10.0,0.5211298602088118
0.0,FW_exact,exact,472.0,0.012015104293823242,15.63389050351846,0.008971758704795718,10.0,0.5211296834506153
0.0,FW_exact,exact,473.0,0.012040138244628906,15.63387634287344,0.013670004462447594,10.0,0.5211292114291147
0.0,FW_exact,exact,474.0,0.012066125869750977,15.63386590533714,0.013457143277255668,10.0,0.521128863511238
0.0,FW_exact,exact,475.0,0.01209115982055664,15.633856899613527,0.014256535311464091,10.0,0.5211285633204509
0.0,FW_exact,exact,476.0,0.012114286422729492,15.633842570651872,0.014759365357923215,10.0,0.5211280856883957
0.0,FW_exact,exact,477.0,0.012137889862060547,15.633831992234159,0.014468459921879173,10.0,0.5211277330744719
0.0,FW_exact,exact,478.0,0.012163162231445312,15.633825286459517,0.011016343336159196,10.0,0.5211275095486506
0.0,FW_exact,exact,479.0,0.01218724250793457,15.633815967230074,0.011898401332793185,10.0,0.5211271989076691
0.0,FW_exact,exact,480.0,0.012212991714477539,15.633794102702849,0.0169949865816168,10.0,0.5211264700900949
0.0,FW_exact,exact,481.0,0.012239217758178711,15.633785452002899,0.014136209343369899,10.0,0.52112618173343
0.0,FW_exact,exact,482.0,0.012264013290405273,15.633776357373765,0.011753984902558301,10.0,0.5211258785791255
0.0,FW_exact,exact,483.0,0.012288093566894531,15.63376490897544,0.014399596920767976,10.0,0.521125496965848
0.0,FW_exact,exact,484.0,0.012310981750488281,15.63376020695119,0.010297898399239003,10.0,0.5211253402317063
0.0,FW_exact,exact,485.0,0.012336254119873047,15.633754762708472,0.009090975691508518,10.0,0.5211251587569491
0.0,FW_exact,exact,486.0,0.012360095977783203,15.633741678193969,0.01313953396790346,10.0,0.5211247226064656
0.0,FW_exact,exact,487.0,0.012386083602905273,15.63373206228334,0.013793737925668736,10.0,0.5211244020761113
0.0,FW_exact,exact,488.0,0.012409210205078125,15.63371715362489,0.015055794324041472,10.0,0.5211239051208296
0.0,FW_exact,exact,489.0,0.012433052062988281,15.633700743841377,0.016880471617131576,10.0,0.5211233581280459
0.0,FW_exact,exact,490.0,0.012458086013793945,15.633688624996022,0.012644531602303388,10.0,0.5211229541665341
0.0,FW_exact,exact,491.0,0.012482166290283203,15.633680356470274,0.012789661525939522,10.0,0.5211226785490092
0.0,FW_exact,exact,492.0,0.012508153915405273,15.63366151564286,0.01692950823012218,10.0,0.5211220505214287
0.0,FW_exact,exact,493.0,0.012531042098999023,15.633655580110437,0.012721717818060085,10.0,0.5211218526703479
0.0,FW_exact,exact,494.0,0.012553930282592773,15.633650183668482,0.011032970141769738,10.0,0.5211216727889494
0.0,FW_exact,exact,495.0,0.012579202651977539,15.63364334945199,0.010886313402760806,10.0,0.521121444981733
0.0,FW_exact,exact,496.0,0.012603044509887695,15.633636549432191,0.011400211318322917,10.0,0.5211212183144064
0.0,FW_exact,exact,497.0,0.012629032135009766,15.633629866732441,0.010073514513551984,10.0,0.521120995557748
0.0,FW_exact,exact,498.0,0.012653112411499023,15.633621584632365,0.012800245258445031,10.0,0.5211207194877455
0.0,FW_exact,exact,499.0,0.012676000595092773,15.633608543562563,0.013117923969549139,10.0,0.5211202847854187
0.0,FW_exact,exact,500.0,0.012701272964477539,15.633594626201997,0.014545905323592123,10.0,0.5211198208733999
0.0,FW_exact,exact,501.0,0.012725114822387695,15.63358181746882,0.015232799559109722,10.0,0.5211193939156273
0.0,FW_exact,exact,502.0,0.012752056121826172,15.633576811595159,0.010625901731222243,10.0,0.5211192270531719
0.0,FW_exact,exact,503.0,0.012778043746948242,15.633570824029448,0.009534606572422888,10.0,0.5211190274676483
0.0,FW_exact,exact,504.0,0.012804031372070312,15.633562225735693,0.013042697752496224,10.0,0.5211187408578565
0.0,FW_exact,exact,505.0,0.012830018997192383,15.633550305831063,0.01254038233221344,10.0,0.5211183435277021
0.0,FW_exact,exact,506.0,0.012856006622314453,15.633536836690745,0.01430942134027724,10.0,0.5211178945563582
0.0,FW_exact,exact,507.0,0.012879133224487305,15.63352092575635,0.016621762457070588,10.0,0.5211173641918784
0.0,FW_exact,exact,508.0,0.012903213500976562,15.633513294579584,0.01228643915584371,10.0,0.5211171098193195
0.0,FW_exact,exact,509.0,0.012928009033203125,15.633502192728436,0.012101701210280424,10.0,0.5211167397576145
0.0,FW_exact,exact,510.0,0.012952089309692383,15.633484724981995,0.016299978172515495,10.0,0.5211161574993999
0.0,FW_exact,exact,511.0,0.012978076934814453,15.633477557712341,0.012717067495986,10.0,0.5211159185904114
0.0,FW_exact,exact,512.0,0.013004064559936523,15.633470489265932,0.011071752934233459,10.0,0.521115682975531
0.0,FW_exact,exact,513.0,0.013030052185058594,15.633465639401999,0.010581581893209346,10.0,0.5211155213134
0.0,FW_exact,exact,514.0,0.013053178787231445,15.633453308361451,0.012755420059262335,10.0,0.521115110278715
0.0,FW_exact,exact,515.0,0.013077020645141602,15.633439881302179,0.014287191237579933,10.0,0.5211146627100727
0.0,FW_exact,exact,516.0,0.013102054595947266,15.633427582665298,0.015602992549263561,10.0,0.5211142527555099
0.0,FW_exact,exact,517.0,0.013126134872436523,15.633419654406154,0.01198029653330579,10.0,0.5211139884802052
0.0,FW_exact,exact,518.0,0.013152122497558594,15.633408765600905,0.012863735428293666,10.0,0.5211136255200302
0.0,FW_exact,exact,519.0,0.013175010681152344,15.633391657791595,0.015029533394384842,10.0,0.5211130552597198
0.0,FW_exact,exact,520.0,0.013200044631958008,15.633386050821418,0.009859663927048956,10.0,0.5211128683607139
0.0,FW_exact,exact,521.0,0.013225078582763672,15.63337935722027,0.012433361690519007,10.0,0.5211126452406757
0.0,FW_exact,exact,522.0,0.01324915885925293,15.633369934690393,0.011964971650462175,10.0,0.5211123311563465
0.0,FW_exact,exact,523.0,0.013275146484375,15.633361580897121,0.012855938112373622,10.0,0.5211120526965707
0.0,FW_exact,exact,524.0,0.013300895690917969,15.633350840810717,0.011902810165331346,10.0,0.5211116946936906
0.0,FW_exact,exact,525.0,0.01332712173461914,15.633338273981165,0.013821287512303826,10.0,0.5211112757993722
0.0,FW_exact,exact,526.0,0.013350248336791992,15.633327082210185,0.01423772574049842,10.0,0.5211109027403394
0.0,FW_exact,exact,527.0,0.013375043869018555,15.63331852995732,0.013893181411093636,10.0,0.521110617665244
0.0,FW_exact,exact,528.0,0.013399124145507812,15.63331187213045,0.010055147146452725,10.0,0.5211103957376817
0.0,FW_exact,exact,529.0,0.01342320442199707,15.633304537377795,0.012045410641707832,10.0,0.5211101512459265
0.0,FW_exact,exact,530.0,0.013448953628540039,15.63329321799891,0.01222029182986617,10.0,0.5211097739332969
0.0,FW_exact,exact,531.0,0.013475179672241211,15.633282319728668,0.013752340897998039,10.0,0.5211094106576223
0.0,FW_exact,exact,532.0,0.013501167297363281,15.633265934010872,0.0157864525638427,10.0,0.5211088644670291
0.0,FW_exact,exact,533.0,0.013525009155273438,15.633257557244749,0.012873761369254666,10.0,0.5211085852414916
0.0,FW_exact,exact,534.0,0.013549089431762695,15.633246139230133,0.012273606040954732,10.0,0.5211082046410044
0.0,FW_exact,exact,535.0,0.013573169708251953,15.633233139536152,0.014057940719995443,10.0,0.5211077713178718
0.0,FW_exact,exact,536.0,0.013597965240478516,15.63322693038662,0.011835917462745371,10.0,0.5211075643462206
0.0,FW_exact,exact,537.0,0.013624191284179688,15.63321655052022,0.013420863249553605,10.0,0.521107218350674
0.0,FW_exact,exact,538.0,0.013650178909301758,15.633209021529211,0.009963130248907603,10.0,0.5211069673843071
0.0,FW_exact,exact,539.0,0.013676166534423828,15.633199906217232,0.011768257777559299,10.0,0.5211066635405744
0.0,FW_exact,exact,540.0,0.013699054718017578,15.633185218027169,0.017054451601637766,10.0,0.521106173934239
0.0,FW_exact,exact,541.0,0.013723134994506836,15.63318075859401,0.008982272422693782,10.0,0.521106025286467
0.0,FW_exact,exact,542.0,0.013746976852416992,15.633170775373575,0.012316709614527355,10.0,0.5211056925124525
0.0,FW_exact,exact,543.0,0.013772010803222656,15.633156873302614,0.013545844499191162,10.0,0.5211052291100872
0.0,FW_exact,exact,544.0,0.013798236846923828,15.633149915669573,0.012676728338863796,10.0,0.5211049971889857
0.0,FW_exact,exact,545.0,0.013823986053466797,15.633143609264035,0.010457575219401605,10.0,0.5211047869754678
0.0,FW_exact,exact,546.0,0.013849020004272461,15.633135404346127,0.011164331817049344,10.0,0.5211045134782043
0.0,FW_exact,exact,547.0,0.013873100280761719,15.633128338349735,0.01262719237122134,10.0,0.5211042779449911
0.0,FW_exact,exact,548.0,0.013896942138671875,15.633120292805549,0.01029990282701121,10.0,0.521104009760185
0.0,FW_exact,exact,549.0,0.013921976089477539,15.633113614295201,0.010071037900896584,10.0,0.5211037871431734
0.0,FW_exact,exact,550.0,0.013946056365966797,15.633100536373746,0.016091054388173376,10.0,0.5211033512124582
0.0,FW_exact,exact,551.0,0.013972043991088867,15.633090999741853,0.013141579201631615,10.0,0.5211030333247284
0.0,FW_exact,exact,552.0,0.013997077941894531,15.63307884792783,0.013591202910772537,10.0,0.521102628264261
0.0,FW_exact,exact,553.0,0.014023303985595703,15.633065751248887,0.01314700194995666,10.0,0.5211021917082962
0.0,FW_exact,exact,554.0,0.014046907424926758,15.633059743572698,0.010206690759991588,10.0,0.5211019914524233
0.0,FW_exact,exact,555.0,0.014070987701416016,15.633055045181717,0.010415247447021159,10.0,0.5211018348393905
0.0,FW_exact,exact,556.0,0.014096260070800781,15.633047525562416,0.01068738205113462,10.0,0.5211015841854139
0.0,FW_exact,exact,557.0,0.014121055603027344,15.633038800028377,0.013139672157715054,10.0,0.5211012933342792
0.0,FW_exact,exact,558.0,0.014147043228149414,15.633029802201424,0.010893544994733162,10.0,0.5211009934067141
0.0,FW_exact,exact,559.0,0.01417398452758789,15.633018102284517,0.013335755615729639,10.0,0.5211006034094839
0.0,FW_exact,exact,560.0,0.014199018478393555,15.633008552022408,0.013151100691372264,10.0,0.5211002850674136
0.0,FW_exact,exact,561.0,0.014222145080566406,15.633001076121893,0.01298884849023807,10.0,0.5211000358707297
0.0,FW_exact,exact,562.0,0.014246225357055664,15.632995336341192,0.009335698929122671,10.0,0.5210998445447064
0.0,FW_exact,exact,563.0,0.01427006721496582,15.632988669541593,0.01148356683641616,10.0,0.5210996223180531
0.0,FW_exact,exact,564.0,0.014295101165771484,15.632978413558607,0.011631640326585924,10.0,0.5210992804519535
0.0,FW_exact,exact,565.0,0.014321088790893555,15.632967347600593,0.012968887428069564,10.0,0.5210989115866864
0.0,FW_exact,exact,566.0,0.014347076416015625,15.632954092319444,0.01516978945890024,10.0,0.5210984697439814
0.0,FW_exact,exact,567.0,0.014372110366821289,15.632947781646626,0.011172338318152342,10.0,0.5210982593882209
0.0,FW_exact,exact,568.0,0.014396190643310547,15.632938608914825,0.010999240952326517,10.0,0.5210979536304942
0.0,FW_exact,exact,569.0,0.014420032501220703,15.632924142680679,0.014831827526498031,10.0,0.5210974714226893
0.0,FW_exact,exact,570.0,0.014445066452026367,15.63291781965638,0.011944400736588534,10.0,0.5210972606552127
0.0,FW_exact,exact,571.0,0.014469146728515625,15.632911533896523,0.010666426803192408,10.0,0.5210970511298841
0.0,FW_exact,exact,572.0,0.014494895935058594,15.632907329938208,0.007988337884913932,10.0,0.5210969109979403
0.0,FW_exact,exact,573.0,0.014521121978759766,15.63290006087749,0.011991773835411834,10.0,0.5210966686959163
0.0,FW_exact,exact,574.0,0.014546871185302734,15.63288938613425,0.011867312757669168,10.0,0.5210963128711417
0.0,FW_exact,exact,575.0,0.014570951461791992,15.63287763371558,0.013365943328974339,10.0,0.5210959211238527
0.0,FW_exact,exact,576.0,0.01459503173828125,15.632868759857129,0.01240816639807285,10.0,0.5210956253285709
0.0,FW_exact,exact,577.0,0.014619112014770508,15.63286252445602,0.01110552917827512,10.0,0.5210954174818673
0.0,FW_exact,exact,578.0,0.014642953872680664,15.63285403153884,0.010583273824813944,10.0,0.521095134384628
0.0,FW_exact,exact,579.0,0.014669179916381836,15.632840941715035,0.014107409460496712,10.0,0.5210946980571678
0.0,FW_exact,exact,580.0,0.014695167541503906,15.632834348412098,0.01219737556544409,10.0,0.5210944782804032
0.0,FW_exact,exact,581.0,0.014721155166625977,15.632830593037355,0.010117796761415221,10.0,0.5210943531012452
0.0,FW_exact,exact,582.0,0.014744997024536133,15.632824964024016,0.009879688165376876,10.0,0.5210941654674672
0.0,FW_exact,exact,583.0,0.014768123626708984,15.63282031219691,0.009427947374135215,10.0,0.5210940104065637
0.0,FW_exact,exact,584.0,0.014792919158935547,15.632814679509032,0.009248309862755377,10.0,0.521093822650301
0.0,FW_exact,exact,585.0,0.014816999435424805,15.632808013461554,0.0114831282849579,10.0,0.5210936004487184
0.0,FW_exact,exact,586.0,0.014843225479125977,15.632798873777991,0.010979608623273407,10.0,0.5210932957925997
0.0,FW_exact,exact,587.0,0.014868974685668945,15.632788486774208,0.012564363675796386,10.0,0.5210929495591403
0.0,FW_exact,exact,588.0,0.014895200729370117,15.632778253715337,0.013614146302524333,10.0,0.5210926084571779
0.0,FW_exact,exact,589.0,0.014919281005859375,15.632773536485855,0.010436380432421899,10.0,0.5210924512161952
0.0,FW_exact,exact,590.0,0.01494288444519043,15.632768022327967,0.008525138774276186,10.0,0.5210922674109323
0.0,FW_exact,exact,591.0,0.014966964721679688,15.632758595914371,0.011968405647859726,10.0,0.5210919531971457
0.0,FW_exact,exact,592.0,0.014992237091064453,15.632750750617669,0.012458793892013986,10.0,0.5210916916872557
0.0,FW_exact,exact,593.0,0.015026092529296875,15.632742766593042,0.011768920867730515,10.0,0.5210914255531014
0.0,FW_exact,exact,594.0,0.015052080154418945,15.63273554976316,0.009754794844448966,10.0,0.5210911849921053
0.0,FW_exact,exact,595.0,0.01507711410522461,15.632722364081884,0.01415928718526338,10.0,0.5210907454693962
0.0,FW_exact,exact,596.0,0.01510310173034668,15.632713521788299,0.014127854277880658,10.0,0.5210904507262766
0.0,FW_exact,exact,597.0,0.01512908935546875,15.632708880095608,0.008970685223683716,10.0,0.5210902960031869
0.0,FW_exact,exact,598.0,0.015153169631958008,15.632704869086526,0.008905211956514947,10.0,0.5210901623028842
0.0,FW_exact,exact,599.0,0.015177011489868164,15.632698315453364,0.00997685970377482,10.0,0.5210899438484454
0.0,FW_exact,exact,600.0,0.015201091766357422,15.632682010769367,0.014673299792871575,10.0,0.5210894003589789
0.0,FW_exact,exact,601.0,0.015226125717163086,15.632676542066493,0.009112695249637426,10.0,0.5210892180688831
0.0,FW_exact,exact,602.0,0.015251874923706055,15.632667366554033,0.013475183765425669,10.0,0.5210889122184678
0.0,FW_exact,exact,603.0,0.01527714729309082,15.632660818951237,0.010886889751580142,10.0,0.5210886939650412
0.0,FW_exact,exact,604.0,0.01530313491821289,15.632652352147796,0.011342090795942283,10.0,0.5210884117382598
0.0,FW_exact,exact,605.0,0.015326976776123047,15.632642550397788,0.01137127415586825,10.0,0.5210880850132596
0.0,FW_exact,exact,606.0,0.015351057052612305,15.632637407595839,0.010897547029527388,10.0,0.521087913586528
0.0,FW_exact,exact,607.0,0.015376091003417969,15.632629892149778,0.011418030426261438,10.0,0.5210876630716592
0.0,FW_exact,exact,608.0,0.015399932861328125,15.632623543242545,0.009819685780207976,10.0,0.5210874514414182
0.0,FW_exact,exact,609.0,0.015426158905029297,15.632616220127618,0.012855723219388437,10.0,0.5210872073375873
0.0,FW_exact,exact,610.0,0.015452146530151367,15.632609498779987,0.009413669546255221,10.0,0.5210869832926662
0.0,FW_exact,exact,611.0,0.015478134155273438,15.632603450150484,0.009584386114864785,10.0,0.5210867816716828
0.0,FW_exact,exact,612.0,0.015501022338867188,15.632592513458418,0.014713638490970737,10.0,0.5210864171152806
0.0,FW_exact,exact,613.0,0.015525102615356445,15.632585378237762,0.011125130160552388,10.0,0.5210861792745921
0.0,FW_exact,exact,614.0,0.015549898147583008,15.632579909472833,0.009112863134099314,10.0,0.5210859969824277
0.0,FW_exact,exact,615.0,0.015573978424072266,15.6325664051217,0.013351476248555372,10.0,0.5210855468373901
0.0,FW_exact,exact,616.0,0.015600204467773438,15.632561870783503,0.008297009511277764,10.0,0.5210853956927834
0.0,FW_exact,exact,617.0,0.015625953674316406,15.63255240030479,0.013690521198249428,10.0,0.5210850800101597
0.0,FW_exact,exact,618.0,0.015652179718017578,15.6325452292334,0.011394218484872098,10.0,0.5210848409744467
0.0,FW_exact,exact,619.0,0.015675067901611328,15.63253627949219,0.011661743898581989,10.0,0.5210845426497397
0.0,FW_exact,exact,620.0,0.015698909759521484,15.632530167800901,0.011743291299158187,10.0,0.5210843389266967
0.0,FW_exact,exact,621.0,0.01572394371032715,15.632521959097062,0.010404926696109484,10.0,0.5210840653032354
0.0,FW_exact,exact,622.0,0.015748023986816406,15.63251553638076,0.00987681478052238,10.0,0.521083851212692
0.0,FW_exact,exact,623.0,0.015774011611938477,15.6325073413075,0.012181716451822311,10.0,0.5210835780435833
0.0,FW_exact,exact,624.0,0.015796899795532227,15.63250182234578,0.010447749132564965,10.0,0.5210833940781927
0.0,FW_exact,exact,625.0,0.015820980072021484,15.63249472399605,0.010384040963476338,10.0,0.521083157466535
0.0,FW_exact,exact,626.0,0.01584625244140625,15.632485410197452,0.011084401052467996,10.0,0.5210828470065817
0.0,FW_exact,exact,627.0,0.015869855880737305,15.632480228233906,0.010939148153358502,10.0,0.5210826742744635
0.0,FW_exact,exact,628.0,0.015896081924438477,15.632470758040078,0.0128195056537308,10.0,0.5210823586013359
0.0,FW_exact,exact,629.0,0.01592230796813965,15.632464351650938,0.009864303140158626,10.0,0.5210821450550313
0.0,FW_exact,exact,630.0,0.01595020294189453,15.632457970970396,0.011234765023766968,10.0,0.5210819323656799
0.0,FW_exact,exact,631.0,0.015975236892700195,15.632448703980673,0.011056527104244651,10.0,0.5210816234660224
0.0,FW_exact,exact,632.0,0.016000986099243164,15.632438447874405,0.012485389875273256,10.0,0.5210812815958135
0.0,FW_exact,exact,633.0,0.016025066375732422,15.63243285245789,0.011235944228069172,10.0,0.5210810950819297
0.0,FW_exact,exact,634.0,0.016048192977905273,15.632425385574031,0.01138130117965197,10.0,0.5210808461858011
0.0,FW_exact,exact,635.0,0.016072988510131836,15.632419661329628,0.00868669413888945,10.0,0.5210806553776542
0.0,FW_exact,exact,636.0,0.016097068786621094,15.632412435889405,0.010476829006259791,10.0,0.5210804145296468
0.0,FW_exact,exact,637.0,0.016123056411743164,15.632401194758634,0.014917615897232395,10.0,0.5210800398252878
0.0,FW_exact,exact,638.0,0.016146183013916016,15.63239754259756,0.007445610851608109,10.0,0.5210799180865854
0.0,FW_exact,exact,639.0,0.016170024871826172,15.632390696863162,0.01113262092892775,10.0,0.5210796898954387
0.0,FW_exact,exact,640.0,0.016195058822631836,15.632383024910103,0.010058682077547232,10.0,0.5210794341636701
0.0,FW_exact,exact,641.0,0.0162200927734375,15.632375095424102,0.010976170919535733,10.0,0.52107916984747
0.0,FW_exact,exact,642.0,0.016245126724243164,15.632367699432109,0.012096799292118376,10.0,0.5210789233144036
0.0,FW_exact,exact,643.0,0.016291141510009766,15.632364601930085,0.008357782405413516,10.0,0.5210788200643361
0.0,FW_exact,exact,644.0,0.01632404327392578,15.63235979366728,0.009130762020694405,10.0,0.5210786597889093
0.0,FW_exact,exact,645.0,0.016353130340576172,15.63235331565577,0.00991950755582316,10.0,0.5210784438551923
0.0,FW_exact,exact,646.0,0.016378164291381836,15.632339580523807,0.01346577254350656,10.0,0.5210779860174602
0.0,FW_exact,exact,647.0,0.016405105590820312,15.6323342834682,0.011060216598448136,10.0,0.52107780944894
0.0,FW_exact,exact,648.0,0.016430139541625977,15.632328576018722,0.00931015483778097,10.0,0.521077619200624
0.0,FW_exact,exact,649.0,0.016456127166748047,15.632321181627665,0.011570787982448039,10.0,0.5210773727209221
0.0,FW_exact,exact,650.0,0.01648092269897461,15.632318294758269,0.008068438182357696,10.0,0.5210772764919424
0.0,FW_exact,exact,651.0,0.01650714874267578,15.632314834439788,0.007247309436156257,10.0,0.521077161147993
0.0,FW_exact,exact,652.0,0.016531944274902344,15.632306616393109,0.010411196109778587,10.0,0.5210768872131036
0.0,FW_exact,exact,653.0,0.0165560245513916,15.632300642377217,0.01087062755693502,10.0,0.5210766880792406
0.0,FW_exact,exact,654.0,0.016581058502197266,15.632291315003688,0.011906000225039293,10.0,0.5210763771667896
0.0,FW_exact,exact,655.0,0.016605854034423828,15.632282264495819,0.01253208664632055,10.0,0.521076075483194
0.0,FW_exact,exact,656.0,0.016631126403808594,15.632274949657745,0.009821594458811589,10.0,0.5210758316552582
0.0,FW_exact,exact,657.0,0.016656160354614258,15.632269879238471,0.010013989640563992,10.0,0.5210756626412824
0.0,FW_exact,exact,658.0,0.01668095588684082,15.632258576590651,0.013108311781820703,10.0,0.521075285886355
0.0,FW_exact,exact,659.0,0.016705989837646484,15.632254342421167,0.009773004161873544,10.0,0.5210751447473723
0.0,FW_exact,exact,660.0,0.01673126220703125,15.63224981761427,0.009048868990378267,10.0,0.5210749939204756
0.0,FW_exact,exact,661.0,0.016754865646362305,15.63224639121465,0.006718871390685166,10.0,0.521074879707155
0.0,FW_exact,exact,662.0,0.016781091690063477,15.632238631219707,0.010858257386216152,10.0,0.5210746210406569
0.0,FW_exact,exact,663.0,0.016805171966552734,15.632230003214149,0.013067004630361367,10.0,0.5210743334404716
0.0,FW_exact,exact,664.0,0.016829967498779297,15.632225594273983,0.008743138383874083,10.0,0.5210741864757994
0.0,FW_exact,exact,665.0,0.01685500144958496,15.63222011975757,0.008495107281682124,10.0,0.5210740039919189
0.0,FW_exact,exact,666.0,0.016880035400390625,15.632208659052763,0.013199892776796673,10.0,0.5210736219684254
0.0,FW_exact,exact,667.0,0.01690506935119629,15.632203770294735,0.01154579946701162,10.0,0.5210734590098245
0.0,FW_exact,exact,668.0,0.016930103302001953,15.632200956101382,0.007966241351725856,10.0,0.5210733652033794
0.0,FW_exact,exact,669.0,0.016955137252807617,15.632198268890654,0.006824273387655566,10.0,0.5210732756296885
0.0,FW_exact,exact,670.0,0.01697993278503418,15.632194748198227,0.008201478383069727,10.0,0.5210731582732743
0.0,FW_exact,exact,671.0,0.017004966735839844,15.632190771315733,0.0077701093567554835,10.0,0.5210730257105244
0.0,FW_exact,exact,672.0,0.017031192779541016,15.632184581538814,0.011065539006372305,10.0,0.5210728193846271
0.0,FW_exact,exact,673.0,0.017056941986083984,15.632177580677974,0.009608326418996782,10.0,0.5210725860225991
0.0,FW_exact,exact,674.0,0.01708221435546875,15.632168871812656,0.01150405765066509,10.0,0.5210722957270886
0.0,FW_exact,exact,675.0,0.01710796356201172,15.632162373446219,0.010846427998203012,10.0,0.521072079114874
0.0,FW_exact,exact,676.0,0.017132997512817383,15.632158739741609,0.009159174437201045,10.0,0.521071957991387
0.0,FW_exact,exact,677.0,0.01715826988220215,15.632154151865203,0.007776046755957111,10.0,0.5210718050621734
0.0,FW_exact,exact,678.0,0.01718306541442871,15.632147268152131,0.010226097386707877,10.0,0.521071575605071
0.0,FW_exact,exact,679.0,0.01720905303955078,15.63214098133061,0.011152092186440754,10.0,0.5210713660443537
0.0,FW_exact,exact,680.0,0.017234086990356445,15.632133790154413,0.01116930581806308,10.0,0.5210711263384804
0.0,FW_exact,exact,681.0,0.0172579288482666,15.632128156485463,0.008617986180672332,10.0,0.5210709385495155
0.0,FW_exact,exact,682.0,0.01728200912475586,15.63211753440666,0.012707104406153746,10.0,0.521070584480222
0.0,FW_exact,exact,683.0,0.017307043075561523,15.632110353745583,0.012730499904920478,10.0,0.5210703451248527
0.0,FW_exact,exact,684.0,0.017333030700683594,15.632106638705288,0.008025129250922802,10.0,0.5210702212901762
0.0,FW_exact,exact,685.0,0.017358064651489258,15.6321033647517,0.00804530248577251,10.0,0.5210701121583899
0.0,FW_exact,exact,686.0,0.017383098602294922,15.632098039942317,0.008992551642457158,10.0,0.5210699346647439
0.0,FW_exact,exact,687.0,0.017408132553100586,15.632084864784991,0.013188375556500986,10.0,0.521069495492833
0.0,FW_exact,exact,688.0,0.017434120178222656,15.632080443573873,0.008193262580443061,10.0,0.5210693481191291
0.0,FW_exact,exact,689.0,0.01745891571044922,15.632073003499581,0.012133201995112586,10.0,0.5210691001166528
0.0,FW_exact,exact,690.0,0.017483949661254883,15.632067994833694,0.009319616100043504,10.0,0.5210689331611231
0.0,FW_exact,exact,691.0,0.01750922203063965,15.632064245095876,0.00754484925585075,10.0,0.5210688081698626
0.0,FW_exact,exact,692.0,0.017534971237182617,15.632054693525612,0.011225969542888237,10.0,0.5210684897841871
0.0,FW_exact,exact,693.0,0.01756000518798828,15.632050669201154,0.009639402878800496,10.0,0.5210683556400385
0.0,FW_exact,exact,694.0,0.017583131790161133,15.63204648522643,0.0087012549262937,10.0,0.5210682161742144
0.0,FW_exact,exact,695.0,0.017608165740966797,15.632037793217767,0.01149310049801322,10.0,0.5210679264405923
0.0,FW_exact,exact,696.0,0.017632007598876953,15.632032423966953,0.011006691876017882,10.0,0.5210677474655651
0.0,FW_exact,exact,697.0,0.017658233642578125,15.632029375833957,0.007425812326054881,10.0,0.5210676458611319
0.0,FW_exact,exact,698.0,0.017681121826171875,15.632025579270925,0.007073111625683026,10.0,0.5210675193090308
0.0,FW_exact,exact,699.0,0.01770496368408203,15.632017978822251,0.010746208087825337,10.0,0.5210672659607417
0.0,FW_exact,exact,700.0,0.017729997634887695,15.632007616712627,0.014322198691585797,10.0,0.5210669205570876
0.0,FW_exact,exact,701.0,0.017754077911376953,15.6320045120995,0.007335751670590085,10.0,0.5210668170699834
0.0,FW_exact,exact,702.0,0.017778873443603516,15.631999956345823,0.00831721735857549,10.0,0.5210666652115274
0.0,FW_exact,exact,703.0,0.017802953720092773,15.631987816943708,0.012658540660716255,10.0,0.5210662605647902
0.0,FW_exact,exact,704.0,0.017826080322265625,15.631983741859415,0.007865772150196904,10.0,0.5210661247286471
0.0,FW_exact,exact,705.0,0.01785111427307129,15.631976009906875,0.012369324735997722,10.0,0.5210658669968958
0.0,FW_exact,exact,706.0,0.017874956130981445,15.631972207207594,0.008119470729361922,10.0,0.5210657402402531
0.0,FW_exact,exact,707.0,0.017901182174682617,15.63196926654103,0.008143575641641476,10.0,0.5210656422180343
0.0,FW_exact,exact,708.0,0.017925024032592773,15.631962903269766,0.009831658416080913,10.0,0.5210654301089922
0.0,FW_exact,exact,709.0,0.017948150634765625,15.631952810771597,0.011540195551267729,10.0,0.5210650936923866
0.0,FW_exact,exact,710.0,0.017972946166992188,15.631949880490872,0.007280789698974388,10.0,0.5210649960163624
0.0,FW_exact,exact,711.0,0.017997026443481445,15.63194294831078,0.010262359286185685,10.0,0.5210647649436927
0.0,FW_exact,exact,712.0,0.018023252487182617,15.631935118456756,0.01244753791769071,10.0,0.5210645039485585
0.0,FW_exact,exact,713.0,0.018045902252197266,15.63193257147648,0.0062171956711392085,10.0,0.521064419049216
0.0,FW_exact,exact,714.0,0.018069028854370117,15.631926025118387,0.00929111017950568,10.0,0.5210642008372796
0.0,FW_exact,exact,715.0,0.01809406280517578,15.631920284666645,0.009978157868342663,10.0,0.5210640094888882
0.0,FW_exact,exact,716.0,0.01811814308166504,15.631914408848901,0.01164979991795434,10.0,0.5210638136282967
0.0,FW_exact,exact,717.0,0.01814413070678711,15.631909801167431,0.008364635578187674,10.0,0.5210636600389144
0.0,FW_exact,exact,718.0,0.01816701889038086,15.631905696617302,0.009622421531554792,10.0,0.5210635232205767
0.0,FW_exact,exact,719.0,0.018191099166870117,15.631901030031647,0.009190040081486828,10.0,0.5210633676677215
0.0,FW_exact,exact,720.0,0.01821589469909668,15.631895716394874,0.008369606398392904,10.0,0.5210631905464959
0.0,FW_exact,exact,721.0,0.018239974975585938,15.631886408635758,0.011894090276122427,10.0,0.5210628802878586
0.0,FW_exact,exact,722.0,0.0182650089263916,15.631878931416574,0.012163728141681318,10.0,0.5210626310472192
0.0,FW_exact,exact,723.0,0.01828908920288086,15.63187521182707,0.0070011258263633636,10.0,0.5210625070609024
0.0,FW_exact,exact,724.0,0.018312931060791016,15.631868047792253,0.010432902767131935,10.0,0.5210622682597418
0.0,FW_exact,exact,725.0,0.018339157104492188,15.631861462601405,0.010688086783614992,10.0,0.5210620487533801
0.0,FW_exact,exact,726.0,0.01836419105529785,15.631857350299825,0.00963155230113344,10.0,0.5210619116766608
0.0,FW_exact,exact,727.0,0.018388986587524414,15.631853063318749,0.00751677528674044,10.0,0.5210617687772916
0.0,FW_exact,exact,728.0,0.018413066864013672,15.631847517723063,0.009177616553849077,10.0,0.5210615839241021
0.0,FW_exact,exact,729.0,0.01844024658203125,15.631839378382258,0.01269159317972779,10.0,0.5210613126127419
0.0,FW_exact,exact,730.0,0.01846599578857422,15.63183556459205,0.008307244554085713,10.0,0.5210611854864017
0.0,FW_exact,exact,731.0,0.01849222183227539,15.631829165612356,0.009859415302917895,10.0,0.5210609721870785
0.0,FW_exact,exact,732.0,0.018517017364501953,15.631820580602023,0.010642261618384552,10.0,0.5210606860200674
0.0,FW_exact,exact,733.0,0.018542051315307617,15.631817766946035,0.008059136090958319,10.0,0.5210605922315346
0.0,FW_exact,exact,734.0,0.01856517791748047,15.6318128112371,0.009270437025412193,10.0,0.5210604270412367
0.0,FW_exact,exact,735.0,0.01858997344970703,15.631807730893048,0.008783794134718192,10.0,0.5210602576964349
0.0,FW_exact,exact,736.0,0.01861405372619629,15.631802260995517,0.010401892204511043,10.0,0.5210600753665172
0.0,FW_exact,exact,737.0,0.018639087677001953,15.631796070023952,0.009035222756242689,10.0,0.5210598690007984
0.0,FW_exact,exact,738.0,0.01866316795349121,15.631788370040315,0.010816772245048512,10.0,0.5210596123346771
0.0,FW_exact,exact,739.0,0.01868605613708496,15.631783446488285,0.009440058371708915,10.0,0.5210594482162761
0.0,FW_exact,exact,740.0,0.018711090087890625,15.631778486242574,0.010579006531541424,10.0,0.5210592828747524
0.0,FW_exact,exact,741.0,0.01873612403869629,15.63177519319968,0.0070703062028663055,10.0,0.521059173106656
0.0,FW_exact,exact,742.0,0.01876211166381836,15.631771034934124,0.009068213208530906,10.0,0.5210590344978041
0.0,FW_exact,exact,743.0,0.01878499984741211,15.63176462253923,0.009195645342945369,10.0,0.5210588207513076
0.0,FW_exact,exact,744.0,0.01880812644958496,15.631757703966398,0.01025251903506863,10.0,0.5210585901322132
0.0,FW_exact,exact,745.0,0.018833160400390625,15.63175050925413,0.011172549407858057,10.0,0.521058350308471
0.0,FW_exact,exact,746.0,0.01885700225830078,15.631746646991433,0.008739229636031354,10.0,0.521058221566381
0.0,FW_exact,exact,747.0,0.01888298988342285,15.631741148801986,0.008514097976854984,10.0,0.5210580382933995
0.0,FW_exact,exact,748.0,0.01890707015991211,15.63173253,0.01144498641932934,10.0,0.5210577510000001
0.0,FW_exact,exact,749.0,0.01893019676208496,15.631728942536892,0.008995555888395401,10.0,0.5210576314178964
0.0,FW_exact,exact,750.0,0.018954992294311523,15.631724792557433,0.008666107968442915,10.0,0.5210574930852477
0.0,FW_exact,exact,751.0,0.01897907257080078,15.631722910804022,0.006589958249394456,10.0,0.5210574303601341
0.0,FW_exact,exact,752.0,0.019005298614501953,15.631719816992627,0.00685294408972581,10.0,0.5210573272330875
0.0,FW_exact,exact,753.0,0.0190279483795166,15.631711528990476,0.010456429452181837,10.0,0.5210570509663491
0.0,FW_exact,exact,754.0,0.01905202865600586,15.63170757669293,0.008278044185434652,10.0,0.5210569192230977
0.0,FW_exact,exact,755.0,0.019077062606811523,15.631703555766736,0.008917127923647072,10.0,0.5210567851922245
0.0,FW_exact,exact,756.0,0.01910114288330078,15.631693645364734,0.012274024614201906,10.0,0.5210564548454911
0.0,FW_exact,exact,757.0,0.019125938415527344,15.631687562965164,0.008955685797156221,10.0,0.5210562520988388
0.0,FW_exact,exact,758.0,0.0191500186920166,15.631683801567988,0.008624314008537581,10.0,0.521056126718933
0.0,FW_exact,exact,759.0,0.01917409896850586,15.631677371507966,0.009883559149630017,10.0,0.5210559123835988
0.0,FW_exact,exact,760.0,0.01920008659362793,15.631672723733175,0.009171711826635232,10.0,0.5210557574577724
0.0,FW_exact,exact,761.0,0.019225120544433594,15.631669095487984,0.009046630821549329,10.0,0.5210556365162662
0.0,FW_exact,exact,762.0,0.019250869750976562,15.631666299487534,0.006514522733571226,10.0,0.5210555433162511
0.0,FW_exact,exact,763.0,0.019276142120361328,15.631660846487836,0.008479095322325492,10.0,0.5210553615495945
0.0,FW_exact,exact,764.0,0.0193021297454834,15.631656163944816,0.009011209287477229,10.0,0.5210552054648272
0.0,FW_exact,exact,765.0,0.01932525634765625,15.631651259936865,0.010642212619913494,10.0,0.5210550419978955
0.0,FW_exact,exact,766.0,0.019349098205566406,15.631647432607167,0.0076230078530006296,10.0,0.5210549144202389
0.0,FW_exact,exact,767.0,0.01937413215637207,15.63164205068071,0.010317987264620854,10.0,0.5210547350226904
0.0,FW_exact,exact,768.0,0.019398212432861328,15.631636075839628,0.008876110724417074,10.0,0.5210545358613209
0.0,FW_exact,exact,769.0,0.019423961639404297,15.631628575822967,0.010675419840705302,10.0,0.5210542858607655
0.0,FW_exact,exact,770.0,0.019448041915893555,15.631623560546013,0.009326249809715748,10.0,0.5210541186848671
0.0,FW_exact,exact,771.0,0.019471168518066406,15.631619679532076,0.008760549746583024,10.0,0.5210539893177358
0.0,FW_exact,exact,772.0,0.01949596405029297,15.631615936961726,0.008456701317225424,10.0,0.5210538645653908
0.0,FW_exact,exact,773.0,0.019520044326782227,15.631612673547629,0.00703854845432339,10.0,0.521053755784921
0.0,FW_exact,exact,774.0,0.019546031951904297,15.63160637045244,0.009117048603400235,10.0,0.521053545681748
0.0,FW_exact,exact,775.0,0.019570112228393555,15.631602707893741,0.007968654348990967,10.0,0.521053423596458
0.0,FW_exact,exact,776.0,0.01959395408630371,15.63159890488225,0.009262183240165811,10.0,0.5210532968294083
0.0,FW_exact,exact,777.0,0.01961803436279297,15.631592805633831,0.00962573998746663,10.0,0.5210530935211277
0.0,FW_exact,exact,778.0,0.019642114639282227,15.631587103343273,0.010621026292913172,10.0,0.5210529034447757
0.0,FW_exact,exact,779.0,0.019668102264404297,15.63158375665714,0.0077816728581936445,10.0,0.5210527918885713
0.0,FW_exact,exact,780.0,0.019691944122314453,15.631578878452528,0.008607332902091258,10.0,0.5210526292817509
0.0,FW_exact,exact,781.0,0.019715070724487305,15.631569004672995,0.011414912115814246,10.0,0.5210523001557665
0.0,FW_exact,exact,782.0,0.01974010467529297,15.631565688354483,0.007095468426914664,10.0,0.5210521896118161
0.0,FW_exact,exact,783.0,0.019763946533203125,15.631559993235358,0.010614367422080662,10.0,0.5210519997745119
0.0,FW_exact,exact,784.0,0.019790172576904297,15.631556393599414,0.007899886662432465,10.0,0.5210518797866471
0.0,FW_exact,exact,785.0,0.019814252853393555,15.631553879715469,0.007529345269638554,10.0,0.5210517959905157
0.0,FW_exact,exact,786.0,0.019837141036987305,15.63154884416758,0.008745236424260838,10.0,0.5210516281389194
0.0,FW_exact,exact,787.0,0.019861936569213867,15.63154057900974,0.010442257146488387,10.0,0.521051352633658
0.0,FW_exact,exact,788.0,0.019886016845703125,15.631538475771682,0.007571180543161304,10.0,0.5210512825257227
0.0,FW_exact,exact,789.0,0.019912242889404297,15.631533589900535,0.008614152949483866,10.0,0.5210511196633512
0.0,FW_exact,exact,790.0,0.019936084747314453,15.631527402673298,0.010584017792771405,10.0,0.5210509134224433
0.0,FW_exact,exact,791.0,0.019958972930908203,15.631524013457565,0.008186294517972925,10.0,0.5210508004485855
0.0,FW_exact,exact,792.0,0.01998424530029297,15.631519167348847,0.008579005915953175,10.0,0.5210506389116282
0.0,FW_exact,exact,793.0,0.020007848739624023,15.631512894441157,0.009095289164019249,10.0,0.5210504298147052
0.0,FW_exact,exact,794.0,0.020034074783325195,15.631509968944473,0.008218079794904298,10.0,0.5210503322981491
0.0,FW_exact,exact,795.0,0.020057201385498047,15.631505783775875,0.00851886161466986,10.0,0.5210501927925292
0.0,FW_exact,exact,796.0,0.020081281661987305,15.631501858241883,0.007720433667762094,10.0,0.5210500619413961
0.0,FW_exact,exact,797.0,0.02010488510131836,15.63149657728849,0.010916245127521762,10.0,0.5210498859096163
0.0,FW_exact,exact,798.0,0.020130157470703125,15.631492662739813,0.007182876577243036,10.0,0.5210497554246605
0.0,FW_exact,exact,799.0,0.02015519142150879,15.631488822184924,0.007636339937821646,10.0,0.5210496274061641
0.0,FW_exact,exact,800.0,0.020179033279418945,15.631481820171276,0.011770863759629435,10.0,0.5210493940057092
0.0,FW_exact,exact,801.0,0.020201921463012695,15.631477225151457,0.008926693362779403,10.0,0.5210492408383819
0.0,FW_exact,exact,802.0,0.02022719383239746,15.631473715782208,0.007299353603755776,10.0,0.5210491238594069
0.0,FW_exact,exact,803.0,0.020251035690307617,15.63146506769938,0.01068192323245043,10.0,0.5210488355899794
0.0,FW_exact,exact,804.0,0.020277023315429688,15.631462832209913,0.006647513163168028,10.0,0.5210487610736637
0.0,FW_exact,exact,805.0,0.020301103591918945,15.631456296831681,0.00996456812258728,10.0,0.5210485432277226
0.0,FW_exact,exact,806.0,0.020324230194091797,15.631450004289487,0.010673911969556471,10.0,0.5210483334763162
0.0,FW_exact,exact,807.0,0.02034926414489746,15.631446882004928,0.008391858590059087,10.0,0.5210482294001643
0.0,FW_exact,exact,808.0,0.020373106002807617,15.631443692892443,0.0069580412175156425,10.0,0.5210481230964148
0.0,FW_exact,exact,809.0,0.020399093627929688,15.631438009925956,0.008656566782539343,10.0,0.5210479336641985
0.0,FW_exact,exact,810.0,0.02042222023010254,15.63143401033194,0.008893663844895983,10.0,0.521047800344398
0.0,FW_exact,exact,811.0,0.020446062088012695,15.631427649124221,0.009830755687829651,10.0,0.5210475883041407
0.0,FW_exact,exact,812.0,0.02047109603881836,15.631422694713015,0.009269639320679701,10.0,0.5210474231571005
0.0,FW_exact,exact,813.0,0.020495176315307617,15.631418001416389,0.007865863948664398,10.0,0.5210472667138796
0.0,FW_exact,exact,814.0,0.020520925521850586,15.631414002424622,0.009609520535708072,10.0,0.5210471334141541
0.0,FW_exact,exact,815.0,0.020545005798339844,15.631410589228684,0.007198604823658528,10.0,0.5210470196409561
0.0,FW_exact,exact,816.0,0.020568132400512695,15.631406502234015,0.008990425466821605,10.0,0.5210468834078005
0.0,FW_exact,exact,817.0,0.02059316635131836,15.63140296061911,0.008005446440453312,10.0,0.5210467653539703
0.0,FW_exact,exact,818.0,0.020617008209228516,15.63139886134513,0.007889715861681523,10.0,0.5210466287115043
0.0,FW_exact,exact,819.0,0.020642995834350586,15.631390775044068,0.010328711813293978,10.0,0.5210463591681356
0.0,FW_exact,exact,820.0,0.020667076110839844,15.631388675186097,0.006881149175514523,10.0,0.5210462891728699
0.0,FW_exact,exact,821.0,0.020690202713012695,15.63138400923928,0.008417997937886668,10.0,0.5210461336413094
0.0,FW_exact,exact,822.0,0.020718097686767578,15.63137877924222,0.009524286968277451,10.0,0.5210459593080741
0.0,FW_exact,exact,823.0,0.020743131637573242,15.631373362805181,0.010351331517640006,10.0,0.5210457787601727
0.0,FW_exact,exact,824.0,0.020767927169799805,15.631369822148987,0.006831001245181767,10.0,0.5210456607382995
0.0,FW_exact,exact,825.0,0.020794153213500977,15.631361945509202,0.010940942545378363,10.0,0.52104539818364
0.0,FW_exact,exact,826.0,0.020818233489990234,15.631359337570482,0.00766913115336898,10.0,0.5210453112523494
0.0,FW_exact,exact,827.0,0.020840883255004883,15.63135523980163,0.00861172155762091,10.0,0.5210451746600543
0.0,FW_exact,exact,828.0,0.02086496353149414,15.631352962399141,0.005879162735753951,10.0,0.5210450987466381
0.0,FW_exact,exact,829.0,0.0208890438079834,15.63134886304453,0.009004074584289867,10.0,0.5210449621014843
0.0,FW_exact,exact,830.0,0.020914077758789062,15.631342976799344,0.008810360666149819,10.0,0.5210447658933115
0.0,FW_exact,exact,831.0,0.020939111709594727,15.631336422417194,0.009979222048322356,10.0,0.5210445474139065
0.0,FW_exact,exact,832.0,0.020963191986083984,15.631332410354808,0.008340819017842449,10.0,0.5210444136784936
0.0,FW_exact,exact,833.0,0.020986080169677734,15.63132902592214,0.008180672673955058,10.0,0.5210443008640714
0.0,FW_exact,exact,834.0,0.021010875701904297,15.631324535167538,0.007694173052064102,10.0,0.5210441511722512
0.0,FW_exact,exact,835.0,0.021036148071289062,15.631317676446285,0.010208608536069974,10.0,0.5210439225482095
0.0,FW_exact,exact,836.0,0.021062135696411133,15.631314231147845,0.00881569906960955,10.0,0.5210438077049282
0.0,FW_exact,exact,837.0,0.021085262298583984,15.631311029456759,0.007611322287731426,10.0,0.521043700981892
0.0,FW_exact,exact,838.0,0.02110910415649414,15.631309199109372,0.006499504322260208,10.0,0.5210436399703124
0.0,FW_exact,exact,839.0,0.0211331844329834,15.631306546484103,0.00634545628644112,10.0,0.5210435515494701
0.0,FW_exact,exact,840.0,0.021158218383789062,15.631299645506633,0.0095407102066698,10.0,0.5210433215168878
0.0,FW_exact,exact,841.0,0.02118396759033203,15.631295992145185,0.007958915457638938,10.0,0.5210431997381728
0.0,FW_exact,exact,842.0,0.021207094192504883,15.631292943708385,0.007763685904306428,10.0,0.5210430981236128
0.0,FW_exact,exact,843.0,0.02123117446899414,15.631284865876008,0.011080108442953929,10.0,0.5210428288625336
0.0,FW_exact,exact,844.0,0.021256208419799805,15.631279785618634,0.008184277466288137,10.0,0.5210426595206211
0.0,FW_exact,exact,845.0,0.02128005027770996,15.631276712110598,0.007795583876097467,10.0,0.5210425570703533
0.0,FW_exact,exact,846.0,0.02130603790283203,15.631271390824342,0.008990552460252488,10.0,0.5210423796941447
0.0,FW_exact,exact,847.0,0.02133011817932129,15.631267659338448,0.008217551900679965,10.0,0.5210422553112816
0.0,FW_exact,exact,848.0,0.021353960037231445,15.631264648588571,0.008240630723797437,10.0,0.5210421549529524
0.0,FW_exact,exact,849.0,0.021378040313720703,15.63126237292334,0.005876988399576177,10.0,0.5210420790974447
0.0,FW_exact,exact,850.0,0.02140212059020996,15.6312578879474,0.007689293122350449,10.0,0.5210419295982467
0.0,FW_exact,exact,851.0,0.02142786979675293,15.631253993031828,0.008218104701271045,10.0,0.5210417997677276
0.0,FW_exact,exact,852.0,0.021451950073242188,15.631249693296304,0.00996476053676254,10.0,0.5210416564432101
0.0,FW_exact,exact,853.0,0.021476030349731445,15.6312465129031,0.006948694750633422,10.0,0.5210415504301034
0.0,FW_exact,exact,854.0,0.021500110626220703,15.631242177220448,0.009260320365317654,10.0,0.5210414059073483
0.0,FW_exact,exact,855.0,0.021524906158447266,15.631237150492426,0.008141044811518228,10.0,0.5210412383497476
0.0,FW_exact,exact,856.0,0.02155017852783203,15.631230968028214,0.00969172820883557,10.0,0.5210410322676071
0.0,FW_exact,exact,857.0,0.02157425880432129,15.631226752279003,0.008550234277491242,10.0,0.5210408917426335
0.0,FW_exact,exact,858.0,0.021597862243652344,15.631223538394304,0.007971805411367328,10.0,0.5210407846131434
0.0,FW_exact,exact,859.0,0.0216219425201416,15.631219183444673,0.007576926621835511,10.0,0.5210406394481557
0.0,FW_exact,exact,860.0,0.021647214889526367,15.631212517253523,0.010064254857102384,10.0,0.5210404172417841
0.0,FW_exact,exact,861.0,0.021676063537597656,15.631209301001526,0.008517476292219328,10.0,0.5210403100333842
0.0,FW_exact,exact,862.0,0.02170109748840332,15.631205174385636,0.008642152683838944,10.0,0.5210401724795212
0.0,FW_exact,exact,863.0,0.02172708511352539,15.631202693611161,0.006136384108529569,10.0,0.5210400897870388
0.0,FW_exact,exact,864.0,0.02174997329711914,15.631199092831102,0.008438424971416225,10.0,0.5210399697610367
0.0,FW_exact,exact,865.0,0.0217740535736084,15.631193741221901,0.008400392330761619,10.0,0.5210397913740634
0.0,FW_exact,exact,866.0,0.021799087524414062,15.631187871670651,0.009443024864319582,10.0,0.521039595722355
0.0,FW_exact,exact,867.0,0.02182292938232422,15.63118408883241,0.008098956579825511,10.0,0.5210394696277469
0.0,FW_exact,exact,868.0,0.02184915542602539,15.631181818711898,0.00786619313496928,10.0,0.5210393939570632
0.0,FW_exact,exact,869.0,0.02187204360961914,15.631179107385336,0.007197299471448204,10.0,0.5210393035795112
0.0,FW_exact,exact,870.0,0.0218961238861084,15.631177618506577,0.0057937792694087165,10.0,0.5210392539502192
0.0,FW_exact,exact,871.0,0.021921157836914062,15.631175104654202,0.006177214647330231,10.0,0.5210391701551401
0.0,FW_exact,exact,872.0,0.02194499969482422,15.63117163644374,0.008281521583649365,10.0,0.5210390545481247
0.0,FW_exact,exact,873.0,0.02197098731994629,15.631167359256162,0.007508956751745899,10.0,0.5210389119752054
0.0,FW_exact,exact,874.0,0.02199411392211914,15.631162246289534,0.008812733403416928,10.0,0.5210387415429845
0.0,FW_exact,exact,875.0,0.022017955780029297,15.631156927457395,0.009812766938392059,10.0,0.5210385642485799
0.0,FW_exact,exact,876.0,0.022043228149414062,15.63115526410109,0.005733752236869449,10.0,0.5210385088033697
0.0,FW_exact,exact,877.0,0.02206707000732422,15.631152009830368,0.00702909911870897,10.0,0.5210384003276789
0.0,FW_exact,exact,878.0,0.022092103958129883,15.63114647338044,0.008544480335743287,10.0,0.521038215779348
0.0,FW_exact,exact,879.0,0.02211618423461914,15.631142525181954,0.008274286035794276,10.0,0.5210380841727318
0.0,FW_exact,exact,880.0,0.0221402645111084,15.631139544066007,0.008296154937212918,10.0,0.5210379848022002
0.0,FW_exact,exact,881.0,0.022163867950439453,15.631135991381985,0.0073446324900316995,10.0,0.5210378663793995
0.0,FW_exact,exact,882.0,0.02218794822692871,15.631132799408402,0.008485300958779973,10.0,0.52103775998028
0.0,FW_exact,exact,883.0,0.022214174270629883,15.63112899341565,0.007082864210108397,10.0,0.521037633113855
0.0,FW_exact,exact,884.0,0.02223801612854004,15.63112595082803,0.007262778365287659,10.0,0.5210375316942677
0.0,FW_exact,exact,885.0,0.02226090431213379,15.63112170816463,0.008026955824892212,10.0,0.5210373902721543
0.0,FW_exact,exact,886.0,0.022286176681518555,15.631114193554378,0.012195084678495505,10.0,0.521037139785146
0.0,FW_exact,exact,887.0,0.022310256958007812,15.631110899812134,0.006588527921117304,10.0,0.5210370299937378
0.0,FW_exact,exact,888.0,0.02233600616455078,15.631104070006367,0.01018732463545291,10.0,0.5210368023335455
0.0,FW_exact,exact,889.0,0.02236008644104004,15.631100652234831,0.007864373793712076,10.0,0.5210366884078277
0.0,FW_exact,exact,890.0,0.02238321304321289,15.631098663369833,0.006696883475331816,10.0,0.5210366221123278
0.0,FW_exact,exact,891.0,0.022408246994018555,15.631096825689259,0.0052809377249651845,10.0,0.5210365608563087
0.0,FW_exact,exact,892.0,0.02243208885192871,15.631093259580986,0.008397755418135588,10.0,0.5210364419860328
0.0,FW_exact,exact,893.0,0.022457122802734375,15.631088242743374,0.008133205897999929,10.0,0.5210362747581124
0.0,FW_exact,exact,894.0,0.022481203079223633,15.631082602425051,0.009256693194855004,10.0,0.5210360867475017
0.0,FW_exact,exact,895.0,0.02250385284423828,15.63107740467315,0.009495179048393254,10.0,0.5210359134891049
0.0,FW_exact,exact,896.0,0.022529125213623047,15.631074323588571,0.007805353952912597,10.0,0.5210358107862857
0.0,FW_exact,exact,897.0,0.022553205490112305,15.631070000422769,0.007549365896267091,10.0,0.521035666680759
0.0,FW_exact,exact,898.0,0.022578954696655273,15.631063270731307,0.01011233847358639,10.0,0.5210354423577103
0.0,FW_exact,exact,899.0,0.02260303497314453,15.631060866021073,0.007364251480060702,10.0,0.5210353622007025
0.0,FW_exact,exact,900.0,0.02262711524963379,15.631058144015416,0.007017761082963148,10.0,0.5210352714671805
0.0,FW_exact,exact,901.0,0.022651195526123047,15.63105641920408,0.005116108157199761,10.0,0.5210352139734693
0.0,FW_exact,exact,902.0,0.022675037384033203,15.631053027622114,0.008189544512299918,10.0,0.5210351009207371
0.0,FW_exact,exact,903.0,0.022701025009155273,15.631048197106454,0.00798061003887085,10.0,0.5210349399035484
0.0,FW_exact,exact,904.0,0.022724151611328125,15.631042795722237,0.009058317626234214,10.0,0.5210347598574079
0.0,FW_exact,exact,905.0,0.022748231887817383,15.631038745488771,0.008380725083341645,10.0,0.5210346248496257
0.0,FW_exact,exact,906.0,0.02277207374572754,15.631036009649032,0.007947371779836843,10.0,0.5210345336549678
0.0,FW_exact,exact,907.0,0.022796154022216797,15.631030594380677,0.00845048055769304,10.0,0.5210343531460225
0.0,FW_exact,exact,908.0,0.022822141647338867,15.631027104978676,0.007278967108531376,10.0,0.5210342368326225
0.0,FW_exact,exact,909.0,0.02284526824951172,15.631022332826767,0.009715922451620784,10.0,0.5210340777608923
0.0,FW_exact,exact,910.0,0.022867918014526367,15.631019835673614,0.006579227879017324,10.0,0.5210339945224538
0.0,FW_exact,exact,911.0,0.022893190383911133,15.631017181796139,0.005913515612023801,10.0,0.5210339060598713
0.0,FW_exact,exact,912.0,0.02291703224182129,15.631011135592157,0.009584473531985438,10.0,0.5210337045197385
0.0,FW_exact,exact,913.0,0.02294301986694336,15.631007397982001,0.00918261262945208,10.0,0.5210335799327334
0.0,FW_exact,exact,914.0,0.02296614646911621,15.63100432509773,0.007456771075611712,10.0,0.5210334775032577
0.0,FW_exact,exact,915.0,0.02298903465270996,15.631002088379137,0.005826642020403838,10.0,0.5210334029459712
0.0,FW_exact,exact,916.0,0.023014068603515625,15.630998409939917,0.008529187969108065,10.0,0.5210332803313306
0.0,FW_exact,exact,917.0,0.02303791046142578,15.63099358579791,0.007975403040866524,10.0,0.521033119526597
0.0,FW_exact,exact,918.0,0.023064136505126953,15.630987985594865,0.009223791551715266,10.0,0.5210329328531622
0.0,FW_exact,exact,919.0,0.023089170455932617,15.630984905124148,0.007308009741240795,10.0,0.5210328301708049
0.0,FW_exact,exact,920.0,0.02311396598815918,15.63098205968069,0.007500780483869818,10.0,0.5210327353226897
0.0,FW_exact,exact,921.0,0.023138046264648438,15.630978322344024,0.007018782077791386,10.0,0.5210326107448008
0.0,FW_exact,exact,922.0,0.023162126541137695,15.630972647269683,0.009285338954178712,10.0,0.5210324215756561
0.0,FW_exact,exact,923.0,0.023187875747680664,15.630969795743878,0.008019820078740025,10.0,0.5210323265247959
0.0,FW_exact,exact,924.0,0.023211002349853516,15.630966771287486,0.007397761810802095,10.0,0.5210322257095829
0.0,FW_exact,exact,925.0,0.023235082626342773,15.630965273769496,0.005878805558221956,10.0,0.5210321757923165
0.0,FW_exact,exact,926.0,0.02325916290283203,15.630962925168225,0.005970734892652985,10.0,0.5210320975056075
0.0,FW_exact,exact,927.0,0.023283004760742188,15.630957098048466,0.008766455088625946,10.0,0.5210319032682822
0.0,FW_exact,exact,928.0,0.023308992385864258,15.63095425363904,0.007022210736579382,10.0,0.5210318084546347
0.0,FW_exact,exact,929.0,0.02333211898803711,15.630951659765293,0.007161307556978969,10.0,0.5210317219921764
0.0,FW_exact,exact,930.0,0.023356199264526367,15.630944879313443,0.01015061349469093,10.0,0.5210314959771147
0.0,FW_exact,exact,931.0,0.023380041122436523,15.630940680213326,0.007440274939753522,10.0,0.5210313560071109
0.0,FW_exact,exact,932.0,0.02340412139892578,15.630938101997156,0.007139654863824063,10.0,0.5210312700665719
0.0,FW_exact,exact,933.0,0.02343010902404785,15.630933674000097,0.008200794538327116,10.0,0.5210311224666699
0.0,FW_exact,exact,934.0,0.023453235626220703,15.630930359147195,0.007745103353268945,10.0,0.5210310119715732
0.0,FW_exact,exact,935.0,0.02347707748413086,15.630927762648415,0.007652573665245299,10.0,0.5210309254216139
0.0,FW_exact,exact,936.0,0.023501157760620117,15.630925765151188,0.005506070802873353,10.0,0.521030858838373
0.0,FW_exact,exact,937.0,0.023525238037109375,15.630921962778693,0.0070797138060179066,10.0,0.5210307320926231
0.0,FW_exact,exact,938.0,0.023550987243652344,15.63091877040881,0.007439728452057537,10.0,0.5210306256802937
0.0,FW_exact,exact,939.0,0.023574113845825195,15.63091520525557,0.009073277067404462,10.0,0.5210305068418524
0.0,FW_exact,exact,940.0,0.023597002029418945,15.63091253201044,0.006370422988146274,10.0,0.5210304177336813
0.0,FW_exact,exact,941.0,0.02362227439880371,15.630908860381352,0.00852135941429566,10.0,0.5210302953460451
0.0,FW_exact,exact,942.0,0.023645877838134766,15.63090467019344,0.007432406841688888,10.0,0.5210301556731146
0.0,FW_exact,exact,943.0,0.02367115020751953,15.630899475756653,0.008883056567654535,10.0,0.5210299825252218
0.0,FW_exact,exact,944.0,0.02369403839111328,15.630896037322742,0.007888309509043623,10.0,0.5210298679107581
0.0,FW_exact,exact,945.0,0.02371811866760254,15.630894287262693,0.005881535365661605,10.0,0.5210298095754231
0.0,FW_exact,exact,946.0,0.0237429141998291,15.630891681699191,0.006289212356589857,10.0,0.5210297227233064
0.0,FW_exact,exact,947.0,0.02376699447631836,15.63088652362388,0.0082472921263399,10.0,0.5210295507874627
0.0,FW_exact,exact,948.0,0.023792028427124023,15.630883466027795,0.007280888098101457,10.0,0.5210294488675932
0.0,FW_exact,exact,949.0,0.023815155029296875,15.630880528595211,0.008139879643072945,10.0,0.5210293509531737
0.0,FW_exact,exact,950.0,0.02383899688720703,15.630875603312782,0.008649615394789478,10.0,0.5210291867770928
0.0,FW_exact,exact,951.0,0.023864030838012695,15.63087136431254,0.009156736744763805,10.0,0.5210290454770846
0.0,FW_exact,exact,952.0,0.023888111114501953,15.630868342218172,0.006310958250569598,10.0,0.5210289447406057
0.0,FW_exact,exact,953.0,0.023912906646728516,15.630863581302947,0.008503913162678955,10.0,0.5210287860434316
0.0,FW_exact,exact,954.0,0.023936986923217773,15.630859867919868,0.00802449251040116,10.0,0.5210286622639956
0.0,FW_exact,exact,955.0,0.023960113525390625,15.630857387401365,0.007003035659261414,10.0,0.5210285795800454
0.0,FW_exact,exact,956.0,0.02398514747619629,15.63085390906662,0.006771084416110185,10.0,0.521028463635554
0.0,FW_exact,exact,957.0,0.024008989334106445,15.630848581435712,0.008996418373872217,10.0,0.5210282860478571
0.0,FW_exact,exact,958.0,0.02403402328491211,15.630846323968699,0.007844420266980734,10.0,0.5210282107989567
0.0,FW_exact,exact,959.0,0.024058103561401367,15.630844288535972,0.006775030785147962,10.0,0.521028142951199
0.0,FW_exact,exact,960.0,0.02408123016357422,15.63084224688897,0.006077285512297692,10.0,0.521028074896299
0.0,FW_exact,exact,961.0,0.02410602569580078,15.630839251984726,0.00674319702999604,10.0,0.5210279750661575
0.0,FW_exact,exact,962.0,0.02413010597229004,15.630834825241676,0.0076396439917711945,10.0,0.5210278275080559
0.0,FW_exact,exact,963.0,0.02415609359741211,15.630832491097364,0.006793144191540534,10.0,0.5210277497032455
0.0,FW_exact,exact,964.0,0.02417898178100586,15.630828116763668,0.00815100983171746,10.0,0.5210276038921223
0.0,FW_exact,exact,965.0,0.02420210838317871,15.630824333526572,0.008099720326834259,10.0,0.5210274777842191
0.0,FW_exact,exact,966.0,0.024227142333984375,15.630821920222633,0.007377563570567958,10.0,0.5210273973407544
0.0,FW_exact,exact,967.0,0.024251222610473633,15.630819748014694,0.006441861371513369,10.0,0.5210273249338232
0.0,FW_exact,exact,968.0,0.0242769718170166,15.630818581728299,0.004800900484779547,10.0,0.52102728605761
0.0,FW_exact,exact,969.0,0.024300098419189453,15.630815600057163,0.006728290757703093,10.0,0.5210271866685721
0.0,FW_exact,exact,970.0,0.02432417869567871,15.630811057967708,0.007738679989556019,10.0,0.5210270352655902
0.0,FW_exact,exact,971.0,0.02434825897216797,15.630807220471223,0.00815766742595514,10.0,0.5210269073490408
0.0,FW_exact,exact,972.0,0.024372100830078125,15.630805157108624,0.006901370363776138,10.0,0.5210268385702874
0.0,FW_exact,exact,973.0,0.02439594268798828,15.630802194449469,0.006706798576765038,10.0,0.5210267398149823
0.0,FW_exact,exact,974.0,0.02442002296447754,15.630799281554218,0.007589371765513775,10.0,0.5210266427184739
0.0,FW_exact,exact,975.0,0.02444601058959961,15.630795253664733,0.007287006171807775,10.0,0.5210265084554911
0.0,FW_exact,exact,976.0,0.024471044540405273,15.630790687198175,0.008328328985840017,10.0,0.5210263562399392
0.0,FW_exact,exact,977.0,0.02449512481689453,15.630785450615077,0.009736918367574177,10.0,0.5210261816871692
0.0,FW_exact,exact,978.0,0.0245208740234375,15.630784075941326,0.005567221949158707,10.0,0.5210261358647109
0.0,FW_exact,exact,979.0,0.02454400062561035,15.63078190276324,0.005743388059601173,10.0,0.5210260634254413
0.0,FW_exact,exact,980.0,0.024567127227783203,15.630778885143217,0.0077247157290116775,10.0,0.5210259628381072
0.0,FW_exact,exact,981.0,0.024592161178588867,15.630774776172839,0.007360088363478567,10.0,0.521025825872428
0.0,FW_exact,exact,982.0,0.024616003036499023,15.630770085607066,0.008440884423839279,10.0,0.5210256695202355
0.0,FW_exact,exact,983.0,0.024641990661621094,15.630766154579291,0.00825661558782187,10.0,0.5210255384859763
0.0,FW_exact,exact,984.0,0.024665117263793945,15.63076362954825,0.007065702263707507,10.0,0.521025454318275
0.0,FW_exact,exact,985.0,0.024689197540283203,15.630760129419654,0.006792382316071155,10.0,0.5210253376473218
0.0,FW_exact,exact,986.0,0.024713993072509766,15.630754706360872,0.009076840310303425,10.0,0.5210251568786958
0.0,FW_exact,exact,987.0,0.024738073348999023,15.630752572648001,0.0069368235096440856,10.0,0.5210250857549333
0.0,FW_exact,exact,988.0,0.024764060974121094,15.63074985711415,0.007009646035166739,10.0,0.5210249952371383
0.0,FW_exact,exact,989.0,0.024790048599243164,15.630748217726898,0.004987926016941202,10.0,0.5210249405908967
0.0,FW_exact,exact,990.0,0.024816036224365234,15.63074538144546,0.007488865158070013,10.0,0.521024846048182
0.0,FW_exact,exact,991.0,0.024839162826538086,15.630741288284241,0.007345937405613512,10.0,0.5210247096094747
0.0,FW_exact,exact,992.0,0.024863004684448242,15.630736737055543,0.008314465861527509,10.0,0.5210245579018514
0.0,FW_exact,exact,993.0,0.0248870849609375,15.630733612181253,0.00736075020564364,10.0,0.5210244537393751
0.0,FW_exact,exact,994.0,0.024911165237426758,15.630730954464024,0.0078332100720786,10.0,0.5210243651488008
0.0,FW_exact,exact,995.0,0.024936914443969727,15.630726348520858,0.007793050517580724,10.0,0.5210242116173619
0.0,FW_exact,exact,996.0,0.024960041046142578,15.630723393378611,0.006698346955497314,10.0,0.5210241131126204
0.0,FW_exact,exact,997.0,0.024984121322631836,15.630719582727354,0.008681493100656468,10.0,0.5210239860909118
0.0,FW_exact,exact,998.0,0.025008201599121094,15.630717408461939,0.006139057943849835,10.0,0.5210239136153979
0.0,FW_exact,exact,999.0,0.02503228187561035,15.630715154299141,0.005449884844708208,10.0,0.521023838476638
0.0,AFW_diminishing,diminishing,0.0,3.314018249511719e-05,20.02424955274294,10.73971096916316,1.0,0.6674749850914313
0.0,AFW_diminishing,diminishing,1.0,6.628036499023438e-05,17.296768766446505,13.35841380448009,2.0,0.5765589588815502
0.0,AFW_diminishing,diminishing,2.0,9.512901306152344e-05,16.440945159427507,5.045837086893256,3.0,0.5480315053142503
0.0,AFW_diminishing,diminishing,3.0,0.00012111663818359375,15.954963627191418,4.010807507181493,4.0,0.5318321209063807
0.0,AFW_diminishing,diminishing,4.0,0.0001480579376220703,15.888069921669691,2.3971736597184385,5.0,0.5296023307223231
0.0,AFW_diminishing,diminishing,5.0,0.0001761913299560547,15.999490229409782,1.6035409793959534,6.0,0.5333163409803261
0.0,AFW_diminishing,diminishing,6.0,0.000202178955078125,15.870061303345018,1.8303814771168856,6.0,0.5290020434448339
0.0,AFW_diminishing,diminishing,7.0,0.00022721290588378906,15.780657118733322,1.3884813886587644,6.0,0.5260219039577774
0.0,AFW_diminishing,diminishing,8.0,0.0002510547637939453,15.765608999459637,1.138386926847998,7.0,0.5255202999819879
0.0,AFW_diminishing,diminishing,9.0,0.0002760887145996094,15.783437086779056,1.1310633893893733,8.0,0.5261145695593019
0.0,AFW_diminishing,diminishing,10.0,0.00030231475830078125,15.72816427573337,0.7662634105464399,8.0,0.5242721425244457
0.0,AFW_diminishing,diminishing,11.0,0.00032806396484375,15.747982727412483,0.7274783321163838,8.0,0.5249327575804161
0.0,AFW_diminishing,diminishing,12.0,0.00035309791564941406,15.662510323349569,1.3099894858990773,8.0,0.5220836774449856
0.0,AFW_diminishing,diminishing,13.0,0.0003771781921386719,15.644882266466366,0.6535968156299337,8.0,0.5214960755488789
0.0,AFW_diminishing,diminishing,14.0,0.0004031658172607422,15.656051006771389,0.43715574253375244,8.0,0.5218683668923796
0.0,AFW_diminishing,diminishing,15.0,0.00043129920959472656,15.647814269081229,0.5689404621606222,7.0,0.5215938089693742
0.0,AFW_diminishing,diminishing,16.0,0.0004611015319824219,15.658701023226483,0.504622916371142,7.0,0.5219567007742161
0.0,AFW_diminishing,diminishing,17.0,0.0004858970642089844,15.64063049779774,0.3153091127742442,7.0,0.5213543499265914
0.0,AFW_diminishing,diminishing,18.0,0.00051116943359375,15.635767145796432,0.3527308640548732,7.0,0.5211922381932144
0.0,AFW_diminishing,diminishing,19.0,0.0005340576171875,15.64255392627214,0.3195539105769445,7.0,0.5214184642090713
0.0,AFW_diminishing,diminishing,20.0,0.0005593299865722656,15.632309211489478,0.3733138211773177,7.0,0.5210769737163159
0.0,AFW_diminishing,diminishing,21.0,0.0005829334259033203,15.644258852367637,0.21020215486651495,7.0,0.5214752950789212
0.0,AFW_diminishing,diminishing,22.0,0.0006070137023925781,15.630496719350937,0.3905491474247995,7.0,0.5210165573116979
0.0,AFW_diminishing,diminishing,23.0,0.00063323974609375,15.6394619662961,0.1219562203792588,7.0,0.5213153988765367
0.0,AFW_diminishing,diminishing,24.0,0.0006589889526367188,15.63095684424186,0.3931012571778858,7.0,0.521031894808062
0.0,AFW_diminishing,diminishing,25.0,0.0006852149963378906,15.636370440518204,0.13514961116718105,7.0,0.5212123480172735
0.0,AFW_diminishing,diminishing,26.0,0.0007092952728271484,15.631398693908249,0.3274925630997565,7.0,0.5210466231302749
0.0,AFW_diminishing,diminishing,27.0,0.0007331371307373047,15.63414767340468,0.14655314564802602,7.0,0.521138255780156
0.0,AFW_diminishing,diminishing,28.0,0.0007581710815429688,15.631817064773163,0.27211076385356314,7.0,0.5210605688257721
0.0,AFW_diminishing,diminishing,29.0,0.0007810592651367188,15.632540185626048,0.156507077839521,7.0,0.5210846728542016
0.0,AFW_diminishing,diminishing,30.0,0.0008080005645751953,15.632210130393402,0.22475102527971025,7.0,0.5210736710131134
0.0,AFW_diminishing,diminishing,31.0,0.0008330345153808594,15.631376553840656,0.1652707507339457,7.0,0.5210458851280219
0.0,AFW_diminishing,diminishing,32.0,0.0008599758148193359,15.632577873447277,0.1837970940694138,7.0,0.5210859291149093
0.0,AFW_diminishing,diminishing,33.0,0.0008840560913085938,15.630538103942413,0.1730452441834185,7.0,0.5210179367980804
0.0,AFW_diminishing,diminishing,34.0,0.0009090900421142578,15.632921221329065,0.14803784047335178,7.0,0.5210973740443021
0.0,AFW_diminishing,diminishing,35.0,0.0009331703186035156,15.629941001649112,0.17998883536186838,7.0,0.5209980333883037
0.0,AFW_diminishing,diminishing,36.0,0.0009591579437255859,15.636866271665918,0.12613244787701383,8.0,0.5212288757221972
0.0,AFW_diminishing,diminishing,37.0,0.0009851455688476562,15.629510603254777,0.19284125815190478,8.0,0.5209836867751593
0.0,AFW_diminishing,diminishing,38.0,0.0010089874267578125,15.63291307944464,0.10151633400342952,8.0,0.5210971026481547
0.0,AFW_diminishing,diminishing,39.0,0.0010330677032470703,15.629184594439725,0.17992370098451715,8.0,0.5209728198146575
0.0,AFW_diminishing,diminishing,40.0,0.0010581016540527344,15.63703658733986,0.08675229551807284,8.0,0.5212345529113287
0.0,AFW_diminishing,diminishing,41.0,0.0010840892791748047,15.629300608429368,0.44881662458586113,8.0,0.5209766869476457
0.0,AFW_diminishing,diminishing,42.0,0.001110076904296875,15.63567435985708,0.08873894350782408,8.0,0.5211891453285694
0.0,AFW_diminishing,diminishing,43.0,0.0011341571807861328,15.629418127446483,0.40899369478988845,8.0,0.5209806042482161
0.0,AFW_diminishing,diminishing,44.0,0.0011601448059082031,15.634539575700577,0.09057263532935522,8.0,0.5211513191900192
0.0,AFW_diminishing,diminishing,45.0,0.0011861324310302734,15.629535514953758,0.37292329385361,8.0,0.5209845171651253
0.0,AFW_diminishing,diminishing,46.0,0.0012121200561523438,15.633590199896828,0.09227000848973077,8.0,0.5211196733298943
0.0,AFW_diminishing,diminishing,47.0,0.0012362003326416016,15.629651627799698,0.3401003762290902,8.0,0.5209883875933232
0.0,AFW_diminishing,diminishing,48.0,0.0012590885162353516,15.632793096089554,0.09384543656042332,8.0,0.5210931032029851
0.0,AFW_diminishing,diminishing,49.0,0.0012841224670410156,15.629765676863428,0.3101064243131777,8.0,0.520992189228781
0.0,AFW_diminishing,diminishing,50.0,0.0013079643249511719,15.632121898197013,0.09531138786052651,8.0,0.5210707299399004
0.0,AFW_diminishing,diminishing,51.0,0.0013341903686523438,15.629877128535771,0.28259171515233916,8.0,0.5209959042845257
0.0,AFW_diminishing,diminishing,52.0,0.0013599395751953125,15.631555447515249,0.09667872149689671,8.0,0.5210518482505083
0.0,AFW_diminishing,diminishing,53.0,0.0013861656188964844,15.629985634364521,0.2572617693470729,8.0,0.5209995211454841
0.0,AFW_diminishing,diminishing,54.0,0.0014102458953857422,15.631076630839912,0.09795693215214563,8.0,0.5210358876946637
0.0,AFW_diminishing,diminishing,55.0,0.0014331340789794922,15.630090980365917,0.2338668766049672,8.0,0.5210030326788639
0.0,AFW_diminishing,diminishing,56.0,0.0014579296112060547,15.630671506885694,0.09915435304757736,8.0,0.5210223835628565
0.0,AFW_diminishing,diminishing,57.0,0.0014820098876953125,15.630193050222795,0.21219391382379982,8.0,0.5210064350074265
0.0,AFW_diminishing,diminishing,58.0,0.0015082359313964844,15.630328642577709,0.10027832477989485,8.0,0.5210109547525903
0.0,AFW_diminishing,diminishing,59.0,0.0015339851379394531,15.630291798388264,0.19205989168239945,8.0,0.5210097266129421
0.0,AFW_diminishing,diminishing,60.0,0.001560211181640625,15.63003860390081,0.101335336275719,8.0,0.5210012867966937
0.0,AFW_diminishing,diminishing,61.0,0.0015842914581298828,15.630387230320082,0.17330681873925435,8.0,0.5210129076773361
0.0,AFW_diminishing,diminishing,62.0,0.001608133316040039,15.629793561798257,0.10233114291282064,8.0,0.5209931187266086
0.0,AFW_diminishing,diminishing,63.0,0.0016322135925292969,15.630479387890787,0.1557975799346174,8.0,0.5210159795963596
0.0,AFW_diminishing,diminishing,64.0,0.001657247543334961,15.629586984568085,0.10327086588779366,8.0,0.5209862328189362
0.0,AFW_diminishing,diminishing,65.0,0.0016820430755615234,15.63056833858259,0.13941260346547324,8.0,0.5210189446194197
0.0,AFW_diminishing,diminishing,66.0,0.001705169677734375,15.629413395897421,0.10415907612981101,8.0,0.520980446529914
0.0,AFW_diminishing,diminishing,67.0,0.0017292499542236328,15.630654167468268,0.12404714572782005,8.0,0.5210218055822756
0.0,AFW_diminishing,diminishing,68.0,0.001753091812133789,15.62926818313955,0.10499986543445594,8.0,0.5209756061046517
0.0,AFW_diminishing,diminishing,69.0,0.0017769336700439453,15.631515928323891,0.11523518986549419,9.0,0.5210505309441297
0.0,AFW_diminishing,diminishing,70.0,0.0018041133880615234,15.629142468428435,0.09475430852625344,9.0,0.5209714156142812
0.0,AFW_diminishing,diminishing,71.0,0.0018301010131835938,15.630515517100543,0.10713900220077477,9.0,0.5210171839033514
0.0,AFW_diminishing,diminishing,72.0,0.0018551349639892578,15.629030550114997,0.10250384673436841,9.0,0.5209676850038333
0.0,AFW_diminishing,diminishing,73.0,0.0018792152404785156,15.631366068531594,0.09655478845520449,9.0,0.5210455356177198
0.0,AFW_diminishing,diminishing,74.0,0.0019032955169677734,15.628936564606198,0.09330548660103943,9.0,0.5209645521535399
0.0,AFW_diminishing,diminishing,75.0,0.001928091049194336,15.63040617048,0.09212163383800309,9.0,0.521013539016
0.0,AFW_diminishing,diminishing,76.0,0.0019540786743164062,15.628850248575311,0.10029230314230553,9.0,0.5209616749525103
0.0,AFW_diminishing,diminishing,77.0,0.001983165740966797,15.62969679027919,0.08962806746626484,9.0,0.5209898930093063
0.0,AFW_diminishing,diminishing,78.0,0.002009153366088867,15.62876953995977,0.08924140119839308,9.0,0.5209589846653256
0.0,AFW_diminishing,diminishing,79.0,0.0020351409912109375,15.628777439607159,0.08297682249807181,9.0,0.5209592479869053
0.0,AFW_diminishing,diminishing,80.0,0.002062082290649414,15.630023018497928,0.09180245845328727,9.0,0.5210007672832643
0.0,AFW_diminishing,diminishing,81.0,0.002087116241455078,15.628701061317916,0.11428967928808298,9.0,0.5209567020439305
0.0,AFW_diminishing,diminishing,82.0,0.002110004425048828,15.630077754318874,0.08140259458816423,9.0,0.5210025918106291
0.0,AFW_diminishing,diminishing,83.0,0.002135038375854492,15.628636785001177,0.11510813636037831,9.0,0.5209545595000392
0.0,AFW_diminishing,diminishing,84.0,0.002160310745239258,15.628570252541836,0.07151489215787521,9.0,0.5209523417513945
0.0,AFW_diminishing,diminishing,85.0,0.002184152603149414,15.628657753410938,0.07353335654497606,9.0,0.5209552584470313
0.0,AFW_diminishing,diminishing,86.0,0.0022110939025878906,15.628514690803776,0.07217580433832005,9.0,0.5209504896934593
0.0,AFW_diminishing,diminishing,87.0,0.002237081527709961,15.629388103119187,0.06993696807158045,9.0,0.5209796034373062
0.0,AFW_diminishing,diminishing,88.0,0.002262115478515625,15.628465020261308,0.08979129540649922,9.0,0.5209488340087103
0.0,AFW_diminishing,diminishing,89.0,0.0022852420806884766,15.629709150042482,0.06871227955593362,9.0,0.5209903050014161
0.0,AFW_diminishing,diminishing,90.0,0.002310037612915039,15.628418704624565,0.09952711029371386,9.0,0.5209472901541522
0.0,AFW_diminishing,diminishing,91.0,0.002335071563720703,15.630168329521666,0.06650676843265124,9.0,0.5210056109840555
0.0,AFW_diminishing,diminishing,92.0,0.002360105514526367,15.628376297147424,0.06383021226394447,9.0,0.5209458765715808
0.0,AFW_diminishing,diminishing,93.0,0.00238800048828125,15.628506695123646,0.0644456923497394,9.0,0.5209502231707882
0.0,AFW_diminishing,diminishing,94.0,0.0024132728576660156,15.628335350959944,0.06256052093211473,9.0,0.5209445116986647
0.0,AFW_diminishing,diminishing,95.0,0.0024390220642089844,15.629016401479618,0.061409077075243346,9.0,0.520967213382654
0.0,AFW_diminishing,diminishing,96.0,0.002462148666381836,15.628298415515491,0.09317291600690503,9.0,0.5209432805171831
0.0,AFW_diminishing,diminishing,97.0,0.0024871826171875,15.629058608940078,0.05998732341008761,9.0,0.5209686202980026
0.0,AFW_diminishing,diminishing,98.0,0.0025119781494140625,15.628263834414598,0.0816207846637873,9.0,0.52094212781382
0.0,AFW_diminishing,diminishing,99.0,0.0025360584259033203,15.629331054818866,0.05882582766813371,9.0,0.5209777018272955
0.0,AFW_diminishing,diminishing,100.0,0.002562284469604492,15.628231504466969,0.09033452858533941,9.0,0.520941050148899
0.0,AFW_diminishing,diminishing,101.0,0.002588987350463867,15.628847520393824,0.057132828722178175,9.0,0.5209615840131275
0.0,AFW_diminishing,diminishing,102.0,0.002615213394165039,15.62820093895503,0.08479690684945851,9.0,0.520940031298501
0.0,AFW_diminishing,diminishing,103.0,0.0026421546936035156,15.628332941614305,0.05684035255711706,9.0,0.5209444313871435
0.0,AFW_diminishing,diminishing,104.0,0.0026671886444091797,15.62817127020716,0.059580136589541866,9.0,0.5209390423402387
0.0,AFW_diminishing,diminishing,105.0,0.0026900768280029297,15.62834527136931,0.053202006260738344,9.0,0.520944842378977
0.0,AFW_diminishing,diminishing,106.0,0.0027151107788085938,15.62814454871822,0.06001511419054317,9.0,0.5209381516239406
0.0,AFW_diminishing,diminishing,107.0,0.002740144729614258,15.629485289514303,0.05284342436993228,9.0,0.5209828429838101
0.0,AFW_diminishing,diminishing,108.0,0.002765178680419922,15.628119823407943,0.05192883028728268,9.0,0.5209373274469314
0.0,AFW_diminishing,diminishing,109.0,0.0027921199798583984,15.628719225676067,0.05118325466164997,9.0,0.5209573075225356
0.0,AFW_diminishing,diminishing,110.0,0.0028181076049804688,15.628715632757059,0.12400275037062514,9.0,0.5209571877585686
0.0,AFW_diminishing,diminishing,111.0,0.0028429031372070312,15.628661996227434,0.07134244698849734,9.0,0.5209553998742478
0.0,AFW_diminishing,diminishing,112.0,0.002866983413696289,15.628091532633078,0.12127498049388485,9.0,0.5209363844211026
0.0,AFW_diminishing,diminishing,113.0,0.002891063690185547,15.628607552502075,0.050709796943211316,9.0,0.5209535850834025
0.0,AFW_diminishing,diminishing,114.0,0.002916097640991211,15.628099926568952,0.11659071530418608,9.0,0.5209366642189651
0.0,AFW_diminishing,diminishing,115.0,0.002939939498901367,15.62855699717906,0.050288467293013284,9.0,0.5209518999059687
0.0,AFW_diminishing,diminishing,116.0,0.002966165542602539,15.628625875507469,0.11326345937414928,9.0,0.5209541958502489
0.0,AFW_diminishing,diminishing,117.0,0.0029892921447753906,15.628509864735491,0.06936649570320519,9.0,0.5209503288245164
0.0,AFW_diminishing,diminishing,118.0,0.003014087677001953,15.627683175323389,0.11012735346707281,9.0,0.5209227725107797
0.0,AFW_diminishing,diminishing,119.0,0.003038167953491211,15.628096895182045,0.07147382529649704,9.0,0.5209365631727348
0.0,AFW_diminishing,diminishing,120.0,0.003063201904296875,15.627655089381449,0.03856724035496484,9.0,0.5209218363127149
0.0,AFW_diminishing,diminishing,121.0,0.0030889511108398438,15.628112925802442,0.06670061157781326,9.0,0.5209370975267481
0.0,AFW_diminishing,diminishing,122.0,0.0031120777130126953,15.62762975276823,0.038938285122691596,9.0,0.520920991758941
0.0,AFW_diminishing,diminishing,123.0,0.0031371116638183594,15.628128634539978,0.06208629625103157,9.0,0.5209376211513326
0.0,AFW_diminishing,diminishing,124.0,0.003161191940307617,15.62760694679965,0.039297838651865646,9.0,0.5209202315599883
0.0,AFW_diminishing,diminishing,125.0,0.0031859874725341797,15.62814402771571,0.057623078760741464,9.0,0.5209381342571903
0.0,AFW_diminishing,diminishing,126.0,0.0032110214233398438,15.62758647194345,0.03964642606357671,9.0,0.5209195490647817
0.0,AFW_diminishing,diminishing,127.0,0.0032341480255126953,15.628159111801182,0.053303660677995524,9.0,0.5209386370600394
0.0,AFW_diminishing,diminishing,128.0,0.003258943557739258,15.6275681459242,0.03998454099833815,9.0,0.5209189381974734
0.0,AFW_diminishing,diminishing,129.0,0.003283977508544922,15.628173893366217,0.04912120595505165,9.0,0.5209391297788739
0.0,AFW_diminishing,diminishing,130.0,0.0033092498779296875,15.627551802038969,0.040312647937602364,9.0,0.520918393401299
0.0,AFW_diminishing,diminishing,131.0,0.00333404541015625,15.627824852378634,0.0450693048950761,9.0,0.5209274950792878
0.0,AFW_diminishing,diminishing,132.0,0.003358125686645508,15.627594205131787,0.08416391266157497,9.0,0.5209198068377262
0.0,AFW_diminishing,diminishing,133.0,0.0033822059631347656,15.627484761336769,0.05076335478426408,9.0,0.5209161587112257
0.0,AFW_diminishing,diminishing,134.0,0.0034072399139404297,15.627722387506626,0.041159837285272616,9.0,0.5209240795835542
0.0,AFW_diminishing,diminishing,135.0,0.003432035446166992,15.627490134838625,0.08310122653112906,9.0,0.5209163378279542
0.0,AFW_diminishing,diminishing,136.0,0.003458261489868164,15.62769647810242,0.04113803907691249,9.0,0.5209232159367473
0.0,AFW_diminishing,diminishing,137.0,0.003484010696411133,15.627495452317806,0.08015439291935955,9.0,0.5209165150772602
0.0,AFW_diminishing,diminishing,138.0,0.003511190414428711,15.627672201786817,0.0411170653760653,9.0,0.5209224067262272
0.0,AFW_diminishing,diminishing,139.0,0.0035369396209716797,15.627500712021583,0.07729413526330475,9.0,0.5209166904007194
0.0,AFW_diminishing,diminishing,140.0,0.0035631656646728516,15.627649451836648,0.041096872823962016,9.0,0.5209216483945549
0.0,AFW_diminishing,diminishing,141.0,0.003590106964111328,15.627505912523471,0.07451669501967295,9.0,0.5209168637507824
0.0,AFW_diminishing,diminishing,142.0,0.0036160945892333984,15.627628129552951,0.041077420943871346,9.0,0.5209209376517651
0.0,AFW_diminishing,diminishing,143.0,0.0036423206329345703,15.627511052685206,0.07181852802070487,9.0,0.5209170350895068
0.0,AFW_diminishing,diminishing,144.0,0.003668069839477539,15.62760814356789,0.041058671911304856,9.0,0.520920271452263
0.0,AFW_diminishing,diminishing,145.0,0.003695249557495117,15.627516131623079,0.06919628941019695,9.0,0.5209172043874359
0.0,AFW_diminishing,diminishing,146.0,0.003720998764038086,15.627589409219494,0.04104059034545848,9.0,0.5209196469739832
0.0,AFW_diminishing,diminishing,147.0,0.003747224807739258,15.62752114867809,0.06664681983195386,9.0,0.520917371622603
0.0,AFW_diminishing,diminishing,148.0,0.0037741661071777344,15.62757184798684,0.04102314311971611,9.0,0.5209190615995614
0.0,AFW_diminishing,diminishing,149.0,0.0038001537322998047,15.627526103389503,0.06416713275046959,9.0,0.5209175367796501
0.0,AFW_diminishing,diminishing,150.0,0.003826141357421875,15.62755538697909,0.041006299189181306,9.0,0.520918512899303
0.0,AFW_diminishing,diminishing,151.0,0.0038530826568603516,15.627530995471332,0.06175440279736577,9.0,0.5209176998490445
0.0,AFW_diminishing,diminishing,152.0,0.003879070281982422,15.627539958472688,0.04099002943355501,9.0,0.5209179986157563
0.0,AFW_diminishing,diminishing,153.0,0.003905057907104492,15.62753582479149,0.05940595504794288,9.0,0.520917860826383
0.0,AFW_diminishing,diminishing,154.0,0.003930330276489258,15.627525499491645,0.04097430651377998,9.0,0.5209175166497215
0.0,AFW_diminishing,diminishing,155.0,0.0039539337158203125,15.627540591353204,0.05711925514244065,9.0,0.5209180197117734
0.0,AFW_diminishing,diminishing,156.0,0.00397801399230957,15.627511951426383,0.04095910474107889,9.0,0.5209170650475461
0.0,AFW_diminishing,diminishing,157.0,0.004003286361694336,15.627545295278562,0.05489190017534007,9.0,0.5209181765092854
0.0,AFW_diminishing,diminishing,158.0,0.004026889801025391,15.627499259687264,0.04094439995720123,9.0,0.5209166419895754
0.0,AFW_diminishing,diminishing,159.0,0.004054069519042969,15.627414217885676,0.052721610284081066,9.0,0.5209138072628559
0.0,AFW_diminishing,diminishing,160.0,0.004080295562744141,15.627292300442088,0.04009302756826649,9.0,0.5209097433480696
0.0,AFW_diminishing,diminishing,161.0,0.004106044769287109,15.627419546822498,0.05085875919367844,9.0,0.5209139848940832
0.0,AFW_diminishing,diminishing,162.0,0.004132270812988281,15.62728113658372,0.040475207169647476,9.0,0.5209093712194574
0.0,AFW_diminishing,diminishing,163.0,0.004159212112426758,15.627424800423489,0.04860774895489328,9.0,0.5209141600141163
0.0,AFW_diminishing,diminishing,164.0,0.004185199737548828,15.627270728018974,0.04084822951202227,9.0,0.5209090242672991
0.0,AFW_diminishing,diminishing,165.0,0.004212141036987305,15.627429979483745,0.04641227797054093,9.0,0.5209143326494582
0.0,AFW_diminishing,diminishing,166.0,0.004238128662109375,15.627261030407345,0.041212419775559894,9.0,0.5209087010135781
0.0,AFW_diminishing,diminishing,167.0,0.004264116287231445,15.62743508485014,0.044270316409907196,9.0,0.520914502828338
0.0,AFW_diminishing,diminishing,168.0,0.004290103912353516,15.627252002312046,0.04156808792610356,9.0,0.5209084000770682
0.0,AFW_diminishing,diminishing,169.0,0.004317045211791992,15.627440117413148,0.042179932138447285,9.0,0.5209146705804383
0.0,AFW_diminishing,diminishing,170.0,0.004343271255493164,15.627243604983706,0.041915529594589884,9.0,0.5209081201661235
0.0,AFW_diminishing,diminishing,171.0,0.004369020462036133,15.627445078099534,0.040139284911555606,9.0,0.5209148359366511
0.0,AFW_diminishing,diminishing,172.0,0.004395008087158203,15.62723580216221,0.04225502689613947,9.0,0.5209078600720737
0.0,AFW_diminishing,diminishing,173.0,0.004425048828125,15.627449967865932,0.03814662097743948,9.0,0.5209149989288644
0.0,AFW_diminishing,diminishing,174.0,0.004450082778930664,15.627228559895094,0.04258684919362565,9.0,0.5209076186631698
0.0,AFW_diminishing,diminishing,175.0,0.004476070404052734,15.627454787693113,0.03620026805587884,9.0,0.5209151595897704
0.0,AFW_diminishing,diminishing,176.0,0.004498958587646484,15.627221846370832,0.042911253810084204,9.0,0.5209073948790277
0.0,AFW_diminishing,diminishing,177.0,0.00452423095703125,15.627459538580917,0.03429863066267558,9.0,0.5209153179526972
0.0,AFW_diminishing,diminishing,178.0,0.004549980163574219,15.627215631765752,0.04322848669388435,9.0,0.520907187725525
0.0,AFW_diminishing,diminishing,179.0,0.004576206207275391,15.627464221543747,0.032440185752419026,9.0,0.5209154740514582
0.0,AFW_diminishing,diminishing,180.0,0.004602909088134766,15.627209888103275,0.043538783040277806,9.0,0.5209069962701092
0.0,AFW_diminishing,diminishing,181.0,0.0046291351318359375,15.627682938603277,0.03149056536265782,9.0,0.5209227646201092
0.0,AFW_diminishing,diminishing,182.0,0.004655122756958008,15.627204494052513,0.031989134415532305,9.0,0.5209068164684171
0.0,AFW_diminishing,diminishing,183.0,0.004681110382080078,15.627462513751876,0.029855072558307327,9.0,0.5209154171250625
0.0,AFW_diminishing,diminishing,184.0,0.0047070980072021484,15.627199439372413,0.04391963245687691,9.0,0.5209066479790805
0.0,AFW_diminishing,diminishing,185.0,0.004733085632324219,15.627679068180178,0.028295878032412958,9.0,0.5209226356060059
0.0,AFW_diminishing,diminishing,186.0,0.004760265350341797,15.62719480936928,0.03261584989996891,9.0,0.5209064936456427
0.0,AFW_diminishing,diminishing,187.0,0.004786014556884766,15.627461223467915,0.027382731252712844,9.0,0.5209153741155972
0.0,AFW_diminishing,diminishing,188.0,0.0048122406005859375,15.62719037280212,0.04428500734720586,9.0,0.5209063457600707
0.0,AFW_diminishing,diminishing,189.0,0.004837989807128906,15.627465477001662,0.025718679758465868,9.0,0.5209155159000554
0.0,AFW_diminishing,diminishing,190.0,0.004864215850830078,15.627186297815483,0.04456362206984288,9.0,0.5209062099271827
0.0,AFW_diminishing,diminishing,191.0,0.0048902034759521484,15.627666015789991,0.0245357392263017,9.0,0.5209222005263331
0.0,AFW_diminishing,diminishing,192.0,0.004917144775390625,15.627182541533319,0.03358411757085378,9.0,0.5209060847177773
0.0,AFW_diminishing,diminishing,193.0,0.004943132400512695,15.62746458009909,0.023402207548514298,9.0,0.5209154860033031
0.0,AFW_diminishing,diminishing,194.0,0.004970073699951172,15.627178990024513,0.04490718979009145,9.0,0.5209059663341504
0.0,AFW_diminishing,diminishing,195.0,0.004996299743652344,15.627468612391866,0.02184058545772416,9.0,0.5209156204130622
0.0,AFW_diminishing,diminishing,196.0,0.0050220489501953125,15.62717574784207,0.04516908675591935,9.0,0.5209058582614023
0.0,AFW_diminishing,diminishing,197.0,0.005048274993896484,15.627654626997618,0.021009177609467855,9.0,0.5209218208999206
0.0,AFW_diminishing,diminishing,198.0,0.005074977874755859,15.627172735885367,0.034495862835393964,9.0,0.5209057578628455
0.0,AFW_diminishing,diminishing,199.0,0.005101203918457031,15.627468046886419,0.019665698608610782,9.0,0.5209156015628806
0.0,AFW_diminishing,diminishing,200.0,0.005128145217895508,15.627169938063558,0.04549274225245625,9.0,0.5209056646021186
0.0,AFW_diminishing,diminishing,201.0,0.005154132843017578,15.627652340996828,0.018314403430160553,9.0,0.5209217446998943
0.0,AFW_diminishing,diminishing,202.0,0.0051801204681396484,15.627167427919156,0.03502887365644902,9.0,0.5209055809306385
0.0,AFW_diminishing,diminishing,203.0,0.005206108093261719,15.62746775218342,0.01757808331546329,9.0,0.5209155917394473
0.0,AFW_diminishing,diminishing,204.0,0.005232334136962891,15.627165030506097,0.04580423283236357,9.0,0.5209055010168699
0.0,AFW_diminishing,diminishing,205.0,0.005258083343505859,15.627471438708275,0.016167203819810183,9.0,0.5209157146236092
0.0,AFW_diminishing,diminishing,206.0,0.0052852630615234375,15.62716287378643,0.046041407356433695,9.0,0.5209054291262143
0.0,AFW_diminishing,diminishing,207.0,0.00531005859375,15.627643111317788,0.015131655327989435,9.0,0.5209214370439262
0.0,AFW_diminishing,diminishing,208.0,0.005336284637451172,15.627160932766222,0.035856554560224296,9.0,0.5209053644255407
0.0,AFW_diminishing,diminishing,209.0,0.005361080169677734,15.627471389249322,0.014201009397369901,9.0,0.5209157129749774
0.0,AFW_diminishing,diminishing,210.0,0.005385160446166992,15.627159117077639,0.04633567537329242,9.0,0.5209053039025879
0.0,AFW_diminishing,diminishing,211.0,0.005410194396972656,15.627474895630328,0.012870391274848458,9.0,0.5209158298543443
0.0,AFW_diminishing,diminishing,212.0,0.005434274673461914,15.627157508743982,0.04655967250354465,9.0,0.5209052502914661
0.0,AFW_diminishing,diminishing,213.0,0.005461215972900391,15.627635037312963,0.01213151237571175,9.0,0.5209211679104321
0.0,AFW_diminishing,diminishing,214.0,0.005487203598022461,15.627156055250122,0.0366394024468395,9.0,0.5209052018416708
0.0,AFW_diminishing,diminishing,215.0,0.0055119991302490234,15.627330696602682,0.011015327612629022,9.0,0.5209110232200894
0.0,AFW_diminishing,diminishing,216.0,0.005536079406738281,15.627156538424087,0.04964031526440671,9.0,0.5209052179474696
0.0,AFW_diminishing,diminishing,217.0,0.005560159683227539,15.627324510809629,0.01103621541045996,9.0,0.5209108170269876
0.0,AFW_diminishing,diminishing,218.0,0.0055849552154541016,15.627157024223735,0.04879426241995688,9.0,0.5209052341407912
0.0,AFW_diminishing,diminishing,219.0,0.005609035491943359,15.627318540181495,0.011056746251471239,9.0,0.5209106180060499
0.0,AFW_diminishing,diminishing,220.0,0.0056362152099609375,15.627157512272477,0.047963797746414016,9.0,0.5209052504090825
0.0,AFW_diminishing,diminishing,221.0,0.005661964416503906,15.627312776152458,0.011076929171913719,9.0,0.5209104258717486
0.0,AFW_diminishing,diminishing,222.0,0.005688190460205078,15.627158002218,0.047148494440749644,9.0,0.5209052667406
0.0,AFW_diminishing,diminishing,223.0,0.005715131759643555,15.62730721055997,0.01109677290694222,9.0,0.520910240351999
0.0,AFW_diminishing,diminishing,224.0,0.005740165710449219,15.627158493730716,0.046347941137591775,9.0,0.5209052831243572
0.0,AFW_diminishing,diminishing,225.0,0.0057642459869384766,15.627301835622637,0.011116285902993184,9.0,0.5209100611874212
0.0,AFW_diminishing,diminishing,226.0,0.005788087844848633,15.627158986502295,0.045561741217643004,9.0,0.5209052995500765
0.0,AFW_diminishing,diminishing,227.0,0.005813121795654297,15.627296643919522,0.011135476329583227,9.0,0.5209098881306508
0.0,AFW_diminishing,diminishing,228.0,0.005837202072143555,15.627159480244355,0.04478951215289051,9.0,0.5209053160081452
0.0,AFW_diminishing,diminishing,229.0,0.005864143371582031,15.627291628370674,0.011154352090450459,9.0,0.5209097209456891
0.0,AFW_diminishing,diminishing,230.0,0.0058901309967041016,15.627159974687187,0.044030884886391064,9.0,0.5209053324895729
0.0,AFW_diminishing,diminishing,231.0,0.005916118621826172,15.627286782218919,0.011172920834308542,9.0,0.5209095594072973
0.0,AFW_diminishing,diminishing,232.0,0.0059430599212646484,15.627160469578596,0.04328550324454916,9.0,0.5209053489859532
0.0,AFW_diminishing,diminishing,233.0,0.005970001220703125,15.627282099012692,0.011191189964927517,9.0,0.5209094033004231
0.0,AFW_diminishing,diminishing,234.0,0.005996227264404297,15.627160964682815,0.04255302337991118,9.0,0.5209053654894272
0.0,AFW_diminishing,diminishing,235.0,0.006021261215209961,15.627277572589998,0.011209166650852254,9.0,0.5209092524196666
0.0,AFW_diminishing,diminishing,236.0,0.006043910980224609,15.627161459779469,0.04183311324254291,9.0,0.5209053819926489
0.0,AFW_diminishing,diminishing,237.0,0.006069183349609375,15.627273197063271,0.011226857834630621,9.0,0.5209091065687758
0.0,AFW_diminishing,diminishing,238.0,0.006094217300415039,15.627161954662636,0.04112545207848228,9.0,0.5209053984887545
0.0,AFW_diminishing,diminishing,239.0,0.006118059158325195,15.627268966805158,0.011244270241611787,9.0,0.520908965560172
0.0,AFW_diminishing,diminishing,240.0,0.006144046783447266,15.627162449139975,0.040429729953491034,9.0,0.5209054149713325
0.0,AFW_diminishing,diminishing,241.0,0.006167173385620117,15.62726487643515,0.011261410388316406,9.0,0.520908829214505
0.0,AFW_diminishing,diminishing,242.0,0.006192207336425781,15.62716294303186,0.03974564730072139,9.0,0.5209054314343954
0.0,AFW_diminishing,diminishing,243.0,0.006217002868652344,15.62726092080699,0.011278284590472865,9.0,0.5209086973602329
0.0,AFW_diminishing,diminishing,244.0,0.0062410831451416016,15.627163436170632,0.03907291449087147,9.0,0.5209054478723544
0.0,AFW_diminishing,diminishing,245.0,0.006267070770263672,15.627257094996814,0.011294898970657385,9.0,0.5209085698332271
0.0,AFW_diminishing,diminishing,246.0,0.00629425048828125,15.627163928399858,0.03841125142355928,9.0,0.5209054642799953
0.0,AFW_diminishing,diminishing,247.0,0.00632023811340332,15.627253394292005,0.011311259465578871,9.0,0.5209084464764001
0.0,AFW_diminishing,diminishing,248.0,0.006345987319946289,15.627164419573651,0.03776038713869845,9.0,0.520905480652455
0.0,AFW_diminishing,diminishing,249.0,0.006373167037963867,15.627249814180631,0.011327371833056432,9.0,0.5209083271393544
0.0,AFW_diminishing,diminishing,250.0,0.0063991546630859375,15.627164909556056,0.03712005944671404,9.0,0.5209054969852018
0.0,AFW_diminishing,diminishing,251.0,0.006426334381103516,15.627246350341538,0.011343241658702041,9.0,0.5209082116780512
0.0,AFW_diminishing,diminishing,252.0,0.006452083587646484,15.627165398220406,0.03649001457658585,9.0,0.5209055132740136
0.0,AFW_diminishing,diminishing,253.0,0.006478309631347656,15.62724299863498,0.011358874362255023,9.0,0.5209080999544994
0.0,AFW_diminishing,diminishing,254.0,0.006504058837890625,15.627165885448818,0.035870006840687196,9.0,0.5209055295149606
0.0,AFW_diminishing,diminishing,255.0,0.006530046463012695,15.627239755093775,0.011374275203685613,9.0,0.5209079918364592
0.0,AFW_diminishing,diminishing,256.0,0.006556034088134766,15.627166371131622,0.035259798315539825,9.0,0.5209055457043874
0.0,AFW_diminishing,diminishing,257.0,0.006583213806152344,15.62723661591495,0.011389449289030296,9.0,0.520907887197165
0.0,AFW_diminishing,diminishing,258.0,0.0066089630126953125,15.627166855166902,0.03465915853751511,9.0,0.5209055618388967
0.0,AFW_diminishing,diminishing,259.0,0.006636142730712891,15.627233577451852,0.011404401575942913,9.0,0.5209077859150617
0.0,AFW_diminishing,diminishing,260.0,0.006661891937255859,15.62716733746002,0.03406786421281005,9.0,0.520905577915334
0.0,AFW_diminishing,diminishing,261.0,0.006688117980957031,15.627230636206713,0.011419136879048608,9.0,0.5209076878735571
0.0,AFW_diminishing,diminishing,262.0,0.006715059280395508,15.627167817923185,0.03348569894078146,9.0,0.5209055939307728
0.0,AFW_diminishing,diminishing,263.0,0.006741046905517578,15.627227788823577,0.011433659875027757,9.0,0.5209075929607859
0.0,AFW_diminishing,diminishing,264.0,0.00676727294921875,15.627168296475054,0.032912452950057514,9.0,0.5209056098825018
0.0,AFW_diminishing,diminishing,265.0,0.0067942142486572266,15.62722503208163,0.011447975107508057,9.0,0.5209075010693877
0.0,AFW_diminishing,diminishing,266.0,0.006820201873779297,15.62716877304034,0.03234792284659527,9.0,0.5209056257680114
0.0,AFW_diminishing,diminishing,267.0,0.006845951080322266,15.627222362888917,0.011462086991768317,9.0,0.5209074120962972
0.0,AFW_diminishing,diminishing,268.0,0.0068721771240234375,15.627169247549455,0.03179191137324011,9.0,0.5209056415849819
0.0,AFW_diminishing,diminishing,269.0,0.006897926330566406,15.627219778276336,0.011475999819190008,9.0,0.5209073259425445
0.0,AFW_diminishing,diminishing,270.0,0.006921052932739258,15.627169719938193,0.031244227179969997,9.0,0.5209056573312731
0.0,AFW_diminishing,diminishing,271.0,0.006945133209228516,15.627217275392006,0.011489717761602236,9.0,0.5209072425130669
0.0,AFW_diminishing,diminishing,272.0,0.00697016716003418,15.627170190147382,0.03070468460448872,9.0,0.5209056730049128
0.0,AFW_diminishing,diminishing,273.0,0.006994009017944336,15.627214851495886,0.0115032448753567,9.0,0.5209071617165295
0.0,AFW_diminishing,diminishing,274.0,0.00701904296875,15.62717065812261,0.030173103462464823,9.0,0.520905688604087
0.0,AFW_diminishing,diminishing,275.0,0.007044315338134766,15.627212503954706,0.011516585105322719,9.0,0.5209070834651569
0.0,AFW_diminishing,diminishing,276.0,0.007069110870361328,15.627171123813946,0.029649308846991573,9.0,0.5209057041271316
0.0,AFW_diminishing,diminishing,277.0,0.0070950984954833984,15.627210230237152,0.011529742288649558,9.0,0.5209070076745718
0.0,AFW_diminishing,diminishing,278.0,0.007121086120605469,15.627171587175663,0.02913313093679548,9.0,0.5209057195725221
0.0,AFW_diminishing,diminishing,279.0,0.007147073745727539,15.627208027909289,0.011542720158445263,9.0,0.520906934263643
0.0,AFW_diminishing,diminishing,280.0,0.007172107696533203,15.627172048165995,0.02862440481276529,9.0,0.5209057349388665
0.0,AFW_diminishing,diminishing,281.0,0.0071980953216552734,15.627205894630226,0.01155552234722812,9.0,0.5209068631543409
0.0,AFW_diminishing,diminishing,282.0,0.0072231292724609375,15.627172506746911,0.028122970282341342,9.0,0.520905750224897
0.0,AFW_diminishing,diminishing,283.0,0.007250070571899414,15.627203828148007,0.011568152390307063,9.0,0.5209067942716002
0.0,AFW_diminishing,diminishing,284.0,0.007275104522705078,15.627172962883893,0.02762867171141714,9.0,0.5209057654294631
0.0,AFW_diminishing,diminishing,285.0,0.00730133056640625,15.627201826295698,0.011580613728987998,9.0,0.5209067275431899
0.0,AFW_diminishing,diminishing,286.0,0.007327079772949219,15.627173416545725,0.027141357863341042,9.0,0.5209057805515241
0.0,AFW_diminishing,diminishing,287.0,0.007353305816650391,15.627199886987682,0.011592909713703747,9.0,0.5209066628995894
0.0,AFW_diminishing,diminishing,288.0,0.007378101348876953,15.627173867704307,0.02666088174471959,9.0,0.5209057955901436
0.0,AFW_diminishing,diminishing,289.0,0.007405281066894531,15.627198008216116,0.011605043606932597,9.0,0.5209066002738705
0.0,AFW_diminishing,diminishing,290.0,0.007430076599121094,15.62717431633446,0.026187100457661927,9.0,0.5209058105444819
0.0,AFW_diminishing,diminishing,291.0,0.007456064224243164,15.627196188047593,0.011617018586102645,9.0,0.5209065396015864
0.0,AFW_diminishing,diminishing,292.0,0.007481098175048828,15.627174762413773,0.025719875058117125,9.0,0.5209058254137925
0.0,AFW_diminishing,diminishing,293.0,0.007508039474487305,15.627194424619955,0.011628837746309628,9.0,0.5209064808206652
0.0,AFW_diminishing,diminishing,294.0,0.007533073425292969,15.627175205922407,0.025259070420101892,9.0,0.5209058401974136
0.0,AFW_diminishing,diminishing,295.0,0.007559061050415039,15.62719271613925,0.011640504103002769,9.0,0.5209064238713084
0.0,AFW_diminishing,diminishing,296.0,0.007585048675537109,15.62717564684298,0.024804555105452764,9.0,0.520905854894766
0.0,AFW_diminishing,diminishing,297.0,0.00761103630065918,15.627191060876857,0.011652020594441481,9.0,0.5209063686958952
0.0,AFW_diminishing,diminishing,298.0,0.007636070251464844,15.627176085160404,0.02435620123887894,9.0,0.5209058695053468
0.0,AFW_diminishing,diminishing,299.0,0.007662296295166016,15.627189457166736,0.011663390084242664,9.0,0.5209063152388912
0.0,AFW_diminishing,diminishing,300.0,0.007687091827392578,15.627176520861743,0.023913884388067075,9.0,0.5209058840287247
0.0,AFW_diminishing,diminishing,301.0,0.0077130794525146484,15.627187903402806,0.011674615363670426,9.0,0.5209062634467602
0.0,AFW_diminishing,diminishing,302.0,0.007739067077636719,15.627176953936097,0.023477483448589354,9.0,0.5209058984645366
0.0,AFW_diminishing,diminishing,303.0,0.007765054702758789,15.627186398036473,0.011685699153895612,9.0,0.5209062132678824
0.0,AFW_diminishing,diminishing,304.0,0.007790088653564453,15.627177384374468,0.023046880533408753,9.0,0.5209059128124822
0.0,AFW_diminishing,diminishing,305.0,0.007816076278686523,15.627184939574244,0.011696644108230458,9.0,0.5209061646524747
0.0,AFW_diminishing,diminishing,306.0,0.007842063903808594,15.627177812169666,0.022621960866725743,9.0,0.5209059270723222
0.0,AFW_diminishing,diminishing,307.0,0.007868051528930664,15.62718352657546,0.011707452814155417,9.0,0.5209061175525153
0.0,AFW_diminishing,diminishing,308.0,0.007893085479736328,15.627178237316171,0.022202612682026057,9.0,0.5209059412438724
0.0,AFW_diminishing,diminishing,309.0,0.007920265197753906,15.627182157650164,0.011718127795409927,9.0,0.5209060719216722
0.0,AFW_diminishing,diminishing,310.0,0.007945060729980469,15.627178659810067,0.02178872712414126,9.0,0.5209059553270022
0.0,AFW_diminishing,diminishing,311.0,0.00797128677368164,15.627180831457029,0.011728671513894895,9.0,0.5209060277152343
0.0,AFW_diminishing,diminishing,312.0,0.00799703598022461,15.627179079648906,0.021380198155025454,9.0,0.5209059693216302
0.0,AFW_diminishing,diminishing,313.0,0.008023262023925781,15.627179546701395,0.011739086371562735,9.0,0.5209059848900465
0.0,AFW_diminishing,diminishing,314.0,0.00804901123046875,15.627179496831658,0.02097692246324634,9.0,0.520905983227722
0.0,AFW_diminishing,diminishing,315.0,0.008075237274169922,15.627178302133416,0.011749374712239913,9.0,0.5209059434044472
0.0,AFW_diminishing,diminishing,316.0,0.008100271224975586,15.627179911358592,0.020578799376908208,9.0,0.5209059970452864
0.0,AFW_diminishing,diminishing,317.0,0.008156061172485352,15.627177096546262,0.011759538823355342,9.0,0.5209059032182087
0.0,AFW_diminishing,diminishing,318.0,0.008190155029296875,15.627180323231212,0.020185730779887834,9.0,0.5209060107743737
0.0,AFW_diminishing,diminishing,319.0,0.008217096328735352,15.627175928774411,0.01176958093763325,9.0,0.5209058642924804
0.0,AFW_diminishing,diminishing,320.0,0.00825190544128418,15.62718073245218,0.019797621031266033,9.0,0.5209060244150726
0.0,AFW_diminishing,diminishing,321.0,0.008280277252197266,15.627174797692028,0.01177950323470256,9.0,0.5209058265897343
0.0,AFW_diminishing,diminishing,322.0,0.008306026458740234,15.627181139025238,0.01941437688773462,9.0,0.5209060379675079
0.0,AFW_diminishing,diminishing,323.0,0.008332252502441406,15.627173702211431,0.011789307842668961,9.0,0.5209057900737144
0.0,AFW_diminishing,diminishing,324.0,0.00835728645324707,15.62718154295514,0.019035907428982313,9.0,0.520906051431838
0.0,AFW_diminishing,diminishing,325.0,0.008384227752685547,15.627172641281566,0.011798996839651466,9.0,0.5209057547093855
0.0,AFW_diminishing,diminishing,326.0,0.008410215377807617,15.627181944247594,0.018662123985778933,9.0,0.5209060648082532
0.0,AFW_diminishing,diminishing,327.0,0.00843501091003418,15.627171613886615,0.0118085722551875,9.0,0.5209057204628872
0.0,AFW_diminishing,diminishing,328.0,0.008458137512207031,15.627182342909197,0.018292940070748998,9.0,0.5209060780969732
0.0,AFW_diminishing,diminishing,329.0,0.008483171463012695,15.627170619044644,0.011818036071680638,9.0,0.5209056873014881
0.0,AFW_diminishing,diminishing,330.0,0.008507966995239258,15.627182738947381,0.017928271311667743,9.0,0.520906091298246
0.0,AFW_diminishing,diminishing,331.0,0.008532047271728516,15.62716965580628,0.011827390225747081,9.0,0.5209056551935427
0.0,AFW_diminishing,diminishing,332.0,0.00855708122253418,15.627183132370346,0.017568035387213854,9.0,0.5209061044123449
0.0,AFW_diminishing,diminishing,333.0,0.008580207824707031,15.627168723253495,0.011836636609524831,9.0,0.5209056241084499
0.0,AFW_diminishing,diminishing,334.0,0.008605003356933594,15.627183523187021,0.017212151965029676,9.0,0.5209061174395674
0.0,AFW_diminishing,diminishing,335.0,0.008630037307739258,15.627167820498407,0.011845777071943786,9.0,0.5209055940166135
0.0,AFW_diminishing,diminishing,336.0,0.008654117584228516,15.627235376031937,0.01692694122556837,9.0,0.5209078458677312
0.0,AFW_diminishing,diminishing,337.0,0.008678913116455078,15.627166947266439,0.016891972977061798,9.0,0.5209055649088813
0.0,AFW_diminishing,diminishing,338.0,0.008702993392944336,15.627198567299633,0.01668043751807957,9.0,0.5209066189099878
0.0,AFW_diminishing,diminishing,339.0,0.008727073669433594,15.627167238798934,0.027748086276885076,9.0,0.5209055746266311
0.0,AFW_diminishing,diminishing,340.0,0.00875234603881836,15.627197149820736,0.01675152924384804,9.0,0.5209065716606912
0.0,AFW_diminishing,diminishing,341.0,0.008777141571044922,15.62716752913961,0.027353581069608168,9.0,0.5209055843046537
0.0,AFW_diminishing,diminishing,342.0,0.008802175521850586,15.627195768744006,0.016821796327549876,9.0,0.5209065256248002
0.0,AFW_diminishing,diminishing,343.0,0.008827924728393555,15.627167818271015,0.026963716249753134,9.0,0.5209055939423671
0.0,AFW_diminishing,diminishing,344.0,0.00885319709777832,15.627194423092766,0.01689125303443184,9.0,0.5209064807697589
0.0,AFW_diminishing,diminishing,345.0,0.00887918472290039,15.627168106176988,0.026578410427744004,9.0,0.520905603539233
0.0,AFW_diminishing,diminishing,346.0,0.008903980255126953,15.627193111920747,0.01695991330259794,9.0,0.5209064370640248
0.0,AFW_diminishing,diminishing,347.0,0.008929252624511719,15.62716839284256,0.026197584106171234,9.0,0.520905613094752
0.0,AFW_diminishing,diminishing,348.0,0.008953094482421875,15.627191834310949,0.017027790752367267,9.0,0.5209063944770317
0.0,AFW_diminishing,diminishing,349.0,0.008978128433227539,15.627168678253932,0.025821159625127876,9.0,0.5209056226084644
0.0,AFW_diminishing,diminishing,350.0,0.009003162384033203,15.62719058937465,0.017094898695242833,9.0,0.520906352979155
0.0,AFW_diminishing,diminishing,351.0,0.009027242660522461,15.627168962398416,0.025449061109437565,9.0,0.5209056320799472
0.0,AFW_diminishing,diminishing,352.0,0.009052038192749023,15.627189376250342,0.017161250142629925,9.0,0.5209063125416781
0.0,AFW_diminishing,diminishing,353.0,0.009079217910766602,15.627169245264355,0.02508121441765887,9.0,0.5209056415088118
0.0,AFW_diminishing,diminishing,354.0,0.009104013442993164,15.62718819410281,0.017226857814245378,9.0,0.5209062731367603
0.0,AFW_diminishing,diminishing,355.0,0.009131193161010742,15.627169526841103,0.02471754709287488,9.0,0.5209056508947034
0.0,AFW_diminishing,diminishing,356.0,0.009157180786132812,15.627187042122179,0.01729173414624796,9.0,0.5209062347374059
0.0,AFW_diminishing,diminishing,357.0,0.009184122085571289,15.627169807118953,0.02435798831510283,9.0,0.5209056602372985
0.0,AFW_diminishing,diminishing,358.0,0.009210348129272461,15.627185919523024,0.01735589129907744,9.0,0.5209061973174341
0.0,AFW_diminishing,diminishing,359.0,0.009233951568603516,15.627170086089107,0.0240024688553504,9.0,0.5209056695363036
0.0,AFW_diminishing,diminishing,360.0,0.009261131286621094,15.627184825543534,0.017419341165080482,9.0,0.5209061608514511
0.0,AFW_diminishing,diminishing,361.0,0.00928807258605957,15.62717036374363,0.02365092103117661,9.0,0.5209056787914543
0.0,AFW_diminishing,diminishing,362.0,0.009312152862548828,15.627183759444682,0.01748209537583989,9.0,0.5209061253148227
0.0,AFW_diminishing,diminishing,363.0,0.009338140487670898,15.627170640075397,0.023303278663755478,9.0,0.5209056880025132
0.0,AFW_diminishing,diminishing,364.0,0.009361028671264648,15.627182720509424,0.01754416530930314,9.0,0.5209060906836475
0.0,AFW_diminishing,diminishing,365.0,0.009386062622070312,15.627170915078072,0.022959477036353704,9.0,0.520905697169269
0.0,AFW_diminishing,diminishing,366.0,0.00941014289855957,15.62718170804197,0.01760556209660713,9.0,0.5209060569347324
0.0,AFW_diminishing,diminishing,367.0,0.009434938430786133,15.627171188746049,0.022619452854161892,9.0,0.520905706291535
0.0,AFW_diminishing,diminishing,368.0,0.009461164474487305,15.627180721367036,0.01766629662881769,9.0,0.5209060240455679
0.0,AFW_diminishing,diminishing,369.0,0.009487152099609375,15.627171461074434,0.022283144205490046,9.0,0.5209057153691478
0.0,AFW_diminishing,diminishing,370.0,0.009514093399047852,15.627179759829145,0.01772637956327827,9.0,0.5209059919943049
0.0,AFW_diminishing,diminishing,371.0,0.009540319442749023,15.627171732058994,0.02195049052415854,9.0,0.5209057244019665
0.0,AFW_diminishing,diminishing,372.0,0.009566068649291992,15.627178822791974,0.017785821329907137,9.0,0.5209059607597325
0.0,AFW_diminishing,diminishing,373.0,0.00959324836730957,15.627172001696147,0.02162143255317517,9.0,0.5209057333898716
0.0,AFW_diminishing,diminishing,374.0,0.009618043899536133,15.627177909637698,0.017844632137212102,9.0,0.5209059303212566
0.0,AFW_diminishing,diminishing,375.0,0.009641170501708984,15.627172269982909,0.021295912309533094,9.0,0.5209057423327637
0.0,AFW_diminishing,diminishing,376.0,0.009665250778198242,15.627177019766355,0.017902821978124095,9.0,0.5209059006588785
0.0,AFW_diminishing,diminishing,377.0,0.009690284729003906,15.627172536916863,0.020973873050177616,9.0,0.520905751230562
0.0,AFW_diminishing,diminishing,378.0,0.009715080261230469,15.62717615259528,0.017960400635676166,9.0,0.520905871753176
0.0,AFW_diminishing,diminishing,379.0,0.009741067886352539,15.627172802496156,0.020655259239021007,9.0,0.5209057600832052
0.0,AFW_diminishing,diminishing,380.0,0.00976705551147461,15.627175307558497,0.018017377688471115,9.0,0.5209058435852832
0.0,AFW_diminishing,diminishing,381.0,0.00979304313659668,15.627173066719447,0.020340016515032033,9.0,0.5209057688906482
0.0,AFW_diminishing,diminishing,382.0,0.009819984436035156,15.627174484106206,0.018073762516008784,9.0,0.5209058161368735
0.0,AFW_diminishing,diminishing,383.0,0.009846210479736328,15.627221777814135,0.0200280916613238,9.0,0.5209073925938045
0.0,AFW_diminishing,diminishing,384.0,0.009872913360595703,15.627174755126898,0.038469517911565276,9.0,0.5209058251708966
0.0,AFW_diminishing,diminishing,385.0,0.009898185729980469,15.627220241819588,0.020072416677702876,9.0,0.5209073413939863
0.0,AFW_diminishing,diminishing,386.0,0.009921073913574219,15.627175025356042,0.038012267979643966,9.0,0.5209058341785348
0.0,AFW_diminishing,diminishing,387.0,0.009945154190063477,15.627218739682284,0.020116288740096522,9.0,0.5209072913227428
0.0,AFW_diminishing,diminishing,388.0,0.009969949722290039,15.627175294775157,0.037559768009058914,9.0,0.5209058431591719
0.0,AFW_diminishing,diminishing,389.0,0.009994029998779297,15.627217270605504,0.020159714755724423,9.0,0.5209072423535168
0.0,AFW_diminishing,diminishing,390.0,0.010019302368164062,15.627175563366771,0.03711194437177845,9.0,0.5209058521122257
0.0,AFW_diminishing,diminishing,391.0,0.010042905807495117,15.627215833814386,0.020202701492097574,9.0,0.5209071944604795
0.0,AFW_diminishing,diminishing,392.0,0.010066986083984375,15.627175831114373,0.03666872495362661,9.0,0.5209058610371458
0.0,AFW_diminishing,diminishing,393.0,0.01009225845336914,15.627214428555229,0.020245255580514154,9.0,0.5209071476185076
0.0,AFW_diminishing,diminishing,394.0,0.010116100311279297,15.627176098002373,0.0362300391154875,9.0,0.5209058699334125
0.0,AFW_diminishing,diminishing,395.0,0.010143041610717773,15.627213054094826,0.02028738351948256,9.0,0.5209071018031609
0.0,AFW_diminishing,diminishing,396.0,0.010169267654418945,15.627176364016039,0.035795817655870366,9.0,0.5209058788005346
0.0,AFW_diminishing,diminishing,397.0,0.010194063186645508,15.627211709719818,0.020329091678014777,9.0,0.5209070569906606
0.0,AFW_diminishing,diminishing,398.0,0.010218143463134766,15.627176629141523,0.03536599277446939,9.0,0.5209058876380508
0.0,AFW_diminishing,diminishing,399.0,0.01024317741394043,15.627210394736068,0.02037038629885224,9.0,0.5209070131578689
0.0,AFW_diminishing,diminishing,400.0,0.010267972946166992,15.627176893365752,0.03494049803689592,9.0,0.5209058964455251
0.0,AFW_diminishing,diminishing,401.0,0.010294198989868164,15.627209108468062,0.02041127350157268,9.0,0.5209069702822687
0.0,AFW_diminishing,diminishing,402.0,0.010320901870727539,15.62717715667645,0.03451926834046226,9.0,0.5209059052225483
0.0,AFW_diminishing,diminishing,403.0,0.010348081588745117,15.62720785025833,0.020451759285597504,9.0,0.5209069283419443
0.0,AFW_diminishing,diminishing,404.0,0.010373353958129883,15.627177419062077,0.03410223988097272,9.0,0.5209059139687359
0.0,AFW_diminishing,diminishing,405.0,0.010400056838989258,15.627206619466882,0.0204918495331583,9.0,0.5209068873155628
0.0,AFW_diminishing,diminishing,406.0,0.01042628288269043,15.62717768051182,0.0336893501205342,9.0,0.5209059226837274
0.0,AFW_diminishing,diminishing,407.0,0.010452032089233398,15.627205415470687,0.020531550012112376,9.0,0.5209068471823562
0.0,AFW_diminishing,diminishing,408.0,0.010479211807250977,15.627177941015534,0.03328053775624085,9.0,0.5209059313671844
0.0,AFW_diminishing,diminishing,409.0,0.010504961013793945,15.627204237663122,0.020570866378724517,9.0,0.5209068079221041
0.0,AFW_diminishing,diminishing,410.0,0.010532140731811523,15.627178200563744,0.032875742689910226,9.0,0.5209059400187914
0.0,AFW_diminishing,diminishing,411.0,0.010558128356933594,15.62720308545349,0.02060980418035463,9.0,0.5209067695151163
0.0,AFW_diminishing,diminishing,412.0,0.010583162307739258,15.627178459147597,0.03247490599859759,9.0,0.5209059486382532
0.0,AFW_diminishing,diminishing,413.0,0.010608196258544922,15.62720195826655,0.02064836885805832,9.0,0.5209067319422184
0.0,AFW_diminishing,diminishing,414.0,0.010632991790771484,15.627178716758856,0.03207796990601253,9.0,0.5209059572252952
0.0,AFW_diminishing,diminishing,415.0,0.010656118392944336,15.627200855542013,0.020686565749127084,9.0,0.5209066951847338
0.0,AFW_diminishing,diminishing,416.0,0.01068115234375,15.627178973389853,0.03168487775476336,9.0,0.5209059657796618
0.0,AFW_diminishing,diminishing,417.0,0.010704994201660156,15.627199776734122,0.02072440008953791,9.0,0.5209066592244708
0.0,AFW_diminishing,diminishing,418.0,0.01073002815246582,15.627179229033478,0.03129557397940985,9.0,0.520905974301116
0.0,AFW_diminishing,diminishing,419.0,0.010755300521850586,15.627198721311203,0.02076187701636556,9.0,0.5209066240437068
0.0,AFW_diminishing,diminishing,420.0,0.010778188705444336,15.62717948368316,0.030910004080283215,9.0,0.5209059827894387
0.0,AFW_diminishing,diminishing,421.0,0.010802984237670898,15.627197688755242,0.020799001570091846,9.0,0.5209065896251748
0.0,AFW_diminishing,diminishing,422.0,0.010828256607055664,15.62717973733283,0.030528114598025624,9.0,0.5209059912444276
0.0,AFW_diminishing,diminishing,423.0,0.01085209846496582,15.627196678561484,0.020835778696875806,9.0,0.5209065559520495
0.0,AFW_diminishing,diminishing,424.0,0.01087808609008789,15.627179989976916,0.03014985308898055,9.0,0.5209059996658972
0.0,AFW_diminishing,diminishing,425.0,0.010905265808105469,15.627195690238047,0.02087221325073152,9.0,0.5209065230079349
0.0,AFW_diminishing,diminishing,426.0,0.010930061340332031,15.627180241610315,0.029775168101043192,9.0,0.5209060080536771
0.0,AFW_diminishing,diminishing,427.0,0.010953187942504883,15.627194723305523,0.020908309995675722,9.0,0.5209064907768508
0.0,AFW_diminishing,diminishing,428.0,0.010977029800415039,15.62718049222837,0.029404009150454158,9.0,0.5209060164076124
0.0,AFW_diminishing,diminishing,429.0,0.011002302169799805,15.627193777296636,0.020944073607820357,9.0,0.5209064592432212
0.0,AFW_diminishing,diminishing,430.0,0.011026144027709961,15.62718074182686,0.029036326699095838,9.0,0.520906024727562
0.0,AFW_diminishing,diminishing,431.0,0.011053085327148438,15.627192851755858,0.020979508677360315,9.0,0.520906428391862
0.0,AFW_diminishing,diminishing,432.0,0.011079072952270508,15.627180990401985,0.028672072132426507,9.0,0.5209060330133995
0.0,AFW_diminishing,diminishing,433.0,0.011105060577392578,15.627191946239098,0.02101461971054519,9.0,0.5209063982079699
0.0,AFW_diminishing,diminishing,434.0,0.011132001876831055,15.627181237950326,0.028311197738075222,9.0,0.5209060412650108
0.0,AFW_diminishing,diminishing,435.0,0.011158227920532227,15.627191060313349,0.021049411131610185,9.0,0.5209063686771116
0.0,AFW_diminishing,diminishing,436.0,0.011184215545654297,15.627181484468858,0.02795365668502292,9.0,0.5209060494822952
0.0,AFW_diminishing,diminishing,437.0,0.011211156845092773,15.627190193556386,0.021083887284609304,9.0,0.5209063397852128
0.0,AFW_diminishing,diminishing,438.0,0.011237144470214844,15.627181729954913,0.027599403003341294,9.0,0.5209060576651637
0.0,AFW_diminishing,diminishing,439.0,0.011263132095336914,15.627189345556431,0.021118052435234347,9.0,0.5209063115185477
0.0,AFW_diminishing,diminishing,440.0,0.011289119720458984,15.62718197440617,0.02724839156447878,9.0,0.520906065813539
0.0,AFW_diminishing,diminishing,441.0,0.011316061019897461,15.627188515911874,0.021151910772580607,9.0,0.5209062838637292
0.0,AFW_diminishing,diminishing,442.0,0.011342287063598633,15.627182217820653,0.026900578062099,9.0,0.5209060739273551
0.0,AFW_diminishing,diminishing,443.0,0.011367082595825195,15.62718770423098,0.02118546641082908,9.0,0.5209062568076993
0.0,AFW_diminishing,diminishing,444.0,0.011391162872314453,15.627182460196698,0.026555918993473426,9.0,0.5209060820065566
0.0,AFW_diminishing,diminishing,445.0,0.011416196823120117,15.62718691013161,0.02121872339095887,9.0,0.5209062303377203
0.0,AFW_diminishing,diminishing,446.0,0.01144099235534668,15.627182701532954,0.026214371641316347,9.0,0.5209060900510984
0.0,AFW_diminishing,diminishing,447.0,0.011467218399047852,15.627186133240935,0.021251685682321053,9.0,0.5209062044413645
0.0,AFW_diminishing,diminishing,448.0,0.011493921279907227,15.627182941828357,0.025875894056143878,9.0,0.5209060980609452
0.0,AFW_diminishing,diminishing,449.0,0.011520147323608398,15.627185373195196,0.0212843571842658,9.0,0.5209061791065065
0.0,AFW_diminishing,diminishing,450.0,0.011546134948730469,15.627183181082128,0.025540445039091253,9.0,0.5209061060360709
0.0,AFW_diminishing,diminishing,451.0,0.011569976806640625,15.627184629639435,0.021316741727629207,9.0,0.5209061543213145
0.0,AFW_diminishing,diminishing,452.0,0.011597156524658203,15.627183419293766,0.025207984125229288,9.0,0.5209061139764589
0.0,AFW_diminishing,diminishing,453.0,0.011623144149780273,15.627183902227248,0.02134884307626983,9.0,0.5209061300742416
0.0,AFW_diminishing,diminishing,454.0,0.011649131774902344,15.627183656463016,0.024878471567264526,9.0,0.5209061218821005
0.0,AFW_diminishing,diminishing,455.0,0.01167607307434082,15.627183190620565,0.02138066492850399,9.0,0.5209061063540188
0.0,AFW_diminishing,diminishing,456.0,0.011701107025146484,15.627183892589873,0.024551868319720782,9.0,0.5209061297529958
0.0,AFW_diminishing,diminishing,457.0,0.011725187301635742,15.627182494489393,0.021412210918546393,9.0,0.5209060831496465
0.0,AFW_diminishing,diminishing,458.0,0.011749267578125,15.627184127674573,0.02422813602348839,9.0,0.5209061375891524
0.0,AFW_diminishing,diminishing,459.0,0.011774063110351562,15.62718181351161,0.021443484617874375,9.0,0.520906060450387
0.0,AFW_diminishing,diminishing,460.0,0.01179814338684082,15.627184361717578,0.023907236990867275,9.0,0.520906145390586
0.0,AFW_diminishing,diminishing,461.0,0.011825084686279297,15.62718114737275,0.021474489536576158,9.0,0.5209060382457583
0.0,AFW_diminishing,diminishing,462.0,0.011851072311401367,15.627184594719559,0.023589134190869387,9.0,0.5209061531573186
0.0,AFW_diminishing,diminishing,463.0,0.011876106262207031,15.627180495765792,0.021505229124676006,9.0,0.5209060165255264
0.0,AFW_diminishing,diminishing,464.0,0.011898994445800781,15.627184826681404,0.023273791235025598,9.0,0.5209061608893801
0.0,AFW_diminishing,diminishing,465.0,0.011924028396606445,15.627179858390937,0.021535706773414987,9.0,0.5209059952796979
0.0,AFW_diminishing,diminishing,466.0,0.011948108673095703,15.62718505760419,0.022961172363501703,9.0,0.5209061685868064
0.0,AFW_diminishing,diminishing,467.0,0.011974096298217773,15.627179234955452,0.021565925816473097,9.0,0.5209059744985151
0.0,AFW_diminishing,diminishing,468.0,0.011999130249023438,15.627185287489198,0.022651242431583896,9.0,0.52090617624964
0.0,AFW_diminishing,diminishing,469.0,0.012024164199829102,15.627178625173435,0.021595889531216272,9.0,0.5209059541724479
0.0,AFW_diminishing,diminishing,470.0,0.012048959732055664,15.627185516337867,0.022343966896482215,9.0,0.5209061838779289
0.0,AFW_diminishing,diminishing,471.0,0.012073993682861328,15.627178028765668,0.021625601139865225,9.0,0.5209059342921889
0.0,AFW_diminishing,diminishing,472.0,0.01209712028503418,15.627185744151827,0.022039311804544326,9.0,0.5209061914717276
0.0,AFW_diminishing,diminishing,473.0,0.012122154235839844,15.627177445459404,0.021655063810644748,9.0,0.5209059148486468
0.0,AFW_diminishing,diminishing,474.0,0.01214599609375,15.62718597093287,0.02173724377872155,9.0,0.5209061990310957
0.0,AFW_diminishing,diminishing,475.0,0.012171030044555664,15.627176874988232,0.021684280658925914,9.0,0.520905895832941
0.0,AFW_diminishing,diminishing,476.0,0.01219630241394043,15.62718619668294,0.021437730006374167,9.0,0.520906206556098
0.0,AFW_diminishing,diminishing,477.0,0.012218952178955078,15.627176317091871,0.0217132547483061,9.0,0.5209058772363957
0.0,AFW_diminishing,diminishing,478.0,0.012243986129760742,15.627186421404138,0.021140738227414246,9.0,0.5209062140468046
0.0,AFW_diminishing,diminishing,479.0,0.012269258499145508,15.627175771516027,0.02174198909169256,9.0,0.5209058590505342
0.0,AFW_diminishing,diminishing,480.0,0.012293338775634766,15.627186645098696,0.02084623672272734,9.0,0.5209062215032899
0.0,AFW_diminishing,diminishing,481.0,0.012319087982177734,15.627175238012244,0.021770486652346932,9.0,0.5209058412670748
0.0,AFW_diminishing,diminishing,482.0,0.012346267700195312,15.627186867769005,0.020554194302823348,9.0,0.5209062289256335
0.0,AFW_diminishing,diminishing,483.0,0.012371063232421875,15.62717471633772,0.021798750344888873,9.0,0.520905823877924
0.0,AFW_diminishing,diminishing,484.0,0.012395143508911133,15.627187089417564,0.020264580296920798,9.0,0.5209062363139189
0.0,AFW_diminishing,diminishing,485.0,0.01241922378540039,15.627174206255189,0.021826783036306807,9.0,0.520905806875173
0.0,AFW_diminishing,diminishing,486.0,0.012444019317626953,15.62718731004701,0.019977364542141274,9.0,0.5209062436682337
0.0,AFW_diminishing,diminishing,487.0,0.012471199035644531,15.627173707532757,0.021854587546920712,9.0,0.5209057902510918
0.0,AFW_diminishing,diminishing,488.0,0.012498140335083008,15.627187529660095,0.019692517373052,9.0,0.5209062509886698
0.0,AFW_diminishing,diminishing,489.0,0.012523174285888672,15.627173219943774,0.02188216665132714,9.0,0.5209057739981258
0.0,AFW_diminishing,diminishing,490.0,0.012550115585327148,15.627165501280135,0.019410009611469548,9.0,0.5209055167093378
0.0,AFW_diminishing,diminishing,491.0,0.012576103210449219,15.62717338040464,0.01569076582543616,9.0,0.5209057793468214
0.0,AFW_diminishing,diminishing,492.0,0.01260232925415039,15.627165117354169,0.019432967972534243,9.0,0.5209055039118057
0.0,AFW_diminishing,diminishing,493.0,0.012629032135009766,15.627173540148013,0.015476218909887152,9.0,0.5209057846716004
0.0,AFW_diminishing,diminishing,494.0,0.012656211853027344,15.62716474174312,0.019455741969819584,9.0,0.5209054913914374
0.0,AFW_diminishing,diminishing,495.0,0.012682199478149414,15.6271736991756,0.015263416131764629,9.0,0.52090578997252
0.0,AFW_diminishing,diminishing,496.0,0.012707233428955078,15.627164374283938,0.019478333815120763,9.0,0.520905479142798
0.0,AFW_diminishing,diminishing,497.0,0.012732982635498047,15.62717385748918,0.015052336309738124,9.0,0.5209057952496393
0.0,AFW_diminishing,diminishing,498.0,0.012760162353515625,15.627164014817183,0.01950074568498472,9.0,0.5209054671605727
0.0,AFW_diminishing,diminishing,499.0,0.012786149978637695,15.627174015090612,0.01484295860404572,9.0,0.5209058005030204
0.0,AFW_diminishing,diminishing,500.0,0.012812137603759766,15.627163663186934,0.019522979721434908,9.0,0.5209054554395645
0.0,AFW_diminishing,diminishing,501.0,0.012839078903198242,15.627174171981837,0.014635262509674618,9.0,0.5209058057327279
0.0,AFW_diminishing,diminishing,502.0,0.01286625862121582,15.62716331924071,0.019545038032637407,9.0,0.5209054439746903
0.0,AFW_diminishing,diminishing,503.0,0.012892007827758789,15.627174328164868,0.014429227849625192,9.0,0.5209058109388289
0.0,AFW_diminishing,diminishing,504.0,0.012917041778564453,15.62716298282937,0.019566922693543987,9.0,0.520905432760979
0.0,AFW_diminishing,diminishing,505.0,0.012943267822265625,15.627174483641781,0.01422483476838643,9.0,0.5209058161213928
0.0,AFW_diminishing,diminishing,506.0,0.012970209121704102,15.627162653807039,0.019588635746606187,9.0,0.5209054217935679
0.0,AFW_diminishing,diminishing,507.0,0.012996196746826172,15.62717463841472,0.014022063725599665,9.0,0.5209058212804907
0.0,AFW_diminishing,diminishing,508.0,0.013022184371948242,15.627162332031022,0.01961017920234731,9.0,0.5209054110677007
0.0,AFW_diminishing,diminishing,509.0,0.013049125671386719,15.627174792485906,0.013820895489763174,9.0,0.5209058264161969
0.0,AFW_diminishing,diminishing,510.0,0.013075113296508789,15.627162017361725,0.019631555040007242,9.0,0.5209054005787241
0.0,AFW_diminishing,diminishing,511.0,0.01310110092163086,15.627174945857597,0.013621311132219205,9.0,0.5209058315285866
0.0,AFW_diminishing,diminishing,512.0,0.01312708854675293,15.627161709662582,0.019652765208157064,9.0,0.520905390322086
0.0,AFW_diminishing,diminishing,513.0,0.013153076171875,15.627175098532124,0.013423292021156996,9.0,0.5209058366177375
0.0,AFW_diminishing,diminishing,514.0,0.01317906379699707,15.627161408799966,0.01967381162527282,9.0,0.5209053802933322
0.0,AFW_diminishing,diminishing,515.0,0.01320505142211914,15.627175250511865,0.013226819815882251,9.0,0.5209058416837288
0.0,AFW_diminishing,diminishing,516.0,0.013232231140136719,15.627161114643135,0.019694696180335924,9.0,0.5209053704881045
0.0,AFW_diminishing,diminishing,517.0,0.013258218765258789,15.627175401799246,0.013031876461093717,9.0,0.5209058467266415
0.0,AFW_diminishing,diminishing,518.0,0.01328420639038086,15.627160827064142,0.019715420733380284,9.0,0.520905360902138
0.0,AFW_diminishing,diminishing,519.0,0.013308048248291016,15.627175552396752,0.012838444181367592,9.0,0.5209058517465583
0.0,AFW_diminishing,diminishing,520.0,0.013335227966308594,15.627160545937786,0.01973598711605007,9.0,0.5209053515312595
0.0,AFW_diminishing,diminishing,521.0,0.013360261917114258,15.6271757023069,0.012646505475798264,9.0,0.5209058567435634
0.0,AFW_diminishing,diminishing,522.0,0.013384103775024414,15.62716027114153,0.019756397132130843,9.0,0.5209053423713843
0.0,AFW_diminishing,diminishing,523.0,0.013409137725830078,15.627175851532266,0.012456043112669235,9.0,0.5209058617177422
0.0,AFW_diminishing,diminishing,524.0,0.013433218002319336,15.627160002555437,0.019776652558102015,9.0,0.5209053334185145
0.0,AFW_diminishing,diminishing,525.0,0.013460159301757812,15.627176000075455,0.012267040124312345,9.0,0.5209058666691818
0.0,AFW_diminishing,diminishing,526.0,0.013486146926879883,15.627159740062117,0.019796755143630662,9.0,0.5209053246687373
0.0,AFW_diminishing,diminishing,527.0,0.013512134552001953,15.627176147939108,0.012079479802078907,9.0,0.5209058715979703
0.0,AFW_diminishing,diminishing,528.0,0.013538122177124023,15.627159483546654,0.019816706612072466,9.0,0.5209053161182218
0.0,AFW_diminishing,diminishing,529.0,0.0135650634765625,15.627176295125919,0.01189334569139966,9.0,0.5209058765041973
0.0,AFW_diminishing,diminishing,530.0,0.013592243194580078,15.627159232896554,0.019836508660970864,9.0,0.5209053077632185
0.0,AFW_diminishing,diminishing,531.0,0.01361703872680664,15.627176441638605,0.011708621587006363,9.0,0.5209058813879535
0.0,AFW_diminishing,diminishing,532.0,0.013641119003295898,15.62715898800168,0.019856162962554436,9.0,0.520905299600056
0.0,AFW_diminishing,diminishing,533.0,0.013665199279785156,15.627176587479909,0.011525291528185377,9.0,0.5209058862493303
0.0,AFW_diminishing,diminishing,534.0,0.01369023323059082,15.627158748754207,0.019875671164180986,9.0,0.5209052916251402
0.0,AFW_diminishing,diminishing,535.0,0.013714075088500977,15.627176732652623,0.011343339794199991,9.0,0.5209058910884208
0.0,AFW_diminishing,diminishing,536.0,0.013741254806518555,15.627158515048546,0.019895034888801177,9.0,0.5209052838349515
0.0,AFW_diminishing,diminishing,537.0,0.013767004013061523,15.627176877159547,0.011162750899822882,9.0,0.5209058959053182
0.0,AFW_diminishing,diminishing,538.0,0.013793230056762695,15.627158286781315,0.019914255735443476,9.0,0.5209052762260439
0.0,AFW_diminishing,diminishing,539.0,0.013818979263305664,15.627177021003526,0.010983509590891671,9.0,0.5209059007001176
0.0,AFW_diminishing,diminishing,540.0,0.013846158981323242,15.627158063851263,0.01993333527959784,9.0,0.5209052687950421
0.0,AFW_diminishing,diminishing,541.0,0.013872146606445312,15.62717716418741,0.010805600840052776,9.0,0.5209059054729137
0.0,AFW_diminishing,diminishing,542.0,0.013898134231567383,15.627157846159248,0.019952275073702452,9.0,0.5209052615386416
0.0,AFW_diminishing,diminishing,543.0,0.013924121856689453,15.627177306714096,0.010629009842574533,9.0,0.5209059102238032
0.0,AFW_diminishing,diminishing,544.0,0.013950109481811523,15.62715763360816,0.019971076647513186,9.0,0.5209052544536054
0.0,AFW_diminishing,diminishing,545.0,0.013976097106933594,15.627177448586483,0.010453722012165656,9.0,0.5209059149528827
0.0,AFW_diminishing,diminishing,546.0,0.01400303840637207,15.627157426102883,0.01998974150856725,9.0,0.5209052475367628
0.0,AFW_diminishing,diminishing,547.0,0.014028072357177734,15.627177589807502,0.010279722977076133,9.0,0.52090591966025
0.0,AFW_diminishing,diminishing,548.0,0.014054059982299805,15.627157223550247,0.020008271142524237,9.0,0.5209052407850082
0.0,AFW_diminishing,diminishing,549.0,0.014081239700317383,15.62717773038009,0.01010699857604358,9.0,0.520905924346003
0.0,AFW_diminishing,diminishing,550.0,0.014106988906860352,15.627157025859,0.020026667013627986,9.0,0.5209052341953
0.0,AFW_diminishing,diminishing,551.0,0.014133214950561523,15.627194546910138,0.010040273438260527,9.0,0.5209064848970046
0.0,AFW_diminishing,diminishing,552.0,0.014159917831420898,15.627156831388593,0.019973923988587217,9.0,0.5209052277129531
0.0,AFW_diminishing,diminishing,553.0,0.01418614387512207,15.627177204528746,0.009989099056520345,9.0,0.5209059068176248
0.0,AFW_diminishing,diminishing,554.0,0.01421213150024414,15.627156638802628,0.01978758970700767,9.0,0.520905221293421
0.0,AFW_diminishing,diminishing,555.0,0.014238119125366211,15.627193965452452,0.009872164165688702,9.0,0.5209064655150818
0.0,AFW_diminishing,diminishing,556.0,0.014264106750488281,15.627156450327531,0.019786964547131802,9.0,0.5209052150109177
0.0,AFW_diminishing,diminishing,557.0,0.014290094375610352,15.627176691431261,0.00987290955260356,9.0,0.5209058897143753
0.0,AFW_diminishing,diminishing,558.0,0.01431727409362793,15.627156262689308,0.019551937345561043,9.0,0.5209052087563103
0.0,AFW_diminishing,diminishing,559.0,0.014343023300170898,15.62719339658426,0.009706478494042159,9.0,0.5209064465528087
0.0,AFW_diminishing,diminishing,560.0,0.01436924934387207,15.627156080013552,0.019602674162300104,9.0,0.5209052026671184
0.0,AFW_diminishing,diminishing,561.0,0.014395952224731445,15.627176190705647,0.009758393133260768,9.0,0.5209058730235215
0.0,AFW_diminishing,diminishing,562.0,0.014422178268432617,15.627155897171367,0.019319636856492295,9.0,0.5209051965723789
0.0,AFW_diminishing,diminishing,563.0,0.014448165893554688,15.627176322713899,0.009594174043472847,9.0,0.5209058774237966
0.0,AFW_diminishing,diminishing,564.0,0.014474153518676758,15.627155718690416,0.01933713252857494,9.0,0.5209051906230139
0.0,AFW_diminishing,diminishing,565.0,0.014500141143798828,15.627192102124926,0.009594502395680493,9.0,0.5209064034041642
0.0,AFW_diminishing,diminishing,566.0,0.014527082443237305,15.627155541901008,0.019222999038749577,9.0,0.5209051847300336
0.0,AFW_diminishing,diminishing,567.0,0.014553308486938477,15.627175836747847,0.009482103440824119,9.0,0.5209058612249282
0.0,AFW_diminishing,diminishing,568.0,0.014579057693481445,15.62715536797059,0.019109719472258035,9.0,0.520905178932353
0.0,AFW_diminishing,diminishing,569.0,0.014605283737182617,15.627191565984207,0.009434645456554591,9.0,0.5209063855328069
0.0,AFW_diminishing,diminishing,570.0,0.014631986618041992,15.627155196556908,0.019045143397603326,9.0,0.5209051732185636
0.0,AFW_diminishing,diminishing,571.0,0.014658212661743164,15.62717536230143,0.009371618088506395,9.0,0.5209058454100476
0.0,AFW_diminishing,diminishing,572.0,0.014683961868286133,15.627155027039393,0.01888548458864925,9.0,0.5209051675679798
0.0,AFW_diminishing,diminishing,573.0,0.014710187911987305,15.627191041196483,0.00927703644286737,9.0,0.5209063680398828
0.0,AFW_diminishing,diminishing,574.0,0.014735937118530273,15.627154860829409,0.01886976496014192,9.0,0.5209051620276469
0.0,AFW_diminishing,diminishing,575.0,0.014760017395019531,15.627174899037719,0.009262684591103465,9.0,0.520905829967924
0.0,AFW_diminishing,diminishing,576.0,0.014783143997192383,15.627154695592148,0.01866436171673236,9.0,0.5209051565197382
0.0,AFW_diminishing,diminishing,577.0,0.014808177947998047,15.627190527446695,0.009121628272737325,9.0,0.5209063509148898
0.0,AFW_diminishing,diminishing,578.0,0.014832258224487305,15.627154534420226,0.018696812330558643,9.0,0.5209051511473409
0.0,AFW_diminishing,diminishing,579.0,0.014858007431030273,15.627174446631702,0.009155270484603406,9.0,0.5209058148877234
0.0,AFW_diminishing,diminishing,580.0,0.014883279800415039,15.627154373335333,0.01844628651920921,9.0,0.5209051457778444
0.0,AFW_diminishing,diminishing,581.0,0.014906167984008789,15.627174568517736,0.009001092540186661,9.0,0.5209058189505912
0.0,AFW_diminishing,diminishing,582.0,0.014930009841918945,15.627154216060493,0.01846271856702053,9.0,0.5209051405353498
0.0,AFW_diminishing,diminishing,583.0,0.01495504379272461,15.627189354587555,0.009016625447451077,9.0,0.5209063118195851
0.0,AFW_diminishing,diminishing,584.0,0.014979124069213867,15.627154059976704,0.018340297249062942,9.0,0.5209051353325568
0.0,AFW_diminishing,diminishing,585.0,0.015006065368652344,15.627180795232958,0.008895901374314619,9.0,0.5209060265077653
0.0,AFW_diminishing,diminishing,586.0,0.015032291412353516,15.627154112015853,0.024729810389059637,9.0,0.5209051370671951
0.0,AFW_diminishing,diminishing,587.0,0.015058040618896484,15.627180368293331,0.008902285493704198,9.0,0.5209060122764444
0.0,AFW_diminishing,diminishing,588.0,0.015084266662597656,15.62715416402993,0.024557382108515213,9.0,0.5209051388009976
0.0,AFW_diminishing,diminishing,589.0,0.015110969543457031,15.627179947197828,0.00890862698639161,9.0,0.5209059982399276
0.0,AFW_diminishing,diminishing,590.0,0.015137195587158203,15.62715421601588,0.02438612873249113,9.0,0.5209051405338626
0.0,AFW_diminishing,diminishing,591.0,0.015162944793701172,15.627179531857417,0.008914926277801882,9.0,0.5209059843952473
0.0,AFW_diminishing,diminishing,592.0,0.01519012451171875,15.627154267970727,0.02421603829358432,9.0,0.520905142265691
0.0,AFW_diminishing,diminishing,593.0,0.015215158462524414,15.627179122184678,0.00892118378768636,9.0,0.5209059707394893
0.0,AFW_diminishing,diminishing,594.0,0.015238046646118164,15.627154319891591,0.024047098986365256,9.0,0.5209051439963864
0.0,AFW_diminishing,diminishing,595.0,0.015263080596923828,15.627178718093745,0.008927399930259483,9.0,0.5209059572697915
0.0,AFW_diminishing,diminishing,596.0,0.015288114547729492,15.627154371775658,0.02387929916465481,9.0,0.5209051457258552
0.0,AFW_diminishing,diminishing,597.0,0.015311956405639648,15.627178319500295,0.00893357511430004,9.0,0.5209059439833432
0.0,AFW_diminishing,diminishing,598.0,0.01533818244934082,15.627154423620206,0.023712627338840164,9.0,0.5209051474540068
0.0,AFW_diminishing,diminishing,599.0,0.01536417007446289,15.6271779263215,0.00893970974318492,9.0,0.5209059308773833
0.0,AFW_diminishing,diminishing,600.0,0.015391111373901367,15.627154475422586,0.023547072173263572,9.0,0.5209051491807528
0.0,AFW_diminishing,diminishing,601.0,0.015417098999023438,15.627177538476,0.008945804215047204,9.0,0.5209059179491999
0.0,AFW_diminishing,diminishing,602.0,0.015443086624145508,15.62715452718022,0.023382622483630655,9.0,0.5209051509060073
0.0,AFW_diminishing,diminishing,603.0,0.015469074249267578,15.627177155883881,0.008951858922808142,9.0,0.5209059051961293
0.0,AFW_diminishing,diminishing,604.0,0.015495061874389648,15.62715457889061,0.023219267234519947,9.0,0.520905152629687
0.0,AFW_diminishing,diminishing,605.0,0.015522241592407227,15.627176778466628,0.008957874254278408,9.0,0.5209058926155543
0.0,AFW_diminishing,diminishing,606.0,0.015547990798950195,15.62715463055133,0.02305699553690843,9.0,0.520905154351711
0.0,AFW_diminishing,diminishing,607.0,0.015572071075439453,15.62717640614712,0.00896385059224869,9.0,0.520905880204904
0.0,AFW_diminishing,diminishing,608.0,0.015596151351928711,15.627154682160013,0.022895796645713062,9.0,0.5209051560720004
0.0,AFW_diminishing,diminishing,609.0,0.015621185302734375,15.627176038849578,0.008969788314566074,9.0,0.5209058679616526
0.0,AFW_diminishing,diminishing,610.0,0.015644073486328125,15.627154733714368,0.022735659957476173,9.0,0.520905157790479
0.0,AFW_diminishing,diminishing,611.0,0.015671253204345703,15.627175676499544,0.008975687794219311,9.0,0.5209058558833182
0.0,AFW_diminishing,diminishing,612.0,0.015696048736572266,15.627154785212179,0.022576575008018906,9.0,0.5209051595070726
0.0,AFW_diminishing,diminishing,613.0,0.015722036361694336,15.627175319023872,0.008981549399392108,9.0,0.5209058439674624
0.0,AFW_diminishing,diminishing,614.0,0.015746116638183594,15.627154836651272,0.022418531470140834,9.0,0.520905161221709
0.0,AFW_diminishing,diminishing,615.0,0.015772104263305664,15.62717496635068,0.008987373493578588,9.0,0.5209058322116893
0.0,AFW_diminishing,diminishing,616.0,0.015796184539794922,15.627154888029557,0.022261519151417275,9.0,0.5209051629343185
0.0,AFW_diminishing,diminishing,617.0,0.015821218490600586,15.627174618409322,0.00899316043561349,9.0,0.5209058206136441
0.0,AFW_diminishing,diminishing,618.0,0.015846967697143555,15.627154939344996,0.022105527991984175,9.0,0.5209051646448332
0.0,AFW_diminishing,diminishing,619.0,0.015873193740844727,15.627174275130391,0.008998910579798292,9.0,0.520905809171013
0.0,AFW_diminishing,diminishing,620.0,0.015898942947387695,15.627154990595614,0.021950548062406483,9.0,0.5209051663531871
0.0,AFW_diminishing,diminishing,621.0,0.015925168991088867,15.627173936445661,0.009004624275922524,9.0,0.520905797881522
0.0,AFW_diminishing,diminishing,622.0,0.015951156616210938,15.627155041779487,0.021796569561564283,9.0,0.5209051680593162
0.0,AFW_diminishing,diminishing,623.0,0.015977144241333008,15.627173602288085,0.009010301869359694,9.0,0.5209057867429362
0.0,AFW_diminishing,diminishing,624.0,0.016004323959350586,15.627155092894757,0.021643582814585116,9.0,0.5209051697631586
0.0,AFW_diminishing,diminishing,625.0,0.01602911949157715,15.627173272591753,0.009015943701159657,9.0,0.5209057757530584
0.0,AFW_diminishing,diminishing,626.0,0.016056299209594727,15.62715514393962,0.02149157827082071,9.0,0.520905171464654
0.0,AFW_diminishing,diminishing,627.0,0.016079187393188477,15.627172947291896,0.009021550108046839,9.0,0.5209057649097298
0.0,AFW_diminishing,diminishing,628.0,0.01610398292541504,15.627155194912323,0.02134054650185746,9.0,0.5209051731637441
0.0,AFW_diminishing,diminishing,629.0,0.016128063201904297,15.627172626324844,0.009027121422564122,9.0,0.5209057542108282
0.0,AFW_diminishing,diminishing,630.0,0.016152143478393555,15.627155245811167,0.021190478199567764,9.0,0.5209051748603722
0.0,AFW_diminishing,diminishing,631.0,0.016178131103515625,15.627172309627994,0.00903265797311903,9.0,0.5209057436542665
0.0,AFW_diminishing,diminishing,632.0,0.0162050724029541,15.6271552966345,0.021041364174207544,9.0,0.5209051765544833
0.0,AFW_diminishing,diminishing,633.0,0.016231060028076172,15.627171997139824,0.009038160083978397,9.0,0.5209057332379942
0.0,AFW_diminishing,diminishing,634.0,0.016256093978881836,15.627155347380736,0.020893195352511995,9.0,0.5209051782460246
0.0,AFW_diminishing,diminishing,635.0,0.016280174255371094,15.627171688799834,0.009043628075456667,9.0,0.5209057229599945
0.0,AFW_diminishing,diminishing,636.0,0.016304969787597656,15.62715539804831,0.020745962775899685,9.0,0.5209051799349437
0.0,AFW_diminishing,diminishing,637.0,0.016331195831298828,15.627171384548552,0.009049062263859042,9.0,0.520905712818285
0.0,AFW_diminishing,diminishing,638.0,0.016356229782104492,15.627155448635737,0.020599657598619814,9.0,0.5209051816211913
0.0,AFW_diminishing,diminishing,639.0,0.01637887954711914,15.627171084327504,0.009054462961625376,9.0,0.5209057028109167
0.0,AFW_diminishing,diminishing,640.0,0.016404151916503906,15.627155499141548,0.020454271086023823,9.0,0.5209051833047182
0.0,AFW_diminishing,diminishing,641.0,0.016428232192993164,15.627170788079187,0.009059830477337272,9.0,0.5209056929359729
0.0,AFW_diminishing,diminishing,642.0,0.016452312469482422,15.627155549564343,0.020309794612794363,9.0,0.5209051849854781
0.0,AFW_diminishing,diminishing,643.0,0.016479015350341797,15.627170495747068,0.009065165115803353,9.0,0.5209056831915689
0.0,AFW_diminishing,diminishing,644.0,0.01650524139404297,15.627155599902759,0.02016621966124177,9.0,0.5209051866634253
0.0,AFW_diminishing,diminishing,645.0,0.01653003692626953,15.627170207275546,0.009070467178121433,9.0,0.5209056735758515
0.0,AFW_diminishing,diminishing,646.0,0.01655411720275879,15.627155650155467,0.020023537819669812,9.0,0.5209051883385156
0.0,AFW_diminishing,diminishing,647.0,0.016578197479248047,15.627169922609943,0.009075736961712266,9.0,0.5209056640869981
0.0,AFW_diminishing,diminishing,648.0,0.01660299301147461,15.627155700321188,0.019881740780681056,9.0,0.5209051900107062
0.0,AFW_diminishing,diminishing,649.0,0.016627073287963867,15.6271696416965,0.009080974760394156,9.0,0.5209056547232167
0.0,AFW_diminishing,diminishing,650.0,0.01665210723876953,15.627155750398689,0.019740820339583465,9.0,0.5209051916799563
0.0,AFW_diminishing,diminishing,651.0,0.016675233840942383,15.627169364482336,0.009086180864416704,9.0,0.5209056454827445
0.0,AFW_diminishing,diminishing,652.0,0.016700029373168945,15.627155800386767,0.019600768392828982,9.0,0.5209051933462255
0.0,AFW_diminishing,diminishing,653.0,0.016724109649658203,15.627169090915434,0.009091355560562064,9.0,0.5209056363638478
0.0,AFW_diminishing,diminishing,654.0,0.01674818992614746,15.627155850284266,0.019461576936437908,9.0,0.5209051950094755
0.0,AFW_diminishing,diminishing,655.0,0.016775131225585938,15.627168820944641,0.009096499132125402,9.0,0.5209056273648214
0.0,AFW_diminishing,diminishing,656.0,0.016801118850708008,15.62715590009006,0.01932323806447478,9.0,0.5209051966696686
0.0,AFW_diminishing,diminishing,657.0,0.016827106475830078,15.627168554519637,0.009101611859025027,9.0,0.5209056184839879
0.0,AFW_diminishing,diminishing,658.0,0.01685309410095215,15.627155949803072,0.019185743967561564,9.0,0.5209051983267691
0.0,AFW_diminishing,diminishing,659.0,0.016880273818969727,15.627168291590925,0.009106694017834371,9.0,0.5209056097196975
0.0,AFW_diminishing,diminishing,660.0,0.016906023025512695,15.627155999422243,0.01904908693139795,9.0,0.5209051999807415
0.0,AFW_diminishing,diminishing,661.0,0.016932249069213867,15.627168032109818,0.009111745881826394,9.0,0.5209056010703272
0.0,AFW_diminishing,diminishing,662.0,0.016957998275756836,15.62715604894657,0.018913259335329613,9.0,0.5209052016315524
0.0,AFW_diminishing,diminishing,663.0,0.016985177993774414,15.627167776028417,0.009116767721032204,9.0,0.5209055925342806
0.0,AFW_diminishing,diminishing,664.0,0.017011165618896484,15.627156098375066,0.018778253650914678,9.0,0.5209052032791689
0.0,AFW_diminishing,diminishing,665.0,0.017037153244018555,15.627167523299592,0.009121759802278362,9.0,0.5209055841099864
0.0,AFW_diminishing,diminishing,666.0,0.017061233520507812,15.627156147706792,0.01864406244056127,9.0,0.5209052049235597
0.0,AFW_diminishing,diminishing,667.0,0.017086029052734375,15.627167273876985,0.009126722389229514,9.0,0.5209055757958995
0.0,AFW_diminishing,diminishing,668.0,0.017110109329223633,15.627156196940838,0.01851067835612774,9.0,0.5209052065646946
0.0,AFW_diminishing,diminishing,669.0,0.017135143280029297,15.627167027714977,0.009131655742464773,9.0,0.5209055675904992
0.0,AFW_diminishing,diminishing,670.0,0.017158985137939453,15.62715624607632,0.018378094137606382,9.0,0.5209052082025439
0.0,AFW_diminishing,diminishing,671.0,0.01718306541442871,15.627166784768692,0.00913656011950259,9.0,0.5209055594922897
0.0,AFW_diminishing,diminishing,672.0,0.017208099365234375,15.627156295112387,0.018246302611800047,9.0,0.5209052098370796
0.0,AFW_diminishing,diminishing,673.0,0.017232894897460938,15.627166544993958,0.009141435774822071,9.0,0.5209055514997986
0.0,AFW_diminishing,diminishing,674.0,0.017256975173950195,15.627156344048228,0.018115296691020077,9.0,0.5209052114682743
0.0,AFW_diminishing,diminishing,675.0,0.017283201217651367,15.627166308347324,0.009146282959966001,9.0,0.5209055436115775
0.0,AFW_diminishing,diminishing,676.0,0.017310142517089844,15.627156392883045,0.017985069371837525,9.0,0.5209052130961015
0.0,AFW_diminishing,diminishing,677.0,0.017336130142211914,15.627166074786022,0.009151101923519533,9.0,0.5209055358262007
0.0,AFW_diminishing,diminishing,678.0,0.017362117767333984,15.627156441616087,0.017855613733791742,9.0,0.5209052147205362
0.0,AFW_diminishing,diminishing,679.0,0.017388105392456055,15.62716584426797,0.009155892911202557,9.0,0.5209055281422657
0.0,AFW_diminishing,diminishing,680.0,0.017411231994628906,15.627156490246612,0.017726922938216205,9.0,0.5209052163415537
0.0,AFW_diminishing,diminishing,681.0,0.017435073852539062,15.62716561675175,0.009160656165869696,9.0,0.5209055205583917
0.0,AFW_diminishing,diminishing,682.0,0.017460107803344727,15.627156538773926,0.017598990227012834,9.0,0.5209052179591309
0.0,AFW_diminishing,diminishing,683.0,0.017484188079833984,15.627165392196606,0.009165391927597355,9.0,0.5209055130732202
0.0,AFW_diminishing,diminishing,684.0,0.01751112937927246,15.627156587197348,0.0174718089214565,9.0,0.520905219573245
0.0,AFW_diminishing,diminishing,685.0,0.01753711700439453,15.62716517056241,0.00917010043368549,9.0,0.5209055056854137
0.0,AFW_diminishing,diminishing,686.0,0.0175631046295166,15.627156635516227,0.017345372421035066,9.0,0.5209052211838743
0.0,AFW_diminishing,diminishing,687.0,0.017590045928955078,15.627164951809677,0.009174781918716235,9.0,0.5209054983936559
0.0,AFW_diminishing,diminishing,688.0,0.01761603355407715,15.627156683729936,0.017219674202337387,9.0,0.5209052227909978
0.0,AFW_diminishing,diminishing,689.0,0.01764202117919922,15.627164735899552,0.009179436614576986,9.0,0.5209054911966517
0.0,AFW_diminishing,diminishing,690.0,0.01766824722290039,15.627156731837875,0.01709470781789868,9.0,0.5209052243945959
0.0,AFW_diminishing,diminishing,691.0,0.017695188522338867,15.627164522793759,0.009184064750531462,9.0,0.5209054840931253
0.0,AFW_diminishing,diminishing,692.0,0.017721176147460938,15.627156779839469,0.01697046689510806,9.0,0.520905225994649
0.0,AFW_diminishing,diminishing,693.0,0.017747163772583008,15.62716431245464,0.009188666553225033,9.0,0.5209054770818213
0.0,AFW_diminishing,diminishing,694.0,0.017773151397705078,15.627156827734165,0.016846945135135627,9.0,0.5209052275911389
0.0,AFW_diminishing,diminishing,695.0,0.01779913902282715,15.627164104845132,0.009193242246716693,9.0,0.5209054701615045
0.0,AFW_diminishing,diminishing,696.0,0.01782512664794922,15.627156875521436,0.016724136311855986,9.0,0.5209052291840479
0.0,AFW_diminishing,diminishing,697.0,0.01785111427307129,15.627163899928727,0.009197792052548337,9.0,0.5209054633309576
0.0,AFW_diminishing,diminishing,698.0,0.017878055572509766,15.62715692320077,0.016602034270794874,9.0,0.520905230773359
0.0,AFW_diminishing,diminishing,699.0,0.017904281616210938,15.627163697669493,0.009202316189769633,9.0,0.5209054565889831
0.0,AFW_diminishing,diminishing,700.0,0.017931222915649414,15.627156970771686,0.016480632928125516,9.0,0.5209052323590562
0.0,AFW_diminishing,diminishing,701.0,0.017957210540771484,15.627163498032054,0.009206814874938019,9.0,0.5209054499344018
0.0,AFW_diminishing,diminishing,702.0,0.017982006072998047,15.627157018233719,0.016359926269638336,9.0,0.520905233941124
0.0,AFW_diminishing,diminishing,703.0,0.018006086349487305,15.627163300981579,0.009211288322212852,9.0,0.5209054433660526
0.0,AFW_diminishing,diminishing,704.0,0.018030166625976562,15.62715706558643,0.016239908349753307,9.0,0.5209052355195476
0.0,AFW_diminishing,diminishing,705.0,0.01805901527404785,15.627163106483767,0.009215736743334091,9.0,0.5209054368827922
0.0,AFW_diminishing,diminishing,706.0,0.018084287643432617,15.627162567704111,0.016153472365008525,9.0,0.5209054189234704
0.0,AFW_diminishing,diminishing,707.0,0.01810908317565918,15.627162914210944,0.013954522710161399,9.0,0.5209054304736981
0.0,AFW_diminishing,diminishing,708.0,0.018136262893676758,15.627156924457953,0.01608565082446134,9.0,0.5209052308152651
0.0,AFW_diminishing,diminishing,709.0,0.018162012100219727,15.627162723722432,0.009244018434509726,9.0,0.520905424124081
0.0,AFW_diminishing,diminishing,710.0,0.01818704605102539,15.627162412258613,0.015983470689441504,9.0,0.5209054137419538
0.0,AFW_diminishing,diminishing,711.0,0.018212318420410156,15.627162535602695,0.013956190864634621,9.0,0.5209054178534231
0.0,AFW_diminishing,diminishing,712.0,0.01823592185974121,15.627156786369046,0.01593313547708952,9.0,0.5209052262123015
0.0,AFW_diminishing,diminishing,713.0,0.01826000213623047,15.6271623490258,0.009271986473313731,9.0,0.5209054116341933
0.0,AFW_diminishing,diminishing,714.0,0.018285274505615234,15.627156832524069,0.015816468529617822,9.0,0.5209052277508023
0.0,AFW_diminishing,diminishing,715.0,0.018309354782104492,15.627162164848786,0.009276311413351834,9.0,0.5209054054949596
0.0,AFW_diminishing,diminishing,716.0,0.01833510398864746,15.627162048248989,0.015781247131776865,9.0,0.5209054016082997
0.0,AFW_diminishing,diminishing,717.0,0.01836109161376953,15.627161982195203,0.013948618277991542,9.0,0.5209053994065067
0.0,AFW_diminishing,diminishing,718.0,0.0183870792388916,15.62715669812693,0.01566651240097272,9.0,0.5209052232708976
0.0,AFW_diminishing,diminishing,719.0,0.018413066864013672,15.627161801783265,0.009303817286832938,9.0,0.5209053933927755
0.0,AFW_diminishing,diminishing,720.0,0.01844000816345215,15.627161900850693,0.01561596881109395,9.0,0.5209053966950231
0.0,AFW_diminishing,diminishing,721.0,0.01846623420715332,15.627161623037917,0.013950247256007131,9.0,0.5209053874345972
0.0,AFW_diminishing,diminishing,722.0,0.01849198341369629,15.627156566594051,0.015518226296132198,9.0,0.5209052188864683
0.0,AFW_diminishing,diminishing,723.0,0.018516063690185547,15.627161446300402,0.009331022282205836,9.0,0.5209053815433468
0.0,AFW_diminishing,diminishing,724.0,0.018540143966674805,15.627161756278502,0.01545252538481634,9.0,0.5209053918759501
0.0,AFW_diminishing,diminishing,725.0,0.018564224243164062,15.627161271367804,0.013951860395106763,9.0,0.5209053757122601
0.0,AFW_diminishing,diminishing,726.0,0.018589019775390625,15.627156437855676,0.015371582472436529,9.0,0.5209052145951892
0.0,AFW_diminishing,diminishing,727.0,0.018615245819091797,15.627161098216659,0.009357931309072143,9.0,0.5209053699405553
0.0,AFW_diminishing,diminishing,728.0,0.018640995025634766,15.627161614466376,0.015290886466308606,9.0,0.5209053871488792
0.0,AFW_diminishing,diminishing,729.0,0.018667221069335938,15.627160927004097,0.013953457921246581,9.0,0.5209053642334699
0.0,AFW_diminishing,diminishing,730.0,0.018693208694458008,15.627156311844065,0.015226553798308728,9.0,0.5209052103948022
0.0,AFW_diminishing,diminishing,731.0,0.018719196319580078,15.627160757353794,0.00938454917079845,9.0,0.5209053585784598
0.0,AFW_diminishing,diminishing,732.0,0.018746137619018555,15.627161475350123,0.015131022336154487,9.0,0.5209053825116707
0.0,AFW_diminishing,diminishing,733.0,0.018772125244140625,15.627160589771215,0.013955040056194079,9.0,0.5209053529923738
0.0,AFW_diminishing,diminishing,734.0,0.018798112869262695,15.627156188493412,0.015083113736519493,9.0,0.5209052062831138
0.0,AFW_diminishing,diminishing,735.0,0.018824100494384766,15.627160423538653,0.009410880567372715,9.0,0.5209053474512885
0.0,AFW_diminishing,diminishing,736.0,0.018850088119506836,15.627156231992503,0.01497334070034917,9.0,0.5209052077330835
0.0,AFW_diminishing,diminishing,737.0,0.018877029418945312,15.627160259409644,0.009414950923741117,9.0,0.5209053419803215
0.0,AFW_diminishing,diminishing,738.0,0.018903255462646484,15.627161146961944,0.014940799378591052,9.0,0.5209053715653982
0.0,AFW_diminishing,diminishing,739.0,0.01892995834350586,15.627160096602108,0.013947937891856554,9.0,0.5209053365534035
0.0,AFW_diminishing,diminishing,740.0,0.01895618438720703,15.627156111869098,0.014832235744883349,9.0,0.52090520372897
0.0,AFW_diminishing,diminishing,741.0,0.01898193359375,15.62715993576602,0.009440859992992046,9.0,0.5209053311922006
0.0,AFW_diminishing,diminishing,742.0,0.019008159637451172,15.627161014902509,0.014785245230042321,9.0,0.520905367163417
0.0,AFW_diminishing,diminishing,743.0,0.01903510093688965,15.627159776379886,0.013949483731755308,9.0,0.5209053258793295
0.0,AFW_diminishing,diminishing,744.0,0.01906108856201172,15.627155994257153,0.014692655546667766,9.0,0.5209051998085718
0.0,AFW_diminishing,diminishing,745.0,0.01908731460571289,15.627159618759439,0.009466493925849306,9.0,0.5209053206253146
0.0,AFW_diminishing,diminishing,746.0,0.01911306381225586,15.627160885321835,0.014631366861655337,9.0,0.5209053628440612
0.0,AFW_diminishing,diminishing,747.0,0.01913928985595703,15.627159462713236,0.013951014911835813,9.0,0.5209053154237745
0.0,AFW_diminishing,diminishing,748.0,0.0191650390625,15.627155879097074,0.014554575524774904,9.0,0.5209051959699025
0.0,AFW_diminishing,diminishing,749.0,0.019191265106201172,15.627159308233313,0.009491857081503241,9.0,0.5209053102744438
0.0,AFW_diminishing,diminishing,750.0,0.01921701431274414,15.627160758163496,0.014479137339447945,9.0,0.5209053586054498
0.0,AFW_diminishing,diminishing,751.0,0.019243240356445312,15.627159155447863,0.013952531636389764,9.0,0.5209053051815954
0.0,AFW_diminishing,diminishing,752.0,0.01926708221435547,15.627155766330935,0.014417971623794656,9.0,0.5209051922110312
0.0,AFW_diminishing,diminishing,753.0,0.019290924072265625,15.62715900403544,0.009516953727530364,9.0,0.5209053001345146
0.0,AFW_diminishing,diminishing,754.0,0.01931619644165039,15.627160633372602,0.014328530303535203,9.0,0.5209053544457534
0.0,AFW_diminishing,diminishing,755.0,0.019340038299560547,15.627158854433779,0.01395403410600693,9.0,0.5209052951477926
0.0,AFW_diminishing,diminishing,756.0,0.019366025924682617,15.627155655902428,0.014282820299872157,9.0,0.5209051885300809
0.0,AFW_diminishing,diminishing,757.0,0.01938915252685547,15.627158706017852,0.009541788042321642,9.0,0.5209052902005951
0.0,AFW_diminishing,diminishing,758.0,0.019412994384765625,15.627160510895772,0.014179519952930875,9.0,0.5209053503631924
0.0,AFW_diminishing,diminishing,759.0,0.01943826675415039,15.627158559525169,0.013955522517662189,9.0,0.5209052853175057
0.0,AFW_diminishing,diminishing,760.0,0.019463062286376953,15.627155547756812,0.014149098507209246,9.0,0.5209051849252271
0.0,AFW_diminishing,diminishing,761.0,0.01949334144592285,15.627158414036703,0.009566364117373993,9.0,0.5209052804678901
0.0,AFW_diminishing,diminishing,762.0,0.019518136978149414,15.627155588378788,0.014046712801102146,9.0,0.5209051862792929
0.0,AFW_diminishing,diminishing,763.0,0.019545316696166992,15.627158270356786,0.009570161504688812,9.0,0.5209052756785595
0.0,AFW_diminishing,diminishing,764.0,0.01957106590270996,15.627160218975645,0.014002151617855674,9.0,0.5209053406325215
0.0,AFW_diminishing,diminishing,765.0,0.019597291946411133,15.627158127950555,0.013948921590383634,9.0,0.5209052709316851
0.0,AFW_diminishing,diminishing,766.0,0.0196230411529541,15.62715548299649,0.013915093747742802,9.0,0.5209051827665496
0.0,AFW_diminishing,diminishing,767.0,0.019649028778076172,15.62715798709422,0.00959435664218411,9.0,0.520905266236474
0.0,AFW_diminishing,diminishing,768.0,0.019675016403198242,15.627160102570503,0.013857022607014713,9.0,0.5209053367523501
0.0,AFW_diminishing,diminishing,769.0,0.01970219612121582,15.627157847623453,0.013950376775307305,9.0,0.5209052615874484
0.0,AFW_diminishing,diminishing,770.0,0.01972794532775879,15.627155379772566,0.013784848698815466,9.0,0.5209051793257522
0.0,AFW_diminishing,diminishing,771.0,0.01975417137145996,15.62715770952634,0.009618303414155704,9.0,0.5209052569842113
0.0,AFW_diminishing,diminishing,772.0,0.01978015899658203,15.627159988298423,0.013713404181403988,9.0,0.5209053329432808
0.0,AFW_diminishing,diminishing,773.0,0.019807100296020508,15.627157572923128,0.013951818553120887,9.0,0.5209052524307709
0.0,AFW_diminishing,diminishing,774.0,0.019833087921142578,15.627155278657288,0.013655956251225732,9.0,0.5209051759552429
0.0,AFW_diminishing,diminishing,775.0,0.01985907554626465,15.627157437522621,0.009642005625071448,9.0,0.5209052479174207
0.0,AFW_diminishing,diminishing,776.0,0.01988506317138672,15.62715987611228,0.01357127287908888,9.0,0.5209053292037427
0.0,AFW_diminishing,diminishing,777.0,0.019912004470825195,15.627157303720908,0.013953247105614963,9.0,0.5209052434573637
0.0,AFW_diminishing,diminishing,778.0,0.019938230514526367,15.627155179602267,0.013528395444092567,9.0,0.520905172653409
0.0,AFW_diminishing,diminishing,779.0,0.019963979721069336,15.627157170956094,0.009665467002102801,9.0,0.5209052390318698
0.0,AFW_diminishing,diminishing,780.0,0.019990205764770508,15.627155218431362,0.013430696021426769,9.0,0.5209051739477121
0.0,AFW_diminishing,diminishing,781.0,0.020016908645629883,15.627157039823986,0.009669091262962226,9.0,0.5209052346607995
0.0,AFW_diminishing,diminishing,782.0,0.020043134689331055,15.627159606856427,0.013402055313099126,9.0,0.5209053202285475
0.0,AFW_diminishing,diminishing,783.0,0.020069122314453125,15.627156909702531,0.013946963521377143,9.0,0.5209052303234177
0.0,AFW_diminishing,diminishing,784.0,0.020095109939575195,15.627155121867016,0.013305094855791566,9.0,0.5209051707289005
0.0,AFW_diminishing,diminishing,785.0,0.020122289657592773,15.627156781114357,0.009692197242843648,9.0,0.5209052260371452
0.0,AFW_diminishing,diminishing,786.0,0.020148038864135742,15.627159500152455,0.013263541376085541,9.0,0.5209053166717486
0.0,AFW_diminishing,diminishing,787.0,0.020173072814941406,15.627156653641077,0.013948360768862855,9.0,0.5209052217880359
0.0,AFW_diminishing,diminishing,788.0,0.020197153091430664,15.627155027252789,0.013180774783920768,9.0,0.520905167575093
0.0,AFW_diminishing,diminishing,789.0,0.020220041275024414,15.627156527539963,0.009715071391051211,9.0,0.5209052175846655
0.0,AFW_diminishing,diminishing,790.0,0.020245075225830078,15.627159395374374,0.013126436181252643,9.0,0.5209053131791458
0.0,AFW_diminishing,diminishing,791.0,0.020270109176635742,15.627156402654784,0.013949745392560331,9.0,0.5209052134218262
0.0,AFW_diminishing,diminishing,792.0,0.0202939510345459,15.627154934544624,0.013057716305604927,9.0,0.5209051644848208
0.0,AFW_diminishing,diminishing,793.0,0.02032017707824707,15.627156278985364,0.009737717179032046,9.0,0.5209052092995121
0.0,AFW_diminishing,diminishing,794.0,0.02034616470336914,15.62715929248046,0.01299071834656118,9.0,0.5209053097493487
0.0,AFW_diminishing,diminishing,795.0,0.020373106002807617,15.62715615662981,0.01395111756049694,9.0,0.5209052052209937
0.0,AFW_diminishing,diminishing,796.0,0.02039933204650879,15.62715484369964,0.012935900314362314,9.0,0.5209051614566547
0.0,AFW_diminishing,diminishing,797.0,0.020425081253051758,15.627156035338185,0.009760138009298203,9.0,0.5209052011779395
0.0,AFW_diminishing,diminishing,798.0,0.02045130729675293,15.62715919143008,0.012856366920509288,9.0,0.5209053063810026
0.0,AFW_diminishing,diminishing,799.0,0.020478010177612305,15.627155915455345,0.013952477437769062,9.0,0.5209051971818448
0.0,AFW_diminishing,diminishing,800.0,0.020504236221313477,15.627154754676093,0.01281530808760678,9.0,0.5209051584892032
0.0,AFW_diminishing,diminishing,801.0,0.020529985427856445,15.627155796489037,0.00978233721708932,9.0,0.5209051932163012
0.0,AFW_diminishing,diminishing,802.0,0.020556211471557617,15.62715909218366,0.012723361371369535,9.0,0.5209053030727887
0.0,AFW_diminishing,diminishing,803.0,0.020582914352416992,15.627155679023499,0.013953825186643343,9.0,0.5209051893007833
0.0,AFW_diminishing,diminishing,804.0,0.020609140396118164,15.627154667433336,0.012695921277009248,9.0,0.5209051555811112
0.0,AFW_diminishing,diminishing,805.0,0.020634889602661133,15.627155562331403,0.009804318072038853,9.0,0.5209051854110468
0.0,AFW_diminishing,diminishing,806.0,0.020661115646362305,15.627154703829637,0.012604442549479344,9.0,0.5209051567943213
0.0,AFW_diminishing,diminishing,807.0,0.02068805694580078,15.627155447053514,0.009807712326994178,9.0,0.5209051815684504
0.0,AFW_diminishing,diminishing,808.0,0.02071404457092285,15.627158851544129,0.012564960692110105,9.0,0.520905295051471
0.0,AFW_diminishing,diminishing,809.0,0.020740270614624023,15.627155332760408,0.013947960285200622,9.0,0.5209051777586803
0.0,AFW_diminishing,diminishing,810.0,0.0207672119140625,15.627154618734993,0.012486830732230558,9.0,0.5209051539578331
0.0,AFW_diminishing,diminishing,811.0,0.02079319953918457,15.627155219679647,0.009829370792010295,9.0,0.5209051739893216
0.0,AFW_diminishing,diminishing,812.0,0.02081894874572754,15.627158757049575,0.012435231846218642,9.0,0.5209052919016525
0.0,AFW_diminishing,diminishing,813.0,0.020846128463745117,15.62715510767508,0.01394927926824252,9.0,0.5209051702558359
0.0,AFW_diminishing,diminishing,814.0,0.02087092399597168,15.627154535328538,0.012370380032713513,9.0,0.5209051511776179
0.0,AFW_diminishing,diminishing,815.0,0.02089715003967285,15.627154996743643,0.00985081881002614,9.0,0.5209051665581215
0.0,AFW_diminishing,diminishing,816.0,0.02092289924621582,15.627158664224286,0.012306780181484456,9.0,0.5209052888074762
0.0,AFW_diminishing,diminishing,817.0,0.0209500789642334,15.627154886977074,0.013950586660669728,9.0,0.5209051628992358
0.0,AFW_diminishing,diminishing,818.0,0.020974159240722656,15.627154453573164,0.012255073341153278,9.0,0.5209051484524388
0.0,AFW_diminishing,diminishing,819.0,0.020998001098632812,15.627154778148384,0.009872059433289948,9.0,0.5209051592716128
0.0,AFW_diminishing,diminishing,820.0,0.02102208137512207,15.6271585730331,0.012179586929889297,9.0,0.52090528576777
0.0,AFW_diminishing,diminishing,821.0,0.021047115325927734,15.627154670570585,0.01395188261273006,9.0,0.5209051556856862
0.0,AFW_diminishing,diminishing,822.0,0.021073102951049805,15.627154373432715,0.012140893882286008,9.0,0.5209051457810905
0.0,AFW_diminishing,diminishing,823.0,0.021099090576171875,15.62715456379927,0.009893095655302275,9.0,0.5209051521266423
0.0,AFW_diminishing,diminishing,824.0,0.021125316619873047,15.627158483441734,0.012053633689317778,9.0,0.5209052827813911
0.0,AFW_diminishing,diminishing,825.0,0.021152019500732422,15.62715445836228,0.013953167272120481,9.0,0.520905148612076
0.0,AFW_diminishing,diminishing,826.0,0.021178245544433594,15.627154294871984,0.012027825207230336,9.0,0.5209051431623994
0.0,AFW_diminishing,diminishing,827.0,0.021203994750976562,15.627154353604116,0.009913930412237093,9.0,0.5209051451201372
0.0,AFW_diminishing,diminishing,828.0,0.021230220794677734,15.627154329397694,0.01194115768946169,9.0,0.5209051443132565
0.0,AFW_diminishing,diminishing,829.0,0.02125716209411621,15.627154250102006,0.009917146757890904,9.0,0.5209051416700669
0.0,AFW_diminishing,diminishing,830.0,0.021282196044921875,15.627158264263171,0.011903595699012115,9.0,0.5209052754754391
0.0,AFW_diminishing,diminishing,831.0,0.021305322647094727,15.627154147472105,0.013947625154280274,9.0,0.5209051382490701
0.0,AFW_diminishing,diminishing,832.0,0.02132892608642578,15.627154252738926,0.011829725470759556,9.0,0.5209051417579642
0.0,AFW_diminishing,diminishing,833.0,0.021354198455810547,15.627154045916376,0.009937683935387298,9.0,0.5209051348638792
0.0,AFW_diminishing,diminishing,834.0,0.021378278732299805,15.627158178894039,0.011780663559001425,9.0,0.5209052726298012
0.0,AFW_diminishing,diminishing,835.0,0.02140498161315918,15.62715394531574,0.013948882987774525,9.0,0.5209051315105246
0.0,AFW_diminishing,diminishing,836.0,0.02143120765686035,15.627154177579563,0.011719364286172151,9.0,0.5209051392526521
0.0,AFW_diminishing,diminishing,837.0,0.02145528793334961,15.62715384566496,0.009958026753572824,9.0,0.5209051281888321
0.0,AFW_diminishing,diminishing,838.0,0.021481037139892578,15.6271580950079,0.011658909785571936,9.0,0.5209052698335966
0.0,AFW_diminishing,diminishing,839.0,0.021505117416381836,15.627153747049757,0.013950130018843154,9.0,0.5209051249016585
0.0,AFW_diminishing,diminishing,840.0,0.021532058715820312,15.627154103887374,0.011610058768477316,9.0,0.5209051367962458
0.0,AFW_diminishing,diminishing,841.0,0.021558046340942383,15.62715364926354,0.009978177958375412,9.0,0.520905121642118
0.0,AFW_diminishing,diminishing,842.0,0.02158498764038086,15.627158012574201,0.01153831751697787,9.0,0.5209052670858066
0.0,AFW_diminishing,diminishing,843.0,0.02161121368408203,15.627153552591038,0.013951366384484132,9.0,0.5209051184197012
0.0,AFW_diminishing,diminishing,844.0,0.0216372013092041,15.627154031630944,0.011501793843027741,9.0,0.5209051343876981
0.0,AFW_diminishing,diminishing,845.0,0.021663188934326172,15.62715345663001,0.009998140244233511,9.0,0.5209051152210004
0.0,AFW_diminishing,diminishing,846.0,0.02169013023376465,15.62715793156317,0.01141887021167598,9.0,0.520905264385439
0.0,AFW_diminishing,diminishing,847.0,0.02171611785888672,15.627153361858554,0.01395259221939149,9.0,0.5209051120619518
0.0,AFW_diminishing,diminishing,848.0,0.021743297576904297,15.627153960779646,0.011394554720826733,9.0,0.5209051320259882
0.0,AFW_diminishing,diminishing,849.0,0.02176809310913086,15.627153267684323,0.010017916255284476,9.0,0.5209051089228107
0.0,AFW_diminishing,diminishing,850.0,0.021792173385620117,15.627153993575151,0.011312328599196064,9.0,0.5209051331191717
0.0,AFW_diminishing,diminishing,851.0,0.02181720733642578,15.627153174628699,0.010020968320954893,9.0,0.5209051058209566
0.0,AFW_diminishing,diminishing,852.0,0.021841049194335938,15.627157731543809,0.011276549741307207,9.0,0.520905257718127
0.0,AFW_diminishing,diminishing,853.0,0.0218660831451416,15.62715308234754,0.013947347014115152,9.0,0.520905102744918
0.0,AFW_diminishing,diminishing,854.0,0.021889209747314453,15.627153924412275,0.011206601446028586,9.0,0.5209051308137425
0.0,AFW_diminishing,diminishing,855.0,0.021914243698120117,15.62715299102067,0.010040469081237902,9.0,0.520905099700689
0.0,AFW_diminishing,diminishing,856.0,0.02193903923034668,15.62715765429453,0.01115989384204319,9.0,0.520905255143151
0.0,AFW_diminishing,diminishing,857.0,0.021963119506835938,15.6271529005436,0.013948547796017507,9.0,0.5209050966847867
0.0,AFW_diminishing,diminishing,858.0,0.02198934555053711,15.627153856584647,0.01110186432600635,9.0,0.5209051285528216
0.0,AFW_diminishing,diminishing,859.0,0.022015094757080078,15.627152810909461,0.010059789971133881,9.0,0.520905093696982
0.0,AFW_diminishing,diminishing,860.0,0.022042274475097656,15.627157578366212,0.011044327430921541,9.0,0.5209052526122071
0.0,AFW_diminishing,diminishing,861.0,0.022071123123168945,15.627152722198318,0.013949738494936526,9.0,0.520905090739944
0.0,AFW_diminishing,diminishing,862.0,0.022095918655395508,15.627153790064177,0.010998103398161874,9.0,0.5209051263354726
0.0,AFW_diminishing,diminishing,863.0,0.02211904525756836,15.627152634221758,0.010078933467683626,9.0,0.520905087807392
0.0,AFW_diminishing,diminishing,864.0,0.022143125534057617,15.627157503732231,0.010929835316511927,9.0,0.5209052501244077
0.0,AFW_diminishing,diminishing,865.0,0.02216815948486328,15.627152547239334,0.013950919235986348,9.0,0.5209050849079778
0.0,AFW_diminishing,diminishing,866.0,0.022192955017089844,15.627153724823481,0.010895305078321371,9.0,0.5209051241607827
0.0,AFW_diminishing,diminishing,867.0,0.022217988967895508,15.627152460886084,0.01009790200269478,9.0,0.5209050820295361
0.0,AFW_diminishing,diminishing,868.0,0.022242069244384766,15.627153756311712,0.010816463848895452,9.0,0.5209051252103903
0.0,AFW_diminishing,diminishing,869.0,0.022266149520874023,15.627152375552004,0.010100828871493661,9.0,0.5209050791850668
0.0,AFW_diminishing,diminishing,870.0,0.022290945053100586,15.627157318013056,0.010793394685142843,9.0,0.5209052439337686
0.0,AFW_diminishing,diminishing,871.0,0.022317171096801758,15.627152290832287,0.013945899875736245,9.0,0.5209050763610762
0.0,AFW_diminishing,diminishing,872.0,0.022342920303344727,15.62715369260635,0.010715084872209957,9.0,0.5209051230868783
0.0,AFW_diminishing,diminishing,873.0,0.022367000579833984,15.627152207069642,0.010119538793260219,9.0,0.5209050735689881
0.0,AFW_diminishing,diminishing,874.0,0.022391080856323242,15.627157246806894,0.010681523066049081,9.0,0.5209052415602298
0.0,AFW_diminishing,diminishing,875.0,0.022417068481445312,15.627152123991955,0.013947056899342059,9.0,0.5209050707997318
0.0,AFW_diminishing,diminishing,876.0,0.022443056106567383,15.62715363011821,0.010614635624843771,9.0,0.5209051210039404
0.0,AFW_diminishing,diminishing,877.0,0.02246999740600586,15.627152041768538,0.010138079647370901,9.0,0.5209050680589512
0.0,AFW_diminishing,diminishing,878.0,0.02249622344970703,15.627157176804088,0.010570674751031461,9.0,0.520905239226803
0.0,AFW_diminishing,diminishing,879.0,0.022522926330566406,15.627151960298729,0.013948204381394547,9.0,0.520905065343291
0.0,AFW_diminishing,diminishing,880.0,0.022549152374267578,15.62715356882213,0.010515103375851709,9.0,0.5209051189607377
0.0,AFW_diminishing,diminishing,881.0,0.022574186325073242,15.627151879583108,0.010156453715000069,9.0,0.5209050626527703
0.0,AFW_diminishing,diminishing,882.0,0.02259993553161621,15.62715710798081,0.010460835763824505,9.0,0.5209052369326936
0.0,AFW_diminishing,diminishing,883.0,0.02262711524963379,15.627151799687859,0.013949342438257517,9.0,0.5209050599895952
0.0,AFW_diminishing,diminishing,884.0,0.02265310287475586,15.62715350869356,0.010416475625655508,9.0,0.520905116956452
0.0,AFW_diminishing,diminishing,885.0,0.02267909049987793,15.627151720449362,0.01017466323649785,9.0,0.520905057348312
0.0,AFW_diminishing,diminishing,886.0,0.022703170776367188,15.627157040313794,0.010351992381492536,9.0,0.5209052346771265
0.0,AFW_diminishing,diminishing,887.0,0.022730112075805664,15.627151642096157,0.013950471184424273,9.0,0.5209050547365386
0.0,AFW_diminishing,diminishing,888.0,0.022756099700927734,15.627153449708524,0.01031874010082845,9.0,0.5209051149902841
0.0,AFW_diminishing,diminishing,889.0,0.0227811336517334,15.627151564304848,0.010192710412248118,9.0,0.5209050521434949
0.0,AFW_diminishing,diminishing,890.0,0.022805213928222656,15.627156973780323,0.010244131128763101,9.0,0.5209052324593441
0.0,AFW_diminishing,diminishing,891.0,0.022829055786132812,15.627151487461957,0.01395159073256913,9.0,0.5209050495820652
0.0,AFW_diminishing,diminishing,892.0,0.022854089736938477,15.627153391843644,0.010221884748977672,9.0,0.5209051130614548
0.0,AFW_diminishing,diminishing,893.0,0.022878170013427734,15.627151411088606,0.010210597403570887,9.0,0.5209050470362869
0.0,AFW_diminishing,diminishing,894.0,0.02290511131286621,15.62715342154739,0.010147575290636368,9.0,0.5209051140515797
0.0,AFW_diminishing,diminishing,895.0,0.02293109893798828,15.627151335609145,0.010213356533977702,9.0,0.5209050445203048
0.0,AFW_diminishing,diminishing,896.0,0.02295708656311035,15.627156806308442,0.010115561060981548,9.0,0.5209052268769481
0.0,AFW_diminishing,diminishing,897.0,0.022984027862548828,15.62715126074045,0.013946872161088919,9.0,0.5209050420246817
0.0,AFW_diminishing,diminishing,898.0,0.02301025390625,15.627153365022766,0.010052018386293327,9.0,0.5209051121674255
0.0,AFW_diminishing,diminishing,899.0,0.02303600311279297,15.627151186634672,0.010231006654127128,9.0,0.5209050395544891
0.0,AFW_diminishing,diminishing,900.0,0.02306222915649414,15.62715674278341,0.010010097208400737,9.0,0.520905224759447
0.0,AFW_diminishing,diminishing,901.0,0.023088932037353516,15.627151113202313,0.013947969767283297,9.0,0.5209050371067437
0.0,AFW_diminishing,diminishing,902.0,0.02311420440673828,15.627153309564862,0.009957312456096545,9.0,0.5209051103188288
0.0,AFW_diminishing,diminishing,903.0,0.02313709259033203,15.627151040442717,0.010248501832906598,9.0,0.5209050346814239
0.0,AFW_diminishing,diminishing,904.0,0.02316117286682129,15.627156680314112,0.009905570198036173,9.0,0.520905222677137
0.0,AFW_diminishing,diminishing,905.0,0.02318596839904785,15.627150968417507,0.013949058550894122,9.0,0.5209050322805836
0.0,AFW_diminishing,diminishing,906.0,0.02321004867553711,15.627153255152143,0.009863446183221214,9.0,0.5209051085050714
0.0,AFW_diminishing,diminishing,907.0,0.023235082626342773,15.627150896977229,0.010265844101532196,9.0,0.5209050298992409
0.0,AFW_diminishing,diminishing,908.0,0.02325892448425293,15.627156618880148,0.009801967602220074,9.0,0.5209052206293383
0.0,AFW_diminishing,diminishing,909.0,0.023283004760742188,15.627150826330688,0.013950138616888097,9.0,0.5209050275443563
0.0,AFW_diminishing,diminishing,910.0,0.02330803871154785,15.627153201763582,0.00977040845064181,9.0,0.5209051067254528
0.0,AFW_diminishing,diminishing,911.0,0.02333211898803711,15.627150756183504,0.010283035455874057,9.0,0.5209050252061168
0.0,AFW_diminishing,diminishing,912.0,0.023357152938842773,15.627156558461586,0.009699277212147805,9.0,0.5209052186153862
0.0,AFW_diminishing,diminishing,913.0,0.023380041122436523,15.627150686887799,0.01395121006857103,9.0,0.52090502289626
0.0,AFW_diminishing,diminishing,914.0,0.023405075073242188,15.62715314937864,0.00967818833668943,9.0,0.520905104979288
0.0,AFW_diminishing,diminishing,915.0,0.02343010902404785,15.627150618008102,0.010300077857198886,9.0,0.5209050206002701
0.0,AFW_diminishing,diminishing,916.0,0.023453950881958008,15.62715317769747,0.009607415178599865,9.0,0.520905105923249
0.0,AFW_diminishing,diminishing,917.0,0.02348017692565918,15.627150549930285,0.010302706087209401,9.0,0.5209050183310094
0.0,AFW_diminishing,diminishing,918.0,0.02350592613220215,15.627156404835285,0.009576846824350227,9.0,0.5209052134945095
0.0,AFW_diminishing,diminishing,919.0,0.023533105850219727,15.627150482398212,0.013946725611321042,9.0,0.5209050160799404
0.0,AFW_diminishing,diminishing,920.0,0.023559093475341797,15.627153126510622,0.009516401717128531,9.0,0.5209051042170207
0.0,AFW_diminishing,diminishing,921.0,0.023585081100463867,15.627150415549034,0.01031952815092474,9.0,0.5209050138516345
0.0,AFW_diminishing,diminishing,922.0,0.023611068725585938,15.627156347116568,0.009476384433764196,9.0,0.5209052115705523
0.0,AFW_diminishing,diminishing,923.0,0.023635149002075195,15.627150349302898,0.013947776487876595,9.0,0.52090501164343
0.0,AFW_diminishing,diminishing,924.0,0.02366018295288086,15.627153076280473,0.009426179394722567,9.0,0.5209051025426824
0.0,AFW_diminishing,diminishing,925.0,0.023684263229370117,15.62715028365821,0.010336206022797612,9.0,0.5209050094552736
0.0,AFW_diminishing,diminishing,926.0,0.02370905876159668,15.627156290344889,0.009376793177626297,9.0,0.520905209678163
0.0,AFW_diminishing,diminishing,927.0,0.023734092712402344,15.627150218672371,0.013948819094810716,9.0,0.5209050072890791
0.0,AFW_diminishing,diminishing,928.0,0.023759126663208008,15.627153026988072,0.009336737940671469,9.0,0.5209051008996024
0.0,AFW_diminishing,diminishing,929.0,0.023784160614013672,15.627150154208604,0.010352741548780742,9.0,0.5209050051402868
0.0,AFW_diminishing,diminishing,930.0,0.023810148239135742,15.62715623450231,0.009278061774297797,9.0,0.5209052078167437
0.0,AFW_diminishing,diminishing,931.0,0.023834943771362305,15.627150090458011,0.013949853528496092,9.0,0.520905003015267
0.0,AFW_diminishing,diminishing,932.0,0.02385997772216797,15.62715297861492,0.009248067261300008,9.0,0.520905099287164
0.0,AFW_diminishing,diminishing,933.0,0.02388620376586914,15.627150027152123,0.010369136543435076,9.0,0.5209050009050707
0.0,AFW_diminishing,diminishing,934.0,0.023910999298095703,15.627156179571294,0.00918017913606839,9.0,0.5209052059857098
0.0,AFW_diminishing,diminishing,935.0,0.023937225341796875,15.627149964612315,0.013950879883832812,9.0,0.5209049988204105
0.0,AFW_diminishing,diminishing,936.0,0.023961305618286133,15.627152931142936,0.009160157436129523,9.0,0.5209050977047646
0.0,AFW_diminishing,diminishing,937.0,0.0239870548248291,15.627149902441792,0.010385392790592363,9.0,0.5209049967480597
0.0,AFW_diminishing,diminishing,938.0,0.024012088775634766,15.627152958171385,0.009092674023703395,9.0,0.5209050986057128
0.0,AFW_diminishing,diminishing,939.0,0.02403712272644043,15.62714984099218,0.010387899219137964,9.0,0.5209049946997394
0.0,AFW_diminishing,diminishing,940.0,0.024062156677246094,15.627156038429098,0.009063458926881651,9.0,0.52090520128097
0.0,AFW_diminishing,diminishing,941.0,0.024088144302368164,15.627149780031166,0.013946612573869643,9.0,0.5209049926677055
0.0,AFW_diminishing,diminishing,942.0,0.024112939834594727,15.627152911772624,0.009005887508644506,9.0,0.5209050970590875
0.0,AFW_diminishing,diminishing,943.0,0.0241391658782959,15.627149719682736,0.010403950158675457,9.0,0.5209049906560912
0.0,AFW_diminishing,diminishing,944.0,0.024164199829101562,15.627155985926244,0.008967650478643563,9.0,0.5209051995308748
0.0,AFW_diminishing,diminishing,945.0,0.024190187454223633,15.627149659875405,0.013947619611398565,9.0,0.5209049886625136
0.0,AFW_diminishing,diminishing,946.0,0.02421402931213379,15.627152866233704,0.008919837778169182,9.0,0.5209050955411235
0.0,AFW_diminishing,diminishing,947.0,0.02424025535583496,15.627149600606915,0.010419866684122425,9.0,0.5209049866868971
0.0,AFW_diminishing,diminishing,948.0,0.024265050888061523,15.627155934274722,0.008872653460901603,9.0,0.5209051978091573
0.0,AFW_diminishing,diminishing,949.0,0.024291276931762695,15.627149541930685,0.013948618887532405,9.0,0.5209049847310229
0.0,AFW_diminishing,diminishing,950.0,0.024316072463989258,15.627152821537907,0.008834515489562378,9.0,0.5209050940512635
0.0,AFW_diminishing,diminishing,951.0,0.024341106414794922,15.627149483721377,0.010435650476805947,9.0,0.5209049827907125
0.0,AFW_diminishing,diminishing,952.0,0.024366140365600586,15.627145488694454,0.008778457608901391,9.0,0.5209048496231484
0.0,AFW_diminishing,diminishing,953.0,0.024392127990722656,15.627136971358583,0.01015968014975499,9.0,0.5209045657119528
0.0,AFW_diminishing,diminishing,954.0,0.02441716194152832,15.627146594723477,0.005397118790215316,9.0,0.5209048864907826
0.0,AFW_diminishing,diminishing,955.0,0.024445056915283203,15.62713693616898,0.008114483228686353,9.0,0.520904564538966
0.0,AFW_diminishing,diminishing,956.0,0.024471044540405273,15.627146626522785,0.00533440614337799,9.0,0.5209048875507595
0.0,AFW_diminishing,diminishing,957.0,0.024497032165527344,15.627136901534795,0.008121848337470539,9.0,0.5209045633844932
0.0,AFW_diminishing,diminishing,958.0,0.024522066116333008,15.627146658234606,0.005271956161708502,9.0,0.5209048886078202
0.0,AFW_diminishing,diminishing,959.0,0.02454829216003418,15.627136867449995,0.008129182848326977,9.0,0.5209045622483331
0.0,AFW_diminishing,diminishing,960.0,0.024573087692260742,15.627146689859204,0.005209767198456561,9.0,0.5209048896619735
0.0,AFW_diminishing,diminishing,961.0,0.024598121643066406,15.62713683390864,0.008136486951521249,9.0,0.520904561130288
0.0,AFW_diminishing,diminishing,962.0,0.02462315559387207,15.627146721396844,0.005147837620606666,9.0,0.5209048907132281
0.0,AFW_diminishing,diminishing,963.0,0.02464914321899414,15.627136800904847,0.008143760835764624,9.0,0.5209045600301615
0.0,AFW_diminishing,diminishing,964.0,0.024674177169799805,15.627146752847796,0.0050861658087359984,9.0,0.5209048917615932
0.0,AFW_diminishing,diminishing,965.0,0.024699926376342773,15.627136768432807,0.008151004688206953,9.0,0.5209045589477602
0.0,AFW_diminishing,diminishing,966.0,0.02472519874572754,15.627146784212318,0.0050247501568740915,9.0,0.5209048928070773
0.0,AFW_diminishing,diminishing,967.0,0.02475118637084961,15.627136736486786,0.008158218694441999,9.0,0.5209045578828929
0.0,AFW_diminishing,diminishing,968.0,0.024775028228759766,15.627146815490681,0.004963589072369601,9.0,0.5209048938496894
0.0,AFW_diminishing,diminishing,969.0,0.02480006217956543,15.627136705061107,0.008165403038564278,9.0,0.5209045568353702
0.0,AFW_diminishing,diminishing,970.0,0.0248262882232666,15.627146846683157,0.004902680975728657,9.0,0.5209048948894386
0.0,AFW_diminishing,diminishing,971.0,0.02485203742980957,15.627136674150165,0.008172557903121103,9.0,0.5209045558050055
0.0,AFW_diminishing,diminishing,972.0,0.024878263473510742,15.627146877789997,0.004842024300526049,9.0,0.5209048959263333
0.0,AFW_diminishing,diminishing,973.0,0.024903059005737305,15.627136643748424,0.008179683469206722,9.0,0.5209045547916141
0.0,AFW_diminishing,diminishing,974.0,0.024930238723754883,15.62714690881148,0.004781617493213375,9.0,0.5209048969603827
0.0,AFW_diminishing,diminishing,975.0,0.02495598793029785,15.6271366138504,0.008186779916400155,9.0,0.5209045537950133
0.0,AFW_diminishing,diminishing,976.0,0.024981021881103516,15.627146939747865,0.004721459013035556,9.0,0.5209048979915955
0.0,AFW_diminishing,diminishing,977.0,0.025007247924804688,15.627136584450689,0.00819384742283269,9.0,0.520904552815023
0.0,AFW_diminishing,diminishing,978.0,0.025032997131347656,15.62714697059942,0.004661547331870963,9.0,0.5209048990199806
0.0,AFW_diminishing,diminishing,979.0,0.025059223175048828,15.627136555543942,0.008200886165171895,9.0,0.5209045518514647
0.0,AFW_diminishing,diminishing,980.0,0.025084972381591797,15.627147001366406,0.004601880934096414,9.0,0.5209049000455469
0.0,AFW_diminishing,diminishing,981.0,0.025110244750976562,15.627136527124868,0.008207896318674912,9.0,0.5209045509041623
0.0,AFW_diminishing,diminishing,982.0,0.02513408660888672,15.627147032049097,0.004542458316503684,9.0,0.5209049010683032
0.0,AFW_diminishing,diminishing,983.0,0.025157928466796875,15.627136499188243,0.008214878057160035,9.0,0.5209045499729414
0.0,AFW_diminishing,diminishing,984.0,0.025182008743286133,15.62714706264775,0.004483277988123646,9.0,0.5209049020882583
0.0,AFW_diminishing,diminishing,985.0,0.02520608901977539,15.62713647172891,0.00822183155304046,9.0,0.5209045490576304
0.0,AFW_diminishing,diminishing,986.0,0.02523016929626465,15.627147093162636,0.004424338470114364,9.0,0.5209049031054211
0.0,AFW_diminishing,diminishing,987.0,0.025254011154174805,15.627136444741756,0.008228756977340268,9.0,0.5209045481580585
0.0,AFW_diminishing,diminishing,988.0,0.025281190872192383,15.627147123594021,0.004365638295661611,9.0,0.5209049041198007
0.0,AFW_diminishing,diminishing,989.0,0.02530694007873535,15.627136418221742,0.008235654499706868,9.0,0.5209045472740581
0.0,AFW_diminishing,diminishing,990.0,0.025333166122436523,15.627147153942165,0.004307176009831437,9.0,0.5209049051314055
0.0,AFW_diminishing,diminishing,991.0,0.025360107421875,15.627136392163875,0.008242524288418096,9.0,0.5209045464054625
0.0,AFW_diminishing,diminishing,992.0,0.02538609504699707,15.627147184207331,0.004248950169442267,9.0,0.5209049061402443
0.0,AFW_diminishing,diminishing,993.0,0.025412321090698242,15.627136366563231,0.00824936651040531,9.0,0.5209045455521077
0.0,AFW_diminishing,diminishing,994.0,0.02543807029724121,15.627147214389796,0.004190959343000955,9.0,0.5209049071463265
0.0,AFW_diminishing,diminishing,995.0,0.025464296340942383,15.627136341414936,0.008256181331262269,9.0,0.5209045447138312
0.0,AFW_diminishing,diminishing,996.0,0.025490999221801758,15.627147244489812,0.004133202110505607,9.0,0.5209049081496604
0.0,AFW_diminishing,diminishing,997.0,0.02551722526550293,15.627136316714171,0.008262968915270008,9.0,0.5209045438904724
0.0,AFW_diminishing,diminishing,998.0,0.0255429744720459,15.627141304177426,0.004075677063402949,9.0,0.5209047101392476
0.0,AFW_diminishing,diminishing,999.0,0.02556920051574707,15.627138679122114,0.010872438933752449,9.0,0.5209046226374038
0.0,AFW_exact,exact,0.0,3.2901763916015625e-05,16.484849442471486,10.73971096916316,2.0,0.5494949814157162
0.0,AFW_exact,exact,1.0,6.4849853515625e-05,15.980911982161695,4.048212016133748,3.0,0.5326970660720565
0.0,AFW_exact,exact,2.0,9.393692016601562e-05,15.763268607237773,2.3462612641898417,4.0,0.5254422869079257
0.0,AFW_exact,exact,3.0,0.00012111663818359375,15.742912719063453,0.7190834313132619,5.0,0.5247637573021151
0.0,AFW_exact,exact,4.0,0.0001499652862548828,15.714666344614441,0.7035037141866969,6.0,0.523822211487148
0.0,AFW_exact,exact,5.0,0.00017786026000976562,15.700983600153823,0.5790448126026888,7.0,0.5233661200051274
0.0,AFW_exact,exact,6.0,0.00020503997802734375,15.687077572756433,0.5259025071175376,8.0,0.5229025857585478
0.0,AFW_exact,exact,7.0,0.00023484230041503906,15.681078540506073,0.3115212969900476,8.0,0.5227026180168691
0.0,AFW_exact,exact,8.0,0.00026702880859375,15.675909558414663,0.1842222792404531,8.0,0.522530318613822
0.0,AFW_exact,exact,9.0,0.0002980232238769531,15.671433979826602,0.26799540578600833,8.0,0.5223811326608867
0.0,AFW_exact,exact,10.0,0.00032782554626464844,15.666982605485966,0.18787114938407257,8.0,0.5222327535161989
0.0,AFW_exact,exact,11.0,0.0003578662872314453,15.66310655454702,0.24909025486192782,8.0,0.522103551818234
0.0,AFW_exact,exact,12.0,0.00038695335388183594,15.659268012858316,0.19302529292465032,8.0,0.5219756004286106
0.0,AFW_exact,exact,13.0,0.0004169940948486328,15.655908206429121,0.23162717829091406,8.0,0.5218636068809707
0.0,AFW_exact,exact,14.0,0.0004458427429199219,15.65259406269571,0.19932346776017873,8.0,0.5217531354231904
0.0,AFW_exact,exact,15.0,0.0004749298095703125,15.64967936943302,0.21548303552338943,8.0,0.5216559789811007
0.0,AFW_exact,exact,16.0,0.0005030632019042969,15.646814765259125,0.2064710089720947,8.0,0.5215604921753042
0.0,AFW_exact,exact,17.0,0.0005340576171875,15.644284316412723,0.2005467340908993,8.0,0.5214761438804241
0.0,AFW_exact,exact,18.0,0.0005619525909423828,15.64231692061182,0.21422781577858174,8.0,0.521410564020394
0.0,AFW_exact,exact,19.0,0.0005910396575927734,15.640857642862642,0.09553767345536102,8.0,0.5213619214287547
0.0,AFW_exact,exact,20.0,0.0006189346313476562,15.63831358612571,0.20125380217265665,8.0,0.5212771195375236
0.0,AFW_exact,exact,21.0,0.0006489753723144531,15.635821186641888,0.11003667204652956,8.0,0.5211940395547295
0.0,AFW_exact,exact,22.0,0.0006771087646484375,15.633610580984008,0.18739344428072258,8.0,0.521120352699467
0.0,AFW_exact,exact,23.0,0.0007081031799316406,15.631595911246828,0.11805471518812105,7.0,0.521053197041561
0.0,AFW_exact,exact,24.0,0.0007348060607910156,15.630679213341567,0.12859510295725052,7.0,0.5210226404447189
0.0,AFW_exact,exact,25.0,0.0007648468017578125,15.629632709987968,0.09802253729725408,7.0,0.520987756999599
0.0,AFW_exact,exact,26.0,0.0007920265197753906,15.628965068742353,0.11118254241112879,7.0,0.5209655022914118
0.0,AFW_exact,exact,27.0,0.0008220672607421875,15.628537696440423,0.08135986157608777,7.0,0.5209512565480141
0.0,AFW_exact,exact,28.0,0.0008487701416015625,15.62828268926411,0.07027851104455962,8.0,0.5209427563088036
0.0,AFW_exact,exact,29.0,0.0008790493011474609,15.628156863783895,0.04794312936646605,8.0,0.5209385621261299
0.0,AFW_exact,exact,30.0,0.0009069442749023438,15.627959970641664,0.036953988290079565,8.0,0.5209319990213888
0.0,AFW_exact,exact,31.0,0.0009369850158691406,15.62783313010616,0.037094036445848744,8.0,0.5209277710035386
0.0,AFW_exact,exact,32.0,0.000965118408203125,15.627698715995283,0.03885128018739259,8.0,0.5209232905331761
0.0,AFW_exact,exact,33.0,0.0009961128234863281,15.627547103059806,0.06456807102870066,9.0,0.5209182367686602
0.0,AFW_exact,exact,34.0,0.001024007797241211,15.627500172266531,0.032616048019466604,9.0,0.5209166724088844
0.0,AFW_exact,exact,35.0,0.0010538101196289062,15.62744050187167,0.023977073087111833,9.0,0.5209146833957223
0.0,AFW_exact,exact,36.0,0.0010819435119628906,15.62740370393157,0.022316880531311867,9.0,0.520913456797719
0.0,AFW_exact,exact,37.0,0.0011119842529296875,15.62734841742319,0.031726426609296254,9.0,0.5209116139141063
0.0,AFW_exact,exact,38.0,0.0011398792266845703,15.627274261505185,0.02135946153426005,9.0,0.5209091420501728
0.0,AFW_exact,exact,39.0,0.0011699199676513672,15.62722502408391,0.01482151472971438,9.0,0.520907500802797
0.0,AFW_exact,exact,40.0,0.0011980533599853516,15.6272036622684,0.019695384708949604,9.0,0.52090678874228
0.0,AFW_exact,exact,41.0,0.0012278556823730469,15.627197182120057,0.009921358580623263,9.0,0.5209065727373352
0.0,AFW_exact,exact,42.0,0.0012547969818115234,15.62718615781432,0.01478062313469053,9.0,0.5209062052604774
0.0,AFW_exact,exact,43.0,0.0012857913970947266,15.627176456948265,0.011538514497750896,9.0,0.5209058818982755
0.0,AFW_exact,exact,44.0,0.0013151168823242188,15.627164928428137,0.009459440797494167,9.0,0.5209054976142712
0.0,AFW_exact,exact,45.0,0.001344919204711914,15.627155197956638,0.007099280580336043,9.0,0.5209051732652212
0.0,AFW_exact,exact,46.0,0.0013740062713623047,15.627148010873116,0.014006844936668372,9.0,0.5209049336957705
0.0,AFW_exact,exact,47.0,0.00140380859375,15.627145054085386,0.00816937879887547,9.0,0.5209048351361795
0.0,AFW_exact,exact,48.0,0.0014319419860839844,15.627141980653139,0.006715499033379757,9.0,0.520904732688438
0.0,AFW_exact,exact,49.0,0.0014619827270507812,15.627139355914954,0.005987595975730287,9.0,0.5209046451971652
0.0,AFW_exact,exact,50.0,0.001489877700805664,15.627135154870068,0.004907504278325092,9.0,0.5209045051623356
0.0,AFW_exact,exact,51.0,0.0015201568603515625,15.627133324989488,0.0059144674916282725,9.0,0.5209044441663163
0.0,AFW_exact,exact,52.0,0.0015490055084228516,15.627131874734163,0.005123584410117843,9.0,0.5209043958244721
0.0,AFW_exact,exact,53.0,0.0015790462493896484,15.627131238644692,0.003250442644210594,9.0,0.5209043746214898
0.0,AFW_exact,exact,54.0,0.0016069412231445312,15.627130511642696,0.0027192104393343186,9.0,0.5209043503880898
0.0,AFW_exact,exact,55.0,0.0016369819641113281,15.627129813915404,0.004361144570587783,9.0,0.5209043271305135
0.0,AFW_exact,exact,56.0,0.001664876937866211,15.62712858191693,0.0035859091308374502,9.0,0.5209042860638976
0.0,AFW_exact,exact,57.0,0.0016949176788330078,15.627128147145159,0.0020543812927495964,9.0,0.5209042715715053
0.0,AFW_exact,exact,58.0,0.0017230510711669922,15.627127701737704,0.003169319109051827,9.0,0.5209042567245902
0.0,AFW_exact,exact,59.0,0.0017518997192382812,15.62712747509358,0.0017187059712178154,9.0,0.5209042491697861
0.0,AFW_exact,exact,60.0,0.0017828941345214844,15.627127265767376,0.001945858277890622,9.0,0.5209042421922458
0.0,AFW_exact,exact,61.0,0.001811981201171875,15.627126939001977,0.0022271351560494423,9.0,0.5209042313000659
0.0,AFW_exact,exact,62.0,0.0018389225006103516,15.627126775617702,0.002110042156660441,9.0,0.5209042258539234
0.0,AFW_exact,exact,63.0,0.0018689632415771484,15.627126655501105,0.0011748522558292507,9.0,0.5209042218500368
0.0,AFW_exact,exact,64.0,0.0018978118896484375,15.62712658107574,0.001192203787953261,9.0,0.5209042193691913
0.0,AFW_exact,exact,65.0,0.0019268989562988281,15.627126506017495,0.0008683742286770268,9.0,0.5209042168672499
0.0,AFW_exact,exact,66.0,0.0019550323486328125,15.627126445362023,0.0009671078306912051,9.0,0.5209042148454007
0.0,AFW_exact,exact,67.0,0.0019850730895996094,15.627126337749303,0.0013950983054336064,9.0,0.5209042112583101
0.0,AFW_exact,exact,68.0,0.0020117759704589844,15.627126302076913,0.0008967386103098107,9.0,0.5209042100692305
0.0,AFW_exact,exact,69.0,0.002042055130004883,15.627126271455166,0.0006816400404439094,9.0,0.5209042090485055
0.0,AFW_exact,exact,70.0,0.0020699501037597656,15.627126245220902,0.0008454348727457983,9.0,0.52090420817403
0.0,AFW_exact,exact,71.0,0.0020987987518310547,15.627126215857237,0.00039350802677162733,9.0,0.5209042071952412
0.0,AFW_exact,exact,72.0,0.002126932144165039,15.62712618882538,0.00047290877906824846,9.0,0.5209042062941793
0.0,AFW_exact,exact,73.0,0.002156972885131836,15.627126165763443,0.0006457805160398067,9.0,0.5209042055254481
0.0,AFW_exact,exact,74.0,0.0021848678588867188,15.627126156775166,0.0003734515575590791,9.0,0.5209042052258389
0.0,AFW_exact,exact,75.0,0.002213001251220703,15.627126142850367,0.0002958628889651038,9.0,0.5209042047616789
0.0,AFW_exact,exact,76.0,0.0022420883178710938,15.627126138899758,0.00032806599167578554,9.0,0.520904204629992
0.0,AFW_exact,exact,77.0,0.0022699832916259766,15.62712613212798,0.00024914754382798776,9.0,0.520904204404266
0.0,AFW_exact,exact,78.0,0.002298116683959961,15.627126125512497,0.0003861542843086596,9.0,0.5209042041837499
0.0,AFW_exact,exact,79.0,0.00232696533203125,15.627126123005947,0.000218768038468653,9.0,0.5209042041001982
0.0,AFW_exact,exact,80.0,0.002354860305786133,15.627126119982082,0.00023382910729452533,9.0,0.5209042039994027
0.0,AFW_exact,exact,81.0,0.002382993698120117,15.62712611403148,0.0003004683678913267,9.0,0.5209042038010493
0.0,AFW_exact,exact,82.0,0.002410888671875,15.627126111965875,0.00023721908217311238,9.0,0.5209042037321958
0.0,AFW_exact,exact,83.0,0.002438783645629883,15.627126110961612,0.0001285372233290616,9.0,0.5209042036987204
0.0,AFW_exact,exact,84.0,0.002466917037963867,15.627126108460587,0.00021265494006073027,9.0,0.520904203615353
0.0,AFW_exact,exact,85.0,0.00249481201171875,15.62712610724566,0.0001357636932688422,9.0,0.5209042035748553
0.0,AFW_exact,exact,86.0,0.002522706985473633,15.627126105898293,0.0001742667279067689,9.0,0.5209042035299432
0.0,AFW_exact,exact,87.0,0.0025429725646972656,15.627126105898293,9.450429787527526e-05,9.0,0.5209042035299432
0.0,PFW_diminishing,diminishing,0.0,2.7894973754882812e-05,20.02424955274294,10.73971096916316,1.0,0.6674749850914313
0.0,PFW_diminishing,diminishing,1.0,5.793571472167969e-05,17.296768766446505,13.358413804480087,2.0,0.5765589588815502
0.0,PFW_diminishing,diminishing,2.0,8.606910705566406e-05,16.089648661092006,5.045837086893254,3.0,0.5363216220364002
0.0,PFW_diminishing,diminishing,3.0,0.00010991096496582031,16.211306815421867,2.640555861856015,4.0,0.5403768938473956
0.0,PFW_diminishing,diminishing,4.0,0.00013589859008789062,15.896237885002455,2.7725413887326287,4.0,0.5298745961667485
0.0,PFW_diminishing,diminishing,5.0,0.00016117095947265625,16.035468109967344,1.5434268763087076,4.0,0.5345156036655782
0.0,PFW_diminishing,diminishing,6.0,0.00018596649169921875,16.01289392073454,2.0505868491529817,5.0,0.5337631306911513
0.0,PFW_diminishing,diminishing,7.0,0.00021004676818847656,15.866656541553061,1.7820618644366473,6.0,0.528888551385102
0.0,PFW_diminishing,diminishing,8.0,0.00023293495178222656,15.770668669697159,1.1000331669200136,6.0,0.5256889556565719
0.0,PFW_diminishing,diminishing,9.0,0.0002579689025878906,15.884471105209501,0.7661689215498892,6.0,0.5294823701736501
0.0,PFW_diminishing,diminishing,10.0,0.0002818107604980469,15.755869576996158,1.430834384434359,6.0,0.5251956525665386
0.0,PFW_diminishing,diminishing,11.0,0.00030493736267089844,15.88338513287424,0.6758315350144635,7.0,0.529446171095808
0.0,PFW_diminishing,diminishing,12.0,0.00032901763916015625,15.747012629314371,1.3788856879996203,7.0,0.5249004209771457
0.0,PFW_diminishing,diminishing,13.0,0.0003521442413330078,15.864138464033106,0.5779222410633977,7.0,0.5288046154677702
0.0,PFW_diminishing,diminishing,14.0,0.0003769397735595703,15.703410611003157,1.8990930321269097,8.0,0.5234470203667719
0.0,PFW_diminishing,diminishing,15.0,0.0003998279571533203,15.767313801409138,0.4976488672268111,8.0,0.5255771267136379
0.0,PFW_diminishing,diminishing,16.0,0.0004229545593261719,15.698650088563292,0.8774108996824577,8.0,0.5232883362854431
0.0,PFW_diminishing,diminishing,17.0,0.0004470348358154297,15.756655395183175,0.39715255480714085,8.0,0.5252218465061058
0.0,PFW_diminishing,diminishing,18.0,0.0004711151123046875,15.70942494001383,0.8070599294231258,8.0,0.5236474980004611
0.0,PFW_diminishing,diminishing,19.0,0.00049591064453125,15.717107111249408,0.5958006557883593,8.0,0.5239035703749803
0.0,PFW_diminishing,diminishing,20.0,0.0005190372467041016,15.705121672428122,0.5856798397528404,8.0,0.5235040557476041
0.0,PFW_diminishing,diminishing,21.0,0.0005419254302978516,15.712522800638007,0.5311921844436807,8.0,0.5237507600212669
0.0,PFW_diminishing,diminishing,22.0,0.0005650520324707031,15.70186064041725,0.5341897158820483,8.0,0.523395354680575
0.0,PFW_diminishing,diminishing,23.0,0.0005891323089599609,15.708943809239043,0.477798934711684,8.0,0.5236314603079681
0.0,PFW_diminishing,diminishing,24.0,0.0006139278411865234,15.699334988635131,0.4913405991843298,8.0,0.5233111662878377
0.0,PFW_diminishing,diminishing,25.0,0.000637054443359375,15.70609306707824,0.4329431780519837,8.0,0.5235364355692746
0.0,PFW_diminishing,diminishing,26.0,0.000659942626953125,15.697342430644348,0.45513387221331136,8.0,0.5232447476881449
0.0,PFW_diminishing,diminishing,27.0,0.0006840229034423828,15.682066163810715,0.41498901774985697,8.0,0.5227355387936905
0.0,PFW_diminishing,diminishing,28.0,0.0007069110870361328,15.70698089588988,0.2476172475238112,8.0,0.5235660298629959
0.0,PFW_diminishing,diminishing,29.0,0.0007319450378417969,15.664122701946757,0.8867990647711572,8.0,0.5221374233982252
0.0,PFW_diminishing,diminishing,30.0,0.0007550716400146484,15.688307483902861,0.2159677758826657,8.0,0.522943582796762
0.0,PFW_diminishing,diminishing,31.0,0.0007779598236083984,15.64966248509291,0.8107922746894385,8.0,0.5216554161697636
0.0,PFW_diminishing,diminishing,32.0,0.0008020401000976562,15.657766326805762,0.20749914799332458,8.0,0.5219255442268588
0.0,PFW_diminishing,diminishing,33.0,0.0008258819580078125,15.65746311819866,0.2801105090276934,8.0,0.5219154372732887
0.0,PFW_diminishing,diminishing,34.0,0.0008509159088134766,15.656715409308033,0.33788671507743295,8.0,0.5218905136436011
0.0,PFW_diminishing,diminishing,35.0,0.0008740425109863281,15.656483418436178,0.2610128959847202,8.0,0.5218827806145393
0.0,PFW_diminishing,diminishing,36.0,0.0008971691131591797,15.655824233257686,0.31650322057344127,8.0,0.5218608077752562
0.0,PFW_diminishing,diminishing,37.0,0.0009207725524902344,15.655648363809954,0.24399961903347211,8.0,0.5218549454603318
0.0,PFW_diminishing,diminishing,38.0,0.0009438991546630859,15.655062022821944,0.2973750178580712,8.0,0.5218354007607314
0.0,PFW_diminishing,diminishing,39.0,0.00096893310546875,15.654930797271104,0.22874783896975792,8.0,0.5218310265757035
0.0,PFW_diminishing,diminishing,40.0,0.0009920597076416016,15.654405068764504,0.28016372959009495,8.0,0.5218135022921502
0.0,PFW_diminishing,diminishing,41.0,0.0010151863098144531,15.64644188691333,0.21908811227275216,8.0,0.521548062897111
0.0,PFW_diminishing,diminishing,42.0,0.0010387897491455078,15.654676640169098,0.14985122339764523,8.0,0.5218225546723033
0.0,PFW_diminishing,diminishing,43.0,0.0010619163513183594,15.639495075131618,0.48271447660656897,8.0,0.5213165025043873
0.0,PFW_diminishing,diminishing,44.0,0.0010869503021240234,15.634261035092223,0.230888657759877,7.0,0.5211420345030741
0.0,PFW_diminishing,diminishing,45.0,0.0011110305786132812,15.641257152772315,0.18300894687715186,7.0,0.5213752384257438
0.0,PFW_diminishing,diminishing,46.0,0.0011327266693115234,15.63399348904811,0.34011375969998525,7.0,0.5211331163016036
0.0,PFW_diminishing,diminishing,47.0,0.0011568069458007812,15.639556193334071,0.17211102030657877,7.0,0.5213185397778024
0.0,PFW_diminishing,diminishing,48.0,0.0011799335479736328,15.637716681968188,0.426095859508699,7.0,0.5212572227322729
0.0,PFW_diminishing,diminishing,49.0,0.0012049674987792969,15.634883778775645,0.3305549389461291,7.0,0.5211627926258549
0.0,PFW_diminishing,diminishing,50.0,0.0012280941009521484,15.63730969434891,0.28117934637499964,7.0,0.521243656478297
0.0,PFW_diminishing,diminishing,51.0,0.0012500286102294922,15.634596744393967,0.32112437653383274,7.0,0.5211532248131322
0.0,PFW_diminishing,diminishing,52.0,0.0012738704681396484,15.636944909142029,0.2712579727504085,7.0,0.5212314969714009
0.0,PFW_diminishing,diminishing,53.0,0.0012969970703125,15.634341841963112,0.31241046328821653,7.0,0.5211447280654371
0.0,PFW_diminishing,diminishing,54.0,0.0013229846954345703,15.63661658233142,0.2620743725359773,7.0,0.5212205527443807
0.0,PFW_diminishing,diminishing,55.0,0.0013468265533447266,15.634114566591975,0.3043345923992291,7.0,0.5211371522197326
0.0,PFW_diminishing,diminishing,56.0,0.0013687610626220703,15.636319921999021,0.25354927912527714,7.0,0.5212106640666341
0.0,PFW_diminishing,diminishing,57.0,0.0013928413391113281,15.63391116866243,0.29682923628834956,7.0,0.5211303722887476
0.0,PFW_diminishing,diminishing,58.0,0.0014159679412841797,15.63605090435216,0.24561437917572526,7.0,0.5212016968117387
0.0,PFW_diminishing,diminishing,59.0,0.0014410018920898438,15.633728507510595,0.28983606280683816,7.0,0.5211242835836865
0.0,PFW_diminishing,diminishing,60.0,0.0014638900756835938,15.6358061300126,0.2382104852333704,7.0,0.5211935376670866
0.0,PFW_diminishing,diminishing,61.0,0.0014858245849609375,15.632558033709437,0.2833044228572952,7.0,0.5210852677903145
0.0,PFW_diminishing,diminishing,62.0,0.0015099048614501953,15.63309532991988,0.2543305203270414,7.0,0.521103177663996
0.0,PFW_diminishing,diminishing,63.0,0.0015330314636230469,15.632377981610873,0.2318542384917226,7.0,0.5210792660536957
0.0,PFW_diminishing,diminishing,64.0,0.0015571117401123047,15.632904616266096,0.24722323862156337,7.0,0.5210968205422032
0.0,PFW_diminishing,diminishing,65.0,0.0015819072723388672,15.63221396971229,0.22614577592728935,7.0,0.5210737989904096
0.0,PFW_diminishing,diminishing,66.0,0.0016047954559326172,15.63273009583607,0.2405478022430465,7.0,0.5210910031945357
0.0,PFW_diminishing,diminishing,67.0,0.0016279220581054688,15.632064163146957,0.22078071635522,7.0,0.5210688054382319
0.0,PFW_diminishing,diminishing,68.0,0.0016510486602783203,15.632569972515821,0.23426603684580982,7.0,0.5210856657505274
0.0,PFW_diminishing,diminishing,69.0,0.0016751289367675781,15.631926981275095,0.2157290036170032,7.0,0.5210642327091698
0.0,PFW_diminishing,diminishing,70.0,0.0016989707946777344,15.632422693208667,0.22834413619369087,7.0,0.521080756440289
0.0,PFW_diminishing,diminishing,71.0,0.0017209053039550781,15.631801056623388,0.21096398701130425,7.0,0.5210600352207796
0.0,PFW_diminishing,diminishing,72.0,0.001744985580444336,15.632286909363541,0.22275205507240514,7.0,0.521076230312118
0.0,PFW_diminishing,diminishing,73.0,0.0017669200897216797,15.631685201351367,0.20646195259540434,7.0,0.5210561733783788
0.0,PFW_diminishing,diminishing,74.0,0.0017919540405273438,15.63216144543151,0.2174630006662479,7.0,0.5210720481810504
0.0,PFW_diminishing,diminishing,75.0,0.0018150806427001953,15.631578379709017,0.2022017297748615,7.0,0.5210526126569672
0.0,PFW_diminishing,diminishing,76.0,0.0018379688262939453,15.632045272859605,0.21245300426556746,7.0,0.5210681757619868
0.0,PFW_diminishing,diminishing,77.0,0.0018630027770996094,15.631479685293483,0.19816435944756705,7.0,0.5210493228431161
0.0,PFW_diminishing,diminishing,78.0,0.0018858909606933594,15.631937488537798,0.2077005588887797,7.0,0.5210645829512599
0.0,PFW_diminishing,diminishing,79.0,0.0019099712371826172,15.63138832217303,0.19433281275776437,7.0,0.5210462774057677
0.0,PFW_diminishing,diminishing,80.0,0.0019338130950927734,15.631791463099065,0.2031863112844885,7.0,0.5210597154366355
0.0,PFW_diminishing,diminishing,81.0,0.0019559860229492188,15.630092127788402,0.17559333948802447,7.0,0.5210030709262801
0.0,PFW_diminishing,diminishing,82.0,0.001979827880859375,15.631075895498325,0.17237918559604815,8.0,0.5210358631832775
0.0,PFW_diminishing,diminishing,83.0,0.0020029544830322266,15.630008634203277,0.14381183963401512,8.0,0.5210002878067759
0.0,PFW_diminishing,diminishing,84.0,0.0020279884338378906,15.630971708754572,0.16732650631836066,8.0,0.521032390291819
0.0,PFW_diminishing,diminishing,85.0,0.0020508766174316406,15.629931067761103,0.1404827388395713,8.0,0.5209977022587035
0.0,PFW_diminishing,diminishing,86.0,0.002074003219604492,15.630874245823376,0.16250900486317477,8.0,0.5210291415274458
0.0,PFW_diminishing,diminishing,87.0,0.0020978450775146484,15.629858892835308,0.1373081216744545,8.0,0.5209952964278436
0.0,PFW_diminishing,diminishing,88.0,0.0021209716796875,15.630782930334828,0.15791064050096892,8.0,0.5210260976778276
0.0,PFW_diminishing,diminishing,89.0,0.002146005630493164,15.629791632451914,0.13427748612635426,8.0,0.5209930544150638
0.0,PFW_diminishing,diminishing,90.0,0.002168893814086914,15.630697246814012,0.1535167984097523,8.0,0.5210232415604671
0.0,PFW_diminishing,diminishing,91.0,0.0021920204162597656,15.629728860779668,0.1313812604352158,8.0,0.5209909620259889
0.0,PFW_diminishing,diminishing,92.0,0.002215862274169922,15.630616733093294,0.14931413472315214,8.0,0.5210205577697765
0.0,PFW_diminishing,diminishing,93.0,0.0022399425506591797,15.6296701967159,0.12861070238136385,8.0,0.5209890065571966
0.0,PFW_diminishing,diminishing,94.0,0.0022649765014648438,15.630540973807356,0.14529044134957658,8.0,0.5210180324602453
0.0,PFW_diminishing,diminishing,95.0,0.0022878646850585938,15.629615298389401,0.12595781137377848,8.0,0.52098717661298
0.0,PFW_diminishing,diminishing,96.0,0.0023109912872314453,15.630469594797773,0.14143452768121811,8.0,0.5210156531599258
0.0,PFW_diminishing,diminishing,97.0,0.002335071563720703,15.629563858433764,0.12341525148066168,8.0,0.5209854619477922
0.0,PFW_diminishing,diminishing,98.0,0.002357959747314453,15.630402258284375,0.13773611678179698,8.0,0.5210134086094792
0.0,PFW_diminishing,diminishing,99.0,0.002382993698120117,15.629515599910322,0.12097628384641723,8.0,0.520983853330344
0.0,PFW_diminishing,diminishing,100.0,0.002405881881713867,15.630338658685563,0.13418575402726596,8.0,0.5210112886228521
0.0,PFW_diminishing,diminishing,101.0,0.0024290084838867188,15.629470272780775,0.11863470718677505,8.0,0.5209823424260258
0.0,PFW_diminishing,diminishing,102.0,0.0024530887603759766,15.630278518989542,0.13077472649127841,8.0,0.5210092839663181
0.0,PFW_diminishing,diminishing,103.0,0.002476930618286133,15.629427650846658,0.11638480525797945,8.0,0.5209809216948886
0.0,PFW_diminishing,diminishing,104.0,0.0025010108947753906,15.630221587594965,0.12749499162971567,8.0,0.5210073862531656
0.0,PFW_diminishing,diminishing,105.0,0.002524852752685547,15.629387529086278,0.1142213003651733,8.0,0.5209795843028759
0.0,PFW_diminishing,diminishing,106.0,0.0025479793548583984,15.630167635552747,0.12433911403674713,8.0,0.5210055878517582
0.0,PFW_diminishing,diminishing,107.0,0.00257110595703125,15.629349721331495,0.112139312115481,8.0,0.5209783240443832
0.0,PFW_diminishing,diminishing,108.0,0.0025949478149414062,15.628616646403648,0.12138080801050855,9.0,0.5209538882134549
0.0,PFW_diminishing,diminishing,109.0,0.0026199817657470703,15.629804631647465,0.061766888109058726,9.0,0.5209934877215822
0.0,PFW_diminishing,diminishing,110.0,0.0026428699493408203,15.628898036095494,0.16349294611272924,9.0,0.5209632678698498
0.0,PFW_diminishing,diminishing,111.0,0.0026650428771972656,15.629758355144048,0.09043088906110874,9.0,0.5209919451714683
0.0,PFW_diminishing,diminishing,112.0,0.0026891231536865234,15.628547761763558,0.16220221601979112,9.0,0.5209515920587853
0.0,PFW_diminishing,diminishing,113.0,0.0027129650115966797,15.629714131920178,0.05846055225048019,9.0,0.520990471064006
0.0,PFW_diminishing,diminishing,114.0,0.0027370452880859375,15.628524986802091,0.15989521650418403,9.0,0.520950832893403
0.0,PFW_diminishing,diminishing,115.0,0.0027608871459960938,15.628092226270455,0.05759298565991067,9.0,0.5209364075423485
0.0,PFW_diminishing,diminishing,116.0,0.0027840137481689453,15.628503293727224,0.029139644382070173,9.0,0.5209501097909075
0.0,PFW_diminishing,diminishing,117.0,0.002807140350341797,15.628078106887495,0.05646683980687328,9.0,0.5209359368962498
0.0,PFW_diminishing,diminishing,118.0,0.0028297901153564453,15.62848261367471,0.028084693648406045,9.0,0.5209494204558236
0.0,PFW_diminishing,diminishing,119.0,0.002855062484741211,15.62951773630722,0.056053087659130085,9.0,0.520983924543574
0.0,PFW_diminishing,diminishing,120.0,0.002878904342651367,15.628690318949525,0.15332703628957667,9.0,0.5209563439649841
0.0,PFW_diminishing,diminishing,121.0,0.0029020309448242188,15.629481369458382,0.08239887649096467,9.0,0.5209827123152794
0.0,PFW_diminishing,diminishing,122.0,0.002925872802734375,15.628667771749152,0.15127859749596873,9.0,0.5209555923916384
0.0,PFW_diminishing,diminishing,123.0,0.0029489994049072266,15.629446624573498,0.08071071761991,9.0,0.52098155415245
0.0,PFW_diminishing,diminishing,124.0,0.0029730796813964844,15.62839811319852,0.1494407722070914,9.0,0.520946603773284
0.0,PFW_diminishing,diminishing,125.0,0.0029969215393066406,15.6280053357245,0.0570628282950878,9.0,0.5209335111908167
0.0,PFW_diminishing,diminishing,126.0,0.003019094467163086,15.628872955217426,0.029243419445226237,9.0,0.5209624318405809
0.0,PFW_diminishing,diminishing,127.0,0.003042936325073242,15.627994406762696,0.07304578097095771,9.0,0.5209331468920898
0.0,PFW_diminishing,diminishing,128.0,0.0030670166015625,15.62834885611585,0.02797848858365981,9.0,0.5209449618705283
0.0,PFW_diminishing,diminishing,129.0,0.003092050552368164,15.627983949510591,0.053770791447167454,9.0,0.5209327983170197
0.0,PFW_diminishing,diminishing,130.0,0.003114938735961914,15.628803589606376,0.02711100394139976,9.0,0.5209601196535458
0.0,PFW_diminishing,diminishing,131.0,0.0031380653381347656,15.627974006786054,0.06979390014442366,9.0,0.5209324668928684
0.0,PFW_diminishing,diminishing,132.0,0.003161907196044922,15.628304041929852,0.02592196718498485,9.0,0.5209434680643283
0.0,PFW_diminishing,diminishing,133.0,0.0031850337982177734,15.629140145116583,0.05071138686002641,9.0,0.5209713381705527
0.0,PFW_diminishing,diminishing,134.0,0.0032100677490234375,15.628467269471312,0.13840255281410663,9.0,0.520948908982377
0.0,PFW_diminishing,diminishing,135.0,0.0032341480255126953,15.629113801431519,0.07443577467343943,9.0,0.5209704600477173
0.0,PFW_diminishing,diminishing,136.0,0.0032567977905273438,15.628450985967753,0.13675865512466956,9.0,0.520948366198925
0.0,PFW_diminishing,diminishing,137.0,0.0032799243927001953,15.629088514844575,0.07307770151477122,9.0,0.5209696171614858
0.0,PFW_diminishing,diminishing,138.0,0.003304004669189453,15.62843545919561,0.13516249594986718,9.0,0.5209478486398537
0.0,PFW_diminishing,diminishing,139.0,0.0033271312713623047,15.629064227920058,0.07175887719447616,9.0,0.5209688075973352
0.0,PFW_diminishing,diminishing,140.0,0.003350973129272461,15.628221017999419,0.13403489783104305,9.0,0.5209407005999807
0.0,PFW_diminishing,diminishing,141.0,0.003374814987182617,15.62790971037769,0.05245857202849891,9.0,0.5209303236792563
0.0,PFW_diminishing,diminishing,142.0,0.003400087356567383,15.628507879161143,0.02771910164757685,9.0,0.5209502626387048
0.0,PFW_diminishing,diminishing,143.0,0.003423929214477539,15.627901414835971,0.0600186805053724,9.0,0.5209300471611991
0.0,PFW_diminishing,diminishing,144.0,0.0034477710723876953,15.628491558509648,0.026719482769532732,9.0,0.5209497186169882
0.0,PFW_diminishing,diminishing,145.0,0.003470897674560547,15.627893509808205,0.05917925006918168,9.0,0.5209297836602735
0.0,PFW_diminishing,diminishing,146.0,0.003495931625366211,15.628475838554838,0.025747302368657188,9.0,0.5209491946184946
0.0,PFW_diminishing,diminishing,147.0,0.0035190582275390625,15.627885973066869,0.05836275197102658,9.0,0.5209295324355623
0.0,PFW_diminishing,diminishing,148.0,0.0035419464111328125,15.628460689012714,0.02480144617459068,9.0,0.5209486896337572
0.0,PFW_diminishing,diminishing,149.0,0.0035657882690429688,15.627878783899687,0.057568259331992166,9.0,0.5209292927966562
0.0,PFW_diminishing,diminishing,150.0,0.0035898685455322266,15.628446081515932,0.023880859436188118,9.0,0.5209482027171978
0.0,PFW_diminishing,diminishing,151.0,0.0036139488220214844,15.627871922988978,0.05679489454975162,9.0,0.5209290640996326
0.0,PFW_diminishing,diminishing,152.0,0.003637075424194336,15.62843198946878,0.02298454300040298,9.0,0.5209477329822927
0.0,PFW_diminishing,diminishing,153.0,0.0036611557006835938,15.627865372301944,0.056041826067463774,9.0,0.5209288457433982
0.0,PFW_diminishing,diminishing,154.0,0.0036869049072265625,15.62841838791489,0.02211154969706719,9.0,0.520947279597163
0.0,PFW_diminishing,diminishing,155.0,0.0037119388580322266,15.627859114990855,0.055308265393522404,9.0,0.5209286371663618
0.0,PFW_diminishing,diminishing,156.0,0.003735780715942383,15.62806705190578,0.021260981002074075,9.0,0.5209355683968594
0.0,PFW_diminishing,diminishing,157.0,0.0037598609924316406,15.628315397797763,0.04477679133987955,9.0,0.5209438465932588
0.0,PFW_diminishing,diminishing,158.0,0.0037839412689208984,15.62862662741531,0.051795686560787146,9.0,0.5209542209138437
0.0,PFW_diminishing,diminishing,159.0,0.0038080215454101562,15.628177932703302,0.11585875422895242,9.0,0.5209392644234434
0.0,PFW_diminishing,diminishing,160.0,0.0038318634033203125,15.628610910056322,0.06459482133205618,9.0,0.5209536970018774
0.0,PFW_diminishing,diminishing,161.0,0.0038559436798095703,15.628167878692993,0.11469061869549257,9.0,0.5209389292897665
0.0,PFW_diminishing,diminishing,162.0,0.0038788318634033203,15.62859572989306,0.06362568584415307,9.0,0.5209531909964353
0.0,PFW_diminishing,diminishing,163.0,0.003904104232788086,15.628265482828224,0.11375922463017751,9.0,0.5209421827609408
0.0,PFW_diminishing,diminishing,164.0,0.003927946090698242,15.62801253952517,0.05111220619478196,9.0,0.5209337513175056
0.0,PFW_diminishing,diminishing,165.0,0.003950834274291992,15.628374961510024,0.04377807317130156,9.0,0.5209458320503342
0.0,PFW_diminishing,diminishing,166.0,0.003975868225097656,15.628141801541592,0.0727762298510406,9.0,0.5209380600513864
0.0,PFW_diminishing,diminishing,167.0,0.003999948501586914,15.628361557401679,0.08865103516546391,9.0,0.5209453852467226
0.0,PFW_diminishing,diminishing,168.0,0.004024982452392578,15.628131281123832,0.07194593767358626,9.0,0.5209377093707944
0.0,PFW_diminishing,diminishing,169.0,0.004048824310302734,15.628348604096855,0.08741579865827376,9.0,0.5209449534698952
0.0,PFW_diminishing,diminishing,170.0,0.00407099723815918,15.628121139626655,0.07113528677038872,9.0,0.5209373713208885
0.0,PFW_diminishing,diminishing,171.0,0.0040950775146484375,15.628336081282972,0.08620947453624161,9.0,0.5209445360427657
0.0,PFW_diminishing,diminishing,172.0,0.004119157791137695,15.628111359433998,0.07034358848051525,9.0,0.5209370453144666
0.0,PFW_diminishing,diminishing,173.0,0.004144906997680664,15.628323969786171,0.08503105953505319,9.0,0.5209441323262057
0.0,PFW_diminishing,diminishing,174.0,0.004168033599853516,15.628101923933812,0.0695701859593747,9.0,0.5209367307977938
0.0,PFW_diminishing,diminishing,175.0,0.004190921783447266,15.62831225149535,0.08387959627341779,9.0,0.5209437417165117
0.0,PFW_diminishing,diminishing,176.0,0.0042150020599365234,15.628092817450417,0.06881445236264838,9.0,0.5209364272483472
0.0,PFW_diminishing,diminishing,177.0,0.0042378902435302734,15.628300909291976,0.0827541706599213,9.0,0.5209433636430659
0.0,PFW_diminishing,diminishing,178.0,0.0042629241943359375,15.628084025182137,0.06807578915313961,9.0,0.5209361341727379
0.0,PFW_diminishing,diminishing,179.0,0.004287004470825195,15.628289926985346,0.08165390947385553,9.0,0.5209429975661782
0.0,PFW_diminishing,diminishing,180.0,0.004308938980102539,15.628075533143672,0.06735362452103999,9.0,0.5209358511047891
0.0,PFW_diminishing,diminishing,181.0,0.004332780838012695,15.628279289252642,0.08057797810632472,9.0,0.5209426429750881
0.0,PFW_diminishing,diminishing,182.0,0.004355907440185547,15.628067328112891,0.066647411908761,9.0,0.5209355776037631
0.0,PFW_diminishing,diminishing,183.0,0.004380941390991211,15.628268981583535,0.07952557844962804,9.0,0.5209422993861178
0.0,PFW_diminishing,diminishing,184.0,0.004405021667480469,15.628059397581577,0.06595662863241714,9.0,0.5209353132527192
0.0,PFW_diminishing,diminishing,185.0,0.00442814826965332,15.628258990228824,0.07849594692356376,9.0,0.5209419663409608
0.0,PFW_diminishing,diminishing,186.0,0.0044519901275634766,15.628051729709874,0.06528077459260118,9.0,0.5209350576569958
0.0,PFW_diminishing,diminishing,187.0,0.0044748783111572266,15.628249302152879,0.0774883526283574,9.0,0.520941643405096
0.0,PFW_diminishing,diminishing,188.0,0.004499912261962891,15.62804431328404,0.06461937106782223,9.0,0.5209348104428013
0.0,PFW_diminishing,diminishing,189.0,0.004523038864135742,15.628239904989494,0.07650209561496624,9.0,0.5209413301663165
0.0,PFW_diminishing,diminishing,190.0,0.004546165466308594,15.628037137677298,0.06397195958443369,9.0,0.5209345712559099
0.0,PFW_diminishing,diminishing,191.0,0.00457000732421875,15.628230787000897,0.0755365052640915,9.0,0.5209410262333632
0.0,PFW_diminishing,diminishing,192.0,0.0045928955078125,15.628030192813533,0.06333810085752312,9.0,0.5209343397604511
0.0,PFW_diminishing,diminishing,193.0,0.004619121551513672,15.628221937039685,0.07459093876590117,9.0,0.5209407312346561
0.0,PFW_diminishing,diminishing,194.0,0.004642009735107422,15.628023469133506,0.0627173737975415,9.0,0.5209341156377836
0.0,PFW_diminishing,diminishing,195.0,0.004664897918701172,15.628213344513407,0.07366477969346441,9.0,0.5209404448171135
0.0,PFW_diminishing,diminishing,196.0,0.00468897819519043,15.628016957563519,0.06210937457804988,9.0,0.5209338985854506
0.0,PFW_diminishing,diminishing,197.0,0.00471186637878418,15.627859831063155,0.07275743666303214,9.0,0.5209286610354386
0.0,PFW_diminishing,diminishing,198.0,0.004737138748168945,15.627789020700632,0.03975850618768817,9.0,0.5209263006900211
0.0,PFW_diminishing,diminishing,199.0,0.0047609806060791016,15.6276515539694,0.06771876597834137,9.0,0.5209217184656467
0.0,PFW_diminishing,diminishing,200.0,0.0047838687896728516,15.627783141081204,0.04192910302122144,9.0,0.5209261047027068
0.0,PFW_diminishing,diminishing,201.0,0.004812002182006836,15.627647079672249,0.06712398110209605,9.0,0.5209215693224083
0.0,PFW_diminishing,diminishing,202.0,0.0048367977142333984,15.627777426688825,0.04145756653537802,9.0,0.5209259142229609
0.0,PFW_diminishing,diminishing,203.0,0.004860877990722656,15.627642741711208,0.06654093039787057,9.0,0.520921424723707
0.0,PFW_diminishing,diminishing,204.0,0.004884958267211914,15.62777187127768,0.040995306704141754,9.0,0.5209257290425894
0.0,PFW_diminishing,diminishing,205.0,0.0049097537994384766,15.627638534733869,0.06596927003901598,9.0,0.520921284491129
0.0,PFW_diminishing,diminishing,206.0,0.004932880401611328,15.627472224008509,0.04103253815186214,9.0,0.5209157408002836
0.0,PFW_diminishing,diminishing,207.0,0.00495600700378418,15.627634424451687,0.0413937783430498,9.0,0.5209211474817229
0.0,PFW_diminishing,diminishing,208.0,0.0049800872802734375,15.6274697290547,0.04076402586462535,9.0,0.5209156576351567
0.0,PFW_diminishing,diminishing,209.0,0.0050029754638671875,15.627502940873358,0.04110660963066337,9.0,0.5209167646957786
0.0,PFW_diminishing,diminishing,210.0,0.00502777099609375,15.62744181316985,0.047652859876308185,9.0,0.5209147271056617
0.0,PFW_diminishing,diminishing,211.0,0.005051851272583008,15.627498699285388,0.035973426382867046,9.0,0.5209166233095129
0.0,PFW_diminishing,diminishing,212.0,0.005074977874755859,15.627438179655035,0.04719937274063746,9.0,0.5209146059885011
0.0,PFW_diminishing,diminishing,213.0,0.005099058151245117,15.627494572701602,0.03557254611108718,9.0,0.5209164857567201
0.0,PFW_diminishing,diminishing,214.0,0.005122184753417969,15.62743464887612,0.046754375412980664,9.0,0.5209144882958706
0.0,PFW_diminishing,diminishing,215.0,0.005146980285644531,15.62749055695805,0.035179143493756726,9.0,0.5209163518986016
0.0,PFW_diminishing,diminishing,216.0,0.005169868469238281,15.62743121704329,0.04631763171377834,9.0,0.520914373901443
0.0,PFW_diminishing,diminishing,217.0,0.005192995071411133,15.627486648078358,0.034793011261673,9.0,0.520916221602612
0.0,PFW_diminishing,diminishing,218.0,0.005217075347900391,15.62742788053905,0.045888914142789616,9.0,0.520914262684635
0.0,PFW_diminishing,diminishing,219.0,0.005239963531494141,15.62748284226363,0.034413949735066396,9.0,0.520916094742121
0.0,PFW_diminishing,diminishing,220.0,0.005264997482299805,15.627424635908934,0.045468003484009145,9.0,0.5209141545302978
0.0,PFW_diminishing,diminishing,221.0,0.0052890777587890625,15.62747913588303,0.03404176647941881,9.0,0.520915971196101
0.0,PFW_diminishing,diminishing,222.0,0.005311012268066406,15.62742147985279,0.04505468843206728,9.0,0.5209140493284263
0.0,PFW_diminishing,diminishing,223.0,0.005335092544555664,15.627475525464908,0.03367627597980949,9.0,0.5209158508488303
0.0,PFW_diminishing,diminishing,224.0,0.005357980728149414,15.627418409216595,0.04464876523856276,9.0,0.5209139469738865
0.0,PFW_diminishing,diminishing,225.0,0.005383014678955078,15.627472007688473,0.03331729933272065,9.0,0.5209157335896157
0.0,PFW_diminishing,diminishing,226.0,0.005407094955444336,15.627415420984777,0.04425003737729938,9.0,0.5209138473661592
0.0,PFW_diminishing,diminishing,227.0,0.005429983139038086,15.627468579376005,0.03296466395411635,9.0,0.5209156193125335
0.0,PFW_diminishing,diminishing,228.0,0.0054531097412109375,15.627412512273017,0.04385831522709438,9.0,0.5209137504091006
0.0,PFW_diminishing,diminishing,229.0,0.0054759979248046875,15.62746523748547,0.03261820330288856,9.0,0.5209155079161824
0.0,PFW_diminishing,diminishing,230.0,0.0055010318756103516,15.627409680321453,0.04347341577116559,9.0,0.520913656010715
0.0,PFW_diminishing,diminishing,231.0,0.0055239200592041016,15.627461979103632,0.032277756618679376,9.0,0.5209153993034544
0.0,PFW_diminishing,diminishing,232.0,0.005547046661376953,15.627406922488307,0.04309516231210253,9.0,0.5209135640829435
0.0,PFW_diminishing,diminishing,233.0,0.005570888519287109,15.627458801439541,0.031943168673249644,9.0,0.520915293381318
0.0,PFW_diminishing,diminishing,234.0,0.005594968795776367,15.62740423624391,0.042723384201487136,9.0,0.5209134745414636
0.0,PFW_diminishing,diminishing,235.0,0.005617856979370117,15.627455701818413,0.03161428953455925,9.0,0.5209151900606137
0.0,PFW_diminishing,diminishing,236.0,0.005640983581542969,15.627401619165026,0.042357916583245725,9.0,0.5209133873055009
0.0,PFW_diminishing,diminishing,237.0,0.00566411018371582,15.62745267767586,0.03129097434280759,9.0,0.520915089255862
0.0,PFW_diminishing,diminishing,238.0,0.00568699836730957,15.627399068929567,0.041998600149959486,9.0,0.5209133022976522
0.0,PFW_diminishing,diminishing,239.0,0.00570988655090332,15.627449726552465,0.03097308309777347,9.0,0.5209149908850822
0.0,PFW_diminishing,diminishing,240.0,0.005734920501708984,15.627396583311558,0.04164528091136788,9.0,0.5209132194437186
0.0,PFW_diminishing,diminishing,241.0,0.005758047103881836,15.62744684608864,0.030660480456733197,9.0,0.5209148948696213
0.0,PFW_diminishing,diminishing,242.0,0.005780935287475586,15.627394160176415,0.04129780997444321,9.0,0.5209131386725472
0.0,PFW_diminishing,diminishing,243.0,0.0058040618896484375,15.627444034019799,0.030353035542395546,9.0,0.5209148011339934
0.0,PFW_diminishing,diminishing,244.0,0.0058269500732421875,15.627391797476513,0.04095604333416247,9.0,0.5209130599158838
0.0,PFW_diminishing,diminishing,245.0,0.0058519840240478516,15.627441288171799,0.030050621760256746,9.0,0.5209147096057266
0.0,PFW_diminishing,diminishing,246.0,0.005876064300537109,15.627389493246962,0.04061984167459798,9.0,0.5209129831082321
0.0,PFW_diminishing,diminishing,247.0,0.005900144577026367,15.627438606456609,0.029753116624855025,9.0,0.5209146202152203
0.0,PFW_diminishing,diminishing,248.0,0.0059239864349365234,15.627387245601641,0.04028907017961458,9.0,0.5209129081867213
0.0,PFW_diminishing,diminishing,249.0,0.00594782829284668,15.627435986868267,0.029460401594404217,9.0,0.520914532895609
0.0,PFW_diminishing,diminishing,250.0,0.005970954895019531,15.627385052729453,0.03996359835264229,9.0,0.5209128350909817
0.0,PFW_diminishing,diminishing,251.0,0.005995035171508789,15.627433427479016,0.029172361913339273,9.0,0.5209144475826338
0.0,PFW_diminishing,diminishing,252.0,0.006016969680786133,15.627382912890779,0.039643299845089075,9.0,0.520912763763026
0.0,PFW_diminishing,diminishing,253.0,0.006039857864379883,15.627430926435656,0.028888886462389962,9.0,0.5209143642145219
0.0,PFW_diminishing,diminishing,254.0,0.006062984466552734,15.627380824414134,0.03932805229278813,9.0,0.5209126941471378
0.0,PFW_diminishing,diminishing,255.0,0.006085872650146484,15.62742848195612,0.02860986761566764,9.0,0.5209142827318707
0.0,PFW_diminishing,diminishing,256.0,0.006112098693847656,15.627378785692986,0.03901773716023271,9.0,0.5209126261897662
0.0,PFW_diminishing,diminishing,257.0,0.006136894226074219,15.627426092326196,0.028335201104461305,9.0,0.5209142030775399
0.0,PFW_diminishing,diminishing,258.0,0.0061609745025634766,15.62737679518278,0.03871223959196968,9.0,0.520912559839426
0.0,PFW_diminishing,diminishing,259.0,0.006185054779052734,15.627423755896464,0.02806478588738237,9.0,0.5209141251965488
0.0,PFW_diminishing,diminishing,260.0,0.0062100887298583984,15.627374851398075,0.0384114482708835,9.0,0.5209124950466025
0.0,PFW_diminishing,diminishing,261.0,0.006233930587768555,15.627421471079348,0.027798524026440674,9.0,0.5209140490359783
0.0,PFW_diminishing,diminishing,262.0,0.0062580108642578125,15.62737295290987,0.038115255283015514,9.0,0.5209124317636623
0.0,PFW_diminishing,diminishing,263.0,0.00628209114074707,15.627419236346364,0.027536320568822603,9.0,0.5209139745448789
0.0,PFW_diminishing,diminishing,264.0,0.006306171417236328,15.627371098343065,0.037823555988492075,9.0,0.5209123699447689
0.0,PFW_diminishing,diminishing,265.0,0.006330013275146484,15.627417050225477,0.02727808343402849,9.0,0.5209139016741825
0.0,PFW_diminishing,diminishing,266.0,0.0063550472259521484,15.62736928637403,0.037536248898287994,9.0,0.520912309545801
0.0,PFW_diminishing,diminishing,267.0,0.0063779354095458984,15.62741491129864,0.02702372330607261,9.0,0.5209138303766213
0.0,PFW_diminishing,diminishing,268.0,0.0064029693603515625,15.627367515728327,0.03725323555654292,9.0,0.5209122505242776
0.0,PFW_diminishing,diminishing,269.0,0.006426811218261719,15.627412818199392,0.026773153530520233,9.0,0.5209137606066464
0.0,PFW_diminishing,diminishing,270.0,0.006448984146118164,15.627365785178535,0.036974420428080634,9.0,0.5209121928392845
0.0,PFW_diminishing,diminishing,271.0,0.006473064422607422,15.627410769610647,0.02652629001608453,9.0,0.5209136923203549
0.0,PFW_diminishing,diminishing,272.0,0.006495952606201172,15.627364093542196,0.036699710790916384,9.0,0.5209121364514065
0.0,PFW_diminishing,diminishing,273.0,0.006520986557006836,15.627408764262546,0.026283051140573832,9.0,0.5209136254754182
0.0,PFW_diminishing,diminishing,274.0,0.0065460205078125,15.627362439679851,0.036429016633451994,9.0,0.5209120813226618
0.0,PFW_diminishing,diminishing,275.0,0.006570100784301758,15.627406800930435,0.02604335766090138,9.0,0.5209135600310145
0.0,PFW_diminishing,diminishing,276.0,0.006594181060791016,15.62736082249319,0.03616225055619715,9.0,0.5209120274164396
0.0,PFW_diminishing,diminishing,277.0,0.006616830825805664,15.627404878432953,0.025807132627065243,9.0,0.5209134959477651
0.0,PFW_diminishing,diminishing,278.0,0.006640911102294922,15.627359240923278,0.0358993276776669,9.0,0.5209119746974425
0.0,PFW_diminishing,diminishing,279.0,0.0066640377044677734,15.627402995630192,0.02557430129979643,9.0,0.520913433187673
0.0,PFW_diminishing,diminishing,280.0,0.006688117980957031,15.627357693948893,0.03564016554436655,9.0,0.5209119231316298
0.0,PFW_diminishing,diminishing,281.0,0.006710052490234375,15.62740115142196,0.025344791071736594,9.0,0.5209133717140654
0.0,PFW_diminishing,diminishing,282.0,0.0067331790924072266,15.627356180584906,0.03538468404461348,9.0,0.5209118726861636
0.0,PFW_diminishing,diminishing,283.0,0.006757020950317383,15.627399344746141,0.025118531391957077,9.0,0.5209133114915381
0.0,PFW_diminishing,diminishing,284.0,0.006779909133911133,15.6273546998808,0.03513280532596319,9.0,0.52091182332936
0.0,PFW_diminishing,diminishing,285.0,0.006803989410400391,15.627397574577097,0.024895453693677183,9.0,0.5209132524859033
0.0,PFW_diminishing,diminishing,286.0,0.006828784942626953,15.627353250919194,0.03488445371615079,9.0,0.5209117750306398
0.0,PFW_diminishing,diminishing,287.0,0.006855010986328125,15.627395839924192,0.024675491325011123,9.0,0.5209131946641398
0.0,PFW_diminishing,diminishing,288.0,0.006877899169921875,15.627351832814485,0.03463955564729382,9.0,0.5209117277604828
0.0,PFW_diminishing,diminishing,289.0,0.0069010257720947266,15.627394139830342,0.024458579482578457,9.0,0.5209131379943447
0.0,PFW_diminishing,diminishing,290.0,0.006925106048583984,15.627350444711546,0.03439803958324639,9.0,0.5209116814903848
0.0,PFW_diminishing,diminishing,291.0,0.006947994232177734,15.627392473370692,0.02424465514786256,9.0,0.5209130824456898
0.0,PFW_diminishing,diminishing,292.0,0.006971836090087891,15.627349085784463,0.034159835949965967,9.0,0.5209116361928154
0.0,PFW_diminishing,diminishing,293.0,0.006994009017944336,15.627390839651282,0.024033657026192756,9.0,0.520913027988376
0.0,PFW_diminishing,diminishing,294.0,0.007016897201538086,15.627347755235363,0.03392487706867442,9.0,0.5209115918411787
0.0,PFW_diminishing,diminishing,295.0,0.0070421695709228516,15.627389237807826,0.023825525488197385,9.0,0.5209129745935942
0.0,PFW_diminishing,diminishing,296.0,0.007066965103149414,15.627346452293287,0.033693097091767044,9.0,0.5209115484097763
0.0,PFW_diminishing,diminishing,297.0,0.007091045379638672,15.627387667004543,0.023620202513642496,9.0,0.5209129222334847
0.0,PFW_diminishing,diminishing,298.0,0.007112979888916016,15.627345176213094,0.03346443194133464,9.0,0.5209115058737698
0.0,PFW_diminishing,diminishing,299.0,0.0071370601654052734,15.62738612643302,0.023417631637496328,9.0,0.5209128708811007
0.0,PFW_diminishing,diminishing,300.0,0.0071599483489990234,15.627343926274445,0.03323881925006411,9.0,0.5209114642091481
0.0,PFW_diminishing,diminishing,301.0,0.0071828365325927734,15.627384615311156,0.02321775789820535,9.0,0.5209128205103719
0.0,PFW_diminishing,diminishing,302.0,0.007205963134765625,15.627342701780826,0.03301619830455316,9.0,0.5209114233926943
0.0,PFW_diminishing,diminishing,303.0,0.007228851318359375,15.627383132882121,0.02302052778795627,9.0,0.5209127710960707
0.0,PFW_diminishing,diminishing,304.0,0.007254123687744141,15.627341502058604,0.032796509990852485,9.0,0.5209113834019534
0.0,PFW_diminishing,diminishing,305.0,0.007277965545654297,15.627381678413387,0.022825889204932892,9.0,0.5209127226137796
0.0,PFW_diminishing,diminishing,306.0,0.007302999496459961,15.627340326456139,0.032579696742159214,9.0,0.5209113442152046
0.0,PFW_diminishing,diminishing,307.0,0.007327079772949219,15.6273802511958,0.022633791407470127,9.0,0.52091267503986
0.0,PFW_diminishing,diminishing,308.0,0.0073511600494384766,15.627339174342922,0.03236570248849624,9.0,0.5209113058114307
0.0,PFW_diminishing,diminishing,309.0,0.007375955581665039,15.627378850542675,0.022444184969911518,9.0,0.5209126283514225
0.0,PFW_diminishing,diminishing,310.0,0.007400035858154297,15.627338045108772,0.03215447260838111,9.0,0.5209112681702924
0.0,PFW_diminishing,diminishing,311.0,0.007422924041748047,15.627377475788958,0.022257021740266225,9.0,0.5209125825262986
0.0,PFW_diminishing,diminishing,312.0,0.0074460506439208984,15.627336938163054,0.031945953882411615,9.0,0.5209112312721018
0.0,PFW_diminishing,diminishing,313.0,0.0074689388275146484,15.627376126290402,0.02207225479940078,9.0,0.5209125375430134
0.0,PFW_diminishing,diminishing,314.0,0.0074918270111083984,15.62733585293393,0.031740094448482026,9.0,0.5209111950977977
0.0,PFW_diminishing,diminishing,315.0,0.0075168609619140625,15.627374801422794,0.02188983842189174,9.0,0.5209124933807598
0.0,PFW_diminishing,diminishing,316.0,0.00754094123840332,15.627334788867653,0.031536843758853905,9.0,0.5209111596289218
0.0,PFW_diminishing,diminishing,317.0,0.007563114166259766,15.627373500581205,0.021709728038253218,9.0,0.5209124500193735
0.0,PFW_diminishing,diminishing,318.0,0.007586002349853516,15.627333745427892,0.03133615253873856,9.0,0.5209111248475964
0.0,PFW_diminishing,diminishing,319.0,0.007608890533447266,15.627372223179279,0.021531880198665476,9.0,0.5209124074393093
0.0,PFW_diminishing,diminishing,320.0,0.00763392448425293,15.627332722095067,0.031137972746513753,9.0,0.5209110907365022
0.0,PFW_diminishing,diminishing,321.0,0.0076580047607421875,15.627370968648558,0.021356252538030418,9.0,0.5209123656216186
0.0,PFW_diminishing,diminishing,322.0,0.007682085037231445,15.627331718365738,0.030942257535375717,9.0,0.5209110572788579
0.0,PFW_diminishing,diminishing,323.0,0.0077059268951416016,15.627369736437807,0.021182803742338052,9.0,0.5209123245479269
0.0,PFW_diminishing,diminishing,324.0,0.007730960845947266,15.627330733752006,0.030748961216380266,9.0,0.5209110244584002
0.0,PFW_diminishing,diminishing,325.0,0.0077550411224365234,15.627368526012415,0.021011493516262192,9.0,0.5209122842004138
0.0,PFW_diminishing,diminishing,326.0,0.00777888298034668,15.627329767780946,0.030558039222981392,9.0,0.5209109922593649
0.0,PFW_diminishing,diminishing,327.0,0.0078029632568359375,15.627367336853785,0.0208422825519623,9.0,0.5209122445617929
0.0,PFW_diminishing,diminishing,328.0,0.007827043533325195,15.627328819994062,0.030369448076703165,9.0,0.5209109606664687
0.0,PFW_diminishing,diminishing,329.0,0.007849931716918945,15.627366168458757,0.02067513249902042,9.0,0.5209122056152918
0.0,PFW_diminishing,diminishing,330.0,0.007874011993408203,15.627327889946747,0.030183145354156338,9.0,0.5209109296648916
0.0,PFW_diminishing,diminishing,331.0,0.007896900177001953,15.62736502033905,0.02051000593546526,9.0,0.520912167344635
0.0,PFW_diminishing,diminishing,332.0,0.007920026779174805,15.627326977207808,0.029999089655241562,9.0,0.5209108992402602
0.0,PFW_diminishing,diminishing,333.0,0.007941961288452148,15.627363892020767,0.020346866339853165,9.0,0.5209121297340256
0.0,PFW_diminishing,diminishing,334.0,0.007966041564941406,15.627473743312196,0.02981832463619405,9.0,0.5209157914437399
0.0,PFW_diminishing,diminishing,335.0,0.007988929748535156,15.627362784324944,0.04166653916670526,9.0,0.5209120928108315
0.0,PFW_diminishing,diminishing,336.0,0.008013010025024414,15.627324555789034,0.029809851537304866,9.0,0.5209108185263012
0.0,PFW_diminishing,diminishing,337.0,0.008034944534301758,15.627361692332716,0.020087978993428734,9.0,0.5209120564110905
0.0,PFW_diminishing,diminishing,338.0,0.008057832717895508,15.62732369441374,0.029632294468017406,9.0,0.5209107898137914
0.0,PFW_diminishing,diminishing,339.0,0.00808095932006836,15.627360618823758,0.01993059357753424,9.0,0.5209120206274586
0.0,PFW_diminishing,diminishing,340.0,0.008105039596557617,15.627322848724573,0.029456828502317123,9.0,0.5209107616241524
0.0,PFW_diminishing,diminishing,341.0,0.008131980895996094,15.627359563376368,0.019775057480332592,9.0,0.5209119854458789
0.0,PFW_diminishing,diminishing,342.0,0.008154869079589844,15.627462520073463,0.029348475815437425,9.0,0.5209154173357821
0.0,PFW_diminishing,diminishing,343.0,0.008177995681762695,15.627358525668122,0.04059519202801454,9.0,0.520911950855604
0.0,PFW_diminishing,diminishing,344.0,0.008200883865356445,15.62732059954007,0.029276405352840484,9.0,0.5209106866513357
0.0,PFW_diminishing,diminishing,345.0,0.008224964141845703,15.627357503387355,0.019528176871814296,9.0,0.5209119167795785
0.0,PFW_diminishing,diminishing,346.0,0.008247852325439453,15.627319800457514,0.02910699227499869,9.0,0.5209106600152504
0.0,PFW_diminishing,diminishing,347.0,0.008270978927612305,15.627453128668163,0.019422168335498924,9.0,0.5209151042889387
0.0,PFW_diminishing,diminishing,348.0,0.008293867111206055,15.627319015689878,0.04041966516397011,9.0,0.5209106338563293
0.0,PFW_diminishing,diminishing,349.0,0.008316993713378906,15.627354861572275,0.019375451917731823,9.0,0.5209118287190758
0.0,PFW_diminishing,diminishing,350.0,0.00834202766418457,15.627452667426,0.028826865381597955,9.0,0.5209150889142
0.0,PFW_diminishing,diminishing,351.0,0.008366823196411133,15.627353891390142,0.039720098014431215,9.0,0.5209117963796713
0.0,PFW_diminishing,diminishing,352.0,0.008391857147216797,15.627316921148003,0.02879827865177198,9.0,0.5209105640382667
0.0,PFW_diminishing,diminishing,353.0,0.008414983749389648,15.627352934662921,0.01913975784847466,9.0,0.5209117644887641
0.0,PFW_diminishing,diminishing,354.0,0.008439779281616211,15.627316176895125,0.028636465469434214,9.0,0.5209105392298375
0.0,PFW_diminishing,diminishing,355.0,0.008462905883789062,15.627444221463184,0.0190609591863673,9.0,0.5209148073821062
0.0,PFW_diminishing,diminishing,356.0,0.008487939834594727,15.627315445340411,0.03969487657697002,9.0,0.5209105148446803
0.0,PFW_diminishing,diminishing,357.0,0.008511066436767578,15.627350461751876,0.018993904142849516,9.0,0.5209116820583959
0.0,PFW_diminishing,diminishing,358.0,0.008533954620361328,15.627314725087892,0.02834787864850874,9.0,0.5209104908362631
0.0,PFW_diminishing,diminishing,359.0,0.008556842803955078,15.627349552019274,0.018853639134546185,9.0,0.5209116517339758
0.0,PFW_diminishing,diminishing,360.0,0.00857996940612793,15.627440814577835,0.028267604817013847,9.0,0.5209146938192611
0.0,PFW_diminishing,diminishing,361.0,0.008604049682617188,15.62734865653366,0.038632449486105,9.0,0.5209116218844554
0.0,PFW_diminishing,diminishing,362.0,0.008626937866210938,15.627312803308056,0.028185188692329888,9.0,0.5209104267769352
0.0,PFW_diminishing,diminishing,363.0,0.008650064468383789,15.627435881821423,0.01871632736257567,9.0,0.5209145293940475
0.0,PFW_diminishing,diminishing,364.0,0.008672952651977539,15.627312120303971,0.03900050105001185,9.0,0.5209104040101323
0.0,PFW_diminishing,diminishing,365.0,0.008695840835571289,15.627346338269595,0.018628626035900098,9.0,0.5209115446089865
0.0,PFW_diminishing,diminishing,366.0,0.008719921112060547,15.627311447979478,0.027909192177284936,9.0,0.5209103815993159
0.0,PFW_diminishing,diminishing,367.0,0.008744955062866211,15.627345484618647,0.018494435169024825,9.0,0.5209115161539549
0.0,PFW_diminishing,diminishing,368.0,0.008769989013671875,15.62743236675024,0.027795864767703904,9.0,0.520914412225008
0.0,PFW_diminishing,diminishing,369.0,0.008795022964477539,15.62725081742641,0.03784361882420306,9.0,0.5209083605808803
0.0,PFW_diminishing,diminishing,370.0,0.008818864822387695,15.627472572226923,0.027529788881389905,9.0,0.520915752407564
0.0,PFW_diminishing,diminishing,371.0,0.008841991424560547,15.627250297166816,0.05299479213976532,9.0,0.5209083432388939
0.0,PFW_diminishing,diminishing,372.0,0.008865118026733398,15.627470872058217,0.02727734415880967,9.0,0.5209156957352739
0.0,PFW_diminishing,diminishing,373.0,0.008887052536010742,15.627249788347239,0.052827863561798694,9.0,0.5209083262782414
0.0,PFW_diminishing,diminishing,374.0,0.008913993835449219,15.62733225077026,0.027027600375996386,9.0,0.5209110750256754
0.0,PFW_diminishing,diminishing,375.0,0.008939027786254883,15.627277830437171,0.02904193058320459,9.0,0.5209092610145724
0.0,PFW_diminishing,diminishing,376.0,0.008962869644165039,15.627403232784603,0.029482578946446125,9.0,0.5209134410928201
0.0,PFW_diminishing,diminishing,377.0,0.00898599624633789,15.627277098693598,0.037467066150810524,9.0,0.5209092366231199
0.0,PFW_diminishing,diminishing,378.0,0.009007930755615234,15.627401846606693,0.029237618637759866,9.0,0.5209133948868898
0.0,PFW_diminishing,diminishing,379.0,0.009032011032104492,15.627276380156475,0.03730589554049146,9.0,0.5209092126718825
0.0,PFW_diminishing,diminishing,380.0,0.00905609130859375,15.627400480401034,0.02899523777538171,9.0,0.5209133493467012
0.0,PFW_diminishing,diminishing,381.0,0.0090789794921875,15.62727567453306,0.03714642131846091,9.0,0.520909189151102
0.0,PFW_diminishing,diminishing,382.0,0.009102821350097656,15.627399133770945,0.028755395830916797,9.0,0.5209133044590315
0.0,PFW_diminishing,diminishing,383.0,0.009126901626586914,15.627274981538449,0.036988616843270705,9.0,0.5209091660512816
0.0,PFW_diminishing,diminishing,384.0,0.009151935577392578,15.627397806329718,0.028518053120601294,9.0,0.5209132602109906
0.0,PFW_diminishing,diminishing,385.0,0.00917506217956543,15.627274300895344,0.03683245602842433,9.0,0.5209091433631782
0.0,PFW_diminishing,diminishing,386.0,0.00919795036315918,15.627396497700314,0.028283170783355516,9.0,0.5209132165900104
0.0,PFW_diminishing,diminishing,387.0,0.009222984313964844,15.62727363233383,0.03667791332797776,9.0,0.5209091210777943
0.0,PFW_diminishing,diminishing,388.0,0.009245872497558594,15.62739520751504,0.02805071075963106,9.0,0.5209131735838347
0.0,PFW_diminishing,diminishing,389.0,0.009268045425415039,15.627272975591106,0.03652496372261815,9.0,0.5209090991863702
0.0,PFW_diminishing,diminishing,390.0,0.009293079376220703,15.627393935415311,0.02782063577082461,9.0,0.5209131311805104
0.0,PFW_diminishing,diminishing,391.0,0.009315967559814453,15.627272330411298,0.03637358270616886,9.0,0.5209090776803766
0.0,PFW_diminishing,diminishing,392.0,0.009340047836303711,15.6272656208636,0.02767442535735043,9.0,0.5209088540287866
0.0,PFW_diminishing,diminishing,393.0,0.009361982345581055,15.627302036308713,0.02360709338327993,9.0,0.520910067876957
0.0,PFW_diminishing,diminishing,394.0,0.009383916854858398,15.627264928021335,0.0345554974840141,9.0,0.5209088309340445
0.0,PFW_diminishing,diminishing,395.0,0.009407997131347656,15.627301163957016,0.023459619032426104,9.0,0.5209100387985672
0.0,PFW_diminishing,diminishing,396.0,0.009431123733520508,15.627264246047577,0.034389890148011304,9.0,0.5209088082015859
0.0,PFW_diminishing,diminishing,397.0,0.00945591926574707,15.627300304214568,0.02331363279725629,9.0,0.5209100101404857
0.0,PFW_diminishing,diminishing,398.0,0.009479999542236328,15.627263574721168,0.034225948699939224,9.0,0.5209087858240389
0.0,PFW_diminishing,diminishing,399.0,0.009501934051513672,15.62729945683532,0.023169112267339642,9.0,0.5209099818945107
0.0,PFW_diminishing,diminishing,400.0,0.00952601432800293,15.627262913826486,0.0340636481297345,9.0,0.5209087637942162
0.0,PFW_diminishing,diminishing,401.0,0.009550809860229492,15.62729862157924,0.0230260354799956,9.0,0.5209099540526413
0.0,PFW_diminishing,diminishing,402.0,0.009577035903930664,15.6272622631533,0.033902963925507734,9.0,0.52090874210511
0.0,PFW_diminishing,diminishing,403.0,0.009599924087524414,15.627297798212131,0.02288438090914191,9.0,0.520909926607071
0.0,PFW_diminishing,diminishing,404.0,0.009624958038330078,15.627261622496599,0.0337438720611285,9.0,0.5209087207498866
0.0,PFW_diminishing,diminishing,405.0,0.009647846221923828,15.627296986505474,0.022744127454492613,9.0,0.5209098995501825
0.0,PFW_diminishing,diminishing,406.0,0.00967097282409668,15.627260991656446,0.033586348984295356,9.0,0.5209086997218815
0.0,PFW_diminishing,diminishing,407.0,0.009694099426269531,15.627296186236238,0.022605254431111277,9.0,0.5209098728745413
0.0,PFW_diminishing,diminishing,408.0,0.009716987609863281,15.627314265440168,0.03345994109583117,9.0,0.5209104755146723
0.0,PFW_diminishing,diminishing,409.0,0.009741067886352539,15.62729539715571,0.02248120821992039,9.0,0.520909846571857
0.0,PFW_diminishing,diminishing,410.0,0.009762763977050781,15.627259314572372,0.03336716141760476,9.0,0.5209086438190791
0.0,PFW_diminishing,diminishing,411.0,0.009785890579223633,15.627294618038311,0.022330451300923926,9.0,0.520909820601277
0.0,PFW_diminishing,diminishing,412.0,0.00980997085571289,15.627258713100687,0.03321420580511969,9.0,0.5209086237700229
0.0,PFW_diminishing,diminishing,413.0,0.009831905364990234,15.627293849731085,0.022195601604186876,9.0,0.5209097949910362
0.0,PFW_diminishing,diminishing,414.0,0.009857177734375,15.627310302278902,0.033127222897102016,9.0,0.5209103434092968
0.0,PFW_diminishing,diminishing,415.0,0.009881973266601562,15.627293091589648,0.022073453812764043,9.0,0.520909769719655
0.0,PFW_diminishing,diminishing,416.0,0.00990605354309082,15.627257111548008,0.03300134391824905,9.0,0.5209085703849337
0.0,PFW_diminishing,diminishing,417.0,0.009930133819580078,15.62729234328477,0.0219287142078759,9.0,0.520909744776159
0.0,PFW_diminishing,diminishing,418.0,0.009952068328857422,15.627307980587638,0.03286404051023872,9.0,0.5209102660195879
0.0,PFW_diminishing,diminishing,419.0,0.009975910186767578,15.627291605368725,0.021808523679052172,9.0,0.5209097201789575
0.0,PFW_diminishing,diminishing,420.0,0.009997844696044922,15.627255559439476,0.03279254861978664,9.0,0.5209085186479825
0.0,PFW_diminishing,diminishing,421.0,0.010022878646850586,15.62729087634997,0.02166691851725311,9.0,0.5209096958783324
0.0,PFW_diminishing,diminishing,422.0,0.010046005249023438,15.627255003478334,0.03264677514078329,9.0,0.5209085001159445
0.0,PFW_diminishing,diminishing,423.0,0.010069131851196289,15.627290157192784,0.02153839686893022,9.0,0.5209096719064261
0.0,PFW_diminishing,diminishing,424.0,0.010092735290527344,15.627304302404735,0.03254700054202608,9.0,0.5209101434134912
0.0,PFW_diminishing,diminishing,425.0,0.010115861892700195,15.627289447500662,0.021419999240496423,9.0,0.5209096482500221
0.0,PFW_diminishing,diminishing,426.0,0.01014089584350586,15.627253519788821,0.032443864112440934,9.0,0.5209084506596274
0.0,PFW_diminishing,diminishing,427.0,0.010164976119995117,15.62728874660645,0.021283965489013568,9.0,0.5209096248868816
0.0,PFW_diminishing,diminishing,428.0,0.01018977165222168,15.627252988864015,0.03230216009868059,9.0,0.5209084329621338
0.0,PFW_diminishing,diminishing,429.0,0.010212898254394531,15.627288055053377,0.0211590288132264,9.0,0.5209096018351126
0.0,PFW_diminishing,diminishing,430.0,0.010236024856567383,15.627300784274082,0.03223884152322931,9.0,0.5209100261424694
0.0,PFW_diminishing,diminishing,431.0,0.010258913040161133,15.627287372108604,0.021042370625320217,9.0,0.5209095790702868
0.0,PFW_diminishing,diminishing,432.0,0.010282039642333984,15.627251569744503,0.032104888063075876,9.0,0.5209083856581501
0.0,PFW_diminishing,diminishing,433.0,0.010306835174560547,15.627286697863248,0.020911655333842205,9.0,0.5209095565954416
0.0,PFW_diminishing,diminishing,434.0,0.010329961776733398,15.627298721527813,0.03199483177070839,9.0,0.5209099573842605
0.0,PFW_diminishing,diminishing,435.0,0.010352849960327148,15.627286032431918,0.020796775321477057,9.0,0.5209095344143972
0.0,PFW_diminishing,diminishing,436.0,0.0103759765625,15.627250192975625,0.03191124609970508,9.0,0.5209083397658542
0.0,PFW_diminishing,diminishing,437.0,0.010399103164672852,15.627285374897722,0.02066882784236057,9.0,0.5209095124965908
0.0,PFW_diminishing,diminishing,438.0,0.010423898696899414,15.627249700959805,0.031775955036700054,9.0,0.5209083233653268
0.0,PFW_diminishing,diminishing,439.0,0.010448932647705078,15.627284725914809,0.02054954194084857,9.0,0.520909490863827
0.0,PFW_diminishing,diminishing,440.0,0.010473012924194336,15.627295447831575,0.03170066632288382,9.0,0.5209098482610525
0.0,PFW_diminishing,diminishing,441.0,0.010496139526367188,15.627284084969183,0.020436308701215822,9.0,0.5209094694989728
0.0,PFW_diminishing,diminishing,442.0,0.010519027709960938,15.627248382886592,0.031587572686650134,9.0,0.5209082794295531
0.0,PFW_diminishing,diminishing,443.0,0.010541915893554688,15.627283451843427,0.020313298289204695,9.0,0.5209094483947809
0.0,PFW_diminishing,diminishing,444.0,0.010564804077148438,15.62729352749615,0.03146759470101124,9.0,0.5209097842498717
0.0,PFW_diminishing,diminishing,445.0,0.010588884353637695,15.627282826945573,0.020201740965784865,9.0,0.5209094275648524
0.0,PFW_diminishing,diminishing,446.0,0.01061105728149414,15.627247103355408,0.031402578893724,9.0,0.5209082367785136
0.0,PFW_diminishing,diminishing,447.0,0.01063394546508789,15.62728220914295,0.02008129861791197,9.0,0.5209094069714316
0.0,PFW_diminishing,diminishing,448.0,0.010657072067260742,15.627246646711153,0.03127327510025246,9.0,0.5209082215570384
0.0,PFW_diminishing,diminishing,449.0,0.010679960250854492,15.627281599184654,0.01996728862470576,9.0,0.5209093866394885
0.0,PFW_diminishing,diminishing,450.0,0.010703802108764648,15.62729047654133,0.03118649087583414,9.0,0.5209096825513776
0.0,PFW_diminishing,diminishing,451.0,0.010725975036621094,15.62728099674827,0.019857292541063387,9.0,0.5209093665582757
0.0,PFW_diminishing,diminishing,452.0,0.010748863220214844,15.627245420645814,0.031093194823366588,9.0,0.5209081806881938
0.0,PFW_diminishing,diminishing,453.0,0.010772943496704102,15.627280401347656,0.019741440253818965,9.0,0.5209093467115885
0.0,PFW_diminishing,diminishing,454.0,0.010796070098876953,15.627244983544232,0.03096729485721461,9.0,0.5209081661181411
0.0,PFW_diminishing,diminishing,455.0,0.01081991195678711,15.627279813401382,0.01963042922211855,9.0,0.5209093271133793
0.0,PFW_diminishing,diminishing,456.0,0.010843992233276367,15.627287551246843,0.030912810849377692,9.0,0.5209095850415614
0.0,PFW_diminishing,diminishing,457.0,0.010866880416870117,15.627279232319507,0.019521950712057645,9.0,0.5209093077439836
0.0,PFW_diminishing,diminishing,458.0,0.010890007019042969,15.627243808098907,0.030791934912754115,9.0,0.5209081269366302
0.0,PFW_diminishing,diminishing,459.0,0.01091313362121582,15.627278658213363,0.019410490718613005,9.0,0.5209092886071122
0.0,PFW_diminishing,diminishing,460.0,0.010936975479125977,15.62728583408856,0.030695769849607757,9.0,0.520909527802952
0.0,PFW_diminishing,diminishing,461.0,0.01095890998840332,15.62727809114694,0.019303544188966626,9.0,0.5209092697048979
0.0,PFW_diminishing,diminishing,462.0,0.010982036590576172,15.627242665950643,0.03061961975837235,9.0,0.5209080888650214
0.0,PFW_diminishing,diminishing,463.0,0.011004924774169922,15.627277530431313,0.01919436626839932,9.0,0.5209092510143771
0.0,PFW_diminishing,diminishing,464.0,0.011027097702026367,15.62724225934956,0.030499100977298355,9.0,0.520908075311652
0.0,PFW_diminishing,diminishing,465.0,0.011052131652832031,15.627276976575008,0.019088097395993486,9.0,0.5209092325525002
0.0,PFW_diminishing,diminishing,466.0,0.01107478141784668,15.627283101500408,0.030433825079155596,9.0,0.5209094367166803
0.0,PFW_diminishing,diminishing,467.0,0.011097908020019531,15.627276429158753,0.018982592694131384,9.0,0.5209092143052918
0.0,PFW_diminishing,diminishing,468.0,0.011121034622192383,15.627241163455073,0.030331206071489092,9.0,0.5209080387818358
0.0,PFW_diminishing,diminishing,469.0,0.011143922805786133,15.627275888047313,0.018877507689998296,9.0,0.5209091962682437
0.0,PFW_diminishing,diminishing,470.0,0.01116800308227539,15.627281496850618,0.030225977643087987,9.0,0.5209093832283539
0.0,PFW_diminishing,diminishing,471.0,0.011191844940185547,15.627275353538675,0.018773452243220135,9.0,0.5209091784512891
0.0,PFW_diminishing,diminishing,472.0,0.011227846145629883,15.627240098017161,0.030166164419867414,9.0,0.5209080032672387
0.0,PFW_diminishing,diminishing,473.0,0.011268854141235352,15.627274824767055,0.018670492443446207,9.0,0.5209091608255685
0.0,PFW_diminishing,diminishing,474.0,0.011299848556518555,15.627239719283843,0.03005068905651065,9.0,0.5209079906427948
0.0,PFW_diminishing,diminishing,475.0,0.011327028274536133,15.627274302318813,0.01856866824003056,9.0,0.5209091434106271
0.0,PFW_diminishing,diminishing,476.0,0.011351823806762695,15.627278940759348,0.0299750292168941,9.0,0.5209092980253116
0.0,PFW_diminishing,diminishing,477.0,0.011378049850463867,15.627273785925208,0.018465984354154585,9.0,0.520909126197507
0.0,PFW_diminishing,diminishing,478.0,0.011402130126953125,15.627238696187733,0.029889792475811916,9.0,0.5209079565395911
0.0,PFW_diminishing,diminishing,479.0,0.011426925659179688,15.627273275234487,0.0183668437013349,9.0,0.5209091091744829
0.0,PFW_diminishing,diminishing,480.0,0.011451959609985352,15.627238332910158,0.02977719290570313,9.0,0.5209079444303386
0.0,PFW_diminishing,diminishing,481.0,0.011476993560791016,15.627272770570041,0.018267553515846302,9.0,0.5209090923523347
0.0,PFW_diminishing,diminishing,482.0,0.011500835418701172,15.627276484638156,0.0297303495479877,9.0,0.5209092161546052
0.0,PFW_diminishing,diminishing,483.0,0.011527061462402344,15.627272271447799,0.018166205067430496,9.0,0.5209090757149266
0.0,PFW_diminishing,diminishing,484.0,0.0115509033203125,15.627237350016719,0.02962028718155807,9.0,0.5209079116672239
0.0,PFW_diminishing,diminishing,485.0,0.011575937271118164,15.627271777993037,0.01807072688281508,9.0,0.5209090592664346
0.0,PFW_diminishing,diminishing,486.0,0.011600971221923828,15.627275041529172,0.02953604146600064,9.0,0.5209091680509724
0.0,PFW_diminishing,diminishing,487.0,0.011625051498413086,15.627271290230055,0.017970710459435324,9.0,0.5209090430076685
0.0,PFW_diminishing,diminishing,488.0,0.011647939682006836,15.627236393637062,0.02946596031575588,9.0,0.5209078797879021
0.0,PFW_diminishing,diminishing,489.0,0.0116729736328125,15.627270807640683,0.01787713142587677,9.0,0.5209090269213561
0.0,PFW_diminishing,diminishing,490.0,0.011697053909301758,15.627236054573194,0.029357920145544725,9.0,0.5209078684857731
0.0,PFW_diminishing,diminishing,491.0,0.011722087860107422,15.627264488596795,0.017878321964882815,9.0,0.5209088162865598
0.0,PFW_diminishing,diminishing,492.0,0.01174616813659668,15.627235719083375,0.020422661441552137,9.0,0.5209078573027791
0.0,PFW_diminishing,diminishing,493.0,0.011770009994506836,15.627269425874113,0.017776531698798337,9.0,0.5209089808624704
0.0,PFW_diminishing,diminishing,494.0,0.011790990829467773,15.627271967963456,0.029211140040256822,9.0,0.5209090655987818
0.0,PFW_diminishing,diminishing,495.0,0.01181483268737793,15.627268960061595,0.017677987947681828,9.0,0.5209089653353866
0.0,PFW_diminishing,diminishing,496.0,0.011840105056762695,15.627234809206811,0.029082690891337748,9.0,0.5209078269735604
0.0,PFW_diminishing,diminishing,497.0,0.011863946914672852,15.627262463780308,0.017767651184682265,9.0,0.5209087487926769
0.0,PFW_diminishing,diminishing,498.0,0.011888980865478516,15.627234485457242,0.020255627949719468,9.0,0.5209078161819081
0.0,PFW_diminishing,diminishing,499.0,0.01191401481628418,15.627262031143426,0.017663304709541805,9.0,0.5209087343714475
0.0,PFW_diminishing,diminishing,500.0,0.011938095092773438,15.627234165785957,0.020169274930095682,9.0,0.5209078055261985
0.0,PFW_diminishing,diminishing,501.0,0.011962890625,15.627266763919934,0.017578814564565448,9.0,0.5209088921306645
0.0,PFW_diminishing,diminishing,502.0,0.011990070343017578,15.627269151981924,0.02885087029468103,9.0,0.5209089717327308
0.0,PFW_diminishing,diminishing,503.0,0.01201486587524414,15.627266319763752,0.017481917173535422,9.0,0.5209088773254584
0.0,PFW_diminishing,diminishing,504.0,0.012039899826049805,15.627268700157504,0.02871292461297692,9.0,0.5209089566719168
0.0,PFW_diminishing,diminishing,505.0,0.012063980102539062,15.627265880868586,0.01739173822781126,9.0,0.5209088626956195
0.0,PFW_diminishing,diminishing,506.0,0.012087821960449219,15.62723275407862,0.028652014883054022,9.0,0.5209077584692873
0.0,PFW_diminishing,diminishing,507.0,0.012111902236938477,15.627259416535294,0.01754064596098992,9.0,0.5209086472178431
0.0,PFW_diminishing,diminishing,508.0,0.012135028839111328,15.627232449176487,0.02000018085970723,9.0,0.5209077483058829
0.0,PFW_diminishing,diminishing,509.0,0.012160062789916992,15.62725900867436,0.01744036785474634,9.0,0.5209086336224786
0.0,PFW_diminishing,diminishing,510.0,0.012184858322143555,15.62723214804115,0.019917193769350305,9.0,0.5209077382680384
0.0,PFW_diminishing,diminishing,511.0,0.012212038040161133,15.62725860536679,0.017340875178790682,9.0,0.5209086201788931
0.0,PFW_diminishing,diminishing,512.0,0.01223897933959961,15.627231850612565,0.019834855872460366,9.0,0.5209077283537522
0.0,PFW_diminishing,diminishing,513.0,0.012264013290405273,15.627263005655186,0.01729258803223388,9.0,0.5209087668551728
0.0,PFW_diminishing,diminishing,514.0,0.012288093566894531,15.627265360018383,0.02828355517337755,9.0,0.5209088453339461
0.0,PFW_diminishing,diminishing,515.0,0.012310981750488281,15.627262591880427,0.017198669223374097,9.0,0.5209087530626809
0.0,PFW_diminishing,diminishing,516.0,0.012336969375610352,15.627231042389077,0.028162789599431193,9.0,0.5209077014129693
0.0,PFW_diminishing,diminishing,517.0,0.012362003326416016,15.62725680494288,0.017238745738701766,9.0,0.5209085601647626
0.0,PFW_diminishing,diminishing,518.0,0.012386798858642578,15.627230754976605,0.01968064953867099,9.0,0.5209076918325535
0.0,PFW_diminishing,diminishing,519.0,0.01240992546081543,15.627256419924858,0.017142302770457363,9.0,0.5209085473308286
0.0,PFW_diminishing,diminishing,520.0,0.0124359130859375,15.627230471048017,0.019600835207853606,9.0,0.5209076823682672
0.0,PFW_diminishing,diminishing,521.0,0.01246190071105957,15.627260640017191,0.017109993045993477,9.0,0.520908688000573
0.0,PFW_diminishing,diminishing,522.0,0.012486934661865234,15.627262857089573,0.027950712645209208,9.0,0.5209087619029857
0.0,PFW_diminishing,diminishing,523.0,0.012511014938354492,15.627260244757,0.017017579836391405,9.0,0.5209086748252333
0.0,PFW_diminishing,diminishing,524.0,0.012534141540527344,15.627262454915506,0.027823117902183725,9.0,0.5209087484971835
0.0,PFW_diminishing,diminishing,525.0,0.012557029724121094,15.627259854001478,0.016934166338831602,9.0,0.5209086618000492
0.0,PFW_diminishing,diminishing,526.0,0.012579917907714844,15.627229214429176,0.027764736919468902,9.0,0.5209076404809726
0.0,PFW_diminishing,diminishing,527.0,0.012605905532836914,15.627254090140035,0.01702898372627004,9.0,0.5209084696713345
0.0,PFW_diminishing,diminishing,528.0,0.01263117790222168,15.627228943135568,0.019444547652991417,9.0,0.5209076314378522
0.0,PFW_diminishing,diminishing,529.0,0.012653827667236328,15.62725372634895,0.016936159887452007,9.0,0.5209084575449651
0.0,PFW_diminishing,diminishing,530.0,0.012677907943725586,15.627228675069459,0.01936772768429229,9.0,0.5209076225023153
0.0,PFW_diminishing,diminishing,531.0,0.012701034545898438,15.627258008093113,0.016849806201797435,9.0,0.5209086002697705
0.0,PFW_diminishing,diminishing,532.0,0.012727022171020508,15.627260089294877,0.027502823532360665,9.0,0.5209086696431625
0.0,PFW_diminishing,diminishing,533.0,0.01275181770324707,15.627257634498312,0.016759928011730096,9.0,0.5209085878166104
0.0,PFW_diminishing,diminishing,534.0,0.012774944305419922,15.627227946864528,0.027418438338809636,9.0,0.5209075982288176
0.0,PFW_diminishing,diminishing,535.0,0.012799978256225586,15.627252102068512,0.016840901677406706,9.0,0.5209084034022837
0.0,PFW_diminishing,diminishing,536.0,0.012824773788452148,15.627227687528357,0.01922384695010315,9.0,0.5209075895842786
0.0,PFW_diminishing,diminishing,537.0,0.012848854064941406,15.62725175422943,0.016750828289994857,9.0,0.5209083918076477
0.0,PFW_diminishing,diminishing,538.0,0.012872934341430664,15.627227431231956,0.01914930296294237,9.0,0.5209075810410652
0.0,PFW_diminishing,diminishing,539.0,0.012896060943603516,15.627255870047346,0.016679387229975973,9.0,0.5209085290015782
0.0,PFW_diminishing,diminishing,540.0,0.012921810150146484,15.627257828801916,0.027192068109107126,9.0,0.5209085942933972
0.0,PFW_diminishing,diminishing,541.0,0.012945890426635742,15.627255512619504,0.016590899403000847,9.0,0.5209085170873168
0.0,PFW_diminishing,diminishing,542.0,0.012969017028808594,15.627226734442223,0.02708240934032169,9.0,0.5209075578147407
0.0,PFW_diminishing,diminishing,543.0,0.012994050979614258,15.627250200319558,0.016658401654847665,9.0,0.5209083400106519
0.0,PFW_diminishing,diminishing,544.0,0.013016939163208008,15.627226486371596,0.0190096802383124,9.0,0.5209075495457198
0.0,PFW_diminishing,diminishing,545.0,0.013042926788330078,15.627249867512692,0.01657095825912336,9.0,0.5209083289170897
0.0,PFW_diminishing,diminishing,546.0,0.013067007064819336,15.627226241166461,0.01893731256560116,9.0,0.5209075413722154
0.0,PFW_diminishing,diminishing,547.0,0.013090133666992188,15.627253824914096,0.016513990486583197,9.0,0.5209084608304698
0.0,PFW_diminishing,diminishing,548.0,0.013113975524902344,15.627255667334326,0.02689043178275874,9.0,0.5209085222444776
0.0,PFW_diminishing,diminishing,549.0,0.013136863708496094,15.627253482730453,0.016426850337843746,9.0,0.5209084494243484
0.0,PFW_diminishing,diminishing,550.0,0.013163089752197266,15.627255319724888,0.026774638220130598,9.0,0.5209085106574963
0.0,PFW_diminishing,diminishing,551.0,0.013187885284423828,15.62725314426255,0.01635115144773991,9.0,0.520908438142085
0.0,PFW_diminishing,diminishing,552.0,0.01321101188659668,15.62722515502868,0.026721500230875606,9.0,0.5209075051676227
0.0,PFW_diminishing,diminishing,553.0,0.013235092163085938,15.627247851823483,0.016468269164738203,9.0,0.5209082617274494
0.0,PFW_diminishing,diminishing,554.0,0.013257980346679688,15.627224920234221,0.018795614148189088,9.0,0.5209074973411407
0.0,PFW_diminishing,diminishing,555.0,0.013283967971801758,15.627247536520324,0.016383954561526082,9.0,0.5209082512173441
0.0,PFW_diminishing,diminishing,556.0,0.013308048248291016,15.627224688103933,0.018725835225668064,9.0,0.5209074896034644
0.0,PFW_diminishing,diminishing,557.0,0.013330936431884766,15.62724722444688,0.016300245786645462,9.0,0.520908240814896
0.0,PFW_diminishing,diminishing,558.0,0.013355016708374023,15.627224458598816,0.01865655711933023,9.0,0.5209074819532938
0.0,PFW_diminishing,diminishing,559.0,0.013378143310546875,15.627250922858954,0.016273825143574783,9.0,0.5209083640952985
0.0,PFW_diminishing,diminishing,560.0,0.013402938842773438,15.627252742171093,0.02641384899522592,9.0,0.5209084247390364
0.0,PFW_diminishing,diminishing,561.0,0.013427972793579102,15.62725060220209,0.016189101311995913,9.0,0.5209083534067364
0.0,PFW_diminishing,diminishing,562.0,0.013451099395751953,15.62722383354023,0.026310081375731542,9.0,0.5209074611180077
0.0,PFW_diminishing,diminishing,563.0,0.01347494125366211,15.62719404970534,0.016214371447448528,9.0,0.5209064683235113
0.0,PFW_diminishing,diminishing,564.0,0.013499021530151367,15.627217829216825,0.016468446553227878,9.0,0.5209072609738942
0.0,PFW_diminishing,diminishing,565.0,0.013524055480957031,15.62721880488948,0.019016278553607435,9.0,0.520907293496316
0.0,PFW_diminishing,diminishing,566.0,0.013548135757446289,15.62721751552949,0.029939740532578085,9.0,0.5209072505176496
0.0,PFW_diminishing,diminishing,567.0,0.013570785522460938,15.627218488879393,0.01894481717300245,9.0,0.5209072829626464
0.0,PFW_diminishing,diminishing,568.0,0.013596057891845703,15.627217205142399,0.029831173162373048,9.0,0.5209072401714133
0.0,PFW_diminishing,diminishing,569.0,0.013618946075439453,15.627218176174258,0.018873859036835583,9.0,0.5209072725391419
0.0,PFW_diminishing,diminishing,570.0,0.013645172119140625,15.62721689800947,0.02972336785335017,9.0,0.520907229933649
0.0,PFW_diminishing,diminishing,571.0,0.013669013977050781,15.627217866728099,0.018803398847943242,9.0,0.52090726222427
0.0,PFW_diminishing,diminishing,572.0,0.013691902160644531,15.627216594085422,0.029616316610001192,9.0,0.5209072198028474
0.0,PFW_diminishing,diminishing,573.0,0.013715982437133789,15.627217560495744,0.01873343138326078,9.0,0.5209072520165248
0.0,PFW_diminishing,diminishing,574.0,0.013740062713623047,15.627216293325752,0.02951001154826116,9.0,0.520907209777525
0.0,PFW_diminishing,diminishing,575.0,0.01376485824584961,15.627217257432791,0.018663951492500885,9.0,0.5209072419144264
0.0,PFW_diminishing,diminishing,576.0,0.013788938522338867,15.627215995686731,0.029404444893614823,9.0,0.5209071998562244
0.0,PFW_diminishing,diminishing,577.0,0.013812065124511719,15.627216957495609,0.01859495409691725,9.0,0.5209072319165203
0.0,PFW_diminishing,diminishing,578.0,0.013836145401000977,15.627215701125383,0.029299608979167502,9.0,0.5209071900375127
0.0,PFW_diminishing,diminishing,579.0,0.013859987258911133,15.627216660641322,0.018526434188039786,9.0,0.5209072220213774
0.0,PFW_diminishing,diminishing,580.0,0.013885021209716797,15.627215409599462,0.029195496243804797,9.0,0.5209071803199821
0.0,PFW_diminishing,diminishing,581.0,0.013909101486206055,15.62721636682777,0.01845838682649159,9.0,0.5209072122275924
0.0,PFW_diminishing,diminishing,582.0,0.013931989669799805,15.627215121067449,0.029092099230352275,9.0,0.5209071707022483
0.0,PFW_diminishing,diminishing,583.0,0.013955831527709961,15.62721607601353,0.018390807140781007,9.0,0.5209072025337843
0.0,PFW_diminishing,diminishing,584.0,0.013979911804199219,15.627214835488546,0.0289894105838151,9.0,0.5209071611829516
0.0,PFW_diminishing,diminishing,585.0,0.014004945755004883,15.627215788157867,0.01832369032614345,9.0,0.5209071929385956
0.0,PFW_diminishing,diminishing,586.0,0.01402902603149414,15.627214552822611,0.028887423049642535,9.0,0.5209071517607538
0.0,PFW_diminishing,diminishing,587.0,0.01405191421508789,15.627215503220748,0.01825703164341519,9.0,0.5209071834406916
0.0,PFW_diminishing,diminishing,588.0,0.014075994491577148,15.627214273030225,0.02878612947200132,9.0,0.5209071424343408
0.0,PFW_diminishing,diminishing,589.0,0.014098882675170898,15.627215221162805,0.018190826417894712,9.0,0.5209071740387602
0.0,PFW_diminishing,diminishing,590.0,0.014124155044555664,15.627213996072602,0.028685522792102347,9.0,0.5209071332024201
0.0,PFW_diminishing,diminishing,591.0,0.01414799690246582,15.627214941945336,0.018125070038276903,9.0,0.5209071647315112
0.0,PFW_diminishing,diminishing,592.0,0.014171838760375977,15.627213721911616,0.02858559604656108,9.0,0.5209071240637205
0.0,PFW_diminishing,diminishing,593.0,0.014197111129760742,15.627214665530294,0.018059757955557032,9.0,0.5209071555176765
0.0,PFW_diminishing,diminishing,594.0,0.014219999313354492,15.627213450509783,0.028486342365811268,9.0,0.5209071150169928
0.0,PFW_diminishing,diminishing,595.0,0.014244794845581055,15.627214391880253,0.01799488568200225,9.0,0.5209071463960084
0.0,PFW_diminishing,diminishing,596.0,0.01427006721496582,15.627213181830252,0.02838775497252044,9.0,0.5209071060610084
0.0,PFW_diminishing,diminishing,597.0,0.014294147491455078,15.627214120958422,0.01793044879011063,9.0,0.5209071373652807
0.0,PFW_diminishing,diminishing,598.0,0.014317750930786133,15.627212915836763,0.028289827180008942,9.0,0.5209070971945587
0.0,PFW_diminishing,diminishing,599.0,0.01434183120727539,15.627213852728609,0.017866442911614655,9.0,0.520907128424287
0.0,PFW_diminishing,diminishing,600.0,0.014368057250976562,15.627212652493677,0.02819255239080931,9.0,0.5209070884164559
0.0,PFW_diminishing,diminishing,601.0,0.014391899108886719,15.627213587155236,0.017802863736473995,9.0,0.5209071195718412
0.0,PFW_diminishing,diminishing,602.0,0.014413833618164062,15.62721239176594,0.028095924095131508,9.0,0.5209070797255314
0.0,PFW_diminishing,diminishing,603.0,0.01443791389465332,15.627213324203304,0.017739707011944716,9.0,0.5209071108067768
0.0,PFW_diminishing,diminishing,604.0,0.014461994171142578,15.627212133619068,0.02799993586942051,9.0,0.5209070711206356
0.0,PFW_diminishing,diminishing,605.0,0.014487028121948242,15.627213063838376,0.017676968541580962,9.0,0.5209071021279459
0.0,PFW_diminishing,diminishing,606.0,0.014510869979858398,15.62721187801915,0.02790458137494234,9.0,0.5209070626006383
0.0,PFW_diminishing,diminishing,607.0,0.01453399658203125,15.6272128060266,0.017614644184360984,9.0,0.52090709353422
0.0,PFW_diminishing,diminishing,608.0,0.014558076858520508,15.627211624932828,0.02780985435639849,9.0,0.5209070541644276
0.0,PFW_diminishing,diminishing,609.0,0.014580965042114258,15.627212550734654,0.017552729853720805,9.0,0.5209070850244885
0.0,PFW_diminishing,diminishing,610.0,0.01460576057434082,15.627211374327292,0.027715748640513738,9.0,0.5209070458109097
0.0,PFW_diminishing,diminishing,611.0,0.014629840850830078,15.62721229792979,0.017491221516715783,9.0,0.5209070765976597
0.0,PFW_diminishing,diminishing,612.0,0.01465296745300293,15.627211126170252,0.027622258134766042,9.0,0.5209070375390084
0.0,PFW_diminishing,diminishing,613.0,0.014677047729492188,15.627212047579752,0.017430115193091567,9.0,0.5209070682526584
0.0,PFW_diminishing,diminishing,614.0,0.014700174331665039,15.62721088042996,0.027529376826006313,9.0,0.5209070293476653
0.0,PFW_diminishing,diminishing,615.0,0.014724969863891602,15.627211799652835,0.01736940695447231,9.0,0.5209070599884279
0.0,PFW_diminishing,diminishing,616.0,0.014750003814697266,15.62721063707517,0.0274370987791972,9.0,0.520907021235839
0.0,PFW_diminishing,diminishing,617.0,0.01477193832397461,15.62721155411783,0.017309092923486702,9.0,0.5209070518039277
0.0,PFW_diminishing,diminishing,618.0,0.014796018600463867,15.627210396075137,0.02734541813615543,9.0,0.5209070132025045
0.0,PFW_diminishing,diminishing,619.0,0.014819860458374023,15.627211310944029,0.017249169272961495,9.0,0.5209070436981343
0.0,PFW_diminishing,diminishing,620.0,0.014844894409179688,15.627210157399613,0.027254329114287046,9.0,0.5209070052466538
0.0,PFW_diminishing,diminishing,621.0,0.014868974685668945,15.627211070101225,0.017189632225091955,9.0,0.5209070356700408
0.0,PFW_diminishing,diminishing,622.0,0.014892101287841797,15.627209921018835,0.027163826005404346,9.0,0.5209069973672945
0.0,PFW_diminishing,diminishing,623.0,0.01491689682006836,15.627210831559685,0.017130478050679798,9.0,0.5209070277186562
0.0,PFW_diminishing,diminishing,624.0,0.014940023422241211,15.627209686903518,0.027073903174512637,9.0,0.5209069895634506
0.0,PFW_diminishing,diminishing,625.0,0.014965057373046875,15.62721059529015,0.01707170306831074,9.0,0.520907019843005
0.0,PFW_diminishing,diminishing,626.0,0.014989137649536133,15.62720945502483,0.02698455505864139,9.0,0.5209069818341611
0.0,PFW_diminishing,diminishing,627.0,0.015011787414550781,15.627210361263826,0.0170133036436404,9.0,0.5209070120421275
0.0,PFW_diminishing,diminishing,628.0,0.015035867691040039,15.627209225354415,0.02689577616569494,9.0,0.5209069741784805
0.0,PFW_diminishing,diminishing,629.0,0.015059947967529297,15.627210129452374,0.01695527618860382,9.0,0.5209070043150791
0.0,PFW_diminishing,diminishing,630.0,0.01508474349975586,15.627208997864345,0.026807561073342256,9.0,0.5209069665954782
0.0,PFW_diminishing,diminishing,631.0,0.015108823776245117,15.627209899827896,0.016897617160704925,9.0,0.5209069966609299
0.0,PFW_diminishing,diminishing,632.0,0.015131950378417969,15.627208772527137,0.02671990442791561,9.0,0.5209069590842379
0.0,PFW_diminishing,diminishing,633.0,0.015156030654907227,15.627209672362943,0.016840323062281115,9.0,0.5209069890787648
0.0,PFW_diminishing,diminishing,634.0,0.015179157257080078,15.627208549315755,0.026632800943279022,9.0,0.5209069516438585
0.0,PFW_diminishing,diminishing,635.0,0.01520395278930664,15.627209447030488,0.0167833904398087,9.0,0.5209069815676829
0.0,PFW_diminishing,diminishing,636.0,0.015228033065795898,15.62720832820357,0.026546245399837076,9.0,0.5209069442734523
0.0,PFW_diminishing,diminishing,637.0,0.015250921249389648,15.627209223803922,0.016726815883203017,9.0,0.5209069741267974
0.0,PFW_diminishing,diminishing,638.0,0.015275001525878906,15.62720810916437,0.02646023264344599,9.0,0.5209069369721456
0.0,PFW_diminishing,diminishing,639.0,0.015298843383789062,15.627209002657063,0.016670596025134543,9.0,0.5209069667552354
0.0,PFW_diminishing,diminishing,640.0,0.01532292366027832,15.627207892172356,0.026374757584404662,9.0,0.5209069297390785
0.0,PFW_diminishing,diminishing,641.0,0.015347957611083984,15.627208783564116,0.01661472754036808,9.0,0.5209069594521372
0.0,PFW_diminishing,diminishing,642.0,0.015371084213256836,15.627207677202122,0.02628981519642437,9.0,0.5209069225734041
0.0,PFW_diminishing,diminishing,643.0,0.015393972396850586,15.627208566499705,0.01655920714508774,9.0,0.5209069522166568
0.0,PFW_diminishing,diminishing,644.0,0.015417814254760742,15.627207464228665,0.02620540051570508,9.0,0.5209069154742888
0.0,PFW_diminishing,diminishing,645.0,0.015443086624145508,15.627208351438831,0.016504031596294766,9.0,0.5209069450479611
0.0,PFW_diminishing,diminishing,646.0,0.015466928482055664,15.627207253227352,0.026121508639905144,9.0,0.5209069084409117
0.0,PFW_diminishing,diminishing,647.0,0.015490055084228516,15.627208138356883,0.016449197691127182,9.0,0.5209069379452295
0.0,PFW_diminishing,diminishing,648.0,0.015513896942138672,15.62720704417395,0.026038134727226492,9.0,0.520906901472465
0.0,PFW_diminishing,diminishing,649.0,0.015537023544311523,15.627207927229634,0.01639470226628248,9.0,0.5209069309076545
0.0,PFW_diminishing,diminishing,650.0,0.015562057495117188,15.627206837044572,0.02595527399548203,9.0,0.5209068945681524
0.0,PFW_diminishing,diminishing,651.0,0.01558685302734375,15.627207718033207,0.016340542197371022,9.0,0.5209069239344403
0.0,PFW_diminishing,diminishing,652.0,0.015609979629516602,15.627206631815715,0.02587292172113642,9.0,0.5209068877271905
0.0,PFW_diminishing,diminishing,653.0,0.01563405990600586,15.627180786566079,0.016341017570272953,9.0,0.5209060262188693
0.0,PFW_diminishing,diminishing,654.0,0.01565694808959961,15.627206428149751,0.014045635486860775,9.0,0.520906880938325
0.0,PFW_diminishing,diminishing,655.0,0.015681982040405273,15.627180662075967,0.016296213090832623,9.0,0.5209060220691989
0.0,PFW_diminishing,diminishing,656.0,0.01570582389831543,15.627206226217954,0.013982216915101375,9.0,0.5209068742072651
0.0,PFW_diminishing,diminishing,657.0,0.01572895050048828,15.627206742196215,0.016262745025313663,9.0,0.5209068914065405
0.0,PFW_diminishing,diminishing,658.0,0.01575303077697754,15.627206026009432,0.025592612026077433,9.0,0.5209068675336478
0.0,PFW_diminishing,diminishing,659.0,0.01577615737915039,15.627180318844594,0.016257415052651325,9.0,0.5209060106281531
0.0,PFW_diminishing,diminishing,660.0,0.015800952911376953,15.627197162089265,0.013873944809018823,9.0,0.5209065720696422
0.0,PFW_diminishing,diminishing,661.0,0.015825986862182617,15.627180197714251,0.015930533918474765,9.0,0.520906006590475
0.0,PFW_diminishing,diminishing,662.0,0.01584792137145996,15.627196990666963,0.013819768432764334,9.0,0.5209065663555654
0.0,PFW_diminishing,diminishing,663.0,0.01587200164794922,15.627180077750687,0.015887102704375877,9.0,0.5209060025916895
0.0,PFW_diminishing,diminishing,664.0,0.015895843505859375,15.627196820709537,0.013765918561503554,9.0,0.5209065606903179
0.0,PFW_diminishing,diminishing,665.0,0.01592087745666504,15.627179958939475,0.015843933014455303,9.0,0.5209059986313158
0.0,PFW_diminishing,diminishing,666.0,0.015944957733154297,15.627204820006371,0.013712392252511307,9.0,0.5209068273335457
0.0,PFW_diminishing,diminishing,667.0,0.01596808433532715,15.627204792439299,0.016135810412421847,9.0,0.5209068264146433
0.0,PFW_diminishing,diminishing,668.0,0.01599287986755371,15.627173992109505,0.025148451157916085,9.0,0.5209057997369835
0.0,PFW_diminishing,diminishing,669.0,0.016016006469726562,15.627189597624264,0.01331797625659803,9.0,0.5209063199208088
0.0,PFW_diminishing,diminishing,670.0,0.016041040420532227,15.627173864264702,0.025963026661912636,9.0,0.5209057954754901
0.0,PFW_diminishing,diminishing,671.0,0.016065120697021484,15.627189423851757,0.013277941403879723,9.0,0.520906314128392
0.0,PFW_diminishing,diminishing,672.0,0.016087770462036133,15.627173737624334,0.02590112452864446,9.0,0.5209057912541445
0.0,PFW_diminishing,diminishing,673.0,0.01611185073852539,15.627189251551886,0.013238144862764756,9.0,0.5209063083850629
0.0,PFW_diminishing,diminishing,674.0,0.016136884689331055,15.627173612173777,0.02583958983797885,9.0,0.5209057870724593
0.0,PFW_diminishing,diminishing,675.0,0.01616215705871582,15.627189080707694,0.013198584511737721,9.0,0.5209063026902565
0.0,PFW_diminishing,diminishing,676.0,0.016185998916625977,15.627173487898617,0.025778419327973978,9.0,0.5209057829299539
0.0,PFW_diminishing,diminishing,677.0,0.016208887100219727,15.627188911302454,0.013159258254381356,9.0,0.5209062970434152
0.0,PFW_diminishing,diminishing,678.0,0.016232967376708984,15.627173364784662,0.025717609775204764,9.0,0.5209057788261554
0.0,PFW_diminishing,diminishing,679.0,0.01625800132751465,15.62718874331971,0.01312016401902838,9.0,0.5209062914439904
0.0,PFW_diminishing,diminishing,680.0,0.016283035278320312,15.627173242817923,0.025657157994155355,9.0,0.5209057747605974
0.0,PFW_diminishing,diminishing,681.0,0.016308069229125977,15.627188576743219,0.013081299758372467,9.0,0.5209062858914406
0.0,PFW_diminishing,diminishing,682.0,0.016332149505615234,15.627173121984628,0.025597060836702212,9.0,0.520905770732821
0.0,PFW_diminishing,diminishing,683.0,0.01635599136352539,15.627188411556983,0.01304266344912719,9.0,0.5209062803852328
0.0,PFW_diminishing,diminishing,684.0,0.016379833221435547,15.627173002271206,0.025537315191531462,9.0,0.5209057667423735
0.0,PFW_diminishing,diminishing,685.0,0.016405105590820312,15.627172626762928,0.013004253091684959,9.0,0.520905754225431
0.0,PFW_diminishing,diminishing,686.0,0.016429901123046875,15.627166375418115,0.023116994390932177,9.0,0.5209055458472706
0.0,PFW_diminishing,diminishing,687.0,0.016452789306640625,15.627172487133109,0.017536058264262522,9.0,0.5209057495711036
0.0,PFW_diminishing,diminishing,688.0,0.016476869583129883,15.627166254286008,0.023066777559719753,9.0,0.5209055418095336
0.0,PFW_diminishing,diminishing,689.0,0.01650094985961914,15.627172348687216,0.017495915957811192,9.0,0.5209057449562405
0.0,PFW_diminishing,diminishing,690.0,0.016523122787475586,15.627166134227647,0.023016851961100926,9.0,0.5209055378075882
0.0,PFW_diminishing,diminishing,691.0,0.01654791831970215,15.627172211411766,0.017456006268050217,9.0,0.5209057403803922
0.0,PFW_diminishing,diminishing,692.0,0.016571998596191406,15.62716601523053,0.022967215068929292,9.0,0.5209055338410177
0.0,PFW_diminishing,diminishing,693.0,0.01659703254699707,15.627172075293462,0.017416327178882085,9.0,0.5209057358431154
0.0,PFW_diminishing,diminishing,694.0,0.016620874404907227,15.627165897282344,0.022917864386172937,9.0,0.5209055299094115
0.0,PFW_diminishing,diminishing,695.0,0.016643762588500977,15.627171940319188,0.017376876697461796,9.0,0.520905731343973
0.0,PFW_diminishing,diminishing,696.0,0.016667842864990234,15.627165780370945,0.022868797444511202,9.0,0.5209055260123648
0.0,PFW_diminishing,diminishing,697.0,0.016691923141479492,15.627171806476037,0.017337652853814944,9.0,0.5209057268825346
0.0,PFW_diminishing,diminishing,698.0,0.016717195510864258,15.62719631393531,0.02282001180392612,9.0,0.5209065437978436
0.0,PFW_diminishing,diminishing,699.0,0.016740798950195312,15.627171673705368,0.022824262443119636,9.0,0.5209057224568456
0.0,PFW_diminishing,diminishing,700.0,0.016763925552368164,15.627165445792025,0.02274865630610101,9.0,0.5209055148597341
0.0,PFW_diminishing,diminishing,701.0,0.016788005828857422,15.627171541938797,0.017200396736889445,9.0,0.5209057180646266
0.0,PFW_diminishing,diminishing,702.0,0.016811132431030273,15.627165332067062,0.02270042576357767,9.0,0.520905511068902
0.0,PFW_diminishing,diminishing,703.0,0.016835927963256836,15.627171411266495,0.017161841505297204,9.0,0.5209057137088832
0.0,PFW_diminishing,diminishing,704.0,0.016860008239746094,15.627195334888494,0.022652469369553785,9.0,0.5209065111629498
0.0,PFW_diminishing,diminishing,705.0,0.016882896423339844,15.627171281609566,0.02259625813023014,9.0,0.5209057093869855
0.0,PFW_diminishing,diminishing,706.0,0.0169069766998291,15.627165006353252,0.022582322445259706,9.0,0.5209055002117751
0.0,PFW_diminishing,diminishing,707.0,0.016930818557739258,15.627171152946662,0.01702691322479133,9.0,0.5209057050982221
0.0,PFW_diminishing,diminishing,708.0,0.016955852508544922,15.627194757917652,0.022534907096840584,9.0,0.5209064919305884
0.0,PFW_diminishing,diminishing,709.0,0.01697993278503418,15.627171025396386,0.02246094861924064,9.0,0.5209057008465462
0.0,PFW_diminishing,diminishing,710.0,0.01700305938720703,15.62716468660807,0.02246554908302656,9.0,0.5209054895536024
0.0,PFW_diminishing,diminishing,711.0,0.017026901245117188,15.627170898700145,0.016893504545357985,9.0,0.5209056966233382
0.0,PFW_diminishing,diminishing,712.0,0.017050981521606445,15.627164577997066,0.022418665675473903,9.0,0.5209054859332355
0.0,PFW_diminishing,diminishing,713.0,0.01707601547241211,15.627170773040344,0.016856026373087474,9.0,0.5209056924346781
0.0,PFW_diminishing,diminishing,714.0,0.017100095748901367,15.627193820179482,0.022372045025342402,9.0,0.5209064606726493
0.0,PFW_diminishing,diminishing,715.0,0.017122745513916016,15.627170648437975,0.022239318862949276,9.0,0.5209056882812658
0.0,PFW_diminishing,diminishing,716.0,0.017146825790405273,15.627164266615301,0.022303845403275346,9.0,0.5209054755538434
0.0,PFW_diminishing,diminishing,717.0,0.01717090606689453,15.627170524682121,0.01672484874762148,9.0,0.5209056841560707
0.0,PFW_diminishing,diminishing,718.0,0.017196178436279297,15.627164160905398,0.022257743414538567,9.0,0.5209054720301799
0.0,PFW_diminishing,diminishing,719.0,0.01721978187561035,15.627170401929712,0.016687995234084596,9.0,0.5209056800643237
0.0,PFW_diminishing,diminishing,720.0,0.017242908477783203,15.627192906427462,0.022211897649798473,9.0,0.5209064302142488
0.0,PFW_diminishing,diminishing,721.0,0.01726698875427246,15.627170280181922,0.022021386958050115,9.0,0.5209056760060641
0.0,PFW_diminishing,diminishing,722.0,0.01729106903076172,15.627163857604971,0.022144827639477782,9.0,0.5209054619201657
0.0,PFW_diminishing,diminishing,723.0,0.017314910888671875,15.62717015927325,0.01655899316093823,9.0,0.520905671975775
0.0,PFW_diminishing,diminishing,724.0,0.01733994483947754,15.627163754697605,0.02209948769501935,9.0,0.5209054584899202
0.0,PFW_diminishing,diminishing,725.0,0.01736307144165039,15.627170039336352,0.016522748818452726,9.0,0.5209056679778784
0.0,PFW_diminishing,diminishing,726.0,0.01738715171813965,15.627192015862814,0.022054397655949742,9.0,0.5209064005287605
0.0,PFW_diminishing,diminishing,727.0,0.0174100399017334,15.627169920353525,0.021807061125286964,9.0,0.5209056640117842
0.0,PFW_diminishing,diminishing,728.0,0.01743483543395996,15.627163459208141,0.02198842942294199,9.0,0.5209054486402713
0.0,PFW_diminishing,diminishing,729.0,0.01745891571044922,15.627169802202557,0.016395868621762233,9.0,0.5209056600734185
0.0,PFW_diminishing,diminishing,730.0,0.01748204231262207,15.627163359008833,0.02194383278345491,9.0,0.5209054453002945
0.0,PFW_diminishing,diminishing,731.0,0.017506122589111328,15.627169684992946,0.016360218470428123,9.0,0.5209056561664316
0.0,PFW_diminishing,diminishing,732.0,0.017528772354125977,15.627191147719548,0.021899479936827504,9.0,0.5209063715906516
0.0,PFW_diminishing,diminishing,733.0,0.017554044723510742,15.627169568689018,0.021596252597662513,9.0,0.5209056522896339
0.0,PFW_diminishing,diminishing,734.0,0.017578125,15.627163071071049,0.021834586553708846,9.0,0.5209054357023682
0.0,PFW_diminishing,diminishing,735.0,0.017602205276489258,15.6271694532098,0.016235408225639958,9.0,0.5209056484403267
0.0,PFW_diminishing,diminishing,736.0,0.017625808715820312,15.627162973489222,0.02179071508931507,9.0,0.5209054324496407
0.0,PFW_diminishing,diminishing,737.0,0.017648935317993164,15.627169338642712,0.01620033777272667,9.0,0.5209056446214237
0.0,PFW_diminishing,diminishing,738.0,0.017673969268798828,15.627190301262853,0.02174708150297633,9.0,0.5209063433754284
0.0,PFW_diminishing,diminishing,739.0,0.017698049545288086,15.62716922493499,0.021388875497857285,9.0,0.5209056408311663
0.0,PFW_diminishing,diminishing,740.0,0.017720937728881836,15.627162692854403,0.021683236912700465,9.0,0.5209054230951468
0.0,PFW_diminishing,diminishing,741.0,0.017745018005371094,15.627169112044944,0.01607754723576882,9.0,0.5209056370681648
0.0,PFW_diminishing,diminishing,742.0,0.017767906188964844,15.627162597803174,0.021640073078373234,9.0,0.5209054199267725
0.0,PFW_diminishing,diminishing,743.0,0.01779317855834961,15.62716900003895,0.01604304245602961,9.0,0.5209056333346317
0.0,PFW_diminishing,diminishing,744.0,0.017816781997680664,15.627189475787612,0.021597141397096564,9.0,0.520906315859587
0.0,PFW_diminishing,diminishing,745.0,0.017839908599853516,15.627168888847951,0.021184846721586936,9.0,0.520905629628265
0.0,PFW_diminishing,diminishing,746.0,0.017863988876342773,15.627162324232673,0.02153432037811065,9.0,0.5209054108077558
0.0,PFW_diminishing,diminishing,747.0,0.01788806915283203,15.6271687784677,0.01592222299586865,9.0,0.5209056259489233
0.0,PFW_diminishing,diminishing,748.0,0.017912864685058594,15.627188989014037,0.021491847190260316,9.0,0.5209062996338012
0.0,PFW_diminishing,diminishing,749.0,0.01793694496154785,15.627168668981447,0.02106367313754376,9.0,0.5209056222993815
0.0,PFW_diminishing,diminishing,750.0,0.017960071563720703,15.627162055426718,0.021429695076790267,9.0,0.5209054018475573
0.0,PFW_diminishing,diminishing,751.0,0.01798415184020996,15.62716856019426,0.015802691702743843,9.0,0.520905618673142
0.0,PFW_diminishing,diminishing,752.0,0.01800704002380371,15.62716196444703,0.021387673076631586,9.0,0.5209053988149009
0.0,PFW_diminishing,diminishing,753.0,0.018031835556030273,15.627168452246913,0.015769099830272637,9.0,0.5209056150748971
0.0,PFW_diminishing,diminishing,754.0,0.01805591583251953,15.627188196597055,0.021345874089675476,9.0,0.5209062732199018
0.0,PFW_diminishing,diminishing,755.0,0.01807999610900879,15.627168345150555,0.020865046566475698,9.0,0.5209056115050185
0.0,PFW_diminishing,diminishing,756.0,0.01810312271118164,15.627161702325798,0.021284705276505278,9.0,0.5209053900775266
0.0,PFW_diminishing,diminishing,757.0,0.018126964569091797,15.627168238748206,0.01565146196791467,9.0,0.5209056079582736
0.0,PFW_diminishing,diminishing,758.0,0.01815199851989746,15.627161613661205,0.021243346805677632,9.0,0.5209053871220402
0.0,PFW_diminishing,diminishing,759.0,0.01817607879638672,15.62716813316039,0.015618400513009334,9.0,0.5209056044386797
0.0,PFW_diminishing,diminishing,760.0,0.01819896697998047,15.62718742342229,0.021202206093205334,9.0,0.5209062474474097
0.0,PFW_diminishing,diminishing,761.0,0.018224000930786133,15.627168028382338,0.020669559450100294,9.0,0.520905600946078
0.0,PFW_diminishing,diminishing,762.0,0.018246889114379883,15.62716135801064,0.021141997428648196,9.0,0.5209053786003547
0.0,PFW_diminishing,diminishing,763.0,0.018271923065185547,15.62716792429329,0.015502611446194692,9.0,0.520905597476443
0.0,PFW_diminishing,diminishing,764.0,0.018295764923095703,15.62716127158639,0.02110128689466073,9.0,0.5209053757195463
0.0,PFW_diminishing,diminishing,765.0,0.018318891525268555,15.627167820994437,0.015470067944468369,9.0,0.5209055940331478
0.0,PFW_diminishing,diminishing,766.0,0.018345117568969727,15.627186668881693,0.021060789027977478,9.0,0.5209062222960564
0.0,PFW_diminishing,diminishing,767.0,0.018368959426879883,15.627167718465792,0.020477137941044887,9.0,0.5209055906155264
0.0,PFW_diminishing,diminishing,768.0,0.018393993377685547,15.627161022200857,0.021001518081471104,9.0,0.5209053674066952
0.0,PFW_diminishing,diminishing,769.0,0.018418073654174805,15.627167616621215,0.015356084429974715,9.0,0.5209055872207071
0.0,PFW_diminishing,diminishing,770.0,0.018440961837768555,15.627160937945149,0.020961440376558116,9.0,0.5209053645981716
0.0,PFW_diminishing,diminishing,771.0,0.018465042114257812,15.627167515543398,0.015324046804556346,9.0,0.5209055838514466
0.0,PFW_diminishing,diminishing,772.0,0.018487930297851562,15.627185932390883,0.02092157040539533,9.0,0.5209061977463628
0.0,PFW_diminishing,diminishing,773.0,0.018512964248657227,15.627167415197857,0.020287710489958144,9.0,0.5209055805065952
0.0,PFW_diminishing,diminishing,774.0,0.018537044525146484,15.627160694627035,0.0208632154396593,9.0,0.5209053564875679
0.0,PFW_diminishing,diminishing,775.0,0.018559932708740234,15.627167315531482,0.015211826937322925,9.0,0.5209055771843827
0.0,PFW_diminishing,diminishing,776.0,0.01858377456665039,15.62716061247087,0.020823755922142695,9.0,0.520905353749029
0.0,PFW_diminishing,diminishing,777.0,0.01860785484313965,15.62716721660933,0.015180283483877233,9.0,0.5209055738869777
0.0,PFW_diminishing,diminishing,778.0,0.018632888793945312,15.627185213388074,0.02078449935622828,9.0,0.5209061737796025
0.0,PFW_diminishing,diminishing,779.0,0.01865696907043457,15.627167118383039,0.02010120775681301,9.0,0.520905570612768
0.0,PFW_diminishing,diminishing,780.0,0.01867985725402832,15.627160375030206,0.020727039300698635,9.0,0.5209053458343402
0.0,PFW_diminishing,diminishing,781.0,0.018703937530517578,15.627167020831083,0.015069786645636185,9.0,0.5209055673610361
0.0,PFW_diminishing,diminishing,782.0,0.018728017807006836,15.627160294907277,0.020688183777108904,9.0,0.520905343163576
0.0,PFW_diminishing,diminishing,783.0,0.0187530517578125,15.627166924001617,0.015038726018133275,9.0,0.5209055641333873
0.0,PFW_diminishing,diminishing,784.0,0.018776893615722656,15.627184511333017,0.020649526568647047,9.0,0.5209061503777672
0.0,PFW_diminishing,diminishing,785.0,0.018800020217895508,15.627166827833088,0.01991756252629706,9.0,0.5209055609277696
0.0,PFW_diminishing,diminishing,786.0,0.018823862075805664,15.6271600631614,0.02059294099407083,9.0,0.5209053354387133
0.0,PFW_diminishing,diminishing,787.0,0.018846988677978516,15.627166732334096,0.014929912828403502,9.0,0.5209055577444699
0.0,PFW_diminishing,diminishing,788.0,0.018872976303100586,15.62718409712891,0.02055467570213665,9.0,0.5209061365709637
0.0,PFW_diminishing,diminishing,789.0,0.018896818161010742,15.627166637560867,0.01980842010671857,9.0,0.5209055545853623
0.0,PFW_diminishing,diminishing,790.0,0.018919944763183594,15.627159835262532,0.02049866218401597,9.0,0.5209053278420844
0.0,PFW_diminishing,diminishing,791.0,0.01894402503967285,15.627166543366988,0.01482220108000476,9.0,0.5209055514455663
0.0,PFW_diminishing,diminishing,792.0,0.018967151641845703,15.627159758418298,0.020460782878686246,9.0,0.52090532528061
0.0,PFW_diminishing,diminishing,793.0,0.018991947174072266,15.62716644986132,0.014791920940185221,9.0,0.5209055483287107
0.0,PFW_diminishing,diminishing,794.0,0.019016027450561523,15.627183421833756,0.020423094470189085,9.0,0.5209061140611252
0.0,PFW_diminishing,diminishing,795.0,0.019038915634155273,15.627166357047459,0.01962939284711851,9.0,0.5209055452349153
0.0,PFW_diminishing,diminishing,796.0,0.01906299591064453,15.627159535922877,0.020367922742508426,9.0,0.5209053178640959
0.0,PFW_diminishing,diminishing,797.0,0.019086837768554688,15.627166264809548,0.014685829826186492,9.0,0.5209055421603183
0.0,PFW_diminishing,diminishing,798.0,0.01911187171936035,15.627159460946775,0.020330611647056074,9.0,0.5209053153648925
0.0,PFW_diminishing,diminishing,799.0,0.01913595199584961,15.627166173240177,0.014656003905450632,9.0,0.5209055391080059
0.0,PFW_diminishing,diminishing,800.0,0.01915907859802246,15.627182762148877,0.0202934871741558,9.0,0.5209060920716292
0.0,PFW_diminishing,diminishing,801.0,0.019182920455932617,15.627166082329998,0.019453053644266305,9.0,0.5209055360776665
0.0,PFW_diminishing,diminishing,802.0,0.019205808639526367,15.627159243690077,0.020239138402486034,9.0,0.5209053081230025
0.0,PFW_diminishing,diminishing,803.0,0.019231081008911133,15.627165991992383,0.014551497123150625,9.0,0.5209055330664127
0.0,PFW_diminishing,diminishing,804.0,0.01925516128540039,15.627159170524621,0.020202382827021026,9.0,0.520905305684154
0.0,PFW_diminishing,diminishing,805.0,0.01927781105041504,15.627165902304334,0.014522115277422643,9.0,0.5209055300768112
0.0,PFW_diminishing,diminishing,806.0,0.019301891326904297,15.627182117604914,0.02016580972645876,9.0,0.5209060705868305
0.0,PFW_diminishing,diminishing,807.0,0.019325971603393555,15.627165813244142,0.019279342409440403,9.0,0.5209055271081381
0.0,PFW_diminishing,diminishing,808.0,0.01935100555419922,15.627158958348085,0.020112265634070425,9.0,0.5209052986116028
0.0,PFW_diminishing,diminishing,809.0,0.019374847412109375,15.627165724753139,0.014419157600304544,9.0,0.5209055241584379
0.0,PFW_diminishing,diminishing,810.0,0.01939702033996582,15.627158886937961,0.020076053263768046,9.0,0.5209052962312654
0.0,PFW_diminishing,diminishing,811.0,0.019420862197875977,15.627165636893418,0.014390209985331026,9.0,0.5209055212297806
0.0,PFW_diminishing,diminishing,812.0,0.019444942474365234,15.627181487749917,0.020040019342742355,9.0,0.5209060495916639
0.0,PFW_diminishing,diminishing,813.0,0.0194699764251709,15.627165549631428,0.019108200831610134,9.0,0.5209055183210476
0.0,PFW_diminishing,diminishing,814.0,0.019493818283081055,15.62715867968891,0.019987262190138466,9.0,0.5209052893229636
0.0,PFW_diminishing,diminishing,815.0,0.019516944885253906,15.627165462935272,0.0142887672234977,9.0,0.5209055154311757
0.0,PFW_diminishing,diminishing,816.0,0.019541025161743164,15.627158609980855,0.019951581071500968,9.0,0.5209052869993618
0.0,PFW_diminishing,diminishing,817.0,0.019564151763916016,15.627165376852757,0.014260244283855528,9.0,0.5209055125617585
0.0,PFW_diminishing,diminishing,818.0,0.019588947296142578,15.62718087214854,0.01991607449404853,9.0,0.520906029071618
0.0,PFW_diminishing,diminishing,819.0,0.019613027572631836,15.627165291339008,0.01893957231216703,9.0,0.5209055097113002
0.0,PFW_diminishing,diminishing,820.0,0.019635915756225586,15.627158407512251,0.01986408705935183,9.0,0.5209052802504084
0.0,PFW_diminishing,diminishing,821.0,0.019659996032714844,15.627165206387753,0.01416028324619667,9.0,0.5209055068795918
0.0,PFW_diminishing,diminishing,822.0,0.019682884216308594,15.62718050882495,0.01982892558703142,9.0,0.5209060169608316
0.0,PFW_diminishing,diminishing,823.0,0.019711017608642578,15.627165122060347,0.018839301434647737,9.0,0.5209055040686782
0.0,PFW_diminishing,diminishing,824.0,0.019735097885131836,15.627158208277049,0.01977744207248655,9.0,0.520905273609235
0.0,PFW_diminishing,diminishing,825.0,0.0197598934173584,15.627165038219706,0.01406129231285469,9.0,0.5209055012739902
0.0,PFW_diminishing,diminishing,826.0,0.01978302001953125,15.627158141318462,0.019742620698295354,9.0,0.520905271377282
0.0,PFW_diminishing,diminishing,827.0,0.019805908203125,15.627164954964798,0.01403345673395684,9.0,0.5209054984988266
0.0,PFW_diminishing,diminishing,828.0,0.01982903480529785,15.627179915766707,0.019707967601805265,9.0,0.5209059971922235
0.0,PFW_diminishing,diminishing,829.0,0.019852161407470703,15.627164872305544,0.018674739448854893,9.0,0.5209054957435181
0.0,PFW_diminishing,diminishing,830.0,0.019876956939697266,15.627157946628678,0.019657226200420652,9.0,0.5209052648876226
0.0,PFW_diminishing,diminishing,831.0,0.019899845123291016,15.627164790130793,0.013935894324513143,9.0,0.5209054930043597
0.0,PFW_diminishing,diminishing,832.0,0.019922971725463867,15.627157881239178,0.01962290587084503,9.0,0.5209052627079725
0.0,PFW_diminishing,diminishing,833.0,0.019947052001953125,15.627164708525736,0.013908459272613527,9.0,0.5209054902841912
0.0,PFW_diminishing,diminishing,834.0,0.01997089385986328,15.627179335881229,0.019588750204022176,9.0,0.5209059778627076
0.0,PFW_diminishing,diminishing,835.0,0.01999497413635254,15.627164627489197,0.018512547505945776,9.0,0.5209054875829733
0.0,PFW_diminishing,diminishing,836.0,0.020019054412841797,15.627157690961651,0.01953873498482217,9.0,0.5209052563653883
0.0,PFW_diminishing,diminishing,837.0,0.020041942596435547,15.627164546934903,0.013812294686623261,9.0,0.5209054848978301
0.0,PFW_diminishing,diminishing,838.0,0.02006673812866211,15.627157627094805,0.019504904962893477,9.0,0.5209052542364935
0.0,PFW_diminishing,diminishing,839.0,0.020092010498046875,15.627164466934813,0.01378525157879018,9.0,0.5209054822311604
0.0,PFW_diminishing,diminishing,840.0,0.020116090774536133,15.627178768788124,0.019471236091570532,9.0,0.5209059589596041
0.0,PFW_diminishing,diminishing,841.0,0.020138978958129883,15.627164387477123,0.018352674772325273,9.0,0.5209054795825707
0.0,PFW_diminishing,diminishing,842.0,0.020163774490356445,15.627157441101165,0.01942193157633021,9.0,0.5209052480367055
0.0,PFW_diminishing,diminishing,843.0,0.02018904685974121,15.627164308499406,0.013690454989253809,9.0,0.5209054769499802
0.0,PFW_diminishing,diminishing,844.0,0.02021312713623047,15.627157378712216,0.019388581429685914,9.0,0.5209052459570739
0.0,PFW_diminishing,diminishing,845.0,0.02023792266845703,15.627164230060929,0.013663795486051455,9.0,0.5209054743353643
0.0,PFW_diminishing,diminishing,846.0,0.020262956619262695,15.62717821412053,0.0193553890206708,9.0,0.5209059404706843
0.0,PFW_diminishing,diminishing,847.0,0.020286083221435547,15.627164152139715,0.018195071857796563,9.0,0.5209054717379905
0.0,PFW_diminishing,diminishing,848.0,0.020310163497924805,15.627157196878668,0.019306780167964277,9.0,0.5209052398959556
0.0,PFW_diminishing,diminishing,849.0,0.020332813262939453,15.627164074696191,0.013570337908573649,9.0,0.5209054691565397
0.0,PFW_diminishing,diminishing,850.0,0.020357847213745117,15.627157135924465,0.01927389975810101,9.0,0.5209052378641489
0.0,PFW_diminishing,diminishing,851.0,0.020383119583129883,15.62716399777746,0.013544053905480524,9.0,0.520905466592582
0.0,PFW_diminishing,diminishing,852.0,0.020406007766723633,15.627177671524567,0.019241173768604014,9.0,0.5209059223841522
0.0,PFW_diminishing,diminishing,853.0,0.02042984962463379,15.627163921351777,0.01803969076467027,9.0,0.5209054640450592
0.0,PFW_diminishing,diminishing,854.0,0.02045297622680664,15.627156958131609,0.019193245958463834,9.0,0.5209052319377203
0.0,PFW_diminishing,diminishing,855.0,0.020478010177612305,15.62716384540151,0.013451907168725796,9.0,0.5209054615133837
0.0,PFW_diminishing,diminishing,856.0,0.020502090454101562,15.627156898570538,0.01916082543050024,9.0,0.5209052299523512
0.0,PFW_diminishing,diminishing,857.0,0.02052474021911621,15.627163769962065,0.013425990787917286,9.0,0.5209054589987355
0.0,PFW_diminishing,diminishing,858.0,0.02054882049560547,15.627177140658757,0.019128556097996352,9.0,0.5209059046886252
0.0,PFW_diminishing,diminishing,859.0,0.02057194709777832,15.627163694992358,0.01788648483905675,9.0,0.5209054564997453
0.0,PFW_diminishing,diminishing,860.0,0.020598173141479492,15.627156724703173,0.01908129511727097,9.0,0.5209052241567724
0.0,PFW_diminishing,diminishing,861.0,0.02062392234802246,15.627163620495777,0.013335127505305522,9.0,0.5209054540165259
0.0,PFW_diminishing,diminishing,862.0,0.020648956298828125,15.627176827243263,0.019049324890069386,9.0,0.5209058942414421
0.0,PFW_diminishing,diminishing,863.0,0.020673036575317383,15.627163546514883,0.017795332792841734,9.0,0.5209054515504961
0.0,PFW_diminishing,diminishing,864.0,0.020695924758911133,15.627156553494585,0.019002500839585323,9.0,0.5209052184498195
0.0,PFW_diminishing,diminishing,865.0,0.020718812942504883,15.627163472944767,0.013245105226788567,9.0,0.520905449098159
0.0,PFW_diminishing,diminishing,866.0,0.02074289321899414,15.627156496188176,0.018970825578263018,9.0,0.5209052165396059
0.0,PFW_diminishing,diminishing,867.0,0.0207669734954834,15.627163399863335,0.01321978467702678,9.0,0.5209054466621111
0.0,PFW_diminishing,diminishing,868.0,0.020791053771972656,15.627176314962384,0.018939296334410827,9.0,0.5209058771654128
0.0,PFW_diminishing,diminishing,869.0,0.020813941955566406,15.627163327274848,0.017645651496460246,9.0,0.520905444242495
0.0,PFW_diminishing,diminishing,870.0,0.020838022232055664,15.627156328720524,0.018893116289804723,9.0,0.5209052109573508
0.0,PFW_diminishing,diminishing,871.0,0.020860910415649414,15.627163255095681,0.013131001876173443,9.0,0.5209054418365227
0.0,PFW_diminishing,diminishing,872.0,0.020885944366455078,15.627156272703008,0.018861875944139683,9.0,0.5209052090901003
0.0,PFW_diminishing,diminishing,873.0,0.020909786224365234,15.627163183392437,0.01310602899009261,9.0,0.5209054394464145
0.0,PFW_diminishing,diminishing,874.0,0.020932912826538086,15.627175813561227,0.01883077862209781,9.0,0.5209058604520409
0.0,PFW_diminishing,diminishing,875.0,0.020956993103027344,15.627163112160222,0.017498027184304377,9.0,0.5209054370720074
0.0,PFW_diminishing,diminishing,876.0,0.020980119705200195,15.627156108871505,0.01878522938794802,9.0,0.5209052036290501
0.0,PFW_diminishing,diminishing,877.0,0.02100515365600586,15.627163041335837,0.013018460243392482,9.0,0.5209054347111945
0.0,PFW_diminishing,diminishing,878.0,0.021027803421020508,15.627156054106385,0.0187544150616894,9.0,0.5209052018035462
0.0,PFW_diminishing,diminishing,879.0,0.02105093002319336,15.62716297097505,0.01299382790949899,9.0,0.520905432365835
0.0,PFW_diminishing,diminishing,880.0,0.021075010299682617,15.627175322739559,0.01872374084649131,9.0,0.5209058440913187
0.0,PFW_diminishing,diminishing,881.0,0.02109813690185547,15.62716290106414,0.01735241774444063,9.0,0.5209054300354714
0.0,PFW_diminishing,diminishing,882.0,0.02112293243408203,15.627155893809828,0.018678809585415124,9.0,0.5209051964603276
0.0,PFW_diminishing,diminishing,883.0,0.02114701271057129,15.627162831559572,0.01290744848399683,9.0,0.5209054277186523
0.0,PFW_diminishing,diminishing,884.0,0.02116990089416504,15.627155840261851,0.018648412623299748,9.0,0.5209051946753951
0.0,PFW_diminishing,diminishing,885.0,0.021193981170654297,15.62716276250666,0.012883149783450065,9.0,0.5209054254168887
0.0,PFW_diminishing,diminishing,886.0,0.02121710777282715,15.627174842207369,0.01861815293824698,9.0,0.520905828073579
0.0,PFW_diminishing,diminishing,887.0,0.02124810218811035,15.627162693883248,0.017208782206656892,9.0,0.5209054231294415
0.0,PFW_diminishing,diminishing,888.0,0.021271944046020508,15.627155683402512,0.018573827158848033,9.0,0.5209051894467503
0.0,PFW_diminishing,diminishing,889.0,0.021296977996826172,15.627162625664653,0.012797935613491518,9.0,0.5209054208554884
0.0,PFW_diminishing,diminishing,890.0,0.021319866180419922,15.627155631037645,0.01854383913850377,9.0,0.5209051877012548
0.0,PFW_diminishing,diminishing,891.0,0.021342992782592773,15.627162557886168,0.012773963813611289,9.0,0.5209054185962055
0.0,PFW_diminishing,diminishing,892.0,0.02136707305908203,15.627174371684431,0.01851398563712081,9.0,0.5209058123894811
0.0,PFW_diminishing,diminishing,893.0,0.02138996124267578,15.627162490517529,0.0170670807040203,9.0,0.5209054163505843
0.0,PFW_diminishing,diminishing,894.0,0.021414995193481445,15.627155477521093,0.018470253182412577,9.0,0.5209051825840364
0.0,PFW_diminishing,diminishing,895.0,0.021439075469970703,15.62716242355217,0.01268989147845545,9.0,0.5209054141184056
0.0,PFW_diminishing,diminishing,896.0,0.021461963653564453,15.627174093835604,0.01844066590654414,9.0,0.5209058031278535
0.0,PFW_diminishing,diminishing,897.0,0.021484851837158203,15.627162357036214,0.016982735991065923,9.0,0.5209054119012071
0.0,PFW_diminishing,diminishing,898.0,0.02150893211364746,15.627155326271108,0.018397322475504296,9.0,0.5209051775423703
0.0,PFW_diminishing,diminishing,899.0,0.021533966064453125,15.627162290870396,0.01260656784158698,9.0,0.5209054096956799
0.0,PFW_diminishing,diminishing,900.0,0.021557092666625977,15.627155275823826,0.01836799787979615,9.0,0.5209051758607942
0.0,PFW_diminishing,diminishing,901.0,0.021579980850219727,15.627162225126334,0.012583126437123227,9.0,0.5209054075042111
0.0,PFW_diminishing,diminishing,902.0,0.021603822708129883,15.627173639192893,0.018338803368296297,9.0,0.5209057879730964
0.0,PFW_diminishing,diminishing,903.0,0.021626949310302734,15.627162159812489,0.016844171758407356,9.0,0.520905405327083
0.0,PFW_diminishing,diminishing,904.0,0.0216519832611084,15.627155127765086,0.018296033712521975,9.0,0.5209051709255028
0.0,PFW_diminishing,diminishing,905.0,0.021676063537597656,15.627162094847888,0.01250090697342543,9.0,0.5209054031615963
0.0,PFW_diminishing,diminishing,906.0,0.021698951721191406,15.627155078415454,0.018267096679721817,9.0,0.5209051692805151
0.0,PFW_diminishing,diminishing,907.0,0.021721839904785156,15.627162030294468,0.012477775378913591,9.0,0.5209054010098156
0.0,PFW_diminishing,diminishing,908.0,0.021745920181274414,15.627173193859855,0.018238287163400813,9.0,0.5209057731286618
0.0,PFW_diminishing,diminishing,909.0,0.021770954132080078,15.627161966152721,0.016707440372398352,9.0,0.5209053988717574
0.0,PFW_diminishing,diminishing,910.0,0.02179408073425293,15.62715493346175,0.018196079964519996,9.0,0.520905164448725
0.0,PFW_diminishing,diminishing,911.0,0.02181696891784668,15.627161902359319,0.012396638284904782,9.0,0.5209053967453107
0.0,PFW_diminishing,diminishing,912.0,0.021841049194335938,15.627154885179769,0.018167522861885388,9.0,0.5209051628393256
0.0,PFW_diminishing,diminishing,913.0,0.021863937377929688,15.62716183896684,0.01237381039889307,9.0,0.520905394632228
0.0,PFW_diminishing,diminishing,914.0,0.02188897132873535,15.627172757588905,0.01813909077515241,9.0,0.5209057585862968
0.0,PFW_diminishing,diminishing,915.0,0.021912813186645508,15.627161775968139,0.016572505706738738,9.0,0.5209053925322713
0.0,PFW_diminishing,diminishing,916.0,0.02193593978881836,15.627154743247761,0.018097435010513863,9.0,0.5209051581082587
0.0,PFW_diminishing,diminishing,917.0,0.021960020065307617,15.627161713316848,0.012293734441357174,9.0,0.520905390443895
0.0,PFW_diminishing,diminishing,918.0,0.021982908248901367,15.627154696004423,0.018069250404419535,9.0,0.5209051565334808
0.0,PFW_diminishing,diminishing,919.0,0.02200794219970703,15.62716165105655,0.012271204321578466,9.0,0.5209053883685517
0.0,PFW_diminishing,diminishing,920.0,0.02203202247619629,15.627172330140594,0.01804118837860713,9.0,0.5209057443380198
0.0,PFW_diminishing,diminishing,921.0,0.022053956985473633,15.62716158917276,0.016439332578347177,9.0,0.5209053863057587
0.0,PFW_diminishing,diminishing,922.0,0.02207803726196289,15.627154557013515,0.018000073311723597,9.0,0.5209051519004505
0.0,PFW_diminishing,diminishing,923.0,0.02210092544555664,15.627161527635414,0.01219216881909091,9.0,0.5209053842545138
0.0,PFW_diminishing,diminishing,924.0,0.02212691307067871,15.627154510780779,0.017972253961223927,9.0,0.5209051503593592
0.0,PFW_diminishing,diminishing,925.0,0.022150039672851562,15.627161466479441,0.012169930677272234,9.0,0.5209053822159814
0.0,PFW_diminishing,diminishing,926.0,0.022172927856445312,15.627171911283254,0.017944554818233982,9.0,0.5209057303761084
0.0,PFW_diminishing,diminishing,927.0,0.02219700813293457,15.627161405683287,0.016307886716759867,9.0,0.5209053801894429
0.0,PFW_diminishing,diminishing,928.0,0.022221088409423828,15.627154374652989,0.017903969989532698,9.0,0.5209051458217663
0.0,PFW_diminishing,diminishing,929.0,0.02224588394165039,15.627161345232588,0.01209191548238131,9.0,0.5209053781744196
0.0,PFW_diminishing,diminishing,930.0,0.02226996421813965,15.627154329403737,0.017876508840146244,9.0,0.5209051443134579
0.0,PFW_diminishing,diminishing,931.0,0.0222930908203125,15.627161285153953,0.012069963679312679,9.0,0.5209053761717984
0.0,PFW_diminishing,diminishing,932.0,0.022316932678222656,15.627171500792725,0.017849165586332205,9.0,0.5209057166930908
0.0,PFW_diminishing,diminishing,933.0,0.022339820861816406,15.627161225419012,0.016178134734760263,9.0,0.5209053741806338
0.0,PFW_diminishing,diminishing,934.0,0.02236485481262207,15.627154196063644,0.017809100804297984,9.0,0.5209051398687882
0.0,PFW_diminishing,diminishing,935.0,0.022388935089111328,15.627161166028523,0.011992949161395927,9.0,0.5209053722009508
0.0,PFW_diminishing,diminishing,936.0,0.022413015365600586,15.627171258348833,0.017781990982030038,9.0,0.5209057086116278
0.0,PFW_diminishing,diminishing,937.0,0.022436857223510742,15.627161107015196,0.016100865621508476,9.0,0.5209053702338399
0.0,PFW_diminishing,diminishing,938.0,0.0224609375,15.627154064616006,0.01774226742115026,9.0,0.5209051354872002
0.0,PFW_diminishing,diminishing,939.0,0.022485971450805664,15.627161048301865,0.011916591252708386,9.0,0.5209053682767288
0.0,PFW_diminishing,diminishing,940.0,0.022508859634399414,15.627154020963333,0.017715388053893832,9.0,0.5209051340321111
0.0,PFW_diminishing,diminishing,941.0,0.022531986236572266,15.627160989945754,0.011895104569788373,9.0,0.5209053663315252
0.0,PFW_diminishing,diminishing,942.0,0.022555828094482422,15.627170861152457,0.01768862285912931,9.0,0.5209056953717486
0.0,PFW_diminishing,diminishing,943.0,0.022578954696655273,15.627160931951035,0.015973864544395866,9.0,0.5209053643983679
0.0,PFW_diminishing,diminishing,944.0,0.022603988647460938,15.62715389218209,0.017649402930981495,9.0,0.520905129739403
0.0,PFW_diminishing,diminishing,945.0,0.022627830505371094,15.627160874255813,0.011819715722580781,9.0,0.5209053624751937
0.0,PFW_diminishing,diminishing,946.0,0.022650957107543945,15.627153849444626,0.017622863820221824,9.0,0.5209051283148208
0.0,PFW_diminishing,diminishing,947.0,0.022675037384033203,15.627160816909235,0.011798501033174702,9.0,0.5209053605636412
0.0,PFW_diminishing,diminishing,948.0,0.02269911766052246,15.627170471761788,0.01759643672302147,9.0,0.5209056823920596
0.0,PFW_diminishing,diminishing,949.0,0.022723913192749023,15.62716075990881,0.015848472425007643,9.0,0.520905358663627
0.0,PFW_diminishing,diminishing,950.0,0.022746801376342773,15.62715372326065,0.017557710910059754,9.0,0.5209051241086883
0.0,PFW_diminishing,diminishing,951.0,0.02277088165283203,15.627146885699728,0.011736138463135148,9.0,0.5209048961899909
0.0,PFW_diminishing,diminishing,952.0,0.022794008255004883,15.627174497337569,0.012390868010383471,9.0,0.5209058165779189
0.0,PFW_diminishing,diminishing,953.0,0.02281808853149414,15.62714684830026,0.019290152267920746,9.0,0.520904894943342
0.0,PFW_diminishing,diminishing,954.0,0.022842884063720703,15.627174402311754,0.0123525043405035,9.0,0.5209058134103918
0.0,PFW_diminishing,diminishing,955.0,0.022866010665893555,15.62714681119518,0.01926497534186211,9.0,0.5209048937065061
0.0,PFW_diminishing,diminishing,956.0,0.022888898849487305,15.627174307820068,0.0123143012127791,9.0,0.520905810260669
0.0,PFW_diminishing,diminishing,957.0,0.022912979125976562,15.627146774381787,0.019239903758894172,9.0,0.5209048924793929
0.0,PFW_diminishing,diminishing,958.0,0.022935867309570312,15.627174213858325,0.012276257621579134,9.0,0.5209058071286108
0.0,PFW_diminishing,diminishing,959.0,0.022960901260375977,15.6271467378574,0.01921493685924247,9.0,0.5209048912619133
0.0,PFW_diminishing,diminishing,960.0,0.022984981536865234,15.627174120422369,0.012238372569632006,9.0,0.5209058040140789
0.0,PFW_diminishing,diminishing,961.0,0.023008108139038086,15.627146701619386,0.01919007398864636,9.0,0.5209048900539796
0.0,PFW_diminishing,diminishing,962.0,0.023030996322631836,15.627174027508087,0.012200645068002558,9.0,0.5209058009169362
0.0,PFW_diminishing,diminishing,963.0,0.023054838180541992,15.627146665665116,0.019165314498273744,9.0,0.5209048888555039
0.0,PFW_diminishing,diminishing,964.0,0.023079872131347656,15.62717393511141,0.012163074135914442,9.0,0.5209057978370469
0.0,PFW_diminishing,diminishing,965.0,0.023102998733520508,15.627146629992016,0.019140657744683764,9.0,0.5209048876664005
0.0,PFW_diminishing,diminishing,966.0,0.02312612533569336,15.627173843228308,0.012125658800766104,9.0,0.5209057947742769
0.0,PFW_diminishing,diminishing,967.0,0.023149967193603516,15.627146594597518,0.019116103089761083,9.0,0.520904886486584
0.0,PFW_diminishing,diminishing,968.0,0.023172855377197266,15.627173751854798,0.012088398097954922,9.0,0.5209057917284933
0.0,PFW_diminishing,diminishing,969.0,0.02319788932800293,15.627146559479101,0.01909164990067147,9.0,0.52090488531597
0.0,PFW_diminishing,diminishing,970.0,0.023221969604492188,15.627173660986921,0.012051291070850567,9.0,0.520905788699564
0.0,PFW_diminishing,diminishing,971.0,0.023244142532348633,15.627146524634254,0.019067297549783646,9.0,0.5209048841544751
0.0,PFW_diminishing,diminishing,972.0,0.02326798439025879,15.627173570620778,0.01201433677070085,9.0,0.5209057856873592
0.0,PFW_diminishing,diminishing,973.0,0.023291826248168945,15.627146490060507,0.019043045414651516,9.0,0.5209048830020169
0.0,PFW_diminishing,diminishing,974.0,0.02331709861755371,15.627173480752484,0.011977534256544686,9.0,0.5209057826917495
0.0,PFW_diminishing,diminishing,975.0,0.023340940475463867,15.627146455755401,0.019018892877920024,9.0,0.5209048818585134
0.0,PFW_diminishing,diminishing,976.0,0.02336287498474121,15.62717339137821,0.011940882595130375,9.0,0.520905779712607
0.0,PFW_diminishing,diminishing,977.0,0.02338695526123047,15.627146421716525,0.018994839327319823,9.0,0.5209048807238842
0.0,PFW_diminishing,diminishing,978.0,0.02340984344482422,15.62717330249416,0.011904380860837449,9.0,0.5209057767498053
0.0,PFW_diminishing,diminishing,979.0,0.023435115814208984,15.627146387941476,0.018970884155571355,9.0,0.5209048795980492
0.0,PFW_diminishing,diminishing,980.0,0.02345895767211914,15.627173214096578,0.011868028135632258,9.0,0.5209057738032192
0.0,PFW_diminishing,diminishing,981.0,0.02348184585571289,15.627146354427879,0.018947026760351093,9.0,0.5209048784809293
0.0,PFW_diminishing,diminishing,982.0,0.02350592613220215,15.627173126181736,0.01183182350891343,9.0,0.5209057708727245
0.0,PFW_diminishing,diminishing,983.0,0.023529052734375,15.627146321173395,0.0189232665442578,9.0,0.5209048773724465
0.0,PFW_diminishing,diminishing,984.0,0.023554086685180664,15.627173038745953,0.011795766077526082,9.0,0.5209057679581984
0.0,PFW_diminishing,diminishing,985.0,0.023576974868774414,15.627146288175696,0.018899602914732583,9.0,0.5209048762725232
0.0,PFW_diminishing,diminishing,986.0,0.023599863052368164,15.627172951785571,0.011759854945614379,9.0,0.520905765059519
0.0,PFW_diminishing,diminishing,987.0,0.023623943328857422,15.627146255432494,0.018876035284026926,9.0,0.5209048751810832
0.0,PFW_diminishing,diminishing,988.0,0.023647069931030273,15.62717286529698,0.011724089224601997,9.0,0.520905762176566
0.0,PFW_diminishing,diminishing,989.0,0.023671865463256836,15.627146222941512,0.018852563069156503,9.0,0.5209048740980504
0.0,PFW_diminishing,diminishing,990.0,0.023695945739746094,15.627172779276602,0.011688468033064225,9.0,0.5209057593092201
0.0,PFW_diminishing,diminishing,991.0,0.02372002601623535,15.627146190700508,0.018829185691847883,9.0,0.5209048730233502
0.0,PFW_diminishing,diminishing,992.0,0.0237429141998291,15.627172693720889,0.011652990496727966,9.0,0.5209057564573629
0.0,PFW_diminishing,diminishing,993.0,0.02376699447631836,15.627146158707257,0.018805902578488798,9.0,0.5209048719569086
0.0,PFW_diminishing,diminishing,994.0,0.023792028427124023,15.627172608626331,0.011617655748311861,9.0,0.5209057536208778
0.0,PFW_diminishing,diminishing,995.0,0.023814916610717773,15.627146126959556,0.0187827131600784,9.0,0.5209048708986519
0.0,PFW_diminishing,diminishing,996.0,0.023838043212890625,15.627172523989447,0.011582462927535175,9.0,0.5209057507996483
0.0,PFW_diminishing,diminishing,997.0,0.023862123489379883,15.627146095455227,0.018759616872198848,9.0,0.5209048698485076
0.0,PFW_diminishing,diminishing,998.0,0.023885011672973633,15.6271724398068,0.011547411181005884,9.0,0.52090574799356
0.0,PFW_diminishing,diminishing,999.0,0.023910045623779297,15.627146064192123,0.018736613154938908,9.0,0.5209048688064041
