run,algorithm,step_size,iter,time,loss,gap,spars,mse
0.0,AFW_diminishing,diminishing,0.0,3.314018249511719e-05,20.02424955274294,10.73971096916316,1.0,0.6674749850914313
0.0,AFW_diminishing,diminishing,1.0,6.508827209472656e-05,20.566624685816002,13.35841380448009,1.0,0.6855541561938667
0.0,AFW_diminishing,diminishing,2.0,9.393692016601562e-05,19.41977184372418,14.823715334749636,1.0,0.6473257281241394
0.0,AFW_diminishing,diminishing,3.0,0.0001201629638671875,20.566624685816002,12.530009650565985,1.0,0.6855541561938667
0.0,AFW_diminishing,diminishing,4.0,0.00014710426330566406,19.41977184372418,14.823715334749636,1.0,0.6473257281241394
0.0,AFW_diminishing,diminishing,5.0,0.00017309188842773438,20.566624685816002,12.530009650565985,1.0,0.6855541561938667
0.0,AFW_diminishing,diminishing,6.0,0.00019812583923339844,19.41977184372418,14.823715334749636,1.0,0.6473257281241394
0.0,AFW_diminishing,diminishing,7.0,0.0002219676971435547,20.566624685816002,12.530009650565985,1.0,0.6855541561938667
0.0,AFW_diminishing,diminishing,8.0,0.00024819374084472656,19.41977184372418,14.823715334749636,1.0,0.6473257281241394
0.0,AFW_diminishing,diminishing,9.0,0.00027108192443847656,20.566624685816002,12.530009650565985,1.0,0.6855541561938667
0.0,AFW_diminishing,diminishing,10.0,0.0002942085266113281,19.41977184372418,14.823715334749636,1.0,0.6473257281241394
0.0,AFW_diminishing,diminishing,11.0,0.0003180503845214844,20.566624685816002,12.530009650565985,1.0,0.6855541561938667
0.0,AFW_diminishing,diminishing,12.0,0.0003421306610107422,19.41977184372418,14.823715334749636,1.0,0.6473257281241394
0.0,AFW_diminishing,diminishing,13.0,0.0003681182861328125,20.566624685816002,12.530009650565985,1.0,0.6855541561938667
0.0,AFW_diminishing,diminishing,14.0,0.00039124488830566406,19.41977184372418,14.823715334749636,1.0,0.6473257281241394
0.0,AFW_diminishing,diminishing,15.0,0.0004131793975830078,20.566624685816002,12.530009650565985,1.0,0.6855541561938667
0.0,AFW_diminishing,diminishing,16.0,0.00044417381286621094,19.41977184372418,14.823715334749636,1.0,0.6473257281241394
0.0,AFW_diminishing,diminishing,17.0,0.0004680156707763672,20.566624685816002,12.530009650565985,1.0,0.6855541561938667
0.0,AFW_diminishing,diminishing,18.0,0.0004930496215820312,19.41977184372418,14.823715334749636,1.0,0.6473257281241394
0.0,AFW_diminishing,diminishing,19.0,0.0005161762237548828,20.566624685816002,12.530009650565985,1.0,0.6855541561938667
0.0,AFW_diminishing,diminishing,20.0,0.0005390644073486328,19.41977184372418,14.823715334749636,1.0,0.6473257281241394
0.0,AFW_diminishing,diminishing,21.0,0.0005629062652587891,20.566624685816002,12.530009650565985,1.0,0.6855541561938667
0.0,AFW_diminishing,diminishing,22.0,0.0005860328674316406,19.41977184372418,14.823715334749636,1.0,0.6473257281241394
0.0,AFW_diminishing,diminishing,23.0,0.0006110668182373047,20.566624685816002,12.530009650565985,1.0,0.6855541561938667
0.0,AFW_diminishing,diminishing,24.0,0.0006351470947265625,19.41977184372418,14.823715334749636,1.0,0.6473257281241394
0.0,AFW_diminishing,diminishing,25.0,0.0006582736968994141,20.566624685816002,12.530009650565985,1.0,0.6855541561938667
0.0,AFW_diminishing,diminishing,26.0,0.0006880760192871094,19.41977184372418,14.823715334749636,1.0,0.6473257281241394
0.0,AFW_diminishing,diminishing,27.0,0.0007112026214599609,20.566624685816002,12.530009650565985,1.0,0.6855541561938667
0.0,AFW_diminishing,diminishing,28.0,0.0007359981536865234,19.41977184372418,14.823715334749636,1.0,0.6473257281241394
0.0,AFW_diminishing,diminishing,29.0,0.0007600784301757812,20.566624685816002,12.530009650565985,1.0,0.6855541561938667
0.0,AFW_diminishing,diminishing,30.0,0.000782012939453125,19.41977184372418,14.823715334749636,1.0,0.6473257281241394
0.0,AFW_diminishing,diminishing,31.0,0.0008060932159423828,20.566624685816002,12.530009650565985,1.0,0.6855541561938667
0.0,AFW_diminishing,diminishing,32.0,0.0008292198181152344,19.41977184372418,14.823715334749636,1.0,0.6473257281241394
0.0,AFW_diminishing,diminishing,33.0,0.0008540153503417969,20.566624685816002,12.530009650565985,1.0,0.6855541561938667
0.0,AFW_diminishing,diminishing,34.0,0.0008780956268310547,19.41977184372418,14.823715334749636,1.0,0.6473257281241394
0.0,AFW_diminishing,diminishing,35.0,0.0009012222290039062,20.566624685816002,12.530009650565985,1.0,0.6855541561938667
0.0,AFW_diminishing,diminishing,36.0,0.000926971435546875,19.41977184372418,14.823715334749636,1.0,0.6473257281241394
0.0,AFW_diminishing,diminishing,37.0,0.0009520053863525391,20.566624685816002,12.530009650565985,1.0,0.6855541561938667
0.0,AFW_diminishing,diminishing,38.0,0.0009760856628417969,19.41977184372418,14.823715334749636,1.0,0.6473257281241394
0.0,AFW_diminishing,diminishing,39.0,0.0009992122650146484,20.566624685816002,12.530009650565985,1.0,0.6855541561938667
0.0,AFW_diminishing,diminishing,40.0,0.0010249614715576172,19.41977184372418,14.823715334749636,1.0,0.6473257281241394
0.0,AFW_diminishing,diminishing,41.0,0.001055002212524414,20.566624685816002,12.530009650565985,1.0,0.6855541561938667
0.0,AFW_diminishing,diminishing,42.0,0.0010800361633300781,19.41977184372418,14.823715334749636,1.0,0.6473257281241394
0.0,AFW_diminishing,diminishing,43.0,0.0011031627655029297,20.566624685816002,12.530009650565985,1.0,0.6855541561938667
0.0,AFW_diminishing,diminishing,44.0,0.0011250972747802734,19.41977184372418,14.823715334749636,1.0,0.6473257281241394
0.0,AFW_diminishing,diminishing,45.0,0.0011491775512695312,20.566624685816002,12.530009650565985,1.0,0.6855541561938667
0.0,AFW_diminishing,diminishing,46.0,0.0011720657348632812,19.41977184372418,14.823715334749636,1.0,0.6473257281241394
0.0,AFW_diminishing,diminishing,47.0,0.001196146011352539,20.566624685816002,12.530009650565985,1.0,0.6855541561938667
0.0,AFW_diminishing,diminishing,48.0,0.0012202262878417969,19.41977184372418,14.823715334749636,1.0,0.6473257281241394
0.0,AFW_diminishing,diminishing,49.0,0.0012421607971191406,20.566624685816002,12.530009650565985,1.0,0.6855541561938667
0.0,AFW_diminishing,diminishing,50.0,0.0012662410736083984,19.41977184372418,14.823715334749636,1.0,0.6473257281241394
0.0,AFW_diminishing,diminishing,51.0,0.0012888908386230469,20.566624685816002,12.530009650565985,1.0,0.6855541561938667
0.0,AFW_diminishing,diminishing,52.0,0.0013151168823242188,19.41977184372418,14.823715334749636,1.0,0.6473257281241394
0.0,AFW_diminishing,diminishing,53.0,0.0013382434844970703,20.566624685816002,12.530009650565985,1.0,0.6855541561938667
0.0,AFW_diminishing,diminishing,54.0,0.001360177993774414,19.41977184372418,14.823715334749636,1.0,0.6473257281241394
0.0,AFW_diminishing,diminishing,55.0,0.0013840198516845703,20.566624685816002,12.530009650565985,1.0,0.6855541561938667
0.0,AFW_diminishing,diminishing,56.0,0.0014069080352783203,19.41977184372418,14.823715334749636,1.0,0.6473257281241394
0.0,AFW_diminishing,diminishing,57.0,0.001432180404663086,20.566624685816002,12.530009650565985,1.0,0.6855541561938667
0.0,AFW_diminishing,diminishing,58.0,0.001455068588256836,19.41977184372418,14.823715334749636,1.0,0.6473257281241394
0.0,AFW_diminishing,diminishing,59.0,0.0014781951904296875,20.566624685816002,12.530009650565985,1.0,0.6855541561938667
0.0,AFW_diminishing,diminishing,60.0,0.0015082359313964844,19.41977184372418,14.823715334749636,1.0,0.6473257281241394
0.0,AFW_diminishing,diminishing,61.0,0.0015323162078857422,20.566624685816002,12.530009650565985,1.0,0.6855541561938667
0.0,AFW_diminishing,diminishing,62.0,0.0015559196472167969,19.41977184372418,14.823715334749636,1.0,0.6473257281241394
0.0,AFW_diminishing,diminishing,63.0,0.0015790462493896484,20.566624685816002,12.530009650565985,1.0,0.6855541561938667
0.0,AFW_diminishing,diminishing,64.0,0.0016040802001953125,19.41977184372418,14.823715334749636,1.0,0.6473257281241394
0.0,AFW_diminishing,diminishing,65.0,0.0016281604766845703,20.566624685816002,12.530009650565985,1.0,0.6855541561938667
0.0,AFW_diminishing,diminishing,66.0,0.0016503334045410156,19.41977184372418,14.823715334749636,1.0,0.6473257281241394
0.0,AFW_diminishing,diminishing,67.0,0.0016739368438720703,20.566624685816002,12.530009650565985,1.0,0.6855541561938667
0.0,AFW_diminishing,diminishing,68.0,0.0016970634460449219,19.41977184372418,14.823715334749636,1.0,0.6473257281241394
0.0,AFW_diminishing,diminishing,69.0,0.001722097396850586,20.566624685816002,12.530009650565985,1.0,0.6855541561938667
0.0,AFW_diminishing,diminishing,70.0,0.0017452239990234375,19.41977184372418,14.823715334749636,1.0,0.6473257281241394
0.0,AFW_diminishing,diminishing,71.0,0.0017671585083007812,20.566624685816002,12.530009650565985,1.0,0.6855541561938667
0.0,AFW_diminishing,diminishing,72.0,0.0017910003662109375,19.41977184372418,14.823715334749636,1.0,0.6473257281241394
0.0,AFW_diminishing,diminishing,73.0,0.001814126968383789,20.566624685816002,12.530009650565985,1.0,0.6855541561938667
0.0,AFW_diminishing,diminishing,74.0,0.0018391609191894531,19.41977184372418,14.823715334749636,1.0,0.6473257281241394
0.0,AFW_diminishing,diminishing,75.0,0.0018622875213623047,20.566624685816002,12.530009650565985,1.0,0.6855541561938667
0.0,AFW_diminishing,diminishing,76.0,0.0018858909606933594,19.41977184372418,14.823715334749636,1.0,0.6473257281241394
0.0,AFW_diminishing,diminishing,77.0,0.0019099712371826172,20.566624685816002,12.530009650565985,1.0,0.6855541561938667
0.0,AFW_diminishing,diminishing,78.0,0.0019330978393554688,19.41977184372418,14.823715334749636,1.0,0.6473257281241394
0.0,AFW_diminishing,diminishing,79.0,0.001958131790161133,20.566624685816002,12.530009650565985,1.0,0.6855541561938667
0.0,AFW_diminishing,diminishing,80.0,0.0019812583923339844,19.41977184372418,14.823715334749636,1.0,0.6473257281241394
0.0,AFW_diminishing,diminishing,81.0,0.0020051002502441406,20.566624685816002,12.530009650565985,1.0,0.6855541561938667
0.0,AFW_diminishing,diminishing,82.0,0.0020301342010498047,19.41977184372418,14.823715334749636,1.0,0.6473257281241394
0.0,AFW_diminishing,diminishing,83.0,0.0020532608032226562,20.566624685816002,12.530009650565985,1.0,0.6855541561938667
0.0,AFW_diminishing,diminishing,84.0,0.0020780563354492188,19.41977184372418,14.823715334749636,1.0,0.6473257281241394
0.0,AFW_diminishing,diminishing,85.0,0.0021009445190429688,20.566624685816002,12.530009650565985,1.0,0.6855541561938667
0.0,AFW_diminishing,diminishing,86.0,0.0021240711212158203,19.41977184372418,14.823715334749636,1.0,0.6473257281241394
0.0,AFW_diminishing,diminishing,87.0,0.002148151397705078,20.566624685816002,12.530009650565985,1.0,0.6855541561938667
0.0,AFW_diminishing,diminishing,88.0,0.0021712779998779297,19.41977184372418,14.823715334749636,1.0,0.6473257281241394
0.0,AFW_diminishing,diminishing,89.0,0.002196073532104492,20.566624685816002,12.530009650565985,1.0,0.6855541561938667
0.0,AFW_diminishing,diminishing,90.0,0.002218961715698242,19.41977184372418,14.823715334749636,1.0,0.6473257281241394
0.0,AFW_diminishing,diminishing,91.0,0.0022411346435546875,20.566624685816002,12.530009650565985,1.0,0.6855541561938667
0.0,AFW_diminishing,diminishing,92.0,0.0022661685943603516,19.41977184372418,14.823715334749636,1.0,0.6473257281241394
0.0,AFW_diminishing,diminishing,93.0,0.002290964126586914,20.566624685816002,12.530009650565985,1.0,0.6855541561938667
0.0,AFW_diminishing,diminishing,94.0,0.002315998077392578,19.41977184372418,14.823715334749636,1.0,0.6473257281241394
0.0,AFW_diminishing,diminishing,95.0,0.002340078353881836,20.566624685816002,12.530009650565985,1.0,0.6855541561938667
0.0,AFW_diminishing,diminishing,96.0,0.0023641586303710938,19.41977184372418,14.823715334749636,1.0,0.6473257281241394
0.0,AFW_diminishing,diminishing,97.0,0.00238800048828125,20.566624685816002,12.530009650565985,1.0,0.6855541561938667
0.0,AFW_diminishing,diminishing,98.0,0.0024099349975585938,19.41977184372418,14.823715334749636,1.0,0.6473257281241394
0.0,AFW_diminishing,diminishing,99.0,0.0024340152740478516,20.566624685816002,12.530009650565985,1.0,0.6855541561938667
0.0,AFW_diminishing,diminishing,100.0,0.002457141876220703,19.41977184372418,14.823715334749636,1.0,0.6473257281241394
0.0,AFW_diminishing,diminishing,101.0,0.002482175827026367,20.566624685816002,12.530009650565985,1.0,0.6855541561938667
0.0,AFW_diminishing,diminishing,102.0,0.002505064010620117,19.41977184372418,14.823715334749636,1.0,0.6473257281241394
0.0,AFW_diminishing,diminishing,103.0,0.002526998519897461,20.566624685816002,12.530009650565985,1.0,0.6855541561938667
0.0,AFW_diminishing,diminishing,104.0,0.0025510787963867188,19.41977184372418,14.823715334749636,1.0,0.6473257281241394
0.0,AFW_diminishing,diminishing,105.0,0.0025742053985595703,20.566624685816002,12.530009650565985,1.0,0.6855541561938667
0.0,AFW_diminishing,diminishing,106.0,0.0025992393493652344,19.41977184372418,14.823715334749636,1.0,0.6473257281241394
0.0,AFW_diminishing,diminishing,107.0,0.002621889114379883,20.566624685816002,12.530009650565985,1.0,0.6855541561938667
0.0,AFW_diminishing,diminishing,108.0,0.0026450157165527344,19.41977184372418,14.823715334749636,1.0,0.6473257281241394
0.0,AFW_diminishing,diminishing,109.0,0.002669095993041992,20.566624685816002,12.530009650565985,1.0,0.6855541561938667
0.0,AFW_diminishing,diminishing,110.0,0.00269317626953125,19.41977184372418,14.823715334749636,1.0,0.6473257281241394
0.0,AFW_diminishing,diminishing,111.0,0.0027179718017578125,20.566624685816002,12.530009650565985,1.0,0.6855541561938667
0.0,AFW_diminishing,diminishing,112.0,0.002741098403930664,19.41977184372418,14.823715334749636,1.0,0.6473257281241394
0.0,AFW_diminishing,diminishing,113.0,0.002763032913208008,20.566624685816002,12.530009650565985,1.0,0.6855541561938667
0.0,AFW_diminishing,diminishing,114.0,0.0027871131896972656,19.41977184372418,14.823715334749636,1.0,0.6473257281241394
0.0,AFW_diminishing,diminishing,115.0,0.002810239791870117,20.566624685816002,12.530009650565985,1.0,0.6855541561938667
0.0,AFW_diminishing,diminishing,116.0,0.0028350353240966797,19.41977184372418,14.823715334749636,1.0,0.6473257281241394
0.0,AFW_diminishing,diminishing,117.0,0.0028579235076904297,20.566624685816002,12.530009650565985,1.0,0.6855541561938667
0.0,AFW_diminishing,diminishing,118.0,0.0028810501098632812,19.41977184372418,14.823715334749636,1.0,0.6473257281241394
0.0,AFW_diminishing,diminishing,119.0,0.002904176712036133,20.566624685816002,12.530009650565985,1.0,0.6855541561938667
0.0,AFW_diminishing,diminishing,120.0,0.0029282569885253906,19.41977184372418,14.823715334749636,1.0,0.6473257281241394
0.0,AFW_diminishing,diminishing,121.0,0.002953052520751953,20.566624685816002,12.530009650565985,1.0,0.6855541561938667
0.0,AFW_diminishing,diminishing,122.0,0.002975940704345703,19.41977184372418,14.823715334749636,1.0,0.6473257281241394
0.0,AFW_diminishing,diminishing,123.0,0.0029990673065185547,20.566624685816002,12.530009650565985,1.0,0.6855541561938667
0.0,AFW_diminishing,diminishing,124.0,0.0030221939086914062,19.41977184372418,14.823715334749636,1.0,0.6473257281241394
0.0,AFW_diminishing,diminishing,125.0,0.0030450820922851562,20.566624685816002,12.530009650565985,1.0,0.6855541561938667
0.0,AFW_diminishing,diminishing,126.0,0.0030701160430908203,19.41977184372418,14.823715334749636,1.0,0.6473257281241394
0.0,AFW_diminishing,diminishing,127.0,0.0030939579010009766,20.566624685816002,12.530009650565985,1.0,0.6855541561938667
0.0,AFW_diminishing,diminishing,128.0,0.003117084503173828,19.41977184372418,14.823715334749636,1.0,0.6473257281241394
0.0,AFW_diminishing,diminishing,129.0,0.003141164779663086,20.566624685816002,12.530009650565985,1.0,0.6855541561938667
0.0,AFW_diminishing,diminishing,130.0,0.0031652450561523438,19.41977184372418,14.823715334749636,1.0,0.6473257281241394
0.0,AFW_diminishing,diminishing,131.0,0.0031890869140625,20.566624685816002,12.530009650565985,1.0,0.6855541561938667
0.0,AFW_diminishing,diminishing,132.0,0.003213167190551758,19.41977184372418,14.823715334749636,1.0,0.6473257281241394
0.0,AFW_diminishing,diminishing,133.0,0.003242969512939453,20.566624685816002,12.530009650565985,1.0,0.6855541561938667
0.0,AFW_diminishing,diminishing,134.0,0.0032711029052734375,19.41977184372418,14.823715334749636,1.0,0.6473257281241394
0.0,AFW_diminishing,diminishing,135.0,0.003293275833129883,20.566624685816002,12.530009650565985,1.0,0.6855541561938667
0.0,AFW_diminishing,diminishing,136.0,0.003317117691040039,19.41977184372418,14.823715334749636,1.0,0.6473257281241394
0.0,AFW_diminishing,diminishing,137.0,0.003340005874633789,20.566624685816002,12.530009650565985,1.0,0.6855541561938667
0.0,AFW_diminishing,diminishing,138.0,0.0033652782440185547,19.41977184372418,14.823715334749636,1.0,0.6473257281241394
0.0,AFW_diminishing,diminishing,139.0,0.0033881664276123047,20.566624685816002,12.530009650565985,1.0,0.6855541561938667
0.0,AFW_diminishing,diminishing,140.0,0.0034110546112060547,19.41977184372418,14.823715334749636,1.0,0.6473257281241394
0.0,AFW_diminishing,diminishing,141.0,0.0034339427947998047,20.566624685816002,12.530009650565985,1.0,0.6855541561938667
0.0,AFW_diminishing,diminishing,142.0,0.0034580230712890625,19.41977184372418,14.823715334749636,1.0,0.6473257281241394
0.0,AFW_diminishing,diminishing,143.0,0.0034821033477783203,20.566624685816002,12.530009650565985,1.0,0.6855541561938667
0.0,AFW_diminishing,diminishing,144.0,0.003505229949951172,19.41977184372418,14.823715334749636,1.0,0.6473257281241394
0.0,AFW_diminishing,diminishing,145.0,0.0035283565521240234,20.566624685816002,12.530009650565985,1.0,0.6855541561938667
0.0,AFW_diminishing,diminishing,146.0,0.003551006317138672,19.41977184372418,14.823715334749636,1.0,0.6473257281241394
0.0,AFW_diminishing,diminishing,147.0,0.0035741329193115234,20.566624685816002,12.530009650565985,1.0,0.6855541561938667
0.0,AFW_diminishing,diminishing,148.0,0.0035991668701171875,19.41977184372418,14.823715334749636,1.0,0.6473257281241394
0.0,AFW_diminishing,diminishing,149.0,0.003622293472290039,20.566624685816002,12.530009650565985,1.0,0.6855541561938667
0.0,AFW_diminishing,diminishing,150.0,0.003645181655883789,19.41977184372418,14.823715334749636,1.0,0.6473257281241394
0.0,AFW_diminishing,diminishing,151.0,0.0036690235137939453,20.566624685816002,12.530009650565985,1.0,0.6855541561938667
0.0,AFW_diminishing,diminishing,152.0,0.003692150115966797,19.41977184372418,14.823715334749636,1.0,0.6473257281241394
0.0,AFW_diminishing,diminishing,153.0,0.0037162303924560547,20.566624685816002,12.530009650565985,1.0,0.6855541561938667
0.0,AFW_diminishing,diminishing,154.0,0.0037403106689453125,19.41977184372418,14.823715334749636,1.0,0.6473257281241394
0.0,AFW_diminishing,diminishing,155.0,0.0037622451782226562,20.566624685816002,12.530009650565985,1.0,0.6855541561938667
0.0,AFW_diminishing,diminishing,156.0,0.0037860870361328125,19.41977184372418,14.823715334749636,1.0,0.6473257281241394
0.0,AFW_diminishing,diminishing,157.0,0.0038089752197265625,20.566624685816002,12.530009650565985,1.0,0.6855541561938667
0.0,AFW_diminishing,diminishing,158.0,0.0038330554962158203,19.41977184372418,14.823715334749636,1.0,0.6473257281241394
0.0,AFW_diminishing,diminishing,159.0,0.003857135772705078,20.566624685816002,12.530009650565985,1.0,0.6855541561938667
0.0,AFW_diminishing,diminishing,160.0,0.003880023956298828,19.41977184372418,14.823715334749636,1.0,0.6473257281241394
0.0,AFW_diminishing,diminishing,161.0,0.003902912139892578,20.566624685816002,12.530009650565985,1.0,0.6855541561938667
0.0,AFW_diminishing,diminishing,162.0,0.00392603874206543,19.41977184372418,14.823715334749636,1.0,0.6473257281241394
0.0,AFW_diminishing,diminishing,163.0,0.003951072692871094,20.566624685816002,12.530009650565985,1.0,0.6855541561938667
0.0,AFW_diminishing,diminishing,164.0,0.003974199295043945,19.41977184372418,14.823715334749636,1.0,0.6473257281241394
0.0,AFW_diminishing,diminishing,165.0,0.003997325897216797,20.566624685816002,12.530009650565985,1.0,0.6855541561938667
0.0,AFW_diminishing,diminishing,166.0,0.0040209293365478516,19.41977184372418,14.823715334749636,1.0,0.6473257281241394
0.0,AFW_diminishing,diminishing,167.0,0.004044055938720703,20.566624685816002,12.530009650565985,1.0,0.6855541561938667
0.0,AFW_diminishing,diminishing,168.0,0.004068136215209961,19.41977184372418,14.823715334749636,1.0,0.6473257281241394
0.0,AFW_diminishing,diminishing,169.0,0.004092216491699219,20.566624685816002,12.530009650565985,1.0,0.6855541561938667
0.0,AFW_diminishing,diminishing,170.0,0.0041141510009765625,19.41977184372418,14.823715334749636,1.0,0.6473257281241394
0.0,AFW_diminishing,diminishing,171.0,0.004137992858886719,20.566624685816002,12.530009650565985,1.0,0.6855541561938667
0.0,AFW_diminishing,diminishing,172.0,0.0041620731353759766,19.41977184372418,14.823715334749636,1.0,0.6473257281241394
0.0,AFW_diminishing,diminishing,173.0,0.004187107086181641,20.566624685816002,12.530009650565985,1.0,0.6855541561938667
0.0,AFW_diminishing,diminishing,174.0,0.004210233688354492,19.41977184372418,14.823715334749636,1.0,0.6473257281241394
0.0,AFW_diminishing,diminishing,175.0,0.004232168197631836,20.566624685816002,12.530009650565985,1.0,0.6855541561938667
0.0,AFW_diminishing,diminishing,176.0,0.004256010055541992,19.41977184372418,14.823715334749636,1.0,0.6473257281241394
0.0,AFW_diminishing,diminishing,177.0,0.004279136657714844,20.566624685816002,12.530009650565985,1.0,0.6855541561938667
0.0,AFW_diminishing,diminishing,178.0,0.0043032169342041016,19.41977184372418,14.823715334749636,1.0,0.6473257281241394
0.0,AFW_diminishing,diminishing,179.0,0.004327297210693359,20.566624685816002,12.530009650565985,1.0,0.6855541561938667
0.0,AFW_diminishing,diminishing,180.0,0.004349231719970703,19.41977184372418,14.823715334749636,1.0,0.6473257281241394
0.0,AFW_diminishing,diminishing,181.0,0.004373073577880859,20.566624685816002,12.530009650565985,1.0,0.6855541561938667
0.0,AFW_diminishing,diminishing,182.0,0.004395961761474609,19.41977184372418,14.823715334749636,1.0,0.6473257281241394
0.0,AFW_diminishing,diminishing,183.0,0.004421234130859375,20.566624685816002,12.530009650565985,1.0,0.6855541561938667
0.0,AFW_diminishing,diminishing,184.0,0.004445314407348633,19.41977184372418,14.823715334749636,1.0,0.6473257281241394
0.0,AFW_diminishing,diminishing,185.0,0.004467010498046875,20.566624685816002,12.530009650565985,1.0,0.6855541561938667
0.0,AFW_diminishing,diminishing,186.0,0.004491090774536133,19.41977184372418,14.823715334749636,1.0,0.6473257281241394
0.0,AFW_diminishing,diminishing,187.0,0.004515171051025391,20.566624685816002,12.530009650565985,1.0,0.6855541561938667
0.0,AFW_diminishing,diminishing,188.0,0.0045392513275146484,19.41977184372418,14.823715334749636,1.0,0.6473257281241394
0.0,AFW_diminishing,diminishing,189.0,0.0045621395111083984,20.566624685816002,12.530009650565985,1.0,0.6855541561938667
0.0,AFW_diminishing,diminishing,190.0,0.0045850276947021484,19.41977184372418,14.823715334749636,1.0,0.6473257281241394
0.0,AFW_diminishing,diminishing,191.0,0.004609107971191406,20.566624685816002,12.530009650565985,1.0,0.6855541561938667
0.0,AFW_diminishing,diminishing,192.0,0.004631996154785156,19.41977184372418,14.823715334749636,1.0,0.6473257281241394
0.0,AFW_diminishing,diminishing,193.0,0.004657268524169922,20.566624685816002,12.530009650565985,1.0,0.6855541561938667
0.0,AFW_diminishing,diminishing,194.0,0.004680156707763672,19.41977184372418,14.823715334749636,1.0,0.6473257281241394
0.0,AFW_diminishing,diminishing,195.0,0.004702091217041016,20.566624685816002,12.530009650565985,1.0,0.6855541561938667
0.0,AFW_diminishing,diminishing,196.0,0.0047261714935302734,19.41977184372418,14.823715334749636,1.0,0.6473257281241394
0.0,AFW_diminishing,diminishing,197.0,0.004748106002807617,20.566624685816002,12.530009650565985,1.0,0.6855541561938667
0.0,AFW_diminishing,diminishing,198.0,0.004771232604980469,19.41977184372418,14.823715334749636,1.0,0.6473257281241394
0.0,AFW_diminishing,diminishing,199.0,0.004796266555786133,20.566624685816002,12.530009650565985,1.0,0.6855541561938667
0.0,AFW_diminishing,diminishing,200.0,0.004820108413696289,19.41977184372418,14.823715334749636,1.0,0.6473257281241394
0.0,AFW_diminishing,diminishing,201.0,0.004845142364501953,20.566624685816002,12.530009650565985,1.0,0.6855541561938667
0.0,AFW_diminishing,diminishing,202.0,0.004868030548095703,19.41977184372418,14.823715334749636,1.0,0.6473257281241394
0.0,AFW_diminishing,diminishing,203.0,0.004891157150268555,20.566624685816002,12.530009650565985,1.0,0.6855541561938667
0.0,AFW_diminishing,diminishing,204.0,0.004914283752441406,19.41977184372418,14.823715334749636,1.0,0.6473257281241394
0.0,AFW_diminishing,diminishing,205.0,0.004936933517456055,20.566624685816002,12.530009650565985,1.0,0.6855541561938667
0.0,AFW_diminishing,diminishing,206.0,0.00496220588684082,19.41977184372418,14.823715334749636,1.0,0.6473257281241394
0.0,AFW_diminishing,diminishing,207.0,0.00498509407043457,20.566624685816002,12.530009650565985,1.0,0.6855541561938667
0.0,AFW_diminishing,diminishing,208.0,0.005007266998291016,19.41977184372418,14.823715334749636,1.0,0.6473257281241394
0.0,AFW_diminishing,diminishing,209.0,0.005031108856201172,20.566624685816002,12.530009650565985,1.0,0.6855541561938667
0.0,AFW_diminishing,diminishing,210.0,0.005053997039794922,19.41977184372418,14.823715334749636,1.0,0.6473257281241394
0.0,AFW_diminishing,diminishing,211.0,0.00507807731628418,20.566624685816002,12.530009650565985,1.0,0.6855541561938667
0.0,AFW_diminishing,diminishing,212.0,0.0051021575927734375,19.41977184372418,14.823715334749636,1.0,0.6473257281241394
0.0,AFW_diminishing,diminishing,213.0,0.005124092102050781,20.566624685816002,12.530009650565985,1.0,0.6855541561938667
0.0,AFW_diminishing,diminishing,214.0,0.005147218704223633,19.41977184372418,14.823715334749636,1.0,0.6473257281241394
0.0,AFW_diminishing,diminishing,215.0,0.005170106887817383,20.566624685816002,12.530009650565985,1.0,0.6855541561938667
0.0,AFW_diminishing,diminishing,216.0,0.005195140838623047,19.41977184372418,14.823715334749636,1.0,0.6473257281241394
0.0,AFW_diminishing,diminishing,217.0,0.005218029022216797,20.566624685816002,12.530009650565985,1.0,0.6855541561938667
0.0,AFW_diminishing,diminishing,218.0,0.005240201950073242,19.41977184372418,14.823715334749636,1.0,0.6473257281241394
0.0,AFW_diminishing,diminishing,219.0,0.005263090133666992,20.566624685816002,12.530009650565985,1.0,0.6855541561938667
0.0,AFW_diminishing,diminishing,220.0,0.005286216735839844,19.41977184372418,14.823715334749636,1.0,0.6473257281241394
0.0,AFW_diminishing,diminishing,221.0,0.005311012268066406,20.566624685816002,12.530009650565985,1.0,0.6855541561938667
0.0,AFW_diminishing,diminishing,222.0,0.005334138870239258,19.41977184372418,14.823715334749636,1.0,0.6473257281241394
0.0,AFW_diminishing,diminishing,223.0,0.005357027053833008,20.566624685816002,12.530009650565985,1.0,0.6855541561938667
0.0,AFW_diminishing,diminishing,224.0,0.005380153656005859,19.41977184372418,14.823715334749636,1.0,0.6473257281241394
0.0,AFW_diminishing,diminishing,225.0,0.005403280258178711,20.566624685816002,12.530009650565985,1.0,0.6855541561938667
0.0,AFW_diminishing,diminishing,226.0,0.0054280757904052734,19.41977184372418,14.823715334749636,1.0,0.6473257281241394
0.0,AFW_diminishing,diminishing,227.0,0.0054509639739990234,20.566624685816002,12.530009650565985,1.0,0.6855541561938667
0.0,AFW_diminishing,diminishing,228.0,0.005474090576171875,19.41977184372418,14.823715334749636,1.0,0.6473257281241394
0.0,AFW_diminishing,diminishing,229.0,0.0054972171783447266,20.566624685816002,12.530009650565985,1.0,0.6855541561938667
0.0,AFW_diminishing,diminishing,230.0,0.0055201053619384766,19.41977184372418,14.823715334749636,1.0,0.6473257281241394
0.0,AFW_diminishing,diminishing,231.0,0.005544900894165039,20.566624685816002,12.530009650565985,1.0,0.6855541561938667
0.0,AFW_diminishing,diminishing,232.0,0.005568981170654297,19.41977184372418,14.823715334749636,1.0,0.6473257281241394
0.0,AFW_diminishing,diminishing,233.0,0.0055921077728271484,20.566624685816002,12.530009650565985,1.0,0.6855541561938667
0.0,AFW_diminishing,diminishing,234.0,0.00561833381652832,19.41977184372418,14.823715334749636,1.0,0.6473257281241394
0.0,AFW_diminishing,diminishing,235.0,0.005641937255859375,20.566624685816002,12.530009650565985,1.0,0.6855541561938667
0.0,AFW_diminishing,diminishing,236.0,0.005667209625244141,19.41977184372418,14.823715334749636,1.0,0.6473257281241394
0.0,AFW_diminishing,diminishing,237.0,0.005690097808837891,20.566624685816002,12.530009650565985,1.0,0.6855541561938667
0.0,AFW_diminishing,diminishing,238.0,0.005714893341064453,19.41977184372418,14.823715334749636,1.0,0.6473257281241394
0.0,AFW_diminishing,diminishing,239.0,0.005738019943237305,20.566624685816002,12.530009650565985,1.0,0.6855541561938667
0.0,AFW_diminishing,diminishing,240.0,0.005761146545410156,19.41977184372418,14.823715334749636,1.0,0.6473257281241394
0.0,AFW_diminishing,diminishing,241.0,0.005785226821899414,20.566624685816002,12.530009650565985,1.0,0.6855541561938667
0.0,AFW_diminishing,diminishing,242.0,0.005808115005493164,19.41977184372418,14.823715334749636,1.0,0.6473257281241394
0.0,AFW_diminishing,diminishing,243.0,0.005832195281982422,20.566624685816002,12.530009650565985,1.0,0.6855541561938667
0.0,AFW_diminishing,diminishing,244.0,0.005856037139892578,19.41977184372418,14.823715334749636,1.0,0.6473257281241394
0.0,AFW_diminishing,diminishing,245.0,0.005877971649169922,20.566624685816002,12.530009650565985,1.0,0.6855541561938667
0.0,AFW_diminishing,diminishing,246.0,0.00590205192565918,19.41977184372418,14.823715334749636,1.0,0.6473257281241394
0.0,AFW_diminishing,diminishing,247.0,0.0059261322021484375,20.566624685816002,12.530009650565985,1.0,0.6855541561938667
0.0,AFW_diminishing,diminishing,248.0,0.005949974060058594,19.41977184372418,14.823715334749636,1.0,0.6473257281241394
0.0,AFW_diminishing,diminishing,249.0,0.0059740543365478516,20.566624685816002,12.530009650565985,1.0,0.6855541561938667
0.0,AFW_diminishing,diminishing,250.0,0.005995988845825195,19.41977184372418,14.823715334749636,1.0,0.6473257281241394
0.0,AFW_diminishing,diminishing,251.0,0.006020069122314453,20.566624685816002,12.530009650565985,1.0,0.6855541561938667
0.0,AFW_diminishing,diminishing,252.0,0.006043195724487305,19.41977184372418,14.823715334749636,1.0,0.6473257281241394
0.0,AFW_diminishing,diminishing,253.0,0.006067037582397461,20.566624685816002,12.530009650565985,1.0,0.6855541561938667
0.0,AFW_diminishing,diminishing,254.0,0.006091117858886719,19.41977184372418,14.823715334749636,1.0,0.6473257281241394
0.0,AFW_diminishing,diminishing,255.0,0.0061130523681640625,20.566624685816002,12.530009650565985,1.0,0.6855541561938667
0.0,AFW_diminishing,diminishing,256.0,0.00613713264465332,19.41977184372418,14.823715334749636,1.0,0.6473257281241394
0.0,AFW_diminishing,diminishing,257.0,0.006160259246826172,20.566624685816002,12.530009650565985,1.0,0.6855541561938667
0.0,AFW_diminishing,diminishing,258.0,0.006185054779052734,19.41977184372418,14.823715334749636,1.0,0.6473257281241394
0.0,AFW_diminishing,diminishing,259.0,0.006207942962646484,20.566624685816002,12.530009650565985,1.0,0.6855541561938667
0.0,AFW_diminishing,diminishing,260.0,0.006231069564819336,19.41977184372418,14.823715334749636,1.0,0.6473257281241394
0.0,AFW_diminishing,diminishing,261.0,0.006255149841308594,20.566624685816002,12.530009650565985,1.0,0.6855541561938667
0.0,AFW_diminishing,diminishing,262.0,0.0062770843505859375,19.41977184372418,14.823715334749636,1.0,0.6473257281241394
0.0,AFW_diminishing,diminishing,263.0,0.006301164627075195,20.566624685816002,12.530009650565985,1.0,0.6855541561938667
0.0,AFW_diminishing,diminishing,264.0,0.006324052810668945,19.41977184372418,14.823715334749636,1.0,0.6473257281241394
0.0,AFW_diminishing,diminishing,265.0,0.006383180618286133,20.566624685816002,12.530009650565985,1.0,0.6855541561938667
0.0,AFW_diminishing,diminishing,266.0,0.006443977355957031,19.41977184372418,14.823715334749636,1.0,0.6473257281241394
0.0,AFW_diminishing,diminishing,267.0,0.006491184234619141,20.566624685816002,12.530009650565985,1.0,0.6855541561938667
0.0,AFW_diminishing,diminishing,268.0,0.00652313232421875,19.41977184372418,14.823715334749636,1.0,0.6473257281241394
0.0,AFW_diminishing,diminishing,269.0,0.0065500736236572266,20.566624685816002,12.530009650565985,1.0,0.6855541561938667
0.0,AFW_diminishing,diminishing,270.0,0.006576061248779297,19.41977184372418,14.823715334749636,1.0,0.6473257281241394
0.0,AFW_diminishing,diminishing,271.0,0.006601095199584961,20.566624685816002,12.530009650565985,1.0,0.6855541561938667
0.0,AFW_diminishing,diminishing,272.0,0.006626129150390625,19.41977184372418,14.823715334749636,1.0,0.6473257281241394
0.0,AFW_diminishing,diminishing,273.0,0.006650209426879883,20.566624685816002,12.530009650565985,1.0,0.6855541561938667
0.0,AFW_diminishing,diminishing,274.0,0.006675004959106445,19.41977184372418,14.823715334749636,1.0,0.6473257281241394
0.0,AFW_diminishing,diminishing,275.0,0.006699085235595703,20.566624685816002,12.530009650565985,1.0,0.6855541561938667
0.0,AFW_diminishing,diminishing,276.0,0.006751060485839844,19.41977184372418,14.823715334749636,1.0,0.6473257281241394
0.0,AFW_diminishing,diminishing,277.0,0.006918191909790039,20.566624685816002,12.530009650565985,1.0,0.6855541561938667
0.0,AFW_diminishing,diminishing,278.0,0.006948232650756836,19.41977184372418,14.823715334749636,1.0,0.6473257281241394
0.0,AFW_diminishing,diminishing,279.0,0.006994962692260742,20.566624685816002,12.530009650565985,1.0,0.6855541561938667
0.0,AFW_diminishing,diminishing,280.0,0.00702214241027832,19.41977184372418,14.823715334749636,1.0,0.6473257281241394
0.0,AFW_diminishing,diminishing,281.0,0.007047176361083984,20.566624685816002,12.530009650565985,1.0,0.6855541561938667
0.0,AFW_diminishing,diminishing,282.0,0.007071971893310547,19.41977184372418,14.823715334749636,1.0,0.6473257281241394
0.0,AFW_diminishing,diminishing,283.0,0.007096052169799805,20.566624685816002,12.530009650565985,1.0,0.6855541561938667
0.0,AFW_diminishing,diminishing,284.0,0.0071201324462890625,19.41977184372418,14.823715334749636,1.0,0.6473257281241394
0.0,AFW_diminishing,diminishing,285.0,0.007143974304199219,20.566624685816002,12.530009650565985,1.0,0.6855541561938667
0.0,AFW_diminishing,diminishing,286.0,0.0071659088134765625,19.41977184372418,14.823715334749636,1.0,0.6473257281241394
0.0,AFW_diminishing,diminishing,287.0,0.007191181182861328,20.566624685816002,12.530009650565985,1.0,0.6855541561938667
0.0,AFW_diminishing,diminishing,288.0,0.007213115692138672,19.41977184372418,14.823715334749636,1.0,0.6473257281241394
0.0,AFW_diminishing,diminishing,289.0,0.007247209548950195,20.566624685816002,12.530009650565985,1.0,0.6855541561938667
0.0,AFW_diminishing,diminishing,290.0,0.007270097732543945,19.41977184372418,14.823715334749636,1.0,0.6473257281241394
0.0,AFW_diminishing,diminishing,291.0,0.007293224334716797,20.566624685816002,12.530009650565985,1.0,0.6855541561938667
0.0,AFW_diminishing,diminishing,292.0,0.007317066192626953,19.41977184372418,14.823715334749636,1.0,0.6473257281241394
0.0,AFW_diminishing,diminishing,293.0,0.007340192794799805,20.566624685816002,12.530009650565985,1.0,0.6855541561938667
0.0,AFW_diminishing,diminishing,294.0,0.0073621273040771484,19.41977184372418,14.823715334749636,1.0,0.6473257281241394
0.0,AFW_diminishing,diminishing,295.0,0.007384061813354492,20.566624685816002,12.530009650565985,1.0,0.6855541561938667
0.0,AFW_diminishing,diminishing,296.0,0.007407188415527344,19.41977184372418,14.823715334749636,1.0,0.6473257281241394
0.0,AFW_diminishing,diminishing,297.0,0.007430076599121094,20.566624685816002,12.530009650565985,1.0,0.6855541561938667
0.0,AFW_diminishing,diminishing,298.0,0.007453203201293945,19.41977184372418,14.823715334749636,1.0,0.6473257281241394
0.0,AFW_diminishing,diminishing,299.0,0.0074748992919921875,20.566624685816002,12.530009650565985,1.0,0.6855541561938667
0.0,AFW_diminishing,diminishing,300.0,0.007497072219848633,19.41977184372418,14.823715334749636,1.0,0.6473257281241394
0.0,AFW_diminishing,diminishing,301.0,0.007519960403442383,20.566624685816002,12.530009650565985,1.0,0.6855541561938667
0.0,AFW_diminishing,diminishing,302.0,0.007543087005615234,19.41977184372418,14.823715334749636,1.0,0.6473257281241394
0.0,AFW_diminishing,diminishing,303.0,0.007565021514892578,20.566624685816002,12.530009650565985,1.0,0.6855541561938667
0.0,AFW_diminishing,diminishing,304.0,0.0075871944427490234,19.41977184372418,14.823715334749636,1.0,0.6473257281241394
0.0,AFW_diminishing,diminishing,305.0,0.007609128952026367,20.566624685816002,12.530009650565985,1.0,0.6855541561938667
0.0,AFW_diminishing,diminishing,306.0,0.007632255554199219,19.41977184372418,14.823715334749636,1.0,0.6473257281241394
0.0,AFW_diminishing,diminishing,307.0,0.007656097412109375,20.566624685816002,12.530009650565985,1.0,0.6855541561938667
0.0,AFW_diminishing,diminishing,308.0,0.007678031921386719,19.41977184372418,14.823715334749636,1.0,0.6473257281241394
0.0,AFW_diminishing,diminishing,309.0,0.007704019546508789,20.566624685816002,12.530009650565985,1.0,0.6855541561938667
0.0,AFW_diminishing,diminishing,310.0,0.0077402591705322266,19.41977184372418,14.823715334749636,1.0,0.6473257281241394
0.0,AFW_diminishing,diminishing,311.0,0.007767200469970703,20.566624685816002,12.530009650565985,1.0,0.6855541561938667
0.0,AFW_diminishing,diminishing,312.0,0.007795095443725586,19.41977184372418,14.823715334749636,1.0,0.6473257281241394
0.0,AFW_diminishing,diminishing,313.0,0.007818937301635742,20.566624685816002,12.530009650565985,1.0,0.6855541561938667
0.0,AFW_diminishing,diminishing,314.0,0.007844209671020508,19.41977184372418,14.823715334749636,1.0,0.6473257281241394
0.0,AFW_diminishing,diminishing,315.0,0.007867097854614258,20.566624685816002,12.530009650565985,1.0,0.6855541561938667
0.0,AFW_diminishing,diminishing,316.0,0.00789022445678711,19.41977184372418,14.823715334749636,1.0,0.6473257281241394
0.0,AFW_diminishing,diminishing,317.0,0.007914066314697266,20.566624685816002,12.530009650565985,1.0,0.6855541561938667
0.0,AFW_diminishing,diminishing,318.0,0.007936954498291016,19.41977184372418,14.823715334749636,1.0,0.6473257281241394
0.0,AFW_diminishing,diminishing,319.0,0.007962226867675781,20.566624685816002,12.530009650565985,1.0,0.6855541561938667
0.0,AFW_diminishing,diminishing,320.0,0.007986307144165039,19.41977184372418,14.823715334749636,1.0,0.6473257281241394
0.0,AFW_diminishing,diminishing,321.0,0.008008241653442383,20.566624685816002,12.530009650565985,1.0,0.6855541561938667
0.0,AFW_diminishing,diminishing,322.0,0.008033037185668945,19.41977184372418,14.823715334749636,1.0,0.6473257281241394
0.0,AFW_diminishing,diminishing,323.0,0.00805807113647461,20.566624685816002,12.530009650565985,1.0,0.6855541561938667
0.0,AFW_diminishing,diminishing,324.0,0.008082151412963867,19.41977184372418,14.823715334749636,1.0,0.6473257281241394
0.0,AFW_diminishing,diminishing,325.0,0.008104085922241211,20.566624685816002,12.530009650565985,1.0,0.6855541561938667
0.0,AFW_diminishing,diminishing,326.0,0.008126974105834961,19.41977184372418,14.823715334749636,1.0,0.6473257281241394
0.0,AFW_diminishing,diminishing,327.0,0.008150100708007812,20.566624685816002,12.530009650565985,1.0,0.6855541561938667
0.0,AFW_diminishing,diminishing,328.0,0.00817418098449707,19.41977184372418,14.823715334749636,1.0,0.6473257281241394
0.0,AFW_diminishing,diminishing,329.0,0.008199214935302734,20.566624685816002,12.530009650565985,1.0,0.6855541561938667
0.0,AFW_diminishing,diminishing,330.0,0.008222103118896484,19.41977184372418,14.823715334749636,1.0,0.6473257281241394
0.0,AFW_diminishing,diminishing,331.0,0.008244037628173828,20.566624685816002,12.530009650565985,1.0,0.6855541561938667
0.0,AFW_diminishing,diminishing,332.0,0.008268117904663086,19.41977184372418,14.823715334749636,1.0,0.6473257281241394
0.0,AFW_diminishing,diminishing,333.0,0.008291006088256836,20.566624685816002,12.530009650565985,1.0,0.6855541561938667
0.0,AFW_diminishing,diminishing,334.0,0.008316278457641602,19.41977184372418,14.823715334749636,1.0,0.6473257281241394
0.0,AFW_diminishing,diminishing,335.0,0.008340120315551758,20.566624685816002,12.530009650565985,1.0,0.6855541561938667
0.0,AFW_diminishing,diminishing,336.0,0.008362054824829102,19.41977184372418,14.823715334749636,1.0,0.6473257281241394
0.0,AFW_diminishing,diminishing,337.0,0.00838613510131836,20.566624685816002,12.530009650565985,1.0,0.6855541561938667
0.0,AFW_diminishing,diminishing,338.0,0.00840902328491211,19.41977184372418,14.823715334749636,1.0,0.6473257281241394
0.0,AFW_diminishing,diminishing,339.0,0.008434295654296875,20.566624685816002,12.530009650565985,1.0,0.6855541561938667
0.0,AFW_diminishing,diminishing,340.0,0.008456945419311523,19.41977184372418,14.823715334749636,1.0,0.6473257281241394
0.0,AFW_diminishing,diminishing,341.0,0.008480072021484375,20.566624685816002,12.530009650565985,1.0,0.6855541561938667
0.0,AFW_diminishing,diminishing,342.0,0.008504152297973633,19.41977184372418,14.823715334749636,1.0,0.6473257281241394
0.0,AFW_diminishing,diminishing,343.0,0.00852823257446289,20.566624685816002,12.530009650565985,1.0,0.6855541561938667
0.0,AFW_diminishing,diminishing,344.0,0.008553028106689453,19.41977184372418,14.823715334749636,1.0,0.6473257281241394
0.0,AFW_diminishing,diminishing,345.0,0.008576154708862305,20.566624685816002,12.530009650565985,1.0,0.6855541561938667
0.0,AFW_diminishing,diminishing,346.0,0.008599042892456055,19.41977184372418,14.823715334749636,1.0,0.6473257281241394
0.0,AFW_diminishing,diminishing,347.0,0.008622169494628906,20.566624685816002,12.530009650565985,1.0,0.6855541561938667
0.0,AFW_diminishing,diminishing,348.0,0.008646249771118164,19.41977184372418,14.823715334749636,1.0,0.6473257281241394
0.0,AFW_diminishing,diminishing,349.0,0.008671045303344727,20.566624685816002,12.530009650565985,1.0,0.6855541561938667
0.0,AFW_diminishing,diminishing,350.0,0.008694171905517578,19.41977184372418,14.823715334749636,1.0,0.6473257281241394
0.0,AFW_diminishing,diminishing,351.0,0.008716106414794922,20.566624685816002,12.530009650565985,1.0,0.6855541561938667
0.0,AFW_diminishing,diminishing,352.0,0.00874018669128418,19.41977184372418,14.823715334749636,1.0,0.6473257281241394
0.0,AFW_diminishing,diminishing,353.0,0.008764266967773438,20.566624685816002,12.530009650565985,1.0,0.6855541561938667
0.0,AFW_diminishing,diminishing,354.0,0.0087890625,19.41977184372418,14.823715334749636,1.0,0.6473257281241394
0.0,AFW_diminishing,diminishing,355.0,0.008812189102172852,20.566624685816002,12.530009650565985,1.0,0.6855541561938667
0.0,AFW_diminishing,diminishing,356.0,0.008834123611450195,19.41977184372418,14.823715334749636,1.0,0.6473257281241394
0.0,AFW_diminishing,diminishing,357.0,0.008858203887939453,20.566624685816002,12.530009650565985,1.0,0.6855541561938667
0.0,AFW_diminishing,diminishing,358.0,0.008881092071533203,19.41977184372418,14.823715334749636,1.0,0.6473257281241394
0.0,AFW_diminishing,diminishing,359.0,0.008906126022338867,20.566624685816002,12.530009650565985,1.0,0.6855541561938667
0.0,AFW_diminishing,diminishing,360.0,0.008929014205932617,19.41977184372418,14.823715334749636,1.0,0.6473257281241394
0.0,AFW_diminishing,diminishing,361.0,0.008952140808105469,20.566624685816002,12.530009650565985,1.0,0.6855541561938667
0.0,AFW_diminishing,diminishing,362.0,0.00897526741027832,19.41977184372418,14.823715334749636,1.0,0.6473257281241394
0.0,AFW_diminishing,diminishing,363.0,0.00899815559387207,20.566624685816002,12.530009650565985,1.0,0.6855541561938667
0.0,AFW_diminishing,diminishing,364.0,0.009022951126098633,19.41977184372418,14.823715334749636,1.0,0.6473257281241394
0.0,AFW_diminishing,diminishing,365.0,0.00904703140258789,20.566624685816002,12.530009650565985,1.0,0.6855541561938667
0.0,AFW_diminishing,diminishing,366.0,0.009071111679077148,19.41977184372418,14.823715334749636,1.0,0.6473257281241394
0.0,AFW_diminishing,diminishing,367.0,0.00909423828125,20.566624685816002,12.530009650565985,1.0,0.6855541561938667
0.0,AFW_diminishing,diminishing,368.0,0.009118080139160156,19.41977184372418,14.823715334749636,1.0,0.6473257281241394
0.0,AFW_diminishing,diminishing,369.0,0.009142160415649414,20.566624685816002,12.530009650565985,1.0,0.6855541561938667
0.0,AFW_diminishing,diminishing,370.0,0.009166240692138672,19.41977184372418,14.823715334749636,1.0,0.6473257281241394
0.0,AFW_diminishing,diminishing,371.0,0.009188175201416016,20.566624685816002,12.530009650565985,1.0,0.6855541561938667
0.0,AFW_diminishing,diminishing,372.0,0.009212255477905273,19.41977184372418,14.823715334749636,1.0,0.6473257281241394
0.0,AFW_diminishing,diminishing,373.0,0.009234905242919922,20.566624685816002,12.530009650565985,1.0,0.6855541561938667
0.0,AFW_diminishing,diminishing,374.0,0.009260177612304688,19.41977184372418,14.823715334749636,1.0,0.6473257281241394
0.0,AFW_diminishing,diminishing,375.0,0.009283065795898438,20.566624685816002,12.530009650565985,1.0,0.6855541561938667
0.0,AFW_diminishing,diminishing,376.0,0.009306192398071289,19.41977184372418,14.823715334749636,1.0,0.6473257281241394
0.0,AFW_diminishing,diminishing,377.0,0.009330272674560547,20.566624685816002,12.530009650565985,1.0,0.6855541561938667
0.0,AFW_diminishing,diminishing,378.0,0.009352922439575195,19.41977184372418,14.823715334749636,1.0,0.6473257281241394
0.0,AFW_diminishing,diminishing,379.0,0.009378194808959961,20.566624685816002,12.530009650565985,1.0,0.6855541561938667
0.0,AFW_diminishing,diminishing,380.0,0.009401082992553711,19.41977184372418,14.823715334749636,1.0,0.6473257281241394
0.0,AFW_diminishing,diminishing,381.0,0.009424209594726562,20.566624685816002,12.530009650565985,1.0,0.6855541561938667
0.0,AFW_diminishing,diminishing,382.0,0.009447097778320312,19.41977184372418,14.823715334749636,1.0,0.6473257281241394
0.0,AFW_diminishing,diminishing,383.0,0.009469985961914062,20.566624685816002,12.530009650565985,1.0,0.6855541561938667
0.0,AFW_diminishing,diminishing,384.0,0.009495019912719727,19.41977184372418,14.823715334749636,1.0,0.6473257281241394
0.0,AFW_diminishing,diminishing,385.0,0.009518146514892578,20.566624685816002,12.530009650565985,1.0,0.6855541561938667
0.0,AFW_diminishing,diminishing,386.0,0.00954127311706543,19.41977184372418,14.823715334749636,1.0,0.6473257281241394
0.0,AFW_diminishing,diminishing,387.0,0.00956416130065918,20.566624685816002,12.530009650565985,1.0,0.6855541561938667
0.0,AFW_diminishing,diminishing,388.0,0.00958704948425293,19.41977184372418,14.823715334749636,1.0,0.6473257281241394
0.0,AFW_diminishing,diminishing,389.0,0.009612083435058594,20.566624685816002,12.530009650565985,1.0,0.6855541561938667
0.0,AFW_diminishing,diminishing,390.0,0.009635210037231445,19.41977184372418,14.823715334749636,1.0,0.6473257281241394
0.0,AFW_diminishing,diminishing,391.0,0.009658098220825195,20.566624685816002,12.530009650565985,1.0,0.6855541561938667
0.0,AFW_diminishing,diminishing,392.0,0.009681224822998047,19.41977184372418,14.823715334749636,1.0,0.6473257281241394
0.0,AFW_diminishing,diminishing,393.0,0.009705066680908203,20.566624685816002,12.530009650565985,1.0,0.6855541561938667
0.0,AFW_diminishing,diminishing,394.0,0.009729146957397461,19.41977184372418,14.823715334749636,1.0,0.6473257281241394
0.0,AFW_diminishing,diminishing,395.0,0.009753227233886719,20.566624685816002,12.530009650565985,1.0,0.6855541561938667
0.0,AFW_diminishing,diminishing,396.0,0.009776115417480469,19.41977184372418,14.823715334749636,1.0,0.6473257281241394
0.0,AFW_diminishing,diminishing,397.0,0.00979924201965332,20.566624685816002,12.530009650565985,1.0,0.6855541561938667
0.0,AFW_diminishing,diminishing,398.0,0.009821891784667969,19.41977184372418,14.823715334749636,1.0,0.6473257281241394
0.0,AFW_diminishing,diminishing,399.0,0.009847164154052734,20.566624685816002,12.530009650565985,1.0,0.6855541561938667
0.0,AFW_diminishing,diminishing,400.0,0.009871244430541992,19.41977184372418,14.823715334749636,1.0,0.6473257281241394
0.0,AFW_diminishing,diminishing,401.0,0.009893178939819336,20.566624685816002,12.530009650565985,1.0,0.6855541561938667
0.0,AFW_diminishing,diminishing,402.0,0.009917259216308594,19.41977184372418,14.823715334749636,1.0,0.6473257281241394
0.0,AFW_diminishing,diminishing,403.0,0.009939908981323242,20.566624685816002,12.530009650565985,1.0,0.6855541561938667
0.0,AFW_diminishing,diminishing,404.0,0.009965181350708008,19.41977184372418,14.823715334749636,1.0,0.6473257281241394
0.0,AFW_diminishing,diminishing,405.0,0.009988069534301758,20.566624685816002,12.530009650565985,1.0,0.6855541561938667
0.0,AFW_diminishing,diminishing,406.0,0.010010242462158203,19.41977184372418,14.823715334749636,1.0,0.6473257281241394
0.0,AFW_diminishing,diminishing,407.0,0.010034322738647461,20.566624685816002,12.530009650565985,1.0,0.6855541561938667
0.0,AFW_diminishing,diminishing,408.0,0.01005697250366211,19.41977184372418,14.823715334749636,1.0,0.6473257281241394
0.0,AFW_diminishing,diminishing,409.0,0.010081052780151367,20.566624685816002,12.530009650565985,1.0,0.6855541561938667
0.0,AFW_diminishing,diminishing,410.0,0.010104179382324219,19.41977184372418,14.823715334749636,1.0,0.6473257281241394
0.0,AFW_diminishing,diminishing,411.0,0.010127067565917969,20.566624685816002,12.530009650565985,1.0,0.6855541561938667
0.0,AFW_diminishing,diminishing,412.0,0.01015019416809082,19.41977184372418,14.823715334749636,1.0,0.6473257281241394
0.0,AFW_diminishing,diminishing,413.0,0.010173320770263672,20.566624685816002,12.530009650565985,1.0,0.6855541561938667
0.0,AFW_diminishing,diminishing,414.0,0.010198116302490234,19.41977184372418,14.823715334749636,1.0,0.6473257281241394
0.0,AFW_diminishing,diminishing,415.0,0.010221004486083984,20.566624685816002,12.530009650565985,1.0,0.6855541561938667
0.0,AFW_diminishing,diminishing,416.0,0.01024317741394043,19.41977184372418,14.823715334749636,1.0,0.6473257281241394
0.0,AFW_diminishing,diminishing,417.0,0.010267257690429688,20.566624685816002,12.530009650565985,1.0,0.6855541561938667
0.0,AFW_diminishing,diminishing,418.0,0.010290145874023438,19.41977184372418,14.823715334749636,1.0,0.6473257281241394
0.0,AFW_diminishing,diminishing,419.0,0.010313987731933594,20.566624685816002,12.530009650565985,1.0,0.6855541561938667
0.0,AFW_diminishing,diminishing,420.0,0.010338068008422852,19.41977184372418,14.823715334749636,1.0,0.6473257281241394
0.0,AFW_diminishing,diminishing,421.0,0.010360002517700195,20.566624685816002,12.530009650565985,1.0,0.6855541561938667
0.0,AFW_diminishing,diminishing,422.0,0.010383129119873047,19.41977184372418,14.823715334749636,1.0,0.6473257281241394
0.0,AFW_diminishing,diminishing,423.0,0.010406255722045898,20.566624685816002,12.530009650565985,1.0,0.6855541561938667
0.0,AFW_diminishing,diminishing,424.0,0.010431051254272461,19.41977184372418,14.823715334749636,1.0,0.6473257281241394
0.0,AFW_diminishing,diminishing,425.0,0.010454177856445312,20.566624685816002,12.530009650565985,1.0,0.6855541561938667
0.0,AFW_diminishing,diminishing,426.0,0.010477066040039062,19.41977184372418,14.823715334749636,1.0,0.6473257281241394
0.0,AFW_diminishing,diminishing,427.0,0.010500192642211914,20.566624685816002,12.530009650565985,1.0,0.6855541561938667
0.0,AFW_diminishing,diminishing,428.0,0.010523080825805664,19.41977184372418,14.823715334749636,1.0,0.6473257281241394
0.0,AFW_diminishing,diminishing,429.0,0.010548114776611328,20.566624685816002,12.530009650565985,1.0,0.6855541561938667
0.0,AFW_diminishing,diminishing,430.0,0.010571002960205078,19.41977184372418,14.823715334749636,1.0,0.6473257281241394
0.0,AFW_diminishing,diminishing,431.0,0.01059412956237793,20.566624685816002,12.530009650565985,1.0,0.6855541561938667
0.0,AFW_diminishing,diminishing,432.0,0.01061701774597168,19.41977184372418,14.823715334749636,1.0,0.6473257281241394
0.0,AFW_diminishing,diminishing,433.0,0.010640144348144531,20.566624685816002,12.530009650565985,1.0,0.6855541561938667
0.0,AFW_diminishing,diminishing,434.0,0.010664939880371094,19.41977184372418,14.823715334749636,1.0,0.6473257281241394
0.0,AFW_diminishing,diminishing,435.0,0.010688066482543945,20.566624685816002,12.530009650565985,1.0,0.6855541561938667
0.0,AFW_diminishing,diminishing,436.0,0.010711193084716797,19.41977184372418,14.823715334749636,1.0,0.6473257281241394
0.0,AFW_diminishing,diminishing,437.0,0.010734081268310547,20.566624685816002,12.530009650565985,1.0,0.6855541561938667
0.0,AFW_diminishing,diminishing,438.0,0.010757207870483398,19.41977184372418,14.823715334749636,1.0,0.6473257281241394
0.0,AFW_diminishing,diminishing,439.0,0.010782003402709961,20.566624685816002,12.530009650565985,1.0,0.6855541561938667
0.0,AFW_diminishing,diminishing,440.0,0.010805130004882812,19.41977184372418,14.823715334749636,1.0,0.6473257281241394
0.0,AFW_diminishing,diminishing,441.0,0.010828018188476562,20.566624685816002,12.530009650565985,1.0,0.6855541561938667
0.0,AFW_diminishing,diminishing,442.0,0.010851144790649414,19.41977184372418,14.823715334749636,1.0,0.6473257281241394
0.0,AFW_diminishing,diminishing,443.0,0.010874271392822266,20.566624685816002,12.530009650565985,1.0,0.6855541561938667
0.0,AFW_diminishing,diminishing,444.0,0.010899066925048828,19.41977184372418,14.823715334749636,1.0,0.6473257281241394
0.0,AFW_diminishing,diminishing,445.0,0.010921955108642578,20.566624685816002,12.530009650565985,1.0,0.6855541561938667
0.0,AFW_diminishing,diminishing,446.0,0.010944128036499023,19.41977184372418,14.823715334749636,1.0,0.6473257281241394
0.0,AFW_diminishing,diminishing,447.0,0.010968208312988281,20.566624685816002,12.530009650565985,1.0,0.6855541561938667
0.0,AFW_diminishing,diminishing,448.0,0.010991096496582031,19.41977184372418,14.823715334749636,1.0,0.6473257281241394
0.0,AFW_diminishing,diminishing,449.0,0.011016130447387695,20.566624685816002,12.530009650565985,1.0,0.6855541561938667
0.0,AFW_diminishing,diminishing,450.0,0.011039972305297852,19.41977184372418,14.823715334749636,1.0,0.6473257281241394
0.0,AFW_diminishing,diminishing,451.0,0.011063098907470703,20.566624685816002,12.530009650565985,1.0,0.6855541561938667
0.0,AFW_diminishing,diminishing,452.0,0.011086225509643555,19.41977184372418,14.823715334749636,1.0,0.6473257281241394
0.0,AFW_diminishing,diminishing,453.0,0.011109113693237305,20.566624685816002,12.530009650565985,1.0,0.6855541561938667
0.0,AFW_diminishing,diminishing,454.0,0.011133909225463867,19.41977184372418,14.823715334749636,1.0,0.6473257281241394
0.0,AFW_diminishing,diminishing,455.0,0.011157035827636719,20.566624685816002,12.530009650565985,1.0,0.6855541561938667
0.0,AFW_diminishing,diminishing,456.0,0.01118016242980957,19.41977184372418,14.823715334749636,1.0,0.6473257281241394
0.0,AFW_diminishing,diminishing,457.0,0.011204242706298828,20.566624685816002,12.530009650565985,1.0,0.6855541561938667
0.0,AFW_diminishing,diminishing,458.0,0.011227130889892578,19.41977184372418,14.823715334749636,1.0,0.6473257281241394
0.0,AFW_diminishing,diminishing,459.0,0.01125192642211914,20.566624685816002,12.530009650565985,1.0,0.6855541561938667
0.0,AFW_diminishing,diminishing,460.0,0.011275053024291992,19.41977184372418,14.823715334749636,1.0,0.6473257281241394
0.0,AFW_diminishing,diminishing,461.0,0.011298179626464844,20.566624685816002,12.530009650565985,1.0,0.6855541561938667
0.0,AFW_diminishing,diminishing,462.0,0.011321067810058594,19.41977184372418,14.823715334749636,1.0,0.6473257281241394
0.0,AFW_diminishing,diminishing,463.0,0.011344194412231445,20.566624685816002,12.530009650565985,1.0,0.6855541561938667
0.0,AFW_diminishing,diminishing,464.0,0.011368989944458008,19.41977184372418,14.823715334749636,1.0,0.6473257281241394
0.0,AFW_diminishing,diminishing,465.0,0.01139211654663086,20.566624685816002,12.530009650565985,1.0,0.6855541561938667
0.0,AFW_diminishing,diminishing,466.0,0.011414051055908203,19.41977184372418,14.823715334749636,1.0,0.6473257281241394
0.0,AFW_diminishing,diminishing,467.0,0.011438131332397461,20.566624685816002,12.530009650565985,1.0,0.6855541561938667
0.0,AFW_diminishing,diminishing,468.0,0.011461257934570312,19.41977184372418,14.823715334749636,1.0,0.6473257281241394
0.0,AFW_diminishing,diminishing,469.0,0.011486053466796875,20.566624685816002,12.530009650565985,1.0,0.6855541561938667
0.0,AFW_diminishing,diminishing,470.0,0.011508941650390625,19.41977184372418,14.823715334749636,1.0,0.6473257281241394
0.0,AFW_diminishing,diminishing,471.0,0.01153111457824707,20.566624685816002,12.530009650565985,1.0,0.6855541561938667
0.0,AFW_diminishing,diminishing,472.0,0.011555194854736328,19.41977184372418,14.823715334749636,1.0,0.6473257281241394
0.0,AFW_diminishing,diminishing,473.0,0.011578083038330078,20.566624685816002,12.530009650565985,1.0,0.6855541561938667
0.0,AFW_diminishing,diminishing,474.0,0.01160287857055664,19.41977184372418,14.823715334749636,1.0,0.6473257281241394
0.0,AFW_diminishing,diminishing,475.0,0.011626005172729492,20.566624685816002,12.530009650565985,1.0,0.6855541561938667
0.0,AFW_diminishing,diminishing,476.0,0.011649131774902344,19.41977184372418,14.823715334749636,1.0,0.6473257281241394
0.0,AFW_diminishing,diminishing,477.0,0.011672019958496094,20.566624685816002,12.530009650565985,1.0,0.6855541561938667
0.0,AFW_diminishing,diminishing,478.0,0.011695146560668945,19.41977184372418,14.823715334749636,1.0,0.6473257281241394
0.0,AFW_diminishing,diminishing,479.0,0.01172018051147461,20.566624685816002,12.530009650565985,1.0,0.6855541561938667
0.0,AFW_diminishing,diminishing,480.0,0.01174306869506836,19.41977184372418,14.823715334749636,1.0,0.6473257281241394
0.0,AFW_diminishing,diminishing,481.0,0.011765003204345703,20.566624685816002,12.530009650565985,1.0,0.6855541561938667
0.0,AFW_diminishing,diminishing,482.0,0.011789083480834961,19.41977184372418,14.823715334749636,1.0,0.6473257281241394
0.0,AFW_diminishing,diminishing,483.0,0.011812210083007812,20.566624685816002,12.530009650565985,1.0,0.6855541561938667
0.0,AFW_diminishing,diminishing,484.0,0.011837244033813477,19.41977184372418,14.823715334749636,1.0,0.6473257281241394
0.0,AFW_diminishing,diminishing,485.0,0.011860132217407227,20.566624685816002,12.530009650565985,1.0,0.6855541561938667
0.0,AFW_diminishing,diminishing,486.0,0.01188206672668457,19.41977184372418,14.823715334749636,1.0,0.6473257281241394
0.0,AFW_diminishing,diminishing,487.0,0.011906147003173828,20.566624685816002,12.530009650565985,1.0,0.6855541561938667
0.0,AFW_diminishing,diminishing,488.0,0.011929035186767578,19.41977184372418,14.823715334749636,1.0,0.6473257281241394
0.0,AFW_diminishing,diminishing,489.0,0.011953115463256836,20.566624685816002,12.530009650565985,1.0,0.6855541561938667
0.0,AFW_diminishing,diminishing,490.0,0.011976957321166992,19.41977184372418,14.823715334749636,1.0,0.6473257281241394
0.0,AFW_diminishing,diminishing,491.0,0.011999130249023438,20.566624685816002,12.530009650565985,1.0,0.6855541561938667
0.0,AFW_diminishing,diminishing,492.0,0.012022972106933594,19.41977184372418,14.823715334749636,1.0,0.6473257281241394
0.0,AFW_diminishing,diminishing,493.0,0.012046098709106445,20.566624685816002,12.530009650565985,1.0,0.6855541561938667
0.0,AFW_diminishing,diminishing,494.0,0.012070178985595703,19.41977184372418,14.823715334749636,1.0,0.6473257281241394
0.0,AFW_diminishing,diminishing,495.0,0.01209402084350586,20.566624685816002,12.530009650565985,1.0,0.6855541561938667
0.0,AFW_diminishing,diminishing,496.0,0.012115955352783203,19.41977184372418,14.823715334749636,1.0,0.6473257281241394
0.0,AFW_diminishing,diminishing,497.0,0.012140035629272461,20.566624685816002,12.530009650565985,1.0,0.6855541561938667
0.0,AFW_diminishing,diminishing,498.0,0.012163162231445312,19.41977184372418,14.823715334749636,1.0,0.6473257281241394
0.0,AFW_diminishing,diminishing,499.0,0.012188196182250977,20.566624685816002,12.530009650565985,1.0,0.6855541561938667
0.0,AFW_diminishing,diminishing,500.0,0.012211084365844727,19.41977184372418,14.823715334749636,1.0,0.6473257281241394
0.0,AFW_diminishing,diminishing,501.0,0.01223301887512207,20.566624685816002,12.530009650565985,1.0,0.6855541561938667
0.0,AFW_diminishing,diminishing,502.0,0.012258052825927734,19.41977184372418,14.823715334749636,1.0,0.6473257281241394
0.0,AFW_diminishing,diminishing,503.0,0.012281179428100586,20.566624685816002,12.530009650565985,1.0,0.6855541561938667
0.0,AFW_diminishing,diminishing,504.0,0.01230621337890625,19.41977184372418,14.823715334749636,1.0,0.6473257281241394
0.0,AFW_diminishing,diminishing,505.0,0.0123291015625,20.566624685816002,12.530009650565985,1.0,0.6855541561938667
0.0,AFW_diminishing,diminishing,506.0,0.012351036071777344,19.41977184372418,14.823715334749636,1.0,0.6473257281241394
0.0,AFW_diminishing,diminishing,507.0,0.012375116348266602,20.566624685816002,12.530009650565985,1.0,0.6855541561938667
0.0,AFW_diminishing,diminishing,508.0,0.012398242950439453,19.41977184372418,14.823715334749636,1.0,0.6473257281241394
0.0,AFW_diminishing,diminishing,509.0,0.01242208480834961,20.566624685816002,12.530009650565985,1.0,0.6855541561938667
0.0,AFW_diminishing,diminishing,510.0,0.012445926666259766,19.41977184372418,14.823715334749636,1.0,0.6473257281241394
0.0,AFW_diminishing,diminishing,511.0,0.012468099594116211,20.566624685816002,12.530009650565985,1.0,0.6855541561938667
0.0,AFW_diminishing,diminishing,512.0,0.012492179870605469,19.41977184372418,14.823715334749636,1.0,0.6473257281241394
0.0,AFW_diminishing,diminishing,513.0,0.012515068054199219,20.566624685816002,12.530009650565985,1.0,0.6855541561938667
0.0,AFW_diminishing,diminishing,514.0,0.012540102005004883,19.41977184372418,14.823715334749636,1.0,0.6473257281241394
0.0,AFW_diminishing,diminishing,515.0,0.012562990188598633,20.566624685816002,12.530009650565985,1.0,0.6855541561938667
0.0,AFW_diminishing,diminishing,516.0,0.012586116790771484,19.41977184372418,14.823715334749636,1.0,0.6473257281241394
0.0,AFW_diminishing,diminishing,517.0,0.012609004974365234,20.566624685816002,12.530009650565985,1.0,0.6855541561938667
0.0,AFW_diminishing,diminishing,518.0,0.012633085250854492,19.41977184372418,14.823715334749636,1.0,0.6473257281241394
0.0,AFW_diminishing,diminishing,519.0,0.01265716552734375,20.566624685816002,12.530009650565985,1.0,0.6855541561938667
0.0,AFW_diminishing,diminishing,520.0,0.012681007385253906,19.41977184372418,14.823715334749636,1.0,0.6473257281241394
0.0,AFW_diminishing,diminishing,521.0,0.012704133987426758,20.566624685816002,12.530009650565985,1.0,0.6855541561938667
0.0,AFW_diminishing,diminishing,522.0,0.012728214263916016,19.41977184372418,14.823715334749636,1.0,0.6473257281241394
0.0,AFW_diminishing,diminishing,523.0,0.012751102447509766,20.566624685816002,12.530009650565985,1.0,0.6855541561938667
0.0,AFW_diminishing,diminishing,524.0,0.012775897979736328,19.41977184372418,14.823715334749636,1.0,0.6473257281241394
0.0,AFW_diminishing,diminishing,525.0,0.012799978256225586,20.566624685816002,12.530009650565985,1.0,0.6855541561938667
0.0,AFW_diminishing,diminishing,526.0,0.012823104858398438,19.41977184372418,14.823715334749636,1.0,0.6473257281241394
0.0,AFW_diminishing,diminishing,527.0,0.012847185134887695,20.566624685816002,12.530009650565985,1.0,0.6855541561938667
0.0,AFW_diminishing,diminishing,528.0,0.012871265411376953,19.41977184372418,14.823715334749636,1.0,0.6473257281241394
0.0,AFW_diminishing,diminishing,529.0,0.01289510726928711,20.566624685816002,12.530009650565985,1.0,0.6855541561938667
0.0,AFW_diminishing,diminishing,530.0,0.012919187545776367,19.41977184372418,14.823715334749636,1.0,0.6473257281241394
0.0,AFW_diminishing,diminishing,531.0,0.012941122055053711,20.566624685816002,12.530009650565985,1.0,0.6855541561938667
0.0,AFW_diminishing,diminishing,532.0,0.012965202331542969,19.41977184372418,14.823715334749636,1.0,0.6473257281241394
0.0,AFW_diminishing,diminishing,533.0,0.012988090515136719,20.566624685816002,12.530009650565985,1.0,0.6855541561938667
0.0,AFW_diminishing,diminishing,534.0,0.013011932373046875,19.41977184372418,14.823715334749636,1.0,0.6473257281241394
0.0,AFW_diminishing,diminishing,535.0,0.013035058975219727,20.566624685816002,12.530009650565985,1.0,0.6855541561938667
0.0,AFW_diminishing,diminishing,536.0,0.013058185577392578,19.41977184372418,14.823715334749636,1.0,0.6473257281241394
0.0,AFW_diminishing,diminishing,537.0,0.013082265853881836,20.566624685816002,12.530009650565985,1.0,0.6855541561938667
0.0,AFW_diminishing,diminishing,538.0,0.013105154037475586,19.41977184372418,14.823715334749636,1.0,0.6473257281241394
0.0,AFW_diminishing,diminishing,539.0,0.013128995895385742,20.566624685816002,12.530009650565985,1.0,0.6855541561938667
0.0,AFW_diminishing,diminishing,540.0,0.013153076171875,19.41977184372418,14.823715334749636,1.0,0.6473257281241394
0.0,AFW_diminishing,diminishing,541.0,0.013175010681152344,20.566624685816002,12.530009650565985,1.0,0.6855541561938667
0.0,AFW_diminishing,diminishing,542.0,0.013198137283325195,19.41977184372418,14.823715334749636,1.0,0.6473257281241394
0.0,AFW_diminishing,diminishing,543.0,0.013221263885498047,20.566624685816002,12.530009650565985,1.0,0.6855541561938667
0.0,AFW_diminishing,diminishing,544.0,0.01324605941772461,19.41977184372418,14.823715334749636,1.0,0.6473257281241394
0.0,AFW_diminishing,diminishing,545.0,0.01326894760131836,20.566624685816002,12.530009650565985,1.0,0.6855541561938667
0.0,AFW_diminishing,diminishing,546.0,0.013292074203491211,19.41977184372418,14.823715334749636,1.0,0.6473257281241394
0.0,AFW_diminishing,diminishing,547.0,0.013315200805664062,20.566624685816002,12.530009650565985,1.0,0.6855541561938667
0.0,AFW_diminishing,diminishing,548.0,0.013338088989257812,19.41977184372418,14.823715334749636,1.0,0.6473257281241394
0.0,AFW_diminishing,diminishing,549.0,0.013367176055908203,20.566624685816002,12.530009650565985,1.0,0.6855541561938667
0.0,AFW_diminishing,diminishing,550.0,0.013391256332397461,19.41977184372418,14.823715334749636,1.0,0.6473257281241394
0.0,AFW_diminishing,diminishing,551.0,0.013415098190307617,20.566624685816002,12.530009650565985,1.0,0.6855541561938667
0.0,AFW_diminishing,diminishing,552.0,0.013438940048217773,19.41977184372418,14.823715334749636,1.0,0.6473257281241394
0.0,AFW_diminishing,diminishing,553.0,0.013463020324707031,20.566624685816002,12.530009650565985,1.0,0.6855541561938667
0.0,AFW_diminishing,diminishing,554.0,0.013486146926879883,19.41977184372418,14.823715334749636,1.0,0.6473257281241394
0.0,AFW_diminishing,diminishing,555.0,0.013508081436157227,20.566624685816002,12.530009650565985,1.0,0.6855541561938667
0.0,AFW_diminishing,diminishing,556.0,0.013532161712646484,19.41977184372418,14.823715334749636,1.0,0.6473257281241394
0.0,AFW_diminishing,diminishing,557.0,0.013555049896240234,20.566624685816002,12.530009650565985,1.0,0.6855541561938667
0.0,AFW_diminishing,diminishing,558.0,0.013579130172729492,19.41977184372418,14.823715334749636,1.0,0.6473257281241394
0.0,AFW_diminishing,diminishing,559.0,0.013602018356323242,20.566624685816002,12.530009650565985,1.0,0.6855541561938667
0.0,AFW_diminishing,diminishing,560.0,0.013625144958496094,19.41977184372418,14.823715334749636,1.0,0.6473257281241394
0.0,AFW_diminishing,diminishing,561.0,0.013648271560668945,20.566624685816002,12.530009650565985,1.0,0.6855541561938667
0.0,AFW_diminishing,diminishing,562.0,0.013671875,19.41977184372418,14.823715334749636,1.0,0.6473257281241394
0.0,AFW_diminishing,diminishing,563.0,0.013695955276489258,20.566624685816002,12.530009650565985,1.0,0.6855541561938667
0.0,AFW_diminishing,diminishing,564.0,0.01371908187866211,19.41977184372418,14.823715334749636,1.0,0.6473257281241394
0.0,AFW_diminishing,diminishing,565.0,0.013742208480834961,20.566624685816002,12.530009650565985,1.0,0.6855541561938667
0.0,AFW_diminishing,diminishing,566.0,0.013765096664428711,19.41977184372418,14.823715334749636,1.0,0.6473257281241394
0.0,AFW_diminishing,diminishing,567.0,0.013788223266601562,20.566624685816002,12.530009650565985,1.0,0.6855541561938667
0.0,AFW_diminishing,diminishing,568.0,0.013813018798828125,19.41977184372418,14.823715334749636,1.0,0.6473257281241394
0.0,AFW_diminishing,diminishing,569.0,0.013836145401000977,20.566624685816002,12.530009650565985,1.0,0.6855541561938667
0.0,AFW_diminishing,diminishing,570.0,0.013859033584594727,19.41977184372418,14.823715334749636,1.0,0.6473257281241394
0.0,AFW_diminishing,diminishing,571.0,0.013882160186767578,20.566624685816002,12.530009650565985,1.0,0.6855541561938667
0.0,AFW_diminishing,diminishing,572.0,0.013906240463256836,19.41977184372418,14.823715334749636,1.0,0.6473257281241394
0.0,AFW_diminishing,diminishing,573.0,0.013933181762695312,20.566624685816002,12.530009650565985,1.0,0.6855541561938667
0.0,AFW_diminishing,diminishing,574.0,0.013955116271972656,19.41977184372418,14.823715334749636,1.0,0.6473257281241394
0.0,AFW_diminishing,diminishing,575.0,0.013978242874145508,20.566624685816002,12.530009650565985,1.0,0.6855541561938667
0.0,AFW_diminishing,diminishing,576.0,0.014002323150634766,19.41977184372418,14.823715334749636,1.0,0.6473257281241394
0.0,AFW_diminishing,diminishing,577.0,0.014024972915649414,20.566624685816002,12.530009650565985,1.0,0.6855541561938667
0.0,AFW_diminishing,diminishing,578.0,0.014049053192138672,19.41977184372418,14.823715334749636,1.0,0.6473257281241394
0.0,AFW_diminishing,diminishing,579.0,0.014072179794311523,20.566624685816002,12.530009650565985,1.0,0.6855541561938667
0.0,AFW_diminishing,diminishing,580.0,0.014095067977905273,19.41977184372418,14.823715334749636,1.0,0.6473257281241394
0.0,AFW_diminishing,diminishing,581.0,0.014119148254394531,20.566624685816002,12.530009650565985,1.0,0.6855541561938667
0.0,AFW_diminishing,diminishing,582.0,0.014142036437988281,19.41977184372418,14.823715334749636,1.0,0.6473257281241394
0.0,AFW_diminishing,diminishing,583.0,0.014166116714477539,20.566624685816002,12.530009650565985,1.0,0.6855541561938667
0.0,AFW_diminishing,diminishing,584.0,0.014190196990966797,19.41977184372418,14.823715334749636,1.0,0.6473257281241394
0.0,AFW_diminishing,diminishing,585.0,0.014213085174560547,20.566624685816002,12.530009650565985,1.0,0.6855541561938667
0.0,AFW_diminishing,diminishing,586.0,0.014236211776733398,19.41977184372418,14.823715334749636,1.0,0.6473257281241394
0.0,AFW_diminishing,diminishing,587.0,0.014259099960327148,20.566624685816002,12.530009650565985,1.0,0.6855541561938667
0.0,AFW_diminishing,diminishing,588.0,0.014284133911132812,19.41977184372418,14.823715334749636,1.0,0.6473257281241394
0.0,AFW_diminishing,diminishing,589.0,0.01430821418762207,20.566624685816002,12.530009650565985,1.0,0.6855541561938667
0.0,AFW_diminishing,diminishing,590.0,0.014330148696899414,19.41977184372418,14.823715334749636,1.0,0.6473257281241394
0.0,AFW_diminishing,diminishing,591.0,0.014354228973388672,20.566624685816002,12.530009650565985,1.0,0.6855541561938667
0.0,AFW_diminishing,diminishing,592.0,0.014378070831298828,19.41977184372418,14.823715334749636,1.0,0.6473257281241394
0.0,AFW_diminishing,diminishing,593.0,0.014403104782104492,20.566624685816002,12.530009650565985,1.0,0.6855541561938667
0.0,AFW_diminishing,diminishing,594.0,0.014426231384277344,19.41977184372418,14.823715334749636,1.0,0.6473257281241394
0.0,AFW_diminishing,diminishing,595.0,0.014448165893554688,20.566624685816002,12.530009650565985,1.0,0.6855541561938667
0.0,AFW_diminishing,diminishing,596.0,0.014471292495727539,19.41977184372418,14.823715334749636,1.0,0.6473257281241394
0.0,AFW_diminishing,diminishing,597.0,0.014506101608276367,20.566624685816002,12.530009650565985,1.0,0.6855541561938667
0.0,AFW_diminishing,diminishing,598.0,0.014531135559082031,19.41977184372418,14.823715334749636,1.0,0.6473257281241394
0.0,AFW_diminishing,diminishing,599.0,0.014555215835571289,20.566624685816002,12.530009650565985,1.0,0.6855541561938667
0.0,AFW_diminishing,diminishing,600.0,0.014579057693481445,19.41977184372418,14.823715334749636,1.0,0.6473257281241394
0.0,AFW_diminishing,diminishing,601.0,0.014601945877075195,20.566624685816002,12.530009650565985,1.0,0.6855541561938667
0.0,AFW_diminishing,diminishing,602.0,0.014627218246459961,19.41977184372418,14.823715334749636,1.0,0.6473257281241394
0.0,AFW_diminishing,diminishing,603.0,0.014650106430053711,20.566624685816002,12.530009650565985,1.0,0.6855541561938667
0.0,AFW_diminishing,diminishing,604.0,0.014673233032226562,19.41977184372418,14.823715334749636,1.0,0.6473257281241394
0.0,AFW_diminishing,diminishing,605.0,0.014695882797241211,20.566624685816002,12.530009650565985,1.0,0.6855541561938667
0.0,AFW_diminishing,diminishing,606.0,0.014719009399414062,19.41977184372418,14.823715334749636,1.0,0.6473257281241394
0.0,AFW_diminishing,diminishing,607.0,0.014744043350219727,20.566624685816002,12.530009650565985,1.0,0.6855541561938667
0.0,AFW_diminishing,diminishing,608.0,0.014767169952392578,19.41977184372418,14.823715334749636,1.0,0.6473257281241394
0.0,AFW_diminishing,diminishing,609.0,0.01479029655456543,20.566624685816002,12.530009650565985,1.0,0.6855541561938667
0.0,AFW_diminishing,diminishing,610.0,0.014813899993896484,19.41977184372418,14.823715334749636,1.0,0.6473257281241394
0.0,AFW_diminishing,diminishing,611.0,0.014837026596069336,20.566624685816002,12.530009650565985,1.0,0.6855541561938667
0.0,AFW_diminishing,diminishing,612.0,0.014861106872558594,19.41977184372418,14.823715334749636,1.0,0.6473257281241394
0.0,AFW_diminishing,diminishing,613.0,0.014885187149047852,20.566624685816002,12.530009650565985,1.0,0.6855541561938667
0.0,AFW_diminishing,diminishing,614.0,0.014907121658325195,19.41977184372418,14.823715334749636,1.0,0.6473257281241394
0.0,AFW_diminishing,diminishing,615.0,0.014930963516235352,20.566624685816002,12.530009650565985,1.0,0.6855541561938667
0.0,AFW_diminishing,diminishing,616.0,0.014954090118408203,19.41977184372418,14.823715334749636,1.0,0.6473257281241394
0.0,AFW_diminishing,diminishing,617.0,0.014978170394897461,20.566624685816002,12.530009650565985,1.0,0.6855541561938667
0.0,AFW_diminishing,diminishing,618.0,0.015002250671386719,19.41977184372418,14.823715334749636,1.0,0.6473257281241394
0.0,AFW_diminishing,diminishing,619.0,0.015024185180664062,20.566624685816002,12.530009650565985,1.0,0.6855541561938667
0.0,AFW_diminishing,diminishing,620.0,0.01504826545715332,19.41977184372418,14.823715334749636,1.0,0.6473257281241394
0.0,AFW_diminishing,diminishing,621.0,0.015070915222167969,20.566624685816002,12.530009650565985,1.0,0.6855541561938667
0.0,AFW_diminishing,diminishing,622.0,0.015096187591552734,19.41977184372418,14.823715334749636,1.0,0.6473257281241394
0.0,AFW_diminishing,diminishing,623.0,0.015119075775146484,20.566624685816002,12.530009650565985,1.0,0.6855541561938667
0.0,AFW_diminishing,diminishing,624.0,0.015142202377319336,19.41977184372418,14.823715334749636,1.0,0.6473257281241394
0.0,AFW_diminishing,diminishing,625.0,0.015166044235229492,20.566624685816002,12.530009650565985,1.0,0.6855541561938667
0.0,AFW_diminishing,diminishing,626.0,0.015188932418823242,19.41977184372418,14.823715334749636,1.0,0.6473257281241394
0.0,AFW_diminishing,diminishing,627.0,0.015214204788208008,20.566624685816002,12.530009650565985,1.0,0.6855541561938667
0.0,AFW_diminishing,diminishing,628.0,0.015237092971801758,19.41977184372418,14.823715334749636,1.0,0.6473257281241394
0.0,AFW_diminishing,diminishing,629.0,0.015259265899658203,20.566624685816002,12.530009650565985,1.0,0.6855541561938667
0.0,AFW_diminishing,diminishing,630.0,0.01528310775756836,19.41977184372418,14.823715334749636,1.0,0.6473257281241394
0.0,AFW_diminishing,diminishing,631.0,0.01530599594116211,20.566624685816002,12.530009650565985,1.0,0.6855541561938667
0.0,AFW_diminishing,diminishing,632.0,0.015331029891967773,19.41977184372418,14.823715334749636,1.0,0.6473257281241394
0.0,AFW_diminishing,diminishing,633.0,0.015354156494140625,20.566624685816002,12.530009650565985,1.0,0.6855541561938667
0.0,AFW_diminishing,diminishing,634.0,0.015376091003417969,19.41977184372418,14.823715334749636,1.0,0.6473257281241394
0.0,AFW_diminishing,diminishing,635.0,0.015399932861328125,20.566624685816002,12.530009650565985,1.0,0.6855541561938667
0.0,AFW_diminishing,diminishing,636.0,0.015423059463500977,19.41977184372418,14.823715334749636,1.0,0.6473257281241394
0.0,AFW_diminishing,diminishing,637.0,0.01544809341430664,20.566624685816002,12.530009650565985,1.0,0.6855541561938667
0.0,AFW_diminishing,diminishing,638.0,0.015471220016479492,19.41977184372418,14.823715334749636,1.0,0.6473257281241394
0.0,AFW_diminishing,diminishing,639.0,0.015493154525756836,20.566624685816002,12.530009650565985,1.0,0.6855541561938667
0.0,AFW_diminishing,diminishing,640.0,0.015517234802246094,19.41977184372418,14.823715334749636,1.0,0.6473257281241394
0.0,AFW_diminishing,diminishing,641.0,0.015540122985839844,20.566624685816002,12.530009650565985,1.0,0.6855541561938667
0.0,AFW_diminishing,diminishing,642.0,0.015565156936645508,19.41977184372418,14.823715334749636,1.0,0.6473257281241394
0.0,AFW_diminishing,diminishing,643.0,0.015588045120239258,20.566624685816002,12.530009650565985,1.0,0.6855541561938667
0.0,AFW_diminishing,diminishing,644.0,0.015610218048095703,19.41977184372418,14.823715334749636,1.0,0.6473257281241394
0.0,AFW_diminishing,diminishing,645.0,0.01563429832458496,20.566624685816002,12.530009650565985,1.0,0.6855541561938667
0.0,AFW_diminishing,diminishing,646.0,0.01565694808959961,19.41977184372418,14.823715334749636,1.0,0.6473257281241394
0.0,AFW_diminishing,diminishing,647.0,0.015681982040405273,20.566624685816002,12.530009650565985,1.0,0.6855541561938667
0.0,AFW_diminishing,diminishing,648.0,0.015705108642578125,19.41977184372418,14.823715334749636,1.0,0.6473257281241394
0.0,AFW_diminishing,diminishing,649.0,0.015728235244750977,20.566624685816002,12.530009650565985,1.0,0.6855541561938667
0.0,AFW_diminishing,diminishing,650.0,0.015751123428344727,19.41977184372418,14.823715334749636,1.0,0.6473257281241394
0.0,AFW_diminishing,diminishing,651.0,0.015774011611938477,20.566624685816002,12.530009650565985,1.0,0.6855541561938667
0.0,AFW_diminishing,diminishing,652.0,0.01579904556274414,19.41977184372418,14.823715334749636,1.0,0.6473257281241394
0.0,AFW_diminishing,diminishing,653.0,0.015822172164916992,20.566624685816002,12.530009650565985,1.0,0.6855541561938667
0.0,AFW_diminishing,diminishing,654.0,0.015845060348510742,19.41977184372418,14.823715334749636,1.0,0.6473257281241394
0.0,AFW_diminishing,diminishing,655.0,0.015868186950683594,20.566624685816002,12.530009650565985,1.0,0.6855541561938667
0.0,AFW_diminishing,diminishing,656.0,0.015891075134277344,19.41977184372418,14.823715334749636,1.0,0.6473257281241394
0.0,AFW_diminishing,diminishing,657.0,0.015916109085083008,20.566624685816002,12.530009650565985,1.0,0.6855541561938667
0.0,AFW_diminishing,diminishing,658.0,0.01593923568725586,19.41977184372418,14.823715334749636,1.0,0.6473257281241394
0.0,AFW_diminishing,diminishing,659.0,0.01596212387084961,20.566624685816002,12.530009650565985,1.0,0.6855541561938667
0.0,AFW_diminishing,diminishing,660.0,0.015986204147338867,19.41977184372418,14.823715334749636,1.0,0.6473257281241394
0.0,AFW_diminishing,diminishing,661.0,0.016009092330932617,20.566624685816002,12.530009650565985,1.0,0.6855541561938667
0.0,AFW_diminishing,diminishing,662.0,0.016033172607421875,19.41977184372418,14.823715334749636,1.0,0.6473257281241394
0.0,AFW_diminishing,diminishing,663.0,0.016057252883911133,20.566624685816002,12.530009650565985,1.0,0.6855541561938667
0.0,AFW_diminishing,diminishing,664.0,0.016079187393188477,19.41977184372418,14.823715334749636,1.0,0.6473257281241394
0.0,AFW_diminishing,diminishing,665.0,0.016103267669677734,20.566624685816002,12.530009650565985,1.0,0.6855541561938667
0.0,AFW_diminishing,diminishing,666.0,0.016125917434692383,19.41977184372418,14.823715334749636,1.0,0.6473257281241394
0.0,AFW_diminishing,diminishing,667.0,0.01615118980407715,20.566624685816002,12.530009650565985,1.0,0.6855541561938667
0.0,AFW_diminishing,diminishing,668.0,0.0161740779876709,19.41977184372418,14.823715334749636,1.0,0.6473257281241394
0.0,AFW_diminishing,diminishing,669.0,0.016196250915527344,20.566624685816002,12.530009650565985,1.0,0.6855541561938667
0.0,AFW_diminishing,diminishing,670.0,0.0162200927734375,19.41977184372418,14.823715334749636,1.0,0.6473257281241394
0.0,AFW_diminishing,diminishing,671.0,0.01624298095703125,20.566624685816002,12.530009650565985,1.0,0.6855541561938667
0.0,AFW_diminishing,diminishing,672.0,0.016268014907836914,19.41977184372418,14.823715334749636,1.0,0.6473257281241394
0.0,AFW_diminishing,diminishing,673.0,0.016291141510009766,20.566624685816002,12.530009650565985,1.0,0.6855541561938667
0.0,AFW_diminishing,diminishing,674.0,0.016314268112182617,19.41977184372418,14.823715334749636,1.0,0.6473257281241394
0.0,AFW_diminishing,diminishing,675.0,0.016337156295776367,20.566624685816002,12.530009650565985,1.0,0.6855541561938667
0.0,AFW_diminishing,diminishing,676.0,0.016360998153686523,19.41977184372418,14.823715334749636,1.0,0.6473257281241394
0.0,AFW_diminishing,diminishing,677.0,0.01638507843017578,20.566624685816002,12.530009650565985,1.0,0.6855541561938667
0.0,AFW_diminishing,diminishing,678.0,0.016410112380981445,19.41977184372418,14.823715334749636,1.0,0.6473257281241394
0.0,AFW_diminishing,diminishing,679.0,0.016433238983154297,20.566624685816002,12.530009650565985,1.0,0.6855541561938667
0.0,AFW_diminishing,diminishing,680.0,0.016456127166748047,19.41977184372418,14.823715334749636,1.0,0.6473257281241394
0.0,AFW_diminishing,diminishing,681.0,0.016479969024658203,20.566624685816002,12.530009650565985,1.0,0.6855541561938667
0.0,AFW_diminishing,diminishing,682.0,0.01650404930114746,19.41977184372418,14.823715334749636,1.0,0.6473257281241394
0.0,AFW_diminishing,diminishing,683.0,0.016529083251953125,20.566624685816002,12.530009650565985,1.0,0.6855541561938667
0.0,AFW_diminishing,diminishing,684.0,0.016551971435546875,19.41977184372418,14.823715334749636,1.0,0.6473257281241394
0.0,AFW_diminishing,diminishing,685.0,0.016576051712036133,20.566624685816002,12.530009650565985,1.0,0.6855541561938667
0.0,AFW_diminishing,diminishing,686.0,0.016599178314208984,19.41977184372418,14.823715334749636,1.0,0.6473257281241394
0.0,AFW_diminishing,diminishing,687.0,0.01662421226501465,20.566624685816002,12.530009650565985,1.0,0.6855541561938667
0.0,AFW_diminishing,diminishing,688.0,0.0166471004486084,19.41977184372418,14.823715334749636,1.0,0.6473257281241394
0.0,AFW_diminishing,diminishing,689.0,0.016669273376464844,20.566624685816002,12.530009650565985,1.0,0.6855541561938667
0.0,AFW_diminishing,diminishing,690.0,0.016700267791748047,19.41977184372418,14.823715334749636,1.0,0.6473257281241394
0.0,AFW_diminishing,diminishing,691.0,0.016724109649658203,20.566624685816002,12.530009650565985,1.0,0.6855541561938667
0.0,AFW_diminishing,diminishing,692.0,0.01674818992614746,19.41977184372418,14.823715334749636,1.0,0.6473257281241394
0.0,AFW_diminishing,diminishing,693.0,0.01677107810974121,20.566624685816002,12.530009650565985,1.0,0.6855541561938667
0.0,AFW_diminishing,diminishing,694.0,0.01679515838623047,19.41977184372418,14.823715334749636,1.0,0.6473257281241394
0.0,AFW_diminishing,diminishing,695.0,0.016819000244140625,20.566624685816002,12.530009650565985,1.0,0.6855541561938667
0.0,AFW_diminishing,diminishing,696.0,0.01684093475341797,19.41977184372418,14.823715334749636,1.0,0.6473257281241394
0.0,AFW_diminishing,diminishing,697.0,0.016865015029907227,20.566624685816002,12.530009650565985,1.0,0.6855541561938667
0.0,AFW_diminishing,diminishing,698.0,0.016888141632080078,19.41977184372418,14.823715334749636,1.0,0.6473257281241394
0.0,AFW_diminishing,diminishing,699.0,0.016912221908569336,20.566624685816002,12.530009650565985,1.0,0.6855541561938667
0.0,AFW_diminishing,diminishing,700.0,0.016936063766479492,19.41977184372418,14.823715334749636,1.0,0.6473257281241394
0.0,AFW_diminishing,diminishing,701.0,0.016957998275756836,20.566624685816002,12.530009650565985,1.0,0.6855541561938667
0.0,AFW_diminishing,diminishing,702.0,0.016981124877929688,19.41977184372418,14.823715334749636,1.0,0.6473257281241394
0.0,AFW_diminishing,diminishing,703.0,0.017004013061523438,20.566624685816002,12.530009650565985,1.0,0.6855541561938667
0.0,AFW_diminishing,diminishing,704.0,0.017029285430908203,19.41977184372418,14.823715334749636,1.0,0.6473257281241394
0.0,AFW_diminishing,diminishing,705.0,0.017052173614501953,20.566624685816002,12.530009650565985,1.0,0.6855541561938667
0.0,AFW_diminishing,diminishing,706.0,0.017075061798095703,19.41977184372418,14.823715334749636,1.0,0.6473257281241394
0.0,AFW_diminishing,diminishing,707.0,0.01709914207458496,20.566624685816002,12.530009650565985,1.0,0.6855541561938667
0.0,AFW_diminishing,diminishing,708.0,0.01712203025817871,19.41977184372418,14.823715334749636,1.0,0.6473257281241394
0.0,AFW_diminishing,diminishing,709.0,0.017147064208984375,20.566624685816002,12.530009650565985,1.0,0.6855541561938667
0.0,AFW_diminishing,diminishing,710.0,0.017170190811157227,19.41977184372418,14.823715334749636,1.0,0.6473257281241394
0.0,AFW_diminishing,diminishing,711.0,0.01719188690185547,20.566624685816002,12.530009650565985,1.0,0.6855541561938667
0.0,AFW_diminishing,diminishing,712.0,0.017215967178344727,19.41977184372418,14.823715334749636,1.0,0.6473257281241394
0.0,AFW_diminishing,diminishing,713.0,0.017239093780517578,20.566624685816002,12.530009650565985,1.0,0.6855541561938667
0.0,AFW_diminishing,diminishing,714.0,0.017264127731323242,19.41977184372418,14.823715334749636,1.0,0.6473257281241394
0.0,AFW_diminishing,diminishing,715.0,0.017287254333496094,20.566624685816002,12.530009650565985,1.0,0.6855541561938667
0.0,AFW_diminishing,diminishing,716.0,0.017309188842773438,19.41977184372418,14.823715334749636,1.0,0.6473257281241394
0.0,AFW_diminishing,diminishing,717.0,0.017333030700683594,20.566624685816002,12.530009650565985,1.0,0.6855541561938667
0.0,AFW_diminishing,diminishing,718.0,0.017356157302856445,19.41977184372418,14.823715334749636,1.0,0.6473257281241394
0.0,AFW_diminishing,diminishing,719.0,0.017380237579345703,20.566624685816002,12.530009650565985,1.0,0.6855541561938667
0.0,AFW_diminishing,diminishing,720.0,0.01740431785583496,19.41977184372418,14.823715334749636,1.0,0.6473257281241394
0.0,AFW_diminishing,diminishing,721.0,0.017426252365112305,20.566624685816002,12.530009650565985,1.0,0.6855541561938667
0.0,AFW_diminishing,diminishing,722.0,0.01745009422302246,19.41977184372418,14.823715334749636,1.0,0.6473257281241394
0.0,AFW_diminishing,diminishing,723.0,0.01747298240661621,20.566624685816002,12.530009650565985,1.0,0.6855541561938667
0.0,AFW_diminishing,diminishing,724.0,0.01749706268310547,19.41977184372418,14.823715334749636,1.0,0.6473257281241394
0.0,AFW_diminishing,diminishing,725.0,0.017521142959594727,20.566624685816002,12.530009650565985,1.0,0.6855541561938667
0.0,AFW_diminishing,diminishing,726.0,0.017543315887451172,19.41977184372418,14.823715334749636,1.0,0.6473257281241394
0.0,AFW_diminishing,diminishing,727.0,0.017566919326782227,20.566624685816002,12.530009650565985,1.0,0.6855541561938667
0.0,AFW_diminishing,diminishing,728.0,0.017590045928955078,19.41977184372418,14.823715334749636,1.0,0.6473257281241394
0.0,AFW_diminishing,diminishing,729.0,0.017614126205444336,20.566624685816002,12.530009650565985,1.0,0.6855541561938667
0.0,AFW_diminishing,diminishing,730.0,0.017638206481933594,19.41977184372418,14.823715334749636,1.0,0.6473257281241394
0.0,AFW_diminishing,diminishing,731.0,0.017660140991210938,20.566624685816002,12.530009650565985,1.0,0.6855541561938667
0.0,AFW_diminishing,diminishing,732.0,0.017683982849121094,19.41977184372418,14.823715334749636,1.0,0.6473257281241394
0.0,AFW_diminishing,diminishing,733.0,0.017707109451293945,20.566624685816002,12.530009650565985,1.0,0.6855541561938667
0.0,AFW_diminishing,diminishing,734.0,0.017731189727783203,19.41977184372418,14.823715334749636,1.0,0.6473257281241394
0.0,AFW_diminishing,diminishing,735.0,0.017754077911376953,20.566624685816002,12.530009650565985,1.0,0.6855541561938667
0.0,AFW_diminishing,diminishing,736.0,0.017777204513549805,19.41977184372418,14.823715334749636,1.0,0.6473257281241394
0.0,AFW_diminishing,diminishing,737.0,0.017800331115722656,20.566624685816002,12.530009650565985,1.0,0.6855541561938667
0.0,AFW_diminishing,diminishing,738.0,0.017822980880737305,19.41977184372418,14.823715334749636,1.0,0.6473257281241394
0.0,AFW_diminishing,diminishing,739.0,0.01784801483154297,20.566624685816002,12.530009650565985,1.0,0.6855541561938667
0.0,AFW_diminishing,diminishing,740.0,0.01787114143371582,19.41977184372418,14.823715334749636,1.0,0.6473257281241394
0.0,AFW_diminishing,diminishing,741.0,0.017894268035888672,20.566624685816002,12.530009650565985,1.0,0.6855541561938667
0.0,AFW_diminishing,diminishing,742.0,0.017917156219482422,19.41977184372418,14.823715334749636,1.0,0.6473257281241394
0.0,AFW_diminishing,diminishing,743.0,0.017940044403076172,20.566624685816002,12.530009650565985,1.0,0.6855541561938667
0.0,AFW_diminishing,diminishing,744.0,0.017965078353881836,19.41977184372418,14.823715334749636,1.0,0.6473257281241394
0.0,AFW_diminishing,diminishing,745.0,0.017988204956054688,20.566624685816002,12.530009650565985,1.0,0.6855541561938667
0.0,AFW_diminishing,diminishing,746.0,0.018011093139648438,19.41977184372418,14.823715334749636,1.0,0.6473257281241394
0.0,AFW_diminishing,diminishing,747.0,0.01803421974182129,20.566624685816002,12.530009650565985,1.0,0.6855541561938667
0.0,AFW_diminishing,diminishing,748.0,0.01805710792541504,19.41977184372418,14.823715334749636,1.0,0.6473257281241394
0.0,AFW_diminishing,diminishing,749.0,0.018082141876220703,20.566624685816002,12.530009650565985,1.0,0.6855541561938667
0.0,AFW_diminishing,diminishing,750.0,0.018105030059814453,19.41977184372418,14.823715334749636,1.0,0.6473257281241394
0.0,AFW_diminishing,diminishing,751.0,0.0181272029876709,20.566624685816002,12.530009650565985,1.0,0.6855541561938667
0.0,AFW_diminishing,diminishing,752.0,0.018151283264160156,19.41977184372418,14.823715334749636,1.0,0.6473257281241394
0.0,AFW_diminishing,diminishing,753.0,0.018173933029174805,20.566624685816002,12.530009650565985,1.0,0.6855541561938667
0.0,AFW_diminishing,diminishing,754.0,0.018198013305664062,19.41977184372418,14.823715334749636,1.0,0.6473257281241394
0.0,AFW_diminishing,diminishing,755.0,0.01822209358215332,20.566624685816002,12.530009650565985,1.0,0.6855541561938667
0.0,AFW_diminishing,diminishing,756.0,0.018244028091430664,19.41977184372418,14.823715334749636,1.0,0.6473257281241394
0.0,AFW_diminishing,diminishing,757.0,0.018268108367919922,20.566624685816002,12.530009650565985,1.0,0.6855541561938667
0.0,AFW_diminishing,diminishing,758.0,0.018290996551513672,19.41977184372418,14.823715334749636,1.0,0.6473257281241394
0.0,AFW_diminishing,diminishing,759.0,0.01831507682800293,20.566624685816002,12.530009650565985,1.0,0.6855541561938667
0.0,AFW_diminishing,diminishing,760.0,0.018339157104492188,19.41977184372418,14.823715334749636,1.0,0.6473257281241394
0.0,AFW_diminishing,diminishing,761.0,0.018362045288085938,20.566624685816002,12.530009650565985,1.0,0.6855541561938667
0.0,AFW_diminishing,diminishing,762.0,0.01838517189025879,19.41977184372418,14.823715334749636,1.0,0.6473257281241394
0.0,AFW_diminishing,diminishing,763.0,0.018409013748168945,20.566624685816002,12.530009650565985,1.0,0.6855541561938667
0.0,AFW_diminishing,diminishing,764.0,0.01843404769897461,19.41977184372418,14.823715334749636,1.0,0.6473257281241394
0.0,AFW_diminishing,diminishing,765.0,0.01845717430114746,20.566624685816002,12.530009650565985,1.0,0.6855541561938667
0.0,AFW_diminishing,diminishing,766.0,0.018479108810424805,19.41977184372418,14.823715334749636,1.0,0.6473257281241394
0.0,AFW_diminishing,diminishing,767.0,0.018503189086914062,20.566624685816002,12.530009650565985,1.0,0.6855541561938667
0.0,AFW_diminishing,diminishing,768.0,0.018526077270507812,19.41977184372418,14.823715334749636,1.0,0.6473257281241394
0.0,AFW_diminishing,diminishing,769.0,0.018551111221313477,20.566624685816002,12.530009650565985,1.0,0.6855541561938667
0.0,AFW_diminishing,diminishing,770.0,0.018574237823486328,19.41977184372418,14.823715334749636,1.0,0.6473257281241394
0.0,AFW_diminishing,diminishing,771.0,0.018596172332763672,20.566624685816002,12.530009650565985,1.0,0.6855541561938667
0.0,AFW_diminishing,diminishing,772.0,0.01862025260925293,19.41977184372418,14.823715334749636,1.0,0.6473257281241394
0.0,AFW_diminishing,diminishing,773.0,0.018642902374267578,20.566624685816002,12.530009650565985,1.0,0.6855541561938667
0.0,AFW_diminishing,diminishing,774.0,0.018668174743652344,19.41977184372418,14.823715334749636,1.0,0.6473257281241394
0.0,AFW_diminishing,diminishing,775.0,0.018691062927246094,20.566624685816002,12.530009650565985,1.0,0.6855541561938667
0.0,AFW_diminishing,diminishing,776.0,0.018714189529418945,19.41977184372418,14.823715334749636,1.0,0.6473257281241394
0.0,AFW_diminishing,diminishing,777.0,0.018737316131591797,20.566624685816002,12.530009650565985,1.0,0.6855541561938667
0.0,AFW_diminishing,diminishing,778.0,0.018760204315185547,19.41977184372418,14.823715334749636,1.0,0.6473257281241394
0.0,AFW_diminishing,diminishing,779.0,0.01878499984741211,20.566624685816002,12.530009650565985,1.0,0.6855541561938667
0.0,AFW_diminishing,diminishing,780.0,0.01880812644958496,19.41977184372418,14.823715334749636,1.0,0.6473257281241394
0.0,AFW_diminishing,diminishing,781.0,0.018831253051757812,20.566624685816002,12.530009650565985,1.0,0.6855541561938667
0.0,AFW_diminishing,diminishing,782.0,0.018854141235351562,19.41977184372418,14.823715334749636,1.0,0.6473257281241394
0.0,AFW_diminishing,diminishing,783.0,0.018877267837524414,20.566624685816002,12.530009650565985,1.0,0.6855541561938667
0.0,AFW_diminishing,diminishing,784.0,0.018902063369750977,19.41977184372418,14.823715334749636,1.0,0.6473257281241394
0.0,AFW_diminishing,diminishing,785.0,0.018925189971923828,20.566624685816002,12.530009650565985,1.0,0.6855541561938667
0.0,AFW_diminishing,diminishing,786.0,0.018948078155517578,19.41977184372418,14.823715334749636,1.0,0.6473257281241394
0.0,AFW_diminishing,diminishing,787.0,0.018972158432006836,20.566624685816002,12.530009650565985,1.0,0.6855541561938667
0.0,AFW_diminishing,diminishing,788.0,0.018995046615600586,19.41977184372418,14.823715334749636,1.0,0.6473257281241394
0.0,AFW_diminishing,diminishing,789.0,0.019019126892089844,20.566624685816002,12.530009650565985,1.0,0.6855541561938667
0.0,AFW_diminishing,diminishing,790.0,0.0190432071685791,19.41977184372418,14.823715334749636,1.0,0.6473257281241394
0.0,AFW_diminishing,diminishing,791.0,0.019065141677856445,20.566624685816002,12.530009650565985,1.0,0.6855541561938667
0.0,AFW_diminishing,diminishing,792.0,0.019089221954345703,19.41977184372418,14.823715334749636,1.0,0.6473257281241394
0.0,AFW_diminishing,diminishing,793.0,0.01911187171936035,20.566624685816002,12.530009650565985,1.0,0.6855541561938667
0.0,AFW_diminishing,diminishing,794.0,0.01913595199584961,19.41977184372418,14.823715334749636,1.0,0.6473257281241394
0.0,AFW_diminishing,diminishing,795.0,0.019160032272338867,20.566624685816002,12.530009650565985,1.0,0.6855541561938667
0.0,AFW_diminishing,diminishing,796.0,0.019182205200195312,19.41977184372418,14.823715334749636,1.0,0.6473257281241394
0.0,AFW_diminishing,diminishing,797.0,0.01920628547668457,20.566624685816002,12.530009650565985,1.0,0.6855541561938667
0.0,AFW_diminishing,diminishing,798.0,0.01922917366027832,19.41977184372418,14.823715334749636,1.0,0.6473257281241394
0.0,AFW_diminishing,diminishing,799.0,0.019253015518188477,20.566624685816002,12.530009650565985,1.0,0.6855541561938667
0.0,AFW_diminishing,diminishing,800.0,0.019277095794677734,19.41977184372418,14.823715334749636,1.0,0.6473257281241394
0.0,AFW_diminishing,diminishing,801.0,0.019299030303955078,20.566624685816002,12.530009650565985,1.0,0.6855541561938667
0.0,AFW_diminishing,diminishing,802.0,0.01932215690612793,19.41977184372418,14.823715334749636,1.0,0.6473257281241394
0.0,AFW_diminishing,diminishing,803.0,0.01934528350830078,20.566624685816002,12.530009650565985,1.0,0.6855541561938667
0.0,AFW_diminishing,diminishing,804.0,0.019370079040527344,19.41977184372418,14.823715334749636,1.0,0.6473257281241394
0.0,AFW_diminishing,diminishing,805.0,0.019392967224121094,20.566624685816002,12.530009650565985,1.0,0.6855541561938667
0.0,AFW_diminishing,diminishing,806.0,0.01941514015197754,19.41977184372418,14.823715334749636,1.0,0.6473257281241394
0.0,AFW_diminishing,diminishing,807.0,0.019439220428466797,20.566624685816002,12.530009650565985,1.0,0.6855541561938667
0.0,AFW_diminishing,diminishing,808.0,0.019462108612060547,19.41977184372418,14.823715334749636,1.0,0.6473257281241394
0.0,AFW_diminishing,diminishing,809.0,0.019485950469970703,20.566624685816002,12.530009650565985,1.0,0.6855541561938667
0.0,AFW_diminishing,diminishing,810.0,0.019509077072143555,19.41977184372418,14.823715334749636,1.0,0.6473257281241394
0.0,AFW_diminishing,diminishing,811.0,0.019531965255737305,20.566624685816002,12.530009650565985,1.0,0.6855541561938667
0.0,AFW_diminishing,diminishing,812.0,0.019555091857910156,19.41977184372418,14.823715334749636,1.0,0.6473257281241394
0.0,AFW_diminishing,diminishing,813.0,0.019578218460083008,20.566624685816002,12.530009650565985,1.0,0.6855541561938667
0.0,AFW_diminishing,diminishing,814.0,0.01960301399230957,19.41977184372418,14.823715334749636,1.0,0.6473257281241394
0.0,AFW_diminishing,diminishing,815.0,0.019626140594482422,20.566624685816002,12.530009650565985,1.0,0.6855541561938667
0.0,AFW_diminishing,diminishing,816.0,0.019649028778076172,19.41977184372418,14.823715334749636,1.0,0.6473257281241394
0.0,AFW_diminishing,diminishing,817.0,0.019672155380249023,20.566624685816002,12.530009650565985,1.0,0.6855541561938667
0.0,AFW_diminishing,diminishing,818.0,0.019695043563842773,19.41977184372418,14.823715334749636,1.0,0.6473257281241394
0.0,AFW_diminishing,diminishing,819.0,0.01972031593322754,20.566624685816002,12.530009650565985,1.0,0.6855541561938667
0.0,AFW_diminishing,diminishing,820.0,0.019742965698242188,19.41977184372418,14.823715334749636,1.0,0.6473257281241394
0.0,AFW_diminishing,diminishing,821.0,0.01976609230041504,20.566624685816002,12.530009650565985,1.0,0.6855541561938667
0.0,AFW_diminishing,diminishing,822.0,0.01978921890258789,19.41977184372418,14.823715334749636,1.0,0.6473257281241394
0.0,AFW_diminishing,diminishing,823.0,0.019813060760498047,20.566624685816002,12.530009650565985,1.0,0.6855541561938667
0.0,AFW_diminishing,diminishing,824.0,0.019837141036987305,19.41977184372418,14.823715334749636,1.0,0.6473257281241394
0.0,AFW_diminishing,diminishing,825.0,0.019860029220581055,20.566624685816002,12.530009650565985,1.0,0.6855541561938667
0.0,AFW_diminishing,diminishing,826.0,0.0198819637298584,19.41977184372418,14.823715334749636,1.0,0.6473257281241394
0.0,AFW_diminishing,diminishing,827.0,0.019907236099243164,20.566624685816002,12.530009650565985,1.0,0.6855541561938667
0.0,AFW_diminishing,diminishing,828.0,0.01993107795715332,19.41977184372418,14.823715334749636,1.0,0.6473257281241394
0.0,AFW_diminishing,diminishing,829.0,0.019954919815063477,20.566624685816002,12.530009650565985,1.0,0.6855541561938667
0.0,AFW_diminishing,diminishing,830.0,0.019978046417236328,19.41977184372418,14.823715334749636,1.0,0.6473257281241394
0.0,AFW_diminishing,diminishing,831.0,0.02000117301940918,20.566624685816002,12.530009650565985,1.0,0.6855541561938667
0.0,AFW_diminishing,diminishing,832.0,0.020026206970214844,19.41977184372418,14.823715334749636,1.0,0.6473257281241394
0.0,AFW_diminishing,diminishing,833.0,0.0200502872467041,20.566624685816002,12.530009650565985,1.0,0.6855541561938667
0.0,AFW_diminishing,diminishing,834.0,0.020071983337402344,19.41977184372418,14.823715334749636,1.0,0.6473257281241394
0.0,AFW_diminishing,diminishing,835.0,0.020095109939575195,20.566624685816002,12.530009650565985,1.0,0.6855541561938667
0.0,AFW_diminishing,diminishing,836.0,0.020117998123168945,19.41977184372418,14.823715334749636,1.0,0.6473257281241394
0.0,AFW_diminishing,diminishing,837.0,0.02014327049255371,20.566624685816002,12.530009650565985,1.0,0.6855541561938667
0.0,AFW_diminishing,diminishing,838.0,0.02016615867614746,19.41977184372418,14.823715334749636,1.0,0.6473257281241394
0.0,AFW_diminishing,diminishing,839.0,0.020189285278320312,20.566624685816002,12.530009650565985,1.0,0.6855541561938667
0.0,AFW_diminishing,diminishing,840.0,0.02021193504333496,19.41977184372418,14.823715334749636,1.0,0.6473257281241394
0.0,AFW_diminishing,diminishing,841.0,0.020235061645507812,20.566624685816002,12.530009650565985,1.0,0.6855541561938667
0.0,AFW_diminishing,diminishing,842.0,0.020260095596313477,19.41977184372418,14.823715334749636,1.0,0.6473257281241394
0.0,AFW_diminishing,diminishing,843.0,0.020283222198486328,20.566624685816002,12.530009650565985,1.0,0.6855541561938667
0.0,AFW_diminishing,diminishing,844.0,0.020306110382080078,19.41977184372418,14.823715334749636,1.0,0.6473257281241394
0.0,AFW_diminishing,diminishing,845.0,0.020328998565673828,20.566624685816002,12.530009650565985,1.0,0.6855541561938667
0.0,AFW_diminishing,diminishing,846.0,0.02035212516784668,19.41977184372418,14.823715334749636,1.0,0.6473257281241394
0.0,AFW_diminishing,diminishing,847.0,0.020377159118652344,20.566624685816002,12.530009650565985,1.0,0.6855541561938667
0.0,AFW_diminishing,diminishing,848.0,0.020400285720825195,19.41977184372418,14.823715334749636,1.0,0.6473257281241394
0.0,AFW_diminishing,diminishing,849.0,0.020423173904418945,20.566624685816002,12.530009650565985,1.0,0.6855541561938667
0.0,AFW_diminishing,diminishing,850.0,0.020446062088012695,19.41977184372418,14.823715334749636,1.0,0.6473257281241394
0.0,AFW_diminishing,diminishing,851.0,0.020468950271606445,20.566624685816002,12.530009650565985,1.0,0.6855541561938667
0.0,AFW_diminishing,diminishing,852.0,0.02049422264099121,19.41977184372418,14.823715334749636,1.0,0.6473257281241394
0.0,AFW_diminishing,diminishing,853.0,0.02051711082458496,20.566624685816002,12.530009650565985,1.0,0.6855541561938667
0.0,AFW_diminishing,diminishing,854.0,0.020539283752441406,19.41977184372418,14.823715334749636,1.0,0.6473257281241394
0.0,AFW_diminishing,diminishing,855.0,0.02056288719177246,20.566624685816002,12.530009650565985,1.0,0.6855541561938667
0.0,AFW_diminishing,diminishing,856.0,0.020586013793945312,19.41977184372418,14.823715334749636,1.0,0.6473257281241394
0.0,AFW_diminishing,diminishing,857.0,0.020611047744750977,20.566624685816002,12.530009650565985,1.0,0.6855541561938667
0.0,AFW_diminishing,diminishing,858.0,0.020634174346923828,19.41977184372418,14.823715334749636,1.0,0.6473257281241394
0.0,AFW_diminishing,diminishing,859.0,0.020656108856201172,20.566624685816002,12.530009650565985,1.0,0.6855541561938667
0.0,AFW_diminishing,diminishing,860.0,0.02068018913269043,19.41977184372418,14.823715334749636,1.0,0.6473257281241394
0.0,AFW_diminishing,diminishing,861.0,0.020704030990600586,20.566624685816002,12.530009650565985,1.0,0.6855541561938667
0.0,AFW_diminishing,diminishing,862.0,0.020728111267089844,19.41977184372418,14.823715334749636,1.0,0.6473257281241394
0.0,AFW_diminishing,diminishing,863.0,0.020751237869262695,20.566624685816002,12.530009650565985,1.0,0.6855541561938667
0.0,AFW_diminishing,diminishing,864.0,0.020774126052856445,19.41977184372418,14.823715334749636,1.0,0.6473257281241394
0.0,AFW_diminishing,diminishing,865.0,0.0207979679107666,20.566624685816002,12.530009650565985,1.0,0.6855541561938667
0.0,AFW_diminishing,diminishing,866.0,0.020821094512939453,19.41977184372418,14.823715334749636,1.0,0.6473257281241394
0.0,AFW_diminishing,diminishing,867.0,0.02084517478942871,20.566624685816002,12.530009650565985,1.0,0.6855541561938667
0.0,AFW_diminishing,diminishing,868.0,0.02086925506591797,19.41977184372418,14.823715334749636,1.0,0.6473257281241394
0.0,AFW_diminishing,diminishing,869.0,0.02089214324951172,20.566624685816002,12.530009650565985,1.0,0.6855541561938667
0.0,AFW_diminishing,diminishing,870.0,0.02091693878173828,19.41977184372418,14.823715334749636,1.0,0.6473257281241394
0.0,AFW_diminishing,diminishing,871.0,0.020940065383911133,20.566624685816002,12.530009650565985,1.0,0.6855541561938667
0.0,AFW_diminishing,diminishing,872.0,0.020965099334716797,19.41977184372418,14.823715334749636,1.0,0.6473257281241394
0.0,AFW_diminishing,diminishing,873.0,0.02098822593688965,20.566624685816002,12.530009650565985,1.0,0.6855541561938667
0.0,AFW_diminishing,diminishing,874.0,0.021010160446166992,19.41977184372418,14.823715334749636,1.0,0.6473257281241394
0.0,AFW_diminishing,diminishing,875.0,0.02103400230407715,20.566624685816002,12.530009650565985,1.0,0.6855541561938667
0.0,AFW_diminishing,diminishing,876.0,0.02105712890625,19.41977184372418,14.823715334749636,1.0,0.6473257281241394
0.0,AFW_diminishing,diminishing,877.0,0.021082162857055664,20.566624685816002,12.530009650565985,1.0,0.6855541561938667
0.0,AFW_diminishing,diminishing,878.0,0.021105289459228516,19.41977184372418,14.823715334749636,1.0,0.6473257281241394
0.0,AFW_diminishing,diminishing,879.0,0.021128177642822266,20.566624685816002,12.530009650565985,1.0,0.6855541561938667
0.0,AFW_diminishing,diminishing,880.0,0.021151065826416016,19.41977184372418,14.823715334749636,1.0,0.6473257281241394
0.0,AFW_diminishing,diminishing,881.0,0.021173954010009766,20.566624685816002,12.530009650565985,1.0,0.6855541561938667
0.0,AFW_diminishing,diminishing,882.0,0.02119922637939453,19.41977184372418,14.823715334749636,1.0,0.6473257281241394
0.0,AFW_diminishing,diminishing,883.0,0.02122211456298828,20.566624685816002,12.530009650565985,1.0,0.6855541561938667
0.0,AFW_diminishing,diminishing,884.0,0.021245241165161133,19.41977184372418,14.823715334749636,1.0,0.6473257281241394
0.0,AFW_diminishing,diminishing,885.0,0.021268129348754883,20.566624685816002,12.530009650565985,1.0,0.6855541561938667
0.0,AFW_diminishing,diminishing,886.0,0.021291017532348633,19.41977184372418,14.823715334749636,1.0,0.6473257281241394
0.0,AFW_diminishing,diminishing,887.0,0.02131509780883789,20.566624685816002,12.530009650565985,1.0,0.6855541561938667
0.0,AFW_diminishing,diminishing,888.0,0.02133917808532715,19.41977184372418,14.823715334749636,1.0,0.6473257281241394
0.0,AFW_diminishing,diminishing,889.0,0.021361112594604492,20.566624685816002,12.530009650565985,1.0,0.6855541561938667
0.0,AFW_diminishing,diminishing,890.0,0.02138495445251465,19.41977184372418,14.823715334749636,1.0,0.6473257281241394
0.0,AFW_diminishing,diminishing,891.0,0.0214080810546875,20.566624685816002,12.530009650565985,1.0,0.6855541561938667
0.0,AFW_diminishing,diminishing,892.0,0.021432161331176758,19.41977184372418,14.823715334749636,1.0,0.6473257281241394
0.0,AFW_diminishing,diminishing,893.0,0.021456241607666016,20.566624685816002,12.530009650565985,1.0,0.6855541561938667
0.0,AFW_diminishing,diminishing,894.0,0.02147817611694336,19.41977184372418,14.823715334749636,1.0,0.6473257281241394
0.0,AFW_diminishing,diminishing,895.0,0.021502017974853516,20.566624685816002,12.530009650565985,1.0,0.6855541561938667
0.0,AFW_diminishing,diminishing,896.0,0.021525144577026367,19.41977184372418,14.823715334749636,1.0,0.6473257281241394
0.0,AFW_diminishing,diminishing,897.0,0.02155017852783203,20.566624685816002,12.530009650565985,1.0,0.6855541561938667
0.0,AFW_diminishing,diminishing,898.0,0.02157306671142578,19.41977184372418,14.823715334749636,1.0,0.6473257281241394
0.0,AFW_diminishing,diminishing,899.0,0.021596193313598633,20.566624685816002,12.530009650565985,1.0,0.6855541561938667
0.0,AFW_diminishing,diminishing,900.0,0.021619081497192383,19.41977184372418,14.823715334749636,1.0,0.6473257281241394
0.0,AFW_diminishing,diminishing,901.0,0.021641969680786133,20.566624685816002,12.530009650565985,1.0,0.6855541561938667
0.0,AFW_diminishing,diminishing,902.0,0.021667003631591797,19.41977184372418,14.823715334749636,1.0,0.6473257281241394
0.0,AFW_diminishing,diminishing,903.0,0.02169013023376465,20.566624685816002,12.530009650565985,1.0,0.6855541561938667
0.0,AFW_diminishing,diminishing,904.0,0.0217132568359375,19.41977184372418,14.823715334749636,1.0,0.6473257281241394
0.0,AFW_diminishing,diminishing,905.0,0.021737098693847656,20.566624685816002,12.530009650565985,1.0,0.6855541561938667
0.0,AFW_diminishing,diminishing,906.0,0.021759986877441406,19.41977184372418,14.823715334749636,1.0,0.6473257281241394
0.0,AFW_diminishing,diminishing,907.0,0.02178502082824707,20.566624685816002,12.530009650565985,1.0,0.6855541561938667
0.0,AFW_diminishing,diminishing,908.0,0.021808147430419922,19.41977184372418,14.823715334749636,1.0,0.6473257281241394
0.0,AFW_diminishing,diminishing,909.0,0.021830081939697266,20.566624685816002,12.530009650565985,1.0,0.6855541561938667
0.0,AFW_diminishing,diminishing,910.0,0.021853923797607422,19.41977184372418,14.823715334749636,1.0,0.6473257281241394
0.0,AFW_diminishing,diminishing,911.0,0.021877050399780273,20.566624685816002,12.530009650565985,1.0,0.6855541561938667
0.0,AFW_diminishing,diminishing,912.0,0.021902084350585938,19.41977184372418,14.823715334749636,1.0,0.6473257281241394
0.0,AFW_diminishing,diminishing,913.0,0.02192521095275879,20.566624685816002,12.530009650565985,1.0,0.6855541561938667
0.0,AFW_diminishing,diminishing,914.0,0.021947145462036133,19.41977184372418,14.823715334749636,1.0,0.6473257281241394
0.0,AFW_diminishing,diminishing,915.0,0.02197098731994629,20.566624685816002,12.530009650565985,1.0,0.6855541561938667
0.0,AFW_diminishing,diminishing,916.0,0.02199411392211914,19.41977184372418,14.823715334749636,1.0,0.6473257281241394
0.0,AFW_diminishing,diminishing,917.0,0.022019147872924805,20.566624685816002,12.530009650565985,1.0,0.6855541561938667
0.0,AFW_diminishing,diminishing,918.0,0.022042274475097656,19.41977184372418,14.823715334749636,1.0,0.6473257281241394
0.0,AFW_diminishing,diminishing,919.0,0.022064208984375,20.566624685816002,12.530009650565985,1.0,0.6855541561938667
0.0,AFW_diminishing,diminishing,920.0,0.02208709716796875,19.41977184372418,14.823715334749636,1.0,0.6473257281241394
0.0,AFW_diminishing,diminishing,921.0,0.022110939025878906,20.566624685816002,12.530009650565985,1.0,0.6855541561938667
0.0,AFW_diminishing,diminishing,922.0,0.022135019302368164,19.41977184372418,14.823715334749636,1.0,0.6473257281241394
0.0,AFW_diminishing,diminishing,923.0,0.022158145904541016,20.566624685816002,12.530009650565985,1.0,0.6855541561938667
0.0,AFW_diminishing,diminishing,924.0,0.022181272506713867,19.41977184372418,14.823715334749636,1.0,0.6473257281241394
0.0,AFW_diminishing,diminishing,925.0,0.022204160690307617,20.566624685816002,12.530009650565985,1.0,0.6855541561938667
0.0,AFW_diminishing,diminishing,926.0,0.022227048873901367,19.41977184372418,14.823715334749636,1.0,0.6473257281241394
0.0,AFW_diminishing,diminishing,927.0,0.02225208282470703,20.566624685816002,12.530009650565985,1.0,0.6855541561938667
0.0,AFW_diminishing,diminishing,928.0,0.022275209426879883,19.41977184372418,14.823715334749636,1.0,0.6473257281241394
0.0,AFW_diminishing,diminishing,929.0,0.022298097610473633,20.566624685816002,12.530009650565985,1.0,0.6855541561938667
0.0,AFW_diminishing,diminishing,930.0,0.022321224212646484,19.41977184372418,14.823715334749636,1.0,0.6473257281241394
0.0,AFW_diminishing,diminishing,931.0,0.02234506607055664,20.566624685816002,12.530009650565985,1.0,0.6855541561938667
0.0,AFW_diminishing,diminishing,932.0,0.0223691463470459,19.41977184372418,14.823715334749636,1.0,0.6473257281241394
0.0,AFW_diminishing,diminishing,933.0,0.022393226623535156,20.566624685816002,12.530009650565985,1.0,0.6855541561938667
0.0,AFW_diminishing,diminishing,934.0,0.0224151611328125,19.41977184372418,14.823715334749636,1.0,0.6473257281241394
0.0,AFW_diminishing,diminishing,935.0,0.02243828773498535,20.566624685816002,12.530009650565985,1.0,0.6855541561938667
0.0,AFW_diminishing,diminishing,936.0,0.0224611759185791,19.41977184372418,14.823715334749636,1.0,0.6473257281241394
0.0,AFW_diminishing,diminishing,937.0,0.022485971450805664,20.566624685816002,12.530009650565985,1.0,0.6855541561938667
0.0,AFW_diminishing,diminishing,938.0,0.022509098052978516,19.41977184372418,14.823715334749636,1.0,0.6473257281241394
0.0,AFW_diminishing,diminishing,939.0,0.022532224655151367,20.566624685816002,12.530009650565985,1.0,0.6855541561938667
0.0,AFW_diminishing,diminishing,940.0,0.022555112838745117,19.41977184372418,14.823715334749636,1.0,0.6473257281241394
0.0,AFW_diminishing,diminishing,941.0,0.02257823944091797,20.566624685816002,12.530009650565985,1.0,0.6855541561938667
0.0,AFW_diminishing,diminishing,942.0,0.02260303497314453,19.41977184372418,14.823715334749636,1.0,0.6473257281241394
0.0,AFW_diminishing,diminishing,943.0,0.022626161575317383,20.566624685816002,12.530009650565985,1.0,0.6855541561938667
0.0,AFW_diminishing,diminishing,944.0,0.022649049758911133,19.41977184372418,14.823715334749636,1.0,0.6473257281241394
0.0,AFW_diminishing,diminishing,945.0,0.022672176361083984,20.566624685816002,12.530009650565985,1.0,0.6855541561938667
0.0,AFW_diminishing,diminishing,946.0,0.02269601821899414,19.41977184372418,14.823715334749636,1.0,0.6473257281241394
0.0,AFW_diminishing,diminishing,947.0,0.0227200984954834,20.566624685816002,12.530009650565985,1.0,0.6855541561938667
0.0,AFW_diminishing,diminishing,948.0,0.022744178771972656,19.41977184372418,14.823715334749636,1.0,0.6473257281241394
0.0,AFW_diminishing,diminishing,949.0,0.02276611328125,20.566624685816002,12.530009650565985,1.0,0.6855541561938667
0.0,AFW_diminishing,diminishing,950.0,0.02278923988342285,19.41977184372418,14.823715334749636,1.0,0.6473257281241394
0.0,AFW_diminishing,diminishing,951.0,0.02281332015991211,20.566624685816002,12.530009650565985,1.0,0.6855541561938667
0.0,AFW_diminishing,diminishing,952.0,0.022836923599243164,19.41977184372418,14.823715334749636,1.0,0.6473257281241394
0.0,AFW_diminishing,diminishing,953.0,0.022861003875732422,20.566624685816002,12.530009650565985,1.0,0.6855541561938667
0.0,AFW_diminishing,diminishing,954.0,0.022883176803588867,19.41977184372418,14.823715334749636,1.0,0.6473257281241394
0.0,AFW_diminishing,diminishing,955.0,0.022906064987182617,20.566624685816002,12.530009650565985,1.0,0.6855541561938667
0.0,AFW_diminishing,diminishing,956.0,0.022930145263671875,19.41977184372418,14.823715334749636,1.0,0.6473257281241394
0.0,AFW_diminishing,diminishing,957.0,0.02295398712158203,20.566624685816002,12.530009650565985,1.0,0.6855541561938667
0.0,AFW_diminishing,diminishing,958.0,0.022977113723754883,19.41977184372418,14.823715334749636,1.0,0.6473257281241394
0.0,AFW_diminishing,diminishing,959.0,0.023000001907348633,20.566624685816002,12.530009650565985,1.0,0.6855541561938667
0.0,AFW_diminishing,diminishing,960.0,0.02302408218383789,19.41977184372418,14.823715334749636,1.0,0.6473257281241394
0.0,AFW_diminishing,diminishing,961.0,0.023047208786010742,20.566624685816002,12.530009650565985,1.0,0.6855541561938667
0.0,AFW_diminishing,diminishing,962.0,0.023072004318237305,19.41977184372418,14.823715334749636,1.0,0.6473257281241394
0.0,AFW_diminishing,diminishing,963.0,0.023095130920410156,20.566624685816002,12.530009650565985,1.0,0.6855541561938667
0.0,AFW_diminishing,diminishing,964.0,0.023118019104003906,19.41977184372418,14.823715334749636,1.0,0.6473257281241394
0.0,AFW_diminishing,diminishing,965.0,0.023141145706176758,20.566624685816002,12.530009650565985,1.0,0.6855541561938667
0.0,AFW_diminishing,diminishing,966.0,0.02316427230834961,19.41977184372418,14.823715334749636,1.0,0.6473257281241394
0.0,AFW_diminishing,diminishing,967.0,0.023189067840576172,20.566624685816002,12.530009650565985,1.0,0.6855541561938667
0.0,AFW_diminishing,diminishing,968.0,0.023212194442749023,19.41977184372418,14.823715334749636,1.0,0.6473257281241394
0.0,AFW_diminishing,diminishing,969.0,0.023235082626342773,20.566624685816002,12.530009650565985,1.0,0.6855541561938667
0.0,AFW_diminishing,diminishing,970.0,0.023258209228515625,19.41977184372418,14.823715334749636,1.0,0.6473257281241394
0.0,AFW_diminishing,diminishing,971.0,0.023281097412109375,20.566624685816002,12.530009650565985,1.0,0.6855541561938667
0.0,AFW_diminishing,diminishing,972.0,0.023307085037231445,19.41977184372418,14.823715334749636,1.0,0.6473257281241394
0.0,AFW_diminishing,diminishing,973.0,0.023330211639404297,20.566624685816002,12.530009650565985,1.0,0.6855541561938667
0.0,AFW_diminishing,diminishing,974.0,0.023353099822998047,19.41977184372418,14.823715334749636,1.0,0.6473257281241394
0.0,AFW_diminishing,diminishing,975.0,0.0233762264251709,20.566624685816002,12.530009650565985,1.0,0.6855541561938667
0.0,AFW_diminishing,diminishing,976.0,0.02339911460876465,19.41977184372418,14.823715334749636,1.0,0.6473257281241394
0.0,AFW_diminishing,diminishing,977.0,0.023424148559570312,20.566624685816002,12.530009650565985,1.0,0.6855541561938667
0.0,AFW_diminishing,diminishing,978.0,0.023447036743164062,19.41977184372418,14.823715334749636,1.0,0.6473257281241394
0.0,AFW_diminishing,diminishing,979.0,0.023470163345336914,20.566624685816002,12.530009650565985,1.0,0.6855541561938667
0.0,AFW_diminishing,diminishing,980.0,0.023493051528930664,19.41977184372418,14.823715334749636,1.0,0.6473257281241394
0.0,AFW_diminishing,diminishing,981.0,0.023516178131103516,20.566624685816002,12.530009650565985,1.0,0.6855541561938667
0.0,AFW_diminishing,diminishing,982.0,0.023540973663330078,19.41977184372418,14.823715334749636,1.0,0.6473257281241394
0.0,AFW_diminishing,diminishing,983.0,0.02356410026550293,20.566624685816002,12.530009650565985,1.0,0.6855541561938667
0.0,AFW_diminishing,diminishing,984.0,0.023586034774780273,19.41977184372418,14.823715334749636,1.0,0.6473257281241394
0.0,AFW_diminishing,diminishing,985.0,0.02361011505126953,20.566624685816002,12.530009650565985,1.0,0.6855541561938667
0.0,AFW_diminishing,diminishing,986.0,0.023632287979125977,19.41977184372418,14.823715334749636,1.0,0.6473257281241394
0.0,AFW_diminishing,diminishing,987.0,0.023655176162719727,20.566624685816002,12.530009650565985,1.0,0.6855541561938667
0.0,AFW_diminishing,diminishing,988.0,0.023678064346313477,19.41977184372418,14.823715334749636,1.0,0.6473257281241394
0.0,AFW_diminishing,diminishing,989.0,0.02372002601623535,20.566624685816002,12.530009650565985,1.0,0.6855541561938667
0.0,AFW_diminishing,diminishing,990.0,0.023746013641357422,19.41977184372418,14.823715334749636,1.0,0.6473257281241394
0.0,AFW_diminishing,diminishing,991.0,0.02377009391784668,20.566624685816002,12.530009650565985,1.0,0.6855541561938667
0.0,AFW_diminishing,diminishing,992.0,0.023794174194335938,19.41977184372418,14.823715334749636,1.0,0.6473257281241394
0.0,AFW_diminishing,diminishing,993.0,0.023818016052246094,20.566624685816002,12.530009650565985,1.0,0.6855541561938667
0.0,AFW_diminishing,diminishing,994.0,0.023843050003051758,19.41977184372418,14.823715334749636,1.0,0.6473257281241394
0.0,AFW_diminishing,diminishing,995.0,0.02386617660522461,20.566624685816002,12.530009650565985,1.0,0.6855541561938667
0.0,AFW_diminishing,diminishing,996.0,0.023890256881713867,19.41977184372418,14.823715334749636,1.0,0.6473257281241394
0.0,AFW_diminishing,diminishing,997.0,0.02391195297241211,20.566624685816002,12.530009650565985,1.0,0.6855541561938667
0.0,AFW_diminishing,diminishing,998.0,0.02393507957458496,19.41977184372418,14.823715334749636,1.0,0.6473257281241394
0.0,AFW_diminishing,diminishing,999.0,0.02395796775817871,20.566624685816002,12.530009650565985,1.0,0.6855541561938667
0.0,AFW_exact,exact,0.0,3.719329833984375e-05,16.484849442471486,10.73971096916316,2.0,0.5494949814157162
0.0,AFW_exact,exact,1.0,7.128715515136719e-05,15.980911982161695,4.048212016133748,3.0,0.5326970660720565
0.0,AFW_exact,exact,2.0,0.00010132789611816406,15.763268607237773,2.3462612641898417,4.0,0.5254422869079257
0.0,AFW_exact,exact,3.0,0.00012922286987304688,15.742912719063453,0.7190834313132619,5.0,0.5247637573021151
0.0,AFW_exact,exact,4.0,0.0001583099365234375,15.714666344614441,0.7035037141866969,6.0,0.523822211487148
0.0,AFW_exact,exact,5.0,0.00018715858459472656,15.700983600153823,0.5790448126026888,7.0,0.5233661200051274
0.0,AFW_exact,exact,6.0,0.0002162456512451172,15.687077572756433,0.5259025071175376,8.0,0.5229025857585478
0.0,AFW_exact,exact,7.0,0.0002460479736328125,15.681078540506073,0.3115212969900476,8.0,0.5227026180168691
0.0,AFW_exact,exact,8.0,0.00028228759765625,15.675909558414663,0.1842222792404531,8.0,0.522530318613822
0.0,AFW_exact,exact,9.0,0.0003132820129394531,15.671433979826602,0.26799540578600833,8.0,0.5223811326608867
0.0,AFW_exact,exact,10.0,0.00034618377685546875,15.666982605485966,0.18787114938407257,8.0,0.5222327535161989
0.0,AFW_exact,exact,11.0,0.0003762245178222656,15.66310655454702,0.24909025486192782,8.0,0.522103551818234
0.0,AFW_exact,exact,12.0,0.00040602684020996094,15.659268012858316,0.19302529292465032,8.0,0.5219756004286106
0.0,AFW_exact,exact,13.0,0.0004360675811767578,15.655908206429121,0.23162717829091406,8.0,0.5218636068809707
0.0,AFW_exact,exact,14.0,0.00046515464782714844,15.65259406269571,0.19932346776017873,8.0,0.5217531354231904
0.0,AFW_exact,exact,15.0,0.0004942417144775391,15.64967936943302,0.21548303552338943,8.0,0.5216559789811007
0.0,AFW_exact,exact,16.0,0.0005230903625488281,15.646814765259125,0.2064710089720947,8.0,0.5215604921753042
0.0,AFW_exact,exact,17.0,0.0005521774291992188,15.644284316412723,0.2005467340908993,8.0,0.5214761438804241
0.0,AFW_exact,exact,18.0,0.0005812644958496094,15.64231692061182,0.21422781577858174,8.0,0.521410564020394
0.0,AFW_exact,exact,19.0,0.0006101131439208984,15.640857642862642,0.09553767345536102,8.0,0.5213619214287547
0.0,AFW_exact,exact,20.0,0.0006382465362548828,15.63831358612571,0.20125380217265665,8.0,0.5212771195375236
0.0,AFW_exact,exact,21.0,0.0006673336029052734,15.635821186641888,0.11003667204652956,8.0,0.5211940395547295
0.0,AFW_exact,exact,22.0,0.0006961822509765625,15.633610580984008,0.18739344428072258,8.0,0.521120352699467
0.0,AFW_exact,exact,23.0,0.0007262229919433594,15.631595911246828,0.11805471518812105,7.0,0.521053197041561
0.0,AFW_exact,exact,24.0,0.0007543563842773438,15.630679213341567,0.12859510295725052,7.0,0.5210226404447189
0.0,AFW_exact,exact,25.0,0.0007832050323486328,15.629632709987968,0.09802253729725408,7.0,0.520987756999599
0.0,AFW_exact,exact,26.0,0.0008120536804199219,15.628965068742353,0.11118254241112879,7.0,0.5209655022914118
0.0,AFW_exact,exact,27.0,0.0008401870727539062,15.628537696440423,0.08135986157608777,7.0,0.5209512565480141
0.0,AFW_exact,exact,28.0,0.0008702278137207031,15.62828268926411,0.07027851104455962,8.0,0.5209427563088036
0.0,AFW_exact,exact,29.0,0.0009002685546875,15.628156863783895,0.04794312936646605,8.0,0.5209385621261299
0.0,AFW_exact,exact,30.0,0.0009500980377197266,15.627959970641664,0.036953988290079565,8.0,0.5209319990213888
0.0,AFW_exact,exact,31.0,0.0009891986846923828,15.62783313010616,0.037094036445848744,8.0,0.5209277710035386
0.0,AFW_exact,exact,32.0,0.001020193099975586,15.627698715995283,0.03885128018739259,8.0,0.5209232905331761
0.0,AFW_exact,exact,33.0,0.0010521411895751953,15.627547103059806,0.06456807102870066,9.0,0.5209182367686602
0.0,AFW_exact,exact,34.0,0.0011181831359863281,15.627500172266531,0.032616048019466604,9.0,0.5209166724088844
0.0,AFW_exact,exact,35.0,0.0011682510375976562,15.62744050187167,0.023977073087111833,9.0,0.5209146833957223
0.0,AFW_exact,exact,36.0,0.0011980533599853516,15.62740370393157,0.022316880531311867,9.0,0.520913456797719
0.0,AFW_exact,exact,37.0,0.0012280941009521484,15.62734841742319,0.031726426609296254,9.0,0.5209116139141063
0.0,AFW_exact,exact,38.0,0.0012562274932861328,15.627274261505185,0.02135946153426005,9.0,0.5209091420501728
0.0,AFW_exact,exact,39.0,0.0012853145599365234,15.62722502408391,0.01482151472971438,9.0,0.520907500802797
0.0,AFW_exact,exact,40.0,0.0013151168823242188,15.6272036622684,0.019695384708949604,9.0,0.52090678874228
0.0,AFW_exact,exact,41.0,0.0013442039489746094,15.627197182120057,0.009921358580623263,9.0,0.5209065727373352
0.0,AFW_exact,exact,42.0,0.001373291015625,15.62718615781432,0.01478062313469053,9.0,0.5209062052604774
0.0,AFW_exact,exact,43.0,0.001402139663696289,15.627176456948265,0.011538514497750896,9.0,0.5209058818982755
0.0,AFW_exact,exact,44.0,0.0014300346374511719,15.627164928428137,0.009459440797494167,9.0,0.5209054976142712
0.0,AFW_exact,exact,45.0,0.0014600753784179688,15.627155197956638,0.007099280580336043,9.0,0.5209051732652212
0.0,AFW_exact,exact,46.0,0.0014913082122802734,15.627148010873116,0.014006844936668372,9.0,0.5209049336957705
0.0,AFW_exact,exact,47.0,0.00151824951171875,15.627145054085386,0.00816937879887547,9.0,0.5209048351361795
0.0,AFW_exact,exact,48.0,0.0015501976013183594,15.627141980653139,0.006715499033379757,9.0,0.520904732688438
0.0,AFW_exact,exact,49.0,0.0015790462493896484,15.627139355914954,0.005987595975730287,9.0,0.5209046451971652
0.0,AFW_exact,exact,50.0,0.0016083717346191406,15.627135154870068,0.004907504278325092,9.0,0.5209045051623356
0.0,AFW_exact,exact,51.0,0.001638174057006836,15.627133324989488,0.0059144674916282725,9.0,0.5209044441663163
0.0,AFW_exact,exact,52.0,0.0016682147979736328,15.627131874734163,0.005123584410117843,9.0,0.5209043958244721
0.0,AFW_exact,exact,53.0,0.001699209213256836,15.627131238644692,0.003250442644210594,9.0,0.5209043746214898
0.0,AFW_exact,exact,54.0,0.0017290115356445312,15.627130511642696,0.0027192104393343186,9.0,0.5209043503880898
0.0,AFW_exact,exact,55.0,0.0017583370208740234,15.627129813915404,0.004361144570587783,9.0,0.5209043271305135
0.0,AFW_exact,exact,56.0,0.0017852783203125,15.62712858191693,0.0035859091308374502,9.0,0.5209042860638976
0.0,AFW_exact,exact,57.0,0.0018131732940673828,15.627128147145159,0.0020543812927495964,9.0,0.5209042715715053
0.0,AFW_exact,exact,58.0,0.001844167709350586,15.627127701737704,0.003169319109051827,9.0,0.5209042567245902
0.0,AFW_exact,exact,59.0,0.0018742084503173828,15.62712747509358,0.0017187059712178154,9.0,0.5209042491697861
0.0,AFW_exact,exact,60.0,0.0019032955169677734,15.627127265767376,0.001945858277890622,9.0,0.5209042421922458
0.0,AFW_exact,exact,61.0,0.0019330978393554688,15.627126939001977,0.0022271351560494423,9.0,0.5209042313000659
0.0,AFW_exact,exact,62.0,0.0019621849060058594,15.627126775617702,0.002110042156660441,9.0,0.5209042258539234
0.0,AFW_exact,exact,63.0,0.0019922256469726562,15.627126655501105,0.0011748522558292507,9.0,0.5209042218500368
0.0,AFW_exact,exact,64.0,0.002022266387939453,15.62712658107574,0.001192203787953261,9.0,0.5209042193691913
0.0,AFW_exact,exact,65.0,0.0020532608032226562,15.627126506017495,0.0008683742286770268,9.0,0.5209042168672499
0.0,AFW_exact,exact,66.0,0.0020821094512939453,15.627126445362023,0.0009671078306912051,9.0,0.5209042148454007
0.0,AFW_exact,exact,67.0,0.002112150192260742,15.627126337749303,0.0013950983054336064,9.0,0.5209042112583101
0.0,AFW_exact,exact,68.0,0.002141237258911133,15.627126302076913,0.0008967386103098107,9.0,0.5209042100692305
0.0,AFW_exact,exact,69.0,0.0021712779998779297,15.627126271455166,0.0006816400404439094,9.0,0.5209042090485055
0.0,AFW_exact,exact,70.0,0.0022001266479492188,15.627126245220902,0.0008454348727457983,9.0,0.52090420817403
0.0,AFW_exact,exact,71.0,0.0022301673889160156,15.627126215857237,0.00039350802677162733,9.0,0.5209042071952412
0.0,AFW_exact,exact,72.0,0.0022592544555664062,15.62712618882538,0.00047290877906824846,9.0,0.5209042062941793
0.0,AFW_exact,exact,73.0,0.002289295196533203,15.627126165763443,0.0006457805160398067,9.0,0.5209042055254481
0.0,AFW_exact,exact,74.0,0.002318143844604492,15.627126156775166,0.0003734515575590791,9.0,0.5209042052258389
0.0,AFW_exact,exact,75.0,0.002348184585571289,15.627126142850367,0.0002958628889651038,9.0,0.5209042047616789
0.0,AFW_exact,exact,76.0,0.0023779869079589844,15.627126138899758,0.00032806599167578554,9.0,0.520904204629992
0.0,AFW_exact,exact,77.0,0.002409219741821289,15.62712613212798,0.00024914754382798776,9.0,0.520904204404266
0.0,AFW_exact,exact,78.0,0.0024383068084716797,15.627126125512497,0.0003861542843086596,9.0,0.5209042041837499
0.0,AFW_exact,exact,79.0,0.002469301223754883,15.627126123005947,0.000218768038468653,9.0,0.5209042041001982
0.0,AFW_exact,exact,80.0,0.002498149871826172,15.627126119982082,0.00023382910729452533,9.0,0.5209042039994027
0.0,AFW_exact,exact,81.0,0.0025281906127929688,15.62712611403148,0.0003004683678913267,9.0,0.5209042038010493
0.0,AFW_exact,exact,82.0,0.0025572776794433594,15.627126111965875,0.00023721908217311238,9.0,0.5209042037321958
0.0,AFW_exact,exact,83.0,0.0025873184204101562,15.627126110961612,0.0001285372233290616,9.0,0.5209042036987204
0.0,AFW_exact,exact,84.0,0.0026161670684814453,15.627126108460587,0.00021265494006073027,9.0,0.520904203615353
0.0,AFW_exact,exact,85.0,0.002646207809448242,15.62712610724566,0.0001357636932688422,9.0,0.5209042035748553
0.0,AFW_exact,exact,86.0,0.002675294876098633,15.627126105898293,0.0001742667279067689,9.0,0.5209042035299432
0.0,AFW_exact,exact,87.0,0.002696990966796875,15.627126105898293,9.450429787527526e-05,9.0,0.5209042035299432
0.0,PFW_diminishing,diminishing,0.0,3.0994415283203125e-05,20.02424955274294,10.73971096916316,1.0,0.6674749850914313
0.0,PFW_diminishing,diminishing,1.0,6.008148193359375e-05,20.566624685816002,13.358413804480087,1.0,0.6855541561938667
0.0,PFW_diminishing,diminishing,2.0,8.702278137207031e-05,19.41977184372418,14.82371533474964,1.0,0.6473257281241394
0.0,PFW_diminishing,diminishing,3.0,0.00011396408081054688,20.566624685816002,12.530009650565985,1.0,0.6855541561938667
0.0,PFW_diminishing,diminishing,4.0,0.00013899803161621094,19.41977184372418,14.82371533474964,1.0,0.6473257281241394
0.0,PFW_diminishing,diminishing,5.0,0.00016307830810546875,20.566624685816002,12.530009650565985,1.0,0.6855541561938667
0.0,PFW_diminishing,diminishing,6.0,0.00018715858459472656,19.41977184372418,14.82371533474964,1.0,0.6473257281241394
0.0,PFW_diminishing,diminishing,7.0,0.00021076202392578125,20.566624685816002,12.530009650565985,1.0,0.6855541561938667
0.0,PFW_diminishing,diminishing,8.0,0.00023484230041503906,19.41977184372418,14.82371533474964,1.0,0.6473257281241394
0.0,PFW_diminishing,diminishing,9.0,0.0002570152282714844,20.566624685816002,12.530009650565985,1.0,0.6855541561938667
0.0,PFW_diminishing,diminishing,10.0,0.0002810955047607422,19.41977184372418,14.82371533474964,1.0,0.6473257281241394
0.0,PFW_diminishing,diminishing,11.0,0.00030517578125,20.566624685816002,12.530009650565985,1.0,0.6855541561938667
0.0,PFW_diminishing,diminishing,12.0,0.0003287792205810547,19.41977184372418,14.82371533474964,1.0,0.6473257281241394
0.0,PFW_diminishing,diminishing,13.0,0.00035190582275390625,20.566624685816002,12.530009650565985,1.0,0.6855541561938667
0.0,PFW_diminishing,diminishing,14.0,0.00037384033203125,19.41977184372418,14.82371533474964,1.0,0.6473257281241394
0.0,PFW_diminishing,diminishing,15.0,0.0003979206085205078,20.566624685816002,12.530009650565985,1.0,0.6855541561938667
0.0,PFW_diminishing,diminishing,16.0,0.0004210472106933594,19.41977184372418,14.82371533474964,1.0,0.6473257281241394
0.0,PFW_diminishing,diminishing,17.0,0.0004448890686035156,20.566624685816002,12.530009650565985,1.0,0.6855541561938667
0.0,PFW_diminishing,diminishing,18.0,0.0004680156707763672,19.41977184372418,14.82371533474964,1.0,0.6473257281241394
0.0,PFW_diminishing,diminishing,19.0,0.0004899501800537109,20.566624685816002,12.530009650565985,1.0,0.6855541561938667
0.0,PFW_diminishing,diminishing,20.0,0.0005140304565429688,19.41977184372418,14.82371533474964,1.0,0.6473257281241394
0.0,PFW_diminishing,diminishing,21.0,0.0005359649658203125,20.566624685816002,12.530009650565985,1.0,0.6855541561938667
0.0,PFW_diminishing,diminishing,22.0,0.0005600452423095703,19.41977184372418,14.82371533474964,1.0,0.6473257281241394
0.0,PFW_diminishing,diminishing,23.0,0.0005829334259033203,20.566624685816002,12.530009650565985,1.0,0.6855541561938667
0.0,PFW_diminishing,diminishing,24.0,0.0006058216094970703,19.41977184372418,14.82371533474964,1.0,0.6473257281241394
0.0,PFW_diminishing,diminishing,25.0,0.0006289482116699219,20.566624685816002,12.530009650565985,1.0,0.6855541561938667
0.0,PFW_diminishing,diminishing,26.0,0.0006520748138427734,19.41977184372418,14.82371533474964,1.0,0.6473257281241394
0.0,PFW_diminishing,diminishing,27.0,0.0006759166717529297,20.566624685816002,12.530009650565985,1.0,0.6855541561938667
0.0,PFW_diminishing,diminishing,28.0,0.0006999969482421875,19.41977184372418,14.82371533474964,1.0,0.6473257281241394
0.0,PFW_diminishing,diminishing,29.0,0.0007238388061523438,20.566624685816002,12.530009650565985,1.0,0.6855541561938667
0.0,PFW_diminishing,diminishing,30.0,0.0007469654083251953,19.41977184372418,14.82371533474964,1.0,0.6473257281241394
0.0,PFW_diminishing,diminishing,31.0,0.0007688999176025391,20.566624685816002,12.530009650565985,1.0,0.6855541561938667
0.0,PFW_diminishing,diminishing,32.0,0.0007910728454589844,19.41977184372418,14.82371533474964,1.0,0.6473257281241394
0.0,PFW_diminishing,diminishing,33.0,0.0008149147033691406,20.566624685816002,12.530009650565985,1.0,0.6855541561938667
0.0,PFW_diminishing,diminishing,34.0,0.0008370876312255859,19.41977184372418,14.82371533474964,1.0,0.6473257281241394
0.0,PFW_diminishing,diminishing,35.0,0.0008609294891357422,20.566624685816002,12.530009650565985,1.0,0.6855541561938667
0.0,PFW_diminishing,diminishing,36.0,0.0008838176727294922,19.41977184372418,14.82371533474964,1.0,0.6473257281241394
0.0,PFW_diminishing,diminishing,37.0,0.0009059906005859375,20.566624685816002,12.530009650565985,1.0,0.6855541561938667
0.0,PFW_diminishing,diminishing,38.0,0.0009288787841796875,19.41977184372418,14.82371533474964,1.0,0.6473257281241394
0.0,PFW_diminishing,diminishing,39.0,0.0009520053863525391,20.566624685816002,12.530009650565985,1.0,0.6855541561938667
0.0,PFW_diminishing,diminishing,40.0,0.0009760856628417969,19.41977184372418,14.82371533474964,1.0,0.6473257281241394
0.0,PFW_diminishing,diminishing,41.0,0.0009987354278564453,20.566624685816002,12.530009650565985,1.0,0.6855541561938667
0.0,PFW_diminishing,diminishing,42.0,0.0010209083557128906,19.41977184372418,14.82371533474964,1.0,0.6473257281241394
0.0,PFW_diminishing,diminishing,43.0,0.0010437965393066406,20.566624685816002,12.530009650565985,1.0,0.6855541561938667
0.0,PFW_diminishing,diminishing,44.0,0.0010669231414794922,19.41977184372418,14.82371533474964,1.0,0.6473257281241394
0.0,PFW_diminishing,diminishing,45.0,0.0010900497436523438,20.566624685816002,12.530009650565985,1.0,0.6855541561938667
0.0,PFW_diminishing,diminishing,46.0,0.0011141300201416016,19.41977184372418,14.82371533474964,1.0,0.6473257281241394
0.0,PFW_diminishing,diminishing,47.0,0.0011360645294189453,20.566624685816002,12.530009650565985,1.0,0.6855541561938667
0.0,PFW_diminishing,diminishing,48.0,0.0011599063873291016,19.41977184372418,14.82371533474964,1.0,0.6473257281241394
0.0,PFW_diminishing,diminishing,49.0,0.0011818408966064453,20.566624685816002,12.530009650565985,1.0,0.6855541561938667
0.0,PFW_diminishing,diminishing,50.0,0.0012059211730957031,19.41977184372418,14.82371533474964,1.0,0.6473257281241394
0.0,PFW_diminishing,diminishing,51.0,0.0012290477752685547,20.566624685816002,12.530009650565985,1.0,0.6855541561938667
0.0,PFW_diminishing,diminishing,52.0,0.0012557506561279297,19.41977184372418,14.82371533474964,1.0,0.6473257281241394
0.0,PFW_diminishing,diminishing,53.0,0.0012788772583007812,20.566624685816002,12.530009650565985,1.0,0.6855541561938667
0.0,PFW_diminishing,diminishing,54.0,0.0013020038604736328,19.41977184372418,14.82371533474964,1.0,0.6473257281241394
0.0,PFW_diminishing,diminishing,55.0,0.0013260841369628906,20.566624685816002,12.530009650565985,1.0,0.6855541561938667
0.0,PFW_diminishing,diminishing,56.0,0.0013489723205566406,19.41977184372418,14.82371533474964,1.0,0.6473257281241394
0.0,PFW_diminishing,diminishing,57.0,0.0013959407806396484,20.566624685816002,12.530009650565985,1.0,0.6855541561938667
0.0,PFW_diminishing,diminishing,58.0,0.0014269351959228516,19.41977184372418,14.82371533474964,1.0,0.6473257281241394
0.0,PFW_diminishing,diminishing,59.0,0.0014519691467285156,20.566624685816002,12.530009650565985,1.0,0.6855541561938667
0.0,PFW_diminishing,diminishing,60.0,0.0014760494232177734,19.41977184372418,14.82371533474964,1.0,0.6473257281241394
0.0,PFW_diminishing,diminishing,61.0,0.001499176025390625,20.566624685816002,12.530009650565985,1.0,0.6855541561938667
0.0,PFW_diminishing,diminishing,62.0,0.0015227794647216797,19.41977184372418,14.82371533474964,1.0,0.6473257281241394
0.0,PFW_diminishing,diminishing,63.0,0.0015468597412109375,20.566624685816002,12.530009650565985,1.0,0.6855541561938667
0.0,PFW_diminishing,diminishing,64.0,0.001569986343383789,19.41977184372418,14.82371533474964,1.0,0.6473257281241394
0.0,PFW_diminishing,diminishing,65.0,0.0015931129455566406,20.566624685816002,12.530009650565985,1.0,0.6855541561938667
0.0,PFW_diminishing,diminishing,66.0,0.0016171932220458984,19.41977184372418,14.82371533474964,1.0,0.6473257281241394
0.0,PFW_diminishing,diminishing,67.0,0.0016398429870605469,20.566624685816002,12.530009650565985,1.0,0.6855541561938667
0.0,PFW_diminishing,diminishing,68.0,0.0016608238220214844,19.41977184372418,14.82371533474964,1.0,0.6473257281241394
0.0,PFW_diminishing,diminishing,69.0,0.0016849040985107422,20.566624685816002,12.530009650565985,1.0,0.6855541561938667
0.0,PFW_diminishing,diminishing,70.0,0.0017080307006835938,19.41977184372418,14.82371533474964,1.0,0.6473257281241394
0.0,PFW_diminishing,diminishing,71.0,0.0017309188842773438,20.566624685816002,12.530009650565985,1.0,0.6855541561938667
0.0,PFW_diminishing,diminishing,72.0,0.0017540454864501953,19.41977184372418,14.82371533474964,1.0,0.6473257281241394
0.0,PFW_diminishing,diminishing,73.0,0.001775979995727539,20.566624685816002,12.530009650565985,1.0,0.6855541561938667
0.0,PFW_diminishing,diminishing,74.0,0.001798868179321289,19.41977184372418,14.82371533474964,1.0,0.6473257281241394
0.0,PFW_diminishing,diminishing,75.0,0.0018219947814941406,20.566624685816002,12.530009650565985,1.0,0.6855541561938667
0.0,PFW_diminishing,diminishing,76.0,0.0018458366394042969,19.41977184372418,14.82371533474964,1.0,0.6473257281241394
0.0,PFW_diminishing,diminishing,77.0,0.0018711090087890625,20.566624685816002,12.530009650565985,1.0,0.6855541561938667
0.0,PFW_diminishing,diminishing,78.0,0.00189208984375,19.41977184372418,14.82371533474964,1.0,0.6473257281241394
0.0,PFW_diminishing,diminishing,79.0,0.0019161701202392578,20.566624685816002,12.530009650565985,1.0,0.6855541561938667
0.0,PFW_diminishing,diminishing,80.0,0.0019378662109375,19.41977184372418,14.82371533474964,1.0,0.6473257281241394
0.0,PFW_diminishing,diminishing,81.0,0.001961946487426758,20.566624685816002,12.530009650565985,1.0,0.6855541561938667
0.0,PFW_diminishing,diminishing,82.0,0.001984834671020508,19.41977184372418,14.82371533474964,1.0,0.6473257281241394
0.0,PFW_diminishing,diminishing,83.0,0.002006053924560547,20.566624685816002,12.530009650565985,1.0,0.6855541561938667
0.0,PFW_diminishing,diminishing,84.0,0.002028942108154297,19.41977184372418,14.82371533474964,1.0,0.6473257281241394
0.0,PFW_diminishing,diminishing,85.0,0.0020520687103271484,20.566624685816002,12.530009650565985,1.0,0.6855541561938667
0.0,PFW_diminishing,diminishing,86.0,0.0020749568939208984,19.41977184372418,14.82371533474964,1.0,0.6473257281241394
0.0,PFW_diminishing,diminishing,87.0,0.0020987987518310547,20.566624685816002,12.530009650565985,1.0,0.6855541561938667
0.0,PFW_diminishing,diminishing,88.0,0.002119779586791992,19.41977184372418,14.82371533474964,1.0,0.6473257281241394
0.0,PFW_diminishing,diminishing,89.0,0.00214385986328125,20.566624685816002,12.530009650565985,1.0,0.6855541561938667
0.0,PFW_diminishing,diminishing,90.0,0.0021660327911376953,19.41977184372418,14.82371533474964,1.0,0.6473257281241394
0.0,PFW_diminishing,diminishing,91.0,0.002190113067626953,20.566624685816002,12.530009650565985,1.0,0.6855541561938667
0.0,PFW_diminishing,diminishing,92.0,0.002213001251220703,19.41977184372418,14.82371533474964,1.0,0.6473257281241394
0.0,PFW_diminishing,diminishing,93.0,0.0022361278533935547,20.566624685816002,12.530009650565985,1.0,0.6855541561938667
0.0,PFW_diminishing,diminishing,94.0,0.002258777618408203,19.41977184372418,14.82371533474964,1.0,0.6473257281241394
0.0,PFW_diminishing,diminishing,95.0,0.0022819042205810547,20.566624685816002,12.530009650565985,1.0,0.6855541561938667
0.0,PFW_diminishing,diminishing,96.0,0.0023050308227539062,19.41977184372418,14.82371533474964,1.0,0.6473257281241394
0.0,PFW_diminishing,diminishing,97.0,0.0023279190063476562,20.566624685816002,12.530009650565985,1.0,0.6855541561938667
0.0,PFW_diminishing,diminishing,98.0,0.0023500919342041016,19.41977184372418,14.82371533474964,1.0,0.6473257281241394
0.0,PFW_diminishing,diminishing,99.0,0.0023729801177978516,20.566624685816002,12.530009650565985,1.0,0.6855541561938667
0.0,PFW_diminishing,diminishing,100.0,0.002395153045654297,19.41977184372418,14.82371533474964,1.0,0.6473257281241394
0.0,PFW_diminishing,diminishing,101.0,0.0024187564849853516,20.566624685816002,12.530009650565985,1.0,0.6855541561938667
0.0,PFW_diminishing,diminishing,102.0,0.002441883087158203,19.41977184372418,14.82371533474964,1.0,0.6473257281241394
0.0,PFW_diminishing,diminishing,103.0,0.002463817596435547,20.566624685816002,12.530009650565985,1.0,0.6855541561938667
0.0,PFW_diminishing,diminishing,104.0,0.0024869441986083984,19.41977184372418,14.82371533474964,1.0,0.6473257281241394
0.0,PFW_diminishing,diminishing,105.0,0.00251007080078125,20.566624685816002,12.530009650565985,1.0,0.6855541561938667
0.0,PFW_diminishing,diminishing,106.0,0.002532958984375,19.41977184372418,14.82371533474964,1.0,0.6473257281241394
0.0,PFW_diminishing,diminishing,107.0,0.0025568008422851562,20.566624685816002,12.530009650565985,1.0,0.6855541561938667
0.0,PFW_diminishing,diminishing,108.0,0.0025789737701416016,19.41977184372418,14.82371533474964,1.0,0.6473257281241394
0.0,PFW_diminishing,diminishing,109.0,0.0026040077209472656,20.566624685816002,12.530009650565985,1.0,0.6855541561938667
0.0,PFW_diminishing,diminishing,110.0,0.0026268959045410156,19.41977184372418,14.82371533474964,1.0,0.6473257281241394
0.0,PFW_diminishing,diminishing,111.0,0.002647876739501953,20.566624685816002,12.530009650565985,1.0,0.6855541561938667
0.0,PFW_diminishing,diminishing,112.0,0.0026710033416748047,19.41977184372418,14.82371533474964,1.0,0.6473257281241394
0.0,PFW_diminishing,diminishing,113.0,0.0026941299438476562,20.566624685816002,12.530009650565985,1.0,0.6855541561938667
0.0,PFW_diminishing,diminishing,114.0,0.0027167797088623047,19.41977184372418,14.82371533474964,1.0,0.6473257281241394
0.0,PFW_diminishing,diminishing,115.0,0.0027399063110351562,20.566624685816002,12.530009650565985,1.0,0.6855541561938667
0.0,PFW_diminishing,diminishing,116.0,0.0027608871459960938,19.41977184372418,14.82371533474964,1.0,0.6473257281241394
0.0,PFW_diminishing,diminishing,117.0,0.0027849674224853516,20.566624685816002,12.530009650565985,1.0,0.6855541561938667
0.0,PFW_diminishing,diminishing,118.0,0.0028069019317626953,19.41977184372418,14.82371533474964,1.0,0.6473257281241394
0.0,PFW_diminishing,diminishing,119.0,0.002830982208251953,20.566624685816002,12.530009650565985,1.0,0.6855541561938667
0.0,PFW_diminishing,diminishing,120.0,0.0028548240661621094,19.41977184372418,14.82371533474964,1.0,0.6473257281241394
0.0,PFW_diminishing,diminishing,121.0,0.002876758575439453,20.566624685816002,12.530009650565985,1.0,0.6855541561938667
0.0,PFW_diminishing,diminishing,122.0,0.002900838851928711,19.41977184372418,14.82371533474964,1.0,0.6473257281241394
0.0,PFW_diminishing,diminishing,123.0,0.002933979034423828,20.566624685816002,12.530009650565985,1.0,0.6855541561938667
0.0,PFW_diminishing,diminishing,124.0,0.002956867218017578,19.41977184372418,14.82371533474964,1.0,0.6473257281241394
0.0,PFW_diminishing,diminishing,125.0,0.0029799938201904297,20.566624685816002,12.530009650565985,1.0,0.6855541561938667
0.0,PFW_diminishing,diminishing,126.0,0.0030031204223632812,19.41977184372418,14.82371533474964,1.0,0.6473257281241394
0.0,PFW_diminishing,diminishing,127.0,0.0030257701873779297,20.566624685816002,12.530009650565985,1.0,0.6855541561938667
0.0,PFW_diminishing,diminishing,128.0,0.0030488967895507812,19.41977184372418,14.82371533474964,1.0,0.6473257281241394
0.0,PFW_diminishing,diminishing,129.0,0.003072023391723633,20.566624685816002,12.530009650565985,1.0,0.6855541561938667
0.0,PFW_diminishing,diminishing,130.0,0.003094911575317383,19.41977184372418,14.82371533474964,1.0,0.6473257281241394
0.0,PFW_diminishing,diminishing,131.0,0.0031180381774902344,20.566624685816002,12.530009650565985,1.0,0.6855541561938667
0.0,PFW_diminishing,diminishing,132.0,0.003141164779663086,19.41977184372418,14.82371533474964,1.0,0.6473257281241394
0.0,PFW_diminishing,diminishing,133.0,0.0031630992889404297,20.566624685816002,12.530009650565985,1.0,0.6855541561938667
0.0,PFW_diminishing,diminishing,134.0,0.003185749053955078,19.41977184372418,14.82371533474964,1.0,0.6473257281241394
0.0,PFW_diminishing,diminishing,135.0,0.0032088756561279297,20.566624685816002,12.530009650565985,1.0,0.6855541561938667
0.0,PFW_diminishing,diminishing,136.0,0.0032320022583007812,19.41977184372418,14.82371533474964,1.0,0.6473257281241394
0.0,PFW_diminishing,diminishing,137.0,0.0032548904418945312,20.566624685816002,12.530009650565985,1.0,0.6855541561938667
0.0,PFW_diminishing,diminishing,138.0,0.0032770633697509766,19.41977184372418,14.82371533474964,1.0,0.6473257281241394
0.0,PFW_diminishing,diminishing,139.0,0.0032999515533447266,20.566624685816002,12.530009650565985,1.0,0.6855541561938667
0.0,PFW_diminishing,diminishing,140.0,0.003323078155517578,19.41977184372418,14.82371533474964,1.0,0.6473257281241394
0.0,PFW_diminishing,diminishing,141.0,0.003345966339111328,20.566624685816002,12.530009650565985,1.0,0.6855541561938667
0.0,PFW_diminishing,diminishing,142.0,0.003368854522705078,19.41977184372418,14.82371533474964,1.0,0.6473257281241394
0.0,PFW_diminishing,diminishing,143.0,0.003390789031982422,20.566624685816002,12.530009650565985,1.0,0.6855541561938667
0.0,PFW_diminishing,diminishing,144.0,0.0034139156341552734,19.41977184372418,14.82371533474964,1.0,0.6473257281241394
0.0,PFW_diminishing,diminishing,145.0,0.003437042236328125,20.566624685816002,12.530009650565985,1.0,0.6855541561938667
0.0,PFW_diminishing,diminishing,146.0,0.003459930419921875,19.41977184372418,14.82371533474964,1.0,0.6473257281241394
0.0,PFW_diminishing,diminishing,147.0,0.0034830570220947266,20.566624685816002,12.530009650565985,1.0,0.6855541561938667
0.0,PFW_diminishing,diminishing,148.0,0.003504037857055664,19.41977184372418,14.82371533474964,1.0,0.6473257281241394
0.0,PFW_diminishing,diminishing,149.0,0.0035278797149658203,20.566624685816002,12.530009650565985,1.0,0.6855541561938667
0.0,PFW_diminishing,diminishing,150.0,0.003551006317138672,19.41977184372418,14.82371533474964,1.0,0.6473257281241394
0.0,PFW_diminishing,diminishing,151.0,0.003573894500732422,20.566624685816002,12.530009650565985,1.0,0.6855541561938667
0.0,PFW_diminishing,diminishing,152.0,0.0035970211029052734,19.41977184372418,14.82371533474964,1.0,0.6473257281241394
0.0,PFW_diminishing,diminishing,153.0,0.003618955612182617,20.566624685816002,12.530009650565985,1.0,0.6855541561938667
0.0,PFW_diminishing,diminishing,154.0,0.0036420822143554688,19.41977184372418,14.82371533474964,1.0,0.6473257281241394
0.0,PFW_diminishing,diminishing,155.0,0.0036649703979492188,20.566624685816002,12.530009650565985,1.0,0.6855541561938667
0.0,PFW_diminishing,diminishing,156.0,0.0036878585815429688,19.41977184372418,14.82371533474964,1.0,0.6473257281241394
0.0,PFW_diminishing,diminishing,157.0,0.0037109851837158203,20.566624685816002,12.530009650565985,1.0,0.6855541561938667
0.0,PFW_diminishing,diminishing,158.0,0.003732919692993164,19.41977184372418,14.82371533474964,1.0,0.6473257281241394
0.0,PFW_diminishing,diminishing,159.0,0.0037560462951660156,20.566624685816002,12.530009650565985,1.0,0.6855541561938667
0.0,PFW_diminishing,diminishing,160.0,0.0037779808044433594,19.41977184372418,14.82371533474964,1.0,0.6473257281241394
0.0,PFW_diminishing,diminishing,161.0,0.003802061080932617,20.566624685816002,12.530009650565985,1.0,0.6855541561938667
0.0,PFW_diminishing,diminishing,162.0,0.0038251876831054688,19.41977184372418,14.82371533474964,1.0,0.6473257281241394
0.0,PFW_diminishing,diminishing,163.0,0.0038461685180664062,20.566624685816002,12.530009650565985,1.0,0.6855541561938667
0.0,PFW_diminishing,diminishing,164.0,0.0038709640502929688,19.41977184372418,14.82371533474964,1.0,0.6473257281241394
0.0,PFW_diminishing,diminishing,165.0,0.0038928985595703125,20.566624685816002,12.530009650565985,1.0,0.6855541561938667
0.0,PFW_diminishing,diminishing,166.0,0.00391697883605957,19.41977184372418,14.82371533474964,1.0,0.6473257281241394
0.0,PFW_diminishing,diminishing,167.0,0.003940105438232422,20.566624685816002,12.530009650565985,1.0,0.6855541561938667
0.0,PFW_diminishing,diminishing,168.0,0.003961086273193359,19.41977184372418,14.82371533474964,1.0,0.6473257281241394
0.0,PFW_diminishing,diminishing,169.0,0.003985166549682617,20.566624685816002,12.530009650565985,1.0,0.6855541561938667
0.0,PFW_diminishing,diminishing,170.0,0.004006862640380859,19.41977184372418,14.82371533474964,1.0,0.6473257281241394
0.0,PFW_diminishing,diminishing,171.0,0.004029989242553711,20.566624685816002,12.530009650565985,1.0,0.6855541561938667
0.0,PFW_diminishing,diminishing,172.0,0.004053831100463867,19.41977184372418,14.82371533474964,1.0,0.6473257281241394
0.0,PFW_diminishing,diminishing,173.0,0.0040760040283203125,20.566624685816002,12.530009650565985,1.0,0.6855541561938667
0.0,PFW_diminishing,diminishing,174.0,0.0040988922119140625,19.41977184372418,14.82371533474964,1.0,0.6473257281241394
0.0,PFW_diminishing,diminishing,175.0,0.004122018814086914,20.566624685816002,12.530009650565985,1.0,0.6855541561938667
0.0,PFW_diminishing,diminishing,176.0,0.004145145416259766,19.41977184372418,14.82371533474964,1.0,0.6473257281241394
0.0,PFW_diminishing,diminishing,177.0,0.004167795181274414,20.566624685816002,12.530009650565985,1.0,0.6855541561938667
0.0,PFW_diminishing,diminishing,178.0,0.0041887760162353516,19.41977184372418,14.82371533474964,1.0,0.6473257281241394
0.0,PFW_diminishing,diminishing,179.0,0.004212856292724609,20.566624685816002,12.530009650565985,1.0,0.6855541561938667
0.0,PFW_diminishing,diminishing,180.0,0.004235982894897461,19.41977184372418,14.82371533474964,1.0,0.6473257281241394
0.0,PFW_diminishing,diminishing,181.0,0.0042591094970703125,20.566624685816002,12.530009650565985,1.0,0.6855541561938667
0.0,PFW_diminishing,diminishing,182.0,0.0042819976806640625,19.41977184372418,14.82371533474964,1.0,0.6473257281241394
0.0,PFW_diminishing,diminishing,183.0,0.004302978515625,20.566624685816002,12.530009650565985,1.0,0.6855541561938667
0.0,PFW_diminishing,diminishing,184.0,0.0043261051177978516,19.41977184372418,14.82371533474964,1.0,0.6473257281241394
0.0,PFW_diminishing,diminishing,185.0,0.0043487548828125,20.566624685816002,12.530009650565985,1.0,0.6855541561938667
0.0,PFW_diminishing,diminishing,186.0,0.0043718814849853516,19.41977184372418,14.82371533474964,1.0,0.6473257281241394
0.0,PFW_diminishing,diminishing,187.0,0.004395961761474609,20.566624685816002,12.530009650565985,1.0,0.6855541561938667
0.0,PFW_diminishing,diminishing,188.0,0.004417896270751953,19.41977184372418,14.82371533474964,1.0,0.6473257281241394
0.0,PFW_diminishing,diminishing,189.0,0.004441022872924805,20.566624685816002,12.530009650565985,1.0,0.6855541561938667
0.0,PFW_diminishing,diminishing,190.0,0.004464149475097656,19.41977184372418,14.82371533474964,1.0,0.6473257281241394
0.0,PFW_diminishing,diminishing,191.0,0.004486799240112305,20.566624685816002,12.530009650565985,1.0,0.6855541561938667
0.0,PFW_diminishing,diminishing,192.0,0.004509925842285156,19.41977184372418,14.82371533474964,1.0,0.6473257281241394
0.0,PFW_diminishing,diminishing,193.0,0.0045318603515625,20.566624685816002,12.530009650565985,1.0,0.6855541561938667
0.0,PFW_diminishing,diminishing,194.0,0.0045549869537353516,19.41977184372418,14.82371533474964,1.0,0.6473257281241394
0.0,PFW_diminishing,diminishing,195.0,0.004576921463012695,20.566624685816002,12.530009650565985,1.0,0.6855541561938667
0.0,PFW_diminishing,diminishing,196.0,0.004601001739501953,19.41977184372418,14.82371533474964,1.0,0.6473257281241394
0.0,PFW_diminishing,diminishing,197.0,0.004624128341674805,20.566624685816002,12.530009650565985,1.0,0.6855541561938667
0.0,PFW_diminishing,diminishing,198.0,0.004645109176635742,19.41977184372418,14.82371533474964,1.0,0.6473257281241394
0.0,PFW_diminishing,diminishing,199.0,0.004667997360229492,20.566624685816002,12.530009650565985,1.0,0.6855541561938667
0.0,PFW_diminishing,diminishing,200.0,0.004690885543823242,19.41977184372418,14.82371533474964,1.0,0.6473257281241394
0.0,PFW_diminishing,diminishing,201.0,0.004714012145996094,20.566624685816002,12.530009650565985,1.0,0.6855541561938667
0.0,PFW_diminishing,diminishing,202.0,0.004736900329589844,19.41977184372418,14.82371533474964,1.0,0.6473257281241394
0.0,PFW_diminishing,diminishing,203.0,0.004759073257446289,20.566624685816002,12.530009650565985,1.0,0.6855541561938667
0.0,PFW_diminishing,diminishing,204.0,0.004781961441040039,19.41977184372418,14.82371533474964,1.0,0.6473257281241394
0.0,PFW_diminishing,diminishing,205.0,0.004804134368896484,20.566624685816002,12.530009650565985,1.0,0.6855541561938667
0.0,PFW_diminishing,diminishing,206.0,0.004827022552490234,19.41977184372418,14.82371533474964,1.0,0.6473257281241394
0.0,PFW_diminishing,diminishing,207.0,0.004849910736083984,20.566624685816002,12.530009650565985,1.0,0.6855541561938667
0.0,PFW_diminishing,diminishing,208.0,0.004871845245361328,19.41977184372418,14.82371533474964,1.0,0.6473257281241394
0.0,PFW_diminishing,diminishing,209.0,0.00489497184753418,20.566624685816002,12.530009650565985,1.0,0.6855541561938667
0.0,PFW_diminishing,diminishing,210.0,0.0049169063568115234,19.41977184372418,14.82371533474964,1.0,0.6473257281241394
0.0,PFW_diminishing,diminishing,211.0,0.004940032958984375,20.566624685816002,12.530009650565985,1.0,0.6855541561938667
0.0,PFW_diminishing,diminishing,212.0,0.004964113235473633,19.41977184372418,14.82371533474964,1.0,0.6473257281241394
0.0,PFW_diminishing,diminishing,213.0,0.00498509407043457,20.566624685816002,12.530009650565985,1.0,0.6855541561938667
0.0,PFW_diminishing,diminishing,214.0,0.00500798225402832,19.41977184372418,14.82371533474964,1.0,0.6473257281241394
0.0,PFW_diminishing,diminishing,215.0,0.005030155181884766,20.566624685816002,12.530009650565985,1.0,0.6855541561938667
0.0,PFW_diminishing,diminishing,216.0,0.005053997039794922,19.41977184372418,14.82371533474964,1.0,0.6473257281241394
0.0,PFW_diminishing,diminishing,217.0,0.005076885223388672,20.566624685816002,12.530009650565985,1.0,0.6855541561938667
0.0,PFW_diminishing,diminishing,218.0,0.005097866058349609,19.41977184372418,14.82371533474964,1.0,0.6473257281241394
0.0,PFW_diminishing,diminishing,219.0,0.005120992660522461,20.566624685816002,12.530009650565985,1.0,0.6855541561938667
0.0,PFW_diminishing,diminishing,220.0,0.005143880844116211,19.41977184372418,14.82371533474964,1.0,0.6473257281241394
0.0,PFW_diminishing,diminishing,221.0,0.0051670074462890625,20.566624685816002,12.530009650565985,1.0,0.6855541561938667
0.0,PFW_diminishing,diminishing,222.0,0.005190134048461914,19.41977184372418,14.82371533474964,1.0,0.6473257281241394
0.0,PFW_diminishing,diminishing,223.0,0.0052111148834228516,20.566624685816002,12.530009650565985,1.0,0.6855541561938667
0.0,PFW_diminishing,diminishing,224.0,0.005234956741333008,19.41977184372418,14.82371533474964,1.0,0.6473257281241394
0.0,PFW_diminishing,diminishing,225.0,0.0052568912506103516,20.566624685816002,12.530009650565985,1.0,0.6855541561938667
0.0,PFW_diminishing,diminishing,226.0,0.005280017852783203,19.41977184372418,14.82371533474964,1.0,0.6473257281241394
0.0,PFW_diminishing,diminishing,227.0,0.005302906036376953,20.566624685816002,12.530009650565985,1.0,0.6855541561938667
0.0,PFW_diminishing,diminishing,228.0,0.005323886871337891,19.41977184372418,14.82371533474964,1.0,0.6473257281241394
0.0,PFW_diminishing,diminishing,229.0,0.005347013473510742,20.566624685816002,12.530009650565985,1.0,0.6855541561938667
0.0,PFW_diminishing,diminishing,230.0,0.005370140075683594,19.41977184372418,14.82371533474964,1.0,0.6473257281241394
0.0,PFW_diminishing,diminishing,231.0,0.005393028259277344,20.566624685816002,12.530009650565985,1.0,0.6855541561938667
0.0,PFW_diminishing,diminishing,232.0,0.0054168701171875,19.41977184372418,14.82371533474964,1.0,0.6473257281241394
0.0,PFW_diminishing,diminishing,233.0,0.005438804626464844,20.566624685816002,12.530009650565985,1.0,0.6855541561938667
0.0,PFW_diminishing,diminishing,234.0,0.005468845367431641,19.41977184372418,14.82371533474964,1.0,0.6473257281241394
0.0,PFW_diminishing,diminishing,235.0,0.005491971969604492,20.566624685816002,12.530009650565985,1.0,0.6855541561938667
0.0,PFW_diminishing,diminishing,236.0,0.005517005920410156,19.41977184372418,14.82371533474964,1.0,0.6473257281241394
0.0,PFW_diminishing,diminishing,237.0,0.0055389404296875,20.566624685816002,12.530009650565985,1.0,0.6855541561938667
0.0,PFW_diminishing,diminishing,238.0,0.005563020706176758,19.41977184372418,14.82371533474964,1.0,0.6473257281241394
0.0,PFW_diminishing,diminishing,239.0,0.005585908889770508,20.566624685816002,12.530009650565985,1.0,0.6855541561938667
0.0,PFW_diminishing,diminishing,240.0,0.0056078433990478516,19.41977184372418,14.82371533474964,1.0,0.6473257281241394
0.0,PFW_diminishing,diminishing,241.0,0.005630970001220703,20.566624685816002,12.530009650565985,1.0,0.6855541561938667
0.0,PFW_diminishing,diminishing,242.0,0.005652904510498047,19.41977184372418,14.82371533474964,1.0,0.6473257281241394
0.0,PFW_diminishing,diminishing,243.0,0.005682945251464844,20.566624685816002,12.530009650565985,1.0,0.6855541561938667
0.0,PFW_diminishing,diminishing,244.0,0.005713939666748047,19.41977184372418,14.82371533474964,1.0,0.6473257281241394
0.0,PFW_diminishing,diminishing,245.0,0.005736827850341797,20.566624685816002,12.530009650565985,1.0,0.6855541561938667
0.0,PFW_diminishing,diminishing,246.0,0.005759000778198242,19.41977184372418,14.82371533474964,1.0,0.6473257281241394
0.0,PFW_diminishing,diminishing,247.0,0.005780935287475586,20.566624685816002,12.530009650565985,1.0,0.6855541561938667
0.0,PFW_diminishing,diminishing,248.0,0.0058040618896484375,19.41977184372418,14.82371533474964,1.0,0.6473257281241394
0.0,PFW_diminishing,diminishing,249.0,0.005825996398925781,20.566624685816002,12.530009650565985,1.0,0.6855541561938667
0.0,PFW_diminishing,diminishing,250.0,0.005850076675415039,19.41977184372418,14.82371533474964,1.0,0.6473257281241394
0.0,PFW_diminishing,diminishing,251.0,0.005872964859008789,20.566624685816002,12.530009650565985,1.0,0.6855541561938667
0.0,PFW_diminishing,diminishing,252.0,0.005894184112548828,19.41977184372418,14.82371533474964,1.0,0.6473257281241394
0.0,PFW_diminishing,diminishing,253.0,0.005917787551879883,20.566624685816002,12.530009650565985,1.0,0.6855541561938667
0.0,PFW_diminishing,diminishing,254.0,0.005939960479736328,19.41977184372418,14.82371533474964,1.0,0.6473257281241394
0.0,PFW_diminishing,diminishing,255.0,0.005962848663330078,20.566624685816002,12.530009650565985,1.0,0.6855541561938667
0.0,PFW_diminishing,diminishing,256.0,0.005986928939819336,19.41977184372418,14.82371533474964,1.0,0.6473257281241394
0.0,PFW_diminishing,diminishing,257.0,0.0060079097747802734,20.566624685816002,12.530009650565985,1.0,0.6855541561938667
0.0,PFW_diminishing,diminishing,258.0,0.006031036376953125,19.41977184372418,14.82371533474964,1.0,0.6473257281241394
0.0,PFW_diminishing,diminishing,259.0,0.0060541629791259766,20.566624685816002,12.530009650565985,1.0,0.6855541561938667
0.0,PFW_diminishing,diminishing,260.0,0.00608515739440918,19.41977184372418,14.82371533474964,1.0,0.6473257281241394
0.0,PFW_diminishing,diminishing,261.0,0.006107807159423828,20.566624685816002,12.530009650565985,1.0,0.6855541561938667
0.0,PFW_diminishing,diminishing,262.0,0.00613093376159668,19.41977184372418,14.82371533474964,1.0,0.6473257281241394
0.0,PFW_diminishing,diminishing,263.0,0.00615382194519043,20.566624685816002,12.530009650565985,1.0,0.6855541561938667
0.0,PFW_diminishing,diminishing,264.0,0.006176948547363281,19.41977184372418,14.82371533474964,1.0,0.6473257281241394
0.0,PFW_diminishing,diminishing,265.0,0.006200075149536133,20.566624685816002,12.530009650565985,1.0,0.6855541561938667
0.0,PFW_diminishing,diminishing,266.0,0.0062220096588134766,19.41977184372418,14.82371533474964,1.0,0.6473257281241394
0.0,PFW_diminishing,diminishing,267.0,0.006245136260986328,20.566624685816002,12.530009650565985,1.0,0.6855541561938667
0.0,PFW_diminishing,diminishing,268.0,0.006268739700317383,19.41977184372418,14.82371533474964,1.0,0.6473257281241394
0.0,PFW_diminishing,diminishing,269.0,0.006289958953857422,20.566624685816002,12.530009650565985,1.0,0.6855541561938667
0.0,PFW_diminishing,diminishing,270.0,0.006312847137451172,19.41977184372418,14.82371533474964,1.0,0.6473257281241394
0.0,PFW_diminishing,diminishing,271.0,0.0063359737396240234,20.566624685816002,12.530009650565985,1.0,0.6855541561938667
0.0,PFW_diminishing,diminishing,272.0,0.0063588619232177734,19.41977184372418,14.82371533474964,1.0,0.6473257281241394
0.0,PFW_diminishing,diminishing,273.0,0.006381988525390625,20.566624685816002,12.530009650565985,1.0,0.6855541561938667
0.0,PFW_diminishing,diminishing,274.0,0.006403923034667969,19.41977184372418,14.82371533474964,1.0,0.6473257281241394
0.0,PFW_diminishing,diminishing,275.0,0.00642704963684082,20.566624685816002,12.530009650565985,1.0,0.6855541561938667
0.0,PFW_diminishing,diminishing,276.0,0.006448984146118164,19.41977184372418,14.82371533474964,1.0,0.6473257281241394
0.0,PFW_diminishing,diminishing,277.0,0.006471872329711914,20.566624685816002,12.530009650565985,1.0,0.6855541561938667
0.0,PFW_diminishing,diminishing,278.0,0.006494998931884766,19.41977184372418,14.82371533474964,1.0,0.6473257281241394
0.0,PFW_diminishing,diminishing,279.0,0.006525993347167969,20.566624685816002,12.530009650565985,1.0,0.6855541561938667
0.0,PFW_diminishing,diminishing,280.0,0.006548881530761719,19.41977184372418,14.82371533474964,1.0,0.6473257281241394
0.0,PFW_diminishing,diminishing,281.0,0.006571054458618164,20.566624685816002,12.530009650565985,1.0,0.6855541561938667
0.0,PFW_diminishing,diminishing,282.0,0.00659489631652832,19.41977184372418,14.82371533474964,1.0,0.6473257281241394
0.0,PFW_diminishing,diminishing,283.0,0.006618022918701172,20.566624685816002,12.530009650565985,1.0,0.6855541561938667
0.0,PFW_diminishing,diminishing,284.0,0.006639957427978516,19.41977184372418,14.82371533474964,1.0,0.6473257281241394
0.0,PFW_diminishing,diminishing,285.0,0.006662845611572266,20.566624685816002,12.530009650565985,1.0,0.6855541561938667
0.0,PFW_diminishing,diminishing,286.0,0.006684780120849609,19.41977184372418,14.82371533474964,1.0,0.6473257281241394
0.0,PFW_diminishing,diminishing,287.0,0.006707906723022461,20.566624685816002,12.530009650565985,1.0,0.6855541561938667
0.0,PFW_diminishing,diminishing,288.0,0.0067310333251953125,19.41977184372418,14.82371533474964,1.0,0.6473257281241394
0.0,PFW_diminishing,diminishing,289.0,0.006752967834472656,20.566624685816002,12.530009650565985,1.0,0.6855541561938667
0.0,PFW_diminishing,diminishing,290.0,0.006776094436645508,19.41977184372418,14.82371533474964,1.0,0.6473257281241394
0.0,PFW_diminishing,diminishing,291.0,0.0067980289459228516,20.566624685816002,12.530009650565985,1.0,0.6855541561938667
0.0,PFW_diminishing,diminishing,292.0,0.006822109222412109,19.41977184372418,14.82371533474964,1.0,0.6473257281241394
0.0,PFW_diminishing,diminishing,293.0,0.006844758987426758,20.566624685816002,12.530009650565985,1.0,0.6855541561938667
0.0,PFW_diminishing,diminishing,294.0,0.006865739822387695,19.41977184372418,14.82371533474964,1.0,0.6473257281241394
0.0,PFW_diminishing,diminishing,295.0,0.006888866424560547,20.566624685816002,12.530009650565985,1.0,0.6855541561938667
0.0,PFW_diminishing,diminishing,296.0,0.0069119930267333984,19.41977184372418,14.82371533474964,1.0,0.6473257281241394
0.0,PFW_diminishing,diminishing,297.0,0.0069348812103271484,20.566624685816002,12.530009650565985,1.0,0.6855541561938667
0.0,PFW_diminishing,diminishing,298.0,0.0069580078125,19.41977184372418,14.82371533474964,1.0,0.6473257281241394
0.0,PFW_diminishing,diminishing,299.0,0.0069789886474609375,20.566624685816002,12.530009650565985,1.0,0.6855541561938667
0.0,PFW_diminishing,diminishing,300.0,0.007003068923950195,19.41977184372418,14.82371533474964,1.0,0.6473257281241394
0.0,PFW_diminishing,diminishing,301.0,0.007025003433227539,20.566624685816002,12.530009650565985,1.0,0.6855541561938667
0.0,PFW_diminishing,diminishing,302.0,0.007047891616821289,19.41977184372418,14.82371533474964,1.0,0.6473257281241394
0.0,PFW_diminishing,diminishing,303.0,0.007073879241943359,20.566624685816002,12.530009650565985,1.0,0.6855541561938667
0.0,PFW_diminishing,diminishing,304.0,0.007094860076904297,19.41977184372418,14.82371533474964,1.0,0.6473257281241394
0.0,PFW_diminishing,diminishing,305.0,0.0071179866790771484,20.566624685816002,12.530009650565985,1.0,0.6855541561938667
0.0,PFW_diminishing,diminishing,306.0,0.00714111328125,19.41977184372418,14.82371533474964,1.0,0.6473257281241394
0.0,PFW_diminishing,diminishing,307.0,0.00716400146484375,20.566624685816002,12.530009650565985,1.0,0.6855541561938667
0.0,PFW_diminishing,diminishing,308.0,0.0071868896484375,19.41977184372418,14.82371533474964,1.0,0.6473257281241394
0.0,PFW_diminishing,diminishing,309.0,0.0072078704833984375,20.566624685816002,12.530009650565985,1.0,0.6855541561938667
0.0,PFW_diminishing,diminishing,310.0,0.007230997085571289,19.41977184372418,14.82371533474964,1.0,0.6473257281241394
0.0,PFW_diminishing,diminishing,311.0,0.007252931594848633,20.566624685816002,12.530009650565985,1.0,0.6855541561938667
0.0,PFW_diminishing,diminishing,312.0,0.0072748661041259766,19.41977184372418,14.82371533474964,1.0,0.6473257281241394
0.0,PFW_diminishing,diminishing,313.0,0.007295846939086914,20.566624685816002,12.530009650565985,1.0,0.6855541561938667
0.0,PFW_diminishing,diminishing,314.0,0.007318973541259766,19.41977184372418,14.82371533474964,1.0,0.6473257281241394
0.0,PFW_diminishing,diminishing,315.0,0.007340908050537109,20.566624685816002,12.530009650565985,1.0,0.6855541561938667
0.0,PFW_diminishing,diminishing,316.0,0.007363080978393555,19.41977184372418,14.82371533474964,1.0,0.6473257281241394
0.0,PFW_diminishing,diminishing,317.0,0.007385969161987305,20.566624685816002,12.530009650565985,1.0,0.6855541561938667
0.0,PFW_diminishing,diminishing,318.0,0.007409095764160156,19.41977184372418,14.82371533474964,1.0,0.6473257281241394
0.0,PFW_diminishing,diminishing,319.0,0.007431745529174805,20.566624685816002,12.530009650565985,1.0,0.6855541561938667
0.0,PFW_diminishing,diminishing,320.0,0.007454872131347656,19.41977184372418,14.82371533474964,1.0,0.6473257281241394
0.0,PFW_diminishing,diminishing,321.0,0.007475852966308594,20.566624685816002,12.530009650565985,1.0,0.6855541561938667
0.0,PFW_diminishing,diminishing,322.0,0.007498979568481445,19.41977184372418,14.82371533474964,1.0,0.6473257281241394
0.0,PFW_diminishing,diminishing,323.0,0.007521867752075195,20.566624685816002,12.530009650565985,1.0,0.6855541561938667
0.0,PFW_diminishing,diminishing,324.0,0.007544994354248047,19.41977184372418,14.82371533474964,1.0,0.6473257281241394
0.0,PFW_diminishing,diminishing,325.0,0.0075681209564208984,20.566624685816002,12.530009650565985,1.0,0.6855541561938667
0.0,PFW_diminishing,diminishing,326.0,0.007589101791381836,19.41977184372418,14.82371533474964,1.0,0.6473257281241394
0.0,PFW_diminishing,diminishing,327.0,0.007611989974975586,20.566624685816002,12.530009650565985,1.0,0.6855541561938667
0.0,PFW_diminishing,diminishing,328.0,0.007634878158569336,19.41977184372418,14.82371533474964,1.0,0.6473257281241394
0.0,PFW_diminishing,diminishing,329.0,0.0076580047607421875,20.566624685816002,12.530009650565985,1.0,0.6855541561938667
0.0,PFW_diminishing,diminishing,330.0,0.0076808929443359375,19.41977184372418,14.82371533474964,1.0,0.6473257281241394
0.0,PFW_diminishing,diminishing,331.0,0.007701873779296875,20.566624685816002,12.530009650565985,1.0,0.6855541561938667
0.0,PFW_diminishing,diminishing,332.0,0.007725954055786133,19.41977184372418,14.82371533474964,1.0,0.6473257281241394
0.0,PFW_diminishing,diminishing,333.0,0.007748126983642578,20.566624685816002,12.530009650565985,1.0,0.6855541561938667
0.0,PFW_diminishing,diminishing,334.0,0.007771015167236328,19.41977184372418,14.82371533474964,1.0,0.6473257281241394
0.0,PFW_diminishing,diminishing,335.0,0.007793903350830078,20.566624685816002,12.530009650565985,1.0,0.6855541561938667
0.0,PFW_diminishing,diminishing,336.0,0.007815837860107422,19.41977184372418,14.82371533474964,1.0,0.6473257281241394
0.0,PFW_diminishing,diminishing,337.0,0.007838964462280273,20.566624685816002,12.530009650565985,1.0,0.6855541561938667
0.0,PFW_diminishing,diminishing,338.0,0.007860898971557617,19.41977184372418,14.82371533474964,1.0,0.6473257281241394
0.0,PFW_diminishing,diminishing,339.0,0.007884979248046875,20.566624685816002,12.530009650565985,1.0,0.6855541561938667
0.0,PFW_diminishing,diminishing,340.0,0.007908105850219727,19.41977184372418,14.82371533474964,1.0,0.6473257281241394
0.0,PFW_diminishing,diminishing,341.0,0.007929086685180664,20.566624685816002,12.530009650565985,1.0,0.6855541561938667
0.0,PFW_diminishing,diminishing,342.0,0.007951974868774414,19.41977184372418,14.82371533474964,1.0,0.6473257281241394
0.0,PFW_diminishing,diminishing,343.0,0.00797414779663086,20.566624685816002,12.530009650565985,1.0,0.6855541561938667
0.0,PFW_diminishing,diminishing,344.0,0.007997989654541016,19.41977184372418,14.82371533474964,1.0,0.6473257281241394
0.0,PFW_diminishing,diminishing,345.0,0.008020877838134766,20.566624685816002,12.530009650565985,1.0,0.6855541561938667
0.0,PFW_diminishing,diminishing,346.0,0.008041858673095703,19.41977184372418,14.82371533474964,1.0,0.6473257281241394
0.0,PFW_diminishing,diminishing,347.0,0.008064985275268555,20.566624685816002,12.530009650565985,1.0,0.6855541561938667
0.0,PFW_diminishing,diminishing,348.0,0.008086919784545898,19.41977184372418,14.82371533474964,1.0,0.6473257281241394
0.0,PFW_diminishing,diminishing,349.0,0.008111000061035156,20.566624685816002,12.530009650565985,1.0,0.6855541561938667
0.0,PFW_diminishing,diminishing,350.0,0.008134841918945312,19.41977184372418,14.82371533474964,1.0,0.6473257281241394
0.0,PFW_diminishing,diminishing,351.0,0.00815582275390625,20.566624685816002,12.530009650565985,1.0,0.6855541561938667
0.0,PFW_diminishing,diminishing,352.0,0.008179903030395508,19.41977184372418,14.82371533474964,1.0,0.6473257281241394
0.0,PFW_diminishing,diminishing,353.0,0.00820302963256836,20.566624685816002,12.530009650565985,1.0,0.6855541561938667
0.0,PFW_diminishing,diminishing,354.0,0.00822591781616211,19.41977184372418,14.82371533474964,1.0,0.6473257281241394
0.0,PFW_diminishing,diminishing,355.0,0.008249998092651367,20.566624685816002,12.530009650565985,1.0,0.6855541561938667
0.0,PFW_diminishing,diminishing,356.0,0.008270978927612305,19.41977184372418,14.82371533474964,1.0,0.6473257281241394
0.0,PFW_diminishing,diminishing,357.0,0.008294820785522461,20.566624685816002,12.530009650565985,1.0,0.6855541561938667
0.0,PFW_diminishing,diminishing,358.0,0.008316755294799805,19.41977184372418,14.82371533474964,1.0,0.6473257281241394
0.0,PFW_diminishing,diminishing,359.0,0.008339881896972656,20.566624685816002,12.530009650565985,1.0,0.6855541561938667
0.0,PFW_diminishing,diminishing,360.0,0.008363962173461914,19.41977184372418,14.82371533474964,1.0,0.6473257281241394
0.0,PFW_diminishing,diminishing,361.0,0.008384943008422852,20.566624685816002,12.530009650565985,1.0,0.6855541561938667
0.0,PFW_diminishing,diminishing,362.0,0.008408069610595703,19.41977184372418,14.82371533474964,1.0,0.6473257281241394
0.0,PFW_diminishing,diminishing,363.0,0.008430957794189453,20.566624685816002,12.530009650565985,1.0,0.6855541561938667
0.0,PFW_diminishing,diminishing,364.0,0.008454084396362305,19.41977184372418,14.82371533474964,1.0,0.6473257281241394
0.0,PFW_diminishing,diminishing,365.0,0.008476972579956055,20.566624685816002,12.530009650565985,1.0,0.6855541561938667
0.0,PFW_diminishing,diminishing,366.0,0.008498907089233398,19.41977184372418,14.82371533474964,1.0,0.6473257281241394
0.0,PFW_diminishing,diminishing,367.0,0.008521795272827148,20.566624685816002,12.530009650565985,1.0,0.6855541561938667
0.0,PFW_diminishing,diminishing,368.0,0.008544921875,19.41977184372418,14.82371533474964,1.0,0.6473257281241394
0.0,PFW_diminishing,diminishing,369.0,0.008568048477172852,20.566624685816002,12.530009650565985,1.0,0.6855541561938667
0.0,PFW_diminishing,diminishing,370.0,0.008590936660766602,19.41977184372418,14.82371533474964,1.0,0.6473257281241394
0.0,PFW_diminishing,diminishing,371.0,0.008613109588623047,20.566624685816002,12.530009650565985,1.0,0.6855541561938667
0.0,PFW_diminishing,diminishing,372.0,0.008635997772216797,19.41977184372418,14.82371533474964,1.0,0.6473257281241394
0.0,PFW_diminishing,diminishing,373.0,0.00865793228149414,20.566624685816002,12.530009650565985,1.0,0.6855541561938667
0.0,PFW_diminishing,diminishing,374.0,0.008682012557983398,19.41977184372418,14.82371533474964,1.0,0.6473257281241394
0.0,PFW_diminishing,diminishing,375.0,0.008704900741577148,20.566624685816002,12.530009650565985,1.0,0.6855541561938667
0.0,PFW_diminishing,diminishing,376.0,0.008727073669433594,19.41977184372418,14.82371533474964,1.0,0.6473257281241394
0.0,PFW_diminishing,diminishing,377.0,0.008749008178710938,20.566624685816002,12.530009650565985,1.0,0.6855541561938667
0.0,PFW_diminishing,diminishing,378.0,0.008770942687988281,19.41977184372418,14.82371533474964,1.0,0.6473257281241394
0.0,PFW_diminishing,diminishing,379.0,0.008793115615844727,20.566624685816002,12.530009650565985,1.0,0.6855541561938667
0.0,PFW_diminishing,diminishing,380.0,0.008816003799438477,19.41977184372418,14.82371533474964,1.0,0.6473257281241394
0.0,PFW_diminishing,diminishing,381.0,0.008838891983032227,20.566624685816002,12.530009650565985,1.0,0.6855541561938667
0.0,PFW_diminishing,diminishing,382.0,0.008861780166625977,19.41977184372418,14.82371533474964,1.0,0.6473257281241394
0.0,PFW_diminishing,diminishing,383.0,0.008884906768798828,20.566624685816002,12.530009650565985,1.0,0.6855541561938667
0.0,PFW_diminishing,diminishing,384.0,0.008906841278076172,19.41977184372418,14.82371533474964,1.0,0.6473257281241394
0.0,PFW_diminishing,diminishing,385.0,0.008929967880249023,20.566624685816002,12.530009650565985,1.0,0.6855541561938667
0.0,PFW_diminishing,diminishing,386.0,0.008951902389526367,19.41977184372418,14.82371533474964,1.0,0.6473257281241394
0.0,PFW_diminishing,diminishing,387.0,0.008975982666015625,20.566624685816002,12.530009650565985,1.0,0.6855541561938667
0.0,PFW_diminishing,diminishing,388.0,0.008998870849609375,19.41977184372418,14.82371533474964,1.0,0.6473257281241394
0.0,PFW_diminishing,diminishing,389.0,0.009020090103149414,20.566624685816002,12.530009650565985,1.0,0.6855541561938667
0.0,PFW_diminishing,diminishing,390.0,0.009042978286743164,19.41977184372418,14.82371533474964,1.0,0.6473257281241394
0.0,PFW_diminishing,diminishing,391.0,0.009065866470336914,20.566624685816002,12.530009650565985,1.0,0.6855541561938667
0.0,PFW_diminishing,diminishing,392.0,0.009088993072509766,19.41977184372418,14.82371533474964,1.0,0.6473257281241394
0.0,PFW_diminishing,diminishing,393.0,0.009111881256103516,20.566624685816002,12.530009650565985,1.0,0.6855541561938667
0.0,PFW_diminishing,diminishing,394.0,0.009133100509643555,19.41977184372418,14.82371533474964,1.0,0.6473257281241394
0.0,PFW_diminishing,diminishing,395.0,0.009156942367553711,20.566624685816002,12.530009650565985,1.0,0.6855541561938667
0.0,PFW_diminishing,diminishing,396.0,0.009179115295410156,19.41977184372418,14.82371533474964,1.0,0.6473257281241394
0.0,PFW_diminishing,diminishing,397.0,0.009201765060424805,20.566624685816002,12.530009650565985,1.0,0.6855541561938667
0.0,PFW_diminishing,diminishing,398.0,0.009224891662597656,19.41977184372418,14.82371533474964,1.0,0.6473257281241394
0.0,PFW_diminishing,diminishing,399.0,0.009246826171875,20.566624685816002,12.530009650565985,1.0,0.6855541561938667
0.0,PFW_diminishing,diminishing,400.0,0.009270906448364258,19.41977184372418,14.82371533474964,1.0,0.6473257281241394
0.0,PFW_diminishing,diminishing,401.0,0.009301900863647461,20.566624685816002,12.530009650565985,1.0,0.6855541561938667
0.0,PFW_diminishing,diminishing,402.0,0.009325027465820312,19.41977184372418,14.82371533474964,1.0,0.6473257281241394
0.0,PFW_diminishing,diminishing,403.0,0.009346961975097656,20.566624685816002,12.530009650565985,1.0,0.6855541561938667
0.0,PFW_diminishing,diminishing,404.0,0.009371042251586914,19.41977184372418,14.82371533474964,1.0,0.6473257281241394
0.0,PFW_diminishing,diminishing,405.0,0.00939798355102539,20.566624685816002,12.530009650565985,1.0,0.6855541561938667
0.0,PFW_diminishing,diminishing,406.0,0.009418964385986328,19.41977184372418,14.82371533474964,1.0,0.6473257281241394
0.0,PFW_diminishing,diminishing,407.0,0.009443044662475586,20.566624685816002,12.530009650565985,1.0,0.6855541561938667
0.0,PFW_diminishing,diminishing,408.0,0.00946497917175293,19.41977184372418,14.82371533474964,1.0,0.6473257281241394
0.0,PFW_diminishing,diminishing,409.0,0.009488105773925781,20.566624685816002,12.530009650565985,1.0,0.6855541561938667
0.0,PFW_diminishing,diminishing,410.0,0.00951075553894043,19.41977184372418,14.82371533474964,1.0,0.6473257281241394
0.0,PFW_diminishing,diminishing,411.0,0.009532928466796875,20.566624685816002,12.530009650565985,1.0,0.6855541561938667
0.0,PFW_diminishing,diminishing,412.0,0.009555816650390625,19.41977184372418,14.82371533474964,1.0,0.6473257281241394
0.0,PFW_diminishing,diminishing,413.0,0.009578943252563477,20.566624685816002,12.530009650565985,1.0,0.6855541561938667
0.0,PFW_diminishing,diminishing,414.0,0.009602069854736328,19.41977184372418,14.82371533474964,1.0,0.6473257281241394
0.0,PFW_diminishing,diminishing,415.0,0.009624958038330078,20.566624685816002,12.530009650565985,1.0,0.6855541561938667
0.0,PFW_diminishing,diminishing,416.0,0.009647130966186523,19.41977184372418,14.82371533474964,1.0,0.6473257281241394
0.0,PFW_diminishing,diminishing,417.0,0.009670019149780273,20.566624685816002,12.530009650565985,1.0,0.6855541561938667
0.0,PFW_diminishing,diminishing,418.0,0.009692907333374023,19.41977184372418,14.82371533474964,1.0,0.6473257281241394
0.0,PFW_diminishing,diminishing,419.0,0.009715795516967773,20.566624685816002,12.530009650565985,1.0,0.6855541561938667
0.0,PFW_diminishing,diminishing,420.0,0.009738922119140625,19.41977184372418,14.82371533474964,1.0,0.6473257281241394
0.0,PFW_diminishing,diminishing,421.0,0.009760856628417969,20.566624685816002,12.530009650565985,1.0,0.6855541561938667
0.0,PFW_diminishing,diminishing,422.0,0.00978398323059082,19.41977184372418,14.82371533474964,1.0,0.6473257281241394
0.0,PFW_diminishing,diminishing,423.0,0.009807109832763672,20.566624685816002,12.530009650565985,1.0,0.6855541561938667
0.0,PFW_diminishing,diminishing,424.0,0.009829998016357422,19.41977184372418,14.82371533474964,1.0,0.6473257281241394
0.0,PFW_diminishing,diminishing,425.0,0.009852886199951172,20.566624685816002,12.530009650565985,1.0,0.6855541561938667
0.0,PFW_diminishing,diminishing,426.0,0.009874820709228516,19.41977184372418,14.82371533474964,1.0,0.6473257281241394
0.0,PFW_diminishing,diminishing,427.0,0.009898900985717773,20.566624685816002,12.530009650565985,1.0,0.6855541561938667
0.0,PFW_diminishing,diminishing,428.0,0.009920835494995117,19.41977184372418,14.82371533474964,1.0,0.6473257281241394
0.0,PFW_diminishing,diminishing,429.0,0.009944915771484375,20.566624685816002,12.530009650565985,1.0,0.6855541561938667
0.0,PFW_diminishing,diminishing,430.0,0.009968042373657227,19.41977184372418,14.82371533474964,1.0,0.6473257281241394
0.0,PFW_diminishing,diminishing,431.0,0.00998997688293457,20.566624685816002,12.530009650565985,1.0,0.6855541561938667
0.0,PFW_diminishing,diminishing,432.0,0.01001286506652832,19.41977184372418,14.82371533474964,1.0,0.6473257281241394
0.0,PFW_diminishing,diminishing,433.0,0.010035991668701172,20.566624685816002,12.530009650565985,1.0,0.6855541561938667
0.0,PFW_diminishing,diminishing,434.0,0.01006007194519043,19.41977184372418,14.82371533474964,1.0,0.6473257281241394
0.0,PFW_diminishing,diminishing,435.0,0.010083913803100586,20.566624685816002,12.530009650565985,1.0,0.6855541561938667
0.0,PFW_diminishing,diminishing,436.0,0.010106086730957031,19.41977184372418,14.82371533474964,1.0,0.6473257281241394
0.0,PFW_diminishing,diminishing,437.0,0.010129928588867188,20.566624685816002,12.530009650565985,1.0,0.6855541561938667
0.0,PFW_diminishing,diminishing,438.0,0.010151863098144531,19.41977184372418,14.82371533474964,1.0,0.6473257281241394
0.0,PFW_diminishing,diminishing,439.0,0.010174989700317383,20.566624685816002,12.530009650565985,1.0,0.6855541561938667
0.0,PFW_diminishing,diminishing,440.0,0.01019906997680664,19.41977184372418,14.82371533474964,1.0,0.6473257281241394
0.0,PFW_diminishing,diminishing,441.0,0.010220050811767578,20.566624685816002,12.530009650565985,1.0,0.6855541561938667
0.0,PFW_diminishing,diminishing,442.0,0.010244131088256836,19.41977184372418,14.82371533474964,1.0,0.6473257281241394
0.0,PFW_diminishing,diminishing,443.0,0.010267019271850586,20.566624685816002,12.530009650565985,1.0,0.6855541561938667
0.0,PFW_diminishing,diminishing,444.0,0.010289907455444336,19.41977184372418,14.82371533474964,1.0,0.6473257281241394
0.0,PFW_diminishing,diminishing,445.0,0.010313987731933594,20.566624685816002,12.530009650565985,1.0,0.6855541561938667
0.0,PFW_diminishing,diminishing,446.0,0.010334968566894531,19.41977184372418,14.82371533474964,1.0,0.6473257281241394
0.0,PFW_diminishing,diminishing,447.0,0.010357856750488281,20.566624685816002,12.530009650565985,1.0,0.6855541561938667
0.0,PFW_diminishing,diminishing,448.0,0.010380983352661133,19.41977184372418,14.82371533474964,1.0,0.6473257281241394
0.0,PFW_diminishing,diminishing,449.0,0.010404109954833984,20.566624685816002,12.530009650565985,1.0,0.6855541561938667
0.0,PFW_diminishing,diminishing,450.0,0.010426998138427734,19.41977184372418,14.82371533474964,1.0,0.6473257281241394
0.0,PFW_diminishing,diminishing,451.0,0.01044917106628418,20.566624685816002,12.530009650565985,1.0,0.6855541561938667
0.0,PFW_diminishing,diminishing,452.0,0.010471820831298828,19.41977184372418,14.82371533474964,1.0,0.6473257281241394
0.0,PFW_diminishing,diminishing,453.0,0.01049494743347168,20.566624685816002,12.530009650565985,1.0,0.6855541561938667
0.0,PFW_diminishing,diminishing,454.0,0.01051783561706543,19.41977184372418,14.82371533474964,1.0,0.6473257281241394
0.0,PFW_diminishing,diminishing,455.0,0.010540962219238281,20.566624685816002,12.530009650565985,1.0,0.6855541561938667
0.0,PFW_diminishing,diminishing,456.0,0.010562896728515625,19.41977184372418,14.82371533474964,1.0,0.6473257281241394
0.0,PFW_diminishing,diminishing,457.0,0.010586977005004883,20.566624685816002,12.530009650565985,1.0,0.6855541561938667
0.0,PFW_diminishing,diminishing,458.0,0.010609149932861328,19.41977184372418,14.82371533474964,1.0,0.6473257281241394
0.0,PFW_diminishing,diminishing,459.0,0.010632991790771484,20.566624685816002,12.530009650565985,1.0,0.6855541561938667
0.0,PFW_diminishing,diminishing,460.0,0.010655879974365234,19.41977184372418,14.82371533474964,1.0,0.6473257281241394
0.0,PFW_diminishing,diminishing,461.0,0.010676860809326172,20.566624685816002,12.530009650565985,1.0,0.6855541561938667
0.0,PFW_diminishing,diminishing,462.0,0.010699987411499023,19.41977184372418,14.82371533474964,1.0,0.6473257281241394
0.0,PFW_diminishing,diminishing,463.0,0.010723114013671875,20.566624685816002,12.530009650565985,1.0,0.6855541561938667
0.0,PFW_diminishing,diminishing,464.0,0.010746002197265625,19.41977184372418,14.82371533474964,1.0,0.6473257281241394
0.0,PFW_diminishing,diminishing,465.0,0.010769128799438477,20.566624685816002,12.530009650565985,1.0,0.6855541561938667
0.0,PFW_diminishing,diminishing,466.0,0.010790109634399414,19.41977184372418,14.82371533474964,1.0,0.6473257281241394
0.0,PFW_diminishing,diminishing,467.0,0.01081395149230957,20.566624685816002,12.530009650565985,1.0,0.6855541561938667
0.0,PFW_diminishing,diminishing,468.0,0.010835886001586914,19.41977184372418,14.82371533474964,1.0,0.6473257281241394
0.0,PFW_diminishing,diminishing,469.0,0.010859966278076172,20.566624685816002,12.530009650565985,1.0,0.6855541561938667
0.0,PFW_diminishing,diminishing,470.0,0.010883092880249023,19.41977184372418,14.82371533474964,1.0,0.6473257281241394
0.0,PFW_diminishing,diminishing,471.0,0.010904073715209961,20.566624685816002,12.530009650565985,1.0,0.6855541561938667
0.0,PFW_diminishing,diminishing,472.0,0.010928153991699219,19.41977184372418,14.82371533474964,1.0,0.6473257281241394
0.0,PFW_diminishing,diminishing,473.0,0.010950088500976562,20.566624685816002,12.530009650565985,1.0,0.6855541561938667
0.0,PFW_diminishing,diminishing,474.0,0.010972738265991211,19.41977184372418,14.82371533474964,1.0,0.6473257281241394
0.0,PFW_diminishing,diminishing,475.0,0.010995864868164062,20.566624685816002,12.530009650565985,1.0,0.6855541561938667
0.0,PFW_diminishing,diminishing,476.0,0.011017799377441406,19.41977184372418,14.82371533474964,1.0,0.6473257281241394
0.0,PFW_diminishing,diminishing,477.0,0.011040925979614258,20.566624685816002,12.530009650565985,1.0,0.6855541561938667
0.0,PFW_diminishing,diminishing,478.0,0.011062860488891602,19.41977184372418,14.82371533474964,1.0,0.6473257281241394
0.0,PFW_diminishing,diminishing,479.0,0.01108694076538086,20.566624685816002,12.530009650565985,1.0,0.6855541561938667
0.0,PFW_diminishing,diminishing,480.0,0.011110067367553711,19.41977184372418,14.82371533474964,1.0,0.6473257281241394
0.0,PFW_diminishing,diminishing,481.0,0.011131048202514648,20.566624685816002,12.530009650565985,1.0,0.6855541561938667
0.0,PFW_diminishing,diminishing,482.0,0.011154890060424805,19.41977184372418,14.82371533474964,1.0,0.6473257281241394
0.0,PFW_diminishing,diminishing,483.0,0.011176824569702148,20.566624685816002,12.530009650565985,1.0,0.6855541561938667
0.0,PFW_diminishing,diminishing,484.0,0.011199951171875,19.41977184372418,14.82371533474964,1.0,0.6473257281241394
0.0,PFW_diminishing,diminishing,485.0,0.011224031448364258,20.566624685816002,12.530009650565985,1.0,0.6855541561938667
0.0,PFW_diminishing,diminishing,486.0,0.011245012283325195,19.41977184372418,14.82371533474964,1.0,0.6473257281241394
0.0,PFW_diminishing,diminishing,487.0,0.011268138885498047,20.566624685816002,12.530009650565985,1.0,0.6855541561938667
0.0,PFW_diminishing,diminishing,488.0,0.011291027069091797,19.41977184372418,14.82371533474964,1.0,0.6473257281241394
0.0,PFW_diminishing,diminishing,489.0,0.011313915252685547,20.566624685816002,12.530009650565985,1.0,0.6855541561938667
0.0,PFW_diminishing,diminishing,490.0,0.011336803436279297,19.41977184372418,14.82371533474964,1.0,0.6473257281241394
0.0,PFW_diminishing,diminishing,491.0,0.011358976364135742,20.566624685816002,12.530009650565985,1.0,0.6855541561938667
0.0,PFW_diminishing,diminishing,492.0,0.011381864547729492,19.41977184372418,14.82371533474964,1.0,0.6473257281241394
0.0,PFW_diminishing,diminishing,493.0,0.011404991149902344,20.566624685816002,12.530009650565985,1.0,0.6855541561938667
0.0,PFW_diminishing,diminishing,494.0,0.011428117752075195,19.41977184372418,14.82371533474964,1.0,0.6473257281241394
0.0,PFW_diminishing,diminishing,495.0,0.011451005935668945,20.566624685816002,12.530009650565985,1.0,0.6855541561938667
0.0,PFW_diminishing,diminishing,496.0,0.01147317886352539,19.41977184372418,14.82371533474964,1.0,0.6473257281241394
0.0,PFW_diminishing,diminishing,497.0,0.011495828628540039,20.566624685816002,12.530009650565985,1.0,0.6855541561938667
0.0,PFW_diminishing,diminishing,498.0,0.011517763137817383,19.41977184372418,14.82371533474964,1.0,0.6473257281241394
0.0,PFW_diminishing,diminishing,499.0,0.011540889739990234,20.566624685816002,12.530009650565985,1.0,0.6855541561938667
0.0,PFW_diminishing,diminishing,500.0,0.011564970016479492,19.41977184372418,14.82371533474964,1.0,0.6473257281241394
0.0,PFW_diminishing,diminishing,501.0,0.01158595085144043,20.566624685816002,12.530009650565985,1.0,0.6855541561938667
0.0,PFW_diminishing,diminishing,502.0,0.011610031127929688,19.41977184372418,14.82371533474964,1.0,0.6473257281241394
0.0,PFW_diminishing,diminishing,503.0,0.011633157730102539,20.566624685816002,12.530009650565985,1.0,0.6855541561938667
0.0,PFW_diminishing,diminishing,504.0,0.011655807495117188,19.41977184372418,14.82371533474964,1.0,0.6473257281241394
0.0,PFW_diminishing,diminishing,505.0,0.011678934097290039,20.566624685816002,12.530009650565985,1.0,0.6855541561938667
0.0,PFW_diminishing,diminishing,506.0,0.011699914932250977,19.41977184372418,14.82371533474964,1.0,0.6473257281241394
0.0,PFW_diminishing,diminishing,507.0,0.011723995208740234,20.566624685816002,12.530009650565985,1.0,0.6855541561938667
0.0,PFW_diminishing,diminishing,508.0,0.011745929718017578,19.41977184372418,14.82371533474964,1.0,0.6473257281241394
0.0,PFW_diminishing,diminishing,509.0,0.01176905632019043,20.566624685816002,12.530009650565985,1.0,0.6855541561938667
0.0,PFW_diminishing,diminishing,510.0,0.01179194450378418,19.41977184372418,14.82371533474964,1.0,0.6473257281241394
0.0,PFW_diminishing,diminishing,511.0,0.011813163757324219,20.566624685816002,12.530009650565985,1.0,0.6855541561938667
0.0,PFW_diminishing,diminishing,512.0,0.011836051940917969,19.41977184372418,14.82371533474964,1.0,0.6473257281241394
0.0,PFW_diminishing,diminishing,513.0,0.011858940124511719,20.566624685816002,12.530009650565985,1.0,0.6855541561938667
0.0,PFW_diminishing,diminishing,514.0,0.011881828308105469,19.41977184372418,14.82371533474964,1.0,0.6473257281241394
0.0,PFW_diminishing,diminishing,515.0,0.01190495491027832,20.566624685816002,12.530009650565985,1.0,0.6855541561938667
0.0,PFW_diminishing,diminishing,516.0,0.011925935745239258,19.41977184372418,14.82371533474964,1.0,0.6473257281241394
0.0,PFW_diminishing,diminishing,517.0,0.01194906234741211,20.566624685816002,12.530009650565985,1.0,0.6855541561938667
0.0,PFW_diminishing,diminishing,518.0,0.011970996856689453,19.41977184372418,14.82371533474964,1.0,0.6473257281241394
0.0,PFW_diminishing,diminishing,519.0,0.011995077133178711,20.566624685816002,12.530009650565985,1.0,0.6855541561938667
0.0,PFW_diminishing,diminishing,520.0,0.012018918991088867,19.41977184372418,14.82371533474964,1.0,0.6473257281241394
0.0,PFW_diminishing,diminishing,521.0,0.012040853500366211,20.566624685816002,12.530009650565985,1.0,0.6855541561938667
0.0,PFW_diminishing,diminishing,522.0,0.012063980102539062,19.41977184372418,14.82371533474964,1.0,0.6473257281241394
0.0,PFW_diminishing,diminishing,523.0,0.0120849609375,20.566624685816002,12.530009650565985,1.0,0.6855541561938667
0.0,PFW_diminishing,diminishing,524.0,0.012112140655517578,19.41977184372418,14.82371533474964,1.0,0.6473257281241394
0.0,PFW_diminishing,diminishing,525.0,0.012150049209594727,20.566624685816002,12.530009650565985,1.0,0.6855541561938667
0.0,PFW_diminishing,diminishing,526.0,0.012176036834716797,19.41977184372418,14.82371533474964,1.0,0.6473257281241394
0.0,PFW_diminishing,diminishing,527.0,0.012198925018310547,20.566624685816002,12.530009650565985,1.0,0.6855541561938667
0.0,PFW_diminishing,diminishing,528.0,0.012221813201904297,19.41977184372418,14.82371533474964,1.0,0.6473257281241394
0.0,PFW_diminishing,diminishing,529.0,0.012244939804077148,20.566624685816002,12.530009650565985,1.0,0.6855541561938667
0.0,PFW_diminishing,diminishing,530.0,0.012269020080566406,19.41977184372418,14.82371533474964,1.0,0.6473257281241394
0.0,PFW_diminishing,diminishing,531.0,0.01229095458984375,20.566624685816002,12.530009650565985,1.0,0.6855541561938667
0.0,PFW_diminishing,diminishing,532.0,0.012313127517700195,19.41977184372418,14.82371533474964,1.0,0.6473257281241394
0.0,PFW_diminishing,diminishing,533.0,0.012335062026977539,20.566624685816002,12.530009650565985,1.0,0.6855541561938667
0.0,PFW_diminishing,diminishing,534.0,0.01235818862915039,19.41977184372418,14.82371533474964,1.0,0.6473257281241394
0.0,PFW_diminishing,diminishing,535.0,0.012380838394165039,20.566624685816002,12.530009650565985,1.0,0.6855541561938667
0.0,PFW_diminishing,diminishing,536.0,0.01240396499633789,19.41977184372418,14.82371533474964,1.0,0.6473257281241394
0.0,PFW_diminishing,diminishing,537.0,0.012424945831298828,20.566624685816002,12.530009650565985,1.0,0.6855541561938667
0.0,PFW_diminishing,diminishing,538.0,0.012447834014892578,19.41977184372418,14.82371533474964,1.0,0.6473257281241394
0.0,PFW_diminishing,diminishing,539.0,0.012470006942749023,20.566624685816002,12.530009650565985,1.0,0.6855541561938667
0.0,PFW_diminishing,diminishing,540.0,0.012490987777709961,19.41977184372418,14.82371533474964,1.0,0.6473257281241394
0.0,PFW_diminishing,diminishing,541.0,0.012515068054199219,20.566624685816002,12.530009650565985,1.0,0.6855541561938667
0.0,PFW_diminishing,diminishing,542.0,0.012537002563476562,19.41977184372418,14.82371533474964,1.0,0.6473257281241394
0.0,PFW_diminishing,diminishing,543.0,0.012560129165649414,20.566624685816002,12.530009650565985,1.0,0.6855541561938667
0.0,PFW_diminishing,diminishing,544.0,0.012582063674926758,19.41977184372418,14.82371533474964,1.0,0.6473257281241394
0.0,PFW_diminishing,diminishing,545.0,0.012603998184204102,20.566624685816002,12.530009650565985,1.0,0.6855541561938667
0.0,PFW_diminishing,diminishing,546.0,0.012625932693481445,19.41977184372418,14.82371533474964,1.0,0.6473257281241394
0.0,PFW_diminishing,diminishing,547.0,0.012648820877075195,20.566624685816002,12.530009650565985,1.0,0.6855541561938667
0.0,PFW_diminishing,diminishing,548.0,0.012671947479248047,19.41977184372418,14.82371533474964,1.0,0.6473257281241394
0.0,PFW_diminishing,diminishing,549.0,0.01269388198852539,20.566624685816002,12.530009650565985,1.0,0.6855541561938667
0.0,PFW_diminishing,diminishing,550.0,0.012714862823486328,19.41977184372418,14.82371533474964,1.0,0.6473257281241394
0.0,PFW_diminishing,diminishing,551.0,0.01273798942565918,20.566624685816002,12.530009650565985,1.0,0.6855541561938667
0.0,PFW_diminishing,diminishing,552.0,0.012759923934936523,19.41977184372418,14.82371533474964,1.0,0.6473257281241394
0.0,PFW_diminishing,diminishing,553.0,0.012783050537109375,20.566624685816002,12.530009650565985,1.0,0.6855541561938667
0.0,PFW_diminishing,diminishing,554.0,0.012804985046386719,19.41977184372418,14.82371533474964,1.0,0.6473257281241394
0.0,PFW_diminishing,diminishing,555.0,0.012827157974243164,20.566624685816002,12.530009650565985,1.0,0.6855541561938667
0.0,PFW_diminishing,diminishing,556.0,0.012849092483520508,19.41977184372418,14.82371533474964,1.0,0.6473257281241394
0.0,PFW_diminishing,diminishing,557.0,0.01287078857421875,20.566624685816002,12.530009650565985,1.0,0.6855541561938667
0.0,PFW_diminishing,diminishing,558.0,0.012894868850708008,19.41977184372418,14.82371533474964,1.0,0.6473257281241394
0.0,PFW_diminishing,diminishing,559.0,0.012916803359985352,20.566624685816002,12.530009650565985,1.0,0.6855541561938667
0.0,PFW_diminishing,diminishing,560.0,0.01293802261352539,19.41977184372418,14.82371533474964,1.0,0.6473257281241394
0.0,PFW_diminishing,diminishing,561.0,0.012959957122802734,20.566624685816002,12.530009650565985,1.0,0.6855541561938667
0.0,PFW_diminishing,diminishing,562.0,0.012981891632080078,19.41977184372418,14.82371533474964,1.0,0.6473257281241394
0.0,PFW_diminishing,diminishing,563.0,0.013005971908569336,20.566624685816002,12.530009650565985,1.0,0.6855541561938667
0.0,PFW_diminishing,diminishing,564.0,0.01302790641784668,19.41977184372418,14.82371533474964,1.0,0.6473257281241394
0.0,PFW_diminishing,diminishing,565.0,0.013049125671386719,20.566624685816002,12.530009650565985,1.0,0.6855541561938667
0.0,PFW_diminishing,diminishing,566.0,0.013072013854980469,19.41977184372418,14.82371533474964,1.0,0.6473257281241394
0.0,PFW_diminishing,diminishing,567.0,0.013094186782836914,20.566624685816002,12.530009650565985,1.0,0.6855541561938667
0.0,PFW_diminishing,diminishing,568.0,0.013116836547851562,19.41977184372418,14.82371533474964,1.0,0.6473257281241394
0.0,PFW_diminishing,diminishing,569.0,0.013138771057128906,20.566624685816002,12.530009650565985,1.0,0.6855541561938667
0.0,PFW_diminishing,diminishing,570.0,0.013159751892089844,19.41977184372418,14.82371533474964,1.0,0.6473257281241394
0.0,PFW_diminishing,diminishing,571.0,0.013182878494262695,20.566624685816002,12.530009650565985,1.0,0.6855541561938667
0.0,PFW_diminishing,diminishing,572.0,0.013204813003540039,19.41977184372418,14.82371533474964,1.0,0.6473257281241394
0.0,PFW_diminishing,diminishing,573.0,0.01322793960571289,20.566624685816002,12.530009650565985,1.0,0.6855541561938667
0.0,PFW_diminishing,diminishing,574.0,0.013249874114990234,19.41977184372418,14.82371533474964,1.0,0.6473257281241394
0.0,PFW_diminishing,diminishing,575.0,0.013270854949951172,20.566624685816002,12.530009650565985,1.0,0.6855541561938667
0.0,PFW_diminishing,diminishing,576.0,0.013293981552124023,19.41977184372418,14.82371533474964,1.0,0.6473257281241394
0.0,PFW_diminishing,diminishing,577.0,0.013315916061401367,20.566624685816002,12.530009650565985,1.0,0.6855541561938667
0.0,PFW_diminishing,diminishing,578.0,0.013339042663574219,19.41977184372418,14.82371533474964,1.0,0.6473257281241394
0.0,PFW_diminishing,diminishing,579.0,0.013360977172851562,20.566624685816002,12.530009650565985,1.0,0.6855541561938667
0.0,PFW_diminishing,diminishing,580.0,0.013382911682128906,19.41977184372418,14.82371533474964,1.0,0.6473257281241394
0.0,PFW_diminishing,diminishing,581.0,0.01340484619140625,20.566624685816002,12.530009650565985,1.0,0.6855541561938667
0.0,PFW_diminishing,diminishing,582.0,0.013426780700683594,19.41977184372418,14.82371533474964,1.0,0.6473257281241394
0.0,PFW_diminishing,diminishing,583.0,0.013450860977172852,20.566624685816002,12.530009650565985,1.0,0.6855541561938667
0.0,PFW_diminishing,diminishing,584.0,0.013473033905029297,19.41977184372418,14.82371533474964,1.0,0.6473257281241394
0.0,PFW_diminishing,diminishing,585.0,0.013494014739990234,20.566624685816002,12.530009650565985,1.0,0.6855541561938667
0.0,PFW_diminishing,diminishing,586.0,0.013515949249267578,19.41977184372418,14.82371533474964,1.0,0.6473257281241394
0.0,PFW_diminishing,diminishing,587.0,0.013537883758544922,20.566624685816002,12.530009650565985,1.0,0.6855541561938667
0.0,PFW_diminishing,diminishing,588.0,0.01356196403503418,19.41977184372418,14.82371533474964,1.0,0.6473257281241394
0.0,PFW_diminishing,diminishing,589.0,0.013584136962890625,20.566624685816002,12.530009650565985,1.0,0.6855541561938667
0.0,PFW_diminishing,diminishing,590.0,0.013605117797851562,19.41977184372418,14.82371533474964,1.0,0.6473257281241394
0.0,PFW_diminishing,diminishing,591.0,0.013627052307128906,20.566624685816002,12.530009650565985,1.0,0.6855541561938667
0.0,PFW_diminishing,diminishing,592.0,0.013650894165039062,19.41977184372418,14.82371533474964,1.0,0.6473257281241394
0.0,PFW_diminishing,diminishing,593.0,0.01367497444152832,20.566624685816002,12.530009650565985,1.0,0.6855541561938667
0.0,PFW_diminishing,diminishing,594.0,0.013696908950805664,19.41977184372418,14.82371533474964,1.0,0.6473257281241394
0.0,PFW_diminishing,diminishing,595.0,0.013717889785766602,20.566624685816002,12.530009650565985,1.0,0.6855541561938667
0.0,PFW_diminishing,diminishing,596.0,0.013741016387939453,19.41977184372418,14.82371533474964,1.0,0.6473257281241394
0.0,PFW_diminishing,diminishing,597.0,0.013762950897216797,20.566624685816002,12.530009650565985,1.0,0.6855541561938667
0.0,PFW_diminishing,diminishing,598.0,0.013786077499389648,19.41977184372418,14.82371533474964,1.0,0.6473257281241394
0.0,PFW_diminishing,diminishing,599.0,0.013808012008666992,20.566624685816002,12.530009650565985,1.0,0.6855541561938667
0.0,PFW_diminishing,diminishing,600.0,0.013830184936523438,19.41977184372418,14.82371533474964,1.0,0.6473257281241394
0.0,PFW_diminishing,diminishing,601.0,0.01385188102722168,20.566624685816002,12.530009650565985,1.0,0.6855541561938667
0.0,PFW_diminishing,diminishing,602.0,0.013873815536499023,19.41977184372418,14.82371533474964,1.0,0.6473257281241394
0.0,PFW_diminishing,diminishing,603.0,0.013897895812988281,20.566624685816002,12.530009650565985,1.0,0.6855541561938667
0.0,PFW_diminishing,diminishing,604.0,0.013921022415161133,19.41977184372418,14.82371533474964,1.0,0.6473257281241394
0.0,PFW_diminishing,diminishing,605.0,0.013942956924438477,20.566624685816002,12.530009650565985,1.0,0.6855541561938667
0.0,PFW_diminishing,diminishing,606.0,0.013966083526611328,19.41977184372418,14.82371533474964,1.0,0.6473257281241394
0.0,PFW_diminishing,diminishing,607.0,0.013988018035888672,20.566624685816002,12.530009650565985,1.0,0.6855541561938667
0.0,PFW_diminishing,diminishing,608.0,0.01401209831237793,19.41977184372418,14.82371533474964,1.0,0.6473257281241394
0.0,PFW_diminishing,diminishing,609.0,0.014033794403076172,20.566624685816002,12.530009650565985,1.0,0.6855541561938667
0.0,PFW_diminishing,diminishing,610.0,0.014055967330932617,19.41977184372418,14.82371533474964,1.0,0.6473257281241394
0.0,PFW_diminishing,diminishing,611.0,0.014077901840209961,20.566624685816002,12.530009650565985,1.0,0.6855541561938667
0.0,PFW_diminishing,diminishing,612.0,0.014099836349487305,19.41977184372418,14.82371533474964,1.0,0.6473257281241394
0.0,PFW_diminishing,diminishing,613.0,0.014122962951660156,20.566624685816002,12.530009650565985,1.0,0.6855541561938667
0.0,PFW_diminishing,diminishing,614.0,0.014147043228149414,19.41977184372418,14.82371533474964,1.0,0.6473257281241394
0.0,PFW_diminishing,diminishing,615.0,0.014169931411743164,20.566624685816002,12.530009650565985,1.0,0.6855541561938667
0.0,PFW_diminishing,diminishing,616.0,0.014193058013916016,19.41977184372418,14.82371533474964,1.0,0.6473257281241394
0.0,PFW_diminishing,diminishing,617.0,0.014214754104614258,20.566624685816002,12.530009650565985,1.0,0.6855541561938667
0.0,PFW_diminishing,diminishing,618.0,0.014236927032470703,19.41977184372418,14.82371533474964,1.0,0.6473257281241394
0.0,PFW_diminishing,diminishing,619.0,0.014258861541748047,20.566624685816002,12.530009650565985,1.0,0.6855541561938667
0.0,PFW_diminishing,diminishing,620.0,0.01428079605102539,19.41977184372418,14.82371533474964,1.0,0.6473257281241394
0.0,PFW_diminishing,diminishing,621.0,0.014304876327514648,20.566624685816002,12.530009650565985,1.0,0.6855541561938667
0.0,PFW_diminishing,diminishing,622.0,0.014327049255371094,19.41977184372418,14.82371533474964,1.0,0.6473257281241394
0.0,PFW_diminishing,diminishing,623.0,0.014348030090332031,20.566624685816002,12.530009650565985,1.0,0.6855541561938667
0.0,PFW_diminishing,diminishing,624.0,0.014370918273925781,19.41977184372418,14.82371533474964,1.0,0.6473257281241394
0.0,PFW_diminishing,diminishing,625.0,0.014393091201782227,20.566624685816002,12.530009650565985,1.0,0.6855541561938667
0.0,PFW_diminishing,diminishing,626.0,0.014415979385375977,19.41977184372418,14.82371533474964,1.0,0.6473257281241394
0.0,PFW_diminishing,diminishing,627.0,0.014438152313232422,20.566624685816002,12.530009650565985,1.0,0.6855541561938667
0.0,PFW_diminishing,diminishing,628.0,0.014460086822509766,19.41977184372418,14.82371533474964,1.0,0.6473257281241394
0.0,PFW_diminishing,diminishing,629.0,0.014481782913208008,20.566624685816002,12.530009650565985,1.0,0.6855541561938667
0.0,PFW_diminishing,diminishing,630.0,0.014503955841064453,19.41977184372418,14.82371533474964,1.0,0.6473257281241394
0.0,PFW_diminishing,diminishing,631.0,0.014528036117553711,20.566624685816002,12.530009650565985,1.0,0.6855541561938667
0.0,PFW_diminishing,diminishing,632.0,0.014549970626831055,19.41977184372418,14.82371533474964,1.0,0.6473257281241394
0.0,PFW_diminishing,diminishing,633.0,0.014570951461791992,20.566624685816002,12.530009650565985,1.0,0.6855541561938667
0.0,PFW_diminishing,diminishing,634.0,0.014594078063964844,19.41977184372418,14.82371533474964,1.0,0.6473257281241394
0.0,PFW_diminishing,diminishing,635.0,0.014616012573242188,20.566624685816002,12.530009650565985,1.0,0.6855541561938667
0.0,PFW_diminishing,diminishing,636.0,0.014640092849731445,19.41977184372418,14.82371533474964,1.0,0.6473257281241394
0.0,PFW_diminishing,diminishing,637.0,0.014662027359008789,20.566624685816002,12.530009650565985,1.0,0.6855541561938667
0.0,PFW_diminishing,diminishing,638.0,0.014683008193969727,19.41977184372418,14.82371533474964,1.0,0.6473257281241394
0.0,PFW_diminishing,diminishing,639.0,0.014705181121826172,20.566624685816002,12.530009650565985,1.0,0.6855541561938667
0.0,PFW_diminishing,diminishing,640.0,0.01472783088684082,19.41977184372418,14.82371533474964,1.0,0.6473257281241394
0.0,PFW_diminishing,diminishing,641.0,0.014750957489013672,20.566624685816002,12.530009650565985,1.0,0.6855541561938667
0.0,PFW_diminishing,diminishing,642.0,0.014772891998291016,19.41977184372418,14.82371533474964,1.0,0.6473257281241394
0.0,PFW_diminishing,diminishing,643.0,0.01479482650756836,20.566624685816002,12.530009650565985,1.0,0.6855541561938667
0.0,PFW_diminishing,diminishing,644.0,0.014816999435424805,19.41977184372418,14.82371533474964,1.0,0.6473257281241394
0.0,PFW_diminishing,diminishing,645.0,0.014838933944702148,20.566624685816002,12.530009650565985,1.0,0.6855541561938667
0.0,PFW_diminishing,diminishing,646.0,0.014863014221191406,19.41977184372418,14.82371533474964,1.0,0.6473257281241394
0.0,PFW_diminishing,diminishing,647.0,0.01488494873046875,20.566624685816002,12.530009650565985,1.0,0.6855541561938667
0.0,PFW_diminishing,diminishing,648.0,0.014907121658325195,19.41977184372418,14.82371533474964,1.0,0.6473257281241394
0.0,PFW_diminishing,diminishing,649.0,0.014929056167602539,20.566624685816002,12.530009650565985,1.0,0.6855541561938667
0.0,PFW_diminishing,diminishing,650.0,0.014951944351196289,19.41977184372418,14.82371533474964,1.0,0.6473257281241394
0.0,PFW_diminishing,diminishing,651.0,0.014974832534790039,20.566624685816002,12.530009650565985,1.0,0.6855541561938667
0.0,PFW_diminishing,diminishing,652.0,0.014997005462646484,19.41977184372418,14.82371533474964,1.0,0.6473257281241394
0.0,PFW_diminishing,diminishing,653.0,0.015018939971923828,20.566624685816002,12.530009650565985,1.0,0.6855541561938667
0.0,PFW_diminishing,diminishing,654.0,0.015040874481201172,19.41977184372418,14.82371533474964,1.0,0.6473257281241394
0.0,PFW_diminishing,diminishing,655.0,0.015063047409057617,20.566624685816002,12.530009650565985,1.0,0.6855541561938667
0.0,PFW_diminishing,diminishing,656.0,0.015087127685546875,19.41977184372418,14.82371533474964,1.0,0.6473257281241394
0.0,PFW_diminishing,diminishing,657.0,0.015109062194824219,20.566624685816002,12.530009650565985,1.0,0.6855541561938667
0.0,PFW_diminishing,diminishing,658.0,0.015130996704101562,19.41977184372418,14.82371533474964,1.0,0.6473257281241394
0.0,PFW_diminishing,diminishing,659.0,0.015153169631958008,20.566624685816002,12.530009650565985,1.0,0.6855541561938667
0.0,PFW_diminishing,diminishing,660.0,0.01517486572265625,19.41977184372418,14.82371533474964,1.0,0.6473257281241394
0.0,PFW_diminishing,diminishing,661.0,0.015198945999145508,20.566624685816002,12.530009650565985,1.0,0.6855541561938667
0.0,PFW_diminishing,diminishing,662.0,0.015220880508422852,19.41977184372418,14.82371533474964,1.0,0.6473257281241394
0.0,PFW_diminishing,diminishing,663.0,0.015241861343383789,20.566624685816002,12.530009650565985,1.0,0.6855541561938667
0.0,PFW_diminishing,diminishing,664.0,0.015264034271240234,19.41977184372418,14.82371533474964,1.0,0.6473257281241394
0.0,PFW_diminishing,diminishing,665.0,0.015285968780517578,20.566624685816002,12.530009650565985,1.0,0.6855541561938667
0.0,PFW_diminishing,diminishing,666.0,0.01530909538269043,19.41977184372418,14.82371533474964,1.0,0.6473257281241394
0.0,PFW_diminishing,diminishing,667.0,0.01533198356628418,20.566624685816002,12.530009650565985,1.0,0.6855541561938667
0.0,PFW_diminishing,diminishing,668.0,0.015355110168457031,19.41977184372418,14.82371533474964,1.0,0.6473257281241394
0.0,PFW_diminishing,diminishing,669.0,0.01537775993347168,20.566624685816002,12.530009650565985,1.0,0.6855541561938667
0.0,PFW_diminishing,diminishing,670.0,0.015400886535644531,19.41977184372418,14.82371533474964,1.0,0.6473257281241394
0.0,PFW_diminishing,diminishing,671.0,0.015422821044921875,20.566624685816002,12.530009650565985,1.0,0.6855541561938667
0.0,PFW_diminishing,diminishing,672.0,0.015445947647094727,19.41977184372418,14.82371533474964,1.0,0.6473257281241394
0.0,PFW_diminishing,diminishing,673.0,0.015470027923583984,20.566624685816002,12.530009650565985,1.0,0.6855541561938667
0.0,PFW_diminishing,diminishing,674.0,0.015491962432861328,19.41977184372418,14.82371533474964,1.0,0.6473257281241394
0.0,PFW_diminishing,diminishing,675.0,0.015514135360717773,20.566624685816002,12.530009650565985,1.0,0.6855541561938667
0.0,PFW_diminishing,diminishing,676.0,0.015536069869995117,19.41977184372418,14.82371533474964,1.0,0.6473257281241394
0.0,PFW_diminishing,diminishing,677.0,0.015558004379272461,20.566624685816002,12.530009650565985,1.0,0.6855541561938667
0.0,PFW_diminishing,diminishing,678.0,0.015580892562866211,19.41977184372418,14.82371533474964,1.0,0.6473257281241394
0.0,PFW_diminishing,diminishing,679.0,0.015602827072143555,20.566624685816002,12.530009650565985,1.0,0.6855541561938667
0.0,PFW_diminishing,diminishing,680.0,0.015625,19.41977184372418,14.82371533474964,1.0,0.6473257281241394
0.0,PFW_diminishing,diminishing,681.0,0.015646934509277344,20.566624685816002,12.530009650565985,1.0,0.6855541561938667
0.0,PFW_diminishing,diminishing,682.0,0.015668869018554688,19.41977184372418,14.82371533474964,1.0,0.6473257281241394
0.0,PFW_diminishing,diminishing,683.0,0.01569199562072754,20.566624685816002,12.530009650565985,1.0,0.6855541561938667
0.0,PFW_diminishing,diminishing,684.0,0.015713930130004883,19.41977184372418,14.82371533474964,1.0,0.6473257281241394
0.0,PFW_diminishing,diminishing,685.0,0.015736103057861328,20.566624685816002,12.530009650565985,1.0,0.6855541561938667
0.0,PFW_diminishing,diminishing,686.0,0.015758037567138672,19.41977184372418,14.82371533474964,1.0,0.6473257281241394
0.0,PFW_diminishing,diminishing,687.0,0.015779972076416016,20.566624685816002,12.530009650565985,1.0,0.6855541561938667
0.0,PFW_diminishing,diminishing,688.0,0.015803098678588867,19.41977184372418,14.82371533474964,1.0,0.6473257281241394
0.0,PFW_diminishing,diminishing,689.0,0.015825748443603516,20.566624685816002,12.530009650565985,1.0,0.6855541561938667
0.0,PFW_diminishing,diminishing,690.0,0.01584792137145996,19.41977184372418,14.82371533474964,1.0,0.6473257281241394
0.0,PFW_diminishing,diminishing,691.0,0.015869855880737305,20.566624685816002,12.530009650565985,1.0,0.6855541561938667
0.0,PFW_diminishing,diminishing,692.0,0.015892982482910156,19.41977184372418,14.82371533474964,1.0,0.6473257281241394
0.0,PFW_diminishing,diminishing,693.0,0.015915870666503906,20.566624685816002,12.530009650565985,1.0,0.6855541561938667
0.0,PFW_diminishing,diminishing,694.0,0.01593804359436035,19.41977184372418,14.82371533474964,1.0,0.6473257281241394
0.0,PFW_diminishing,diminishing,695.0,0.015959978103637695,20.566624685816002,12.530009650565985,1.0,0.6855541561938667
0.0,PFW_diminishing,diminishing,696.0,0.01598191261291504,19.41977184372418,14.82371533474964,1.0,0.6473257281241394
0.0,PFW_diminishing,diminishing,697.0,0.016004085540771484,20.566624685816002,12.530009650565985,1.0,0.6855541561938667
0.0,PFW_diminishing,diminishing,698.0,0.016026973724365234,19.41977184372418,14.82371533474964,1.0,0.6473257281241394
0.0,PFW_diminishing,diminishing,699.0,0.016049861907958984,20.566624685816002,12.530009650565985,1.0,0.6855541561938667
0.0,PFW_diminishing,diminishing,700.0,0.016070842742919922,19.41977184372418,14.82371533474964,1.0,0.6473257281241394
0.0,PFW_diminishing,diminishing,701.0,0.016092777252197266,20.566624685816002,12.530009650565985,1.0,0.6855541561938667
0.0,PFW_diminishing,diminishing,702.0,0.01611495018005371,19.41977184372418,14.82371533474964,1.0,0.6473257281241394
0.0,PFW_diminishing,diminishing,703.0,0.01613783836364746,20.566624685816002,12.530009650565985,1.0,0.6855541561938667
0.0,PFW_diminishing,diminishing,704.0,0.016160964965820312,19.41977184372418,14.82371533474964,1.0,0.6473257281241394
0.0,PFW_diminishing,diminishing,705.0,0.01618194580078125,20.566624685816002,12.530009650565985,1.0,0.6855541561938667
0.0,PFW_diminishing,diminishing,706.0,0.016203880310058594,19.41977184372418,14.82371533474964,1.0,0.6473257281241394
0.0,PFW_diminishing,diminishing,707.0,0.01622605323791504,20.566624685816002,12.530009650565985,1.0,0.6855541561938667
0.0,PFW_diminishing,diminishing,708.0,0.016250133514404297,19.41977184372418,14.82371533474964,1.0,0.6473257281241394
0.0,PFW_diminishing,diminishing,709.0,0.01627206802368164,20.566624685816002,12.530009650565985,1.0,0.6855541561938667
0.0,PFW_diminishing,diminishing,710.0,0.016293048858642578,19.41977184372418,14.82371533474964,1.0,0.6473257281241394
0.0,PFW_diminishing,diminishing,711.0,0.016314983367919922,20.566624685816002,12.530009650565985,1.0,0.6855541561938667
0.0,PFW_diminishing,diminishing,712.0,0.016337156295776367,19.41977184372418,14.82371533474964,1.0,0.6473257281241394
0.0,PFW_diminishing,diminishing,713.0,0.016359806060791016,20.566624685816002,12.530009650565985,1.0,0.6855541561938667
0.0,PFW_diminishing,diminishing,714.0,0.01638197898864746,19.41977184372418,14.82371533474964,1.0,0.6473257281241394
0.0,PFW_diminishing,diminishing,715.0,0.016403913497924805,20.566624685816002,12.530009650565985,1.0,0.6855541561938667
0.0,PFW_diminishing,diminishing,716.0,0.01642584800720215,19.41977184372418,14.82371533474964,1.0,0.6473257281241394
0.0,PFW_diminishing,diminishing,717.0,0.016448020935058594,20.566624685816002,12.530009650565985,1.0,0.6855541561938667
0.0,PFW_diminishing,diminishing,718.0,0.016470909118652344,19.41977184372418,14.82371533474964,1.0,0.6473257281241394
0.0,PFW_diminishing,diminishing,719.0,0.01649308204650879,20.566624685816002,12.530009650565985,1.0,0.6855541561938667
0.0,PFW_diminishing,diminishing,720.0,0.016515016555786133,19.41977184372418,14.82371533474964,1.0,0.6473257281241394
0.0,PFW_diminishing,diminishing,721.0,0.016536951065063477,20.566624685816002,12.530009650565985,1.0,0.6855541561938667
0.0,PFW_diminishing,diminishing,722.0,0.016559123992919922,19.41977184372418,14.82371533474964,1.0,0.6473257281241394
0.0,PFW_diminishing,diminishing,723.0,0.016582012176513672,20.566624685816002,12.530009650565985,1.0,0.6855541561938667
0.0,PFW_diminishing,diminishing,724.0,0.016604900360107422,19.41977184372418,14.82371533474964,1.0,0.6473257281241394
0.0,PFW_diminishing,diminishing,725.0,0.01662588119506836,20.566624685816002,12.530009650565985,1.0,0.6855541561938667
0.0,PFW_diminishing,diminishing,726.0,0.016647815704345703,19.41977184372418,14.82371533474964,1.0,0.6473257281241394
0.0,PFW_diminishing,diminishing,727.0,0.01666998863220215,20.566624685816002,12.530009650565985,1.0,0.6855541561938667
0.0,PFW_diminishing,diminishing,728.0,0.016693830490112305,19.41977184372418,14.82371533474964,1.0,0.6473257281241394
0.0,PFW_diminishing,diminishing,729.0,0.01671600341796875,20.566624685816002,12.530009650565985,1.0,0.6855541561938667
0.0,PFW_diminishing,diminishing,730.0,0.016736984252929688,19.41977184372418,14.82371533474964,1.0,0.6473257281241394
0.0,PFW_diminishing,diminishing,731.0,0.01676011085510254,20.566624685816002,12.530009650565985,1.0,0.6855541561938667
0.0,PFW_diminishing,diminishing,732.0,0.016782045364379883,19.41977184372418,14.82371533474964,1.0,0.6473257281241394
0.0,PFW_diminishing,diminishing,733.0,0.01680612564086914,20.566624685816002,12.530009650565985,1.0,0.6855541561938667
0.0,PFW_diminishing,diminishing,734.0,0.01682877540588379,19.41977184372418,14.82371533474964,1.0,0.6473257281241394
0.0,PFW_diminishing,diminishing,735.0,0.01685190200805664,20.566624685816002,12.530009650565985,1.0,0.6855541561938667
0.0,PFW_diminishing,diminishing,736.0,0.01689291000366211,19.41977184372418,14.82371533474964,1.0,0.6473257281241394
0.0,PFW_diminishing,diminishing,737.0,0.01691889762878418,20.566624685816002,12.530009650565985,1.0,0.6855541561938667
0.0,PFW_diminishing,diminishing,738.0,0.01694202423095703,19.41977184372418,14.82371533474964,1.0,0.6473257281241394
0.0,PFW_diminishing,diminishing,739.0,0.016965150833129883,20.566624685816002,12.530009650565985,1.0,0.6855541561938667
0.0,PFW_diminishing,diminishing,740.0,0.01702594757080078,19.41977184372418,14.82371533474964,1.0,0.6473257281241394
0.0,PFW_diminishing,diminishing,741.0,0.017117977142333984,20.566624685816002,12.530009650565985,1.0,0.6855541561938667
0.0,PFW_diminishing,diminishing,742.0,0.017142057418823242,19.41977184372418,14.82371533474964,1.0,0.6473257281241394
0.0,PFW_diminishing,diminishing,743.0,0.0171658992767334,20.566624685816002,12.530009650565985,1.0,0.6855541561938667
0.0,PFW_diminishing,diminishing,744.0,0.017188072204589844,19.41977184372418,14.82371533474964,1.0,0.6473257281241394
0.0,PFW_diminishing,diminishing,745.0,0.017225980758666992,20.566624685816002,12.530009650565985,1.0,0.6855541561938667
0.0,PFW_diminishing,diminishing,746.0,0.017247915267944336,19.41977184372418,14.82371533474964,1.0,0.6473257281241394
0.0,PFW_diminishing,diminishing,747.0,0.017271041870117188,20.566624685816002,12.530009650565985,1.0,0.6855541561938667
0.0,PFW_diminishing,diminishing,748.0,0.017293930053710938,19.41977184372418,14.82371533474964,1.0,0.6473257281241394
0.0,PFW_diminishing,diminishing,749.0,0.01731705665588379,20.566624685816002,12.530009650565985,1.0,0.6855541561938667
0.0,PFW_diminishing,diminishing,750.0,0.01734018325805664,19.41977184372418,14.82371533474964,1.0,0.6473257281241394
0.0,PFW_diminishing,diminishing,751.0,0.017361879348754883,20.566624685816002,12.530009650565985,1.0,0.6855541561938667
0.0,PFW_diminishing,diminishing,752.0,0.017385005950927734,19.41977184372418,14.82371533474964,1.0,0.6473257281241394
0.0,PFW_diminishing,diminishing,753.0,0.017407894134521484,20.566624685816002,12.530009650565985,1.0,0.6855541561938667
0.0,PFW_diminishing,diminishing,754.0,0.017431020736694336,19.41977184372418,14.82371533474964,1.0,0.6473257281241394
0.0,PFW_diminishing,diminishing,755.0,0.017453908920288086,20.566624685816002,12.530009650565985,1.0,0.6855541561938667
0.0,PFW_diminishing,diminishing,756.0,0.017477989196777344,19.41977184372418,14.82371533474964,1.0,0.6473257281241394
0.0,PFW_diminishing,diminishing,757.0,0.01749897003173828,20.566624685816002,12.530009650565985,1.0,0.6855541561938667
0.0,PFW_diminishing,diminishing,758.0,0.017528057098388672,19.41977184372418,14.82371533474964,1.0,0.6473257281241394
0.0,PFW_diminishing,diminishing,759.0,0.017550945281982422,20.566624685816002,12.530009650565985,1.0,0.6855541561938667
0.0,PFW_diminishing,diminishing,760.0,0.017574787139892578,19.41977184372418,14.82371533474964,1.0,0.6473257281241394
0.0,PFW_diminishing,diminishing,761.0,0.017599821090698242,20.566624685816002,12.530009650565985,1.0,0.6855541561938667
0.0,PFW_diminishing,diminishing,762.0,0.017621994018554688,19.41977184372418,14.82371533474964,1.0,0.6473257281241394
0.0,PFW_diminishing,diminishing,763.0,0.01764392852783203,20.566624685816002,12.530009650565985,1.0,0.6855541561938667
0.0,PFW_diminishing,diminishing,764.0,0.017665863037109375,19.41977184372418,14.82371533474964,1.0,0.6473257281241394
0.0,PFW_diminishing,diminishing,765.0,0.017689943313598633,20.566624685816002,12.530009650565985,1.0,0.6855541561938667
0.0,PFW_diminishing,diminishing,766.0,0.017717838287353516,19.41977184372418,14.82371533474964,1.0,0.6473257281241394
0.0,PFW_diminishing,diminishing,767.0,0.017740964889526367,20.566624685816002,12.530009650565985,1.0,0.6855541561938667
0.0,PFW_diminishing,diminishing,768.0,0.017774105072021484,19.41977184372418,14.82371533474964,1.0,0.6473257281241394
0.0,PFW_diminishing,diminishing,769.0,0.017798185348510742,20.566624685816002,12.530009650565985,1.0,0.6855541561938667
0.0,PFW_diminishing,diminishing,770.0,0.01782083511352539,19.41977184372418,14.82371533474964,1.0,0.6473257281241394
0.0,PFW_diminishing,diminishing,771.0,0.017842769622802734,20.566624685816002,12.530009650565985,1.0,0.6855541561938667
0.0,PFW_diminishing,diminishing,772.0,0.017865896224975586,19.41977184372418,14.82371533474964,1.0,0.6473257281241394
0.0,PFW_diminishing,diminishing,773.0,0.017889022827148438,20.566624685816002,12.530009650565985,1.0,0.6855541561938667
0.0,PFW_diminishing,diminishing,774.0,0.017913103103637695,19.41977184372418,14.82371533474964,1.0,0.6473257281241394
0.0,PFW_diminishing,diminishing,775.0,0.017937183380126953,20.566624685816002,12.530009650565985,1.0,0.6855541561938667
0.0,PFW_diminishing,diminishing,776.0,0.0179598331451416,19.41977184372418,14.82371533474964,1.0,0.6473257281241394
0.0,PFW_diminishing,diminishing,777.0,0.017981767654418945,20.566624685816002,12.530009650565985,1.0,0.6855541561938667
0.0,PFW_diminishing,diminishing,778.0,0.01800394058227539,19.41977184372418,14.82371533474964,1.0,0.6473257281241394
0.0,PFW_diminishing,diminishing,779.0,0.01802682876586914,20.566624685816002,12.530009650565985,1.0,0.6855541561938667
0.0,PFW_diminishing,diminishing,780.0,0.0180509090423584,19.41977184372418,14.82371533474964,1.0,0.6473257281241394
0.0,PFW_diminishing,diminishing,781.0,0.01807689666748047,20.566624685816002,12.530009650565985,1.0,0.6855541561938667
0.0,PFW_diminishing,diminishing,782.0,0.018097877502441406,19.41977184372418,14.82371533474964,1.0,0.6473257281241394
0.0,PFW_diminishing,diminishing,783.0,0.018121004104614258,20.566624685816002,12.530009650565985,1.0,0.6855541561938667
0.0,PFW_diminishing,diminishing,784.0,0.018143892288208008,19.41977184372418,14.82371533474964,1.0,0.6473257281241394
0.0,PFW_diminishing,diminishing,785.0,0.01816701889038086,20.566624685816002,12.530009650565985,1.0,0.6855541561938667
0.0,PFW_diminishing,diminishing,786.0,0.018191099166870117,19.41977184372418,14.82371533474964,1.0,0.6473257281241394
0.0,PFW_diminishing,diminishing,787.0,0.018212080001831055,20.566624685816002,12.530009650565985,1.0,0.6855541561938667
0.0,PFW_diminishing,diminishing,788.0,0.018236160278320312,19.41977184372418,14.82371533474964,1.0,0.6473257281241394
0.0,PFW_diminishing,diminishing,789.0,0.018257856369018555,20.566624685816002,12.530009650565985,1.0,0.6855541561938667
0.0,PFW_diminishing,diminishing,790.0,0.018281936645507812,19.41977184372418,14.82371533474964,1.0,0.6473257281241394
0.0,PFW_diminishing,diminishing,791.0,0.018305063247680664,20.566624685816002,12.530009650565985,1.0,0.6855541561938667
0.0,PFW_diminishing,diminishing,792.0,0.0183260440826416,19.41977184372418,14.82371533474964,1.0,0.6473257281241394
0.0,PFW_diminishing,diminishing,793.0,0.01835012435913086,20.566624685816002,12.530009650565985,1.0,0.6855541561938667
0.0,PFW_diminishing,diminishing,794.0,0.018372058868408203,19.41977184372418,14.82371533474964,1.0,0.6473257281241394
0.0,PFW_diminishing,diminishing,795.0,0.01839590072631836,20.566624685816002,12.530009650565985,1.0,0.6855541561938667
0.0,PFW_diminishing,diminishing,796.0,0.01841878890991211,19.41977184372418,14.82371533474964,1.0,0.6473257281241394
0.0,PFW_diminishing,diminishing,797.0,0.018439769744873047,20.566624685816002,12.530009650565985,1.0,0.6855541561938667
0.0,PFW_diminishing,diminishing,798.0,0.018463850021362305,19.41977184372418,14.82371533474964,1.0,0.6473257281241394
0.0,PFW_diminishing,diminishing,799.0,0.01848602294921875,20.566624685816002,12.530009650565985,1.0,0.6855541561938667
0.0,PFW_diminishing,diminishing,800.0,0.0185089111328125,19.41977184372418,14.82371533474964,1.0,0.6473257281241394
0.0,PFW_diminishing,diminishing,801.0,0.018532991409301758,20.566624685816002,12.530009650565985,1.0,0.6855541561938667
0.0,PFW_diminishing,diminishing,802.0,0.018553972244262695,19.41977184372418,14.82371533474964,1.0,0.6473257281241394
0.0,PFW_diminishing,diminishing,803.0,0.018577098846435547,20.566624685816002,12.530009650565985,1.0,0.6855541561938667
0.0,PFW_diminishing,diminishing,804.0,0.018599748611450195,19.41977184372418,14.82371533474964,1.0,0.6473257281241394
0.0,PFW_diminishing,diminishing,805.0,0.018622875213623047,20.566624685816002,12.530009650565985,1.0,0.6855541561938667
0.0,PFW_diminishing,diminishing,806.0,0.0186460018157959,19.41977184372418,14.82371533474964,1.0,0.6473257281241394
0.0,PFW_diminishing,diminishing,807.0,0.018667936325073242,20.566624685816002,12.530009650565985,1.0,0.6855541561938667
0.0,PFW_diminishing,diminishing,808.0,0.018691062927246094,19.41977184372418,14.82371533474964,1.0,0.6473257281241394
0.0,PFW_diminishing,diminishing,809.0,0.018713951110839844,20.566624685816002,12.530009650565985,1.0,0.6855541561938667
0.0,PFW_diminishing,diminishing,810.0,0.018737077713012695,19.41977184372418,14.82371533474964,1.0,0.6473257281241394
0.0,PFW_diminishing,diminishing,811.0,0.018759965896606445,20.566624685816002,12.530009650565985,1.0,0.6855541561938667
0.0,PFW_diminishing,diminishing,812.0,0.01878190040588379,19.41977184372418,14.82371533474964,1.0,0.6473257281241394
0.0,PFW_diminishing,diminishing,813.0,0.01880502700805664,20.566624685816002,12.530009650565985,1.0,0.6855541561938667
0.0,PFW_diminishing,diminishing,814.0,0.01882791519165039,19.41977184372418,14.82371533474964,1.0,0.6473257281241394
0.0,PFW_diminishing,diminishing,815.0,0.018851041793823242,20.566624685816002,12.530009650565985,1.0,0.6855541561938667
0.0,PFW_diminishing,diminishing,816.0,0.018873929977416992,19.41977184372418,14.82371533474964,1.0,0.6473257281241394
0.0,PFW_diminishing,diminishing,817.0,0.018896102905273438,20.566624685816002,12.530009650565985,1.0,0.6855541561938667
0.0,PFW_diminishing,diminishing,818.0,0.018918752670288086,19.41977184372418,14.82371533474964,1.0,0.6473257281241394
0.0,PFW_diminishing,diminishing,819.0,0.018941879272460938,20.566624685816002,12.530009650565985,1.0,0.6855541561938667
0.0,PFW_diminishing,diminishing,820.0,0.01896500587463379,19.41977184372418,14.82371533474964,1.0,0.6473257281241394
0.0,PFW_diminishing,diminishing,821.0,0.01898789405822754,20.566624685816002,12.530009650565985,1.0,0.6855541561938667
0.0,PFW_diminishing,diminishing,822.0,0.019010066986083984,19.41977184372418,14.82371533474964,1.0,0.6473257281241394
0.0,PFW_diminishing,diminishing,823.0,0.019032955169677734,20.566624685816002,12.530009650565985,1.0,0.6855541561938667
0.0,PFW_diminishing,diminishing,824.0,0.019056081771850586,19.41977184372418,14.82371533474964,1.0,0.6473257281241394
0.0,PFW_diminishing,diminishing,825.0,0.019078731536865234,20.566624685816002,12.530009650565985,1.0,0.6855541561938667
0.0,PFW_diminishing,diminishing,826.0,0.019101858139038086,19.41977184372418,14.82371533474964,1.0,0.6473257281241394
0.0,PFW_diminishing,diminishing,827.0,0.019122838973999023,20.566624685816002,12.530009650565985,1.0,0.6855541561938667
0.0,PFW_diminishing,diminishing,828.0,0.01914691925048828,19.41977184372418,14.82371533474964,1.0,0.6473257281241394
0.0,PFW_diminishing,diminishing,829.0,0.019168853759765625,20.566624685816002,12.530009650565985,1.0,0.6855541561938667
0.0,PFW_diminishing,diminishing,830.0,0.019192934036254883,19.41977184372418,14.82371533474964,1.0,0.6473257281241394
0.0,PFW_diminishing,diminishing,831.0,0.019216060638427734,20.566624685816002,12.530009650565985,1.0,0.6855541561938667
0.0,PFW_diminishing,diminishing,832.0,0.019237041473388672,19.41977184372418,14.82371533474964,1.0,0.6473257281241394
0.0,PFW_diminishing,diminishing,833.0,0.019260168075561523,20.566624685816002,12.530009650565985,1.0,0.6855541561938667
0.0,PFW_diminishing,diminishing,834.0,0.019281864166259766,19.41977184372418,14.82371533474964,1.0,0.6473257281241394
0.0,PFW_diminishing,diminishing,835.0,0.019302845001220703,20.566624685816002,12.530009650565985,1.0,0.6855541561938667
0.0,PFW_diminishing,diminishing,836.0,0.01932692527770996,19.41977184372418,14.82371533474964,1.0,0.6473257281241394
0.0,PFW_diminishing,diminishing,837.0,0.019348859786987305,20.566624685816002,12.530009650565985,1.0,0.6855541561938667
0.0,PFW_diminishing,diminishing,838.0,0.019371986389160156,19.41977184372418,14.82371533474964,1.0,0.6473257281241394
0.0,PFW_diminishing,diminishing,839.0,0.019395112991333008,20.566624685816002,12.530009650565985,1.0,0.6855541561938667
0.0,PFW_diminishing,diminishing,840.0,0.01941704750061035,19.41977184372418,14.82371533474964,1.0,0.6473257281241394
0.0,PFW_diminishing,diminishing,841.0,0.019440174102783203,20.566624685816002,12.530009650565985,1.0,0.6855541561938667
0.0,PFW_diminishing,diminishing,842.0,0.01946282386779785,19.41977184372418,14.82371533474964,1.0,0.6473257281241394
0.0,PFW_diminishing,diminishing,843.0,0.019485950469970703,20.566624685816002,12.530009650565985,1.0,0.6855541561938667
0.0,PFW_diminishing,diminishing,844.0,0.019508838653564453,19.41977184372418,14.82371533474964,1.0,0.6473257281241394
0.0,PFW_diminishing,diminishing,845.0,0.01952981948852539,20.566624685816002,12.530009650565985,1.0,0.6855541561938667
0.0,PFW_diminishing,diminishing,846.0,0.01955389976501465,19.41977184372418,14.82371533474964,1.0,0.6473257281241394
0.0,PFW_diminishing,diminishing,847.0,0.019576072692871094,20.566624685816002,12.530009650565985,1.0,0.6855541561938667
0.0,PFW_diminishing,diminishing,848.0,0.019609928131103516,19.41977184372418,14.82371533474964,1.0,0.6473257281241394
0.0,PFW_diminishing,diminishing,849.0,0.01963210105895996,20.566624685816002,12.530009650565985,1.0,0.6855541561938667
0.0,PFW_diminishing,diminishing,850.0,0.019655942916870117,19.41977184372418,14.82371533474964,1.0,0.6473257281241394
0.0,PFW_diminishing,diminishing,851.0,0.019678831100463867,20.566624685816002,12.530009650565985,1.0,0.6855541561938667
0.0,PFW_diminishing,diminishing,852.0,0.019699811935424805,19.41977184372418,14.82371533474964,1.0,0.6473257281241394
0.0,PFW_diminishing,diminishing,853.0,0.019722938537597656,20.566624685816002,12.530009650565985,1.0,0.6855541561938667
0.0,PFW_diminishing,diminishing,854.0,0.019746065139770508,19.41977184372418,14.82371533474964,1.0,0.6473257281241394
0.0,PFW_diminishing,diminishing,855.0,0.019768953323364258,20.566624685816002,12.530009650565985,1.0,0.6855541561938667
0.0,PFW_diminishing,diminishing,856.0,0.01979207992553711,19.41977184372418,14.82371533474964,1.0,0.6473257281241394
0.0,PFW_diminishing,diminishing,857.0,0.019814014434814453,20.566624685816002,12.530009650565985,1.0,0.6855541561938667
0.0,PFW_diminishing,diminishing,858.0,0.019836902618408203,19.41977184372418,14.82371533474964,1.0,0.6473257281241394
0.0,PFW_diminishing,diminishing,859.0,0.019859790802001953,20.566624685816002,12.530009650565985,1.0,0.6855541561938667
0.0,PFW_diminishing,diminishing,860.0,0.01988506317138672,19.41977184372418,14.82371533474964,1.0,0.6473257281241394
0.0,PFW_diminishing,diminishing,861.0,0.019913911819458008,20.566624685816002,12.530009650565985,1.0,0.6855541561938667
0.0,PFW_diminishing,diminishing,862.0,0.01993703842163086,19.41977184372418,14.82371533474964,1.0,0.6473257281241394
0.0,PFW_diminishing,diminishing,863.0,0.019961118698120117,20.566624685816002,12.530009650565985,1.0,0.6855541561938667
0.0,PFW_diminishing,diminishing,864.0,0.019982099533081055,19.41977184372418,14.82371533474964,1.0,0.6473257281241394
0.0,PFW_diminishing,diminishing,865.0,0.020006179809570312,20.566624685816002,12.530009650565985,1.0,0.6855541561938667
0.0,PFW_diminishing,diminishing,866.0,0.020028114318847656,19.41977184372418,14.82371533474964,1.0,0.6473257281241394
0.0,PFW_diminishing,diminishing,867.0,0.020050764083862305,20.566624685816002,12.530009650565985,1.0,0.6855541561938667
0.0,PFW_diminishing,diminishing,868.0,0.020073890686035156,19.41977184372418,14.82371533474964,1.0,0.6473257281241394
0.0,PFW_diminishing,diminishing,869.0,0.0200958251953125,20.566624685816002,12.530009650565985,1.0,0.6855541561938667
0.0,PFW_diminishing,diminishing,870.0,0.02011895179748535,19.41977184372418,14.82371533474964,1.0,0.6473257281241394
0.0,PFW_diminishing,diminishing,871.0,0.020142078399658203,20.566624685816002,12.530009650565985,1.0,0.6855541561938667
0.0,PFW_diminishing,diminishing,872.0,0.020164966583251953,19.41977184372418,14.82371533474964,1.0,0.6473257281241394
0.0,PFW_diminishing,diminishing,873.0,0.020187854766845703,20.566624685816002,12.530009650565985,1.0,0.6855541561938667
0.0,PFW_diminishing,diminishing,874.0,0.020209074020385742,19.41977184372418,14.82371533474964,1.0,0.6473257281241394
0.0,PFW_diminishing,diminishing,875.0,0.0202329158782959,20.566624685816002,12.530009650565985,1.0,0.6855541561938667
0.0,PFW_diminishing,diminishing,876.0,0.020254850387573242,19.41977184372418,14.82371533474964,1.0,0.6473257281241394
0.0,PFW_diminishing,diminishing,877.0,0.0202789306640625,20.566624685816002,12.530009650565985,1.0,0.6855541561938667
0.0,PFW_diminishing,diminishing,878.0,0.02030205726623535,19.41977184372418,14.82371533474964,1.0,0.6473257281241394
0.0,PFW_diminishing,diminishing,879.0,0.02032303810119629,20.566624685816002,12.530009650565985,1.0,0.6855541561938667
0.0,PFW_diminishing,diminishing,880.0,0.020347118377685547,19.41977184372418,14.82371533474964,1.0,0.6473257281241394
0.0,PFW_diminishing,diminishing,881.0,0.02036905288696289,20.566624685816002,12.530009650565985,1.0,0.6855541561938667
0.0,PFW_diminishing,diminishing,882.0,0.020392894744873047,19.41977184372418,14.82371533474964,1.0,0.6473257281241394
0.0,PFW_diminishing,diminishing,883.0,0.0204160213470459,20.566624685816002,12.530009650565985,1.0,0.6855541561938667
0.0,PFW_diminishing,diminishing,884.0,0.020437002182006836,19.41977184372418,14.82371533474964,1.0,0.6473257281241394
0.0,PFW_diminishing,diminishing,885.0,0.020459890365600586,20.566624685816002,12.530009650565985,1.0,0.6855541561938667
0.0,PFW_diminishing,diminishing,886.0,0.020483016967773438,19.41977184372418,14.82371533474964,1.0,0.6473257281241394
0.0,PFW_diminishing,diminishing,887.0,0.02050614356994629,20.566624685816002,12.530009650565985,1.0,0.6855541561938667
0.0,PFW_diminishing,diminishing,888.0,0.02052903175354004,19.41977184372418,14.82371533474964,1.0,0.6473257281241394
0.0,PFW_diminishing,diminishing,889.0,0.02055191993713379,20.566624685816002,12.530009650565985,1.0,0.6855541561938667
0.0,PFW_diminishing,diminishing,890.0,0.02057480812072754,19.41977184372418,14.82371533474964,1.0,0.6473257281241394
0.0,PFW_diminishing,diminishing,891.0,0.02059793472290039,20.566624685816002,12.530009650565985,1.0,0.6855541561938667
0.0,PFW_diminishing,diminishing,892.0,0.020621061325073242,19.41977184372418,14.82371533474964,1.0,0.6473257281241394
0.0,PFW_diminishing,diminishing,893.0,0.020643949508666992,20.566624685816002,12.530009650565985,1.0,0.6855541561938667
0.0,PFW_diminishing,diminishing,894.0,0.02066493034362793,19.41977184372418,14.82371533474964,1.0,0.6473257281241394
0.0,PFW_diminishing,diminishing,895.0,0.02068805694580078,20.566624685816002,12.530009650565985,1.0,0.6855541561938667
0.0,PFW_diminishing,diminishing,896.0,0.02071094512939453,19.41977184372418,14.82371533474964,1.0,0.6473257281241394
0.0,PFW_diminishing,diminishing,897.0,0.02073383331298828,20.566624685816002,12.530009650565985,1.0,0.6855541561938667
0.0,PFW_diminishing,diminishing,898.0,0.020756959915161133,19.41977184372418,14.82371533474964,1.0,0.6473257281241394
0.0,PFW_diminishing,diminishing,899.0,0.020778894424438477,20.566624685816002,12.530009650565985,1.0,0.6855541561938667
0.0,PFW_diminishing,diminishing,900.0,0.020802021026611328,19.41977184372418,14.82371533474964,1.0,0.6473257281241394
0.0,PFW_diminishing,diminishing,901.0,0.020824909210205078,20.566624685816002,12.530009650565985,1.0,0.6855541561938667
0.0,PFW_diminishing,diminishing,902.0,0.02084803581237793,19.41977184372418,14.82371533474964,1.0,0.6473257281241394
0.0,PFW_diminishing,diminishing,903.0,0.02087092399597168,20.566624685816002,12.530009650565985,1.0,0.6855541561938667
0.0,PFW_diminishing,diminishing,904.0,0.020891904830932617,19.41977184372418,14.82371533474964,1.0,0.6473257281241394
0.0,PFW_diminishing,diminishing,905.0,0.020915985107421875,20.566624685816002,12.530009650565985,1.0,0.6855541561938667
0.0,PFW_diminishing,diminishing,906.0,0.02093791961669922,19.41977184372418,14.82371533474964,1.0,0.6473257281241394
0.0,PFW_diminishing,diminishing,907.0,0.02096104621887207,20.566624685816002,12.530009650565985,1.0,0.6855541561938667
0.0,PFW_diminishing,diminishing,908.0,0.02098393440246582,19.41977184372418,14.82371533474964,1.0,0.6473257281241394
0.0,PFW_diminishing,diminishing,909.0,0.021004915237426758,20.566624685816002,12.530009650565985,1.0,0.6855541561938667
0.0,PFW_diminishing,diminishing,910.0,0.021028995513916016,19.41977184372418,14.82371533474964,1.0,0.6473257281241394
0.0,PFW_diminishing,diminishing,911.0,0.02105116844177246,20.566624685816002,12.530009650565985,1.0,0.6855541561938667
0.0,PFW_diminishing,diminishing,912.0,0.02107381820678711,19.41977184372418,14.82371533474964,1.0,0.6473257281241394
0.0,PFW_diminishing,diminishing,913.0,0.021097898483276367,20.566624685816002,12.530009650565985,1.0,0.6855541561938667
0.0,PFW_diminishing,diminishing,914.0,0.021118879318237305,19.41977184372418,14.82371533474964,1.0,0.6473257281241394
0.0,PFW_diminishing,diminishing,915.0,0.021142005920410156,20.566624685816002,12.530009650565985,1.0,0.6855541561938667
0.0,PFW_diminishing,diminishing,916.0,0.021164894104003906,19.41977184372418,14.82371533474964,1.0,0.6473257281241394
0.0,PFW_diminishing,diminishing,917.0,0.021188020706176758,20.566624685816002,12.530009650565985,1.0,0.6855541561938667
0.0,PFW_diminishing,diminishing,918.0,0.02121114730834961,19.41977184372418,14.82371533474964,1.0,0.6473257281241394
0.0,PFW_diminishing,diminishing,919.0,0.021233081817626953,20.566624685816002,12.530009650565985,1.0,0.6855541561938667
0.0,PFW_diminishing,diminishing,920.0,0.021255970001220703,19.41977184372418,14.82371533474964,1.0,0.6473257281241394
0.0,PFW_diminishing,diminishing,921.0,0.021277904510498047,20.566624685816002,12.530009650565985,1.0,0.6855541561938667
0.0,PFW_diminishing,diminishing,922.0,0.021301984786987305,19.41977184372418,14.82371533474964,1.0,0.6473257281241394
0.0,PFW_diminishing,diminishing,923.0,0.021324872970581055,20.566624685816002,12.530009650565985,1.0,0.6855541561938667
0.0,PFW_diminishing,diminishing,924.0,0.021346092224121094,19.41977184372418,14.82371533474964,1.0,0.6473257281241394
0.0,PFW_diminishing,diminishing,925.0,0.02136993408203125,20.566624685816002,12.530009650565985,1.0,0.6855541561938667
0.0,PFW_diminishing,diminishing,926.0,0.021392107009887695,19.41977184372418,14.82371533474964,1.0,0.6473257281241394
0.0,PFW_diminishing,diminishing,927.0,0.021414756774902344,20.566624685816002,12.530009650565985,1.0,0.6855541561938667
0.0,PFW_diminishing,diminishing,928.0,0.021437883377075195,19.41977184372418,14.82371533474964,1.0,0.6473257281241394
0.0,PFW_diminishing,diminishing,929.0,0.02145981788635254,20.566624685816002,12.530009650565985,1.0,0.6855541561938667
0.0,PFW_diminishing,diminishing,930.0,0.021481990814208984,19.41977184372418,14.82371533474964,1.0,0.6473257281241394
0.0,PFW_diminishing,diminishing,931.0,0.021504878997802734,20.566624685816002,12.530009650565985,1.0,0.6855541561938667
0.0,PFW_diminishing,diminishing,932.0,0.021528005599975586,19.41977184372418,14.82371533474964,1.0,0.6473257281241394
0.0,PFW_diminishing,diminishing,933.0,0.021551132202148438,20.566624685816002,12.530009650565985,1.0,0.6855541561938667
0.0,PFW_diminishing,diminishing,934.0,0.021572113037109375,19.41977184372418,14.82371533474964,1.0,0.6473257281241394
0.0,PFW_diminishing,diminishing,935.0,0.02159571647644043,20.566624685816002,12.530009650565985,1.0,0.6855541561938667
0.0,PFW_diminishing,diminishing,936.0,0.021617889404296875,19.41977184372418,14.82371533474964,1.0,0.6473257281241394
0.0,PFW_diminishing,diminishing,937.0,0.021640777587890625,20.566624685816002,12.530009650565985,1.0,0.6855541561938667
0.0,PFW_diminishing,diminishing,938.0,0.021663904190063477,19.41977184372418,14.82371533474964,1.0,0.6473257281241394
0.0,PFW_diminishing,diminishing,939.0,0.02168583869934082,20.566624685816002,12.530009650565985,1.0,0.6855541561938667
0.0,PFW_diminishing,diminishing,940.0,0.021708965301513672,19.41977184372418,14.82371533474964,1.0,0.6473257281241394
0.0,PFW_diminishing,diminishing,941.0,0.021730899810791016,20.566624685816002,12.530009650565985,1.0,0.6855541561938667
0.0,PFW_diminishing,diminishing,942.0,0.021754980087280273,19.41977184372418,14.82371533474964,1.0,0.6473257281241394
0.0,PFW_diminishing,diminishing,943.0,0.021777868270874023,20.566624685816002,12.530009650565985,1.0,0.6855541561938667
0.0,PFW_diminishing,diminishing,944.0,0.021799802780151367,19.41977184372418,14.82371533474964,1.0,0.6473257281241394
0.0,PFW_diminishing,diminishing,945.0,0.021823883056640625,20.566624685816002,12.530009650565985,1.0,0.6855541561938667
0.0,PFW_diminishing,diminishing,946.0,0.02184605598449707,19.41977184372418,14.82371533474964,1.0,0.6473257281241394
0.0,PFW_diminishing,diminishing,947.0,0.021869897842407227,20.566624685816002,12.530009650565985,1.0,0.6855541561938667
0.0,PFW_diminishing,diminishing,948.0,0.021893024444580078,19.41977184372418,14.82371533474964,1.0,0.6473257281241394
0.0,PFW_diminishing,diminishing,949.0,0.021914958953857422,20.566624685816002,12.530009650565985,1.0,0.6855541561938667
0.0,PFW_diminishing,diminishing,950.0,0.021937847137451172,19.41977184372418,14.82371533474964,1.0,0.6473257281241394
0.0,PFW_diminishing,diminishing,951.0,0.021959781646728516,20.566624685816002,12.530009650565985,1.0,0.6855541561938667
0.0,PFW_diminishing,diminishing,952.0,0.021983861923217773,19.41977184372418,14.82371533474964,1.0,0.6473257281241394
0.0,PFW_diminishing,diminishing,953.0,0.022006988525390625,20.566624685816002,12.530009650565985,1.0,0.6855541561938667
0.0,PFW_diminishing,diminishing,954.0,0.022027969360351562,19.41977184372418,14.82371533474964,1.0,0.6473257281241394
0.0,PFW_diminishing,diminishing,955.0,0.02205204963684082,20.566624685816002,12.530009650565985,1.0,0.6855541561938667
0.0,PFW_diminishing,diminishing,956.0,0.022073984146118164,19.41977184372418,14.82371533474964,1.0,0.6473257281241394
0.0,PFW_diminishing,diminishing,957.0,0.022097110748291016,20.566624685816002,12.530009650565985,1.0,0.6855541561938667
0.0,PFW_diminishing,diminishing,958.0,0.022119760513305664,19.41977184372418,14.82371533474964,1.0,0.6473257281241394
0.0,PFW_diminishing,diminishing,959.0,0.02214193344116211,20.566624685816002,12.530009650565985,1.0,0.6855541561938667
0.0,PFW_diminishing,diminishing,960.0,0.02216482162475586,19.41977184372418,14.82371533474964,1.0,0.6473257281241394
0.0,PFW_diminishing,diminishing,961.0,0.022188901901245117,20.566624685816002,12.530009650565985,1.0,0.6855541561938667
0.0,PFW_diminishing,diminishing,962.0,0.022212982177734375,19.41977184372418,14.82371533474964,1.0,0.6473257281241394
0.0,PFW_diminishing,diminishing,963.0,0.022235870361328125,20.566624685816002,12.530009650565985,1.0,0.6855541561938667
0.0,PFW_diminishing,diminishing,964.0,0.022257089614868164,19.41977184372418,14.82371533474964,1.0,0.6473257281241394
0.0,PFW_diminishing,diminishing,965.0,0.02228093147277832,20.566624685816002,12.530009650565985,1.0,0.6855541561938667
0.0,PFW_diminishing,diminishing,966.0,0.022302865982055664,19.41977184372418,14.82371533474964,1.0,0.6473257281241394
0.0,PFW_diminishing,diminishing,967.0,0.022326946258544922,20.566624685816002,12.530009650565985,1.0,0.6855541561938667
0.0,PFW_diminishing,diminishing,968.0,0.022350072860717773,19.41977184372418,14.82371533474964,1.0,0.6473257281241394
0.0,PFW_diminishing,diminishing,969.0,0.02237105369567871,20.566624685816002,12.530009650565985,1.0,0.6855541561938667
0.0,PFW_diminishing,diminishing,970.0,0.02239513397216797,19.41977184372418,14.82371533474964,1.0,0.6473257281241394
0.0,PFW_diminishing,diminishing,971.0,0.022417068481445312,20.566624685816002,12.530009650565985,1.0,0.6855541561938667
0.0,PFW_diminishing,diminishing,972.0,0.02244091033935547,19.41977184372418,14.82371533474964,1.0,0.6473257281241394
0.0,PFW_diminishing,diminishing,973.0,0.02246403694152832,20.566624685816002,12.530009650565985,1.0,0.6855541561938667
0.0,PFW_diminishing,diminishing,974.0,0.022485971450805664,19.41977184372418,14.82371533474964,1.0,0.6473257281241394
0.0,PFW_diminishing,diminishing,975.0,0.022509098052978516,20.566624685816002,12.530009650565985,1.0,0.6855541561938667
0.0,PFW_diminishing,diminishing,976.0,0.022531986236572266,19.41977184372418,14.82371533474964,1.0,0.6473257281241394
0.0,PFW_diminishing,diminishing,977.0,0.022555112838745117,20.566624685816002,12.530009650565985,1.0,0.6855541561938667
0.0,PFW_diminishing,diminishing,978.0,0.022577762603759766,19.41977184372418,14.82371533474964,1.0,0.6473257281241394
0.0,PFW_diminishing,diminishing,979.0,0.02259993553161621,20.566624685816002,12.530009650565985,1.0,0.6855541561938667
0.0,PFW_diminishing,diminishing,980.0,0.02262282371520996,19.41977184372418,14.82371533474964,1.0,0.6473257281241394
0.0,PFW_diminishing,diminishing,981.0,0.022645950317382812,20.566624685816002,12.530009650565985,1.0,0.6855541561938667
0.0,PFW_diminishing,diminishing,982.0,0.022669076919555664,19.41977184372418,14.82371533474964,1.0,0.6473257281241394
0.0,PFW_diminishing,diminishing,983.0,0.022693157196044922,20.566624685816002,12.530009650565985,1.0,0.6855541561938667
0.0,PFW_diminishing,diminishing,984.0,0.02271413803100586,19.41977184372418,14.82371533474964,1.0,0.6473257281241394
0.0,PFW_diminishing,diminishing,985.0,0.02273702621459961,20.566624685816002,12.530009650565985,1.0,0.6855541561938667
0.0,PFW_diminishing,diminishing,986.0,0.02275991439819336,19.41977184372418,14.82371533474964,1.0,0.6473257281241394
0.0,PFW_diminishing,diminishing,987.0,0.02278280258178711,20.566624685816002,12.530009650565985,1.0,0.6855541561938667
0.0,PFW_diminishing,diminishing,988.0,0.022806882858276367,19.41977184372418,14.82371533474964,1.0,0.6473257281241394
0.0,PFW_diminishing,diminishing,989.0,0.022827863693237305,20.566624685816002,12.530009650565985,1.0,0.6855541561938667
0.0,PFW_diminishing,diminishing,990.0,0.022850990295410156,19.41977184372418,14.82371533474964,1.0,0.6473257281241394
0.0,PFW_diminishing,diminishing,991.0,0.022875070571899414,20.566624685816002,12.530009650565985,1.0,0.6855541561938667
0.0,PFW_diminishing,diminishing,992.0,0.022897958755493164,19.41977184372418,14.82371533474964,1.0,0.6473257281241394
0.0,PFW_diminishing,diminishing,993.0,0.02292180061340332,20.566624685816002,12.530009650565985,1.0,0.6855541561938667
0.0,PFW_diminishing,diminishing,994.0,0.02294301986694336,19.41977184372418,14.82371533474964,1.0,0.6473257281241394
0.0,PFW_diminishing,diminishing,995.0,0.02296590805053711,20.566624685816002,12.530009650565985,1.0,0.6855541561938667
0.0,PFW_diminishing,diminishing,996.0,0.022987842559814453,19.41977184372418,14.82371533474964,1.0,0.6473257281241394
0.0,PFW_diminishing,diminishing,997.0,0.02301192283630371,20.566624685816002,12.530009650565985,1.0,0.6855541561938667
0.0,PFW_diminishing,diminishing,998.0,0.023035049438476562,19.41977184372418,14.82371533474964,1.0,0.6473257281241394
0.0,PFW_diminishing,diminishing,999.0,0.0230560302734375,20.566624685816002,12.530009650565985,1.0,0.6855541561938667
0.0,PFW_exact,exact,0.0,3.719329833984375e-05,16.484849442471486,10.73971096916316,2.0,0.5494949814157162
0.0,PFW_exact,exact,1.0,7.009506225585938e-05,16.190117600250332,4.048212016133748,3.0,0.5396705866750111
0.0,PFW_exact,exact,2.0,9.918212890625e-05,15.775275577640537,2.870221305098841,4.0,0.5258425192546846
0.0,PFW_exact,exact,3.0,0.00012731552124023438,15.74080146243068,1.0837366274325273,5.0,0.5246933820810227
0.0,PFW_exact,exact,4.0,0.00016021728515625,15.720142228096185,0.7455601983425684,6.0,0.5240047409365395
0.0,PFW_exact,exact,5.0,0.0001881122589111328,15.709011621483983,0.4358946373125434,7.0,0.5236337207161328
0.0,PFW_exact,exact,6.0,0.00021409988403320312,15.70127863258784,0.4256383227224916,8.0,0.5233759544195947
0.0,PFW_exact,exact,7.0,0.0002522468566894531,15.695601755450687,0.3803011750687979,8.0,0.5231867251816895
0.0,PFW_exact,exact,8.0,0.00028014183044433594,15.691434293882706,0.3104397708093032,8.0,0.5230478097960902
0.0,PFW_exact,exact,9.0,0.00030612945556640625,15.686674618866927,0.3536202889720954,8.0,0.5228891539622309
0.0,PFW_exact,exact,10.0,0.0003330707550048828,15.684340503958001,0.15317819731878224,8.0,0.5228113501319334
0.0,PFW_exact,exact,11.0,0.00036025047302246094,15.680903944448133,0.25082698368149536,8.0,0.5226967981482711
0.0,PFW_exact,exact,12.0,0.00038814544677734375,15.678851317084394,0.12584870765037515,8.0,0.5226283772361465
0.0,PFW_exact,exact,13.0,0.0004169940948486328,15.675597548286767,0.2339525931610904,8.0,0.5225199182762256
0.0,PFW_exact,exact,14.0,0.00044417381286621094,15.673208918748449,0.12504193050599355,8.0,0.522440297291615
0.0,PFW_exact,exact,15.0,0.0004711151123046875,15.67167140441122,0.2173741738481869,8.0,0.5223890468137073
0.0,PFW_exact,exact,16.0,0.0004992485046386719,15.670336367271245,0.08895285870486447,9.0,0.5223445455757082
0.0,PFW_exact,exact,17.0,0.0005271434783935547,15.63161211244238,0.1948400782090154,8.0,0.5210537370814127
0.0,PFW_exact,exact,18.0,0.0005543231964111328,15.629652168679582,0.17285908211662182,8.0,0.5209884056226527
0.0,PFW_exact,exact,19.0,0.0005822181701660156,15.628440351841055,0.1343128805964362,8.0,0.5209480117280352
0.0,PFW_exact,exact,20.0,0.0006082057952880859,15.627978554369642,0.07343154545326236,8.0,0.5209326184789881
0.0,PFW_exact,exact,21.0,0.0006361007690429688,15.627728439553774,0.06882110507359229,9.0,0.5209242813184591
0.0,PFW_exact,exact,22.0,0.0006630420684814453,15.627471383059007,0.05013143945434351,9.0,0.5209157127686336
0.0,PFW_exact,exact,23.0,0.0006902217864990234,15.62737015168665,0.03716870933394567,9.0,0.520912338389555
0.0,PFW_exact,exact,24.0,0.0007171630859375,15.627305901004156,0.026237295695523244,9.0,0.5209101967001385
0.0,PFW_exact,exact,25.0,0.0007452964782714844,15.627261248823862,0.03200066074945873,9.0,0.5209087082941287
0.0,PFW_exact,exact,26.0,0.0007722377777099609,15.627215768138548,0.024395305655891875,9.0,0.5209071922712849
0.0,PFW_exact,exact,27.0,0.0008003711700439453,15.627180449906989,0.023547431000356056,9.0,0.5209060149968996
0.0,PFW_exact,exact,28.0,0.0008270740509033203,15.627163369028125,0.014364791684466027,9.0,0.5209054456342709
0.0,PFW_exact,exact,29.0,0.0008549690246582031,15.627153276007245,0.012038872326826322,9.0,0.5209051092002415
0.0,PFW_exact,exact,30.0,0.0008833408355712891,15.627147023870766,0.007333429587852436,9.0,0.5209049007956922
0.0,PFW_exact,exact,31.0,0.0009121894836425781,15.627141749083869,0.009563384914915929,9.0,0.5209047249694623
0.0,PFW_exact,exact,32.0,0.0009391307830810547,15.627137337344287,0.008545460852086961,9.0,0.5209045779114763
0.0,PFW_exact,exact,33.0,0.0009672641754150391,15.627133311185798,0.0063373041693299825,9.0,0.5209044437061933
0.0,PFW_exact,exact,34.0,0.0010023117065429688,15.627130276060258,0.007076416663712948,9.0,0.5209043425353419
0.0,PFW_exact,exact,35.0,0.0010302066802978516,15.627129563709273,0.0032646482727667347,9.0,0.5209043187903091
0.0,PFW_exact,exact,36.0,0.0010571479797363281,15.627128082251927,0.004177876598062014,9.0,0.5209042694083975
0.0,PFW_exact,exact,37.0,0.0010921955108642578,15.62712751765031,0.0023523234641817936,9.0,0.5209042505883437
0.0,PFW_exact,exact,38.0,0.0011219978332519531,15.62712712071226,0.0018905114829586012,9.0,0.5209042373570754
0.0,PFW_exact,exact,39.0,0.001148223876953125,15.627126754934741,0.002442234337665994,9.0,0.5209042251644914
0.0,PFW_exact,exact,40.0,0.0011739730834960938,15.627126582511984,0.0017815460925518778,9.0,0.5209042194170661
0.0,PFW_exact,exact,41.0,0.0012021064758300781,15.627126443733683,0.0012412806452601899,9.0,0.5209042147911228
0.0,PFW_exact,exact,42.0,0.0012290477752685547,15.627126365427266,0.0008706714400101845,9.0,0.5209042121809089
0.0,PFW_exact,exact,43.0,0.001257181167602539,15.627126279977986,0.0008429867115005152,9.0,0.5209042093325995
0.0,PFW_exact,exact,44.0,0.0012841224670410156,15.627126236445328,0.0005367119899961637,9.0,0.5209042078815109
0.0,PFW_exact,exact,45.0,0.001316070556640625,15.627126188456229,0.00037920782856026847,9.0,0.5209042062818743
0.0,PFW_exact,exact,46.0,0.0013439655303955078,15.62712616425215,0.0006505923026018934,9.0,0.5209042054750717
0.0,PFW_exact,exact,47.0,0.001371145248413086,15.627126136610194,0.0006569696733009778,9.0,0.5209042045536731
0.0,PFW_exact,exact,48.0,0.0013973712921142578,15.627126125036055,0.0003093668521394477,9.0,0.5209042041678685
0.0,PFW_exact,exact,49.0,0.0014240741729736328,15.62712611928284,0.0002566486716197858,9.0,0.5209042039760947
0.0,PFW_exact,exact,50.0,0.0014510154724121094,15.627126115439333,0.00025551233726872624,9.0,0.5209042038479778
0.0,PFW_exact,exact,51.0,0.0014791488647460938,15.62712611163641,0.00018286398400491066,9.0,0.5209042037212137
0.0,PFW_exact,exact,52.0,0.0015060901641845703,15.627126108784902,0.00021267854640960593,9.0,0.5209042036261634
0.0,PFW_exact,exact,53.0,0.0015342235565185547,15.627126105598643,0.00023792707388636813,9.0,0.5209042035199548
0.0,PFW_exact,exact,54.0,0.0015611648559570312,15.627126104109351,0.00012064044281956399,9.0,0.5209042034703117
0.0,PFW_exact,exact,55.0,0.0015883445739746094,15.627126103147916,0.00013183389156701253,9.0,0.5209042034382638
0.0,PFW_exact,exact,56.0,0.001608133316040039,15.627126103147916,8.921482796253599e-05,9.0,0.5209042034382638
