run,algorithm,step_size,iter,time,loss,gap,spars,mse
0.0,FW_diminishing,diminishing,0.0,0.00027108192443847656,18.919311425263782,18.580688574736218,1.0,0.6306437141754594
0.0,FW_diminishing,diminishing,1.0,0.0003151893615722656,17.023792599884928,10.73971096916316,2.0,0.5674597533294976
0.0,FW_diminishing,diminishing,2.0,0.00034308433532714844,16.410293098952653,5.996830089660184,3.0,0.5470097699650884
0.0,FW_diminishing,diminishing,3.0,0.0003681182861328125,16.262301609150718,2.98177037106176,4.0,0.542076720305024
0.0,FW_diminishing,diminishing,4.0,0.0003941059112548828,16.154850351546713,2.5525536243943723,5.0,0.5384950117182238
0.0,FW_diminishing,diminishing,5.0,0.0004181861877441406,15.997755656457628,2.075732602807493,6.0,0.5332585218819209
0.0,FW_diminishing,diminishing,6.0,0.0004410743713378906,15.996686939458735,1.760388318500155,7.0,0.5332228979819579
0.0,FW_diminishing,diminishing,7.0,0.00046324729919433594,15.920382526862968,1.6273557178680722,8.0,0.5306794175620989
0.0,FW_diminishing,diminishing,8.0,0.0004851818084716797,15.862393756853336,1.2372771417754933,8.0,0.5287464585617779
0.0,FW_diminishing,diminishing,9.0,0.0005080699920654297,15.73121100511966,1.5611546463009258,8.0,0.5243737001706553
0.0,FW_diminishing,diminishing,10.0,0.0005300045013427734,15.730753502315734,0.9703767563275356,8.0,0.5243584500771912
0.0,FW_diminishing,diminishing,11.0,0.000553131103515625,15.69130134083179,0.9737949389281777,8.0,0.5230433780277264
0.0,FW_diminishing,diminishing,12.0,0.0005750656127929688,15.682144461984125,0.6127828579946346,8.0,0.5227381487328041
0.0,FW_diminishing,diminishing,13.0,0.0005981922149658203,15.667923299610282,0.7808919639734739,8.0,0.5222641099870093
0.0,FW_diminishing,diminishing,14.0,0.0006201267242431641,15.690841962806921,0.6085680212755893,9.0,0.5230280654268974
0.0,FW_diminishing,diminishing,15.0,0.0006432533264160156,15.688362081706297,0.521080172058312,9.0,0.5229454027235432
0.0,FW_diminishing,diminishing,16.0,0.0006661415100097656,15.656957598484148,0.7218390605689695,9.0,0.5218985866161383
0.0,FW_diminishing,diminishing,17.0,0.0006883144378662109,15.676482479977008,0.3209634639668071,9.0,0.5225494159992335
0.0,FW_diminishing,diminishing,18.0,0.0007092952728271484,15.67094366500286,0.47746342901799466,9.0,0.5223647888334286
0.0,FW_diminishing,diminishing,19.0,0.0007319450378417969,15.654436743058792,0.7069020173838823,9.0,0.5218145581019598
0.0,FW_diminishing,diminishing,20.0,0.0007538795471191406,15.65625605456959,0.3044737989398314,9.0,0.5218752018189864
0.0,FW_diminishing,diminishing,21.0,0.0007770061492919922,15.643750612726574,0.5159390926565273,9.0,0.5214583537575525
0.0,FW_diminishing,diminishing,22.0,0.0007989406585693359,15.65305182311657,0.3889723846445303,9.0,0.5217683941038856
0.0,FW_diminishing,diminishing,23.0,0.000820159912109375,15.645809134181498,0.4727495797627945,9.0,0.5215269711393833
0.0,FW_diminishing,diminishing,24.0,0.000843048095703125,15.6542717228637,0.19531543518752947,9.0,0.52180905742879
0.0,FW_diminishing,diminishing,25.0,0.0008649826049804688,15.638944801386069,0.48466969133581017,9.0,0.5212981600462023
0.0,FW_diminishing,diminishing,26.0,0.0008881092071533203,15.63695559432231,0.409043420686686,9.0,0.521231853144077
0.0,FW_diminishing,diminishing,27.0,0.0009112358093261719,15.637044640183573,0.2788218042275119,9.0,0.5212348213394524
0.0,FW_diminishing,diminishing,28.0,0.0009322166442871094,15.639289971104674,0.2860731071072582,9.0,0.5213096657034891
0.0,FW_diminishing,diminishing,29.0,0.0009541511535644531,15.63912744252038,0.22890130665765618,9.0,0.5213042480840127
0.0,FW_diminishing,diminishing,30.0,0.0009760856628417969,15.637360177014976,0.2822042913724516,9.0,0.5212453392338325
0.0,FW_diminishing,diminishing,31.0,0.0009989738464355469,15.635911604502608,0.34346054034148743,9.0,0.5211970534834203
0.0,FW_diminishing,diminishing,32.0,0.0010221004486083984,15.64350720092564,0.09929580456033626,9.0,0.5214502400308547
0.0,FW_diminishing,diminishing,33.0,0.001043081283569336,15.636155963136636,0.3349770180132854,9.0,0.5212051987712212
0.0,FW_diminishing,diminishing,34.0,0.0010650157928466797,15.634964939448931,0.2769257385860495,9.0,0.521165497981631
0.0,FW_diminishing,diminishing,35.0,0.0010869503021240234,15.634627604698128,0.3281319439422905,9.0,0.5211542534899376
0.0,FW_diminishing,diminishing,36.0,0.001110076904296875,15.636975171895159,0.16320402671650847,9.0,0.5212325057298386
0.0,FW_diminishing,diminishing,37.0,0.0011320114135742188,15.64224599959533,0.2592646322801997,10.0,0.521408199986511
0.0,FW_diminishing,diminishing,38.0,0.0011529922485351562,15.6409951967397,0.19880981936425712,10.0,0.52136650655799
0.0,FW_diminishing,diminishing,39.0,0.0011761188507080078,15.641365035930114,0.18581290908785242,10.0,0.5213788345310039
0.0,FW_diminishing,diminishing,40.0,0.0011980533599853516,15.640314357753397,0.2694304362909108,10.0,0.5213438119251133
0.0,FW_diminishing,diminishing,41.0,0.0012221336364746094,15.63943962371428,0.23034308761520172,10.0,0.5213146541238093
0.0,FW_diminishing,diminishing,42.0,0.0012450218200683594,15.641113698009221,0.18812647414471328,10.0,0.5213704566003073
0.0,FW_diminishing,diminishing,43.0,0.0012660026550292969,15.641202437021695,0.17366204747210112,10.0,0.5213734145673898
0.0,FW_diminishing,diminishing,44.0,0.0012879371643066406,15.639062633897893,0.20045749276056668,10.0,0.5213020877965965
0.0,FW_diminishing,diminishing,45.0,0.001310110092163086,15.64158392361043,0.13848100974601785,10.0,0.5213861307870143
0.0,FW_diminishing,diminishing,46.0,0.0013320446014404297,15.640879017336646,0.18192234494837223,10.0,0.5213626339112215
0.0,FW_diminishing,diminishing,47.0,0.0013551712036132812,15.637236859610876,0.3026362061010328,10.0,0.5212412286536959
0.0,FW_diminishing,diminishing,48.0,0.0013761520385742188,15.641800105404487,0.11552315247323541,10.0,0.5213933368468162
0.0,FW_diminishing,diminishing,49.0,0.0013980865478515625,15.640149085728869,0.1980223380567505,10.0,0.5213383028576289
0.0,FW_diminishing,diminishing,50.0,0.001421213150024414,15.6367450378364,0.223211948593816,10.0,0.5212248345945467
0.0,FW_diminishing,diminishing,51.0,0.0014431476593017578,15.63462568891794,0.22782625821312585,10.0,0.521154189630598
0.0,FW_diminishing,diminishing,52.0,0.0014662742614746094,15.636469274984687,0.09389122739024636,10.0,0.5212156424994896
0.0,FW_diminishing,diminishing,53.0,0.0014872550964355469,15.63532864912348,0.21859447993847958,10.0,0.5211776216374493
0.0,FW_diminishing,diminishing,54.0,0.0015099048614501953,15.632858734748899,0.1933479868818857,10.0,0.5210952911582967
0.0,FW_diminishing,diminishing,55.0,0.0015320777893066406,15.632748455175854,0.14096318880654835,10.0,0.5210916151725284
0.0,FW_diminishing,diminishing,56.0,0.0015540122985839844,15.633375795588611,0.142390209093902,10.0,0.5211125265196204
0.0,FW_diminishing,diminishing,57.0,0.001577138900756836,15.635098783612989,0.1495399217306037,10.0,0.5211699594537663
0.0,FW_diminishing,diminishing,58.0,0.0015981197357177734,15.633455526138045,0.16424635755510053,10.0,0.5211151842046015
0.0,FW_diminishing,diminishing,59.0,0.0016210079193115234,15.631868113260476,0.178407021930294,10.0,0.5210622704420158
0.0,FW_diminishing,diminishing,60.0,0.0016431808471679688,15.633180969859549,0.1021492846438079,10.0,0.5211060323286516
0.0,FW_diminishing,diminishing,61.0,0.0016651153564453125,15.63233200059136,0.13536131841852317,10.0,0.5210777333530453
0.0,FW_diminishing,diminishing,62.0,0.001688241958618164,15.633993083772205,0.10430140348519679,10.0,0.5211331027924069
0.0,FW_diminishing,diminishing,63.0,0.0017092227935791016,15.629937796846866,0.2561643039631871,10.0,0.5209979265615622
0.0,FW_diminishing,diminishing,64.0,0.0017321109771728516,15.63249350075643,0.08902255580038343,10.0,0.521083116691881
0.0,FW_diminishing,diminishing,65.0,0.0017542839050292969,15.632640576438716,0.11145300487771692,10.0,0.5210880192146239
0.0,FW_diminishing,diminishing,66.0,0.0017769336700439453,15.630698665033817,0.16762183129952923,10.0,0.5210232888344606
0.0,FW_diminishing,diminishing,67.0,0.001798868179321289,15.630093565864467,0.15067231240504775,10.0,0.5210031188621489
0.0,FW_diminishing,diminishing,68.0,0.0018200874328613281,15.63249599976201,0.05863381163129411,10.0,0.521083199992067
0.0,FW_diminishing,diminishing,69.0,0.0018429756164550781,15.630380677117184,0.18704670165512738,10.0,0.5210126892372394
0.0,FW_diminishing,diminishing,70.0,0.0018651485443115234,15.628817932173645,0.1518356627135855,10.0,0.5209605977391215
0.0,FW_diminishing,diminishing,71.0,0.0018870830535888672,15.629632200835891,0.07622942214841189,10.0,0.5209877400278631
0.0,FW_diminishing,diminishing,72.0,0.0019099712371826172,15.628996336624011,0.14967037506006164,10.0,0.5209665445541337
0.0,FW_diminishing,diminishing,73.0,0.0019311904907226562,15.629605854139255,0.06666249542002767,10.0,0.5209868618046418
0.0,FW_diminishing,diminishing,74.0,0.001953125,15.630627777926604,0.1159305429743398,10.0,0.5210209259308868
0.0,FW_diminishing,diminishing,75.0,0.0019762516021728516,15.63035547370593,0.11180711991721992,10.0,0.5210118491235309
0.0,FW_diminishing,diminishing,76.0,0.0020020008087158203,15.631649925345668,0.07808969126493182,10.0,0.5210549975115223
0.0,FW_diminishing,diminishing,77.0,0.002025127410888672,15.632033613970055,0.09682342188919435,10.0,0.5210677871323351
0.0,FW_diminishing,diminishing,78.0,0.0020449161529541016,15.630953453673369,0.128603443230487,10.0,0.5210317817891122
0.0,FW_diminishing,diminishing,79.0,0.002068042755126953,15.629000070855968,0.1770342925643913,10.0,0.5209666690285323
0.0,FW_diminishing,diminishing,80.0,0.002089977264404297,15.630474318087156,0.07886528683740934,10.0,0.5210158106029052
0.0,FW_diminishing,diminishing,81.0,0.002112150192260742,15.631146553532158,0.06497629704889363,10.0,0.5210382184510719
0.0,FW_diminishing,diminishing,82.0,0.002135038375854492,15.629697592317312,0.142539815968874,10.0,0.5209899197439104
0.0,FW_diminishing,diminishing,83.0,0.0021560192108154297,15.629238131503065,0.12885472530962794,10.0,0.5209746043834355
0.0,FW_diminishing,diminishing,84.0,0.002178192138671875,15.62969844812369,0.069985911444709,10.0,0.5209899482707897
0.0,FW_diminishing,diminishing,85.0,0.0022001266479492188,15.628758619526113,0.1580074565048495,10.0,0.5209586206508704
0.0,FW_diminishing,diminishing,86.0,0.0022232532501220703,15.628726755705157,0.07795909681667368,10.0,0.5209575585235052
0.0,FW_diminishing,diminishing,87.0,0.002245187759399414,15.628434350004506,0.10046164314323924,10.0,0.5209478116668168
0.0,FW_diminishing,diminishing,88.0,0.0022661685943603516,15.628283573171117,0.10533842231571278,10.0,0.5209427857723706
0.0,FW_diminishing,diminishing,89.0,0.0022890567779541016,15.629097925299611,0.07308828356468666,10.0,0.5209699308433203
0.0,FW_diminishing,diminishing,90.0,0.0023109912872314453,15.629070714987368,0.07439534490398891,10.0,0.5209690238329122
0.0,FW_diminishing,diminishing,91.0,0.002332925796508789,15.627491523527983,0.15835841454476807,10.0,0.5209163841175994
0.0,FW_diminishing,diminishing,92.0,0.0023560523986816406,15.629169928048162,0.041885522421022614,10.0,0.5209723309349388
0.0,FW_diminishing,diminishing,93.0,0.0023779869079589844,15.629610317788094,0.07172478635523305,10.0,0.5209870105929365
0.0,FW_diminishing,diminishing,94.0,0.0024001598358154297,15.629402298030168,0.09083912868510957,10.0,0.5209800766010056
0.0,FW_diminishing,diminishing,95.0,0.0024220943450927734,15.628125997930017,0.13246496921702544,10.0,0.5209375332643339
0.0,FW_diminishing,diminishing,96.0,0.002445220947265625,15.629092452968063,0.05454250294870455,10.0,0.5209697484322687
0.0,FW_diminishing,diminishing,97.0,0.002468109130859375,15.628327700417211,0.11679410986562822,10.0,0.5209442566805736
0.0,FW_diminishing,diminishing,98.0,0.0024890899658203125,15.62798025729142,0.08488962325148464,10.0,0.5209326752430473
0.0,FW_diminishing,diminishing,99.0,0.002511262893676758,15.628386050341058,0.07039219423825926,10.0,0.5209462016780353
0.0,FW_diminishing,diminishing,100.0,0.0025331974029541016,15.627574511268238,0.11804397843584447,10.0,0.5209191503756079
0.0,FW_diminishing,diminishing,101.0,0.0025560855865478516,15.628637148257175,0.05839089956335464,10.0,0.5209545716085725
0.0,FW_diminishing,diminishing,102.0,0.0025780200958251953,15.628433823239952,0.07530323771720226,10.0,0.5209477941079984
0.0,FW_diminishing,diminishing,103.0,0.002599000930786133,15.628569322746609,0.06636635932541246,10.0,0.5209523107582202
0.0,FW_diminishing,diminishing,104.0,0.0026209354400634766,15.628567239157324,0.08701059762469576,10.0,0.5209522413052441
0.0,FW_diminishing,diminishing,105.0,0.002644062042236328,15.629211708862304,0.05892236254453387,10.0,0.5209737236287435
0.0,FW_diminishing,diminishing,106.0,0.002665996551513672,15.628897565280965,0.08880382675538812,10.0,0.5209632521760322
0.0,FW_diminishing,diminishing,107.0,0.0026891231536865234,15.628099309429727,0.1058211832174667,10.0,0.5209366436476576
0.0,FW_diminishing,diminishing,108.0,0.002711057662963867,15.628518787190282,0.056684857577185,10.0,0.520950626239676
0.0,FW_diminishing,diminishing,109.0,0.0027341842651367188,15.629055943163467,0.07300417736479936,10.0,0.5209685314387822
0.0,FW_diminishing,diminishing,110.0,0.0027551651000976562,15.628408336677058,0.10584745167158616,10.0,0.520946944555902
0.0,FW_diminishing,diminishing,111.0,0.002778291702270508,15.628050203695473,0.07989465043348076,10.0,0.520935006789849
0.0,FW_diminishing,diminishing,112.0,0.0028002262115478516,15.628852723213132,0.04162836730788122,10.0,0.5209617574404377
0.0,FW_diminishing,diminishing,113.0,0.002821207046508789,15.627820268476775,0.12751278924940657,10.0,0.5209273422825592
0.0,FW_diminishing,diminishing,114.0,0.002844095230102539,15.628203541278815,0.053348278416741834,10.0,0.5209401180426272
0.0,FW_diminishing,diminishing,115.0,0.002866029739379883,15.627882728701271,0.0763305865648114,10.0,0.5209294242900424
0.0,FW_diminishing,diminishing,116.0,0.002888917922973633,15.627547913359457,0.08547209172198755,10.0,0.5209182637786486
0.0,FW_diminishing,diminishing,117.0,0.002911090850830078,15.627829833325913,0.06736768566176643,10.0,0.5209276611108637
0.0,FW_diminishing,diminishing,118.0,0.0029320716857910156,15.62809542299571,0.039582352214825534,10.0,0.520936514099857
0.0,FW_diminishing,diminishing,119.0,0.0029540061950683594,15.627382909364968,0.10755721743931801,10.0,0.520912763645499
0.0,FW_diminishing,diminishing,120.0,0.002977132797241211,15.62780598530233,0.0490936520774401,10.0,0.5209268661767443
0.0,FW_diminishing,diminishing,121.0,0.003000020980834961,15.628574842317954,0.04505794557576692,10.0,0.5209524947439318
0.0,FW_diminishing,diminishing,122.0,0.0030231475830078125,15.62801793095035,0.09724531636842038,10.0,0.5209339310316783
0.0,FW_diminishing,diminishing,123.0,0.00304412841796875,15.628068171020463,0.05032590602346687,10.0,0.5209356057006821
0.0,FW_diminishing,diminishing,124.0,0.0030663013458251953,15.628410968379299,0.04789307993595315,10.0,0.5209470322793099
0.0,FW_diminishing,diminishing,125.0,0.003088235855102539,15.62888786071208,0.06149334105437099,10.0,0.5209629286904026
0.0,FW_diminishing,diminishing,126.0,0.0031108856201171875,15.628639745463028,0.07630419116078535,10.0,0.520954658182101
0.0,FW_diminishing,diminishing,127.0,0.003133058547973633,15.628211907477015,0.07985172694674603,10.0,0.5209403969159004
0.0,FW_diminishing,diminishing,128.0,0.0031549930572509766,15.628522328141223,0.05667008550067543,10.0,0.5209507442713741
0.0,FW_diminishing,diminishing,129.0,0.003178119659423828,15.62796163416139,0.09607390484616118,10.0,0.5209320544720463
0.0,FW_diminishing,diminishing,130.0,0.003200054168701172,15.628229048346554,0.05160691957207675,10.0,0.5209409682782185
0.0,FW_diminishing,diminishing,131.0,0.0032219886779785156,15.628353119163526,0.04186885811542673,10.0,0.5209451039721176
0.0,FW_diminishing,diminishing,132.0,0.003245115280151367,15.627753213723173,0.09824839767155424,10.0,0.5209251071241058
0.0,FW_diminishing,diminishing,133.0,0.0032660961151123047,15.628042588706094,0.05444220610753803,10.0,0.5209347529568699
0.0,FW_diminishing,diminishing,134.0,0.0032880306243896484,15.62804366652293,0.05651858850706404,10.0,0.5209347888840976
0.0,FW_diminishing,diminishing,135.0,0.0033102035522460938,15.627718505129321,0.07136305641322416,10.0,0.5209239501709774
0.0,FW_diminishing,diminishing,136.0,0.0033330917358398438,15.627608779961214,0.07136301271360601,10.0,0.5209202926653738
0.0,FW_diminishing,diminishing,137.0,0.003355264663696289,15.628155390430253,0.043707257546369505,10.0,0.5209385130143418
0.0,FW_diminishing,diminishing,138.0,0.0033762454986572266,15.627916081391312,0.07194537310297022,10.0,0.5209305360463771
0.0,FW_diminishing,diminishing,139.0,0.003398895263671875,15.627843357064714,0.05255904213168172,10.0,0.5209281119021572
0.0,FW_diminishing,diminishing,140.0,0.0034210681915283203,15.628252703574901,0.04107522244169992,10.0,0.52094175678583
0.0,FW_diminishing,diminishing,141.0,0.003443002700805664,15.627740466507305,0.09092486650982678,10.0,0.5209246822169101
0.0,FW_diminishing,diminishing,142.0,0.0034661293029785156,15.627653723947372,0.06732302547145785,10.0,0.5209217907982457
0.0,FW_diminishing,diminishing,143.0,0.003487110137939453,15.627726753778953,0.061382248437919174,10.0,0.5209242251259651
0.0,FW_diminishing,diminishing,144.0,0.003509998321533203,15.628163770278746,0.02032200225763603,10.0,0.5209387923426249
0.0,FW_diminishing,diminishing,145.0,0.0035321712493896484,15.628544672638268,0.06554082151800777,10.0,0.5209514890879423
0.0,FW_diminishing,diminishing,146.0,0.003554105758666992,15.62843118833959,0.053591873591647854,10.0,0.5209477062779864
0.0,FW_diminishing,diminishing,147.0,0.003576040267944336,15.62869692159526,0.03883924698865293,10.0,0.5209565640531754
0.0,FW_diminishing,diminishing,148.0,0.0035982131958007812,15.628773604020656,0.045401841611724336,10.0,0.5209591201340219
0.0,FW_diminishing,diminishing,149.0,0.003620147705078125,15.628421613548129,0.09321187614527027,10.0,0.5209473871182709
0.0,FW_diminishing,diminishing,150.0,0.0036420822143554688,15.628320800968753,0.05164244360250514,10.0,0.5209440266989585
0.0,FW_diminishing,diminishing,151.0,0.0036649703979492188,15.628154105842642,0.06313897476225705,10.0,0.5209384701947547
0.0,FW_diminishing,diminishing,152.0,0.0036869049072265625,15.628323205433738,0.04627002651951351,10.0,0.5209441068477912
0.0,FW_diminishing,diminishing,153.0,0.0037078857421875,15.628409049209864,0.06690063730953355,10.0,0.5209469683069955
0.0,FW_diminishing,diminishing,154.0,0.0037300586700439453,15.628325484042323,0.055841211348438335,10.0,0.5209441828014107
0.0,FW_diminishing,diminishing,155.0,0.003751993179321289,15.628121706472346,0.058667280926464116,10.0,0.5209373902157448
0.0,FW_diminishing,diminishing,156.0,0.003773927688598633,15.628204558235282,0.05668493752382453,10.0,0.520940151941176
0.0,FW_diminishing,diminishing,157.0,0.003796100616455078,15.62789978357749,0.07283846262949112,10.0,0.5209299927859163
0.0,FW_diminishing,diminishing,158.0,0.003818035125732422,15.628074999478729,0.04061671256666877,10.0,0.5209358333159576
0.0,FW_diminishing,diminishing,159.0,0.0038399696350097656,15.627890149457405,0.05646680221986955,10.0,0.5209296716485802
0.0,FW_diminishing,diminishing,160.0,0.003862142562866211,15.627923930882767,0.044628022030870795,10.0,0.5209307976960923
0.0,FW_diminishing,diminishing,161.0,0.003904104232788086,15.627768030400388,0.07421404638532714,10.0,0.5209256010133463
0.0,FW_diminishing,diminishing,162.0,0.003932952880859375,15.627895858486388,0.030025028945843246,10.0,0.5209298619495463
0.0,FW_diminishing,diminishing,163.0,0.003957033157348633,15.62771435508719,0.06168384657709325,10.0,0.5209238118362397
0.0,FW_diminishing,diminishing,164.0,0.003982067108154297,15.627763746964739,0.050966982894788515,10.0,0.520925458232158
0.0,FW_diminishing,diminishing,165.0,0.0040051937103271484,15.628040414192663,0.044909870462143786,10.0,0.5209346804730888
0.0,FW_diminishing,diminishing,166.0,0.0040361881256103516,15.62793091025526,0.05499266520282475,10.0,0.5209310303418421
0.0,FW_diminishing,diminishing,167.0,0.0040950775146484375,15.62794561590936,0.03816022117788975,10.0,0.520931520530312
0.0,FW_diminishing,diminishing,168.0,0.004129171371459961,15.628132505511983,0.04271906774945755,10.0,0.5209377501837328
0.0,FW_diminishing,diminishing,169.0,0.004155158996582031,15.627827031639313,0.07129857651955618,10.0,0.5209275677213104
0.0,FW_diminishing,diminishing,170.0,0.0041790008544921875,15.627670203329162,0.06458914111186864,10.0,0.520922340110972
0.0,FW_diminishing,diminishing,171.0,0.004203081130981445,15.627688588160824,0.03688983994428163,10.0,0.5209229529386942
0.0,FW_diminishing,diminishing,172.0,0.004227161407470703,15.627903666228466,0.0481288303602998,10.0,0.5209301222076156
0.0,FW_diminishing,diminishing,173.0,0.004250288009643555,15.627765318343743,0.05608201352482922,10.0,0.5209255106114581
0.0,FW_diminishing,diminishing,174.0,0.004272937774658203,15.627782019003007,0.050461751416410294,10.0,0.5209260673001003
0.0,FW_diminishing,diminishing,175.0,0.004294872283935547,15.627843363118824,0.032126479487867954,10.0,0.5209281121039608
0.0,FW_diminishing,diminishing,176.0,0.0043179988861083984,15.627667637180098,0.05890742774136726,10.0,0.5209222545726699
0.0,FW_diminishing,diminishing,177.0,0.004338979721069336,15.62759613312177,0.06227934951244052,10.0,0.520919871104059
0.0,FW_diminishing,diminishing,178.0,0.004361152648925781,15.627755497287088,0.028104786196999854,10.0,0.5209251832429029
0.0,FW_diminishing,diminishing,179.0,0.004382133483886719,15.627558556930689,0.05479940426802443,10.0,0.5209186185643563
0.0,FW_diminishing,diminishing,180.0,0.0044040679931640625,15.627496312290791,0.05384323500381072,10.0,0.5209165437430264
0.0,FW_diminishing,diminishing,181.0,0.004425048828125,15.627718352793472,0.04171653291804134,10.0,0.5209239450931158
0.0,FW_diminishing,diminishing,182.0,0.004446983337402344,15.627727389860139,0.04083037097437092,10.0,0.5209242463286713
0.0,FW_diminishing,diminishing,183.0,0.004467964172363281,15.627810836401444,0.04617385603190982,10.0,0.5209270278800482
0.0,FW_diminishing,diminishing,184.0,0.0044901371002197266,15.627702607405379,0.045951882346075834,10.0,0.5209234202468459
0.0,FW_diminishing,diminishing,185.0,0.00451207160949707,15.627545360595024,0.055856866639199865,10.0,0.5209181786865008
0.0,FW_diminishing,diminishing,186.0,0.004533052444458008,15.62748467510121,0.05436493827611599,10.0,0.520916155836707
0.0,FW_diminishing,diminishing,187.0,0.0045549869537353516,15.627693960160688,0.015217741687367337,10.0,0.5209231320053562
0.0,FW_diminishing,diminishing,188.0,0.004578113555908203,15.627504318774223,0.05854884464260479,10.0,0.5209168106258074
0.0,FW_diminishing,diminishing,189.0,0.004599094390869141,15.627530354708945,0.049753080776879344,10.0,0.5209176784902981
0.0,FW_diminishing,diminishing,190.0,0.004622220993041992,15.627599591803778,0.038867183405979944,10.0,0.5209199863934593
0.0,FW_diminishing,diminishing,191.0,0.004644155502319336,15.627554968459735,0.044059853272042204,10.0,0.5209184989486578
0.0,FW_diminishing,diminishing,192.0,0.00466609001159668,15.6273162610358,0.05768494384001599,10.0,0.5209105420345267
0.0,FW_diminishing,diminishing,193.0,0.00468897819519043,15.627525800360736,0.039123776418866996,10.0,0.5209175266786912
0.0,FW_diminishing,diminishing,194.0,0.0047109127044677734,15.627742157235195,0.017673758979633192,10.0,0.5209247385745065
0.0,FW_diminishing,diminishing,195.0,0.004733085632324219,15.627519561116719,0.0559102816262218,10.0,0.5209173187038906
0.0,FW_diminishing,diminishing,196.0,0.0047550201416015625,15.627534580176285,0.042686535513702495,10.0,0.5209178193392094
0.0,FW_diminishing,diminishing,197.0,0.004778146743774414,15.627717658761659,0.03879962228390177,10.0,0.520923921958722
0.0,FW_diminishing,diminishing,198.0,0.004801034927368164,15.627800990809432,0.029886199063154706,10.0,0.5209266996936477
0.0,FW_diminishing,diminishing,199.0,0.0048220157623291016,15.627754903526563,0.054314741445042,10.0,0.5209251634508855
0.0,FW_exact,exact,0.0,4.1961669921875e-05,18.919311425263782,18.580688574736218,1.0,0.6306437141754594
0.0,FW_exact,exact,1.0,7.486343383789062e-05,16.484849442471486,10.73971096916316,2.0,0.5494949814157162
0.0,FW_exact,exact,2.0,0.00010275840759277344,15.980911982161695,4.048212016133748,3.0,0.5326970660720565
0.0,FW_exact,exact,3.0,0.00012874603271484375,15.763268607237773,2.3462612641898417,4.0,0.5254422869079257
0.0,FW_exact,exact,4.0,0.00015473365783691406,15.742912719063453,0.7190834313132619,5.0,0.5247637573021151
0.0,FW_exact,exact,5.0,0.00018095970153808594,15.714666344614441,0.7035037141866969,6.0,0.523822211487148
0.0,FW_exact,exact,6.0,0.0002067089080810547,15.700983600153823,0.5790448126026888,7.0,0.5233661200051274
0.0,FW_exact,exact,7.0,0.0002319812774658203,15.687077572756433,0.5259025071175376,8.0,0.5229025857585478
0.0,FW_exact,exact,8.0,0.00025773048400878906,15.681078540506073,0.3115212969900476,8.0,0.5227026180168691
0.0,FW_exact,exact,9.0,0.0002837181091308594,15.67960681219191,0.1842222792404531,8.0,0.522653560406397
0.0,FW_exact,exact,10.0,0.000308990478515625,15.677594402935084,0.16556318972932438,8.0,0.5225864800978361
0.0,FW_exact,exact,11.0,0.0003337860107421875,15.676346933943316,0.15185805112388095,8.0,0.5225448977981105
0.0,FW_exact,exact,12.0,0.00035881996154785156,15.67361083782957,0.20795534283200645,8.0,0.522453694594319
0.0,FW_exact,exact,13.0,0.0003838539123535156,15.673181059940925,0.10869645156304131,9.0,0.5224393686646975
0.0,FW_exact,exact,14.0,0.00040984153747558594,15.672502095470795,0.09526145765405225,9.0,0.5224167365156932
0.0,FW_exact,exact,15.0,0.00043582916259765625,15.671995959527214,0.08811873739817955,9.0,0.5223998653175738
0.0,FW_exact,exact,16.0,0.0004596710205078125,15.671150016346653,0.12476164125983402,9.0,0.5223716672115551
0.0,FW_exact,exact,17.0,0.00048470497131347656,15.670470776974303,0.12461212471342975,9.0,0.5223490258991434
0.0,FW_exact,exact,18.0,0.0005109310150146484,15.669985060023166,0.08632563717296371,9.0,0.5223328353341056
0.0,FW_exact,exact,19.0,0.0005347728729248047,15.669142014055145,0.13019761702032717,9.0,0.5223047338018382
0.0,FW_exact,exact,20.0,0.0005576610565185547,15.668601277834405,0.08493316818663565,9.0,0.5222867092611468
0.0,FW_exact,exact,21.0,0.0005829334259033203,15.667747615638648,0.11489674511782866,9.0,0.5222582538546215
0.0,FW_exact,exact,22.0,0.0006070137023925781,15.667149012550391,0.10476965078179035,9.0,0.5222383004183464
0.0,FW_exact,exact,23.0,0.0006327629089355469,15.666887345017054,0.07213624406937136,9.0,0.5222295781672351
0.0,FW_exact,exact,24.0,0.0006568431854248047,15.666477835896343,0.07922840872294046,9.0,0.5222159278632115
0.0,FW_exact,exact,25.0,0.0006818771362304688,15.665709973304645,0.10150209639394525,9.0,0.5221903324434882
0.0,FW_exact,exact,26.0,0.0007066726684570312,15.66532667715387,0.08189281169049778,9.0,0.5221775559051289
0.0,FW_exact,exact,27.0,0.0007307529449462891,15.664963487856312,0.091961826992776,9.0,0.5221654495952104
0.0,FW_exact,exact,28.0,0.0007569789886474609,15.664533314141396,0.0812445475854009,9.0,0.5221511104713799
0.0,FW_exact,exact,29.0,0.0007796287536621094,15.664219915459933,0.08439506923546247,9.0,0.5221406638486644
0.0,FW_exact,exact,30.0,0.0008037090301513672,15.663801455099447,0.07465566835805326,9.0,0.5221267151699815
0.0,FW_exact,exact,31.0,0.0008287429809570312,15.663479346584221,0.07502976039294218,9.0,0.5221159782194741
0.0,FW_exact,exact,32.0,0.0008537769317626953,15.663049275444575,0.08125063814248179,9.0,0.5221016425148192
0.0,FW_exact,exact,33.0,0.0008797645568847656,15.662271514385845,0.1250774216331969,9.0,0.5220757171461948
0.0,FW_exact,exact,34.0,0.0009038448333740234,15.661954956864776,0.0648558739019176,9.0,0.5220651652288258
0.0,FW_exact,exact,35.0,0.0009279251098632812,15.661302377051618,0.10035466850583852,9.0,0.5220434125683873
0.0,FW_exact,exact,36.0,0.0009517669677734375,15.660949130524516,0.08032499386209757,9.0,0.5220316376841505
0.0,FW_exact,exact,37.0,0.0009777545928955078,15.660770941378669,0.0635401214770237,9.0,0.5220256980459557
0.0,FW_exact,exact,38.0,0.0010030269622802734,15.66059447658241,0.05186457752558482,9.0,0.5220198158860804
0.0,FW_exact,exact,39.0,0.001027822494506836,15.660269822688388,0.0804707889009233,9.0,0.522008994089613
0.0,FW_exact,exact,40.0,0.0010538101196289062,15.659824709434503,0.07707003323074524,9.0,0.52199415698115
0.0,FW_exact,exact,41.0,0.0010797977447509766,15.65933718168345,0.08660954046604097,9.0,0.5219779060561149
0.0,FW_exact,exact,42.0,0.0011038780212402344,15.658930694924486,0.08441956412066709,9.0,0.5219643564974829
0.0,FW_exact,exact,43.0,0.0011289119720458984,15.658680695235564,0.07055667560231704,9.0,0.5219560231745188
0.0,FW_exact,exact,44.0,0.0011546611785888672,15.658339136648172,0.06743079394077967,9.0,0.5219446378882724
0.0,FW_exact,exact,45.0,0.001180887222290039,15.657823767015765,0.08909421177034105,9.0,0.5219274589005255
0.0,FW_exact,exact,46.0,0.0012066364288330078,15.6576455366766,0.0635651347198749,9.0,0.52192151788922
0.0,FW_exact,exact,47.0,0.001233816146850586,15.657429646552217,0.06269932150643776,9.0,0.5219143215517406
0.0,FW_exact,exact,48.0,0.0012598037719726562,15.657298716384691,0.044652005045762166,9.0,0.5219099572128231
0.0,FW_exact,exact,49.0,0.001283884048461914,15.657050722504659,0.07028264254376815,9.0,0.5219016907501552
0.0,FW_exact,exact,50.0,0.001306772232055664,15.65670458891708,0.06790232026633447,9.0,0.5218901529639026
0.0,FW_exact,exact,51.0,0.0013318061828613281,15.656326216765743,0.0762281433438794,9.0,0.5218775405588582
0.0,FW_exact,exact,52.0,0.0013568401336669922,15.656058489664888,0.06841024546917751,9.0,0.521868616322163
0.0,FW_exact,exact,53.0,0.0013828277587890625,15.655868850696868,0.06635820968450012,9.0,0.5218622950232289
0.0,FW_exact,exact,54.0,0.001405954360961914,15.655511333439053,0.06903384184970562,9.0,0.5218503777813017
0.0,FW_exact,exact,55.0,0.0014297962188720703,15.65528706455044,0.05856073331752931,9.0,0.5218429021516813
0.0,FW_exact,exact,56.0,0.0014548301696777344,15.654988128737578,0.07723373964233815,9.0,0.5218329376245859
0.0,FW_exact,exact,57.0,0.0014789104461669922,15.65483161774517,0.052216526400474805,9.0,0.5218277205915057
0.0,FW_exact,exact,58.0,0.001504659652709961,15.654668306645313,0.04650681095458964,9.0,0.5218222768881771
0.0,FW_exact,exact,59.0,0.0015287399291992188,15.654304281253756,0.07477467943821381,9.0,0.5218101427084585
0.0,FW_exact,exact,60.0,0.0015518665313720703,15.654082580527897,0.07096261043958307,9.0,0.5218027526842632
0.0,FW_exact,exact,61.0,0.0015769004821777344,15.653896783189799,0.05815935588194421,9.0,0.52179655943966
0.0,FW_exact,exact,62.0,0.0016007423400878906,15.653765530743433,0.044728111449032326,9.0,0.5217921843581145
0.0,FW_exact,exact,63.0,0.0016279220581054688,15.653554715523388,0.0647877683350373,9.0,0.5217851571841129
0.0,FW_exact,exact,64.0,0.0016520023345947266,15.65328384396903,0.060028681759732194,9.0,0.521776128132301
0.0,FW_exact,exact,65.0,0.0016756057739257812,15.6529754086532,0.06878762823684426,9.0,0.5217658469551066
0.0,FW_exact,exact,66.0,0.0017008781433105469,15.652812503852306,0.053291308270726034,9.0,0.5217604167950769
0.0,FW_exact,exact,67.0,0.0017249584197998047,15.652661306300711,0.05481768586203373,9.0,0.5217553768766904
0.0,FW_exact,exact,68.0,0.0017507076263427734,15.652465473424735,0.05097845604753992,9.0,0.5217488491141579
0.0,FW_exact,exact,69.0,0.0017747879028320312,15.652173394234191,0.06692983210374592,9.0,0.5217391131411397
0.0,FW_exact,exact,70.0,0.0017979145050048828,15.652028184034169,0.05737278745769281,9.0,0.5217342728011389
0.0,FW_exact,exact,71.0,0.0018229484558105469,15.651873790915808,0.05299874231831936,9.0,0.5217291263638603
0.0,FW_exact,exact,72.0,0.0018467903137207031,15.651798250960791,0.04180767979375233,9.0,0.5217266083653597
0.0,FW_exact,exact,73.0,0.0018739700317382812,15.651680995148727,0.04227404313259875,9.0,0.5217226998382909
0.0,FW_exact,exact,74.0,0.0018978118896484375,15.65139663925919,0.061535942843296,9.0,0.5217132213086396
0.0,FW_exact,exact,75.0,0.0019207000732421875,15.651261371719192,0.048543185271849865,9.0,0.5217087123906398
0.0,FW_exact,exact,76.0,0.0019469261169433594,15.65113880838196,0.049335180790118116,9.0,0.5217046269460653
0.0,FW_exact,exact,77.0,0.0019719600677490234,15.650822723627012,0.0696628107942292,9.0,0.5216940907875671
0.0,FW_exact,exact,78.0,0.001996755599975586,15.650631641114938,0.05036566407401999,9.0,0.5216877213704979
0.0,FW_exact,exact,79.0,0.0020208358764648438,15.650515737848005,0.04797248468867288,9.0,0.5216838579282669
0.0,FW_exact,exact,80.0,0.0020449161529541016,15.650319014171721,0.054855934192893585,9.0,0.5216773004723907
0.0,FW_exact,exact,81.0,0.002069711685180664,15.65017258524229,0.05161555490841785,9.0,0.5216724195080763
0.0,FW_exact,exact,82.0,0.002093791961669922,15.650059811732993,0.05053888593814193,9.0,0.5216686603910997
0.0,FW_exact,exact,83.0,0.002119779586791992,15.649973493374988,0.036250486076674804,9.0,0.5216657831124996
0.0,FW_exact,exact,84.0,0.0021429061889648438,15.649811332665664,0.04637579063092723,9.0,0.5216603777555221
0.0,FW_exact,exact,85.0,0.002166748046875,15.649677735093135,0.048249760422194754,9.0,0.5216559245031045
0.0,FW_exact,exact,86.0,0.002191781997680664,15.64952885835587,0.05878951102815044,9.0,0.5216509619451957
0.0,FW_exact,exact,87.0,0.002215862274169922,15.649418705325644,0.040978903838986724,9.0,0.5216472901775214
0.0,FW_exact,exact,88.0,0.0022416114807128906,15.649268753439445,0.0546089010811599,9.0,0.5216422917813148
0.0,FW_exact,exact,89.0,0.0022656917572021484,15.649100316083352,0.047276227630675294,9.0,0.5216366772027784
0.0,FW_exact,exact,90.0,0.0022897720336914062,15.648894494348035,0.0561298099773353,9.0,0.5216298164782678
0.0,FW_exact,exact,91.0,0.002315044403076172,15.648759661221183,0.04952605228172935,9.0,0.5216253220407061
0.0,FW_exact,exact,92.0,0.0023398399353027344,15.648692123562158,0.0365848024772486,9.0,0.5216230707854053
0.0,FW_exact,exact,93.0,0.0023648738861083984,15.64859190628017,0.03908165898956639,9.0,0.521619730209339
0.0,FW_exact,exact,94.0,0.00238800048828125,15.648396179528415,0.05099602311205764,9.0,0.5216132059842805
0.0,FW_exact,exact,95.0,0.0024116039276123047,15.648281796185623,0.044634180121381206,9.0,0.5216093932061875
0.0,FW_exact,exact,96.0,0.0024368762969970703,15.648172946811854,0.04965622989025498,9.0,0.5216057648937285
0.0,FW_exact,exact,97.0,0.002460956573486328,15.647992618975515,0.05252028706546952,9.0,0.5215997539658505
0.0,FW_exact,exact,98.0,0.002486705780029297,15.64783934135956,0.055222479733968655,9.0,0.5215946447119854
0.0,FW_exact,exact,99.0,0.0025098323822021484,15.647731820313277,0.03772576920490067,9.0,0.5215910606771093
0.0,FW_exact,exact,100.0,0.0025339126586914062,15.647564156483693,0.05063295332243811,9.0,0.5215854718827898
0.0,FW_exact,exact,101.0,0.0025589466094970703,15.64743524512275,0.047403596943032866,9.0,0.521581174837425
0.0,FW_exact,exact,102.0,0.0025827884674072266,15.647349899256303,0.041150675575849505,9.0,0.5215783299752101
0.0,FW_exact,exact,103.0,0.002608776092529297,15.647255586098813,0.04253383194527949,10.0,0.5215751862032938
0.0,FW_exact,exact,104.0,0.0026319026947021484,15.647180887976587,0.03372352082378782,10.0,0.5215726962658862
0.0,FW_exact,exact,105.0,0.0026559829711914062,15.647044654409848,0.04250006822628016,10.0,0.521568155146995
0.0,FW_exact,exact,106.0,0.0026807785034179688,15.64696139159004,0.03805844479952647,10.0,0.521565379719668
0.0,FW_exact,exact,107.0,0.0027048587799072266,15.646874861121859,0.04425770362854742,10.0,0.5215624953707286
0.0,FW_exact,exact,108.0,0.002730846405029297,15.646742813693404,0.04490572479593702,10.0,0.5215580937897801
0.0,FW_exact,exact,109.0,0.002755880355834961,15.646649517817185,0.0505281437742795,10.0,0.5215549839272395
0.0,FW_exact,exact,110.0,0.002778768539428711,15.6465923902286,0.033644514991568286,10.0,0.5215530796742867
0.0,FW_exact,exact,111.0,0.002803802490234375,15.646529919683331,0.03083106298305971,10.0,0.5215509973227778
0.0,FW_exact,exact,112.0,0.0028276443481445312,15.64636839809965,0.046307864187317804,10.0,0.5215456132699884
0.0,FW_exact,exact,113.0,0.002853870391845703,15.646270765491526,0.04123015528526075,10.0,0.5215423588497176
0.0,FW_exact,exact,114.0,0.0028798580169677734,15.646190396154482,0.03499062464698177,10.0,0.521539679871816
0.0,FW_exact,exact,115.0,0.002904653549194336,15.64606013987042,0.050893879165517575,10.0,0.5215353379956806
0.0,FW_exact,exact,116.0,0.0029287338256835938,15.645989710395675,0.030507836345874395,10.0,0.5215329903465225
0.0,FW_exact,exact,117.0,0.0029528141021728516,15.64586229568676,0.04411148622348193,10.0,0.5215287431895587
0.0,FW_exact,exact,118.0,0.002978801727294922,15.645725106284415,0.04997604573538972,10.0,0.5215241702094805
0.0,FW_exact,exact,119.0,0.0030028820037841797,15.645620002305648,0.04880177451443224,10.0,0.5215206667435216
0.0,FW_exact,exact,120.0,0.0030269622802734375,15.645539722951547,0.03497394216206651,10.0,0.5215179907650516
0.0,FW_exact,exact,121.0,0.0030510425567626953,15.645467394419732,0.03787740579668508,10.0,0.5215155798139911
0.0,FW_exact,exact,122.0,0.00307464599609375,15.645349526834083,0.03952410416116514,10.0,0.5215116508944695
0.0,FW_exact,exact,123.0,0.003100872039794922,15.645227155371797,0.043228300384448914,10.0,0.5215075718457266
0.0,FW_exact,exact,124.0,0.0031239986419677734,15.645127376903526,0.042589020490130025,10.0,0.5215042458967842
0.0,FW_exact,exact,125.0,0.003147602081298828,15.645055750454173,0.04073025403107167,10.0,0.5215018583484724
0.0,FW_exact,exact,126.0,0.003171682357788086,15.644987118546881,0.03011879961688102,10.0,0.5214995706182294
0.0,FW_exact,exact,127.0,0.0031969547271728516,15.64488218397322,0.0400152173834325,10.0,0.5214960727991074
0.0,FW_exact,exact,128.0,0.0032227039337158203,15.644801367809853,0.040049619357178656,10.0,0.5214933789269951
0.0,FW_exact,exact,129.0,0.003245830535888672,15.644697540694159,0.042532018134552985,10.0,0.5214899180231386
0.0,FW_exact,exact,130.0,0.0032699108123779297,15.644615610788103,0.03292331770969348,10.0,0.5214871870262701
0.0,FW_exact,exact,131.0,0.0032949447631835938,15.644471891642283,0.0468742554969932,10.0,0.5214823963880761
0.0,FW_exact,exact,132.0,0.00331878662109375,15.644386054659307,0.044089036354622024,10.0,0.5214795351553102
0.0,FW_exact,exact,133.0,0.0033447742462158203,15.644337806806577,0.02894957368392781,10.0,0.5214779268935525
0.0,FW_exact,exact,134.0,0.003367900848388672,15.644292116788565,0.030084810232727577,10.0,0.5214764038929521
0.0,FW_exact,exact,135.0,0.0033919811248779297,15.64422369113494,0.03228303926962006,10.0,0.5214741230378314
0.0,FW_exact,exact,136.0,0.003416776657104492,15.644052745965004,0.04766586530099204,10.0,0.5214684248655002
0.0,FW_exact,exact,137.0,0.00344085693359375,15.643996188058377,0.029339813674878812,10.0,0.5214665396019459
0.0,FW_exact,exact,138.0,0.0034668445587158203,15.64390236778715,0.04316908505223083,10.0,0.5214634122595717
0.0,FW_exact,exact,139.0,0.0034897327423095703,15.643839921092665,0.03366437294425495,10.0,0.5214613307030889
0.0,FW_exact,exact,140.0,0.003513813018798828,15.64375670470458,0.03561929394236252,10.0,0.5214585568234861
0.0,FW_exact,exact,141.0,0.003538846969604492,15.64365955743538,0.0358717739233807,10.0,0.5214553185811793
0.0,FW_exact,exact,142.0,0.00356292724609375,15.643602224653952,0.036431387970456086,10.0,0.521453407488465
0.0,FW_exact,exact,143.0,0.0035889148712158203,15.643523443483334,0.037030298015512386,10.0,0.5214507814494445
0.0,FW_exact,exact,144.0,0.0036118030548095703,15.643460196909757,0.031035312109683133,10.0,0.5214486732303253
0.0,FW_exact,exact,145.0,0.003635883331298828,15.64339248231529,0.03914566467123848,10.0,0.5214464160771763
0.0,FW_exact,exact,146.0,0.0036597251892089844,15.643323538152673,0.030195183054800623,10.0,0.5214441179384225
0.0,FW_exact,exact,147.0,0.0036847591400146484,15.643264420465433,0.030001902130727842,10.0,0.5214421473488478
0.0,FW_exact,exact,148.0,0.0037109851837158203,15.643161025104575,0.045331653131729155,10.0,0.5214387008368192
0.0,FW_exact,exact,149.0,0.0037348270416259766,15.643093069690295,0.034383329030344356,10.0,0.5214364356563431
0.0,FW_exact,exact,150.0,0.003758668899536133,15.643042009052508,0.02787565069472997,10.0,0.5214347336350836
0.0,FW_exact,exact,151.0,0.0037827491760253906,15.642915327236695,0.040999396912082986,10.0,0.5214305109078898
0.0,FW_exact,exact,152.0,0.0038080215454101562,15.642873224303827,0.025304714110621518,10.0,0.5214291074767943
0.0,FW_exact,exact,153.0,0.0038328170776367188,15.64278609476967,0.04159945732675219,10.0,0.521426203158989
0.0,FW_exact,exact,154.0,0.0038568973541259766,15.64272208285103,0.034089449069726996,10.0,0.5214240694283677
0.0,FW_exact,exact,155.0,0.0038809776306152344,15.642641721283294,0.03500529793136664,10.0,0.5214213907094432
0.0,FW_exact,exact,156.0,0.003904581069946289,15.642586903578916,0.03521140295503322,10.0,0.5214195634526305
0.0,FW_exact,exact,157.0,0.003928661346435547,15.6425135788785,0.03114795391655356,10.0,0.52141711929595
0.0,FW_exact,exact,158.0,0.003954887390136719,15.642463019330195,0.029643745497500262,10.0,0.5214154339776732
0.0,FW_exact,exact,159.0,0.0039789676666259766,15.642386829936303,0.034081521111192004,10.0,0.5214128943312101
0.0,FW_exact,exact,160.0,0.004001617431640625,15.642307507401046,0.03968632261403471,10.0,0.5214102502467015
0.0,FW_exact,exact,161.0,0.004026889801025391,15.642252771390767,0.02689552183548294,10.0,0.5214084257130256
0.0,FW_exact,exact,162.0,0.0040509700775146484,15.642166073550412,0.03636788487357556,10.0,0.5214055357850137
0.0,FW_exact,exact,163.0,0.004076719284057617,15.642100220430525,0.034580469779434964,10.0,0.5214033406810175
0.0,FW_exact,exact,164.0,0.004101753234863281,15.642044648551694,0.0358706474890802,10.0,0.5214014882850565
0.0,FW_exact,exact,165.0,0.004125833511352539,15.641994434772464,0.0257571203951521,10.0,0.5213998144924155
0.0,FW_exact,exact,166.0,0.004151821136474609,15.641920486175906,0.03357643625162865,10.0,0.5213973495391968
0.0,FW_exact,exact,167.0,0.0041768550872802734,15.64186631174532,0.03277612997218249,10.0,0.521395543724844
0.0,FW_exact,exact,168.0,0.004200935363769531,15.641819550870704,0.028506790413802108,10.0,0.5213939850290235
0.0,FW_exact,exact,169.0,0.0042247772216796875,15.641787444574412,0.026929689843173676,10.0,0.5213929148191471
0.0,FW_exact,exact,170.0,0.004250764846801758,15.641733756192629,0.02859153034059503,10.0,0.521391125206421
0.0,FW_exact,exact,171.0,0.004294872283935547,15.64161456698536,0.039768928129721104,10.0,0.5213871522328454
0.0,FW_exact,exact,172.0,0.00432276725769043,15.641574987517476,0.024536388633773498,10.0,0.5213858329172492
0.0,FW_exact,exact,173.0,0.0043487548828125,15.641516839133903,0.03396224542959736,10.0,0.5213838946377968
0.0,FW_exact,exact,174.0,0.00437474250793457,15.641459324824497,0.03162775379621863,10.0,0.5213819774941499
0.0,FW_exact,exact,175.0,0.004399776458740234,15.641422568532134,0.022026466022923685,10.0,0.5213807522844045
0.0,FW_exact,exact,176.0,0.0044248104095458984,15.641339827836942,0.03552817878228964,10.0,0.5213779942612314
0.0,FW_exact,exact,177.0,0.004449605941772461,15.641295126846321,0.03179070041545806,10.0,0.5213765042282107
0.0,FW_exact,exact,178.0,0.004475831985473633,15.641237800035617,0.03225909744546129,10.0,0.5213745933345205
0.0,FW_exact,exact,179.0,0.004499912261962891,15.641203618277576,0.02279791299025824,10.0,0.5213734539425858
0.0,FW_exact,exact,180.0,0.004525661468505859,15.64114770009732,0.03330362510039997,10.0,0.5213715900032441
0.0,FW_exact,exact,181.0,0.004549741744995117,15.641079899844895,0.02995270465219413,10.0,0.5213693299948299
0.0,FW_exact,exact,182.0,0.004575967788696289,15.640999216950199,0.03508312484742149,10.0,0.5213666405650066
0.0,FW_exact,exact,183.0,0.004597902297973633,15.640961525080497,0.026140770848623873,10.0,0.5213653841693499
0.0,FW_exact,exact,184.0,0.004619598388671875,15.640920843296339,0.03068030167531255,10.0,0.5213640281098779
0.0,FW_exact,exact,185.0,0.004645824432373047,15.640876135755008,0.024302699139338912,10.0,0.5213625378585003
0.0,FW_exact,exact,186.0,0.004669904708862305,15.640821900060342,0.02874089883075115,10.0,0.5213607300020114
0.0,FW_exact,exact,187.0,0.004693031311035156,15.640771879514968,0.031493915894420965,10.0,0.5213590626504989
0.0,FW_exact,exact,188.0,0.004717826843261719,15.640719454993754,0.03019348225862828,10.0,0.5213573151664584
0.0,FW_exact,exact,189.0,0.0047419071197509766,15.640676556042244,0.02380498830092037,10.0,0.5213558852014082
0.0,FW_exact,exact,190.0,0.004767894744873047,15.640595479334312,0.0351709053688527,10.0,0.521353182644477
0.0,FW_exact,exact,191.0,0.004790782928466797,15.640542285637531,0.03469058048069229,10.0,0.521351409521251
0.0,FW_exact,exact,192.0,0.004814863204956055,15.640514588729136,0.02192601786093107,10.0,0.5213504862909712
0.0,FW_exact,exact,193.0,0.004839897155761719,15.640490009327465,0.022056561458542845,10.0,0.5213496669775821
0.0,FW_exact,exact,194.0,0.0048639774322509766,15.640450548963624,0.02450295752418974,10.0,0.5213483516321208
0.0,FW_exact,exact,195.0,0.004888772964477539,15.640352860603674,0.03599012966093085,10.0,0.5213450953534557
0.0,FW_exact,exact,196.0,0.004912853240966797,15.640320368381227,0.0222282674204326,10.0,0.5213440122793742
0.0,FW_exact,exact,197.0,0.0049359798431396484,15.640266040096309,0.03282810742834741,10.0,0.5213422013365436
0.0,FW_exact,exact,198.0,0.004960775375366211,15.640228033861206,0.026252001867947072,10.0,0.5213409344620402
0.0,FW_exact,exact,199.0,0.004984855651855469,15.640178669605856,0.027417352383254823,10.0,0.5213392889868619
0.0,AFW_diminishing,diminishing,0.0,2.9802322387695312e-05,20.02424955274294,10.73971096916316,1.0,0.6674749850914313
0.0,AFW_diminishing,diminishing,1.0,8.702278137207031e-05,17.296768766446505,13.35841380448009,2.0,0.5765589588815502
0.0,AFW_diminishing,diminishing,2.0,0.00013685226440429688,16.440945159427507,5.045837086893256,3.0,0.5480315053142503
0.0,AFW_diminishing,diminishing,3.0,0.0001659393310546875,15.954963627191418,4.010807507181493,4.0,0.5318321209063807
0.0,AFW_diminishing,diminishing,4.0,0.00019288063049316406,15.888069921669691,2.3971736597184385,5.0,0.5296023307223231
0.0,AFW_diminishing,diminishing,5.0,0.0002200603485107422,15.999490229409782,1.6035409793959534,6.0,0.5333163409803261
0.0,AFW_diminishing,diminishing,6.0,0.00024700164794921875,15.870061303345018,1.8303814771168856,6.0,0.5290020434448339
0.0,AFW_diminishing,diminishing,7.0,0.00027298927307128906,15.780657118733322,1.3884813886587644,6.0,0.5260219039577774
0.0,AFW_diminishing,diminishing,8.0,0.0002989768981933594,15.765608999459637,1.138386926847998,7.0,0.5255202999819879
0.0,AFW_diminishing,diminishing,9.0,0.0003249645233154297,15.783437086779056,1.1310633893893733,8.0,0.5261145695593019
0.0,AFW_diminishing,diminishing,10.0,0.00035500526428222656,15.72816427573337,0.7662634105464399,8.0,0.5242721425244457
0.0,AFW_diminishing,diminishing,11.0,0.0003807544708251953,15.747982727412483,0.7274783321163838,8.0,0.5249327575804161
0.0,AFW_diminishing,diminishing,12.0,0.0004069805145263672,15.662510323349569,1.3099894858990773,8.0,0.5220836774449856
0.0,AFW_diminishing,diminishing,13.0,0.00043010711669921875,15.644882266466366,0.6535968156299337,8.0,0.5214960755488789
0.0,AFW_diminishing,diminishing,14.0,0.000453948974609375,15.656051006771389,0.43715574253375244,8.0,0.5218683668923796
0.0,AFW_diminishing,diminishing,15.0,0.0004830360412597656,15.647814269081229,0.5689404621606222,7.0,0.5215938089693742
0.0,AFW_diminishing,diminishing,16.0,0.0005080699920654297,15.658701023226483,0.504622916371142,7.0,0.5219567007742161
0.0,AFW_diminishing,diminishing,17.0,0.0005359649658203125,15.64063049779774,0.3153091127742442,7.0,0.5213543499265914
0.0,AFW_diminishing,diminishing,18.0,0.0005617141723632812,15.635767145796432,0.3527308640548732,7.0,0.5211922381932144
0.0,AFW_diminishing,diminishing,19.0,0.0005869865417480469,15.64255392627214,0.3195539105769445,7.0,0.5214184642090713
0.0,AFW_diminishing,diminishing,20.0,0.0006120204925537109,15.632309211489478,0.3733138211773177,7.0,0.5210769737163159
0.0,AFW_diminishing,diminishing,21.0,0.0006377696990966797,15.644258852367637,0.21020215486651495,7.0,0.5214752950789212
0.0,AFW_diminishing,diminishing,22.0,0.0006630420684814453,15.630496719350937,0.3905491474247995,7.0,0.5210165573116979
0.0,AFW_diminishing,diminishing,23.0,0.0006871223449707031,15.6394619662961,0.1219562203792588,7.0,0.5213153988765367
0.0,AFW_diminishing,diminishing,24.0,0.0007119178771972656,15.63095684424186,0.3931012571778858,7.0,0.521031894808062
0.0,AFW_diminishing,diminishing,25.0,0.0007369518280029297,15.636370440518204,0.13514961116718105,7.0,0.5212123480172735
0.0,AFW_diminishing,diminishing,26.0,0.0007641315460205078,15.631398693908249,0.3274925630997565,7.0,0.5210466231302749
0.0,AFW_diminishing,diminishing,27.0,0.0007898807525634766,15.63414767340468,0.14655314564802602,7.0,0.521138255780156
0.0,AFW_diminishing,diminishing,28.0,0.0008161067962646484,15.631817064773163,0.27211076385356314,7.0,0.5210605688257721
0.0,AFW_diminishing,diminishing,29.0,0.0008399486541748047,15.632540185626048,0.156507077839521,7.0,0.5210846728542016
0.0,AFW_diminishing,diminishing,30.0,0.0008649826049804688,15.632210130393402,0.22475102527971025,7.0,0.5210736710131134
0.0,AFW_diminishing,diminishing,31.0,0.0008890628814697266,15.631376553840656,0.1652707507339457,7.0,0.5210458851280219
0.0,AFW_diminishing,diminishing,32.0,0.0009140968322753906,15.632577873447277,0.1837970940694138,7.0,0.5210859291149093
0.0,AFW_diminishing,diminishing,33.0,0.0009410381317138672,15.630538103942413,0.1730452441834185,7.0,0.5210179367980804
0.0,AFW_diminishing,diminishing,34.0,0.000965118408203125,15.632921221329065,0.14803784047335178,7.0,0.5210973740443021
0.0,AFW_diminishing,diminishing,35.0,0.0009887218475341797,15.629941001649112,0.17998883536186838,7.0,0.5209980333883037
0.0,AFW_diminishing,diminishing,36.0,0.0010139942169189453,15.636866271665918,0.12613244787701383,8.0,0.5212288757221972
0.0,AFW_diminishing,diminishing,37.0,0.0010380744934082031,15.629510603254777,0.19284125815190478,8.0,0.5209836867751593
0.0,AFW_diminishing,diminishing,38.0,0.0010647773742675781,15.63291307944464,0.10151633400342952,8.0,0.5210971026481547
0.0,AFW_diminishing,diminishing,39.0,0.001088857650756836,15.629184594439725,0.17992370098451715,8.0,0.5209728198146575
0.0,AFW_diminishing,diminishing,40.0,0.0011129379272460938,15.63703658733986,0.08675229551807284,8.0,0.5212345529113287
0.0,AFW_diminishing,diminishing,41.0,0.0011398792266845703,15.629300608429368,0.44881662458586113,8.0,0.5209766869476457
0.0,AFW_diminishing,diminishing,42.0,0.0011680126190185547,15.63567435985708,0.08873894350782408,8.0,0.5211891453285694
0.0,AFW_diminishing,diminishing,43.0,0.001194000244140625,15.629418127446483,0.40899369478988845,8.0,0.5209806042482161
0.0,AFW_diminishing,diminishing,44.0,0.0012199878692626953,15.634539575700577,0.09057263532935522,8.0,0.5211513191900192
0.0,AFW_diminishing,diminishing,45.0,0.0012469291687011719,15.629535514953758,0.37292329385361,8.0,0.5209845171651253
0.0,AFW_diminishing,diminishing,46.0,0.0012710094451904297,15.633590199896828,0.09227000848973077,8.0,0.5211196733298943
0.0,AFW_diminishing,diminishing,47.0,0.0012969970703125,15.629651627799698,0.3401003762290902,8.0,0.5209883875933232
0.0,AFW_diminishing,diminishing,48.0,0.0013229846954345703,15.632793096089554,0.09384543656042332,8.0,0.5210931032029851
0.0,AFW_diminishing,diminishing,49.0,0.0013489723205566406,15.629765676863428,0.3101064243131777,8.0,0.520992189228781
0.0,AFW_diminishing,diminishing,50.0,0.001374959945678711,15.632121898197013,0.09531138786052651,8.0,0.5210707299399004
0.0,AFW_diminishing,diminishing,51.0,0.0014009475708007812,15.629877128535771,0.28259171515233916,8.0,0.5209959042845257
0.0,AFW_diminishing,diminishing,52.0,0.0014269351959228516,15.631555447515249,0.09667872149689671,8.0,0.5210518482505083
0.0,AFW_diminishing,diminishing,53.0,0.0014529228210449219,15.629985634364521,0.2572617693470729,8.0,0.5209995211454841
0.0,AFW_diminishing,diminishing,54.0,0.001477956771850586,15.631076630839912,0.09795693215214563,8.0,0.5210358876946637
0.0,AFW_diminishing,diminishing,55.0,0.0015039443969726562,15.630090980365917,0.2338668766049672,8.0,0.5210030326788639
0.0,AFW_diminishing,diminishing,56.0,0.0015289783477783203,15.630671506885694,0.09915435304757736,8.0,0.5210223835628565
0.0,AFW_diminishing,diminishing,57.0,0.0015559196472167969,15.630193050222795,0.21219391382379982,8.0,0.5210064350074265
0.0,AFW_diminishing,diminishing,58.0,0.001580953598022461,15.630328642577709,0.10027832477989485,8.0,0.5210109547525903
0.0,AFW_diminishing,diminishing,59.0,0.0016071796417236328,15.630291798388264,0.19205989168239945,8.0,0.5210097266129421
0.0,AFW_diminishing,diminishing,60.0,0.0016329288482666016,15.63003860390081,0.101335336275719,8.0,0.5210012867966937
0.0,AFW_diminishing,diminishing,61.0,0.0016591548919677734,15.630387230320082,0.17330681873925435,8.0,0.5210129076773361
0.0,AFW_diminishing,diminishing,62.0,0.0016849040985107422,15.629793561798257,0.10233114291282064,8.0,0.5209931187266086
0.0,AFW_diminishing,diminishing,63.0,0.001711130142211914,15.630479387890787,0.1557975799346174,8.0,0.5210159795963596
0.0,AFW_diminishing,diminishing,64.0,0.0017368793487548828,15.629586984568085,0.10327086588779366,8.0,0.5209862328189362
0.0,AFW_diminishing,diminishing,65.0,0.0017628669738769531,15.63056833858259,0.13941260346547324,8.0,0.5210189446194197
0.0,AFW_diminishing,diminishing,66.0,0.0017881393432617188,15.629413395897421,0.10415907612981101,8.0,0.520980446529914
0.0,AFW_diminishing,diminishing,67.0,0.0018129348754882812,15.630654167468268,0.12404714572782005,8.0,0.5210218055822756
0.0,AFW_diminishing,diminishing,68.0,0.0018389225006103516,15.62926818313955,0.10499986543445594,8.0,0.5209756061046517
0.0,AFW_diminishing,diminishing,69.0,0.0018649101257324219,15.631515928323891,0.11523518986549419,9.0,0.5210505309441297
0.0,AFW_diminishing,diminishing,70.0,0.00189208984375,15.629142468428435,0.09475430852625344,9.0,0.5209714156142812
0.0,AFW_diminishing,diminishing,71.0,0.0019218921661376953,15.630515517100543,0.10713900220077477,9.0,0.5210171839033514
0.0,AFW_diminishing,diminishing,72.0,0.0019469261169433594,15.629030550114997,0.10250384673436841,9.0,0.5209676850038333
0.0,AFW_diminishing,diminishing,73.0,0.001973867416381836,15.631366068531594,0.09655478845520449,9.0,0.5210455356177198
0.0,AFW_diminishing,diminishing,74.0,0.0019989013671875,15.628936564606198,0.09330548660103943,9.0,0.5209645521535399
0.0,AFW_diminishing,diminishing,75.0,0.0020248889923095703,15.63040617048,0.09212163383800309,9.0,0.521013539016
0.0,AFW_diminishing,diminishing,76.0,0.0020520687103271484,15.628850248575311,0.10029230314230553,9.0,0.5209616749525103
0.0,AFW_diminishing,diminishing,77.0,0.0020787715911865234,15.62969679027919,0.08962806746626484,9.0,0.5209898930093063
0.0,AFW_diminishing,diminishing,78.0,0.0021049976348876953,15.62876953995977,0.08924140119839308,9.0,0.5209589846653256
0.0,AFW_diminishing,diminishing,79.0,0.002130746841430664,15.628777439607159,0.08297682249807181,9.0,0.5209592479869053
0.0,AFW_diminishing,diminishing,80.0,0.002156972885131836,15.630023018497928,0.09180245845328727,9.0,0.5210007672832643
0.0,AFW_diminishing,diminishing,81.0,0.0021829605102539062,15.628701061317916,0.11428967928808298,9.0,0.5209567020439305
0.0,AFW_diminishing,diminishing,82.0,0.0022089481353759766,15.630077754318874,0.08140259458816423,9.0,0.5210025918106291
0.0,AFW_diminishing,diminishing,83.0,0.002234935760498047,15.628636785001177,0.11510813636037831,9.0,0.5209545595000392
0.0,AFW_diminishing,diminishing,84.0,0.002260923385620117,15.628570252541836,0.07151489215787521,9.0,0.5209523417513945
0.0,AFW_diminishing,diminishing,85.0,0.0022869110107421875,15.628657753410938,0.07353335654497606,9.0,0.5209552584470313
0.0,AFW_diminishing,diminishing,86.0,0.002312898635864258,15.628514690803776,0.07217580433832005,9.0,0.5209504896934593
0.0,AFW_diminishing,diminishing,87.0,0.002338886260986328,15.629388103119187,0.06993696807158045,9.0,0.5209796034373062
0.0,AFW_diminishing,diminishing,88.0,0.0023648738861083984,15.628465020261308,0.08979129540649922,9.0,0.5209488340087103
0.0,AFW_diminishing,diminishing,89.0,0.0023908615112304688,15.629709150042482,0.06871227955593362,9.0,0.5209903050014161
0.0,AFW_diminishing,diminishing,90.0,0.0024161338806152344,15.628418704624565,0.09952711029371386,9.0,0.5209472901541522
0.0,AFW_diminishing,diminishing,91.0,0.0024428367614746094,15.630168329521666,0.06650676843265124,9.0,0.5210056109840555
0.0,AFW_diminishing,diminishing,92.0,0.0024690628051757812,15.628376297147424,0.06383021226394447,9.0,0.5209458765715808
0.0,AFW_diminishing,diminishing,93.0,0.00249481201171875,15.628506695123646,0.0644456923497394,9.0,0.5209502231707882
0.0,AFW_diminishing,diminishing,94.0,0.002518892288208008,15.628335350959944,0.06256052093211473,9.0,0.5209445116986647
0.0,AFW_diminishing,diminishing,95.0,0.0025708675384521484,15.629016401479618,0.061409077075243346,9.0,0.520967213382654
0.0,AFW_diminishing,diminishing,96.0,0.002605915069580078,15.628298415515491,0.09317291600690503,9.0,0.5209432805171831
0.0,AFW_diminishing,diminishing,97.0,0.0026350021362304688,15.629058608940078,0.05998732341008761,9.0,0.5209686202980026
0.0,AFW_diminishing,diminishing,98.0,0.0026619434356689453,15.628263834414598,0.0816207846637873,9.0,0.52094212781382
0.0,AFW_diminishing,diminishing,99.0,0.002688884735107422,15.629331054818866,0.05882582766813371,9.0,0.5209777018272955
0.0,AFW_diminishing,diminishing,100.0,0.0027167797088623047,15.628231504466969,0.09033452858533941,9.0,0.520941050148899
0.0,AFW_diminishing,diminishing,101.0,0.0027430057525634766,15.628847520393824,0.057132828722178175,9.0,0.5209615840131275
0.0,AFW_diminishing,diminishing,102.0,0.002768993377685547,15.62820093895503,0.08479690684945851,9.0,0.520940031298501
0.0,AFW_diminishing,diminishing,103.0,0.002794981002807617,15.628332941614305,0.05684035255711706,9.0,0.5209444313871435
0.0,AFW_diminishing,diminishing,104.0,0.0028209686279296875,15.62817127020716,0.059580136589541866,9.0,0.5209390423402387
0.0,AFW_diminishing,diminishing,105.0,0.002846956253051758,15.62834527136931,0.053202006260738344,9.0,0.520944842378977
0.0,AFW_diminishing,diminishing,106.0,0.002872943878173828,15.62814454871822,0.06001511419054317,9.0,0.5209381516239406
0.0,AFW_diminishing,diminishing,107.0,0.0028989315032958984,15.629485289514303,0.05284342436993228,9.0,0.5209828429838101
0.0,AFW_diminishing,diminishing,108.0,0.002925872802734375,15.628119823407943,0.05192883028728268,9.0,0.5209373274469314
0.0,AFW_diminishing,diminishing,109.0,0.0029518604278564453,15.628719225676067,0.05118325466164997,9.0,0.5209573075225356
0.0,AFW_diminishing,diminishing,110.0,0.0029790401458740234,15.628715632757059,0.12400275037062514,9.0,0.5209571877585686
0.0,AFW_diminishing,diminishing,111.0,0.0030219554901123047,15.628661996227434,0.07134244698849734,9.0,0.5209553998742478
0.0,AFW_diminishing,diminishing,112.0,0.0030508041381835938,15.628091532633078,0.12127498049388485,9.0,0.5209363844211026
0.0,AFW_diminishing,diminishing,113.0,0.0030770301818847656,15.628607552502075,0.050709796943211316,9.0,0.5209535850834025
0.0,AFW_diminishing,diminishing,114.0,0.0031027793884277344,15.628099926568952,0.11659071530418608,9.0,0.5209366642189651
0.0,AFW_diminishing,diminishing,115.0,0.0031290054321289062,15.62855699717906,0.050288467293013284,9.0,0.5209518999059687
0.0,AFW_diminishing,diminishing,116.0,0.003154754638671875,15.628625875507469,0.11326345937414928,9.0,0.5209541958502489
0.0,AFW_diminishing,diminishing,117.0,0.003181934356689453,15.628509864735491,0.06936649570320519,9.0,0.5209503288245164
0.0,AFW_diminishing,diminishing,118.0,0.0032079219818115234,15.627683175323389,0.11012735346707281,9.0,0.5209227725107797
0.0,AFW_diminishing,diminishing,119.0,0.0032339096069335938,15.628096895182045,0.07147382529649704,9.0,0.5209365631727348
0.0,AFW_diminishing,diminishing,120.0,0.003258943557739258,15.627655089381449,0.03856724035496484,9.0,0.5209218363127149
0.0,AFW_diminishing,diminishing,121.0,0.003283977508544922,15.628112925802442,0.06670061157781326,9.0,0.5209370975267481
0.0,AFW_diminishing,diminishing,122.0,0.0033109188079833984,15.62762975276823,0.038938285122691596,9.0,0.520920991758941
0.0,AFW_diminishing,diminishing,123.0,0.0033369064331054688,15.628128634539978,0.06208629625103157,9.0,0.5209376211513326
0.0,AFW_diminishing,diminishing,124.0,0.003361940383911133,15.62760694679965,0.039297838651865646,9.0,0.5209202315599883
0.0,AFW_diminishing,diminishing,125.0,0.0033881664276123047,15.62814402771571,0.057623078760741464,9.0,0.5209381342571903
0.0,AFW_diminishing,diminishing,126.0,0.0034139156341552734,15.62758647194345,0.03964642606357671,9.0,0.5209195490647817
0.0,AFW_diminishing,diminishing,127.0,0.0034410953521728516,15.628159111801182,0.053303660677995524,9.0,0.5209386370600394
0.0,AFW_diminishing,diminishing,128.0,0.0034668445587158203,15.6275681459242,0.03998454099833815,9.0,0.5209189381974734
0.0,AFW_diminishing,diminishing,129.0,0.0034940242767333984,15.628173893366217,0.04912120595505165,9.0,0.5209391297788739
0.0,AFW_diminishing,diminishing,130.0,0.0035200119018554688,15.627551802038969,0.040312647937602364,9.0,0.520918393401299
0.0,AFW_diminishing,diminishing,131.0,0.003545999526977539,15.627824852378634,0.0450693048950761,9.0,0.5209274950792878
0.0,AFW_diminishing,diminishing,132.0,0.0035719871520996094,15.627594205131787,0.08416391266157497,9.0,0.5209198068377262
0.0,AFW_diminishing,diminishing,133.0,0.0035979747772216797,15.627484761336769,0.05076335478426408,9.0,0.5209161587112257
0.0,AFW_diminishing,diminishing,134.0,0.0036230087280273438,15.627722387506626,0.041159837285272616,9.0,0.5209240795835542
0.0,AFW_diminishing,diminishing,135.0,0.003648996353149414,15.627490134838625,0.08310122653112906,9.0,0.5209163378279542
0.0,AFW_diminishing,diminishing,136.0,0.0036749839782714844,15.62769647810242,0.04113803907691249,9.0,0.5209232159367473
0.0,AFW_diminishing,diminishing,137.0,0.003699779510498047,15.627495452317806,0.08015439291935955,9.0,0.5209165150772602
0.0,AFW_diminishing,diminishing,138.0,0.0037250518798828125,15.627672201786817,0.0411170653760653,9.0,0.5209224067262272
0.0,AFW_diminishing,diminishing,139.0,0.0037500858306884766,15.627500712021583,0.07729413526330475,9.0,0.5209166904007194
0.0,AFW_diminishing,diminishing,140.0,0.003772735595703125,15.627649451836648,0.041096872823962016,9.0,0.5209216483945549
0.0,AFW_diminishing,diminishing,141.0,0.003796815872192383,15.627505912523471,0.07451669501967295,9.0,0.5209168637507824
0.0,AFW_diminishing,diminishing,142.0,0.0038208961486816406,15.627628129552951,0.041077420943871346,9.0,0.5209209376517651
0.0,AFW_diminishing,diminishing,143.0,0.003847837448120117,15.627511052685206,0.07181852802070487,9.0,0.5209170350895068
0.0,AFW_diminishing,diminishing,144.0,0.0038728713989257812,15.62760814356789,0.041058671911304856,9.0,0.520920271452263
0.0,AFW_diminishing,diminishing,145.0,0.0039000511169433594,15.627516131623079,0.06919628941019695,9.0,0.5209172043874359
0.0,AFW_diminishing,diminishing,146.0,0.003924846649169922,15.627589409219494,0.04104059034545848,9.0,0.5209196469739832
0.0,AFW_diminishing,diminishing,147.0,0.003951072692871094,15.62752114867809,0.06664681983195386,9.0,0.520917371622603
0.0,AFW_diminishing,diminishing,148.0,0.003975868225097656,15.62757184798684,0.04102314311971611,9.0,0.5209190615995614
0.0,AFW_diminishing,diminishing,149.0,0.0040018558502197266,15.627526103389503,0.06416713275046959,9.0,0.5209175367796501
0.0,AFW_diminishing,diminishing,150.0,0.004025936126708984,15.62755538697909,0.041006299189181306,9.0,0.520918512899303
0.0,AFW_diminishing,diminishing,151.0,0.004051923751831055,15.627530995471332,0.06175440279736577,9.0,0.5209176998490445
0.0,AFW_diminishing,diminishing,152.0,0.004076957702636719,15.627539958472688,0.04099002943355501,9.0,0.5209179986157563
0.0,AFW_diminishing,diminishing,153.0,0.004101991653442383,15.62753582479149,0.05940595504794288,9.0,0.520917860826383
0.0,AFW_diminishing,diminishing,154.0,0.004126787185668945,15.627525499491645,0.04097430651377998,9.0,0.5209175166497215
0.0,AFW_diminishing,diminishing,155.0,0.004153013229370117,15.627540591353204,0.05711925514244065,9.0,0.5209180197117734
0.0,AFW_diminishing,diminishing,156.0,0.004178047180175781,15.627511951426383,0.04095910474107889,9.0,0.5209170650475461
0.0,AFW_diminishing,diminishing,157.0,0.0042040348052978516,15.627545295278562,0.05489190017534007,9.0,0.5209181765092854
0.0,AFW_diminishing,diminishing,158.0,0.004229068756103516,15.627499259687264,0.04094439995720123,9.0,0.5209166419895754
0.0,AFW_diminishing,diminishing,159.0,0.004253864288330078,15.627414217885676,0.052721610284081066,9.0,0.5209138072628559
0.0,AFW_diminishing,diminishing,160.0,0.004278898239135742,15.627292300442088,0.04009302756826649,9.0,0.5209097433480696
0.0,AFW_diminishing,diminishing,161.0,0.004305124282836914,15.627419546822498,0.05085875919367844,9.0,0.5209139848940832
0.0,AFW_diminishing,diminishing,162.0,0.0043299198150634766,15.62728113658372,0.040475207169647476,9.0,0.5209093712194574
0.0,AFW_diminishing,diminishing,163.0,0.004355907440185547,15.627424800423489,0.04860774895489328,9.0,0.5209141600141163
0.0,AFW_diminishing,diminishing,164.0,0.004380941390991211,15.627270728018974,0.04084822951202227,9.0,0.5209090242672991
0.0,AFW_diminishing,diminishing,165.0,0.004406929016113281,15.627429979483745,0.04641227797054093,9.0,0.5209143326494582
0.0,AFW_diminishing,diminishing,166.0,0.004431009292602539,15.627261030407345,0.041212419775559894,9.0,0.5209087010135781
0.0,AFW_diminishing,diminishing,167.0,0.004456758499145508,15.62743508485014,0.044270316409907196,9.0,0.520914502828338
0.0,AFW_diminishing,diminishing,168.0,0.0044820308685302734,15.627252002312046,0.04156808792610356,9.0,0.5209084000770682
0.0,AFW_diminishing,diminishing,169.0,0.004508018493652344,15.627440117413148,0.042179932138447285,9.0,0.5209146705804383
0.0,AFW_diminishing,diminishing,170.0,0.004532814025878906,15.627243604983706,0.041915529594589884,9.0,0.5209081201661235
0.0,AFW_diminishing,diminishing,171.0,0.004559040069580078,15.627445078099534,0.040139284911555606,9.0,0.5209148359366511
0.0,AFW_diminishing,diminishing,172.0,0.004583835601806641,15.62723580216221,0.04225502689613947,9.0,0.5209078600720737
0.0,AFW_diminishing,diminishing,173.0,0.004611015319824219,15.627449967865932,0.03814662097743948,9.0,0.5209149989288644
0.0,AFW_diminishing,diminishing,174.0,0.004636049270629883,15.627228559895094,0.04258684919362565,9.0,0.5209076186631698
0.0,AFW_diminishing,diminishing,175.0,0.004660844802856445,15.627454787693113,0.03620026805587884,9.0,0.5209151595897704
0.0,AFW_diminishing,diminishing,176.0,0.004685878753662109,15.627221846370832,0.042911253810084204,9.0,0.5209073948790277
0.0,AFW_diminishing,diminishing,177.0,0.00471186637878418,15.627459538580917,0.03429863066267558,9.0,0.5209153179526972
0.0,AFW_diminishing,diminishing,178.0,0.004736900329589844,15.627215631765752,0.04322848669388435,9.0,0.520907187725525
0.0,AFW_diminishing,diminishing,179.0,0.004763126373291016,15.627464221543747,0.032440185752419026,9.0,0.5209154740514582
0.0,AFW_diminishing,diminishing,180.0,0.004786968231201172,15.627209888103275,0.043538783040277806,9.0,0.5209069962701092
0.0,AFW_diminishing,diminishing,181.0,0.004812955856323242,15.627682938603277,0.03149056536265782,9.0,0.5209227646201092
0.0,AFW_diminishing,diminishing,182.0,0.004837989807128906,15.627204494052513,0.031989134415532305,9.0,0.5209068164684171
0.0,AFW_diminishing,diminishing,183.0,0.004862785339355469,15.627462513751876,0.029855072558307327,9.0,0.5209154171250625
0.0,AFW_diminishing,diminishing,184.0,0.004888057708740234,15.627199439372413,0.04391963245687691,9.0,0.5209066479790805
0.0,AFW_diminishing,diminishing,185.0,0.004913806915283203,15.627679068180178,0.028295878032412958,9.0,0.5209226356060059
0.0,AFW_diminishing,diminishing,186.0,0.004938840866088867,15.62719480936928,0.03261584989996891,9.0,0.5209064936456427
0.0,AFW_diminishing,diminishing,187.0,0.004965066909790039,15.627461223467915,0.027382731252712844,9.0,0.5209153741155972
0.0,AFW_diminishing,diminishing,188.0,0.004988908767700195,15.62719037280212,0.04428500734720586,9.0,0.5209063457600707
0.0,AFW_diminishing,diminishing,189.0,0.005014896392822266,15.627465477001662,0.025718679758465868,9.0,0.5209155159000554
0.0,AFW_diminishing,diminishing,190.0,0.0050411224365234375,15.627186297815483,0.04456362206984288,9.0,0.5209062099271827
0.0,AFW_diminishing,diminishing,191.0,0.00506591796875,15.627666015789991,0.0245357392263017,9.0,0.5209222005263331
0.0,AFW_diminishing,diminishing,192.0,0.005090951919555664,15.627182541533319,0.03358411757085378,9.0,0.5209060847177773
0.0,AFW_diminishing,diminishing,193.0,0.005116939544677734,15.62746458009909,0.023402207548514298,9.0,0.5209154860033031
0.0,AFW_diminishing,diminishing,194.0,0.0051419734954833984,15.627178990024513,0.04490718979009145,9.0,0.5209059663341504
0.0,AFW_diminishing,diminishing,195.0,0.0051670074462890625,15.627468612391866,0.02184058545772416,9.0,0.5209156204130622
0.0,AFW_diminishing,diminishing,196.0,0.005191802978515625,15.62717574784207,0.04516908675591935,9.0,0.5209058582614023
0.0,AFW_diminishing,diminishing,197.0,0.005218029022216797,15.627654626997618,0.021009177609467855,9.0,0.5209218208999206
0.0,AFW_diminishing,diminishing,198.0,0.005242109298706055,15.627172735885367,0.034495862835393964,9.0,0.5209057578628455
0.0,AFW_diminishing,diminishing,199.0,0.0052678585052490234,15.627468046886419,0.019665698608610782,9.0,0.5209156015628806
0.0,AFW_exact,exact,0.0,3.910064697265625e-05,16.484849442471486,10.73971096916316,2.0,0.5494949814157162
0.0,AFW_exact,exact,1.0,9.107589721679688e-05,15.980911982161695,4.048212016133748,3.0,0.5326970660720565
0.0,AFW_exact,exact,2.0,0.00012302398681640625,15.763268607237773,2.3462612641898417,4.0,0.5254422869079257
0.0,AFW_exact,exact,3.0,0.00015306472778320312,15.742912719063453,0.7190834313132619,5.0,0.5247637573021151
0.0,AFW_exact,exact,4.0,0.00018310546875,15.714666344614441,0.7035037141866969,6.0,0.523822211487148
0.0,AFW_exact,exact,5.0,0.00021314620971679688,15.700983600153823,0.5790448126026888,7.0,0.5233661200051274
0.0,AFW_exact,exact,6.0,0.00024199485778808594,15.687077572756433,0.5259025071175376,8.0,0.5229025857585478
0.0,AFW_exact,exact,7.0,0.0002720355987548828,15.681078540506073,0.3115212969900476,8.0,0.5227026180168691
0.0,AFW_exact,exact,8.0,0.00030493736267089844,15.675909558414663,0.1842222792404531,8.0,0.522530318613822
0.0,AFW_exact,exact,9.0,0.0003352165222167969,15.671433979826602,0.26799540578600833,8.0,0.5223811326608867
0.0,AFW_exact,exact,10.0,0.00036525726318359375,15.666982605485966,0.18787114938407257,8.0,0.5222327535161989
0.0,AFW_exact,exact,11.0,0.00039505958557128906,15.66310655454702,0.24909025486192782,8.0,0.522103551818234
0.0,AFW_exact,exact,12.0,0.0004241466522216797,15.659268012858316,0.19302529292465032,8.0,0.5219756004286106
0.0,AFW_exact,exact,13.0,0.000453948974609375,15.655908206429121,0.23162717829091406,8.0,0.5218636068809707
0.0,AFW_exact,exact,14.0,0.0004832744598388672,15.65259406269571,0.19932346776017873,8.0,0.5217531354231904
0.0,AFW_exact,exact,15.0,0.0005121231079101562,15.64967936943302,0.21548303552338943,8.0,0.5216559789811007
0.0,AFW_exact,exact,16.0,0.0005421638488769531,15.646814765259125,0.2064710089720947,8.0,0.5215604921753042
0.0,AFW_exact,exact,17.0,0.0005710124969482422,15.644284316412723,0.2005467340908993,8.0,0.5214761438804241
0.0,AFW_exact,exact,18.0,0.0006000995635986328,15.64231692061182,0.21422781577858174,8.0,0.521410564020394
0.0,AFW_exact,exact,19.0,0.0006301403045654297,15.640857642862642,0.09553767345536102,8.0,0.5213619214287547
0.0,AFW_exact,exact,20.0,0.0006589889526367188,15.63831358612571,0.20125380217265665,8.0,0.5212771195375236
0.0,AFW_exact,exact,21.0,0.0006880760192871094,15.635821186641888,0.11003667204652956,8.0,0.5211940395547295
0.0,AFW_exact,exact,22.0,0.0007181167602539062,15.633610580984008,0.18739344428072258,8.0,0.521120352699467
0.0,AFW_exact,exact,23.0,0.0007472038269042969,15.631595911246828,0.11805471518812105,7.0,0.521053197041561
0.0,AFW_exact,exact,24.0,0.0007770061492919922,15.630679213341567,0.12859510295725052,7.0,0.5210226404447189
0.0,AFW_exact,exact,25.0,0.000804901123046875,15.629632709987968,0.09802253729725408,7.0,0.520987756999599
0.0,AFW_exact,exact,26.0,0.0008342266082763672,15.628965068742353,0.11118254241112879,7.0,0.5209655022914118
0.0,AFW_exact,exact,27.0,0.0008630752563476562,15.628537696440423,0.08135986157608777,7.0,0.5209512565480141
0.0,AFW_exact,exact,28.0,0.0008959770202636719,15.62828268926411,0.07027851104455962,8.0,0.5209427563088036
0.0,AFW_exact,exact,29.0,0.0009241104125976562,15.628156863783895,0.04794312936646605,8.0,0.5209385621261299
0.0,AFW_exact,exact,30.0,0.0009548664093017578,15.627959970641664,0.036953988290079565,8.0,0.5209319990213888
0.0,AFW_exact,exact,31.0,0.0009832382202148438,15.62783313010616,0.037094036445848744,8.0,0.5209277710035386
0.0,AFW_exact,exact,32.0,0.001013040542602539,15.627698715995283,0.03885128018739259,8.0,0.5209232905331761
0.0,AFW_exact,exact,33.0,0.0010449886322021484,15.627547103059806,0.06456807102870066,9.0,0.5209182367686602
0.0,AFW_exact,exact,34.0,0.001074075698852539,15.627500172266531,0.032616048019466604,9.0,0.5209166724088844
0.0,AFW_exact,exact,35.0,0.0011050701141357422,15.62744050187167,0.023977073087111833,9.0,0.5209146833957223
0.0,AFW_exact,exact,36.0,0.001135110855102539,15.62740370393157,0.022316880531311867,9.0,0.520913456797719
0.0,AFW_exact,exact,37.0,0.0011641979217529297,15.62734841742319,0.031726426609296254,9.0,0.5209116139141063
0.0,AFW_exact,exact,38.0,0.0011951923370361328,15.627274261505185,0.02135946153426005,9.0,0.5209091420501728
0.0,AFW_exact,exact,39.0,0.0012271404266357422,15.62722502408391,0.01482151472971438,9.0,0.520907500802797
0.0,AFW_exact,exact,40.0,0.0012581348419189453,15.6272036622684,0.019695384708949604,9.0,0.52090678874228
0.0,AFW_exact,exact,41.0,0.0012879371643066406,15.627197182120057,0.009921358580623263,9.0,0.5209065727373352
0.0,AFW_exact,exact,42.0,0.0013179779052734375,15.62718615781432,0.01478062313469053,9.0,0.5209062052604774
0.0,AFW_exact,exact,43.0,0.0013470649719238281,15.627176456948265,0.011538514497750896,9.0,0.5209058818982755
0.0,AFW_exact,exact,44.0,0.0013780593872070312,15.627164928428137,0.009459440797494167,9.0,0.5209054976142712
0.0,AFW_exact,exact,45.0,0.0014071464538574219,15.627155197956638,0.007099280580336043,9.0,0.5209051732652212
0.0,AFW_exact,exact,46.0,0.001438140869140625,15.627148010873116,0.014006844936668372,9.0,0.5209049336957705
0.0,AFW_exact,exact,47.0,0.0014691352844238281,15.627145054085386,0.00816937879887547,9.0,0.5209048351361795
0.0,AFW_exact,exact,48.0,0.0014989376068115234,15.627141980653139,0.006715499033379757,9.0,0.520904732688438
0.0,AFW_exact,exact,49.0,0.0015282630920410156,15.627139355914954,0.005987595975730287,9.0,0.5209046451971652
0.0,AFW_exact,exact,50.0,0.0015590190887451172,15.627135154870068,0.004907504278325092,9.0,0.5209045051623356
0.0,AFW_exact,exact,51.0,0.0015881061553955078,15.627133324989488,0.0059144674916282725,9.0,0.5209044441663163
0.0,AFW_exact,exact,52.0,0.001619100570678711,15.627131874734163,0.005123584410117843,9.0,0.5209043958244721
0.0,AFW_exact,exact,53.0,0.00164794921875,15.627131238644692,0.003250442644210594,9.0,0.5209043746214898
0.0,AFW_exact,exact,54.0,0.0016791820526123047,15.627130511642696,0.0027192104393343186,9.0,0.5209043503880898
0.0,AFW_exact,exact,55.0,0.0017070770263671875,15.627129813915404,0.004361144570587783,9.0,0.5209043271305135
0.0,AFW_exact,exact,56.0,0.0017380714416503906,15.62712858191693,0.0035859091308374502,9.0,0.5209042860638976
0.0,AFW_exact,exact,57.0,0.0017659664154052734,15.627128147145159,0.0020543812927495964,9.0,0.5209042715715053
0.0,AFW_exact,exact,58.0,0.0017969608306884766,15.627127701737704,0.003169319109051827,9.0,0.5209042567245902
0.0,AFW_exact,exact,59.0,0.001825094223022461,15.62712747509358,0.0017187059712178154,9.0,0.5209042491697861
0.0,AFW_exact,exact,60.0,0.001856088638305664,15.627127265767376,0.001945858277890622,9.0,0.5209042421922458
0.0,AFW_exact,exact,61.0,0.0018839836120605469,15.627126939001977,0.0022271351560494423,9.0,0.5209042313000659
0.0,AFW_exact,exact,62.0,0.0019140243530273438,15.627126775617702,0.002110042156660441,9.0,0.5209042258539234
0.0,AFW_exact,exact,63.0,0.0019431114196777344,15.627126655501105,0.0011748522558292507,9.0,0.5209042218500368
0.0,AFW_exact,exact,64.0,0.0019741058349609375,15.62712658107574,0.001192203787953261,9.0,0.5209042193691913
0.0,AFW_exact,exact,65.0,0.0020029544830322266,15.627126506017495,0.0008683742286770268,9.0,0.5209042168672499
0.0,AFW_exact,exact,66.0,0.0020329952239990234,15.627126445362023,0.0009671078306912051,9.0,0.5209042148454007
0.0,AFW_exact,exact,67.0,0.002061128616333008,15.627126337749303,0.0013950983054336064,9.0,0.5209042112583101
0.0,AFW_exact,exact,68.0,0.0020911693572998047,15.627126302076913,0.0008967386103098107,9.0,0.5209042100692305
0.0,AFW_exact,exact,69.0,0.0021200180053710938,15.627126271455166,0.0006816400404439094,9.0,0.5209042090485055
0.0,AFW_exact,exact,70.0,0.0021500587463378906,15.627126245220902,0.0008454348727457983,9.0,0.52090420817403
0.0,AFW_exact,exact,71.0,0.0021791458129882812,15.627126215857237,0.00039350802677162733,9.0,0.5209042071952412
0.0,AFW_exact,exact,72.0,0.002209186553955078,15.62712618882538,0.00047290877906824846,9.0,0.5209042062941793
0.0,AFW_exact,exact,73.0,0.002238035202026367,15.627126165763443,0.0006457805160398067,9.0,0.5209042055254481
0.0,AFW_exact,exact,74.0,0.002268075942993164,15.627126156775166,0.0003734515575590791,9.0,0.5209042052258389
0.0,AFW_exact,exact,75.0,0.0022962093353271484,15.627126142850367,0.0002958628889651038,9.0,0.5209042047616789
0.0,AFW_exact,exact,76.0,0.0023272037506103516,15.627126138899758,0.00032806599167578554,9.0,0.520904204629992
0.0,AFW_exact,exact,77.0,0.002357006072998047,15.62712613212798,0.00024914754382798776,9.0,0.520904204404266
0.0,AFW_exact,exact,78.0,0.0023870468139648438,15.627126125512497,0.0003861542843086596,9.0,0.5209042041837499
0.0,AFW_exact,exact,79.0,0.002415180206298828,15.627126123005947,0.000218768038468653,9.0,0.5209042041001982
0.0,AFW_exact,exact,80.0,0.002445220947265625,15.627126119982082,0.00023382910729452533,9.0,0.5209042039994027
0.0,AFW_exact,exact,81.0,0.002474069595336914,15.62712611403148,0.0003004683678913267,9.0,0.5209042038010493
0.0,AFW_exact,exact,82.0,0.002504110336303711,15.627126111965875,0.00023721908217311238,9.0,0.5209042037321958
0.0,AFW_exact,exact,83.0,0.0025322437286376953,15.627126110961612,0.0001285372233290616,9.0,0.5209042036987204
0.0,AFW_exact,exact,84.0,0.0025632381439208984,15.627126108460587,0.00021265494006073027,9.0,0.520904203615353
0.0,AFW_exact,exact,85.0,0.0025911331176757812,15.62712610724566,0.0001357636932688422,9.0,0.5209042035748553
0.0,AFW_exact,exact,86.0,0.0026209354400634766,15.627126105898293,0.0001742667279067689,9.0,0.5209042035299432
0.0,AFW_exact,exact,87.0,0.002640962600708008,15.627126105898293,9.450429787527526e-05,9.0,0.5209042035299432
0.0,PFW_diminishing,diminishing,0.0,3.1948089599609375e-05,20.02424955274294,10.73971096916316,1.0,0.6674749850914313
0.0,PFW_diminishing,diminishing,1.0,6.67572021484375e-05,17.296768766446505,13.358413804480087,2.0,0.5765589588815502
0.0,PFW_diminishing,diminishing,2.0,9.489059448242188e-05,16.089648661092006,5.045837086893254,3.0,0.5363216220364002
0.0,PFW_diminishing,diminishing,3.0,0.00011968612670898438,16.211306815421867,2.640555861856015,4.0,0.5403768938473956
0.0,PFW_diminishing,diminishing,4.0,0.00014472007751464844,15.896237885002455,2.7725413887326287,4.0,0.5298745961667485
0.0,PFW_diminishing,diminishing,5.0,0.00016880035400390625,16.035468109967344,1.5434268763087076,4.0,0.5345156036655782
0.0,PFW_diminishing,diminishing,6.0,0.00019478797912597656,16.01289392073454,2.0505868491529817,5.0,0.5337631306911513
0.0,PFW_diminishing,diminishing,7.0,0.00021767616271972656,15.866656541553061,1.7820618644366473,6.0,0.528888551385102
0.0,PFW_diminishing,diminishing,8.0,0.00024080276489257812,15.770668669697159,1.1000331669200136,6.0,0.5256889556565719
0.0,PFW_diminishing,diminishing,9.0,0.0002658367156982422,15.884471105209501,0.7661689215498892,6.0,0.5294823701736501
0.0,PFW_diminishing,diminishing,10.0,0.0002887248992919922,15.755869576996158,1.430834384434359,6.0,0.5251956525665386
0.0,PFW_diminishing,diminishing,11.0,0.0003147125244140625,15.88338513287424,0.6758315350144635,7.0,0.529446171095808
0.0,PFW_diminishing,diminishing,12.0,0.0003387928009033203,15.747012629314371,1.3788856879996203,7.0,0.5249004209771457
0.0,PFW_diminishing,diminishing,13.0,0.0003619194030761719,15.864138464033106,0.5779222410633977,7.0,0.5288046154677702
0.0,PFW_diminishing,diminishing,14.0,0.0003857612609863281,15.703410611003157,1.8990930321269097,8.0,0.5234470203667719
0.0,PFW_diminishing,diminishing,15.0,0.0004086494445800781,15.767313801409138,0.4976488672268111,8.0,0.5255771267136379
0.0,PFW_diminishing,diminishing,16.0,0.00043487548828125,15.698650088563292,0.8774108996824577,8.0,0.5232883362854431
0.0,PFW_diminishing,diminishing,17.0,0.0004589557647705078,15.756655395183175,0.39715255480714085,8.0,0.5252218465061058
0.0,PFW_diminishing,diminishing,18.0,0.00048160552978515625,15.70942494001383,0.8070599294231258,8.0,0.5236474980004611
0.0,PFW_diminishing,diminishing,19.0,0.0005056858062744141,15.717107111249408,0.5958006557883593,8.0,0.5239035703749803
0.0,PFW_diminishing,diminishing,20.0,0.0005297660827636719,15.705121672428122,0.5856798397528404,8.0,0.5235040557476041
0.0,PFW_diminishing,diminishing,21.0,0.0005545616149902344,15.712522800638007,0.5311921844436807,8.0,0.5237507600212669
0.0,PFW_diminishing,diminishing,22.0,0.0005786418914794922,15.70186064041725,0.5341897158820483,8.0,0.523395354680575
0.0,PFW_diminishing,diminishing,23.0,0.0006017684936523438,15.708943809239043,0.477798934711684,8.0,0.5236314603079681
0.0,PFW_diminishing,diminishing,24.0,0.0006258487701416016,15.699334988635131,0.4913405991843298,8.0,0.5233111662878377
0.0,PFW_diminishing,diminishing,25.0,0.0006499290466308594,15.70609306707824,0.4329431780519837,8.0,0.5235364355692746
0.0,PFW_diminishing,diminishing,26.0,0.0006756782531738281,15.697342430644348,0.45513387221331136,8.0,0.5232447476881449
0.0,PFW_diminishing,diminishing,27.0,0.0006997585296630859,15.682066163810715,0.41498901774985697,8.0,0.5227355387936905
0.0,PFW_diminishing,diminishing,28.0,0.0007228851318359375,15.70698089588988,0.2476172475238112,8.0,0.5235660298629959
0.0,PFW_diminishing,diminishing,29.0,0.0007467269897460938,15.664122701946757,0.8867990647711572,8.0,0.5221374233982252
0.0,PFW_diminishing,diminishing,30.0,0.0007696151733398438,15.688307483902861,0.2159677758826657,8.0,0.522943582796762
0.0,PFW_diminishing,diminishing,31.0,0.0007948875427246094,15.64966248509291,0.8107922746894385,8.0,0.5216554161697636
0.0,PFW_diminishing,diminishing,32.0,0.0008189678192138672,15.657766326805762,0.20749914799332458,8.0,0.5219255442268588
0.0,PFW_diminishing,diminishing,33.0,0.0008418560028076172,15.65746311819866,0.2801105090276934,8.0,0.5219154372732887
0.0,PFW_diminishing,diminishing,34.0,0.0008656978607177734,15.656715409308033,0.33788671507743295,8.0,0.5218905136436011
0.0,PFW_diminishing,diminishing,35.0,0.0008897781372070312,15.656483418436178,0.2610128959847202,8.0,0.5218827806145393
0.0,PFW_diminishing,diminishing,36.0,0.0009148120880126953,15.655824233257686,0.31650322057344127,8.0,0.5218608077752562
0.0,PFW_diminishing,diminishing,37.0,0.0009407997131347656,15.655648363809954,0.24399961903347211,8.0,0.5218549454603318
0.0,PFW_diminishing,diminishing,38.0,0.0009636878967285156,15.655062022821944,0.2973750178580712,8.0,0.5218354007607314
0.0,PFW_diminishing,diminishing,39.0,0.0009877681732177734,15.654930797271104,0.22874783896975792,8.0,0.5218310265757035
0.0,PFW_diminishing,diminishing,40.0,0.0010118484497070312,15.654405068764504,0.28016372959009495,8.0,0.5218135022921502
0.0,PFW_diminishing,diminishing,41.0,0.0010366439819335938,15.64644188691333,0.21908811227275216,8.0,0.521548062897111
0.0,PFW_diminishing,diminishing,42.0,0.0010607242584228516,15.654676640169098,0.14985122339764523,8.0,0.5218225546723033
0.0,PFW_diminishing,diminishing,43.0,0.0010838508605957031,15.639495075131618,0.48271447660656897,8.0,0.5213165025043873
0.0,PFW_diminishing,diminishing,44.0,0.001107931137084961,15.634261035092223,0.230888657759877,7.0,0.5211420345030741
0.0,PFW_diminishing,diminishing,45.0,0.0011317729949951172,15.641257152772315,0.18300894687715186,7.0,0.5213752384257438
0.0,PFW_diminishing,diminishing,46.0,0.0011568069458007812,15.63399348904811,0.34011375969998525,7.0,0.5211331163016036
0.0,PFW_diminishing,diminishing,47.0,0.001180887222290039,15.639556193334071,0.17211102030657877,7.0,0.5213185397778024
0.0,PFW_diminishing,diminishing,48.0,0.001203775405883789,15.637716681968188,0.426095859508699,7.0,0.5212572227322729
0.0,PFW_diminishing,diminishing,49.0,0.0012276172637939453,15.634883778775645,0.3305549389461291,7.0,0.5211627926258549
0.0,PFW_diminishing,diminishing,50.0,0.001252889633178711,15.63730969434891,0.28117934637499964,7.0,0.521243656478297
0.0,PFW_diminishing,diminishing,51.0,0.001277923583984375,15.634596744393967,0.32112437653383274,7.0,0.5211532248131322
0.0,PFW_diminishing,diminishing,52.0,0.0013017654418945312,15.636944909142029,0.2712579727504085,7.0,0.5212314969714009
0.0,PFW_diminishing,diminishing,53.0,0.0013246536254882812,15.634341841963112,0.31241046328821653,7.0,0.5211447280654371
0.0,PFW_diminishing,diminishing,54.0,0.001348733901977539,15.63661658233142,0.2620743725359773,7.0,0.5212205527443807
0.0,PFW_diminishing,diminishing,55.0,0.0013718605041503906,15.634114566591975,0.3043345923992291,7.0,0.5211371522197326
0.0,PFW_diminishing,diminishing,56.0,0.0013959407806396484,15.636319921999021,0.25354927912527714,7.0,0.5212106640666341
0.0,PFW_diminishing,diminishing,57.0,0.001420736312866211,15.63391116866243,0.29682923628834956,7.0,0.5211303722887476
0.0,PFW_diminishing,diminishing,58.0,0.0014426708221435547,15.63605090435216,0.24561437917572526,7.0,0.5212016968117387
0.0,PFW_diminishing,diminishing,59.0,0.0014667510986328125,15.633728507510595,0.28983606280683816,7.0,0.5211242835836865
0.0,PFW_diminishing,diminishing,60.0,0.001489877700805664,15.6358061300126,0.2382104852333704,7.0,0.5211935376670866
0.0,PFW_diminishing,diminishing,61.0,0.0015146732330322266,15.632558033709437,0.2833044228572952,7.0,0.5210852677903145
0.0,PFW_diminishing,diminishing,62.0,0.0015387535095214844,15.63309532991988,0.2543305203270414,7.0,0.521103177663996
0.0,PFW_diminishing,diminishing,63.0,0.0015606880187988281,15.632377981610873,0.2318542384917226,7.0,0.5210792660536957
0.0,PFW_diminishing,diminishing,64.0,0.001584768295288086,15.632904616266096,0.24722323862156337,7.0,0.5210968205422032
0.0,PFW_diminishing,diminishing,65.0,0.0016088485717773438,15.63221396971229,0.22614577592728935,7.0,0.5210737989904096
0.0,PFW_diminishing,diminishing,66.0,0.0016336441040039062,15.63273009583607,0.2405478022430465,7.0,0.5210910031945357
0.0,PFW_diminishing,diminishing,67.0,0.001657724380493164,15.632064163146957,0.22078071635522,7.0,0.5210688054382319
0.0,PFW_diminishing,diminishing,68.0,0.0016798973083496094,15.632569972515821,0.23426603684580982,7.0,0.5210856657505274
0.0,PFW_diminishing,diminishing,69.0,0.0017037391662597656,15.631926981275095,0.2157290036170032,7.0,0.5210642327091698
0.0,PFW_diminishing,diminishing,70.0,0.0017268657684326172,15.632422693208667,0.22834413619369087,7.0,0.521080756440289
0.0,PFW_diminishing,diminishing,71.0,0.0017516613006591797,15.631801056623388,0.21096398701130425,7.0,0.5210600352207796
0.0,PFW_diminishing,diminishing,72.0,0.0017757415771484375,15.632286909363541,0.22275205507240514,7.0,0.521076230312118
0.0,PFW_diminishing,diminishing,73.0,0.001798868179321289,15.631685201351367,0.20646195259540434,7.0,0.5210561733783788
0.0,PFW_diminishing,diminishing,74.0,0.0018229484558105469,15.63216144543151,0.2174630006662479,7.0,0.5210720481810504
0.0,PFW_diminishing,diminishing,75.0,0.0018455982208251953,15.631578379709017,0.2022017297748615,7.0,0.5210526126569672
0.0,PFW_diminishing,diminishing,76.0,0.0018718242645263672,15.632045272859605,0.21245300426556746,7.0,0.5210681757619868
0.0,PFW_diminishing,diminishing,77.0,0.001895904541015625,15.631479685293483,0.19816435944756705,7.0,0.5210493228431161
0.0,PFW_diminishing,diminishing,78.0,0.001918792724609375,15.631937488537798,0.2077005588887797,7.0,0.5210645829512599
0.0,PFW_diminishing,diminishing,79.0,0.001941680908203125,15.63138832217303,0.19433281275776437,7.0,0.5210462774057677
0.0,PFW_diminishing,diminishing,80.0,0.001965761184692383,15.631791463099065,0.2031863112844885,7.0,0.5210597154366355
0.0,PFW_diminishing,diminishing,81.0,0.0019898414611816406,15.630092127788402,0.17559333948802447,7.0,0.5210030709262801
0.0,PFW_diminishing,diminishing,82.0,0.0020148754119873047,15.631075895498325,0.17237918559604815,8.0,0.5210358631832775
0.0,PFW_diminishing,diminishing,83.0,0.0020377635955810547,15.630008634203277,0.14381183963401512,8.0,0.5210002878067759
0.0,PFW_diminishing,diminishing,84.0,0.0020618438720703125,15.630971708754572,0.16732650631836066,8.0,0.521032390291819
0.0,PFW_diminishing,diminishing,85.0,0.0020847320556640625,15.629931067761103,0.1404827388395713,8.0,0.5209977022587035
0.0,PFW_diminishing,diminishing,86.0,0.0021097660064697266,15.630874245823376,0.16250900486317477,8.0,0.5210291415274458
0.0,PFW_diminishing,diminishing,87.0,0.002133607864379883,15.629858892835308,0.1373081216744545,8.0,0.5209952964278436
0.0,PFW_diminishing,diminishing,88.0,0.0021567344665527344,15.630782930334828,0.15791064050096892,8.0,0.5210260976778276
0.0,PFW_diminishing,diminishing,89.0,0.002180814743041992,15.629791632451914,0.13427748612635426,8.0,0.5209930544150638
0.0,PFW_diminishing,diminishing,90.0,0.00220489501953125,15.630697246814012,0.1535167984097523,8.0,0.5210232415604671
0.0,PFW_diminishing,diminishing,91.0,0.0022296905517578125,15.629728860779668,0.1313812604352158,8.0,0.5209909620259889
0.0,PFW_diminishing,diminishing,92.0,0.0022537708282470703,15.630616733093294,0.14931413472315214,8.0,0.5210205577697765
0.0,PFW_diminishing,diminishing,93.0,0.002277851104736328,15.6296701967159,0.12861070238136385,8.0,0.5209890065571966
0.0,PFW_diminishing,diminishing,94.0,0.002301931381225586,15.630540973807356,0.14529044134957658,8.0,0.5210180324602453
0.0,PFW_diminishing,diminishing,95.0,0.002324819564819336,15.629615298389401,0.12595781137377848,8.0,0.52098717661298
0.0,PFW_diminishing,diminishing,96.0,0.002349853515625,15.630469594797773,0.14143452768121811,8.0,0.5210156531599258
0.0,PFW_diminishing,diminishing,97.0,0.0023736953735351562,15.629563858433764,0.12341525148066168,8.0,0.5209854619477922
0.0,PFW_diminishing,diminishing,98.0,0.002396821975708008,15.630402258284375,0.13773611678179698,8.0,0.5210134086094792
0.0,PFW_diminishing,diminishing,99.0,0.0024209022521972656,15.629515599910322,0.12097628384641723,8.0,0.520983853330344
0.0,PFW_diminishing,diminishing,100.0,0.0024437904357910156,15.630338658685563,0.13418575402726596,8.0,0.5210112886228521
0.0,PFW_diminishing,diminishing,101.0,0.0024688243865966797,15.629470272780775,0.11863470718677505,8.0,0.5209823424260258
0.0,PFW_diminishing,diminishing,102.0,0.0024917125701904297,15.630278518989542,0.13077472649127841,8.0,0.5210092839663181
0.0,PFW_diminishing,diminishing,103.0,0.0025148391723632812,15.629427650846658,0.11638480525797945,8.0,0.5209809216948886
0.0,PFW_diminishing,diminishing,104.0,0.002537965774536133,15.630221587594965,0.12749499162971567,8.0,0.5210073862531656
0.0,PFW_diminishing,diminishing,105.0,0.0025606155395507812,15.629387529086278,0.1142213003651733,8.0,0.5209795843028759
0.0,PFW_diminishing,diminishing,106.0,0.002585887908935547,15.630167635552747,0.12433911403674713,8.0,0.5210055878517582
0.0,PFW_diminishing,diminishing,107.0,0.0026519298553466797,15.629349721331495,0.112139312115481,8.0,0.5209783240443832
0.0,PFW_diminishing,diminishing,108.0,0.0026807785034179688,15.628616646403648,0.12138080801050855,9.0,0.5209538882134549
0.0,PFW_diminishing,diminishing,109.0,0.002707958221435547,15.629804631647465,0.061766888109058726,9.0,0.5209934877215822
0.0,PFW_diminishing,diminishing,110.0,0.002731800079345703,15.628898036095494,0.16349294611272924,9.0,0.5209632678698498
0.0,PFW_diminishing,diminishing,111.0,0.0027556419372558594,15.629758355144048,0.09043088906110874,9.0,0.5209919451714683
0.0,PFW_diminishing,diminishing,112.0,0.002778768539428711,15.628547761763558,0.16220221601979112,9.0,0.5209515920587853
0.0,PFW_diminishing,diminishing,113.0,0.002803802490234375,15.629714131920178,0.05846055225048019,9.0,0.520990471064006
0.0,PFW_diminishing,diminishing,114.0,0.0028285980224609375,15.628524986802091,0.15989521650418403,9.0,0.520950832893403
0.0,PFW_diminishing,diminishing,115.0,0.002853870391845703,15.628092226270455,0.05759298565991067,9.0,0.5209364075423485
0.0,PFW_diminishing,diminishing,116.0,0.002877950668334961,15.628503293727224,0.029139644382070173,9.0,0.5209501097909075
0.0,PFW_diminishing,diminishing,117.0,0.002900838851928711,15.628078106887495,0.05646683980687328,9.0,0.5209359368962498
0.0,PFW_diminishing,diminishing,118.0,0.002923727035522461,15.62848261367471,0.028084693648406045,9.0,0.5209494204558236
0.0,PFW_diminishing,diminishing,119.0,0.0029478073120117188,15.62951773630722,0.056053087659130085,9.0,0.520983924543574
0.0,PFW_diminishing,diminishing,120.0,0.002973794937133789,15.628690318949525,0.15332703628957667,9.0,0.5209563439649841
0.0,PFW_diminishing,diminishing,121.0,0.0029976367950439453,15.629481369458382,0.08239887649096467,9.0,0.5209827123152794
0.0,PFW_diminishing,diminishing,122.0,0.0030198097229003906,15.628667771749152,0.15127859749596873,9.0,0.5209555923916384
0.0,PFW_diminishing,diminishing,123.0,0.003043651580810547,15.629446624573498,0.08071071761991,9.0,0.52098155415245
0.0,PFW_diminishing,diminishing,124.0,0.0030667781829833984,15.62839811319852,0.1494407722070914,9.0,0.520946603773284
0.0,PFW_diminishing,diminishing,125.0,0.0030918121337890625,15.6280053357245,0.0570628282950878,9.0,0.5209335111908167
0.0,PFW_diminishing,diminishing,126.0,0.0031156539916992188,15.628872955217426,0.029243419445226237,9.0,0.5209624318405809
0.0,PFW_diminishing,diminishing,127.0,0.0031387805938720703,15.627994406762696,0.07304578097095771,9.0,0.5209331468920898
0.0,PFW_diminishing,diminishing,128.0,0.0031638145446777344,15.62834885611585,0.02797848858365981,9.0,0.5209449618705283
0.0,PFW_diminishing,diminishing,129.0,0.003186941146850586,15.627983949510591,0.053770791447167454,9.0,0.5209327983170197
0.0,PFW_diminishing,diminishing,130.0,0.0032117366790771484,15.628803589606376,0.02711100394139976,9.0,0.5209601196535458
0.0,PFW_diminishing,diminishing,131.0,0.0032358169555664062,15.627974006786054,0.06979390014442366,9.0,0.5209324668928684
0.0,PFW_diminishing,diminishing,132.0,0.0032587051391601562,15.628304041929852,0.02592196718498485,9.0,0.5209434680643283
0.0,PFW_diminishing,diminishing,133.0,0.003282785415649414,15.629140145116583,0.05071138686002641,9.0,0.5209713381705527
0.0,PFW_diminishing,diminishing,134.0,0.0033059120178222656,15.628467269471312,0.13840255281410663,9.0,0.520948908982377
0.0,PFW_diminishing,diminishing,135.0,0.003329753875732422,15.629113801431519,0.07443577467343943,9.0,0.5209704600477173
0.0,PFW_diminishing,diminishing,136.0,0.0033538341522216797,15.628450985967753,0.13675865512466956,9.0,0.520948366198925
0.0,PFW_diminishing,diminishing,137.0,0.0033767223358154297,15.629088514844575,0.07307770151477122,9.0,0.5209696171614858
0.0,PFW_diminishing,diminishing,138.0,0.0034008026123046875,15.62843545919561,0.13516249594986718,9.0,0.5209478486398537
0.0,PFW_diminishing,diminishing,139.0,0.003423929214477539,15.629064227920058,0.07175887719447616,9.0,0.5209688075973352
0.0,PFW_diminishing,diminishing,140.0,0.0034477710723876953,15.628221017999419,0.13403489783104305,9.0,0.5209407005999807
0.0,PFW_diminishing,diminishing,141.0,0.003471851348876953,15.62790971037769,0.05245857202849891,9.0,0.5209303236792563
0.0,PFW_diminishing,diminishing,142.0,0.003494739532470703,15.628507879161143,0.02771910164757685,9.0,0.5209502626387048
0.0,PFW_diminishing,diminishing,143.0,0.003518819808959961,15.627901414835971,0.0600186805053724,9.0,0.5209300471611991
0.0,PFW_diminishing,diminishing,144.0,0.003542661666870117,15.628491558509648,0.026719482769532732,9.0,0.5209497186169882
0.0,PFW_diminishing,diminishing,145.0,0.0035676956176757812,15.627893509808205,0.05917925006918168,9.0,0.5209297836602735
0.0,PFW_diminishing,diminishing,146.0,0.003591775894165039,15.628475838554838,0.025747302368657188,9.0,0.5209491946184946
0.0,PFW_diminishing,diminishing,147.0,0.0036149024963378906,15.627885973066869,0.05836275197102658,9.0,0.5209295324355623
0.0,PFW_diminishing,diminishing,148.0,0.003638744354248047,15.628460689012714,0.02480144617459068,9.0,0.5209486896337572
0.0,PFW_diminishing,diminishing,149.0,0.003661632537841797,15.627878783899687,0.057568259331992166,9.0,0.5209292927966562
0.0,PFW_diminishing,diminishing,150.0,0.0036878585815429688,15.628446081515932,0.023880859436188118,9.0,0.5209482027171978
0.0,PFW_diminishing,diminishing,151.0,0.0037119388580322266,15.627871922988978,0.05679489454975162,9.0,0.5209290640996326
0.0,PFW_diminishing,diminishing,152.0,0.003734588623046875,15.62843198946878,0.02298454300040298,9.0,0.5209477329822927
0.0,PFW_diminishing,diminishing,153.0,0.003758668899536133,15.627865372301944,0.056041826067463774,9.0,0.5209288457433982
0.0,PFW_diminishing,diminishing,154.0,0.0037817955017089844,15.62841838791489,0.02211154969706719,9.0,0.520947279597163
0.0,PFW_diminishing,diminishing,155.0,0.0038068294525146484,15.627859114990855,0.055308265393522404,9.0,0.5209286371663618
0.0,PFW_diminishing,diminishing,156.0,0.0038306713104248047,15.62806705190578,0.021260981002074075,9.0,0.5209355683968594
0.0,PFW_diminishing,diminishing,157.0,0.0038537979125976562,15.628315397797763,0.04477679133987955,9.0,0.5209438465932588
0.0,PFW_diminishing,diminishing,158.0,0.0038788318634033203,15.62862662741531,0.051795686560787146,9.0,0.5209542209138437
0.0,PFW_diminishing,diminishing,159.0,0.003901958465576172,15.628177932703302,0.11585875422895242,9.0,0.5209392644234434
0.0,PFW_diminishing,diminishing,160.0,0.003924846649169922,15.628610910056322,0.06459482133205618,9.0,0.5209536970018774
0.0,PFW_diminishing,diminishing,161.0,0.003947734832763672,15.628167878692993,0.11469061869549257,9.0,0.5209389292897665
0.0,PFW_diminishing,diminishing,162.0,0.003970623016357422,15.62859572989306,0.06362568584415307,9.0,0.5209531909964353
0.0,PFW_diminishing,diminishing,163.0,0.0039958953857421875,15.628265482828224,0.11375922463017751,9.0,0.5209421827609408
0.0,PFW_diminishing,diminishing,164.0,0.004017829895019531,15.62801253952517,0.05111220619478196,9.0,0.5209337513175056
0.0,PFW_diminishing,diminishing,165.0,0.004040956497192383,15.628374961510024,0.04377807317130156,9.0,0.5209458320503342
0.0,PFW_diminishing,diminishing,166.0,0.004063844680786133,15.628141801541592,0.0727762298510406,9.0,0.5209380600513864
0.0,PFW_diminishing,diminishing,167.0,0.004086732864379883,15.628361557401679,0.08865103516546391,9.0,0.5209453852467226
0.0,PFW_diminishing,diminishing,168.0,0.004110813140869141,15.628131281123832,0.07194593767358626,9.0,0.5209377093707944
0.0,PFW_diminishing,diminishing,169.0,0.004133701324462891,15.628348604096855,0.08741579865827376,9.0,0.5209449534698952
0.0,PFW_diminishing,diminishing,170.0,0.0041577816009521484,15.628121139626655,0.07113528677038872,9.0,0.5209373713208885
0.0,PFW_diminishing,diminishing,171.0,0.004181623458862305,15.628336081282972,0.08620947453624161,9.0,0.5209445360427657
0.0,PFW_diminishing,diminishing,172.0,0.0042057037353515625,15.628111359433998,0.07034358848051525,9.0,0.5209370453144666
0.0,PFW_diminishing,diminishing,173.0,0.0042307376861572266,15.628323969786171,0.08503105953505319,9.0,0.5209441323262057
0.0,PFW_diminishing,diminishing,174.0,0.004252910614013672,15.628101923933812,0.0695701859593747,9.0,0.5209367307977938
0.0,PFW_diminishing,diminishing,175.0,0.004277706146240234,15.62831225149535,0.08387959627341779,9.0,0.5209437417165117
0.0,PFW_diminishing,diminishing,176.0,0.004300832748413086,15.628092817450417,0.06881445236264838,9.0,0.5209364272483472
0.0,PFW_diminishing,diminishing,177.0,0.0043218135833740234,15.628300909291976,0.0827541706599213,9.0,0.5209433636430659
0.0,PFW_diminishing,diminishing,178.0,0.0043468475341796875,15.628084025182137,0.06807578915313961,9.0,0.5209361341727379
0.0,PFW_diminishing,diminishing,179.0,0.0043697357177734375,15.628289926985346,0.08165390947385553,9.0,0.5209429975661782
0.0,PFW_diminishing,diminishing,180.0,0.004392862319946289,15.628075533143672,0.06735362452103999,9.0,0.5209358511047891
0.0,PFW_diminishing,diminishing,181.0,0.004416704177856445,15.628279289252642,0.08057797810632472,9.0,0.5209426429750881
0.0,PFW_diminishing,diminishing,182.0,0.004439830780029297,15.628067328112891,0.066647411908761,9.0,0.5209355776037631
0.0,PFW_diminishing,diminishing,183.0,0.004464864730834961,15.628268981583535,0.07952557844962804,9.0,0.5209422993861178
0.0,PFW_diminishing,diminishing,184.0,0.004487752914428711,15.628059397581577,0.06595662863241714,9.0,0.5209353132527192
0.0,PFW_diminishing,diminishing,185.0,0.0045108795166015625,15.628258990228824,0.07849594692356376,9.0,0.5209419663409608
0.0,PFW_diminishing,diminishing,186.0,0.004534721374511719,15.628051729709874,0.06528077459260118,9.0,0.5209350576569958
0.0,PFW_diminishing,diminishing,187.0,0.00455784797668457,15.628249302152879,0.0774883526283574,9.0,0.520941643405096
0.0,PFW_diminishing,diminishing,188.0,0.0045816898345947266,15.62804431328404,0.06461937106782223,9.0,0.5209348104428013
0.0,PFW_diminishing,diminishing,189.0,0.004606962203979492,15.628239904989494,0.07650209561496624,9.0,0.5209413301663165
0.0,PFW_diminishing,diminishing,190.0,0.0046308040618896484,15.628037137677298,0.06397195958443369,9.0,0.5209345712559099
0.0,PFW_diminishing,diminishing,191.0,0.004654645919799805,15.628230787000897,0.0755365052640915,9.0,0.5209410262333632
0.0,PFW_diminishing,diminishing,192.0,0.0046787261962890625,15.628030192813533,0.06333810085752312,9.0,0.5209343397604511
0.0,PFW_diminishing,diminishing,193.0,0.004703998565673828,15.628221937039685,0.07459093876590117,9.0,0.5209407312346561
0.0,PFW_diminishing,diminishing,194.0,0.004727840423583984,15.628023469133506,0.0627173737975415,9.0,0.5209341156377836
0.0,PFW_diminishing,diminishing,195.0,0.004749774932861328,15.628213344513407,0.07366477969346441,9.0,0.5209404448171135
0.0,PFW_diminishing,diminishing,196.0,0.004773855209350586,15.628016957563519,0.06210937457804988,9.0,0.5209338985854506
0.0,PFW_diminishing,diminishing,197.0,0.004796743392944336,15.627859831063155,0.07275743666303214,9.0,0.5209286610354386
0.0,PFW_diminishing,diminishing,198.0,0.00482177734375,15.627789020700632,0.03975850618768817,9.0,0.5209263006900211
0.0,PFW_diminishing,diminishing,199.0,0.004845857620239258,15.6276515539694,0.06771876597834137,9.0,0.5209217184656467
