run,algorithm,step_size,iter,time,loss,gap,spars,mse
0.0,FW_diminishing,diminishing,0.0,0.001477956771850586,22.83862285052757,37.161377149472436,1.0,0.761287428350919
0.0,FW_diminishing,diminishing,1.0,0.0015599727630615234,36.45054197005769,51.22618700140377,2.0,1.2150180656685898
0.0,FW_diminishing,diminishing,2.0,0.0016210079193115234,17.703904796842806,61.37462957332945,2.0,0.5901301598947603
0.0,FW_diminishing,diminishing,3.0,0.0016760826110839844,15.182065255540168,18.934367837079947,3.0,0.5060688418513389
0.0,FW_diminishing,diminishing,4.0,0.0017299652099609375,13.8610836333492,16.79158834664923,4.0,0.46203612111164
0.0,FW_diminishing,diminishing,5.0,0.001783132553100586,12.556938824711711,11.166154140586741,5.0,0.41856462749039036
0.0,FW_diminishing,diminishing,6.0,0.0018351078033447266,11.128989726487706,11.735416811812907,6.0,0.37096632421625686
0.0,FW_diminishing,diminishing,7.0,0.0018880367279052734,10.478199414142633,9.233746346173355,7.0,0.34927331380475446
0.0,FW_diminishing,diminishing,8.0,0.0019419193267822266,9.719514237950033,8.082118419530193,8.0,0.32398380793166776
0.0,FW_diminishing,diminishing,9.0,0.001995086669921875,9.260345636630507,6.734130071910604,9.0,0.3086781878876836
0.0,FW_diminishing,diminishing,10.0,0.002048015594482422,9.119286020968255,4.7330903049820945,10.0,0.3039762006989418
0.0,FW_diminishing,diminishing,11.0,0.0021009445190429688,8.777901490803426,5.968700483354053,11.0,0.2925967163601142
0.0,FW_diminishing,diminishing,12.0,0.0021529197692871094,8.456217218827545,5.137361920577185,11.0,0.2818739072942515
0.0,FW_diminishing,diminishing,13.0,0.0022029876708984375,8.303682923664802,4.615237398186903,12.0,0.27678943078882673
0.0,FW_diminishing,diminishing,14.0,0.0022559165954589844,8.159788743723178,3.392023920446664,12.0,0.27199295812410595
0.0,FW_diminishing,diminishing,15.0,0.0023088455200195312,8.039937892431185,3.4063912490145807,13.0,0.26799792974770614
0.0,FW_diminishing,diminishing,16.0,0.002360105514526367,7.962203634641651,2.9438840227983425,14.0,0.2654067878213884
0.0,FW_diminishing,diminishing,17.0,0.002412080764770508,7.957161289637521,2.3548835625802633,14.0,0.265238709654584
0.0,FW_diminishing,diminishing,18.0,0.0024640560150146484,7.917563926917004,2.2046798522069597,14.0,0.26391879756390013
0.0,FW_diminishing,diminishing,19.0,0.0025148391723632812,7.872821767877858,2.7416404643094356,15.0,0.26242739226259526
0.0,FW_diminishing,diminishing,20.0,0.002566814422607422,7.860729919636711,2.3465498073439237,15.0,0.26202433065455705
0.0,FW_diminishing,diminishing,21.0,0.0026187896728515625,7.831720772496726,2.193073125293285,16.0,0.2610573590832242
0.0,FW_diminishing,diminishing,22.0,0.002671957015991211,7.764077862030606,2.3407638201884406,16.0,0.2588025954010202
0.0,FW_diminishing,diminishing,23.0,0.0027239322662353516,7.705399053953766,2.2887382250906203,16.0,0.2568466351317922
0.0,FW_diminishing,diminishing,24.0,0.0027768611907958984,7.650319548550767,2.311357227565426,16.0,0.2550106516183589
0.0,FW_diminishing,diminishing,25.0,0.0028307437896728516,7.690395400886238,1.5496453549935651,17.0,0.25634651336287456
0.0,FW_diminishing,diminishing,26.0,0.0028839111328125,7.679404177528372,1.519878428547739,17.0,0.25598013925094576
0.0,FW_diminishing,diminishing,27.0,0.0029370784759521484,7.684287095211118,1.1210004494164894,17.0,0.256142903173704
0.0,FW_diminishing,diminishing,28.0,0.002988100051879883,7.652116989057128,2.0064650447738313,18.0,0.2550705663019043
0.0,FW_diminishing,diminishing,29.0,0.0030400753021240234,7.663034375280374,1.1895602241903305,18.0,0.2554344791760125
0.0,FW_diminishing,diminishing,30.0,0.003092050552368164,7.6245878826540325,1.8063514283752697,18.0,0.25415292942180107
0.0,FW_diminishing,diminishing,31.0,0.0031440258026123047,7.6141561686387655,1.2293541900291043,18.0,0.25380520562129216
0.0,FW_diminishing,diminishing,32.0,0.0031960010528564453,7.571269995973137,2.16594712099159,18.0,0.25237566653243787
0.0,FW_diminishing,diminishing,33.0,0.003248929977416992,7.566543314719107,1.192543710126083,18.0,0.2522181104906369
0.0,FW_diminishing,diminishing,34.0,0.003300905227661133,7.55848858960366,1.3392434002009033,19.0,0.2519496196534553
0.0,FW_diminishing,diminishing,35.0,0.0033538341522216797,7.5494636232567025,1.1068485617194668,19.0,0.25164878744189006
0.0,FW_diminishing,diminishing,36.0,0.0034050941467285156,7.518356352858386,1.6563061312315286,19.0,0.2506118784286129
0.0,FW_diminishing,diminishing,37.0,0.0034580230712890625,7.521538499423461,1.0159607943634557,19.0,0.25071794998078206
0.0,FW_diminishing,diminishing,38.0,0.003512144088745117,7.515726907810746,1.037847464959425,19.0,0.2505242302603582
0.0,FW_diminishing,diminishing,39.0,0.003564119338989258,7.499988127905912,1.1763096940842832,19.0,0.24999960426353038
0.0,FW_diminishing,diminishing,40.0,0.0036160945892333984,7.486584165797591,1.414318268300077,19.0,0.24955280552658637
0.0,FW_diminishing,diminishing,41.0,0.0036668777465820312,7.474472085039962,1.2275006434327063,19.0,0.24914906950133206
0.0,FW_diminishing,diminishing,42.0,0.003718852996826172,7.481074428945241,0.6271208167739282,19.0,0.24936914763150803
0.0,FW_diminishing,diminishing,43.0,0.0037720203399658203,7.475634643275928,1.0603004347021212,19.0,0.24918782144253093
0.0,FW_diminishing,diminishing,44.0,0.003824949264526367,7.463122236924846,1.2212444771443591,19.0,0.2487707412308282
0.0,FW_diminishing,diminishing,45.0,0.003876924514770508,7.466924455272417,0.5900322458291933,19.0,0.2488974818424139
0.0,FW_diminishing,diminishing,46.0,0.003928184509277344,7.463099004041171,0.8076556148423908,19.0,0.24876996680137237
0.0,FW_diminishing,diminishing,47.0,0.003980159759521484,7.453433419429713,1.2005903984307942,19.0,0.2484477806476571
0.0,FW_diminishing,diminishing,48.0,0.0040318965911865234,7.4527182899268345,0.7462302586848315,19.0,0.24842394299756115
0.0,FW_diminishing,diminishing,49.0,0.004083871841430664,7.455896942916887,0.8468963557713547,19.0,0.24852989809722956
0.0,FW_diminishing,diminishing,50.0,0.004135847091674805,7.447283297622306,0.8882588385467249,19.0,0.2482427765874102
0.0,FW_diminishing,diminishing,51.0,0.004187822341918945,7.446485321895031,0.7547586089603637,19.0,0.248216177396501
0.0,FW_diminishing,diminishing,52.0,0.004240989685058594,7.442757334199953,0.6965323291670718,19.0,0.24809191113999846
0.0,FW_diminishing,diminishing,53.0,0.004292964935302734,7.4377392558945,0.8075722071617131,19.0,0.24792464186315
0.0,FW_diminishing,diminishing,54.0,0.004345893859863281,7.423879154273087,1.0638190966354566,19.0,0.24746263847576958
0.0,FW_diminishing,diminishing,55.0,0.004397153854370117,7.416926047515142,0.9362699669025645,19.0,0.24723086825050475
0.0,FW_diminishing,diminishing,56.0,0.0044460296630859375,7.418315311720784,0.5447945158210157,19.0,0.24727717705735947
0.0,FW_diminishing,diminishing,57.0,0.004498958587646484,7.42535467083868,0.5730136357918356,19.0,0.24751182236128935
0.0,FW_diminishing,diminishing,58.0,0.004551887512207031,7.424851531947592,0.6187404834382173,19.0,0.24749505106491973
0.0,FW_diminishing,diminishing,59.0,0.004601955413818359,7.4115613566958585,1.0420009855926535,19.0,0.2470520452231953
0.0,FW_diminishing,diminishing,60.0,0.0046541690826416016,7.420560216277319,0.3821392288490957,19.0,0.24735200720924397
0.0,FW_diminishing,diminishing,61.0,0.004706144332885742,7.412702729153629,0.7939532809722021,19.0,0.24709009097178763
0.0,FW_diminishing,diminishing,62.0,0.004758119583129883,7.408428567326092,0.7963867471927362,19.0,0.24694761891086972
0.0,FW_diminishing,diminishing,63.0,0.0048100948333740234,7.409982845358582,0.5714731202162016,19.0,0.2469994281786194
0.0,FW_diminishing,diminishing,64.0,0.004862070083618164,7.4153928458294365,0.4009930004221882,19.0,0.2471797615276479
0.0,FW_diminishing,diminishing,65.0,0.004914045333862305,7.406068613294391,0.8273314093561677,19.0,0.2468689537764797
0.0,FW_diminishing,diminishing,66.0,0.0049648284912109375,7.405722511703297,0.5427281368052732,19.0,0.24685741705677658
0.0,FW_diminishing,diminishing,67.0,0.0050160884857177734,7.406025018381888,0.5897869013151658,19.0,0.24686750061272958
0.0,FW_diminishing,diminishing,68.0,0.00506591796875,7.408550651735874,0.5698611860918525,19.0,0.2469516883911958
0.0,FW_diminishing,diminishing,69.0,0.005117893218994141,7.397585727999719,0.8767982079478962,19.0,0.24658619093332396
0.0,FW_diminishing,diminishing,70.0,0.005169868469238281,7.394054881717747,0.5719146829703634,19.0,0.24646849605725824
0.0,FW_diminishing,diminishing,71.0,0.005221843719482422,7.397724784184671,0.3665141619884018,19.0,0.24659082613948904
0.0,FW_diminishing,diminishing,72.0,0.005272865295410156,7.392674291344874,0.6487762111373403,19.0,0.24642247637816247
0.0,FW_diminishing,diminishing,73.0,0.005324125289916992,7.389910101396111,0.7332346832112577,19.0,0.24633033671320367
0.0,FW_diminishing,diminishing,74.0,0.005374908447265625,7.396771379257257,0.20590292853179282,19.0,0.2465590459752419
0.0,FW_diminishing,diminishing,75.0,0.005425930023193359,7.40199372485234,0.4548879572290012,20.0,0.24673312416174467
0.0,FW_diminishing,diminishing,76.0,0.005476951599121094,7.400579419252109,0.4891765468564726,20.0,0.24668598064173697
0.0,FW_diminishing,diminishing,77.0,0.005527973175048828,7.390427323101962,0.897986440796056,20.0,0.24634757743673205
0.0,FW_diminishing,diminishing,78.0,0.0055789947509765625,7.397052603919727,0.24442988842121416,20.0,0.24656842013065758
0.0,FW_diminishing,diminishing,79.0,0.005630016326904297,7.395576521345769,0.5790314641952072,20.0,0.24651921737819232
0.0,FW_diminishing,diminishing,80.0,0.00568079948425293,7.391820352202434,0.5689521874012753,20.0,0.24639401174008116
0.0,FW_diminishing,diminishing,81.0,0.005730152130126953,7.389184919474909,0.6672162930102425,20.0,0.24630616398249697
0.0,FW_diminishing,diminishing,82.0,0.005780935287475586,7.390888636106985,0.3035141900505023,20.0,0.24636295453689952
0.0,FW_diminishing,diminishing,83.0,0.005834102630615234,7.388433253242473,0.5032214542257147,20.0,0.24628110844141576
0.0,FW_diminishing,diminishing,84.0,0.005884885787963867,7.386657769855044,0.5244686881367633,20.0,0.24622192566183482
0.0,FW_diminishing,diminishing,85.0,0.005937814712524414,7.389264463371325,0.296396002647759,20.0,0.24630881544571084
0.0,FW_diminishing,diminishing,86.0,0.005989789962768555,7.388646224140824,0.5240172946692603,21.0,0.2462882074713608
0.0,FW_diminishing,diminishing,87.0,0.006041765213012695,7.389784084092282,0.3714667054251457,21.0,0.2463261361364094
0.0,FW_diminishing,diminishing,88.0,0.006093025207519531,7.393348181200507,0.20982870361818762,21.0,0.2464449393733502
0.0,FW_diminishing,diminishing,89.0,0.006148815155029297,7.392272676839199,0.5024012809606484,21.0,0.2464090892279733
0.0,FW_diminishing,diminishing,90.0,0.006200075149536133,7.3883181655936925,0.5837779625003607,21.0,0.24627727218645643
0.0,FW_diminishing,diminishing,91.0,0.006249904632568359,7.389231624410144,0.4508079497291133,21.0,0.24630772081367144
0.0,FW_diminishing,diminishing,92.0,0.00630497932434082,7.386008266590593,0.5124067279658444,21.0,0.24620027555301977
0.0,FW_diminishing,diminishing,93.0,0.006356954574584961,7.386733441636857,0.43028259868958507,21.0,0.24622444805456192
0.0,FW_diminishing,diminishing,94.0,0.006407976150512695,7.389963427633808,0.26006206058173564,21.0,0.24633211425446028
0.0,FW_diminishing,diminishing,95.0,0.00645899772644043,7.391595300602791,0.2881572014660687,21.0,0.24638651002009304
0.0,FW_diminishing,diminishing,96.0,0.00651097297668457,7.3918308571228035,0.40763491197498336,21.0,0.24639436190409345
0.0,FW_diminishing,diminishing,97.0,0.006561994552612305,7.38673099899695,0.5967760866639535,21.0,0.24622436663323166
0.0,FW_diminishing,diminishing,98.0,0.006613016128540039,7.384528196688526,0.4949698804835183,21.0,0.24615093988961753
0.0,FW_diminishing,diminishing,99.0,0.00666499137878418,7.385205617797247,0.2975236829948473,21.0,0.24617352059324157
0.0,FW_diminishing,diminishing,100.0,0.006716012954711914,7.382966560370232,0.566275779080101,21.0,0.2460988853456744
0.0,FW_diminishing,diminishing,101.0,0.006766796112060547,7.38162519372247,0.3765009105284527,21.0,0.24605417312408231
0.0,FW_diminishing,diminishing,102.0,0.006819009780883789,7.383624064655455,0.29288976439633796,21.0,0.24612080215518184
0.0,FW_diminishing,diminishing,103.0,0.0068700313568115234,7.381190015085492,0.4732761974377695,21.0,0.2460396671695164
0.0,FW_diminishing,diminishing,104.0,0.006921052932739258,7.38117283929553,0.38828267420897067,21.0,0.24603909464318435
0.0,FW_diminishing,diminishing,105.0,0.006971836090087891,7.380783949558738,0.3551986761600521,21.0,0.24602613165195794
0.0,FW_diminishing,diminishing,106.0,0.007023811340332031,7.381249036580971,0.3219569315588968,21.0,0.24604163455269903
0.0,FW_diminishing,diminishing,107.0,0.007075071334838867,7.383051232107592,0.32039225989924347,21.0,0.24610170773691972
0.0,FW_diminishing,diminishing,108.0,0.007127046585083008,7.377845817812637,0.5963494573625798,21.0,0.2459281939270879
0.0,FW_diminishing,diminishing,109.0,0.007178068161010742,7.379421646626554,0.23968335177953204,21.0,0.24598072155421846
0.0,FW_diminishing,diminishing,110.0,0.007230043411254883,7.380863939668425,0.2840216300730454,21.0,0.24602879798894747
0.0,FW_diminishing,diminishing,111.0,0.007280826568603516,7.3775196504607985,0.488909675149964,21.0,0.24591732168202662
0.0,FW_diminishing,diminishing,112.0,0.007332801818847656,7.376156073748887,0.41403554389592667,21.0,0.2458718691249629
0.0,FW_diminishing,diminishing,113.0,0.007384061813354492,7.377169739143739,0.23207002481358163,21.0,0.24590565797145797
0.0,FW_diminishing,diminishing,114.0,0.0074350833892822266,7.37618317663072,0.42944123494821884,21.0,0.24587277255435733
0.0,FW_diminishing,diminishing,115.0,0.007487058639526367,7.374837879623424,0.38510892513310946,21.0,0.24582792932078082
0.0,FW_diminishing,diminishing,116.0,0.007537841796875,7.376882867500383,0.2719854729963638,21.0,0.2458960955833461
0.0,FW_diminishing,diminishing,117.0,0.007591962814331055,7.376732045061961,0.29054034115514327,21.0,0.24589106816873202
0.0,FW_diminishing,diminishing,118.0,0.007641792297363281,7.376441525823786,0.3214181763768549,21.0,0.2458813841941262
0.0,FW_diminishing,diminishing,119.0,0.0076940059661865234,7.377165706344687,0.2861246176219421,21.0,0.24590552354482292
0.0,FW_diminishing,diminishing,120.0,0.007745027542114258,7.378097956992565,0.3171522639507085,21.0,0.24593659856641883
0.0,FW_diminishing,diminishing,121.0,0.007796049118041992,7.376427959752314,0.3764924428493357,21.0,0.2458809319917438
0.0,FW_diminishing,diminishing,122.0,0.007846832275390625,7.37549844404975,0.3888569291943291,21.0,0.24584994813499167
0.0,FW_diminishing,diminishing,123.0,0.007898807525634766,7.373590651432329,0.4520449861542728,21.0,0.2457863550477443
0.0,FW_diminishing,diminishing,124.0,0.007950067520141602,7.374136470779152,0.23063864594313976,21.0,0.24580454902597174
0.0,FW_diminishing,diminishing,125.0,0.008001089096069336,7.373819778320822,0.3205775370552102,21.0,0.24579399261069407
0.0,FW_diminishing,diminishing,126.0,0.008051872253417969,7.373290998285226,0.2798521602858539,21.0,0.24577636660950752
0.0,FW_diminishing,diminishing,127.0,0.008102893829345703,7.373469111097384,0.26459399785029447,21.0,0.24578230370324614
0.0,FW_diminishing,diminishing,128.0,0.008154869079589844,7.373205272019798,0.2746999168618709,21.0,0.24577350906732662
0.0,FW_diminishing,diminishing,129.0,0.008206844329833984,7.371800417547715,0.44231283458870774,21.0,0.24572668058492383
0.0,FW_diminishing,diminishing,130.0,0.008257150650024414,7.370697698997092,0.3839274441372549,21.0,0.24568992329990308
0.0,FW_diminishing,diminishing,131.0,0.008307933807373047,7.370541903554984,0.261951334081175,21.0,0.24568473011849948
0.0,FW_diminishing,diminishing,132.0,0.008359909057617188,7.36996987023919,0.31815167772786523,21.0,0.24566566234130635
0.0,FW_diminishing,diminishing,133.0,0.008411884307861328,7.369297065493266,0.3099473750668924,21.0,0.2456432355164422
0.0,FW_diminishing,diminishing,134.0,0.008464813232421875,7.369792674121978,0.24585459711900715,21.0,0.24565975580406593
0.0,FW_diminishing,diminishing,135.0,0.00851583480834961,7.370655215629113,0.18403689817004487,21.0,0.2456885071876371
0.0,FW_diminishing,diminishing,136.0,0.008568048477172852,7.371854139839895,0.2811346786837703,21.0,0.2457284713279965
0.0,FW_diminishing,diminishing,137.0,0.008619070053100586,7.372610683804754,0.2751686945698344,21.0,0.24575368946015846
0.0,FW_diminishing,diminishing,138.0,0.008671045303344727,7.372797684826161,0.24097228985320385,21.0,0.24575992282753872
0.0,FW_diminishing,diminishing,139.0,0.008723020553588867,7.372361247147755,0.3211517836866138,21.0,0.24574537490492518
0.0,FW_diminishing,diminishing,140.0,0.0087738037109375,7.3703710838185685,0.3785656540390008,21.0,0.24567903612728562
0.0,FW_diminishing,diminishing,141.0,0.008826971054077148,7.370297452481269,0.29404256597181533,21.0,0.24567658174937565
0.0,FW_diminishing,diminishing,142.0,0.008877992630004883,7.370664487772559,0.25040182568216274,21.0,0.24568881625908529
0.0,FW_diminishing,diminishing,143.0,0.008928060531616211,7.372506510116097,0.14644542446098274,21.0,0.24575021700386993
0.0,FW_diminishing,diminishing,144.0,0.008980035781860352,7.37107951787233,0.3343260950605593,21.0,0.24570265059574434
0.0,FW_diminishing,diminishing,145.0,0.009029865264892578,7.370954275480458,0.3197340330725478,21.0,0.24569847584934862
0.0,FW_diminishing,diminishing,146.0,0.009081840515136719,7.370449040850447,0.2834280240043583,21.0,0.24568163469501492
0.0,FW_diminishing,diminishing,147.0,0.009133100509643555,7.369161484401873,0.3212973445618603,21.0,0.2456387161467291
0.0,FW_diminishing,diminishing,148.0,0.009185075759887695,7.368340408673069,0.271459626225071,21.0,0.24561134695576894
0.0,FW_diminishing,diminishing,149.0,0.00923609733581543,7.368064906179054,0.2729576114693648,21.0,0.2456021635393018
0.0,FW_diminishing,diminishing,150.0,0.009286880493164062,7.367021261707583,0.2999942566464675,21.0,0.24556737539025278
0.0,FW_diminishing,diminishing,151.0,0.009337902069091797,7.3680199088580585,0.15502847205946235,21.0,0.24560066362860195
0.0,FW_diminishing,diminishing,152.0,0.009389162063598633,7.367560668981182,0.33715015045071794,21.0,0.24558535563270606
0.0,FW_diminishing,diminishing,153.0,0.009441137313842773,7.36825233371273,0.14793138415263485,21.0,0.24560841112375767
0.0,FW_diminishing,diminishing,154.0,0.009491920471191406,7.367608462941136,0.2647870276379134,21.0,0.24558694876470452
0.0,FW_diminishing,diminishing,155.0,0.00954294204711914,7.367693055899026,0.2533516240291389,21.0,0.24558976852996753
0.0,FW_diminishing,diminishing,156.0,0.009593963623046875,7.3677839505465625,0.25529082623740784,21.0,0.2455927983515521
0.0,FW_diminishing,diminishing,157.0,0.009643077850341797,7.369294241435988,0.1651210988497569,21.0,0.24564314138119958
0.0,FW_diminishing,diminishing,158.0,0.00969386100769043,7.368037508873443,0.31029541577583863,21.0,0.24560125029578145
0.0,FW_diminishing,diminishing,159.0,0.00974583625793457,7.367974913228848,0.2411427331906948,21.0,0.24559916377429494
0.0,FW_diminishing,diminishing,160.0,0.009796857833862305,7.368466990868206,0.19005248467432345,21.0,0.24561556636227352
0.0,FW_diminishing,diminishing,161.0,0.009849071502685547,7.368080311903762,0.24988764036351352,21.0,0.24560267706345876
0.0,FW_diminishing,diminishing,162.0,0.009901046752929688,7.367659646751817,0.23827180070652787,21.0,0.24558865489172724
0.0,FW_diminishing,diminishing,163.0,0.009949922561645508,7.366214683056506,0.36798486852046874,21.0,0.24554048943521686
0.0,FW_diminishing,diminishing,164.0,0.010001897811889648,7.366467330475165,0.22703960281136215,21.0,0.2455489110158388
0.0,FW_diminishing,diminishing,165.0,0.010052919387817383,7.367232875022597,0.13497585922584143,21.0,0.2455744291674199
0.0,FW_diminishing,diminishing,166.0,0.010105133056640625,7.366427851868568,0.33961706872228525,21.0,0.2455475950622856
0.0,FW_diminishing,diminishing,167.0,0.010157108306884766,7.366776197513135,0.2059620980294392,21.0,0.24555920658377117
0.0,FW_diminishing,diminishing,168.0,0.0102081298828125,7.367078147989952,0.21399135580303064,21.0,0.24556927159966507
0.0,FW_diminishing,diminishing,169.0,0.010258913040161133,7.366822837515718,0.2297669696430802,21.0,0.24556076125052392
0.0,FW_diminishing,diminishing,170.0,0.010308980941772461,7.366250312767372,0.24361310457282936,21.0,0.24554167709224572
0.0,FW_diminishing,diminishing,171.0,0.010360002517700195,7.3661810121359546,0.22556168079870176,21.0,0.24553936707119847
0.0,FW_diminishing,diminishing,172.0,0.010413169860839844,7.366196564809404,0.1785432982912214,21.0,0.2455398854936468
0.0,FW_diminishing,diminishing,173.0,0.01046609878540039,7.365756057224043,0.22943333321471915,21.0,0.2455252019074681
0.0,FW_diminishing,diminishing,174.0,0.010518074035644531,7.365990349684809,0.18522319908567475,21.0,0.24553301165616032
0.0,FW_diminishing,diminishing,175.0,0.010568857192993164,7.365409760162695,0.3137134862628512,21.0,0.24551365867208982
0.0,FW_diminishing,diminishing,176.0,0.010619878768920898,7.365596488185231,0.17039842341809663,21.0,0.2455198829395077
0.0,FW_diminishing,diminishing,177.0,0.010670900344848633,7.366258022520043,0.19446954023195495,21.0,0.24554193408400143
0.0,FW_diminishing,diminishing,178.0,0.010723114013671875,7.366804099336388,0.17678833758449652,21.0,0.24556013664454626
0.0,FW_diminishing,diminishing,179.0,0.010775089263916016,7.366358164411166,0.2682621743318352,21.0,0.2455452721470389
0.0,FW_diminishing,diminishing,180.0,0.010827064514160156,7.365229032982908,0.28692803200491745,21.0,0.2455076344327636
0.0,FW_diminishing,diminishing,181.0,0.010877847671508789,7.364709881031866,0.2190040192227931,21.0,0.24549032936772885
0.0,FW_diminishing,diminishing,182.0,0.010931015014648438,7.36523045338133,0.14445241144690169,21.0,0.24550768177937768
0.0,FW_diminishing,diminishing,183.0,0.01098179817199707,7.365531313683465,0.17334676137144278,21.0,0.2455177104561155
0.0,FW_diminishing,diminishing,184.0,0.011033773422241211,7.365807546134271,0.15309649898624844,21.0,0.24552691820447572
0.0,FW_diminishing,diminishing,185.0,0.01108407974243164,7.365040150950572,0.27541840400224693,21.0,0.24550133836501906
0.0,FW_diminishing,diminishing,186.0,0.011132955551147461,7.365457953725066,0.17706340659743347,21.0,0.24551526512416888
0.0,FW_diminishing,diminishing,187.0,0.011192083358764648,7.36564793026366,0.15804863903669641,21.0,0.24552159767545534
0.0,FW_diminishing,diminishing,188.0,0.011244058609008789,7.364538749595422,0.3459565298375491,21.0,0.24548462498651405
0.0,FW_diminishing,diminishing,189.0,0.011295080184936523,7.363680540987848,0.2725616243122042,21.0,0.24545601803292827
0.0,FW_diminishing,diminishing,190.0,0.011347055435180664,7.363902698811597,0.15187849097658024,21.0,0.24546342329371992
0.0,FW_diminishing,diminishing,191.0,0.011397838592529297,7.364312426275088,0.18175012111723987,21.0,0.24547708087583628
0.0,FW_diminishing,diminishing,192.0,0.011449098587036133,7.364407774984828,0.17348495054536173,21.0,0.24548025916616095
0.0,FW_diminishing,diminishing,193.0,0.011500120162963867,7.364369724740685,0.22510263567133304,21.0,0.24547899082468952
0.0,FW_diminishing,diminishing,194.0,0.011553049087524414,7.365301621732607,0.11069308856480742,21.0,0.24551005405775359
0.0,FW_diminishing,diminishing,195.0,0.011604070663452148,7.366003132335296,0.12268427184607411,21.0,0.24553343774450986
0.0,FW_diminishing,diminishing,196.0,0.011656045913696289,7.365353636651864,0.23305354845332005,21.0,0.24551178788839548
0.0,FW_diminishing,diminishing,197.0,0.011708974838256836,7.365857085251935,0.1779247265444157,21.0,0.24552856950839785
0.0,FW_diminishing,diminishing,198.0,0.011758804321289062,7.3655797607670195,0.20528678234820052,21.0,0.24551932535890064
0.0,FW_diminishing,diminishing,199.0,0.011811017990112305,7.364683906772256,0.2935317771837962,21.0,0.2454894635590752
0.0,FW_diminishing,diminishing,200.0,0.011862039566040039,7.363717108416703,0.2633716980567087,21.0,0.2454572369472234
0.0,FW_diminishing,diminishing,201.0,0.011925935745239258,7.364179912304794,0.1551473802610266,21.0,0.24547266374349314
0.0,FW_diminishing,diminishing,202.0,0.011976003646850586,7.364748128562184,0.14106673688869265,21.0,0.24549160428540612
0.0,FW_diminishing,diminishing,203.0,0.012026786804199219,7.364570357568516,0.18071430602079808,21.0,0.24548567858561718
0.0,FW_diminishing,diminishing,204.0,0.012077093124389648,7.364069330261235,0.2038181489792601,21.0,0.2454689776753745
0.0,FW_diminishing,diminishing,205.0,0.012128114700317383,7.36431525735996,0.19391906644471035,21.0,0.24547717524533202
0.0,FW_diminishing,diminishing,206.0,0.012178897857666016,7.364283472707983,0.1632913711247932,21.0,0.2454761157569328
0.0,FW_diminishing,diminishing,207.0,0.012232065200805664,7.363488402064985,0.2571267817425973,21.0,0.24544961340216617
0.0,FW_diminishing,diminishing,208.0,0.012283802032470703,7.36352008401553,0.17392224204040474,21.0,0.24545066946718433
0.0,FW_diminishing,diminishing,209.0,0.012334823608398438,7.364131740986806,0.11446731371348129,21.0,0.2454710580328935
0.0,FW_diminishing,diminishing,210.0,0.01238703727722168,7.363629154362277,0.2106902405683213,21.0,0.24545430514540925
0.0,FW_diminishing,diminishing,211.0,0.01243901252746582,7.363523679226157,0.17771279523092343,21.0,0.24545078930753855
0.0,FW_diminishing,diminishing,212.0,0.012490987777709961,7.362921311329863,0.25525121363578673,21.0,0.24543071037766212
0.0,FW_diminishing,diminishing,213.0,0.012542009353637695,7.363587170038793,0.11261771839958445,21.0,0.24545290566795977
0.0,FW_diminishing,diminishing,214.0,0.012594938278198242,7.363897208409482,0.12018382207175993,21.0,0.24546324028031608
0.0,FW_diminishing,diminishing,215.0,0.012645959854125977,7.363204411104755,0.28527527503548455,21.0,0.24544014703682518
0.0,FW_diminishing,diminishing,216.0,0.012697935104370117,7.3632746877613116,0.18079434086169766,21.0,0.2454424895920437
0.0,FW_diminishing,diminishing,217.0,0.012748956680297852,7.363677390250552,0.1413075029546489,21.0,0.24545591300835173
0.0,FW_diminishing,diminishing,218.0,0.012799978256225586,7.363088671563883,0.2165079119805844,21.0,0.24543628905212944
0.0,FW_diminishing,diminishing,219.0,0.01285099983215332,7.363073421915925,0.1620010687760738,21.0,0.24543578073053085
0.0,FW_diminishing,diminishing,220.0,0.012902975082397461,7.363013432448768,0.21495140832762605,21.0,0.24543378108162558
0.0,FW_diminishing,diminishing,221.0,0.012956857681274414,7.362955121473434,0.14661127639069615,21.0,0.2454318373824478
0.0,FW_diminishing,diminishing,222.0,0.013007879257202148,7.362573252849339,0.19159232960917727,21.0,0.2454191084283113
0.0,FW_diminishing,diminishing,223.0,0.013059139251708984,7.363087167418994,0.14357310922939703,21.0,0.2454362389139665
0.0,FW_diminishing,diminishing,224.0,0.013111114501953125,7.363284377968108,0.13761845111466364,21.0,0.2454428125989369
0.0,FW_diminishing,diminishing,225.0,0.013161897659301758,7.362915666592171,0.18867636828551326,21.0,0.24543052221973902
0.0,FW_diminishing,diminishing,226.0,0.013212919235229492,7.36267170852453,0.19416648453183694,21.0,0.245422390284151
0.0,FW_diminishing,diminishing,227.0,0.013264894485473633,7.3630991978988485,0.16941609916749378,21.0,0.24543663992996162
0.0,FW_diminishing,diminishing,228.0,0.013315916061401367,7.3630244681114725,0.15319952568049633,21.0,0.2454341489370491
0.0,FW_diminishing,diminishing,229.0,0.01336812973022461,7.362768629906696,0.18310851381421944,21.0,0.24542562099688986
0.0,FW_diminishing,diminishing,230.0,0.013418912887573242,7.361847889173242,0.2830466170382282,21.0,0.24539492963910806
0.0,FW_diminishing,diminishing,231.0,0.013470888137817383,7.362624032707659,0.06844011346193479,21.0,0.2454208010902553
0.0,FW_diminishing,diminishing,232.0,0.013524055480957031,7.36296907160781,0.11060467372115035,21.0,0.245432302386927
0.0,FW_diminishing,diminishing,233.0,0.013579130172729492,7.363294019842624,0.12260913075657065,21.0,0.24544313399475415
0.0,FW_diminishing,diminishing,234.0,0.013631105422973633,7.362269434085084,0.2627571090220604,21.0,0.24540898113616946
0.0,FW_diminishing,diminishing,235.0,0.013682842254638672,7.362597250172908,0.15242264945362471,21.0,0.24541990833909694
0.0,FW_diminishing,diminishing,236.0,0.013733863830566406,7.362611613120028,0.13791146392471632,21.0,0.24542038710400094
0.0,FW_diminishing,diminishing,237.0,0.01378488540649414,7.362311380835749,0.20631580375045377,21.0,0.24541037936119162
0.0,FW_diminishing,diminishing,238.0,0.013837099075317383,7.362255696066762,0.17784453338895823,21.0,0.2454085232022254
0.0,FW_diminishing,diminishing,239.0,0.013889074325561523,7.3619436891408,0.16742080101392443,21.0,0.24539812297136
0.0,FW_diminishing,diminishing,240.0,0.013941049575805664,7.361639259155061,0.1744563284957783,21.0,0.2453879753051687
0.0,FW_diminishing,diminishing,241.0,0.013993024826049805,7.36206494388829,0.13468466798272427,21.0,0.24540216479627636
0.0,FW_diminishing,diminishing,242.0,0.014045000076293945,7.362637728096912,0.09226572661913668,21.0,0.24542125760323039
0.0,FW_diminishing,diminishing,243.0,0.014096975326538086,7.362625358803206,0.14599985740032917,21.0,0.24542084529344022
0.0,FW_diminishing,diminishing,244.0,0.014150857925415039,7.362414795809707,0.19136577417875422,21.0,0.24541382652699023
0.0,FW_diminishing,diminishing,245.0,0.01420283317565918,7.361502892421555,0.24804659055968514,21.0,0.24538342974738517
0.0,FW_diminishing,diminishing,246.0,0.01425480842590332,7.361790163489765,0.11670460597104171,21.0,0.24539300544965884
0.0,FW_diminishing,diminishing,247.0,0.014307022094726562,7.3617771864860675,0.13505182449793018,21.0,0.24539257288286892
0.0,FW_diminishing,diminishing,248.0,0.014360189437866211,7.36125843564959,0.2099858050592056,21.0,0.24537528118831967
0.0,FW_diminishing,diminishing,249.0,0.01441192626953125,7.361722888758559,0.12523764737302123,21.0,0.2453907629586186
0.0,FW_diminishing,diminishing,250.0,0.01446390151977539,7.361729635718844,0.1229582817619761,21.0,0.2453909878572948
0.0,FW_diminishing,diminishing,251.0,0.014514923095703125,7.361217665731585,0.19657757593905423,21.0,0.24537392219105283
0.0,FW_diminishing,diminishing,252.0,0.014566898345947266,7.361549973041261,0.0997899438919978,21.0,0.24538499910137537
0.0,FW_diminishing,diminishing,253.0,0.014618873596191406,7.361744466053352,0.13439023936036776,21.0,0.2453914822017784
0.0,FW_diminishing,diminishing,254.0,0.014670848846435547,7.361528667018865,0.15758622521615706,21.0,0.24538428890062883
0.0,FW_diminishing,diminishing,255.0,0.014723062515258789,7.361445597369891,0.18733603410485244,21.0,0.2453815199123297
0.0,FW_diminishing,diminishing,256.0,0.01477503776550293,7.361655174697197,0.131835377184915,21.0,0.2453885058232399
0.0,FW_diminishing,diminishing,257.0,0.01482701301574707,7.361650889969439,0.1287917857465164,21.0,0.24538836299898129
0.0,FW_diminishing,diminishing,258.0,0.014878988265991211,7.361700950029698,0.1575880459613863,21.0,0.2453900316676566
0.0,FW_diminishing,diminishing,259.0,0.014930963516235352,7.361922492286693,0.10641994375580843,21.0,0.24539741640955642
0.0,FW_diminishing,diminishing,260.0,0.014982938766479492,7.361942326508693,0.15247188233798514,21.0,0.24539807755028978
0.0,FW_diminishing,diminishing,261.0,0.015034914016723633,7.361716620740846,0.15617288831389242,21.0,0.24539055402469487
0.0,FW_diminishing,diminishing,262.0,0.015086889266967773,7.361783442196963,0.1629709353590547,21.0,0.24539278140656542
0.0,FW_diminishing,diminishing,263.0,0.015139102935791016,7.361464254656718,0.18283382426008643,21.0,0.24538214182189058
0.0,FW_diminishing,diminishing,264.0,0.015191078186035156,7.3616756213021475,0.10466420335555959,21.0,0.24538918737673826
0.0,FW_diminishing,diminishing,265.0,0.01524209976196289,7.361757826776117,0.13061499805194732,21.0,0.2453919275592039
0.0,FW_diminishing,diminishing,266.0,0.015295028686523438,7.360782256903298,0.2556023947143071,21.0,0.24535940856344327
0.0,FW_diminishing,diminishing,267.0,0.015347003936767578,7.360940150743391,0.12610049983748084,21.0,0.24536467169144638
0.0,FW_diminishing,diminishing,268.0,0.015398979187011719,7.361242278848068,0.109376249414054,21.0,0.24537474262826894
0.0,FW_diminishing,diminishing,269.0,0.01545095443725586,7.361018132456917,0.15311290101656194,21.0,0.24536727108189724
0.0,FW_diminishing,diminishing,270.0,0.0155029296875,7.360898000864999,0.16729545164729842,21.0,0.2453632666955
0.0,FW_diminishing,diminishing,271.0,0.015555143356323242,7.361055159568982,0.14454677447226327,21.0,0.2453685053189661
0.0,FW_diminishing,diminishing,272.0,0.015607118606567383,7.3610207960010765,0.12590778186674534,21.0,0.24536735986670255
0.0,FW_diminishing,diminishing,273.0,0.015657901763916016,7.3613353234729315,0.10414715362048632,21.0,0.24537784411576438
0.0,FW_diminishing,diminishing,274.0,0.015706777572631836,7.361093870465761,0.16169999586616068,21.0,0.24536979568219203
0.0,FW_diminishing,diminishing,275.0,0.015758752822875977,7.361101366315775,0.1330604650152889,21.0,0.24537004554385916
0.0,FW_diminishing,diminishing,276.0,0.015810012817382812,7.361444035367919,0.08805390760050535,21.0,0.2453814678455973
0.0,FW_diminishing,diminishing,277.0,0.015861988067626953,7.360930189122346,0.19117455633571367,21.0,0.24536433963741153
0.0,FW_diminishing,diminishing,278.0,0.01591205596923828,7.360881130250185,0.13593639495748455,21.0,0.24536270434167282
0.0,FW_diminishing,diminishing,279.0,0.015962839126586914,7.3611360180153795,0.07488310762308625,21.0,0.24537120060051265
0.0,FW_diminishing,diminishing,280.0,0.016014814376831055,7.360940830547222,0.1454209265986286,21.0,0.24536469435157407
0.0,FW_diminishing,diminishing,281.0,0.016067028045654297,7.360628962980525,0.20468722961508323,21.0,0.2453542987660175
0.0,FW_diminishing,diminishing,282.0,0.016119003295898438,7.3609849167618195,0.09209617922649649,21.0,0.24536616389206065
0.0,FW_diminishing,diminishing,283.0,0.016170978546142578,7.360802829002284,0.14258712606185764,21.0,0.24536009430007613
0.0,FW_diminishing,diminishing,284.0,0.01622295379638672,7.360764166508433,0.12919584645297189,21.0,0.2453588055502811
0.0,FW_diminishing,diminishing,285.0,0.01627492904663086,7.36066076822145,0.17569850752094318,21.0,0.245355358940715
0.0,FW_diminishing,diminishing,286.0,0.016327857971191406,7.360911692771244,0.10131262792445117,21.0,0.24536372309237478
0.0,FW_diminishing,diminishing,287.0,0.016379833221435547,7.361048462704955,0.12200172877779814,21.0,0.24536828209016515
0.0,FW_diminishing,diminishing,288.0,0.016431808471679688,7.360800413304648,0.1506509296263987,21.0,0.2453600137768216
0.0,FW_diminishing,diminishing,289.0,0.016483783721923828,7.360899001358294,0.11546930945054257,21.0,0.24536330004527646
0.0,FW_diminishing,diminishing,290.0,0.01653599739074707,7.361236507658232,0.057127169377323206,21.0,0.24537455025527438
0.0,FW_diminishing,diminishing,291.0,0.016591787338256836,7.3610264770633,0.14423392656963685,21.0,0.24536754923544332
0.0,FW_diminishing,diminishing,292.0,0.016643047332763672,7.360958873376801,0.16421251910027923,21.0,0.2453652957792267
0.0,FW_diminishing,diminishing,293.0,0.016695022583007812,7.360928482473517,0.12434291402545128,21.0,0.24536428274911723
0.0,FW_diminishing,diminishing,294.0,0.016754865646362305,7.360505846626161,0.20013693468008764,21.0,0.2453501948875387
0.0,FW_diminishing,diminishing,295.0,0.016809940338134766,7.360138492751956,0.16664418517476154,21.0,0.24533794975839854
0.0,FW_diminishing,diminishing,296.0,0.01686406135559082,7.360362890558968,0.08751716883545768,21.0,0.24534542968529893
0.0,FW_diminishing,diminishing,297.0,0.016926050186157227,7.360721458655627,0.11327570397799569,21.0,0.24535738195518758
0.0,FW_diminishing,diminishing,298.0,0.016975879669189453,7.360757513102498,0.10515165888713973,21.0,0.24535858377008327
0.0,FW_diminishing,diminishing,299.0,0.01702594757080078,7.360362307448091,0.18544480757373627,21.0,0.2453454102482697
0.0,FW_diminishing,diminishing,300.0,0.017076969146728516,7.360792535321204,0.06902436158436043,21.0,0.24535975117737346
0.0,FW_diminishing,diminishing,301.0,0.017128944396972656,7.360775090876729,0.11930631497621125,21.0,0.24535916969589094
0.0,FW_diminishing,diminishing,302.0,0.017180919647216797,7.360610828638477,0.1342641281400807,21.0,0.24535369428794923
0.0,FW_diminishing,diminishing,303.0,0.017232894897460938,7.360240682024157,0.20543113910736732,21.0,0.2453413560674719
0.0,FW_diminishing,diminishing,304.0,0.017284870147705078,7.360275869685433,0.11589964759342397,21.0,0.24534252898951442
0.0,FW_diminishing,diminishing,305.0,0.017337799072265625,7.360529554282149,0.06886483887740447,21.0,0.2453509851427383
0.0,FW_diminishing,diminishing,306.0,0.01738905906677246,7.360531964043982,0.12232398631168095,21.0,0.24535106546813273
0.0,FW_diminishing,diminishing,307.0,0.017440080642700195,7.360612760000467,0.10426959967142047,21.0,0.24535375866668221
0.0,FW_diminishing,diminishing,308.0,0.017489910125732422,7.360963002906775,0.0762885954278687,21.0,0.24536543343022585
0.0,FW_diminishing,diminishing,309.0,0.017599105834960938,7.360588524807201,0.16526572654862726,21.0,0.2453529508269067
0.0,FW_diminishing,diminishing,310.0,0.017663002014160156,7.36039062719488,0.13092948786558622,21.0,0.24534635423982934
0.0,FW_diminishing,diminishing,311.0,0.01771688461303711,7.360598976377053,0.11197347472559827,21.0,0.24535329921256846
0.0,FW_diminishing,diminishing,312.0,0.017771005630493164,7.360298110301108,0.15317302959642998,21.0,0.24534327034337028
0.0,FW_diminishing,diminishing,313.0,0.017826080322265625,7.3601303417012245,0.15671157764432397,21.0,0.24533767805670748
0.0,FW_diminishing,diminishing,314.0,0.017879009246826172,7.360588597914322,0.055564355633492823,21.0,0.24535295326381074
0.0,FW_diminishing,diminishing,315.0,0.017930984497070312,7.360459527918666,0.13205043675573336,21.0,0.2453486509306222
0.0,FW_diminishing,diminishing,316.0,0.017985105514526367,7.360451823701445,0.1258598026174571,21.0,0.2453483941233815
0.0,FW_diminishing,diminishing,317.0,0.01803898811340332,7.360102736896223,0.1599996685194114,21.0,0.24533675789654075
0.0,FW_diminishing,diminishing,318.0,0.018093109130859375,7.360146161556858,0.13461278084873118,21.0,0.2453382053852286
0.0,FW_diminishing,diminishing,319.0,0.018145084381103516,7.360359031555167,0.06893926741025957,21.0,0.2453453010518389
0.0,FW_diminishing,diminishing,320.0,0.018197059631347656,7.360377385906879,0.13246376951004812,21.0,0.2453459128635626
0.0,FW_diminishing,diminishing,321.0,0.018249034881591797,7.360735468337279,0.06743719267113946,21.0,0.24535784894457596
0.0,FW_diminishing,diminishing,322.0,0.018301010131835938,7.360897365045149,0.1008577535903381,21.0,0.24536324550150498
0.0,FW_diminishing,diminishing,323.0,0.01835179328918457,7.361253270531,0.08365059759949567,21.0,0.2453751090177
0.0,FW_diminishing,diminishing,324.0,0.018403053283691406,7.360925938770451,0.15540227137614426,21.0,0.245364197959015
0.0,FW_diminishing,diminishing,325.0,0.01845407485961914,7.360868125352219,0.10475802868435657,21.0,0.24536227084507398
0.0,FW_diminishing,diminishing,326.0,0.01850605010986328,7.360859327322654,0.10915194703314057,21.0,0.24536197757742179
0.0,FW_diminishing,diminishing,327.0,0.018556833267211914,7.360959680315041,0.09820680722996311,21.0,0.24536532267716804
0.0,FW_diminishing,diminishing,328.0,0.01860785484313965,7.360537908717813,0.17786750707130938,21.0,0.2453512636239271
0.0,FW_diminishing,diminishing,329.0,0.018660783767700195,7.360621189364885,0.09823148587736785,21.0,0.24535403964549615
0.0,FW_diminishing,diminishing,330.0,0.01871204376220703,7.36076020206818,0.11323606644127793,21.0,0.24535867340227266
0.0,FW_diminishing,diminishing,331.0,0.018764019012451172,7.360687139271766,0.11180814859947397,21.0,0.24535623797572553
0.0,FW_diminishing,diminishing,332.0,0.018815040588378906,7.360591645193331,0.12407880968762175,21.0,0.2453530548397777
0.0,FW_diminishing,diminishing,333.0,0.018867015838623047,7.3604356542189375,0.14738481927962788,21.0,0.24534785514063126
0.0,FW_diminishing,diminishing,334.0,0.018918991088867188,7.360530539298329,0.08264114702063186,21.0,0.245351017976611
0.0,FW_diminishing,diminishing,335.0,0.018970966339111328,7.360485011234106,0.11979321202270388,21.0,0.2453495003744702
0.0,FW_diminishing,diminishing,336.0,0.01902294158935547,7.360547171435642,0.09392953072172361,21.0,0.24535157238118807
0.0,FW_diminishing,diminishing,337.0,0.01907515525817871,7.360724386811727,0.11717449438248995,21.0,0.2453574795603909
0.0,FW_diminishing,diminishing,338.0,0.01912713050842285,7.360802387371379,0.08416924927048886,21.0,0.24536007957904596
0.0,FW_diminishing,diminishing,339.0,0.019179105758666992,7.360816503432207,0.13040735338925824,21.0,0.24536055011440688
0.0,FW_diminishing,diminishing,340.0,0.019231081008911133,7.360892983780192,0.07789084995088214,21.0,0.24536309945933973
0.0,FW_diminishing,diminishing,341.0,0.019281864166259766,7.361172812952934,0.07703107574328882,21.0,0.24537242709843113
0.0,FW_diminishing,diminishing,342.0,0.019333839416503906,7.360861284059335,0.15655615008089985,21.0,0.24536204280197785
0.0,FW_diminishing,diminishing,343.0,0.019385814666748047,7.361178533680072,0.06252257707723352,21.0,0.24537261778933575
0.0,FW_diminishing,diminishing,344.0,0.01946711540222168,7.360919669481422,0.14084832415823545,21.0,0.24536398898271408
0.0,FW_diminishing,diminishing,345.0,0.019528865814208984,7.360863089793475,0.12792003723332712,21.0,0.24536210299311584
0.0,FW_diminishing,diminishing,346.0,0.019582033157348633,7.360989234601189,0.09174285975639762,21.0,0.24536630782003963
0.0,FW_diminishing,diminishing,347.0,0.019634008407592773,7.361151791040427,0.07966787275570386,21.0,0.24537172636801424
0.0,FW_diminishing,diminishing,348.0,0.019685983657836914,7.360804451307287,0.1558371909413978,21.0,0.2453601483769096
0.0,FW_diminishing,diminishing,349.0,0.019737958908081055,7.36093773877836,0.1054963571458396,21.0,0.245364591292612
0.0,FW_diminishing,diminishing,350.0,0.019790172576904297,7.360931018476492,0.10150419440250591,21.0,0.24536436728254973
0.0,FW_diminishing,diminishing,351.0,0.019842147827148438,7.360988659031975,0.10465571662060658,21.0,0.24536628863439916
0.0,FW_diminishing,diminishing,352.0,0.019895076751708984,7.36053107431018,0.17508083396344887,21.0,0.24535103581033935
0.0,FW_diminishing,diminishing,353.0,0.01995086669921875,7.360396541583761,0.11170942486103463,21.0,0.24534655138612535
0.0,FW_diminishing,diminishing,354.0,0.020003795623779297,7.360587696200316,0.058884769914760327,21.0,0.2453529232066772
0.0,FW_diminishing,diminishing,355.0,0.020056724548339844,7.3604364000153595,0.12819484150302696,21.0,0.24534788000051197
0.0,FW_diminishing,diminishing,356.0,0.020349979400634766,7.3604823600643785,0.12042447068809459,21.0,0.24534941200214594
0.0,FW_diminishing,diminishing,357.0,0.020408153533935547,7.360872459988939,0.03475434127300314,21.0,0.24536241533296463
0.0,FW_diminishing,diminishing,358.0,0.020460128784179688,7.360599606323399,0.14144765358092393,21.0,0.24535332021077996
0.0,FW_diminishing,diminishing,359.0,0.020509958267211914,7.360606077452525,0.0850539957630021,21.0,0.24535353591508416
0.0,FW_diminishing,diminishing,360.0,0.02056097984313965,7.360592319381527,0.10003403208389638,21.0,0.24535307731271758
0.0,FW_diminishing,diminishing,361.0,0.020611047744750977,7.360789680149144,0.0756872144791485,21.0,0.24535965600497145
0.0,FW_diminishing,diminishing,362.0,0.02066206932067871,7.360586427498897,0.1282391977572228,21.0,0.2453528809166299
0.0,FW_diminishing,diminishing,363.0,0.02071404457092285,7.360404339124416,0.15746171184139612,21.0,0.24534681130414718
0.0,FW_diminishing,diminishing,364.0,0.020766019821166992,7.360353627573885,0.11065148272330294,21.0,0.2453451209191295
0.0,FW_diminishing,diminishing,365.0,0.020819902420043945,7.360342760638665,0.09820035189274456,21.0,0.2453447586879555
0.0,FW_diminishing,diminishing,366.0,0.02087092399597168,7.360316727667179,0.09486652027028075,21.0,0.2453438909222393
0.0,FW_diminishing,diminishing,367.0,0.02092289924621582,7.360208398613785,0.1224004398026386,21.0,0.24534027995379282
0.0,FW_diminishing,diminishing,368.0,0.020974159240722656,7.360537121815084,0.04587379381954548,21.0,0.24535123739383613
0.0,FW_diminishing,diminishing,369.0,0.02102494239807129,7.36082662220198,0.0563774112238935,21.0,0.24536088740673268
0.0,FW_diminishing,diminishing,370.0,0.02107691764831543,7.360711414676587,0.110618576290622,21.0,0.24535704715588622
0.0,FW_diminishing,diminishing,371.0,0.02112889289855957,7.360303511368237,0.18517911435117984,21.0,0.24534345037894123
0.0,FW_diminishing,diminishing,372.0,0.02118086814880371,7.360187706767243,0.14281975153160786,21.0,0.24533959022557475
0.0,FW_diminishing,diminishing,373.0,0.021241188049316406,7.3600845159877215,0.10781317331491458,21.0,0.24533615053292404
0.0,FW_diminishing,diminishing,374.0,0.021300077438354492,7.359889035904342,0.13285293446434476,21.0,0.24532963453014472
0.0,FW_diminishing,diminishing,375.0,0.021352052688598633,7.35997820583565,0.09064183974593654,21.0,0.24533260686118832
0.0,FW_diminishing,diminishing,376.0,0.021404027938842773,7.360007947360682,0.08200621524428264,21.0,0.24533359824535605
0.0,FW_diminishing,diminishing,377.0,0.02146005630493164,7.360126582904116,0.09684332219194225,21.0,0.24533755276347055
0.0,FW_diminishing,diminishing,378.0,0.021509885787963867,7.360062515526441,0.09413401376553132,21.0,0.2453354171842147
0.0,FW_diminishing,diminishing,379.0,0.021561861038208008,7.360063422381565,0.0924698214983426,21.0,0.24533544741271882
0.0,FW_diminishing,diminishing,380.0,0.021613121032714844,7.360023141609099,0.09446822697539847,21.0,0.2453341047203033
0.0,FW_diminishing,diminishing,381.0,0.021663904190063477,7.359940388439826,0.11447753880281564,21.0,0.24533134628132752
0.0,FW_diminishing,diminishing,382.0,0.021728038787841797,7.359807715937627,0.1221549414218348,21.0,0.24532692386458757
0.0,FW_diminishing,diminishing,383.0,0.021776914596557617,7.360009645221172,0.04698169168752209,21.0,0.24533365484070574
0.0,FW_diminishing,diminishing,384.0,0.021828889846801758,7.3599959236090235,0.10768098419634331,21.0,0.2453331974536341
0.0,FW_diminishing,diminishing,385.0,0.021881103515625,7.359705414515497,0.14967196559612006,21.0,0.24532351381718326
0.0,FW_diminishing,diminishing,386.0,0.021932125091552734,7.360069453468535,0.04567114379876003,21.0,0.24533564844895117
0.0,FW_diminishing,diminishing,387.0,0.021982908248901367,7.359891465403249,0.11996282811740411,21.0,0.24532971551344163
0.0,FW_diminishing,diminishing,388.0,0.022034883499145508,7.359778992039015,0.12701473397059448,21.0,0.2453259664013005
0.0,FW_diminishing,diminishing,389.0,0.022085905075073242,7.3599346478782115,0.07829069283988233,21.0,0.2453311549292737
0.0,FW_diminishing,diminishing,390.0,0.02213597297668457,7.359853289213964,0.10053888966808966,21.0,0.2453284429737988
0.0,FW_diminishing,diminishing,391.0,0.0221860408782959,7.359875409269827,0.09877076145126029,21.0,0.24532918030899423
0.0,FW_diminishing,diminishing,392.0,0.02223801612854004,7.359716391951537,0.12105832339243605,21.0,0.2453238797317179
0.0,FW_diminishing,diminishing,393.0,0.02228999137878418,7.3598685113129045,0.08638817242608265,21.0,0.24532895037709682
0.0,FW_diminishing,diminishing,394.0,0.022340774536132812,7.359809830829825,0.09533088748671226,21.0,0.24532699436099417
0.0,FW_diminishing,diminishing,395.0,0.022392988204956055,7.359808611824282,0.09994815066414198,21.0,0.24532695372747607
0.0,FW_diminishing,diminishing,396.0,0.02244400978088379,7.359760243080359,0.09834164497398135,21.0,0.24532534143601198
0.0,FW_diminishing,diminishing,397.0,0.02249598503112793,7.359733900696889,0.09985855202134264,21.0,0.24532446335656297
0.0,FW_diminishing,diminishing,398.0,0.022545814514160156,7.359773763172867,0.07480055652121287,21.0,0.24532579210576222
0.0,FW_diminishing,diminishing,399.0,0.02259683609008789,7.359790580028389,0.10947062979790179,21.0,0.24532635266761296
0.0,FW_diminishing,diminishing,400.0,0.02265191078186035,7.359875119781823,0.07512706960273086,21.0,0.2453291706593941
0.0,FW_diminishing,diminishing,401.0,0.02270793914794922,7.360049521413765,0.06624925885535138,21.0,0.24533498404712548
0.0,FW_diminishing,diminishing,402.0,0.022758960723876953,7.359976237987774,0.115193281953343,21.0,0.24533254126625914
0.0,FW_diminishing,diminishing,403.0,0.022810935974121094,7.35963954198687,0.15030376097514608,21.0,0.245321318066229
0.0,FW_diminishing,diminishing,404.0,0.02286219596862793,7.359659365725786,0.08474247126178103,21.0,0.2453219788575262
0.0,FW_diminishing,diminishing,405.0,0.02291417121887207,7.359782631512287,0.056173682739420805,21.0,0.24532608771707623
0.0,FW_diminishing,diminishing,406.0,0.022964954376220703,7.359732732101763,0.12114304158107725,21.0,0.2453244244033921
0.0,FW_diminishing,diminishing,407.0,0.023015975952148438,7.359734201095037,0.0987836652673133,21.0,0.24532447336983457
0.0,FW_diminishing,diminishing,408.0,0.023067951202392578,7.359717207168042,0.07937773740871457,21.0,0.24532390690560138
0.0,FW_diminishing,diminishing,409.0,0.02311992645263672,7.359537514983795,0.11769326329653751,21.0,0.2453179171661265
0.0,FW_diminishing,diminishing,410.0,0.023171186447143555,7.359423617106673,0.10921871457130017,21.0,0.24531412057022242
0.0,FW_diminishing,diminishing,411.0,0.023221969604492188,7.359405260202391,0.09516596329016913,21.0,0.24531350867341303
0.0,FW_diminishing,diminishing,412.0,0.023273944854736328,7.359453048354163,0.07006050442684408,21.0,0.24531510161180542
0.0,FW_diminishing,diminishing,413.0,0.023324966430664062,7.359522601095526,0.0880503175241989,21.0,0.24531742003651755
0.0,FW_diminishing,diminishing,414.0,0.023376941680908203,7.359715888019856,0.044416017358612336,21.0,0.24532386293399522
0.0,FW_diminishing,diminishing,415.0,0.023428916931152344,7.359791378834859,0.09458856213277045,21.0,0.2453263792944953
0.0,FW_diminishing,diminishing,416.0,0.02348017692565918,7.359751100903061,0.08768813772843931,21.0,0.2453250366967687
0.0,FW_diminishing,diminishing,417.0,0.023530960083007812,7.359842748723211,0.07515271552379321,21.0,0.24532809162410704
0.0,FW_diminishing,diminishing,418.0,0.023582935333251953,7.359956971462644,0.07237596517815259,21.0,0.2453318990487548
0.0,FW_diminishing,diminishing,419.0,0.023633956909179688,7.359908962525197,0.1073569509775778,21.0,0.24533029875083992
0.0,FW_diminishing,diminishing,420.0,0.023685932159423828,7.35998216747202,0.09169590382868176,21.0,0.24533273891573398
0.0,FW_diminishing,diminishing,421.0,0.023737192153930664,7.359576658094823,0.16446037224766652,21.0,0.24531922193649408
0.0,FW_diminishing,diminishing,422.0,0.023787975311279297,7.359623424767432,0.07503828057850992,21.0,0.24532078082558106
0.0,FW_diminishing,diminishing,423.0,0.023839950561523438,7.359641472144702,0.0740660443633736,21.0,0.2453213824048234
0.0,FW_diminishing,diminishing,424.0,0.023890972137451172,7.359563158313819,0.11187274057129493,21.0,0.24531877194379395
0.0,FW_diminishing,diminishing,425.0,0.023942947387695312,7.359816915594918,0.05152383632696811,21.0,0.24532723051983057
0.0,FW_diminishing,diminishing,426.0,0.023993968963623047,7.359834855875297,0.07351236474918199,21.0,0.24532782852917656
0.0,FW_diminishing,diminishing,427.0,0.02404618263244629,7.359681696869027,0.10550666118442997,21.0,0.24532272322896756
0.0,FW_diminishing,diminishing,428.0,0.024096965789794922,7.359623234773281,0.09466697368051857,21.0,0.2453207744924427
0.0,FW_diminishing,diminishing,429.0,0.024147987365722656,7.3595367171125945,0.10625420945705777,21.0,0.2453178905704198
0.0,FW_diminishing,diminishing,430.0,0.024199962615966797,7.359479108860692,0.09827408819806038,21.0,0.2453159702953564
0.0,FW_diminishing,diminishing,431.0,0.024251937866210938,7.3593314014304765,0.10860066902338694,21.0,0.24531104671434922
0.0,FW_diminishing,diminishing,432.0,0.024302959442138672,7.359481516096478,0.06062759894041214,21.0,0.24531605053654928
0.0,FW_diminishing,diminishing,433.0,0.024353981018066406,7.359404465347535,0.09792842570328819,21.0,0.24531348217825116
0.0,FW_diminishing,diminishing,434.0,0.024405956268310547,7.359571115365813,0.03944822006192705,21.0,0.24531903717886042
0.0,FW_diminishing,diminishing,435.0,0.02445697784423828,7.359520766845393,0.11457189304706628,21.0,0.24531735889484643
0.0,FW_diminishing,diminishing,436.0,0.024508953094482422,7.359539314632363,0.08933421561049215,21.0,0.2453179771544121
0.0,FW_diminishing,diminishing,437.0,0.024560928344726562,7.35945060946429,0.10968345942900015,21.0,0.24531502031547633
0.0,FW_diminishing,diminishing,438.0,0.024611949920654297,7.359564170758537,0.0669763699953494,21.0,0.24531880569195122
0.0,FW_diminishing,diminishing,439.0,0.024662017822265625,7.359389410603332,0.11378980388541127,21.0,0.2453129803534444
0.0,FW_diminishing,diminishing,440.0,0.02471303939819336,7.359413399763607,0.0800100244729336,21.0,0.24531377999212023
0.0,FW_diminishing,diminishing,441.0,0.024763822555541992,7.35945941449463,0.07109993449886876,21.0,0.24531531381648766
0.0,FW_diminishing,diminishing,442.0,0.024814844131469727,7.359275259428593,0.11563793007934109,21.0,0.24530917531428642
0.0,FW_diminishing,diminishing,443.0,0.024866104125976562,7.359297724747306,0.06486308761373749,21.0,0.24530992415824354
0.0,FW_diminishing,diminishing,444.0,0.024918079376220703,7.35947813693729,0.061009867945007734,21.0,0.24531593789790967
0.0,FW_diminishing,diminishing,445.0,0.024970054626464844,7.359326569786826,0.10809521681880607,21.0,0.24531088565956086
0.0,FW_diminishing,diminishing,446.0,0.02503204345703125,7.359423045035465,0.06871557683611584,21.0,0.24531410150118216
0.0,FW_diminishing,diminishing,447.0,0.025082826614379883,7.359356322891944,0.09359907542506196,21.0,0.24531187742973148
0.0,FW_diminishing,diminishing,448.0,0.025136947631835938,7.359333034212317,0.08759075072428413,21.0,0.24531110114041058
0.0,FW_diminishing,diminishing,449.0,0.025187015533447266,7.359386028002809,0.06140518110604187,21.0,0.24531286760009363
0.0,FW_diminishing,diminishing,450.0,0.025238990783691406,7.359209864052467,0.12342939231662164,21.0,0.24530699546841556
0.0,FW_diminishing,diminishing,451.0,0.02529001235961914,7.359353247029738,0.04691554760184502,21.0,0.24531177490099126
0.0,FW_diminishing,diminishing,452.0,0.02534198760986328,7.3593505046262235,0.09516396923656512,21.0,0.2453116834875408
0.0,FW_diminishing,diminishing,453.0,0.025391817092895508,7.359519942848499,0.03404285294078235,21.0,0.24531733142828333
0.0,FW_diminishing,diminishing,454.0,0.025443077087402344,7.359467220262108,0.11126174974620806,21.0,0.2453155740087369
0.0,FW_diminishing,diminishing,455.0,0.025491952896118164,7.359432116536786,0.07609670379190714,21.0,0.24531440388455955
0.0,FW_diminishing,diminishing,456.0,0.02554488182067871,7.359480429990427,0.06589020065690665,21.0,0.24531601433301423
0.0,FW_diminishing,diminishing,457.0,0.025602102279663086,7.359570930085986,0.07939805262591904,21.0,0.2453190310028662
0.0,FW_diminishing,diminishing,458.0,0.025654077529907227,7.359422063398843,0.10635380134101169,21.0,0.24531406877996143
0.0,FW_diminishing,diminishing,459.0,0.02570486068725586,7.359506538405405,0.06830519389601264,21.0,0.2453168846135135
0.0,FW_diminishing,diminishing,460.0,0.0257568359375,7.359499553341147,0.09016162459243393,21.0,0.2453166517780382
0.0,FW_diminishing,diminishing,461.0,0.025807857513427734,7.35950814732855,0.08343369783576104,21.0,0.245316938244285
0.0,FW_diminishing,diminishing,462.0,0.025859832763671875,7.359407050942234,0.09489804085406028,21.0,0.2453135683647411
0.0,FW_diminishing,diminishing,463.0,0.025912046432495117,7.359450214074133,0.0710177333560571,21.0,0.24531500713580445
0.0,FW_diminishing,diminishing,464.0,0.02596306800842285,7.359431254814871,0.0801113478472919,21.0,0.2453143751604957
0.0,FW_diminishing,diminishing,465.0,0.026015043258666992,7.359656131340485,0.054088972603183905,21.0,0.24532187104468284
0.0,FW_diminishing,diminishing,466.0,0.026065826416015625,7.359550952430596,0.09544662637763501,21.0,0.24531836508101987
0.0,FW_diminishing,diminishing,467.0,0.026117801666259766,7.3595131095410125,0.10533895165156526,21.0,0.24531710365136708
0.0,FW_diminishing,diminishing,468.0,0.0261690616607666,7.359599059777972,0.06588686895007534,21.0,0.24531996865926572
0.0,FW_diminishing,diminishing,469.0,0.026221036911010742,7.35951476270071,0.09480401538624328,21.0,0.24531715875669033
0.0,FW_diminishing,diminishing,470.0,0.026273012161254883,7.3593442748856575,0.11053412030545573,21.0,0.24531147582952192
0.0,FW_diminishing,diminishing,471.0,0.026324033737182617,7.3592850998990755,0.07978373129044058,21.0,0.24530950332996918
0.0,FW_diminishing,diminishing,472.0,0.026376008987426758,7.359371575715271,0.05896908538942025,21.0,0.2453123858571757
0.0,FW_diminishing,diminishing,473.0,0.0264279842376709,7.359217930505677,0.10632863516042868,21.0,0.24530726435018924
0.0,FW_diminishing,diminishing,474.0,0.02647995948791504,7.35926436232171,0.06457904420241611,21.0,0.24530881207739033
0.0,FW_diminishing,diminishing,475.0,0.026530981063842773,7.359354535093204,0.06330588541583282,21.0,0.24531181783644013
0.0,FW_diminishing,diminishing,476.0,0.026582956314086914,7.359284283179007,0.08610524682007714,21.0,0.2453094761059669
0.0,FW_diminishing,diminishing,477.0,0.026636123657226562,7.359184075398298,0.11850677263898923,21.0,0.24530613584660993
0.0,FW_diminishing,diminishing,478.0,0.026686906814575195,7.3592262511807585,0.06699659386536982,21.0,0.24530754170602528
0.0,FW_diminishing,diminishing,479.0,0.026738882064819336,7.359210812747026,0.07703440628030833,21.0,0.24530702709156754
0.0,FW_diminishing,diminishing,480.0,0.02678990364074707,7.359240298977555,0.06153226299690839,21.0,0.2453080099659185
0.0,FW_diminishing,diminishing,481.0,0.02684187889099121,7.359159548394949,0.09764475982999077,21.0,0.24530531827983162
0.0,FW_diminishing,diminishing,482.0,0.026893138885498047,7.359215507279215,0.05063189711212601,21.0,0.24530718357597384
0.0,FW_diminishing,diminishing,483.0,0.026945114135742188,7.359256598792769,0.05823557085374009,21.0,0.2453085532930923
0.0,FW_diminishing,diminishing,484.0,0.02699589729309082,7.359310983395185,0.07977104635256183,21.0,0.24531036611317283
0.0,FW_diminishing,diminishing,485.0,0.027046918869018555,7.3593369535897235,0.07680206197687323,21.0,0.2453112317863241
0.0,FW_diminishing,diminishing,486.0,0.027098894119262695,7.359179719915,0.12232789006407785,21.0,0.24530599066383332
0.0,FW_diminishing,diminishing,487.0,0.02715015411376953,7.3590414816198875,0.10161923535458328,21.0,0.2453013827206629
0.0,FW_diminishing,diminishing,488.0,0.027200937271118164,7.359113580361792,0.055769535776349244,21.0,0.24530378601205974
0.0,FW_diminishing,diminishing,489.0,0.0272519588470459,7.3592663295783485,0.05604601662002118,21.0,0.2453088776526116
0.0,FW_diminishing,diminishing,490.0,0.027302980422973633,7.35920793903278,0.08168914127986149,21.0,0.24530693130109266
0.0,FW_diminishing,diminishing,491.0,0.027353763580322266,7.359234303988875,0.07368772315068473,21.0,0.2453078101329625
0.0,FW_diminishing,diminishing,492.0,0.027404069900512695,7.359237581350815,0.07055618215436521,21.0,0.2453079193783605
0.0,FW_diminishing,diminishing,493.0,0.02745509147644043,7.359119089551047,0.11124855175682757,21.0,0.24530396965170156
0.0,FW_diminishing,diminishing,494.0,0.027505874633789062,7.359211543264673,0.043701017793883246,21.0,0.24530705144215578
0.0,FW_diminishing,diminishing,495.0,0.027554035186767578,7.359175699056697,0.0999169905164985,21.0,0.24530585663522325
0.0,FW_diminishing,diminishing,496.0,0.027606964111328125,7.359205498898475,0.0746659455306995,21.0,0.2453068499632825
0.0,FW_diminishing,diminishing,497.0,0.02765798568725586,7.359200055098585,0.06365511169317717,21.0,0.24530666850328617
0.0,FW_diminishing,diminishing,498.0,0.027709007263183594,7.35914044422177,0.0811486884866266,21.0,0.24530468147405898
0.0,FW_diminishing,diminishing,499.0,0.027759790420532227,7.359076371147393,0.09693428164792728,21.0,0.24530254570491308
0.0,FW_diminishing,diminishing,500.0,0.027814865112304688,7.359171067894061,0.046363750322141684,21.0,0.24530570226313536
0.0,FW_diminishing,diminishing,501.0,0.027875185012817383,7.359194175567057,0.06778407865033209,21.0,0.24530647251890192
0.0,FW_diminishing,diminishing,502.0,0.027924060821533203,7.359189165331629,0.07606464217813791,21.0,0.2453063055110543
0.0,FW_diminishing,diminishing,503.0,0.02797698974609375,7.358986093659154,0.11700772501119427,21.0,0.24529953645530514
0.0,FW_diminishing,diminishing,504.0,0.02802896499633789,7.359007499568572,0.08391289386714806,21.0,0.24530024998561908
0.0,FW_diminishing,diminishing,505.0,0.028088092803955078,7.3590297295390235,0.05961183472958531,21.0,0.24530099098463412
0.0,FW_diminishing,diminishing,506.0,0.028139114379882812,7.359043498826065,0.06738010332659972,21.0,0.24530144996086883
0.0,FW_diminishing,diminishing,507.0,0.028189897537231445,7.358964022366048,0.09985131741833708,21.0,0.24529880074553492
0.0,FW_diminishing,diminishing,508.0,0.02824091911315918,7.3590568543468775,0.04111881933722383,21.0,0.24530189514489592
0.0,FW_diminishing,diminishing,509.0,0.02829289436340332,7.359020305622793,0.09258694235186304,21.0,0.2453006768540931
0.0,FW_diminishing,diminishing,510.0,0.02834296226501465,7.359054615492056,0.06003314427837303,21.0,0.24530182051640187
0.0,FW_diminishing,diminishing,511.0,0.02839493751525879,7.359066902323699,0.07031630707163394,21.0,0.24530223007745663
0.0,FW_diminishing,diminishing,512.0,0.02844381332397461,7.359019866031071,0.07651240967534267,21.0,0.2453006622010357
0.0,FW_diminishing,diminishing,513.0,0.028494834899902344,7.359058856454175,0.07770322649629335,21.0,0.24530196188180584
0.0,FW_diminishing,diminishing,514.0,0.028547048568725586,7.359063180154206,0.07550457743390204,21.0,0.2453021060051402
0.0,FW_diminishing,diminishing,515.0,0.02859807014465332,7.359194212034709,0.04430576319572843,21.0,0.2453064737344903
0.0,FW_diminishing,diminishing,516.0,0.02865004539489746,7.359065339249433,0.09738474722685808,21.0,0.2453021779749811
0.0,FW_diminishing,diminishing,517.0,0.028700828552246094,7.358893955312914,0.12342716430416534,21.0,0.24529646517709713
0.0,FW_diminishing,diminishing,518.0,0.028752803802490234,7.359058682076695,0.024793747110910758,21.0,0.24530195606922317
0.0,FW_diminishing,diminishing,519.0,0.02880382537841797,7.359160653186567,0.06904450035741316,21.0,0.2453053551062189
0.0,FW_diminishing,diminishing,520.0,0.028855085372924805,7.359156339758808,0.0645162232565184,21.0,0.24530521132529362
0.0,FW_diminishing,diminishing,521.0,0.02890610694885254,7.359134705331127,0.09211309292455994,21.0,0.24530449017770423
0.0,FW_diminishing,diminishing,522.0,0.028956890106201172,7.359191613304512,0.06229163467214871,21.0,0.2453063871101504
0.0,FW_diminishing,diminishing,523.0,0.029007911682128906,7.359188697739152,0.06379064149047586,21.0,0.2453062899246384
0.0,FW_diminishing,diminishing,524.0,0.029059171676635742,7.359124540227987,0.08539334880135918,21.0,0.24530415134093292
0.0,FW_diminishing,diminishing,525.0,0.029109954833984375,7.359090319059765,0.08057210490841626,21.0,0.2453030106353255
0.0,FW_diminishing,diminishing,526.0,0.02916097640991211,7.359078289637045,0.06585116355303988,21.0,0.24530260965456818
0.0,FW_diminishing,diminishing,527.0,0.029211997985839844,7.35896952467064,0.08762341101226134,21.0,0.24529898415568802
0.0,FW_diminishing,diminishing,528.0,0.029262781143188477,7.359116372083284,0.04771692816528095,21.0,0.24530387906944282
0.0,FW_diminishing,diminishing,529.0,0.029314041137695312,7.3590385509345895,0.08711727615562026,21.0,0.24530128503115298
0.0,FW_diminishing,diminishing,530.0,0.029365062713623047,7.3590575373807505,0.057121132649061046,21.0,0.24530191791269168
0.0,FW_diminishing,diminishing,531.0,0.02941584587097168,7.359072325666887,0.06550410616412083,21.0,0.2453024108555629
0.0,FW_diminishing,diminishing,532.0,0.029466867446899414,7.35908162250853,0.06808802444410045,21.0,0.24530272075028434
0.0,FW_diminishing,diminishing,533.0,0.02951812744140625,7.359175001093425,0.040807132084901276,21.0,0.24530583336978085
0.0,FW_diminishing,diminishing,534.0,0.029569149017333984,7.359202106638107,0.06823085632045078,21.0,0.2453067368879369
0.0,FW_diminishing,diminishing,535.0,0.029619932174682617,7.359090893569485,0.09158109131664194,21.0,0.2453030297856495
0.0,FW_diminishing,diminishing,536.0,0.02967095375061035,7.359016875992056,0.10400037772684811,21.0,0.24530056253306853
0.0,FW_diminishing,diminishing,537.0,0.029721975326538086,7.359019996106332,0.05680816124710564,21.0,0.2453006665368777
0.0,FW_diminishing,diminishing,538.0,0.02977585792541504,7.358932091405524,0.08508838803039875,21.0,0.24529773638018415
0.0,FW_diminishing,diminishing,539.0,0.029827117919921875,7.358926784848806,0.0770066796700073,21.0,0.24529755949496018
0.0,FW_diminishing,diminishing,540.0,0.02987813949584961,7.358996805346644,0.055638296716202795,21.0,0.2452998935115548
0.0,FW_diminishing,diminishing,541.0,0.029928922653198242,7.359018209848383,0.05509343030995595,21.0,0.2453006069949461
0.0,FW_diminishing,diminishing,542.0,0.029979944229125977,7.358969599956608,0.09635624438084367,21.0,0.24529898666522026
0.0,FW_diminishing,diminishing,543.0,0.030035972595214844,7.358940411600417,0.07404413800459864,21.0,0.24529801372001392
0.0,FW_diminishing,diminishing,544.0,0.03008580207824707,7.358929663663598,0.0753442301385121,21.0,0.24529765545545326
0.0,FW_diminishing,diminishing,545.0,0.0301361083984375,7.3588772849518165,0.07485746611785249,21.0,0.2452959094983939
0.0,FW_diminishing,diminishing,546.0,0.030185937881469727,7.3588958149909125,0.06367476509741987,21.0,0.24529652716636374
0.0,FW_diminishing,diminishing,547.0,0.030237913131713867,7.358989797819168,0.03830156588209466,21.0,0.2452996599273056
0.0,FW_diminishing,diminishing,548.0,0.0302889347076416,7.3589884207488145,0.07397369864044023,21.0,0.24529961402496048
0.0,FW_diminishing,diminishing,549.0,0.030339956283569336,7.358875876237508,0.09115742007725913,21.0,0.24529586254125027
0.0,FW_diminishing,diminishing,550.0,0.03039097785949707,7.358859770754917,0.07152243797982827,21.0,0.24529532569183055
0.0,FW_diminishing,diminishing,551.0,0.03044295310974121,7.3589161423489164,0.06608570321627294,21.0,0.2452972047449639
0.0,FW_diminishing,diminishing,552.0,0.030493974685668945,7.358930774756252,0.05564455638623578,21.0,0.24529769249187508
0.0,FW_diminishing,diminishing,553.0,0.03054499626159668,7.3588655159801695,0.0918276782339964,21.0,0.24529551719933898
0.0,FW_diminishing,diminishing,554.0,0.030595064163208008,7.3588850165902935,0.06735628740545785,21.0,0.24529616721967645
0.0,FW_diminishing,diminishing,555.0,0.030646085739135742,7.358942031929105,0.04733290345643937,21.0,0.24529806773097015
0.0,FW_diminishing,diminishing,556.0,0.030694961547851562,7.358976087186526,0.06130108165855308,21.0,0.2452992029062175
0.0,FW_diminishing,diminishing,557.0,0.03074479103088379,7.35896897812975,0.06117030123105316,21.0,0.24529896593765832
0.0,FW_diminishing,diminishing,558.0,0.03079819679260254,7.35897180596403,0.07990872766489066,21.0,0.24529906019880102
0.0,FW_diminishing,diminishing,559.0,0.030848026275634766,7.358999248827236,0.047658102707210936,21.0,0.24529997496090786
0.0,FW_diminishing,diminishing,560.0,0.0308990478515625,7.359010678237796,0.05563595268349886,21.0,0.24530035594125987
0.0,FW_diminishing,diminishing,561.0,0.030949831008911133,7.358912895748125,0.09455523417350609,21.0,0.2452970965249375
0.0,FW_diminishing,diminishing,562.0,0.031000852584838867,7.358984234985983,0.04363857916959368,21.0,0.24529947449953277
0.0,FW_diminishing,diminishing,563.0,0.031052112579345703,7.358970036116171,0.0756583182906354,21.0,0.24529900120387235
0.0,FW_diminishing,diminishing,564.0,0.031102895736694336,7.358796848667724,0.10762760003559357,21.0,0.24529322828892414
0.0,FW_diminishing,diminishing,565.0,0.03115391731262207,7.358894477593314,0.053320866724978266,21.0,0.2452964825864438
0.0,FW_diminishing,diminishing,566.0,0.031204938888549805,7.358831928621757,0.07986593307632894,21.0,0.24529439762072522
0.0,FW_diminishing,diminishing,567.0,0.03125882148742676,7.358846583619837,0.05394896843253605,21.0,0.24529488612066122
0.0,FW_diminishing,diminishing,568.0,0.03130793571472168,7.358736183937753,0.08608095226800216,21.0,0.24529120613125846
0.0,FW_diminishing,diminishing,569.0,0.031358957290649414,7.358836072077512,0.037372955866573854,21.0,0.24529453573591706
0.0,FW_diminishing,diminishing,570.0,0.03140997886657715,7.358859107590506,0.051215771208775074,21.0,0.2452953035863502
0.0,FW_diminishing,diminishing,571.0,0.03146076202392578,7.358922087208187,0.06075950393421703,21.0,0.24529740290693958
0.0,FW_diminishing,diminishing,572.0,0.03151202201843262,7.358982562972635,0.0537891603205054,21.0,0.2452994187657545
0.0,FW_diminishing,diminishing,573.0,0.03156399726867676,7.358967114000515,0.07483983880907719,21.0,0.24529890380001715
0.0,FW_diminishing,diminishing,574.0,0.03161501884460449,7.358859883860658,0.08841349579698576,21.0,0.24529532946202195
0.0,FW_diminishing,diminishing,575.0,0.03166604042053223,7.358833929392063,0.0716594226569045,21.0,0.24529446431306876
0.0,FW_diminishing,diminishing,576.0,0.03171682357788086,7.358726674411359,0.09206671181455661,21.0,0.24529088914704528
0.0,FW_diminishing,diminishing,577.0,0.031768083572387695,7.358879481903797,0.025504615120762963,21.0,0.24529598273012657
0.0,FW_diminishing,diminishing,578.0,0.03181910514831543,7.358895271697897,0.0524316350231091,21.0,0.24529650905659656
0.0,FW_diminishing,diminishing,579.0,0.03186988830566406,7.3588697670499394,0.08521124196821273,21.0,0.24529565890166466
0.0,FW_diminishing,diminishing,580.0,0.0319209098815918,7.3588069047838,0.08020312064053048,21.0,0.24529356349279335
0.0,FW_diminishing,diminishing,581.0,0.03197288513183594,7.358845350017914,0.05654372831908372,21.0,0.24529484500059712
0.0,FW_diminishing,diminishing,582.0,0.03202414512634277,7.358796277866329,0.07101301123797743,21.0,0.24529320926221096
0.0,FW_diminishing,diminishing,583.0,0.032073974609375,7.358856739492302,0.0565991733746003,21.0,0.2452952246497434
0.0,FW_diminishing,diminishing,584.0,0.032124996185302734,7.3590285852649755,0.018534239048499046,21.0,0.24530095284216585
0.0,FW_diminishing,diminishing,585.0,0.03217577934265137,7.35902870029845,0.05630976362342466,21.0,0.245300956676615
0.0,FW_diminishing,diminishing,586.0,0.0322270393371582,7.3589900903023056,0.07260341338041609,21.0,0.24529966967674352
0.0,FW_diminishing,diminishing,587.0,0.03227806091308594,7.359019603175552,0.0679950842890964,21.0,0.24530065343918508
0.0,FW_diminishing,diminishing,588.0,0.03232908248901367,7.359020478622367,0.05579706913414029,21.0,0.24530068262074556
0.0,FW_diminishing,diminishing,589.0,0.032379865646362305,7.3589747256859095,0.08547592940001447,21.0,0.24529915752286366
0.0,FW_diminishing,diminishing,590.0,0.03243088722229004,7.359024926928871,0.04873166963609776,21.0,0.24530083089762905
0.0,FW_diminishing,diminishing,591.0,0.032482147216796875,7.3589681220446295,0.07267128238631493,21.0,0.24529893740148764
0.0,FW_diminishing,diminishing,592.0,0.03253507614135742,7.358903040583643,0.07870880459069518,21.0,0.24529676801945477
0.0,FW_diminishing,diminishing,593.0,0.032594919204711914,7.3588597711035435,0.07511437255099906,21.0,0.24529532570345144
0.0,FW_diminishing,diminishing,594.0,0.03264594078063965,7.358959206244169,0.042208750790092786,21.0,0.24529864020813896
0.0,FW_diminishing,diminishing,595.0,0.03269791603088379,7.358965753428872,0.057054371745160815,21.0,0.24529885844762905
0.0,FW_diminishing,diminishing,596.0,0.03274703025817871,7.359029705387357,0.04848089760394192,21.0,0.24530099017957857
0.0,FW_diminishing,diminishing,597.0,0.032798051834106445,7.359136666783107,0.043288819295256076,21.0,0.24530455555943692
0.0,FW_diminishing,diminishing,598.0,0.03284883499145508,7.3590162834427435,0.09135420619841916,21.0,0.2453005427814248
0.0,FW_diminishing,diminishing,599.0,0.03289985656738281,7.358955203318482,0.07010069134527619,21.0,0.24529850677728274
0.0,FW_diminishing,diminishing,600.0,0.03295111656188965,7.358986633433987,0.05839131694179134,21.0,0.24529955444779955
0.0,FW_diminishing,diminishing,601.0,0.033000946044921875,7.35897137048471,0.05946087682172596,21.0,0.24529904568282365
0.0,FW_diminishing,diminishing,602.0,0.03305196762084961,7.358921088069275,0.07760875554348257,21.0,0.24529736960230916
0.0,FW_diminishing,diminishing,603.0,0.03310275077819824,7.359025425063293,0.03364885531991568,21.0,0.24530084750210976
0.0,FW_diminishing,diminishing,604.0,0.03315401077270508,7.359068337117754,0.0450902829654769,21.0,0.24530227790392514
0.0,FW_diminishing,diminishing,605.0,0.033204078674316406,7.3590752636716195,0.06455059002131769,21.0,0.245302508789054
0.0,FW_diminishing,diminishing,606.0,0.03325295448303223,7.358949195088132,0.09284231892852013,21.0,0.24529830650293774
0.0,FW_diminishing,diminishing,607.0,0.03330397605895996,7.358923899491383,0.08191654386668112,21.0,0.24529746331637942
0.0,FW_diminishing,diminishing,608.0,0.033354997634887695,7.358953111521206,0.04527358787348046,21.0,0.24529843705070686
0.0,FW_diminishing,diminishing,609.0,0.03341484069824219,7.358944723099179,0.06147282629682316,21.0,0.2452981574366393
0.0,FW_diminishing,diminishing,610.0,0.03346514701843262,7.358929575973663,0.07976383486794791,21.0,0.24529765253245545
0.0,FW_diminishing,diminishing,611.0,0.03351712226867676,7.358929719709091,0.05062582797052695,21.0,0.24529765732363637
0.0,FW_diminishing,diminishing,612.0,0.033577919006347656,7.358873146122436,0.07128306515166472,21.0,0.24529577153741453
0.0,FW_diminishing,diminishing,613.0,0.033631086349487305,7.358870396595895,0.06210232021065387,21.0,0.24529567988652984
0.0,FW_diminishing,diminishing,614.0,0.03368186950683594,7.358922645268027,0.041044349377320266,21.0,0.24529742150893424
0.0,FW_diminishing,diminishing,615.0,0.03373289108276367,7.358953408834022,0.05605490029566784,21.0,0.24529844696113406
0.0,FW_diminishing,diminishing,616.0,0.03378415107727051,7.358849354380372,0.0857656284655377,21.0,0.24529497847934575
0.0,FW_diminishing,diminishing,617.0,0.03383493423461914,7.35882957338689,0.0659211411206142,21.0,0.24529431911289634
0.0,FW_diminishing,diminishing,618.0,0.03388690948486328,7.358884460638634,0.05579841986471834,21.0,0.24529614868795446
0.0,FW_diminishing,diminishing,619.0,0.033937931060791016,7.358881749059368,0.05409396853527504,21.0,0.24529605830197893
0.0,FW_diminishing,diminishing,620.0,0.03399205207824707,7.3588069329847015,0.08119980323430376,21.0,0.24529356443282338
0.0,FW_diminishing,diminishing,621.0,0.0340428352355957,7.358877158363289,0.04299745203017302,21.0,0.24529590527877632
0.0,FW_diminishing,diminishing,622.0,0.03409409523010254,7.358925891522771,0.05022891429539644,21.0,0.24529752971742572
0.0,FW_diminishing,diminishing,623.0,0.03414511680603027,7.35885940932113,0.07374966388386284,21.0,0.24529531364403764
0.0,FW_diminishing,diminishing,624.0,0.0341949462890625,7.358891026489978,0.05794923722200984,21.0,0.24529636754966594
0.0,FW_diminishing,diminishing,625.0,0.03424477577209473,7.359017673501918,0.03222131804311257,21.0,0.2453005891167306
0.0,FW_diminishing,diminishing,626.0,0.03429603576660156,7.358907794318656,0.08726573152310646,21.0,0.2452969264772885
0.0,FW_diminishing,diminishing,627.0,0.0343480110168457,7.35890447230329,0.05705160211991611,21.0,0.245296815743443
0.0,FW_diminishing,diminishing,628.0,0.03439807891845703,7.35892608479932,0.052961289747953444,21.0,0.24529753615997732
0.0,FW_diminishing,diminishing,629.0,0.03444981575012207,7.3589408626520605,0.05793838087390313,21.0,0.24529802875506868
0.0,FW_diminishing,diminishing,630.0,0.03450179100036621,7.358872240934747,0.07407267628211045,21.0,0.24529574136449156
0.0,FW_diminishing,diminishing,631.0,0.03455305099487305,7.358822755378131,0.07962551374929205,21.0,0.2452940918459377
0.0,FW_diminishing,diminishing,632.0,0.03460192680358887,7.358843458499908,0.048977040914087056,21.0,0.24529478194999693
0.0,FW_diminishing,diminishing,633.0,0.03464984893798828,7.358903463299239,0.039156375412487066,21.0,0.24529678210997463
0.0,FW_diminishing,diminishing,634.0,0.03470110893249512,7.358936681653773,0.041392641451576395,21.0,0.24529788938845912
0.0,FW_diminishing,diminishing,635.0,0.03475213050842285,7.3589059630557685,0.08073207313663655,21.0,0.24529686543519227
0.0,FW_diminishing,diminishing,636.0,0.0348050594329834,7.358956350638833,0.0479168345203389,21.0,0.24529854502129442
0.0,FW_diminishing,diminishing,637.0,0.03485584259033203,7.358932389512328,0.07099103206634272,21.0,0.24529774631707763
0.0,FW_diminishing,diminishing,638.0,0.03490591049194336,7.358860365488961,0.07478329558264196,21.0,0.2452953455162987
0.0,FW_diminishing,diminishing,639.0,0.034957170486450195,7.358877890983549,0.04281545946673404,21.0,0.24529592969945163
0.0,FW_diminishing,diminishing,640.0,0.03500795364379883,7.35894149218482,0.038190125313901646,21.0,0.24529804973949398
0.0,FW_diminishing,diminishing,641.0,0.03505682945251465,7.358877254442887,0.07213840791394865,21.0,0.24529590848142957
0.0,FW_diminishing,diminishing,642.0,0.03510785102844238,7.358843162643506,0.06688608120398776,21.0,0.24529477208811687
0.0,FW_diminishing,diminishing,643.0,0.03515791893005371,7.3588545822247475,0.06756468780417357,21.0,0.24529515274082492
0.0,FW_diminishing,diminishing,644.0,0.03520798683166504,7.3588370838532295,0.05685179101582971,21.0,0.24529456946177433
0.0,FW_diminishing,diminishing,645.0,0.03525710105895996,7.358835136525678,0.0550727405102549,21.0,0.24529450455085594
0.0,FW_diminishing,diminishing,646.0,0.035308122634887695,7.35883265775298,0.06323535227918597,21.0,0.24529442192509932
0.0,FW_diminishing,diminishing,647.0,0.03535795211791992,7.358875200732597,0.05575451980476309,21.0,0.2452958400244199
0.0,FW_diminishing,diminishing,648.0,0.03540778160095215,7.358820937654316,0.06855619176038719,21.0,0.24529403125514385
0.0,FW_diminishing,diminishing,649.0,0.0354609489440918,7.358728757560374,0.07780063454798292,21.0,0.2452909585853458
0.0,FW_diminishing,diminishing,650.0,0.03551316261291504,7.358806588754749,0.028571344361806084,21.0,0.24529355295849165
0.0,FW_diminishing,diminishing,651.0,0.03556203842163086,7.358852095491807,0.061400812241656944,21.0,0.2452950698497269
0.0,FW_diminishing,diminishing,652.0,0.035614013671875,7.358858166372112,0.048563001324307464,21.0,0.24529527221240374
0.0,FW_diminishing,diminishing,653.0,0.03566479682922363,7.358717896445032,0.10358106453721216,21.0,0.24529059654816773
0.0,FW_diminishing,diminishing,654.0,0.03571581840515137,7.358847194967013,0.02011767863214864,21.0,0.24529490649890043
0.0,FW_diminishing,diminishing,655.0,0.0357670783996582,7.3588345561586594,0.06573641933286112,21.0,0.24529448520528865
0.0,FW_diminishing,diminishing,656.0,0.03581809997558594,7.358796862423485,0.0626851119522156,21.0,0.24529322874744952
0.0,FW_diminishing,diminishing,657.0,0.03586888313293457,7.358777538548623,0.0749297024855089,21.0,0.24529258461828746
0.0,FW_diminishing,diminishing,658.0,0.03591799736022949,7.358863759781923,0.031316924562283965,21.0,0.24529545865939745
0.0,FW_diminishing,diminishing,659.0,0.03596901893615723,7.35889547199722,0.051293332977380146,21.0,0.24529651573324068
0.0,FW_diminishing,diminishing,660.0,0.03601789474487305,7.358838102337192,0.0689882592059643,21.0,0.2452946034112397
0.0,FW_diminishing,diminishing,661.0,0.03606891632080078,7.358803617131992,0.07247945830143987,21.0,0.24529345390439972
0.0,FW_diminishing,diminishing,662.0,0.03612017631530762,7.358851961837855,0.03694396740879835,21.0,0.24529506539459517
0.0,FW_diminishing,diminishing,663.0,0.03617095947265625,7.358927831841135,0.043806464860116634,21.0,0.2452975943947045
0.0,FW_diminishing,diminishing,664.0,0.036221981048583984,7.358878302496346,0.06618335954780274,21.0,0.24529594341654487
0.0,FW_diminishing,diminishing,665.0,0.036273956298828125,7.358842812529447,0.05842712336597078,21.0,0.24529476041764825
0.0,FW_diminishing,diminishing,666.0,0.03632497787475586,7.3588570781657,0.05160056829219961,21.0,0.24529523593885666
0.0,FW_diminishing,diminishing,667.0,0.036375999450683594,7.358814955159593,0.06354974600648955,21.0,0.2452938318386531
0.0,FW_diminishing,diminishing,668.0,0.03642702102661133,7.3588393738867195,0.05920957963291418,21.0,0.24529464579622398
0.0,FW_diminishing,diminishing,669.0,0.03647804260253906,7.358839566531898,0.053554593812550344,21.0,0.24529465221772995
0.0,FW_diminishing,diminishing,670.0,0.036528825759887695,7.358798723020181,0.06296051707467498,21.0,0.24529329076733936
0.0,FW_diminishing,diminishing,671.0,0.036579132080078125,7.358784101371929,0.06503870547568802,21.0,0.24529280337906428
0.0,FW_diminishing,diminishing,672.0,0.036631107330322266,7.358789947098915,0.05291076669535588,21.0,0.24529299823663048
0.0,FW_diminishing,diminishing,673.0,0.0366818904876709,7.358724317679583,0.07439172299400365,21.0,0.24529081058931942
0.0,FW_diminishing,diminishing,674.0,0.03673291206359863,7.358773697710153,0.032164531623135595,21.0,0.24529245659033844
0.0,FW_diminishing,diminishing,675.0,0.03678393363952637,7.3587046451545115,0.07907162331154893,21.0,0.2452901548384837
0.0,FW_diminishing,diminishing,676.0,0.0368351936340332,7.358728141577546,0.037809721224006054,21.0,0.24529093805258487
0.0,FW_diminishing,diminishing,677.0,0.036885976791381836,7.3588349003185405,0.03016673230733602,21.0,0.24529449667728467
0.0,FW_diminishing,diminishing,678.0,0.03693699836730957,7.35872766036227,0.08518480156924468,21.0,0.24529092201207567
0.0,FW_diminishing,diminishing,679.0,0.03698992729187012,7.358787082756414,0.039693005265873715,21.0,0.24529290275854712
0.0,FW_diminishing,diminishing,680.0,0.03703880310058594,7.35876471844133,0.06695705917418504,21.0,0.24529215728137768
0.0,FW_diminishing,diminishing,681.0,0.03709101676940918,7.358727415991866,0.06117789884365887,21.0,0.24529091386639554
0.0,FW_diminishing,diminishing,682.0,0.037142038345336914,7.358737418147672,0.04916690799469503,21.0,0.24529124727158905
0.0,FW_diminishing,diminishing,683.0,0.03719305992126465,7.358769833581957,0.04653079815437877,21.0,0.24529232778606522
0.0,FW_diminishing,diminishing,684.0,0.03724384307861328,7.358878784361052,0.02835814666849945,21.0,0.24529595947870175
0.0,FW_diminishing,diminishing,685.0,0.037294864654541016,7.3587943982381825,0.07718999535588456,21.0,0.2452931466079394
0.0,FW_diminishing,diminishing,686.0,0.03734612464904785,7.358771544776466,0.06667415488983952,21.0,0.2452923848258822
0.0,FW_diminishing,diminishing,687.0,0.03739809989929199,7.358712266679515,0.07159351240010814,21.0,0.24529040888931716
0.0,FW_diminishing,diminishing,688.0,0.03744792938232422,7.3587601144959995,0.03705493155629469,21.0,0.24529200381653332
0.0,FW_diminishing,diminishing,689.0,0.03749895095825195,7.358762871443805,0.046884429677884754,21.0,0.2452920957147935
0.0,FW_diminishing,diminishing,690.0,0.03754997253417969,7.358671262196064,0.08620747595013878,21.0,0.24528904207320215
0.0,FW_diminishing,diminishing,691.0,0.03760886192321777,7.358714661116246,0.0357359201787375,21.0,0.24529048870387488
0.0,FW_diminishing,diminishing,692.0,0.037660837173461914,7.358770880427192,0.046649053296016874,21.0,0.2452923626809064
0.0,FW_diminishing,diminishing,693.0,0.03771185874938965,7.358736307817515,0.059612212133670184,21.0,0.24529121026058384
0.0,FW_diminishing,diminishing,694.0,0.037763118743896484,7.358689989623221,0.060775807332720255,21.0,0.24528966632077404
0.0,FW_diminishing,diminishing,695.0,0.03781414031982422,7.358777810519733,0.027334983631421395,21.0,0.2452925936839911
0.0,FW_diminishing,diminishing,696.0,0.03786587715148926,7.358786806333393,0.047303237868603354,21.0,0.24529289354444644
0.0,FW_diminishing,diminishing,697.0,0.0379178524017334,7.358769260710091,0.05344034190509017,21.0,0.24529230869033639
0.0,FW_diminishing,diminishing,698.0,0.03796887397766113,7.358712767863343,0.08434616237827175,21.0,0.24529042559544478
0.0,FW_diminishing,diminishing,699.0,0.03801918029785156,7.35874770638877,0.04598864328982799,21.0,0.245291590212959
0.0,FW_diminishing,diminishing,700.0,0.038069963455200195,7.358758368766654,0.043334801037757664,21.0,0.24529194562555512
0.0,FW_diminishing,diminishing,701.0,0.038121938705444336,7.358761421433499,0.06978593240434083,21.0,0.24529204738111662
0.0,FW_diminishing,diminishing,702.0,0.038170814514160156,7.358734079924082,0.06314020037889723,21.0,0.24529113599746938
0.0,FW_diminishing,diminishing,703.0,0.03823280334472656,7.358774238726847,0.032690831782277385,21.0,0.24529247462422824
0.0,FW_diminishing,diminishing,704.0,0.0382840633392334,7.358772686376987,0.05783609319594252,21.0,0.24529242287923292
0.0,FW_diminishing,diminishing,705.0,0.03833603858947754,7.358708183802016,0.07374794157876874,21.0,0.24529027279340054
0.0,FW_diminishing,diminishing,706.0,0.03838706016540527,7.35876500520237,0.04361435527954516,21.0,0.245292166840079
0.0,FW_diminishing,diminishing,707.0,0.038439035415649414,7.3586924623872685,0.0724108978551179,21.0,0.2452897487462423
0.0,FW_diminishing,diminishing,708.0,0.038491010665893555,7.358644511522882,0.06079926009150327,21.0,0.24528815038409607
0.0,FW_diminishing,diminishing,709.0,0.03854203224182129,7.3587045948554,0.028107228752308977,21.0,0.24529015316184666
0.0,FW_diminishing,diminishing,710.0,0.03859400749206543,7.3587535419595795,0.03932838729481336,21.0,0.24529178473198598
0.0,FW_diminishing,diminishing,711.0,0.038645029067993164,7.358698049963547,0.0661980106279767,21.0,0.24528993499878488
0.0,FW_diminishing,diminishing,712.0,0.0386960506439209,7.358685942765636,0.057071914573798566,21.0,0.24528953142552118
0.0,FW_diminishing,diminishing,713.0,0.03874683380126953,7.358675386879085,0.059023731721529415,21.0,0.24528917956263616
0.0,FW_diminishing,diminishing,714.0,0.03879809379577637,7.358682451660057,0.043628621041921,21.0,0.24528941505533522
0.0,FW_diminishing,diminishing,715.0,0.0388491153717041,7.3586877435445714,0.061080835938049916,21.0,0.2452895914514857
0.0,FW_diminishing,diminishing,716.0,0.038899898529052734,7.358667696110173,0.06410334030680076,21.0,0.24528892320367243
0.0,FW_diminishing,diminishing,717.0,0.03895092010498047,7.358701185165566,0.03389886220437521,21.0,0.2452900395055189
0.0,FW_diminishing,diminishing,718.0,0.03900289535522461,7.358683264513004,0.06263915784619911,21.0,0.24528944215043344
0.0,FW_diminishing,diminishing,719.0,0.03905200958251953,7.358669242111704,0.054960241190027403,21.0,0.2452889747370568
0.0,FW_diminishing,diminishing,720.0,0.039103031158447266,7.358662891963701,0.05352662076362069,21.0,0.2452887630654567
0.0,FW_diminishing,diminishing,721.0,0.039155006408691406,7.358695697496339,0.03382463239321254,21.0,0.24528985658321129
0.0,FW_diminishing,diminishing,722.0,0.03920578956604004,7.358680411691068,0.06792139493827598,21.0,0.24528934705636893
0.0,FW_diminishing,diminishing,723.0,0.03925681114196777,7.3586769918889035,0.04981108341639029,21.0,0.24528923306296344
0.0,FW_diminishing,diminishing,724.0,0.03930807113647461,7.358696052669448,0.04876614722861028,21.0,0.24528986842231493
0.0,FW_diminishing,diminishing,725.0,0.03936004638671875,7.358698813167244,0.04445819820656549,21.0,0.24528996043890813
0.0,FW_diminishing,diminishing,726.0,0.039411067962646484,7.358638087737342,0.0648093680373023,21.0,0.2452879362579114
0.0,FW_diminishing,diminishing,727.0,0.03946185111999512,7.358604409254363,0.06395912779104229,21.0,0.24528681364181212
0.0,FW_diminishing,diminishing,728.0,0.03951287269592285,7.358612960001173,0.04214770888603159,21.0,0.24528709866670576
0.0,FW_diminishing,diminishing,729.0,0.03956413269042969,7.358637285877543,0.040291419281170526,21.0,0.24528790952925142
0.0,FW_diminishing,diminishing,730.0,0.03961610794067383,7.358645765699454,0.059654898091507036,21.0,0.2452881921899818
0.0,FW_diminishing,diminishing,731.0,0.03966689109802246,7.358689204328467,0.029127560973930322,21.0,0.24528964014428223
0.0,FW_diminishing,diminishing,732.0,0.039717912673950195,7.358662931035859,0.05196354413699833,21.0,0.24528876436786196
0.0,FW_diminishing,diminishing,733.0,0.03976893424987793,7.358657300368473,0.04998034810286622,21.0,0.2452885766789491
0.0,FW_diminishing,diminishing,734.0,0.039819955825805664,7.358705288482235,0.04364524955268578,21.0,0.24529017628274116
0.0,FW_diminishing,diminishing,735.0,0.0398709774017334,7.358734447949061,0.047365339010212004,21.0,0.2452911482649687
0.0,FW_diminishing,diminishing,736.0,0.03992199897766113,7.3587908894947125,0.03262952793595897,21.0,0.24529302964982375
0.0,FW_diminishing,diminishing,737.0,0.03997397422790527,7.35882590237567,0.034672714813477334,21.0,0.24529419674585565
0.0,FW_diminishing,diminishing,738.0,0.040024757385253906,7.3588306440615385,0.05288802054785435,21.0,0.24529435480205128
0.0,FW_diminishing,diminishing,739.0,0.04007697105407715,7.358730153761829,0.0819351599652105,21.0,0.24529100512539428
0.0,FW_diminishing,diminishing,740.0,0.04012894630432129,7.358666686854378,0.07435180493550853,21.0,0.2452888895618126
0.0,FW_diminishing,diminishing,741.0,0.04017996788024902,7.358665639198861,0.04487305342994219,21.0,0.24528885463996203
0.0,FW_diminishing,diminishing,742.0,0.04023098945617676,7.358665484542001,0.05495063767232011,21.0,0.24528884948473337
0.0,FW_diminishing,diminishing,743.0,0.0402829647064209,7.358666617929741,0.04921874821558969,21.0,0.24528888726432468
0.0,FW_diminishing,diminishing,744.0,0.04033398628234863,7.3587050543797945,0.046152996576589445,21.0,0.24529016847932647
0.0,FW_diminishing,diminishing,745.0,0.04038500785827637,7.358695014869757,0.048003685562520104,21.0,0.2452898338289919
0.0,FW_diminishing,diminishing,746.0,0.0404360294342041,7.358668643388736,0.06395089690231348,21.0,0.24528895477962454
0.0,FW_diminishing,diminishing,747.0,0.040486812591552734,7.358619390319415,0.06550224988140929,21.0,0.24528731301064716
0.0,FW_diminishing,diminishing,748.0,0.04053783416748047,7.358654961834739,0.0432504280872692,21.0,0.24528849872782466
0.0,FW_diminishing,diminishing,749.0,0.040589094161987305,7.358618574464803,0.05770765549637513,21.0,0.24528728581549342
0.0,FW_diminishing,diminishing,750.0,0.04064011573791504,7.358606107557214,0.05476573953222896,21.0,0.24528687025190712
0.0,FW_diminishing,diminishing,751.0,0.04069209098815918,7.358651137212077,0.029758569073802477,21.0,0.24528837124040256
0.0,FW_diminishing,diminishing,752.0,0.040741920471191406,7.358682065289487,0.032141265521329565,21.0,0.24528940217631623
0.0,FW_diminishing,diminishing,753.0,0.04079389572143555,7.358695343458108,0.05477902289997605,21.0,0.24528984478193694
0.0,FW_diminishing,diminishing,754.0,0.040846824645996094,7.358695688778117,0.05335704570923916,21.0,0.24528985629260391
0.0,FW_diminishing,diminishing,755.0,0.04089975357055664,7.358688946019746,0.05472536443084852,21.0,0.24528963153399153
0.0,FW_diminishing,diminishing,756.0,0.04095005989074707,7.358687659760491,0.054365134392687864,21.0,0.24528958865868306
0.0,FW_diminishing,diminishing,757.0,0.040997982025146484,7.358604691308874,0.07511226729601095,21.0,0.24528682304362912
0.0,FW_diminishing,diminishing,758.0,0.04104876518249512,7.358633867224854,0.02972827412045831,21.0,0.2452877955741618
0.0,FW_diminishing,diminishing,759.0,0.04110002517700195,7.358690946075096,0.02165222559292168,21.0,0.24528969820250318
0.0,FW_diminishing,diminishing,760.0,0.0411529541015625,7.35870086847763,0.05546360364230196,21.0,0.24529002894925434
0.0,FW_diminishing,diminishing,761.0,0.04120993614196777,7.35870208408892,0.052530929327299525,21.0,0.24529006946963067
0.0,FW_diminishing,diminishing,762.0,0.04126095771789551,7.358643023701339,0.06969596091082941,21.0,0.24528810079004465
0.0,FW_diminishing,diminishing,763.0,0.04131197929382324,7.358603158363937,0.05848872525383353,21.0,0.24528677194546455
0.0,FW_diminishing,diminishing,764.0,0.04136395454406738,7.358596522451551,0.05169649624333239,21.0,0.24528655074838504
0.0,FW_diminishing,diminishing,765.0,0.04141497611999512,7.358636936239113,0.03267542977461524,21.0,0.2452878978746371
0.0,FW_diminishing,diminishing,766.0,0.04146575927734375,7.358588640036746,0.06443585265898477,21.0,0.24528628800122487
0.0,FW_diminishing,diminishing,767.0,0.04151797294616699,7.358582656681643,0.045281709939972714,21.0,0.24528608855605474
0.0,FW_diminishing,diminishing,768.0,0.04156899452209473,7.35857605984238,0.05505957323670341,21.0,0.24528586866141266
0.0,FW_diminishing,diminishing,769.0,0.04162311553955078,7.358652942726421,0.028845371980172452,21.0,0.24528843142421403
0.0,FW_diminishing,diminishing,770.0,0.04168200492858887,7.358647392234818,0.04495556309466764,21.0,0.2452882464078273
0.0,FW_diminishing,diminishing,771.0,0.04173398017883301,7.358605247709702,0.06915939500817192,21.0,0.2452868415903234
0.0,FW_diminishing,diminishing,772.0,0.041786909103393555,7.3586680045267645,0.03999549365605404,21.0,0.24528893348422548
0.0,FW_diminishing,diminishing,773.0,0.04183697700500488,7.358666764095833,0.045908393638049105,21.0,0.24528889213652777
0.0,FW_diminishing,diminishing,774.0,0.04188895225524902,7.358721752578518,0.030715218032652203,21.0,0.2452907250859506
0.0,FW_diminishing,diminishing,775.0,0.04193997383117676,7.358677270391182,0.05985708014048807,21.0,0.24528924234637273
0.0,FW_diminishing,diminishing,776.0,0.04199099540710449,7.3586611383530265,0.05467960888385903,21.0,0.24528870461176755
0.0,FW_diminishing,diminishing,777.0,0.042041778564453125,7.358677846388424,0.03332093046268003,21.0,0.2452892615462808
0.0,FW_diminishing,diminishing,778.0,0.04209303855895996,7.358638820465347,0.05762650062012753,21.0,0.24528796068217823
0.0,FW_diminishing,diminishing,779.0,0.042144060134887695,7.358612368452793,0.05640454526511185,21.0,0.2452870789484264
0.0,FW_diminishing,diminishing,780.0,0.04219484329223633,7.358613594325871,0.05826300780148941,21.0,0.24528711981086238
0.0,FW_diminishing,diminishing,781.0,0.04224681854248047,7.358606208061782,0.045103814108760965,21.0,0.2452868736020594
0.0,FW_diminishing,diminishing,782.0,0.0422978401184082,7.358607847079994,0.056943073916412956,21.0,0.2452869282359998
0.0,FW_diminishing,diminishing,783.0,0.04234910011291504,7.358613575683662,0.04259225706967751,21.0,0.2452871191894554
0.0,FW_diminishing,diminishing,784.0,0.04240107536315918,7.358619320785254,0.04797346748552744,21.0,0.24528731069284182
0.0,FW_diminishing,diminishing,785.0,0.04245305061340332,7.358641984882802,0.03304857199499889,21.0,0.24528806616276008
0.0,FW_diminishing,diminishing,786.0,0.04250383377075195,7.358598236048429,0.06859133421877495,21.0,0.245286607868281
0.0,FW_diminishing,diminishing,787.0,0.04255485534667969,7.358608500592115,0.047694735564853374,21.0,0.24528695001973716
0.0,FW_diminishing,diminishing,788.0,0.04260683059692383,7.358703933258984,0.019357146840993877,21.0,0.2452901311086328
0.0,FW_diminishing,diminishing,789.0,0.042658090591430664,7.358657346015663,0.0602484866948263,21.0,0.2452885782005221
0.0,FW_diminishing,diminishing,790.0,0.04270792007446289,7.3586283539166875,0.05069972277904977,21.0,0.24528761179722292
0.0,FW_diminishing,diminishing,791.0,0.042758941650390625,7.35865123728208,0.03837440115470514,21.0,0.24528837457606933
0.0,FW_diminishing,diminishing,792.0,0.04280996322631836,7.358609943468718,0.058053457273724796,21.0,0.24528699811562393
0.0,FW_diminishing,diminishing,793.0,0.042860984802246094,7.358608754077226,0.04570960035284255,21.0,0.24528695846924087
0.0,FW_diminishing,diminishing,794.0,0.04291200637817383,7.358579505243593,0.06246389362364013,21.0,0.24528598350811978
0.0,FW_diminishing,diminishing,795.0,0.04296302795410156,7.358568009863,0.04605397857929816,21.0,0.24528560032876667
0.0,FW_diminishing,diminishing,796.0,0.0430150032043457,7.358587925878607,0.03837054640327242,21.0,0.24528626419595356
0.0,FW_diminishing,diminishing,797.0,0.043065786361694336,7.3585348485158235,0.06531637674275892,21.0,0.24528449495052745
0.0,FW_diminishing,diminishing,798.0,0.04311490058898926,7.358570279046558,0.04222502866733446,21.0,0.2452856759682186
0.0,FW_diminishing,diminishing,799.0,0.04316592216491699,7.358593853369201,0.0317888514716298,21.0,0.24528646177897337
0.0,FW_diminishing,diminishing,800.0,0.04321694374084473,7.358564463074452,0.06222759303097103,21.0,0.24528548210248174
0.0,FW_diminishing,diminishing,801.0,0.04326796531677246,7.358578717407398,0.041140710026524197,21.0,0.24528595724691327
0.0,FW_diminishing,diminishing,802.0,0.043318986892700195,7.358580453365985,0.04308450653284002,21.0,0.2452860151121995
0.0,FW_diminishing,diminishing,803.0,0.04336905479431152,7.3585782497894385,0.04993761082263859,21.0,0.24528594165964795
0.0,FW_diminishing,diminishing,804.0,0.04341888427734375,7.35853844455636,0.05707883964336258,21.0,0.24528461481854533
0.0,FW_diminishing,diminishing,805.0,0.04346895217895508,7.358596534946999,0.03342169556525132,21.0,0.24528655116489997
0.0,FW_diminishing,diminishing,806.0,0.04351806640625,7.358590917795874,0.04068693611311858,21.0,0.24528636392652914
0.0,FW_diminishing,diminishing,807.0,0.04356884956359863,7.358584997333966,0.04591355694749222,21.0,0.24528616657779886
0.0,FW_diminishing,diminishing,808.0,0.04361987113952637,7.358558857819283,0.05140715986709665,21.0,0.24528529526064274
0.0,FW_diminishing,diminishing,809.0,0.0436711311340332,7.358562925319442,0.04476111358653334,21.0,0.24528543084398138
0.0,FW_diminishing,diminishing,810.0,0.04372096061706543,7.3586396672706105,0.018556155782735395,21.0,0.24528798890902034
0.0,FW_diminishing,diminishing,811.0,0.04377293586730957,7.358609664117152,0.05286977214450328,21.0,0.24528698880390506
0.0,FW_diminishing,diminishing,812.0,0.043823957443237305,7.358552652630622,0.06743798340394491,21.0,0.24528508842102073
0.0,FW_diminishing,diminishing,813.0,0.04387497901916504,7.358582268088618,0.04329353420570481,21.0,0.24528607560295393
0.0,FW_diminishing,diminishing,814.0,0.04392600059509277,7.358553263096722,0.052356875651544676,21.0,0.24528510876989074
0.0,FW_diminishing,diminishing,815.0,0.04397702217102051,7.358499721448615,0.05991333711861113,21.0,0.24528332404828715
0.0,FW_diminishing,diminishing,816.0,0.04402780532836914,7.358520020005867,0.041592861528611635,21.0,0.24528400066686223
0.0,FW_diminishing,diminishing,817.0,0.044078826904296875,7.358559145492017,0.03330271653830241,21.0,0.2452853048497339
0.0,FW_diminishing,diminishing,818.0,0.04413008689880371,7.358502011676642,0.06377794353665323,21.0,0.24528340038922142
0.0,FW_diminishing,diminishing,819.0,0.04418206214904785,7.3585413405217475,0.03880193082222938,21.0,0.2452847113507249
0.0,FW_diminishing,diminishing,820.0,0.04424095153808594,7.358525108696645,0.05166841430915081,21.0,0.24528417028988816
0.0,FW_diminishing,diminishing,821.0,0.04429173469543457,7.3585012653015,0.052606417361788615,21.0,0.24528337551005
0.0,FW_diminishing,diminishing,822.0,0.044342994689941406,7.358478386249622,0.049548964000673656,21.0,0.2452826128749874
0.0,FW_diminishing,diminishing,823.0,0.044400930404663086,7.358483434561009,0.04353771385451033,21.0,0.24528278115203364
0.0,FW_diminishing,diminishing,824.0,0.04445195198059082,7.358559811244393,0.028664838812494153,21.0,0.24528532704147976
0.0,FW_diminishing,diminishing,825.0,0.044502973556518555,7.358558465142386,0.040511862850644675,21.0,0.24528528217141288
0.0,FW_diminishing,diminishing,826.0,0.04455399513244629,7.358534427824997,0.053404060000000086,21.0,0.2452844809274999
0.0,FW_diminishing,diminishing,827.0,0.04460597038269043,7.358528692139521,0.05115007837413099,21.0,0.24528428973798405
0.0,FW_diminishing,diminishing,828.0,0.044656991958618164,7.358554231523573,0.02918476951016391,21.0,0.24528514105078575
0.0,FW_diminishing,diminishing,829.0,0.0447077751159668,7.358541998653448,0.05941746134836823,21.0,0.24528473328844827
0.0,FW_diminishing,diminishing,830.0,0.04475998878479004,7.35854332576815,0.04851986269942454,21.0,0.245284777525605
0.0,FW_diminishing,diminishing,831.0,0.04482007026672363,7.358581668038357,0.02124851899351743,21.0,0.24528605560127856
0.0,FW_diminishing,diminishing,832.0,0.04486989974975586,7.35855286921237,0.051655675652931166,21.0,0.24528509564041234
0.0,FW_diminishing,diminishing,833.0,0.044921159744262695,7.35856504453449,0.04332017927818477,21.0,0.245285501484483
0.0,FW_diminishing,diminishing,834.0,0.04497194290161133,7.358527182243315,0.05796856020884711,21.0,0.2452842394081105
0.0,FW_diminishing,diminishing,835.0,0.04502296447753906,7.35858694865214,0.02980226973685962,21.0,0.245286231621738
0.0,FW_diminishing,diminishing,836.0,0.0450749397277832,7.3585629774323005,0.049496095849542954,21.0,0.24528543258107668
0.0,FW_diminishing,diminishing,837.0,0.04512476921081543,7.358584406346043,0.03804518387245803,21.0,0.2452861468782014
0.0,FW_diminishing,diminishing,838.0,0.045176029205322266,7.358570690030775,0.047677750108600314,21.0,0.2452856896676925
0.0,FW_diminishing,diminishing,839.0,0.045228004455566406,7.358540528209688,0.05746817503372892,21.0,0.24528468427365627
0.0,FW_diminishing,diminishing,840.0,0.045278072357177734,7.358538878008983,0.03993687233969734,21.0,0.2452846292669661
0.0,FW_diminishing,diminishing,841.0,0.04532885551452637,7.358531585161702,0.05662861113648887,21.0,0.24528438617205675
0.0,FW_diminishing,diminishing,842.0,0.0453798770904541,7.358545879668164,0.03072320279453944,21.0,0.24528486265560548
0.0,FW_diminishing,diminishing,843.0,0.04543805122375488,7.358552456813507,0.03631538850954197,21.0,0.24528508189378356
0.0,FW_diminishing,diminishing,844.0,0.04548788070678711,7.358537127551504,0.05428421645560633,21.0,0.24528457091838346
0.0,FW_diminishing,diminishing,845.0,0.04554486274719238,7.358495697876585,0.06003906148984761,21.0,0.24528318992921952
0.0,FW_diminishing,diminishing,846.0,0.04560589790344238,7.3585280418511045,0.025216022757800438,21.0,0.24528426806170348
0.0,FW_diminishing,diminishing,847.0,0.04565691947937012,7.358492136477086,0.05961010319814264,21.0,0.24528307121590284
0.0,FW_diminishing,diminishing,848.0,0.04570794105529785,7.358512735677253,0.034720453802591145,21.0,0.24528375785590842
0.0,FW_diminishing,diminishing,849.0,0.045758962631225586,7.358491785387071,0.05029575083072224,21.0,0.24528305951290236
0.0,FW_diminishing,diminishing,850.0,0.04580998420715332,7.3585374447241305,0.03348386015648064,21.0,0.24528458149080434
0.0,FW_diminishing,diminishing,851.0,0.04586386680603027,7.358493235367482,0.05763287353343394,21.0,0.24528310784558274
0.0,FW_diminishing,diminishing,852.0,0.04591488838195801,7.358472075733385,0.05639240368503362,21.0,0.24528240252444616
0.0,FW_diminishing,diminishing,853.0,0.045966148376464844,7.358463374765882,0.05147862672224246,21.0,0.24528211249219606
0.0,FW_diminishing,diminishing,854.0,0.04601693153381348,7.358463395013223,0.03858869162442513,21.0,0.24528211316710744
0.0,FW_diminishing,diminishing,855.0,0.04606795310974121,7.358482946558884,0.04114188807678243,21.0,0.24528276488529613
0.0,FW_diminishing,diminishing,856.0,0.04611992835998535,7.358525424256049,0.022756735696100705,21.0,0.24528418080853498
0.0,FW_diminishing,diminishing,857.0,0.046170949935913086,7.358554812623844,0.03721188332644498,21.0,0.2452851604207948
0.0,FW_diminishing,diminishing,858.0,0.04622220993041992,7.358598244030951,0.03376732917772163,21.0,0.24528660813436504
0.0,FW_diminishing,diminishing,859.0,0.046272993087768555,7.358589316138721,0.04222480545465768,21.0,0.24528631053795735
0.0,FW_diminishing,diminishing,860.0,0.046324968338012695,7.358597729072575,0.04216314814931099,21.0,0.24528659096908584
0.0,FW_diminishing,diminishing,861.0,0.04638481140136719,7.358598557034071,0.04648289091007651,21.0,0.24528661856780237
0.0,FW_diminishing,diminishing,862.0,0.046443939208984375,7.358577983964419,0.04964462571405104,21.0,0.24528593279881397
0.0,FW_diminishing,diminishing,863.0,0.04649496078491211,7.358592334593738,0.0372892154844795,21.0,0.2452864111531246
0.0,FW_diminishing,diminishing,864.0,0.04654693603515625,7.358528852677423,0.06570164898470487,21.0,0.24528429508924743
0.0,FW_diminishing,diminishing,865.0,0.046597957611083984,7.358539766392309,0.031050090497878102,21.0,0.24528465887974363
0.0,FW_diminishing,diminishing,866.0,0.04664921760559082,7.358586494135952,0.021095945833006446,21.0,0.2452862164711984
0.0,FW_diminishing,diminishing,867.0,0.04670000076293945,7.3585552693626175,0.05161681651056682,21.0,0.24528517564542057
0.0,FW_diminishing,diminishing,868.0,0.04675102233886719,7.358544963670065,0.05728142285055604,21.0,0.24528483212233548
0.0,FW_diminishing,diminishing,869.0,0.04680204391479492,7.358631787317341,0.008511168395923363,21.0,0.24528772624391137
0.0,FW_diminishing,diminishing,870.0,0.046852827072143555,7.358636235036717,0.04515752999513012,21.0,0.24528787450122388
0.0,FW_diminishing,diminishing,871.0,0.0469050407409668,7.358608770056509,0.049859637033137005,21.0,0.24528695900188363
0.0,FW_diminishing,diminishing,872.0,0.04695606231689453,7.358597652246087,0.056513198560166344,21.0,0.2452865884082029
0.0,FW_diminishing,diminishing,873.0,0.047007083892822266,7.358606655634103,0.03830193055923825,21.0,0.24528688852113678
0.0,FW_diminishing,diminishing,874.0,0.047059059143066406,7.358631815212746,0.0355575041651246,21.0,0.2452877271737582
0.0,FW_diminishing,diminishing,875.0,0.04710888862609863,7.358598457829112,0.052331302060454554,21.0,0.2452866152609704
0.0,FW_diminishing,diminishing,876.0,0.04716014862060547,7.358583602268811,0.04940098025282147,21.0,0.24528612007562703
0.0,FW_diminishing,diminishing,877.0,0.04721403121948242,7.358623290940835,0.02850350026755777,21.0,0.24528744303136116
0.0,FW_diminishing,diminishing,878.0,0.047261953353881836,7.358586994596052,0.053548730629947805,21.0,0.24528623315320172
0.0,FW_diminishing,diminishing,879.0,0.04731392860412598,7.358558748014077,0.052419546125203276,21.0,0.24528529160046922
0.0,FW_diminishing,diminishing,880.0,0.04736495018005371,7.358568113243564,0.047034746046152875,21.0,0.24528560377478545
0.0,FW_diminishing,diminishing,881.0,0.047415971755981445,7.358568633091966,0.0444759134896584,21.0,0.24528562110306554
0.0,FW_diminishing,diminishing,882.0,0.04746699333190918,7.358556737730195,0.04264149775846171,21.0,0.24528522459100652
0.0,FW_diminishing,diminishing,883.0,0.047518014907836914,7.358574705905857,0.037705106334035676,21.0,0.24528582353019523
0.0,FW_diminishing,diminishing,884.0,0.04756879806518555,7.358564345557908,0.044322707935633865,21.0,0.2452854781852636
0.0,FW_diminishing,diminishing,885.0,0.0476229190826416,7.358556340179036,0.03854159206131946,21.0,0.2452852113393012
0.0,FW_diminishing,diminishing,886.0,0.047673940658569336,7.358554859385489,0.037862088180830256,21.0,0.2452851619795163
0.0,FW_diminishing,diminishing,887.0,0.04772496223449707,7.358502772196266,0.06553798056466142,21.0,0.24528342573987552
0.0,FW_diminishing,diminishing,888.0,0.047775983810424805,7.35857408711351,0.0189066823079731,21.0,0.24528580290378368
0.0,FW_diminishing,diminishing,889.0,0.04782700538635254,7.358546445304764,0.049419676699008264,21.0,0.24528488151015881
0.0,FW_diminishing,diminishing,890.0,0.04787778854370117,7.358546636559537,0.04567946090051489,21.0,0.2452848878853179
0.0,FW_diminishing,diminishing,891.0,0.04792904853820801,7.3585544149653375,0.04178310922908235,21.0,0.24528514716551125
0.0,FW_diminishing,diminishing,892.0,0.04798007011413574,7.358560292647388,0.038716876438572356,21.0,0.24528534308824626
0.0,FW_diminishing,diminishing,893.0,0.04803204536437988,7.358550131933213,0.043879484688921444,21.0,0.24528500439777376
0.0,FW_diminishing,diminishing,894.0,0.04808306694030762,7.3585197849347015,0.050496101890085576,21.0,0.2452839928311567
0.0,FW_diminishing,diminishing,895.0,0.04813385009765625,7.358553354282317,0.03522712092791824,21.0,0.24528511180941057
0.0,FW_diminishing,diminishing,896.0,0.048185110092163086,7.35856756316267,0.028159698679324663,21.0,0.24528558543875567
0.0,FW_diminishing,diminishing,897.0,0.04823613166809082,7.358544716575963,0.04703931924165605,21.0,0.24528482388586545
0.0,FW_diminishing,diminishing,898.0,0.04828691482543945,7.358546463165673,0.04102677113364006,21.0,0.24528488210552243
0.0,FW_diminishing,diminishing,899.0,0.04833793640136719,7.358551380581238,0.03768186432080878,21.0,0.2452850460193746
0.0,FW_diminishing,diminishing,900.0,0.04838895797729492,7.358525483916257,0.04832977746872036,21.0,0.24528418279720857
0.0,FW_diminishing,diminishing,901.0,0.048439979553222656,7.35847060502774,0.06959445437858314,21.0,0.24528235350092467
0.0,FW_diminishing,diminishing,902.0,0.04849100112915039,7.35853341464477,0.0266189909781529,21.0,0.24528444715482564
0.0,FW_diminishing,diminishing,903.0,0.04854297637939453,7.358523581189608,0.04334647104662981,21.0,0.24528411937298694
0.0,FW_diminishing,diminishing,904.0,0.048593997955322266,7.358522446875078,0.036977415169067385,21.0,0.24528408156250261
0.0,FW_diminishing,diminishing,905.0,0.0486447811126709,7.358527181082369,0.04847829379628443,21.0,0.2452842393694123
0.0,FW_diminishing,diminishing,906.0,0.048696041107177734,7.358548600139318,0.02984811847859703,21.0,0.24528495333797726
0.0,FW_diminishing,diminishing,907.0,0.04874610900878906,7.358570277903932,0.02646750569228562,21.0,0.24528567593013106
0.0,FW_diminishing,diminishing,908.0,0.048796892166137695,7.3585394687905845,0.05540294225700926,21.0,0.24528464895968616
0.0,FW_diminishing,diminishing,909.0,0.04884696006774902,7.358533621160792,0.03672904526463938,21.0,0.24528445403869306
0.0,FW_diminishing,diminishing,910.0,0.048899173736572266,7.358558606702593,0.024803552628754666,21.0,0.24528528689008644
0.0,FW_diminishing,diminishing,911.0,0.04894900321960449,7.358528155888246,0.0633641302165655,21.0,0.24528427186294152
0.0,FW_diminishing,diminishing,912.0,0.04900002479553223,7.358522769582333,0.04668868142139626,21.0,0.2452840923194111
0.0,FW_diminishing,diminishing,913.0,0.04905080795288086,7.358517657968323,0.040804761617595275,21.0,0.24528392193227744
0.0,FW_diminishing,diminishing,914.0,0.04910016059875488,7.358528220914489,0.03550645860305046,21.0,0.24528427403048297
0.0,FW_diminishing,diminishing,915.0,0.049150943756103516,7.358512475628022,0.04325907107067817,21.0,0.2452837491876007
0.0,FW_diminishing,diminishing,916.0,0.049202919006347656,7.358522366659832,0.036442979089369665,21.0,0.24528407888866108
0.0,FW_diminishing,diminishing,917.0,0.04925394058227539,7.358571218111809,0.016622693661759058,21.0,0.24528570727039364
0.0,FW_diminishing,diminishing,918.0,0.04930400848388672,7.3585522211262235,0.044663909845698235,21.0,0.2452850740375408
0.0,FW_diminishing,diminishing,919.0,0.04935598373413086,7.3585410487378375,0.04904093478363958,21.0,0.2452847016245946
0.0,FW_diminishing,diminishing,920.0,0.04940605163574219,7.35855840627588,0.040930051768445885,21.0,0.245285280209196
0.0,FW_diminishing,diminishing,921.0,0.04945683479309082,7.358540139334916,0.04423782729174608,21.0,0.24528467131116385
0.0,FW_diminishing,diminishing,922.0,0.04950881004333496,7.358518079985007,0.054390121308951045,21.0,0.24528393599950024
0.0,FW_diminishing,diminishing,923.0,0.0495600700378418,7.35847600345214,0.062174330020709156,21.0,0.24528253344840467
0.0,FW_diminishing,diminishing,924.0,0.04961109161376953,7.358519857020802,0.023299395273586043,21.0,0.24528399523402675
0.0,FW_diminishing,diminishing,925.0,0.049661874771118164,7.35851481573437,0.04030381565026886,21.0,0.24528382719114566
0.0,FW_diminishing,diminishing,926.0,0.04971194267272949,7.358489363513337,0.04743151242178367,21.0,0.24528297878377792
0.0,FW_diminishing,diminishing,927.0,0.04976010322570801,7.358488104357027,0.04916589583815423,21.0,0.24528293681190091
0.0,FW_diminishing,diminishing,928.0,0.04981088638305664,7.3584712939967725,0.04119602347500084,21.0,0.2452823764665591
0.0,FW_diminishing,diminishing,929.0,0.049861907958984375,7.3584530582167575,0.04398834902820514,21.0,0.24528176860722525
0.0,FW_diminishing,diminishing,930.0,0.04991316795349121,7.358465999580055,0.03433226156030322,21.0,0.24528219998600184
0.0,FW_diminishing,diminishing,931.0,0.04996514320373535,7.358509919479365,0.01487246053709157,21.0,0.2452836639826455
0.0,FW_diminishing,diminishing,932.0,0.050015926361083984,7.358529040693693,0.03475389216645475,21.0,0.24528430135645643
0.0,FW_diminishing,diminishing,933.0,0.05007600784301758,7.358498183990461,0.05768282654806978,21.0,0.24528327279968204
0.0,FW_diminishing,diminishing,934.0,0.050126075744628906,7.358496446770009,0.042984010309083054,21.0,0.24528321489233365
0.0,FW_diminishing,diminishing,935.0,0.05017709732055664,7.358488937705858,0.041081686904588466,21.0,0.24528296459019527
0.0,FW_diminishing,diminishing,936.0,0.05023694038391113,7.358513641666881,0.037342310266867074,21.0,0.2452837880555627
0.0,FW_diminishing,diminishing,937.0,0.05029106140136719,7.358485604263084,0.04836995085135776,21.0,0.24528285347543613
0.0,FW_diminishing,diminishing,938.0,0.05033993721008301,7.358506362485834,0.03823289807021535,21.0,0.24528354541619446
0.0,FW_diminishing,diminishing,939.0,0.05039095878601074,7.358500431057267,0.03576817531938126,21.0,0.24528334770190888
0.0,FW_diminishing,diminishing,940.0,0.05044293403625488,7.3584793435848965,0.04501938130841232,21.0,0.2452826447861632
0.0,FW_diminishing,diminishing,941.0,0.05049395561218262,7.358466520814519,0.044180052675678816,21.0,0.24528221736048395
0.0,FW_diminishing,diminishing,942.0,0.050543785095214844,7.358459804780352,0.04599023506301947,21.0,0.2452819934926784
0.0,FW_diminishing,diminishing,943.0,0.05059504508972168,7.358459708793723,0.03500002862699514,21.0,0.2452819902931241
0.0,FW_diminishing,diminishing,944.0,0.050646066665649414,7.358481135960096,0.032990703318771075,21.0,0.2452827045320032
0.0,FW_diminishing,diminishing,945.0,0.05069708824157715,7.358511396344173,0.033295828301132424,21.0,0.2452837132114724
0.0,FW_diminishing,diminishing,946.0,0.05074787139892578,7.358508757994265,0.040243039295306815,21.0,0.2452836252664755
0.0,FW_diminishing,diminishing,947.0,0.050798892974853516,7.358503082585849,0.037505500640213185,21.0,0.24528343608619496
0.0,FW_diminishing,diminishing,948.0,0.05086684226989746,7.35849045946355,0.043049773364571386,21.0,0.24528301531545166
0.0,FW_diminishing,diminishing,949.0,0.05094504356384277,7.358432559238302,0.07008726496135775,21.0,0.2452810853079434
0.0,FW_diminishing,diminishing,950.0,0.05100607872009277,7.358466503915487,0.023334247650802276,21.0,0.2452822167971829
0.0,FW_diminishing,diminishing,951.0,0.05105996131896973,7.3584405973197855,0.04703097377038823,21.0,0.24528135324399286
0.0,FW_diminishing,diminishing,952.0,0.051115989685058594,7.3584497525231995,0.04011556504696845,21.0,0.24528165841743998
0.0,FW_diminishing,diminishing,953.0,0.051167964935302734,7.358437707603393,0.042610432177888846,21.0,0.2452812569201131
0.0,FW_diminishing,diminishing,954.0,0.05122089385986328,7.358457550476453,0.02504680706814355,21.0,0.24528191834921512
0.0,FW_diminishing,diminishing,955.0,0.051275014877319336,7.358448941741415,0.051283401042111265,21.0,0.24528163139138048
0.0,FW_diminishing,diminishing,956.0,0.05132794380187988,7.358465851790151,0.03406973817200232,21.0,0.2452821950596717
0.0,FW_diminishing,diminishing,957.0,0.05137991905212402,7.358474146583921,0.037170179972934925,21.0,0.24528247155279737
0.0,FW_diminishing,diminishing,958.0,0.05146384239196777,7.3584697347002646,0.03652936854926292,21.0,0.2452823244900088
0.0,FW_diminishing,diminishing,959.0,0.051534175872802734,7.358442520491599,0.05557602449744703,21.0,0.24528141734971998
0.0,FW_diminishing,diminishing,960.0,0.051590919494628906,7.358490408897306,0.014284548417615284,21.0,0.2452830136299102
0.0,FW_diminishing,diminishing,961.0,0.05164384841918945,7.358521974771377,0.03244912473708084,21.0,0.24528406582571258
0.0,FW_diminishing,diminishing,962.0,0.051698923110961914,7.3584912082242555,0.0491243846279259,21.0,0.24528304027414186
0.0,FW_diminishing,diminishing,963.0,0.05174994468688965,7.3584980774119835,0.02882853957832321,21.0,0.24528326924706612
0.0,FW_diminishing,diminishing,964.0,0.051802873611450195,7.358529923730002,0.021012676197327274,21.0,0.24528433079100007
0.0,FW_diminishing,diminishing,965.0,0.051854848861694336,7.358519106338838,0.04703402741433038,21.0,0.2452839702112946
0.0,FW_diminishing,diminishing,966.0,0.05190706253051758,7.358497305239113,0.044695782605919554,21.0,0.24528324350797043
0.0,FW_diminishing,diminishing,967.0,0.051956892013549805,7.358464285144617,0.06260155974296389,21.0,0.2452821428381539
0.0,FW_diminishing,diminishing,968.0,0.052008867263793945,7.358483498001578,0.029453390098463927,21.0,0.2452827832667193
0.0,FW_diminishing,diminishing,969.0,0.05205988883972168,7.358440066029712,0.05514638005391337,21.0,0.24528133553432374
0.0,FW_diminishing,diminishing,970.0,0.052110910415649414,7.358427866059895,0.04396667852349534,21.0,0.24528092886866315
0.0,FW_diminishing,diminishing,971.0,0.052163124084472656,7.358420967434367,0.03952699904026602,21.0,0.2452806989144789
0.0,FW_diminishing,diminishing,972.0,0.05221700668334961,7.3584444028729195,0.030055682688844954,21.0,0.24528148009576398
0.0,FW_diminishing,diminishing,973.0,0.05227398872375488,7.3584443075825465,0.03392342371506718,21.0,0.2452814769194182
0.0,FW_diminishing,diminishing,974.0,0.05232596397399902,7.35845150596692,0.04271562597131329,21.0,0.24528171686556402
0.0,FW_diminishing,diminishing,975.0,0.052375078201293945,7.358467580505508,0.028923446927175078,21.0,0.24528225268351692
0.0,FW_diminishing,diminishing,976.0,0.05242490768432617,7.358467687180294,0.033720426077113785,21.0,0.24528225623934313
0.0,FW_diminishing,diminishing,977.0,0.0524749755859375,7.358449306096073,0.052369196182830535,21.0,0.24528164353653578
0.0,FW_diminishing,diminishing,978.0,0.052525997161865234,7.358456643110667,0.03479178499316138,21.0,0.24528188810368892
0.0,FW_diminishing,diminishing,979.0,0.05257701873779297,7.35843572853642,0.043948783844117045,21.0,0.24528119095121398
0.0,FW_diminishing,diminishing,980.0,0.0526280403137207,7.3584751939863215,0.020772922793615756,21.0,0.24528250646621072
0.0,FW_diminishing,diminishing,981.0,0.05267786979675293,7.358467112602774,0.03977526300064138,21.0,0.24528223708675914
0.0,FW_diminishing,diminishing,982.0,0.052729129791259766,7.358450985732478,0.0490201830921686,21.0,0.24528169952441595
0.0,FW_diminishing,diminishing,983.0,0.0527801513671875,7.35846807875193,0.02509679349427074,21.0,0.245282269291731
0.0,FW_diminishing,diminishing,984.0,0.05283093452453613,7.3584591011854785,0.04582819237970881,21.0,0.24528197003951596
0.0,FW_diminishing,diminishing,985.0,0.05288195610046387,7.358439690024704,0.05531814187396389,21.0,0.24528132300082345
0.0,FW_diminishing,diminishing,986.0,0.0529329776763916,7.35846072122003,0.02699774159465207,21.0,0.24528202404066768
0.0,FW_diminishing,diminishing,987.0,0.052983999252319336,7.358472618494062,0.0275011946767183,21.0,0.24528242061646874
0.0,FW_diminishing,diminishing,988.0,0.05303502082824707,7.358463215058524,0.045484304562597444,21.0,0.24528210716861748
0.0,FW_diminishing,diminishing,989.0,0.053086042404174805,7.358444467967761,0.04481361149545826,21.0,0.24528148226559204
0.0,FW_diminishing,diminishing,990.0,0.05313682556152344,7.358451375393759,0.03449589412029486,21.0,0.2452817125131253
0.0,FW_diminishing,diminishing,991.0,0.05318784713745117,7.358444348329334,0.036757517204140555,21.0,0.24528147827764446
0.0,FW_diminishing,diminishing,992.0,0.05323910713195801,7.358429807409261,0.03845144481440421,21.0,0.24528099358030872
0.0,FW_diminishing,diminishing,993.0,0.05329108238220215,7.358447327868999,0.03661702539540812,21.0,0.2452815775956333
0.0,FW_diminishing,diminishing,994.0,0.05334186553955078,7.358446285465733,0.03368132100444576,21.0,0.24528154284885775
0.0,FW_diminishing,diminishing,995.0,0.053392887115478516,7.358435969215987,0.04120542750123146,21.0,0.24528119897386622
0.0,FW_diminishing,diminishing,996.0,0.05344390869140625,7.358428322771352,0.04431561982234822,21.0,0.24528094409237838
0.0,FW_diminishing,diminishing,997.0,0.053495168685913086,7.358445819170087,0.024304432308608348,21.0,0.24528152730566957
0.0,FW_diminishing,diminishing,998.0,0.05354595184326172,7.358453677999198,0.03949333107655306,21.0,0.24528178926663993
0.0,FW_diminishing,diminishing,999.0,0.05359697341918945,7.358483929431358,0.024254440498280516,21.0,0.24528279764771194
0.0,FW_exact,exact,0.0,0.00013709068298339844,18.4919337362889,37.161377149472436,1.0,0.61639779120963
0.0,FW_exact,exact,1.0,0.00020885467529296875,13.028494175475444,27.134355230607216,2.0,0.4342831391825148
0.0,FW_exact,exact,2.0,0.0002760887145996094,10.69453255378217,16.673484045123725,3.0,0.35648441845940565
0.0,FW_exact,exact,3.0,0.0003399848937988281,10.132000310217448,9.714516857546787,4.0,0.33773334367391494
0.0,FW_exact,exact,4.0,0.00040411949157714844,9.579004792257747,6.930522484409191,5.0,0.3193001597419249
0.0,FW_exact,exact,5.0,0.00046706199645996094,9.199796436419627,6.20053288752405,6.0,0.3066598812139876
0.0,FW_exact,exact,6.0,0.0005300045013427734,9.021352442276484,3.9909614599865098,7.0,0.3007117480758828
0.0,FW_exact,exact,7.0,0.0005919933319091797,8.869224939017982,3.4657365828139053,8.0,0.2956408313005994
0.0,FW_exact,exact,8.0,0.0006549358367919922,8.671013178362482,3.864322677147337,9.0,0.28903377261208274
0.0,FW_exact,exact,9.0,0.0007188320159912109,8.496739579984146,4.208962877173712,10.0,0.2832246526661382
0.0,FW_exact,exact,10.0,0.0007808208465576172,8.415702729916347,2.5359523983197096,11.0,0.2805234243305449
0.0,FW_exact,exact,11.0,0.0008480548858642578,8.365475161625142,2.072590148224002,12.0,0.27884917205417137
0.0,FW_exact,exact,12.0,0.0009109973907470703,8.315463408412702,2.060262983003051,12.0,0.2771821136137567
0.0,FW_exact,exact,13.0,0.0009729862213134766,8.219431726234804,2.6415740317687026,12.0,0.27398105754116014
0.0,FW_exact,exact,14.0,0.0010368824005126953,8.16133950975348,2.159738276911094,12.0,0.272044650325116
0.0,FW_exact,exact,15.0,0.0010988712310791016,8.118620249679111,1.7796307072334159,12.0,0.2706206749893037
0.0,FW_exact,exact,16.0,0.0011620521545410156,8.068701938077366,2.046722471854566,13.0,0.2689567312692455
0.0,FW_exact,exact,17.0,0.0012249946594238281,8.042097516918489,1.349791907386039,13.0,0.2680699172306163
0.0,FW_exact,exact,18.0,0.0012879371643066406,8.00280649578222,1.9326466789472816,13.0,0.266760216526074
0.0,FW_exact,exact,19.0,0.0013489723205566406,7.97398657857763,1.5588652787603188,13.0,0.26579955261925436
0.0,FW_exact,exact,20.0,0.001409769058227539,7.9560688216635365,1.2261230301844757,13.0,0.2652022940554512
0.0,FW_exact,exact,21.0,0.0014729499816894531,7.9235175040546855,1.5046687134043788,13.0,0.2641172501351562
0.0,FW_exact,exact,22.0,0.001538991928100586,7.883921977509157,1.6182027559679995,13.0,0.26279739925030526
0.0,FW_exact,exact,23.0,0.001603841781616211,7.86839829027244,1.0599141186888303,13.0,0.2622799430090813
0.0,FW_exact,exact,24.0,0.0016667842864990234,7.848814265542746,1.3644145945294825,14.0,0.2616271421847582
0.0,FW_exact,exact,25.0,0.0017287731170654297,7.831914654205379,1.0740351749365677,14.0,0.26106382180684595
0.0,FW_exact,exact,26.0,0.0017879009246826172,7.820319881174436,1.0345676180765802,14.0,0.2606773293724812
0.0,FW_exact,exact,27.0,0.001847982406616211,7.808471615093179,0.9903207360280017,14.0,0.26028238716977264
0.0,FW_exact,exact,28.0,0.001909017562866211,7.791022413749935,1.1401989386752653,14.0,0.2597007471249978
0.0,FW_exact,exact,29.0,0.0019669532775878906,7.7718418812575285,1.1486530564392226,14.0,0.25906139604191764
0.0,FW_exact,exact,30.0,0.002027750015258789,7.7558776953583495,1.1152192427620324,14.0,0.25852925651194497
0.0,FW_exact,exact,31.0,0.0020911693572998047,7.74534486107676,0.8184990408993391,14.0,0.258178162035892
0.0,FW_exact,exact,32.0,0.0021529197692871094,7.7343601689749635,0.863183939934391,14.0,0.2578120056324988
0.0,FW_exact,exact,33.0,0.002213001251220703,7.727766894060066,0.735736613424784,14.0,0.2575922298020022
0.0,FW_exact,exact,34.0,0.0022737979888916016,7.716272842389972,0.9122453103566004,14.0,0.2572090947463324
0.0,FW_exact,exact,35.0,0.002332925796508789,7.7095894552615265,0.7831495947289042,14.0,0.25698631517538423
0.0,FW_exact,exact,36.0,0.002393007278442383,7.7016298287297,0.7750287312481614,14.0,0.25672099429099
0.0,FW_exact,exact,37.0,0.0024530887603759766,7.693593748513307,0.736489119919848,14.0,0.2564531249504436
0.0,FW_exact,exact,38.0,0.0025129318237304688,7.686159001897187,0.7555433558834093,14.0,0.25620530006323955
0.0,FW_exact,exact,39.0,0.0025718212127685547,7.681015074895435,0.6122933746953052,14.0,0.25603383582984784
0.0,FW_exact,exact,40.0,0.0026319026947021484,7.67539637525378,0.6139694747884707,14.0,0.25584654584179267
0.0,FW_exact,exact,41.0,0.002691984176635742,7.6673148589663755,0.8173352574071995,14.0,0.25557716196554586
0.0,FW_exact,exact,42.0,0.002752065658569336,7.662644262419709,0.6111973229304732,14.0,0.2554214754139903
0.0,FW_exact,exact,43.0,0.002811908721923828,7.657356026958737,0.6147876676818838,14.0,0.25524520089862457
0.0,FW_exact,exact,44.0,0.002869844436645508,7.652429072866764,0.6716411934106992,14.0,0.2550809690955588
0.0,FW_exact,exact,45.0,0.002933025360107422,7.645420586035486,0.687801207673238,14.0,0.25484735286784954
0.0,FW_exact,exact,46.0,0.002997159957885742,7.639093485831028,0.7484380469536482,15.0,0.2546364495277009
0.0,FW_exact,exact,47.0,0.003056049346923828,7.6364628277026405,0.5136212704384064,16.0,0.2545487609234213
0.0,FW_exact,exact,48.0,0.0031158924102783203,7.634373227368214,0.41190765571586585,16.0,0.2544791075789405
0.0,FW_exact,exact,49.0,0.003175973892211914,7.63088304309947,0.48267443996713144,16.0,0.25436276810331565
0.0,FW_exact,exact,50.0,0.00323486328125,7.626132305586761,0.6597306961247593,16.0,0.25420441018622536
0.0,FW_exact,exact,51.0,0.0032949447631835938,7.621407145796331,0.6258519030767777,16.0,0.2540469048598777
0.0,FW_exact,exact,52.0,0.0033600330352783203,7.6186824121869074,0.425913619748008,16.0,0.25395608040623024
0.0,FW_exact,exact,53.0,0.0034198760986328125,7.615021547760525,0.547257878473455,16.0,0.2538340515920175
0.0,FW_exact,exact,54.0,0.0034918785095214844,7.610697994168623,0.5616643504713581,16.0,0.2536899331389541
0.0,FW_exact,exact,55.0,0.003554821014404297,7.60781981456706,0.47888430441268603,16.0,0.253593993818902
0.0,FW_exact,exact,56.0,0.003618955612182617,7.604554238438785,0.4670378036198626,16.0,0.25348514128129285
0.0,FW_exact,exact,57.0,0.003676891326904297,7.599182905772601,0.6417819244766108,16.0,0.25330609685908667
0.0,FW_exact,exact,58.0,0.0037369728088378906,7.5975716386412095,0.38214321377532734,16.0,0.253252387954707
0.0,FW_exact,exact,59.0,0.0037949085235595703,7.594142812473535,0.4788858532914704,16.0,0.25313809374911783
0.0,FW_exact,exact,60.0,0.003854990005493164,7.5892314228382185,0.557164365495689,16.0,0.25297438076127393
0.0,FW_exact,exact,61.0,0.0039179325103759766,7.5855427584554125,0.5130501635926752,16.0,0.25285142528184706
0.0,FW_exact,exact,62.0,0.003979921340942383,7.581776786674767,0.592127287052441,16.0,0.25272589288915887
0.0,FW_exact,exact,63.0,0.004042863845825195,7.5787375416664355,0.4506932621960109,16.0,0.2526245847222145
0.0,FW_exact,exact,64.0,0.004105091094970703,7.575326108018745,0.5285598010222357,16.0,0.25251087026729147
0.0,FW_exact,exact,65.0,0.004164934158325195,7.5725715459370795,0.44739711484529554,16.0,0.252419051531236
0.0,FW_exact,exact,66.0,0.0042247772216796875,7.5706439980083005,0.37876467003632364,16.0,0.25235479993361004
0.0,FW_exact,exact,67.0,0.004285097122192383,7.568266258605515,0.39814514555444447,16.0,0.25227554195351715
0.0,FW_exact,exact,68.0,0.004343986511230469,7.5642411084943735,0.6073998931459021,16.0,0.25214137028314576
0.0,FW_exact,exact,69.0,0.0044040679931640625,7.5622238647308535,0.37823659400478604,16.0,0.2520741288243618
0.0,FW_exact,exact,70.0,0.004463911056518555,7.5602399717459585,0.401989161244658,16.0,0.2520079990581986
0.0,FW_exact,exact,71.0,0.004523038864135742,7.557565820577424,0.4226753689825129,16.0,0.2519188606859141
0.0,FW_exact,exact,72.0,0.004582881927490234,7.553798534646468,0.5366625478491329,16.0,0.2517932844882156
0.0,FW_exact,exact,73.0,0.004644870758056641,7.5513252603549335,0.3938407764486307,16.0,0.25171084201183114
0.0,FW_exact,exact,74.0,0.004707813262939453,7.548580654177987,0.4283947704614217,16.0,0.2516193551392662
0.0,FW_exact,exact,75.0,0.004769802093505859,7.546446169922303,0.4193283118830271,16.0,0.25154820566407676
0.0,FW_exact,exact,76.0,0.004832744598388672,7.544599900429991,0.4097876862758705,16.0,0.25148666334766634
0.0,FW_exact,exact,77.0,0.0048961639404296875,7.543349162408588,0.3186667004486745,16.0,0.25144497208028627
0.0,FW_exact,exact,78.0,0.004956960678100586,7.54111038214353,0.38651740575708704,16.0,0.251370346071451
0.0,FW_exact,exact,79.0,0.005016803741455078,7.5390131156255435,0.39013785511347,16.0,0.2513004371875181
0.0,FW_exact,exact,80.0,0.005075931549072266,7.536823011320695,0.4043791328015587,16.0,0.25122743371068984
0.0,FW_exact,exact,81.0,0.005136013031005859,7.535633303294688,0.28997333909160705,16.0,0.25118777677648957
0.0,FW_exact,exact,82.0,0.0051958560943603516,7.534218985788769,0.3614573030570103,16.0,0.2511406328596256
0.0,FW_exact,exact,83.0,0.005254983901977539,7.5324815406032455,0.34012085643681456,16.0,0.2510827180201082
0.0,FW_exact,exact,84.0,0.005314826965332031,7.530819599905992,0.3678887489553766,16.0,0.2510273199968664
0.0,FW_exact,exact,85.0,0.0053751468658447266,7.529492819197438,0.3470246486937407,16.0,0.2509830939732479
0.0,FW_exact,exact,86.0,0.0054340362548828125,7.5280888877926095,0.315291076139939,16.0,0.25093629625975367
0.0,FW_exact,exact,87.0,0.0054931640625,7.5260936871189585,0.3987418659332329,16.0,0.25086978957063194
0.0,FW_exact,exact,88.0,0.005553007125854492,7.524194533059982,0.35585149483920286,16.0,0.25080648443533277
0.0,FW_exact,exact,89.0,0.005611896514892578,7.521268090379883,0.47261576470117195,16.0,0.2507089363459961
0.0,FW_exact,exact,90.0,0.005671977996826172,7.5201155088195675,0.2680556407768382,16.0,0.25067051696065223
0.0,FW_exact,exact,91.0,0.0057299137115478516,7.518303136887776,0.3476024074746986,16.0,0.2506101045629259
0.0,FW_exact,exact,92.0,0.005792140960693359,7.517109548504326,0.3114474625454964,16.0,0.25057031828347753
0.0,FW_exact,exact,93.0,0.0058519840240478516,7.514992512957207,0.3881015441345692,16.0,0.2504997504319069
0.0,FW_exact,exact,94.0,0.005911827087402344,7.5136730492698,0.3461806627876012,16.0,0.2504557683089933
0.0,FW_exact,exact,95.0,0.00597381591796875,7.512395875476833,0.29136297141384837,16.0,0.2504131958492278
0.0,FW_exact,exact,96.0,0.0060389041900634766,7.510851427809163,0.35646163466497605,16.0,0.25036171426030546
0.0,FW_exact,exact,97.0,0.006108999252319336,7.509388962166962,0.3829415721669971,16.0,0.2503129654055654
0.0,FW_exact,exact,98.0,0.006170988082885742,7.508293958175358,0.2982770648139752,16.0,0.2502764652725119
0.0,FW_exact,exact,99.0,0.0062329769134521484,7.507196530050192,0.2699527851376633,16.0,0.2502398843350064
0.0,FW_exact,exact,100.0,0.0063021183013916016,7.5058013394242025,0.35611507031966827,16.0,0.25019337798080676
0.0,FW_exact,exact,101.0,0.006365060806274414,7.504948772867146,0.26429259981732045,16.0,0.2501649590955715
0.0,FW_exact,exact,102.0,0.0064280033111572266,7.50432759020313,0.2216273761845997,16.0,0.250144253006771
0.0,FW_exact,exact,103.0,0.006488800048828125,7.503415223601106,0.24599301957088482,16.0,0.2501138407867035
0.0,FW_exact,exact,104.0,0.006549835205078125,7.502093759397962,0.31646074309972594,16.0,0.25006979197993207
0.0,FW_exact,exact,105.0,0.006609916687011719,7.501122692446975,0.2620268538737136,16.0,0.25003742308156585
0.0,FW_exact,exact,106.0,0.006670951843261719,7.499762587268016,0.3327782808417119,16.0,0.2499920862422672
0.0,FW_exact,exact,107.0,0.006731748580932617,7.498368913317802,0.30461027346188274,16.0,0.24994563044392673
0.0,FW_exact,exact,108.0,0.006793975830078125,7.4964151830584775,0.35017057068071544,16.0,0.24988050610194926
0.0,FW_exact,exact,109.0,0.006855010986328125,7.495488509945077,0.28987197529578435,16.0,0.24984961699816924
0.0,FW_exact,exact,110.0,0.006916999816894531,7.494466524238116,0.26053524971914577,16.0,0.24981555080793721
0.0,FW_exact,exact,111.0,0.00697779655456543,7.4929956233057,0.32657308065472535,16.0,0.24976652077685665
0.0,FW_exact,exact,112.0,0.007038116455078125,7.491972174959758,0.2884129535869979,16.0,0.24973240583199194
0.0,FW_exact,exact,113.0,0.007097959518432617,7.491196267015769,0.22680556289022302,16.0,0.24970654223385896
0.0,FW_exact,exact,114.0,0.0071561336517333984,7.490046920019075,0.29506145628730174,16.0,0.24966823066730248
0.0,FW_exact,exact,115.0,0.007215976715087891,7.489027836588086,0.2752495625286109,16.0,0.24963426121960286
0.0,FW_exact,exact,116.0,0.007279872894287109,7.487658655631196,0.31168857233083713,16.0,0.2495886218543732
0.0,FW_exact,exact,117.0,0.007340908050537109,7.4869477966706395,0.2559372597941296,16.0,0.249564926555688
0.0,FW_exact,exact,118.0,0.007411956787109375,7.485647460665524,0.29425498854001386,16.0,0.24952158202218414
0.0,FW_exact,exact,119.0,0.00747990608215332,7.484540472199666,0.31708670492295443,16.0,0.24948468240665553
0.0,FW_exact,exact,120.0,0.007536888122558594,7.4838323719155975,0.20996098232679383,16.0,0.24946107906385326
0.0,FW_exact,exact,121.0,0.007595062255859375,7.483129665383345,0.21582331322709436,16.0,0.24943765551277816
0.0,FW_exact,exact,122.0,0.007653951644897461,7.482257493570999,0.2510262444829898,16.0,0.2494085831190333
0.0,FW_exact,exact,123.0,0.007710933685302734,7.481087368364142,0.30862311778851925,16.0,0.2493695789454714
0.0,FW_exact,exact,124.0,0.00776982307434082,7.480454533712718,0.2047611088805219,16.0,0.24934848445709062
0.0,FW_exact,exact,125.0,0.007829904556274414,7.479525754508564,0.26510793789983556,16.0,0.24931752515028546
0.0,FW_exact,exact,126.0,0.007886886596679688,7.478865641757187,0.2158940092904995,16.0,0.24929552139190622
0.0,FW_exact,exact,127.0,0.007951974868774414,7.477931565216237,0.2635157295169517,16.0,0.24926438550720792
0.0,FW_exact,exact,128.0,0.0080108642578125,7.477423261328616,0.21441651540337858,16.0,0.2492474420442872
0.0,FW_exact,exact,129.0,0.008067846298217773,7.476250490529794,0.2794043254966674,16.0,0.24920834968432645
0.0,FW_exact,exact,130.0,0.008126020431518555,7.4755445159562015,0.2405341735859743,16.0,0.24918481719854005
0.0,FW_exact,exact,131.0,0.008183956146240234,7.474540296202864,0.28579500894742615,16.0,0.24915134320676213
0.0,FW_exact,exact,132.0,0.008244037628173828,7.473953681037444,0.21550482276677485,16.0,0.2491317893679148
0.0,FW_exact,exact,133.0,0.008306026458740234,7.473323982081215,0.21086509635603434,16.0,0.24911079940270717
0.0,FW_exact,exact,134.0,0.008366823196411133,7.472790091429094,0.21979537944875815,16.0,0.24909300304763649
0.0,FW_exact,exact,135.0,0.008427143096923828,7.471396785950296,0.30481858777867554,16.0,0.24904655953167654
0.0,FW_exact,exact,136.0,0.00848698616027832,7.470650708847584,0.25222520419969907,17.0,0.24902169029491947
0.0,FW_exact,exact,137.0,0.008546829223632812,7.470312009636475,0.17642450670989618,17.0,0.24901040032121582
0.0,FW_exact,exact,138.0,0.008608102798461914,7.469780708907295,0.1936158771045129,17.0,0.24899269029690982
0.0,FW_exact,exact,139.0,0.008667945861816406,7.469265961725963,0.18462202489617496,17.0,0.2489755320575321
0.0,FW_exact,exact,140.0,0.008727788925170898,7.468392616387829,0.2570963774521582,17.0,0.24894642054626098
0.0,FW_exact,exact,141.0,0.00878596305847168,7.46793003513501,0.19356364771966117,17.0,0.248931001171167
0.0,FW_exact,exact,142.0,0.008844852447509766,7.467332177435332,0.19906691302057933,17.0,0.24891107258117773
0.0,FW_exact,exact,143.0,0.008903980255126953,7.46648339912965,0.2477224626345249,17.0,0.24888277997098834
0.0,FW_exact,exact,144.0,0.008963823318481445,7.465894095737483,0.2310123174678198,17.0,0.24886313652458278
0.0,FW_exact,exact,145.0,0.009022951126098633,7.465361358196317,0.19873105734584673,17.0,0.2488453786065439
0.0,FW_exact,exact,146.0,0.009083032608032227,7.464659278468102,0.21584738639941836,17.0,0.24882197594893674
0.0,FW_exact,exact,147.0,0.009141921997070312,7.463999719151777,0.23136714955752158,17.0,0.24879999063839256
0.0,FW_exact,exact,148.0,0.009202957153320312,7.463145845251478,0.2647679844092172,17.0,0.24877152817504924
0.0,FW_exact,exact,149.0,0.009262800216674805,7.462773848074741,0.1833623018725845,17.0,0.24875912826915805
0.0,FW_exact,exact,150.0,0.0093231201171875,7.46201137950318,0.22501859400644975,17.0,0.24873371265010602
0.0,FW_exact,exact,151.0,0.009382963180541992,7.461131018170727,0.23446439001287267,17.0,0.24870436727235756
0.0,FW_exact,exact,152.0,0.009441852569580078,7.460712474906613,0.17178496818389455,17.0,0.24869041583022042
0.0,FW_exact,exact,153.0,0.009501934051513672,7.460224786796532,0.21191017639807352,17.0,0.2486741595598844
0.0,FW_exact,exact,154.0,0.009560823440551758,7.459740795290716,0.17904308477220443,17.0,0.24865802650969054
0.0,FW_exact,exact,155.0,0.009621143341064453,7.459180125750225,0.2132489683628327,17.0,0.2486393375250075
0.0,FW_exact,exact,156.0,0.009680032730102539,7.458723456770873,0.19009505622952272,17.0,0.24862411522569575
0.0,FW_exact,exact,157.0,0.009739875793457031,7.458066738163838,0.2154624697663614,17.0,0.24860222460546127
0.0,FW_exact,exact,158.0,0.009799003601074219,7.457613341626949,0.20254070856667994,17.0,0.24858711138756498
0.0,FW_exact,exact,159.0,0.009857892990112305,7.456961824786714,0.20792856908273372,17.0,0.24856539415955714
0.0,FW_exact,exact,160.0,0.009918928146362305,7.456001317513364,0.2697988419389219,17.0,0.24853337725044547
0.0,FW_exact,exact,161.0,0.009979963302612305,7.455795342884825,0.14318214394731132,17.0,0.24852651142949417
0.0,FW_exact,exact,162.0,0.010037899017333984,7.455379128115847,0.16599091423599255,17.0,0.24851263760386155
0.0,FW_exact,exact,163.0,0.010100126266479492,7.45473225247006,0.21614378315976257,17.0,0.24849107508233534
0.0,FW_exact,exact,164.0,0.010159015655517578,7.454113026896179,0.22419643615123164,17.0,0.24847043422987264
0.0,FW_exact,exact,165.0,0.010218143463134766,7.453714642940775,0.16238700755870283,17.0,0.2484571547646925
0.0,FW_exact,exact,166.0,0.010277986526489258,7.453200611536184,0.2157428972150255,17.0,0.24844002038453947
0.0,FW_exact,exact,167.0,0.010338783264160156,7.452603439308702,0.221244205055803,17.0,0.2484201146436234
0.0,FW_exact,exact,168.0,0.010399103164672852,7.45216073680761,0.18718294493002663,17.0,0.248405357893587
0.0,FW_exact,exact,169.0,0.010458946228027344,7.451710035770872,0.17278524211290502,17.0,0.24839033452569573
0.0,FW_exact,exact,170.0,0.01051783561706543,7.451128742897462,0.21719970358086726,17.0,0.24837095809658208
0.0,FW_exact,exact,171.0,0.010577917098999023,7.450641562588685,0.18546046322102594,17.0,0.24835471875295617
0.0,FW_exact,exact,172.0,0.010638952255249023,7.45015262894312,0.17445917285594614,17.0,0.24833842096477066
0.0,FW_exact,exact,173.0,0.010698080062866211,7.449729294637101,0.16744043442272805,17.0,0.2483243098212367
0.0,FW_exact,exact,174.0,0.010760068893432617,7.449030454475468,0.2517758925199489,17.0,0.2483010151491823
0.0,FW_exact,exact,175.0,0.010817766189575195,7.448612646717056,0.17754539098819677,17.0,0.24828708822390186
0.0,FW_exact,exact,176.0,0.010876893997192383,7.448042440484018,0.1944953832311258,17.0,0.24826808134946726
0.0,FW_exact,exact,177.0,0.010935783386230469,7.44768631566928,0.17066378051421527,17.0,0.24825621052230934
0.0,FW_exact,exact,178.0,0.010994911193847656,7.44711366247233,0.21559239354063564,17.0,0.248237122082411
0.0,FW_exact,exact,179.0,0.01105499267578125,7.4467587353706355,0.16213239824403836,17.0,0.24822529117902117
0.0,FW_exact,exact,180.0,0.011114120483398438,7.446259769023436,0.18772569506581416,17.0,0.24820865896744784
0.0,FW_exact,exact,181.0,0.01117396354675293,7.445871425343256,0.16035587169080667,17.0,0.24819571417810854
0.0,FW_exact,exact,182.0,0.011232852935791016,7.445368044165851,0.2135227226213665,17.0,0.24817893480552836
0.0,FW_exact,exact,183.0,0.01129293441772461,7.445080773329996,0.15625313979488453,17.0,0.24816935911099988
0.0,FW_exact,exact,184.0,0.011351823806762695,7.444712877162724,0.1560624857028836,17.0,0.24815709590542412
0.0,FW_exact,exact,185.0,0.011410951614379883,7.444302713794384,0.17592625252905947,17.0,0.24814342379314613
0.0,FW_exact,exact,186.0,0.011471033096313477,7.443963690430584,0.15626417460324227,17.0,0.2481321230143528
0.0,FW_exact,exact,187.0,0.011530160903930664,7.443634714930346,0.16321047215556383,17.0,0.24812115716434488
0.0,FW_exact,exact,188.0,0.01158905029296875,7.442980568425052,0.20843872981950007,17.0,0.24809935228083507
0.0,FW_exact,exact,189.0,0.011648178100585938,7.442627822030135,0.16704216803260064,17.0,0.24808759406767117
0.0,FW_exact,exact,190.0,0.01171112060546875,7.442302816094397,0.15136904189563882,17.0,0.2480767605364799
0.0,FW_exact,exact,191.0,0.011768817901611328,7.441810415244816,0.2130218706816258,17.0,0.2480603471748272
0.0,FW_exact,exact,192.0,0.011833906173706055,7.441559309835013,0.12486114214557809,17.0,0.2480519769945004
0.0,FW_exact,exact,193.0,0.011892080307006836,7.441189113277535,0.1565686885124169,17.0,0.24803963710925117
0.0,FW_exact,exact,194.0,0.011952877044677734,7.440870584746087,0.1697048065471689,17.0,0.24802901949153625
0.0,FW_exact,exact,195.0,0.012013912200927734,7.440481748265327,0.17839470460956086,17.0,0.2480160582755109
0.0,FW_exact,exact,196.0,0.01207590103149414,7.440048417391732,0.18744470197083896,17.0,0.24800161391305772
0.0,FW_exact,exact,197.0,0.012138128280639648,7.439549732608165,0.18186668632212477,17.0,0.24798499108693883
0.0,FW_exact,exact,198.0,0.012197017669677734,7.439133496962205,0.17325120181943365,17.0,0.24797111656540682
0.0,FW_exact,exact,199.0,0.012256145477294922,7.438904658817813,0.13010146592001526,17.0,0.24796348862726042
0.0,FW_exact,exact,200.0,0.012315988540649414,7.4386839306233865,0.14118765421535873,17.0,0.24795613102077954
0.0,FW_exact,exact,201.0,0.012375831604003906,7.438376544430268,0.14262170645351624,17.0,0.24794588481434227
0.0,FW_exact,exact,202.0,0.012436151504516602,7.437920448967711,0.18559413040578754,17.0,0.24793068163225704
0.0,FW_exact,exact,203.0,0.012494802474975586,7.437626220869157,0.14401271869320542,17.0,0.2479208740289719
0.0,FW_exact,exact,204.0,0.012552022933959961,7.437181103267813,0.19000223819002215,17.0,0.24790603677559375
0.0,FW_exact,exact,205.0,0.01261281967163086,7.436707956026093,0.17713887642365655,17.0,0.24789026520086976
0.0,FW_exact,exact,206.0,0.012676000595092773,7.436184165173227,0.18068784996684162,17.0,0.24787280550577423
0.0,FW_exact,exact,207.0,0.012737751007080078,7.435959688648639,0.1423937884211215,17.0,0.24786532295495464
0.0,FW_exact,exact,208.0,0.012798070907592773,7.435693073017996,0.1327984644337139,17.0,0.24785643576726651
0.0,FW_exact,exact,209.0,0.012855768203735352,7.435417032163456,0.15022457788224663,17.0,0.24784723440544854
0.0,FW_exact,exact,210.0,0.012918949127197266,7.435107405316626,0.15835256926993235,17.0,0.2478369135105542
0.0,FW_exact,exact,211.0,0.012979984283447266,7.434833371197231,0.1389740356568998,17.0,0.24782777903990771
0.0,FW_exact,exact,212.0,0.013039827346801758,7.434470579620561,0.1694491064510384,17.0,0.247815685987352
0.0,FW_exact,exact,213.0,0.013098001480102539,7.434198980663315,0.13404487604058524,17.0,0.24780663268877717
0.0,FW_exact,exact,214.0,0.013156890869140625,7.433782780935344,0.19412093324955215,17.0,0.24779275936451145
0.0,FW_exact,exact,215.0,0.013216018676757812,7.433579512125093,0.12371200618389278,17.0,0.2477859837375031
0.0,FW_exact,exact,216.0,0.013277053833007812,7.43326738699261,0.14374393673517005,17.0,0.24777557956642035
0.0,FW_exact,exact,217.0,0.013429880142211914,7.432970632473884,0.1550214546387032,17.0,0.24776568774912947
0.0,FW_exact,exact,218.0,0.01364278793334961,7.432580994770545,0.16762879816617637,17.0,0.24775269982568482
0.0,FW_exact,exact,219.0,0.013719797134399414,7.432302916495195,0.14349461622449677,17.0,0.24774343054983985
0.0,FW_exact,exact,220.0,0.013787031173706055,7.4320177349263945,0.1373786083759878,17.0,0.24773392449754647
0.0,FW_exact,exact,221.0,0.013853073120117188,7.43174762964199,0.15761794921757133,17.0,0.24772492098806634
0.0,FW_exact,exact,222.0,0.013916969299316406,7.431273044972546,0.18313572331905625,17.0,0.24770910149908484
0.0,FW_exact,exact,223.0,0.013982057571411133,7.431097959223972,0.121927460311551,17.0,0.24770326530746573
0.0,FW_exact,exact,224.0,0.014045953750610352,7.430874450622034,0.12156644125757587,17.0,0.24769581502073448
0.0,FW_exact,exact,225.0,0.014104843139648438,7.430477618911894,0.17309401628120114,17.0,0.24768258729706313
0.0,FW_exact,exact,226.0,0.014166831970214844,7.430339658115752,0.10867964245662343,17.0,0.2476779886038584
0.0,FW_exact,exact,227.0,0.014229059219360352,7.4301602127218995,0.11239020907676966,17.0,0.24767200709072998
0.0,FW_exact,exact,228.0,0.014290094375610352,7.429988632280472,0.13071715448814736,17.0,0.2476662877426824
0.0,FW_exact,exact,229.0,0.014351844787597656,7.429817620498194,0.12425208619997985,17.0,0.24766058734993981
0.0,FW_exact,exact,230.0,0.01441502571105957,7.429425613151303,0.16119457355393774,17.0,0.24764752043837676
0.0,FW_exact,exact,231.0,0.014476776123046875,7.429111704953915,0.1594716122470441,17.0,0.24763705683179715
0.0,FW_exact,exact,232.0,0.014554023742675781,7.428846670537684,0.1472120501547609,17.0,0.24762822235125614
0.0,FW_exact,exact,233.0,0.014618873596191406,7.428630583536846,0.11584272831822329,17.0,0.2476210194512282
0.0,FW_exact,exact,234.0,0.014683008193969727,7.4283262956913365,0.1419412892759926,17.0,0.24761087652304456
0.0,FW_exact,exact,235.0,0.014743804931640625,7.427924126014712,0.19083187603630059,17.0,0.24759747086715708
0.0,FW_exact,exact,236.0,0.014805078506469727,7.427691114558751,0.12813711870361466,17.0,0.24758970381862505
0.0,FW_exact,exact,237.0,0.014864921569824219,7.427451593332123,0.13923731058642907,17.0,0.2475817197777374
0.0,FW_exact,exact,238.0,0.014926910400390625,7.4271501825335005,0.14127083691876852,17.0,0.2475716727511167
0.0,FW_exact,exact,239.0,0.014987945556640625,7.426864126341023,0.15042216402722985,17.0,0.24756213754470077
0.0,FW_exact,exact,240.0,0.015048980712890625,7.426555358886454,0.15261777561590772,17.0,0.24755184529621516
0.0,FW_exact,exact,241.0,0.015110015869140625,7.42634039999006,0.12438035036045125,17.0,0.24754467999966867
0.0,FW_exact,exact,242.0,0.015170812606811523,7.4260067243440036,0.14867812860601148,17.0,0.24753355747813346
0.0,FW_exact,exact,243.0,0.015253067016601562,7.4257967434628815,0.13773633775900418,17.0,0.2475265581154294
0.0,FW_exact,exact,244.0,0.015317916870117188,7.425579618790288,0.13255215539974596,17.0,0.24751932062634294
0.0,FW_exact,exact,245.0,0.015378952026367188,7.425397708350889,0.12189601578019182,17.0,0.24751325694502965
0.0,FW_exact,exact,246.0,0.015439033508300781,7.425121243850142,0.13528236314172482,17.0,0.2475040414616714
0.0,FW_exact,exact,247.0,0.015498876571655273,7.424768965844106,0.14808110383198692,17.0,0.2474922988614702
0.0,FW_exact,exact,248.0,0.015558004379272461,7.424580014369552,0.11535668873677363,17.0,0.24748600047898509
0.0,FW_exact,exact,249.0,0.015617847442626953,7.424331426335579,0.15121295285625003,17.0,0.24747771421118597
0.0,FW_exact,exact,250.0,0.01567697525024414,7.424115270606418,0.11956734239240241,17.0,0.24747050902021392
0.0,FW_exact,exact,251.0,0.015736818313598633,7.423935954217466,0.12042872492979217,17.0,0.24746453180724887
0.0,FW_exact,exact,252.0,0.015797138214111328,7.423738909597855,0.11907592030005976,17.0,0.24745796365326184
0.0,FW_exact,exact,253.0,0.015856027603149414,7.423526096317101,0.125500094334547,17.0,0.2474508698772367
0.0,FW_exact,exact,254.0,0.015915870666503906,7.423326203407737,0.13438443589538185,17.0,0.2474442067802579
0.0,FW_exact,exact,255.0,0.015974998474121094,7.42294090788714,0.15983339014081732,17.0,0.24743136359623802
0.0,FW_exact,exact,256.0,0.016034841537475586,7.422605651940819,0.15907322104272037,17.0,0.2474201883980273
0.0,FW_exact,exact,257.0,0.016093969345092773,7.422357438463566,0.13228654442269416,17.0,0.2474119146154522
0.0,FW_exact,exact,258.0,0.016165971755981445,7.422234041243064,0.1108270906284714,17.0,0.24740780137476878
0.0,FW_exact,exact,259.0,0.01622796058654785,7.422022675964136,0.11823773652754888,17.0,0.24740075586547122
0.0,FW_exact,exact,260.0,0.01628875732421875,7.421774138587769,0.1418627787682336,17.0,0.24739247128625896
0.0,FW_exact,exact,261.0,0.016349077224731445,7.421605924887743,0.12325108367620619,17.0,0.24738686416292477
0.0,FW_exact,exact,262.0,0.016408920288085938,7.421457219485696,0.11018991060905581,17.0,0.24738190731618986
0.0,FW_exact,exact,263.0,0.01646900177001953,7.421203883066011,0.12949292673054025,17.0,0.24737346276886701
0.0,FW_exact,exact,264.0,0.016529083251953125,7.420908545231125,0.1355489560649783,17.0,0.24736361817437083
0.0,FW_exact,exact,265.0,0.016586780548095703,7.420739575373484,0.10907932625383143,17.0,0.2473579858457828
0.0,FW_exact,exact,266.0,0.016648054122924805,7.420575014016305,0.11536282269423115,17.0,0.24735250046721016
0.0,FW_exact,exact,267.0,0.016708850860595703,7.4203979618657705,0.10818814457842318,17.0,0.24734659872885903
0.0,FW_exact,exact,268.0,0.016769886016845703,7.420106246316433,0.16245377204626887,17.0,0.24733687487721442
0.0,FW_exact,exact,269.0,0.01683211326599121,7.419915885370941,0.12264427577736736,17.0,0.2473305295123647
0.0,FW_exact,exact,270.0,0.016891002655029297,7.419744491809684,0.11361015656196649,17.0,0.24732481639365614
0.0,FW_exact,exact,271.0,0.016954898834228516,7.419436918130443,0.14274737667445692,17.0,0.24731456393768142
0.0,FW_exact,exact,272.0,0.017016887664794922,7.4191523599833005,0.1432097250796902,17.0,0.24730507866611
0.0,FW_exact,exact,273.0,0.017078876495361328,7.418952193089079,0.12727497071719363,17.0,0.24729840643630263
0.0,FW_exact,exact,274.0,0.017138004302978516,7.418798874074097,0.10065826821236357,17.0,0.24729329580246992
0.0,FW_exact,exact,275.0,0.017197847366333008,7.418628967209768,0.11311822425201967,17.0,0.2472876322403256
0.0,FW_exact,exact,276.0,0.017256975173950195,7.418441683550388,0.11772354572967103,17.0,0.2472813894516796
0.0,FW_exact,exact,277.0,0.017316818237304688,7.418112757016299,0.15238814823708413,17.0,0.24727042523387663
0.0,FW_exact,exact,278.0,0.01737689971923828,7.417984991234704,0.10738656200211683,17.0,0.24726616637449012
0.0,FW_exact,exact,279.0,0.01743602752685547,7.417713186856847,0.13416285022187768,17.0,0.2472571062285616
0.0,FW_exact,exact,280.0,0.01749587059020996,7.417507809945747,0.12893057006230357,17.0,0.24725026033152492
0.0,FW_exact,exact,281.0,0.01755499839782715,7.41732425382003,0.12247207663062465,17.0,0.24724414179400098
0.0,FW_exact,exact,282.0,0.01761484146118164,7.4171643390466135,0.11238813763245759,17.0,0.24723881130155378
0.0,FW_exact,exact,283.0,0.017673969268798828,7.417059421954397,0.09729213858624775,17.0,0.24723531406514657
0.0,FW_exact,exact,284.0,0.017734050750732422,7.416790723201919,0.13339481331200176,17.0,0.24722635744006397
0.0,FW_exact,exact,285.0,0.017792940139770508,7.416675161625217,0.10300863522623782,17.0,0.24722250538750723
0.0,FW_exact,exact,286.0,0.0178530216217041,7.416487481288323,0.11499324928210797,17.0,0.24721624937627742
0.0,FW_exact,exact,287.0,0.017913818359375,7.416237627373783,0.12465031506980662,17.0,0.24720792091245944
0.0,FW_exact,exact,288.0,0.017973899841308594,7.41612427517012,0.09570929917762605,17.0,0.2472041425056707
0.0,FW_exact,exact,289.0,0.01803302764892578,7.415873399978144,0.12888074300062335,17.0,0.24719577999927148
0.0,FW_exact,exact,290.0,0.018095016479492188,7.415632727537861,0.13471717428560037,17.0,0.24718775758459535
0.0,FW_exact,exact,291.0,0.018154144287109375,7.415517053236744,0.09118502753997682,17.0,0.24718390177455815
0.0,FW_exact,exact,292.0,0.018213987350463867,7.415349263534267,0.10532721137247325,17.0,0.24717830878447558
0.0,FW_exact,exact,293.0,0.018272876739501953,7.415126740770273,0.14183640257315844,17.0,0.24717089135900908
0.0,FW_exact,exact,294.0,0.018333911895751953,7.4149509713311135,0.11404677941673835,17.0,0.2471650323777038
0.0,FW_exact,exact,295.0,0.018394947052001953,7.414815886569587,0.09751509290084037,17.0,0.24716052955231954
0.0,FW_exact,exact,296.0,0.018454790115356445,7.414618307669438,0.12646051925162993,17.0,0.24715394358898127
0.0,FW_exact,exact,297.0,0.018513917922973633,7.414372554696944,0.12755896251211762,17.0,0.24714575182323145
0.0,FW_exact,exact,298.0,0.018573999404907227,7.4141904190128844,0.12200525109589488,17.0,0.24713968063376282
0.0,FW_exact,exact,299.0,0.018633127212524414,7.414042525066869,0.11556712220536003,17.0,0.2471347508355623
0.0,FW_exact,exact,300.0,0.018692970275878906,7.413951473997026,0.0951857263910636,17.0,0.24713171579990084
0.0,FW_exact,exact,301.0,0.018752098083496094,7.41380389282542,0.09876607019715422,17.0,0.247126796427514
0.0,FW_exact,exact,302.0,0.01881098747253418,7.413639681849716,0.11525941251554084,17.0,0.24712132272832388
0.0,FW_exact,exact,303.0,0.018870830535888672,7.413480776481469,0.1057928286052574,17.0,0.24711602588271564
0.0,FW_exact,exact,304.0,0.01892995834350586,7.413322479744899,0.0991452271643185,17.0,0.24711074932482996
0.0,FW_exact,exact,305.0,0.01899099349975586,7.41319266126742,0.09885394227632727,17.0,0.24710642204224734
0.0,FW_exact,exact,306.0,0.019051074981689453,7.412880587881831,0.14382085577533932,17.0,0.24709601959606103
0.0,FW_exact,exact,307.0,0.01910996437072754,7.412720946464367,0.12008477012233776,17.0,0.24709069821547888
0.0,FW_exact,exact,308.0,0.01916980743408203,7.412627072962114,0.08213010094412887,17.0,0.24708756909873714
0.0,FW_exact,exact,309.0,0.01923203468322754,7.41252108563219,0.09526696954647296,17.0,0.24708403618773966
0.0,FW_exact,exact,310.0,0.019290924072265625,7.41241925622782,0.0896427949108114,17.0,0.24708064187426068
0.0,FW_exact,exact,311.0,0.019349098205566406,7.412323409856736,0.07955136639679328,17.0,0.24707744699522452
0.0,FW_exact,exact,312.0,0.019407987594604492,7.412150940966931,0.11399012355055493,17.0,0.24707169803223103
0.0,FW_exact,exact,313.0,0.019466876983642578,7.412037197927604,0.08946770904829471,17.0,0.2470679065975868
0.0,FW_exact,exact,314.0,0.019526004791259766,7.411862073936258,0.11904405949419239,17.0,0.2470620691312086
0.0,FW_exact,exact,315.0,0.019585847854614258,7.411678114685643,0.11031441166836586,17.0,0.24705593715618812
0.0,FW_exact,exact,316.0,0.019644975662231445,7.411514989931317,0.11773173282835625,17.0,0.24705049966437723
0.0,FW_exact,exact,317.0,0.019704818725585938,7.411409439241393,0.09281785468348058,17.0,0.24704698130804645
0.0,FW_exact,exact,318.0,0.019763946533203125,7.411314029214674,0.09278197627506213,17.0,0.24704380097382247
0.0,FW_exact,exact,319.0,0.01982402801513672,7.411116363970563,0.11436601263558366,17.0,0.2470372121323521
0.0,FW_exact,exact,320.0,0.019883155822753906,7.411006529701922,0.09422087359503184,17.0,0.24703355099006405
0.0,FW_exact,exact,321.0,0.019942045211791992,7.410835858652377,0.11083531904407273,17.0,0.24702786195507925
0.0,FW_exact,exact,322.0,0.020001888275146484,7.410691410890977,0.10336934686041843,17.0,0.24702304702969924
0.0,FW_exact,exact,323.0,0.020061969757080078,7.41057046580807,0.08939352567251024,17.0,0.24701901552693567
0.0,FW_exact,exact,324.0,0.020123004913330078,7.410390027628728,0.12769524768235474,17.0,0.2470130009209576
0.0,FW_exact,exact,325.0,0.020193815231323242,7.410253054645294,0.09820892218300425,17.0,0.2470084351548431
0.0,FW_exact,exact,326.0,0.02025890350341797,7.41011226031528,0.11374251058038709,17.0,0.24700374201050934
0.0,FW_exact,exact,327.0,0.020318984985351562,7.409965987915422,0.09833730516482753,17.0,0.2469988662638474
0.0,FW_exact,exact,328.0,0.020379066467285156,7.4097612526957395,0.11281643407929565,17.0,0.24699204175652464
0.0,FW_exact,exact,329.0,0.02043771743774414,7.409618457556012,0.10370016357734357,17.0,0.24698728191853372
0.0,FW_exact,exact,330.0,0.020498037338256836,7.409467700292022,0.0998395133611405,17.0,0.24698225667640072
0.0,FW_exact,exact,331.0,0.020560026168823242,7.409311760711552,0.11232295473215803,17.0,0.24697705869038508
0.0,FW_exact,exact,332.0,0.02062082290649414,7.409056617265562,0.13417827564825302,17.0,0.24696855390885206
0.0,FW_exact,exact,333.0,0.020682096481323242,7.4089318951463605,0.09924171592182685,17.0,0.2469643965048787
0.0,FW_exact,exact,334.0,0.02074408531188965,7.408870530661456,0.07503001588154756,17.0,0.24696235102204855
0.0,FW_exact,exact,335.0,0.020804882049560547,7.4087449525874876,0.09109933849439411,17.0,0.2469581650862496
0.0,FW_exact,exact,336.0,0.020865917205810547,7.408592048468214,0.11177422426601868,17.0,0.24695306828227379
0.0,FW_exact,exact,337.0,0.02092599868774414,7.408455137889502,0.111196062214316,17.0,0.24694850459631673
0.0,FW_exact,exact,338.0,0.020985841751098633,7.4083286618518915,0.10113119872290888,17.0,0.24694428872839638
0.0,FW_exact,exact,339.0,0.021045923233032227,7.408143167558267,0.11078712930473333,17.0,0.24693810558527557
0.0,FW_exact,exact,340.0,0.02110600471496582,7.407984458515576,0.10687739827011189,17.0,0.24693281528385252
0.0,FW_exact,exact,341.0,0.021165847778320312,7.407875604029213,0.0897082876208346,17.0,0.24692918680097378
0.0,FW_exact,exact,342.0,0.021226167678833008,7.407772731194785,0.0879859907820224,17.0,0.24692575770649283
0.0,FW_exact,exact,343.0,0.0212860107421875,7.407625369151666,0.09871100436026481,17.0,0.24692084563838887
0.0,FW_exact,exact,344.0,0.021345853805541992,7.407508069508033,0.10290792560791928,17.0,0.24691693565026776
0.0,FW_exact,exact,345.0,0.02140498161315918,7.40739757197184,0.09451405903107712,17.0,0.24691325239906134
0.0,FW_exact,exact,346.0,0.021464824676513672,7.407222739959923,0.11100399786514537,17.0,0.24690742466533075
0.0,FW_exact,exact,347.0,0.02152395248413086,7.407086732334863,0.0918974828558401,17.0,0.24690289107782876
0.0,FW_exact,exact,348.0,0.02158498764038086,7.406848682770464,0.12556480185978192,17.0,0.24689495609234882
0.0,FW_exact,exact,349.0,0.021643877029418945,7.406703318846343,0.10463945509440631,17.0,0.24689011062821145
0.0,FW_exact,exact,350.0,0.02170395851135254,7.406651660381205,0.07167353654163122,17.0,0.2468883886793735
0.0,FW_exact,exact,351.0,0.021762847900390625,7.406581342685392,0.0703181883372972,17.0,0.24688604475617973
0.0,FW_exact,exact,352.0,0.021824121475219727,7.406503230529032,0.07943782648997111,17.0,0.2468834410176344
0.0,FW_exact,exact,353.0,0.02188396453857422,7.406340432613198,0.10377203106043265,17.0,0.24687801442043994
0.0,FW_exact,exact,354.0,0.02194380760192871,7.406182157893172,0.11958563160566271,17.0,0.24687273859643905
0.0,FW_exact,exact,355.0,0.0220029354095459,7.406079762153027,0.09142898519320397,17.0,0.2468693254051009
0.0,FW_exact,exact,356.0,0.022063016891479492,7.4059502348046955,0.10114792213025048,17.0,0.2468650078268232
0.0,FW_exact,exact,357.0,0.022123098373413086,7.405833518993928,0.0878250706346062,17.0,0.2468611172997976
0.0,FW_exact,exact,358.0,0.022182941436767578,7.405670999214619,0.11468531680001348,17.0,0.24685569997382065
0.0,FW_exact,exact,359.0,0.02224278450012207,7.405549601054064,0.09344558480230347,17.0,0.2468516533684688
0.0,FW_exact,exact,360.0,0.022303104400634766,7.405460186472302,0.07684555474573518,17.0,0.24684867288241008
0.0,FW_exact,exact,361.0,0.022362947463989258,7.40532913268657,0.10879343862679836,17.0,0.24684430442288569
0.0,FW_exact,exact,362.0,0.02242279052734375,7.405235288915266,0.07630147848073321,17.0,0.24684117629717553
0.0,FW_exact,exact,363.0,0.022483110427856445,7.405146869705338,0.07641636576067956,17.0,0.24683822899017793
0.0,FW_exact,exact,364.0,0.022542953491210938,7.404994807440785,0.10703482864329672,17.0,0.24683316024802615
0.0,FW_exact,exact,365.0,0.02260279655456543,7.404883498881222,0.08852069330778356,17.0,0.24682944996270742
0.0,FW_exact,exact,366.0,0.022665023803710938,7.4047799024351075,0.09754393438725373,17.0,0.24682599674783692
0.0,FW_exact,exact,367.0,0.02272486686706543,7.404643977745715,0.09480033478368277,17.0,0.24682146592485715
0.0,FW_exact,exact,368.0,0.022784948348999023,7.404523293453215,0.0987920994930791,17.0,0.24681744311510717
0.0,FW_exact,exact,369.0,0.02285289764404297,7.404409233962952,0.09651179325090453,17.0,0.24681364113209842
0.0,FW_exact,exact,370.0,0.02291703224182129,7.404265027624755,0.10330068017161764,17.0,0.24680883425415848
0.0,FW_exact,exact,371.0,0.02297687530517578,7.404168336648941,0.08249129075729655,17.0,0.24680561122163136
0.0,FW_exact,exact,372.0,0.02304387092590332,7.40406635389675,0.08208522617042746,17.0,0.24680221179655834
0.0,FW_exact,exact,373.0,0.023105859756469727,7.403896722137808,0.12381958993699005,17.0,0.24679655740459358
0.0,FW_exact,exact,374.0,0.02316880226135254,7.403797066850627,0.08975485652770754,17.0,0.24679323556168759
0.0,FW_exact,exact,375.0,0.023227930068969727,7.403706757461585,0.08442748549379431,17.0,0.2467902252487195
0.0,FW_exact,exact,376.0,0.02328777313232422,7.403572131134313,0.09434825107142952,17.0,0.2467857377044771
0.0,FW_exact,exact,377.0,0.023344993591308594,7.4034320831526355,0.10039229063802324,17.0,0.24678106943842118
0.0,FW_exact,exact,378.0,0.02341008186340332,7.403355639953167,0.07583043928134892,17.0,0.24677852133177225
0.0,FW_exact,exact,379.0,0.02347087860107422,7.403261779394751,0.07874263434756745,17.0,0.2467753926464917
0.0,FW_exact,exact,380.0,0.02353191375732422,7.403142393887253,0.10069810544934477,17.0,0.24677141312957512
0.0,FW_exact,exact,381.0,0.023594141006469727,7.403069880236709,0.0714170908939682,17.0,0.2467689960078903
0.0,FW_exact,exact,382.0,0.02365589141845703,7.402964479087029,0.09231384399843456,17.0,0.2467654826362343
0.0,FW_exact,exact,383.0,0.023714780807495117,7.402856919486599,0.08430848305637006,17.0,0.24676189731621995
0.0,FW_exact,exact,384.0,0.023773908615112305,7.402691597266894,0.12223562378294961,17.0,0.24675638657556312
0.0,FW_exact,exact,385.0,0.02383279800415039,7.402601641555511,0.08569064441251051,17.0,0.24675338805185035
0.0,FW_exact,exact,386.0,0.023893117904663086,7.402526167262868,0.07467849475406307,17.0,0.2467508722420956
0.0,FW_exact,exact,387.0,0.023952007293701172,7.402423383860354,0.08241172599934998,17.0,0.24674744612867847
0.0,FW_exact,exact,388.0,0.024011850357055664,7.402316544775081,0.09294434270021767,17.0,0.24674388482583604
0.0,FW_exact,exact,389.0,0.02407097816467285,7.40220530346357,0.08850063171718148,17.0,0.24674017678211901
0.0,FW_exact,exact,390.0,0.024129867553710938,7.402136425006379,0.078824741218253,17.0,0.24673788083354598
0.0,FW_exact,exact,391.0,0.02418994903564453,7.402050994138612,0.07511802351632291,17.0,0.24673503313795375
0.0,FW_exact,exact,392.0,0.024248838424682617,7.401878629099321,0.10350974399780188,17.0,0.24672928763664403
0.0,FW_exact,exact,393.0,0.024313926696777344,7.401758748086788,0.09501423247404528,17.0,0.24672529160289294
0.0,FW_exact,exact,394.0,0.024373769760131836,7.4016320882394036,0.09151170833876954,17.0,0.24672106960798013
0.0,FW_exact,exact,395.0,0.024435043334960938,7.401533888850485,0.09497048243286965,17.0,0.24671779629501617
0.0,FW_exact,exact,396.0,0.024493932723999023,7.401399897189376,0.09819716019708036,17.0,0.24671332990631253
0.0,FW_exact,exact,397.0,0.024554014205932617,7.40133065183096,0.06761500376776564,17.0,0.24671102172769865
0.0,FW_exact,exact,398.0,0.02461385726928711,7.401218007592836,0.09544451240400598,17.0,0.2467072669197612
0.0,FW_exact,exact,399.0,0.02467489242553711,7.4011526847310884,0.07178591503227238,17.0,0.24670508949103628
0.0,FW_exact,exact,400.0,0.024734020233154297,7.401039746899478,0.08917759398967373,17.0,0.24670132489664928
0.0,FW_exact,exact,401.0,0.02479696273803711,7.40096438516035,0.0824598468868345,17.0,0.24669881283867834
0.0,FW_exact,exact,402.0,0.024858951568603516,7.400848060048301,0.08769082561746355,17.0,0.24669493533494338
0.0,FW_exact,exact,403.0,0.024919986724853516,7.4007340887163195,0.09263940771383705,17.0,0.24669113629054398
0.0,FW_exact,exact,404.0,0.024981021881103516,7.400676268061063,0.0758434590230177,17.0,0.24668920893536878
0.0,FW_exact,exact,405.0,0.025043010711669922,7.400620628614454,0.06736538834470363,17.0,0.24668735428714847
0.0,FW_exact,exact,406.0,0.025104999542236328,7.40052234371865,0.08058829821926139,17.0,0.246684078123955
0.0,FW_exact,exact,407.0,0.025166988372802734,7.400405325236141,0.09728640739660843,17.0,0.24668017750787138
0.0,FW_exact,exact,408.0,0.025226116180419922,7.400341017561733,0.07616298423000867,17.0,0.24667803391872442
0.0,FW_exact,exact,409.0,0.025285005569458008,7.4002474777211,0.08114190769084662,17.0,0.24667491592403668
0.0,FW_exact,exact,410.0,0.025344133377075195,7.40013681769566,0.09047000414768291,17.0,0.24667122725652202
0.0,FW_exact,exact,411.0,0.02540302276611328,7.40002548611172,0.08578521573827835,17.0,0.246667516203724
0.0,FW_exact,exact,412.0,0.025462865829467773,7.399921460125558,0.080358563815496,17.0,0.24666404867085193
0.0,FW_exact,exact,413.0,0.02552199363708496,7.399864239312271,0.07183772504551289,17.0,0.24666214131040903
0.0,FW_exact,exact,414.0,0.025580883026123047,7.399797822489019,0.07361386888617272,17.0,0.24665992741630063
0.0,FW_exact,exact,415.0,0.025640010833740234,7.39969521649393,0.08234721127074973,17.0,0.24665650721646432
0.0,FW_exact,exact,416.0,0.02569890022277832,7.399536589936999,0.11331667960687497,17.0,0.24665121966456663
0.0,FW_exact,exact,417.0,0.025758981704711914,7.39943455784161,0.0847558767660681,17.0,0.24664781859472032
0.0,FW_exact,exact,418.0,0.02581787109375,7.399377031055185,0.07265725637544396,17.0,0.24664590103517284
0.0,FW_exact,exact,419.0,0.025875091552734375,7.399300237543739,0.07121705227940023,17.0,0.24664334125145795
0.0,FW_exact,exact,420.0,0.025935888290405273,7.399188788279651,0.09160992748494312,17.0,0.24663962627598837
0.0,FW_exact,exact,421.0,0.025996923446655273,7.399107568456227,0.08006655547651675,17.0,0.2466369189485409
0.0,FW_exact,exact,422.0,0.026057004928588867,7.399030424900516,0.07446506342540893,17.0,0.24663434749668386
0.0,FW_exact,exact,423.0,0.02611684799194336,7.398913463715943,0.08793604517331843,17.0,0.24663044879053145
0.0,FW_exact,exact,424.0,0.026175975799560547,7.398792582689799,0.10449092401770432,17.0,0.2466264194229933
0.0,FW_exact,exact,425.0,0.02623605728149414,7.39871470223816,0.07933501194630832,17.0,0.24662382340793867
0.0,FW_exact,exact,426.0,0.026294946670532227,7.398638551497195,0.07091916119027708,17.0,0.2466212850499065
0.0,FW_exact,exact,427.0,0.02635502815246582,7.398530540908309,0.0939253706506804,17.0,0.24661768469694365
0.0,FW_exact,exact,428.0,0.026414871215820312,7.398412042304456,0.0857856599437552,17.0,0.2466137347434819
0.0,FW_exact,exact,429.0,0.0264739990234375,7.39835720881059,0.06016056865955033,17.0,0.246611906960353
0.0,FW_exact,exact,430.0,0.026533842086791992,7.398271876328743,0.08776090621283572,17.0,0.24660906254429144
0.0,FW_exact,exact,431.0,0.0265958309173584,7.398202218058019,0.0750233162275844,17.0,0.24660674060193397
0.0,FW_exact,exact,432.0,0.026654958724975586,7.398069185350202,0.09681570575409104,17.0,0.24660230617834009
0.0,FW_exact,exact,433.0,0.026713848114013672,7.397987758257986,0.07334176073030196,17.0,0.24659959194193287
0.0,FW_exact,exact,434.0,0.026773929595947266,7.397883099953841,0.08877142276076011,17.0,0.24659610333179469
0.0,FW_exact,exact,435.0,0.026833057403564453,7.397789147099615,0.0833505304460962,17.0,0.24659297156998716
0.0,FW_exact,exact,436.0,0.026892900466918945,7.397741292106672,0.056196417205400806,17.0,0.24659137640355575
0.0,FW_exact,exact,437.0,0.026952028274536133,7.397656970108454,0.07786293036777181,17.0,0.24658856567028178
0.0,FW_exact,exact,438.0,0.027011871337890625,7.397557556550212,0.08965956030858724,17.0,0.24658525188500707
0.0,FW_exact,exact,439.0,0.027070999145507812,7.397505846245996,0.06828930546983258,17.0,0.24658352820819987
0.0,FW_exact,exact,440.0,0.027130842208862305,7.397382582249005,0.09028488641944588,17.0,0.24657941940830017
0.0,FW_exact,exact,441.0,0.02718973159790039,7.39729524031439,0.0736233169811662,17.0,0.24657650801047967
0.0,FW_exact,exact,442.0,0.027250051498413086,7.397226615330029,0.0694835058930261,17.0,0.24657422051100095
0.0,FW_exact,exact,443.0,0.027308940887451172,7.397116633033666,0.10052864925007476,17.0,0.24657055443445552
0.0,FW_exact,exact,444.0,0.027369022369384766,7.39704501565987,0.06877467283523142,17.0,0.24656816718866234
0.0,FW_exact,exact,445.0,0.02742791175842285,7.396962360462719,0.07887112966516252,17.0,0.24656541201542395
0.0,FW_exact,exact,446.0,0.02748703956604004,7.396900134276821,0.07006823411828478,17.0,0.24656333780922737
0.0,FW_exact,exact,447.0,0.027545928955078125,7.396823558394291,0.07340741251852112,17.0,0.2465607852798097
0.0,FW_exact,exact,448.0,0.027605056762695312,7.396761190700964,0.07306852486834536,17.0,0.2465587063566988
0.0,FW_exact,exact,449.0,0.0276639461517334,7.396727480990702,0.05512168373736159,17.0,0.24655758269969005
0.0,FW_exact,exact,450.0,0.02772378921508789,7.396653002374672,0.07013877768489252,17.0,0.24655510007915574
0.0,FW_exact,exact,451.0,0.027781963348388672,7.396570845953051,0.08149249164236139,17.0,0.24655236153176838
0.0,FW_exact,exact,452.0,0.027840852737426758,7.396467214070584,0.08634228515069786,17.0,0.24654890713568614
0.0,FW_exact,exact,453.0,0.027899980545043945,7.396408020086749,0.06251501309761931,17.0,0.24654693400289165
0.0,FW_exact,exact,454.0,0.02795886993408203,7.396319828597178,0.08653345753312625,17.0,0.2465439942865726
0.0,FW_exact,exact,455.0,0.02801799774169922,7.396274443166676,0.06397241126543474,17.0,0.24654248143888918
0.0,FW_exact,exact,456.0,0.02807903289794922,7.396219594868801,0.06689117373785614,17.0,0.24654065316229337
0.0,FW_exact,exact,457.0,0.028139829635620117,7.396117768677944,0.08204182015001926,17.0,0.24653725895593145
0.0,FW_exact,exact,458.0,0.028198957443237305,7.396034221139632,0.08218202311785205,17.0,0.24653447403798773
0.0,FW_exact,exact,459.0,0.02825784683227539,7.395975966990876,0.06401061760703897,17.0,0.2465325322330292
0.0,FW_exact,exact,460.0,0.028317928314208984,7.395893655522499,0.08061050412459547,17.0,0.24652978851741664
0.0,FW_exact,exact,461.0,0.028382062911987305,7.395831619021122,0.06831216117708117,17.0,0.24652772063403738
0.0,FW_exact,exact,462.0,0.02844095230102539,7.395728211309135,0.08267904916875679,17.0,0.2465242737103045
0.0,FW_exact,exact,463.0,0.02851104736328125,7.395632619366856,0.09290291131131134,17.0,0.24652108731222852
0.0,FW_exact,exact,464.0,0.028569936752319336,7.395588819873253,0.059765800479807396,17.0,0.24651962732910843
0.0,FW_exact,exact,465.0,0.028631925582885742,7.395532904163739,0.06720810603821192,17.0,0.24651776347212462
0.0,FW_exact,exact,466.0,0.028692960739135742,7.395441383831008,0.07777091895262256,17.0,0.24651471279436693
0.0,FW_exact,exact,467.0,0.028753995895385742,7.395333133688781,0.0819902933556298,17.0,0.2465111044562927
0.0,FW_exact,exact,468.0,0.02881598472595215,7.395257983755519,0.07272254994649607,17.0,0.2465085994585173
0.0,FW_exact,exact,469.0,0.02887582778930664,7.395203796360082,0.07052001197771318,17.0,0.24650679321200275
0.0,FW_exact,exact,470.0,0.02893805503845215,7.395142822861055,0.06345196073930293,17.0,0.24650476076203515
0.0,FW_exact,exact,471.0,0.02899909019470215,7.395086438548012,0.07131743448675287,17.0,0.24650288128493375
0.0,FW_exact,exact,472.0,0.029060840606689453,7.395022723938157,0.06861714328593038,17.0,0.24650075746460526
0.0,FW_exact,exact,473.0,0.029120922088623047,7.3949621612828516,0.06597082300728196,17.0,0.24649873870942837
0.0,FW_exact,exact,474.0,0.02925395965576172,7.394899928525038,0.07091054176963496,17.0,0.24649666428416792
0.0,FW_exact,exact,475.0,0.02933192253112793,7.3947804510303365,0.0888906128969964,17.0,0.2464926817010112
0.0,FW_exact,exact,476.0,0.029399871826171875,7.394659701971244,0.09537649843562956,17.0,0.2464886567323748
0.0,FW_exact,exact,477.0,0.0294649600982666,7.394588702747131,0.07068296156455656,17.0,0.24648629009157105
0.0,FW_exact,exact,478.0,0.02952885627746582,7.394546058461101,0.06512791060857737,17.0,0.24648486861537003
0.0,FW_exact,exact,479.0,0.029591798782348633,7.394472037323917,0.06992720548634956,17.0,0.24648240124413057
0.0,FW_exact,exact,480.0,0.029652118682861328,7.394404591514079,0.07801263864818697,17.0,0.2464801530504693
0.0,FW_exact,exact,481.0,0.02971506118774414,7.39435521566343,0.06315113220538571,17.0,0.246478507188781
0.0,FW_exact,exact,482.0,0.029778003692626953,7.394288405338644,0.07384200025336263,17.0,0.2464762801779548
0.0,FW_exact,exact,483.0,0.02983999252319336,7.394205681028669,0.07393344273337998,17.0,0.24647352270095566
0.0,FW_exact,exact,484.0,0.029901981353759766,7.3941095761980655,0.07724523898422841,17.0,0.24647031920660217
0.0,FW_exact,exact,485.0,0.02996206283569336,7.394066993770256,0.054715801111375306,17.0,0.24646889979234185
0.0,FW_exact,exact,486.0,0.03002309799194336,7.394012400241848,0.06640994182374182,17.0,0.24646708000806158
0.0,FW_exact,exact,487.0,0.030083894729614258,7.393955601186467,0.06123949666365203,17.0,0.24646518670621556
0.0,FW_exact,exact,488.0,0.030145883560180664,7.393858933632557,0.09342888303442898,17.0,0.24646196445441856
0.0,FW_exact,exact,489.0,0.030205965042114258,7.393801935465336,0.06706039067563196,17.0,0.2464600645155112
0.0,FW_exact,exact,490.0,0.030267000198364258,7.393752218885412,0.06368395680756311,17.0,0.2464584072961804
0.0,FW_exact,exact,491.0,0.03032684326171875,7.393688211316333,0.06501743586137998,17.0,0.24645627371054443
0.0,FW_exact,exact,492.0,0.030389070510864258,7.393591770633012,0.08521676940347955,17.0,0.2464530590211004
0.0,FW_exact,exact,493.0,0.030450105667114258,7.393549793364285,0.05822193874177373,17.0,0.24645165977880948
0.0,FW_exact,exact,494.0,0.03050994873046875,7.393479012756092,0.07057606848688991,17.0,0.24644930042520308
0.0,FW_exact,exact,495.0,0.030570030212402344,7.393405429529984,0.07375335522259174,17.0,0.24644684765099945
0.0,FW_exact,exact,496.0,0.030629873275756836,7.393305296855755,0.08136197629733566,17.0,0.24644350989519184
0.0,FW_exact,exact,497.0,0.030690908432006836,7.393219403300113,0.08805939224968018,17.0,0.2464406467766704
0.0,FW_exact,exact,498.0,0.03075098991394043,7.393164196433881,0.06298421094670115,17.0,0.24643880654779604
0.0,FW_exact,exact,499.0,0.030810832977294922,7.393094693094658,0.0749491738395136,17.0,0.24643648976982194
0.0,FW_exact,exact,500.0,0.030871868133544922,7.392979178974929,0.08740465777826678,17.0,0.24643263929916429
0.0,FW_exact,exact,501.0,0.030931949615478516,7.39292015957876,0.0666324857674141,17.0,0.24643067198595867
0.0,FW_exact,exact,502.0,0.03099203109741211,7.392863383739282,0.05934009843285715,17.0,0.2464287794579761
0.0,FW_exact,exact,503.0,0.031052827835083008,7.392811475873432,0.060422685438527246,17.0,0.24642704919578107
0.0,FW_exact,exact,504.0,0.03111410140991211,7.392746165361798,0.06567903857533874,17.0,0.2464248721787266
0.0,FW_exact,exact,505.0,0.0311739444732666,7.392662119245815,0.08786378356882185,17.0,0.24642207064152716
0.0,FW_exact,exact,506.0,0.031233787536621094,7.392614308913288,0.058607048279714746,17.0,0.24642047696377625
0.0,FW_exact,exact,507.0,0.03129410743713379,7.39257122588825,0.05829158706533999,17.0,0.24641904086294167
0.0,FW_exact,exact,508.0,0.03135490417480469,7.3925199360103715,0.05819098960351088,17.0,0.24641733120034573
0.0,FW_exact,exact,509.0,0.0314178466796875,7.3924363723924715,0.08219727774920571,17.0,0.24641454574641572
0.0,FW_exact,exact,510.0,0.031477928161621094,7.392372771988539,0.07575569511671887,17.0,0.2464124257329513
0.0,FW_exact,exact,511.0,0.03154110908508301,7.39232100698447,0.06498702149619362,17.0,0.24641070023281567
0.0,FW_exact,exact,512.0,0.031603097915649414,7.392230684581392,0.07726659254204193,17.0,0.2464076894860464
0.0,FW_exact,exact,513.0,0.0316619873046875,7.392175801598954,0.05834195919578189,17.0,0.24640586005329848
0.0,FW_exact,exact,514.0,0.031722068786621094,7.392132253374799,0.05533683785395915,17.0,0.24640440844582662
0.0,FW_exact,exact,515.0,0.03178095817565918,7.392076541582071,0.0670909911462445,17.0,0.24640255138606904
0.0,FW_exact,exact,516.0,0.03184080123901367,7.392037407066498,0.05940340432670688,17.0,0.2464012469022166
0.0,FW_exact,exact,517.0,0.031900882720947266,7.391944428607528,0.07839778295011701,17.0,0.24639814762025092
0.0,FW_exact,exact,518.0,0.03196096420288086,7.3918608272147015,0.07933300817782918,17.0,0.24639536090715672
0.0,FW_exact,exact,519.0,0.03202009201049805,7.391795169978894,0.06966339288915169,17.0,0.2463931723326298
0.0,FW_exact,exact,520.0,0.032080888748168945,7.39171877267194,0.07333225003354116,17.0,0.2463906257557313
0.0,FW_exact,exact,521.0,0.03213977813720703,7.391668080321729,0.057851933460355554,17.0,0.24638893601072429
0.0,FW_exact,exact,522.0,0.03220009803771973,7.391610942828082,0.07179847914297444,17.0,0.24638703142760274
0.0,FW_exact,exact,523.0,0.03225994110107422,7.391556433244857,0.06636282234749835,17.0,0.24638521444149525
0.0,FW_exact,exact,524.0,0.03232002258300781,7.391513728201242,0.05803649964059154,17.0,0.2463837909400414
0.0,FW_exact,exact,525.0,0.032379865646362305,7.391459873210574,0.06628946202091424,17.0,0.2463819957736858
0.0,FW_exact,exact,526.0,0.0324399471282959,7.391366205124724,0.07869005715672994,17.0,0.24637887350415746
0.0,FW_exact,exact,527.0,0.032499074935913086,7.39131728446147,0.059286938108827236,17.0,0.24637724281538234
0.0,FW_exact,exact,528.0,0.03255891799926758,7.391253520710742,0.07178551012472223,17.0,0.24637511735702472
0.0,FW_exact,exact,529.0,0.03261899948120117,7.3912196281008224,0.05527796494964132,17.0,0.24637398760336074
0.0,FW_exact,exact,530.0,0.032679080963134766,7.391142445388816,0.07141535660600518,17.0,0.24637141484629385
0.0,FW_exact,exact,531.0,0.03273797035217285,7.391083474073597,0.06660854867331789,17.0,0.24636944913578657
0.0,FW_exact,exact,532.0,0.032798051834106445,7.391030883260058,0.07234112285737382,17.0,0.2463676961086686
0.0,FW_exact,exact,533.0,0.03285789489746094,7.390959665713587,0.0707990876342377,17.0,0.2463653221904529
0.0,FW_exact,exact,534.0,0.032917022705078125,7.390911152718436,0.0565938375952717,17.0,0.24636370509061453
0.0,FW_exact,exact,535.0,0.03297901153564453,7.390854537034929,0.06931370884135113,17.0,0.2463618179011643
0.0,FW_exact,exact,536.0,0.033041954040527344,7.390823464148668,0.05292629875167876,17.0,0.24636078213828894
0.0,FW_exact,exact,537.0,0.03310394287109375,7.3907820406604685,0.05228878855225272,17.0,0.24635940135534895
0.0,FW_exact,exact,538.0,0.03316211700439453,7.390735350261615,0.0614126585053647,17.0,0.2463578450087205
0.0,FW_exact,exact,539.0,0.03322410583496094,7.390667086042842,0.07005629872785857,17.0,0.2463555695347614
0.0,FW_exact,exact,540.0,0.03328704833984375,7.390631361056847,0.05136274625162507,17.0,0.2463543787018949
0.0,FW_exact,exact,541.0,0.033349037170410156,7.390584619144336,0.055549982294630595,17.0,0.24635282063814454
0.0,FW_exact,exact,542.0,0.03341197967529297,7.39049862523474,0.08046550968198218,17.0,0.24634995417449135
0.0,FW_exact,exact,543.0,0.03347277641296387,7.390459917047203,0.052168952540580626,17.0,0.24634866390157345
0.0,FW_exact,exact,544.0,0.03353309631347656,7.39042131074381,0.059515982268431245,17.0,0.24634737702479367
0.0,FW_exact,exact,545.0,0.03359198570251465,7.3903562249947345,0.06557045535075368,17.0,0.2463452074998245
0.0,FW_exact,exact,546.0,0.03365206718444824,7.390277453563277,0.06992539450174817,17.0,0.24634258178544258
0.0,FW_exact,exact,547.0,0.033711910247802734,7.390230309193692,0.06521080012355807,17.0,0.2463410103064564
0.0,FW_exact,exact,548.0,0.03377103805541992,7.390183141239399,0.05580367754368254,17.0,0.2463394380413133
0.0,FW_exact,exact,549.0,0.033830881118774414,7.390126724929446,0.06751783700399816,17.0,0.24633755749764819
0.0,FW_exact,exact,550.0,0.0338897705078125,7.390045246504638,0.08156994780819637,17.0,0.2463348415501546
0.0,FW_exact,exact,551.0,0.03395199775695801,7.390014173525115,0.0467348237622538,17.0,0.2463338057841705
0.0,FW_exact,exact,552.0,0.034013986587524414,7.389967812095762,0.0604761145638113,17.0,0.24633226040319206
0.0,FW_exact,exact,553.0,0.034075021743774414,7.389914995766984,0.05905676486818745,17.0,0.24633049985889946
0.0,FW_exact,exact,554.0,0.034134864807128906,7.389836285092056,0.08429632180205449,17.0,0.2463278761697352
0.0,FW_exact,exact,555.0,0.0341949462890625,7.389775646620183,0.07000366114934842,17.0,0.24632585488733943
0.0,FW_exact,exact,556.0,0.034255027770996094,7.389722341037099,0.05933050224026282,17.0,0.24632407803456996
0.0,FW_exact,exact,557.0,0.034314870834350586,7.38965331777714,0.07044745744732683,17.0,0.24632177725923798
0.0,FW_exact,exact,558.0,0.034375905990600586,7.389611946416249,0.05577654088028616,17.0,0.24632039821387497
0.0,FW_exact,exact,559.0,0.034436941146850586,7.3895633835489924,0.05662528543910206,17.0,0.24631877945163308
0.0,FW_exact,exact,560.0,0.03449892997741699,7.389512386219459,0.0613856352455624,17.0,0.24631707954064863
0.0,FW_exact,exact,561.0,0.034559011459350586,7.389476835332399,0.05661798940763774,17.0,0.24631589451107996
0.0,FW_exact,exact,562.0,0.03461885452270508,7.389426828636028,0.0593096817751233,17.0,0.24631422762120092
0.0,FW_exact,exact,563.0,0.03467893600463867,7.3893557678030275,0.07579287635833865,17.0,0.24631185892676757
0.0,FW_exact,exact,564.0,0.034739017486572266,7.3892931096039804,0.06433569173125164,17.0,0.24630977032013268
0.0,FW_exact,exact,565.0,0.03479886054992676,7.389233071818517,0.06103139304377603,17.0,0.24630776906061724
0.0,FW_exact,exact,566.0,0.03485918045043945,7.389194158269173,0.059754248397684506,17.0,0.24630647194230576
0.0,FW_exact,exact,567.0,0.034919023513793945,7.389134988671437,0.06452510190058458,17.0,0.2463044996223812
0.0,FW_exact,exact,568.0,0.03497886657714844,7.3891042594155225,0.05127236284203285,17.0,0.24630347531385074
0.0,FW_exact,exact,569.0,0.03503894805908203,7.389066896984008,0.05300215571139422,17.0,0.24630222989946693
0.0,FW_exact,exact,570.0,0.035099029541015625,7.388993016248427,0.06987232770924745,17.0,0.2462997672082809
0.0,FW_exact,exact,571.0,0.03515982627868652,7.38895762048589,0.05649482595025557,17.0,0.24629858734952967
0.0,FW_exact,exact,572.0,0.03522014617919922,7.3889176406232595,0.05710598212031659,17.0,0.24629725468744199
0.0,FW_exact,exact,573.0,0.03527998924255371,7.38885881910343,0.06813495480276544,17.0,0.24629529397011435
0.0,FW_exact,exact,574.0,0.0353398323059082,7.38882318711427,0.053641541394812364,17.0,0.24629410623714235
0.0,FW_exact,exact,575.0,0.0353999137878418,7.388755286934577,0.06697924397138699,17.0,0.24629184289781925
0.0,FW_exact,exact,576.0,0.03545999526977539,7.388691801809127,0.06755855673855393,17.0,0.24628972672697091
0.0,FW_exact,exact,577.0,0.035520076751708984,7.388666243932743,0.04799726089902645,17.0,0.2462888747977581
0.0,FW_exact,exact,578.0,0.03557991981506348,7.388633387501406,0.046563807649082634,17.0,0.2462877795833802
0.0,FW_exact,exact,579.0,0.03563976287841797,7.388579903159526,0.06573959959097664,17.0,0.2462859967719842
0.0,FW_exact,exact,580.0,0.035700082778930664,7.388530773806666,0.05520009262706438,17.0,0.24628435912688887
0.0,FW_exact,exact,581.0,0.03576087951660156,7.388478280665722,0.060770457897799446,17.0,0.24628260935552407
0.0,FW_exact,exact,582.0,0.03581976890563965,7.3884356509717986,0.0566214662494362,17.0,0.24628118836572663
0.0,FW_exact,exact,583.0,0.035880088806152344,7.388334448016651,0.08180904757104646,17.0,0.24627781493388837
0.0,FW_exact,exact,584.0,0.03594088554382324,7.38829002900729,0.06329790509195199,17.0,0.246276334300243
0.0,FW_exact,exact,585.0,0.036000728607177734,7.388235611436814,0.06341638005417405,17.0,0.24627452038122713
0.0,FW_exact,exact,586.0,0.03606104850769043,7.388200776868831,0.05330075197637818,17.0,0.24627335922896104
0.0,FW_exact,exact,587.0,0.03612184524536133,7.388164657845837,0.05400826604991238,17.0,0.2462721552615279
0.0,FW_exact,exact,588.0,0.036183834075927734,7.3880963856163495,0.06716420995927042,17.0,0.246269879520545
0.0,FW_exact,exact,589.0,0.036245107650756836,7.388063698305816,0.0542887721571681,17.0,0.2462687899435272
0.0,FW_exact,exact,590.0,0.03630495071411133,7.388015273801443,0.05836464977905376,17.0,0.24626717579338145
0.0,FW_exact,exact,591.0,0.03636598587036133,7.387979990852816,0.05924137858350065,17.0,0.24626599969509388
0.0,FW_exact,exact,592.0,0.03642773628234863,7.3879414388469105,0.053842119482258255,17.0,0.24626471462823035
0.0,FW_exact,exact,593.0,0.036489009857177734,7.387870245645788,0.0685893672305955,17.0,0.24626234152152626
0.0,FW_exact,exact,594.0,0.036546945571899414,7.387827506298716,0.058757161001381064,17.0,0.24626091687662388
0.0,FW_exact,exact,595.0,0.03660702705383301,7.387780569302835,0.06207209126317714,18.0,0.24625935231009452
0.0,FW_exact,exact,596.0,0.0366668701171875,7.387755721860455,0.047737446473056444,18.0,0.24625852406201518
0.0,FW_exact,exact,597.0,0.03672289848327637,7.387714966311082,0.05026956701473395,18.0,0.24625716554370272
0.0,FW_exact,exact,598.0,0.03678297996520996,7.387656677410469,0.06205081411107116,18.0,0.24625522258034896
0.0,FW_exact,exact,599.0,0.03685307502746582,7.387609191296536,0.05976599049786202,18.0,0.24625363970988454
0.0,FW_exact,exact,600.0,0.036917924880981445,7.387554619619201,0.061965650425809926,18.0,0.24625182065397336
0.0,FW_exact,exact,601.0,0.03697705268859863,7.387522258932141,0.050516324344940244,18.0,0.24625074196440472
0.0,FW_exact,exact,602.0,0.037036895751953125,7.387494075565877,0.04770107011141711,18.0,0.24624980251886258
0.0,FW_exact,exact,603.0,0.03709697723388672,7.387436353077837,0.061748441619985606,18.0,0.2462478784359279
0.0,FW_exact,exact,604.0,0.03715682029724121,7.387369344435958,0.07777110653296582,18.0,0.24624564481453193
0.0,FW_exact,exact,605.0,0.037216901779174805,7.387323861605333,0.0609175167834044,18.0,0.24624412872017779
0.0,FW_exact,exact,606.0,0.037277936935424805,7.3872884844867395,0.04832149033420308,18.0,0.24624294948289133
0.0,FW_exact,exact,607.0,0.037338972091674805,7.387237638626719,0.06409709191996349,18.0,0.24624125462089064
0.0,FW_exact,exact,608.0,0.03740096092224121,7.387199074538079,0.052634909614424075,18.0,0.24623996915126928
0.0,FW_exact,exact,609.0,0.037461042404174805,7.387164273981034,0.050697701182660815,18.0,0.24623880913270113
0.0,FW_exact,exact,610.0,0.0375208854675293,7.387127081123141,0.04954811178790042,18.0,0.24623756937077135
0.0,FW_exact,exact,611.0,0.0375819206237793,7.387072793624961,0.06998917320790898,18.0,0.2462357597874987
0.0,FW_exact,exact,612.0,0.03764200210571289,7.3870415699211565,0.04685215230794526,18.0,0.24623471899737187
0.0,FW_exact,exact,613.0,0.03770184516906738,7.387009667146596,0.05075559781095684,18.0,0.2462336555715532
0.0,FW_exact,exact,614.0,0.03776192665100098,7.386968627264697,0.05205175312876076,18.0,0.2462322875754899
0.0,FW_exact,exact,615.0,0.03782200813293457,7.386897609771196,0.06639436466202042,18.0,0.2462299203257065
0.0,FW_exact,exact,616.0,0.03788304328918457,7.386842798038274,0.06421962363358702,18.0,0.24622809326794248
0.0,FW_exact,exact,617.0,0.03794288635253906,7.386787394091189,0.06049450235104903,18.0,0.2462262464697063
0.0,FW_exact,exact,618.0,0.038002967834472656,7.386750651033456,0.05806483175851085,18.0,0.24622502170111518
0.0,FW_exact,exact,619.0,0.03806281089782715,7.386678715803228,0.07116431899844589,18.0,0.2462226238601076
0.0,FW_exact,exact,620.0,0.038123130798339844,7.386641003678228,0.054540277306066365,18.0,0.24622136678927428
0.0,FW_exact,exact,621.0,0.038182973861694336,7.386622895003331,0.04039651685699752,18.0,0.2462207631667777
0.0,FW_exact,exact,622.0,0.038244009017944336,7.3865846193286835,0.0502661163320246,18.0,0.2462194873109561
0.0,FW_exact,exact,623.0,0.038304805755615234,7.386538958748155,0.06073690889163874,18.0,0.24621796529160517
0.0,FW_exact,exact,624.0,0.03836488723754883,7.3864696440105115,0.07523023027723408,18.0,0.24621565480035038
0.0,FW_exact,exact,625.0,0.03842496871948242,7.386443943796702,0.04117794568661015,18.0,0.24621479812655672
0.0,FW_exact,exact,626.0,0.03848576545715332,7.386401608904281,0.061795645249612896,18.0,0.24621338696347603
0.0,FW_exact,exact,627.0,0.038546085357666016,7.386364590391073,0.047907900616232624,18.0,0.24621215301303578
0.0,FW_exact,exact,628.0,0.03860592842102051,7.386333417585624,0.04535661557011217,18.0,0.2462111139195208
0.0,FW_exact,exact,629.0,0.0386660099029541,7.386290244608571,0.05698492365823071,18.0,0.24620967482028572
0.0,FW_exact,exact,630.0,0.0387270450592041,7.3862547423588385,0.050500529377689674,18.0,0.24620849141196127
0.0,FW_exact,exact,631.0,0.038787841796875,7.386217884094212,0.054561532315619665,18.0,0.2462072628031404
0.0,FW_exact,exact,632.0,0.03884696960449219,7.3861469725076665,0.06845687173851811,18.0,0.2462048990835889
0.0,FW_exact,exact,633.0,0.03890705108642578,7.3861139758940295,0.057289717137130935,18.0,0.24620379919646765
0.0,FW_exact,exact,634.0,0.03896784782409668,7.386055992585645,0.06387941580846768,18.0,0.2462018664195215
0.0,FW_exact,exact,635.0,0.03902792930603027,7.386017743244899,0.05924553158527335,18.0,0.24620059144149664
0.0,FW_exact,exact,636.0,0.03908801078796387,7.38599856182991,0.03762665546456212,18.0,0.246199952060997
0.0,FW_exact,exact,637.0,0.03914785385131836,7.385972673997246,0.04132875681215342,18.0,0.24619908913324154
0.0,FW_exact,exact,638.0,0.03921008110046387,7.385930781950568,0.0614717886445213,18.0,0.24619769273168562
0.0,FW_exact,exact,639.0,0.03927302360534668,7.385900829066316,0.04588902934276007,18.0,0.24619669430221056
0.0,FW_exact,exact,640.0,0.03933405876159668,7.385860265191903,0.05724287931747618,18.0,0.24619534217306344
0.0,FW_exact,exact,641.0,0.039395809173583984,7.385821344301619,0.05068983727925502,18.0,0.24619404481005397
0.0,FW_exact,exact,642.0,0.03945612907409668,7.385769730363333,0.06231677165063587,18.0,0.24619232434544444
0.0,FW_exact,exact,643.0,0.039515018463134766,7.385718879553423,0.05616568943239919,18.0,0.24619062931844743
0.0,FW_exact,exact,644.0,0.03957486152648926,7.3856725461143755,0.05531456237767696,18.0,0.2461890848704792
0.0,FW_exact,exact,645.0,0.03964400291442871,7.385609169346085,0.06750656816938161,18.0,0.24618697231153616
0.0,FW_exact,exact,646.0,0.03970694541931152,7.385585379703456,0.04630857980570102,18.0,0.24618617932344852
0.0,FW_exact,exact,647.0,0.03976893424987793,7.385553567024841,0.04582148805259667,18.0,0.24618511890082803
0.0,FW_exact,exact,648.0,0.03983497619628906,7.385502905634501,0.06398328078276805,18.0,0.24618343018781672
0.0,FW_exact,exact,649.0,0.039897918701171875,7.385461902017279,0.05783844716191222,18.0,0.24618206340057597
0.0,FW_exact,exact,650.0,0.03996086120605469,7.385413145083354,0.062028441565921355,18.0,0.24618043816944513
0.0,FW_exact,exact,651.0,0.040022850036621094,7.385380368363159,0.04651180225030771,18.0,0.2461793456121053
0.0,FW_exact,exact,652.0,0.04008293151855469,7.385336149293699,0.06315922776764005,18.0,0.2461778716431233
0.0,FW_exact,exact,653.0,0.04014301300048828,7.385306886756947,0.045357207591549376,18.0,0.24617689622523156
0.0,FW_exact,exact,654.0,0.040205955505371094,7.38526558713969,0.057761269453759034,18.0,0.246175519571323
0.0,FW_exact,exact,655.0,0.04026508331298828,7.3852254197493785,0.05149733680104962,18.0,0.24617418065831262
0.0,FW_exact,exact,656.0,0.04032588005065918,7.385175373549461,0.061362474310880266,18.0,0.2461725124516487
0.0,FW_exact,exact,657.0,0.040387868881225586,7.385127481246111,0.059491540340062876,18.0,0.24617091604153704
0.0,FW_exact,exact,658.0,0.04045391082763672,7.385083550909118,0.05559062562855921,18.0,0.2461694516969706
0.0,FW_exact,exact,659.0,0.0405120849609375,7.385052343405061,0.04538365088632368,18.0,0.24616841144683535
0.0,FW_exact,exact,660.0,0.04057192802429199,7.385016696272804,0.056700288954620426,18.0,0.24616722320909348
0.0,FW_exact,exact,661.0,0.04063081741333008,7.384989532749384,0.04799388054617992,18.0,0.2461663177583128
0.0,FW_exact,exact,662.0,0.040702104568481445,7.384959494258913,0.044524483893190414,18.0,0.2461653164752971
0.0,FW_exact,exact,663.0,0.04076504707336426,7.3849219495332985,0.055069733882496585,18.0,0.2461640649844433
0.0,FW_exact,exact,664.0,0.040827035903930664,7.384861382919105,0.07031713722390709,18.0,0.2461620460973035
0.0,FW_exact,exact,665.0,0.040886878967285156,7.384840933485882,0.04014939217895819,18.0,0.2461613644495294
0.0,FW_exact,exact,666.0,0.040949106216430664,7.384812104128088,0.04361816120043471,18.0,0.24616040347093626
0.0,FW_exact,exact,667.0,0.04101109504699707,7.384777056151768,0.05622146381629989,18.0,0.24615923520505895
0.0,FW_exact,exact,668.0,0.04107093811035156,7.384749542374588,0.044451687419202024,18.0,0.24615831807915295
0.0,FW_exact,exact,669.0,0.04113006591796875,7.38471511455242,0.05273153324700619,18.0,0.24615717048508065
0.0,FW_exact,exact,670.0,0.04119086265563965,7.384661891777946,0.05929341921062026,18.0,0.2461553963925982
0.0,FW_exact,exact,671.0,0.04125094413757324,7.384622911957966,0.05414525416245919,18.0,0.24615409706526553
0.0,FW_exact,exact,672.0,0.04131293296813965,7.384589815030585,0.04824236771228474,18.0,0.24615299383435285
0.0,FW_exact,exact,673.0,0.04137611389160156,7.3845549776503505,0.058869741623207794,18.0,0.24615183258834503
0.0,FW_exact,exact,674.0,0.041439056396484375,7.384524249742541,0.04503381711688714,18.0,0.24615080832475136
0.0,FW_exact,exact,675.0,0.04150104522705078,7.384497343571774,0.04968136610498153,18.0,0.24614991145239248
0.0,FW_exact,exact,676.0,0.04156303405761719,7.384455930868951,0.050679221404947405,18.0,0.24614853102896503
0.0,FW_exact,exact,677.0,0.04162287712097168,7.384416369424498,0.05275074401089519,18.0,0.24614721231414993
0.0,FW_exact,exact,678.0,0.04168200492858887,7.384393904458037,0.04383617010446095,18.0,0.24614646348193456
0.0,FW_exact,exact,679.0,0.04174184799194336,7.384377033852567,0.038991867736455355,18.0,0.2461459011284189
0.0,FW_exact,exact,680.0,0.04180097579956055,7.384337309688368,0.05121336349648686,18.0,0.24614457698961226
0.0,FW_exact,exact,681.0,0.04185986518859863,7.384294951845806,0.056446591433847004,18.0,0.24614316506152686
0.0,FW_exact,exact,682.0,0.04192185401916504,7.384273129435418,0.03958324972265448,18.0,0.24614243764784727
0.0,FW_exact,exact,683.0,0.04197883605957031,7.38424268092792,0.04958723989205893,18.0,0.24614142269759734
0.0,FW_exact,exact,684.0,0.0420377254486084,7.384184216040399,0.062151137777097354,18.0,0.2461394738680133
0.0,FW_exact,exact,685.0,0.042099952697753906,7.384133521423894,0.05608207911165408,18.0,0.24613778404746312
0.0,FW_exact,exact,686.0,0.04215884208679199,7.384108650034056,0.047352379285871216,18.0,0.24613695500113522
0.0,FW_exact,exact,687.0,0.042221784591674805,7.384078768147063,0.045836919615749316,18.0,0.24613595893823542
0.0,FW_exact,exact,688.0,0.04228091239929199,7.384044000432403,0.04790760051201559,18.0,0.24613480001441343
0.0,FW_exact,exact,689.0,0.04233980178833008,7.384000095072392,0.05956009806964957,18.0,0.24613333650241306
0.0,FW_exact,exact,690.0,0.04240012168884277,7.383968097460903,0.05108676834842729,18.0,0.24613226991536344
0.0,FW_exact,exact,691.0,0.042459964752197266,7.383925903652253,0.055836468638922554,18.0,0.2461308634550751
0.0,FW_exact,exact,692.0,0.042520999908447266,7.383901157939127,0.047232682607422305,18.0,0.24613003859797092
0.0,FW_exact,exact,693.0,0.042581796646118164,7.383844979839222,0.06092189117587754,18.0,0.24612816599464074
0.0,FW_exact,exact,694.0,0.04264187812805176,7.383805865313131,0.05424004575777097,18.0,0.24612686217710436
0.0,FW_exact,exact,695.0,0.042700767517089844,7.383774756861849,0.04676983896106712,18.0,0.24612582522872828
0.0,FW_exact,exact,696.0,0.04276108741760254,7.3837394113608275,0.052802775961761306,18.0,0.2461246470453609
0.0,FW_exact,exact,697.0,0.04282093048095703,7.383710222864619,0.04854979192055442,18.0,0.2461236740954873
0.0,FW_exact,exact,698.0,0.04288077354431152,7.3836596475211635,0.05779905315257494,18.0,0.24612198825070544
0.0,FW_exact,exact,699.0,0.04293990135192871,7.383621041824517,0.059011185087872065,18.0,0.24612070139415057
0.0,FW_exact,exact,700.0,0.042999982833862305,7.383582720379264,0.052474107889913135,18.0,0.24611942401264214
0.0,FW_exact,exact,701.0,0.0430600643157959,7.383551837541698,0.045148691643817074,18.0,0.24611839458472326
0.0,FW_exact,exact,702.0,0.04311990737915039,7.383511108641075,0.05736270782188857,18.0,0.2461170369547025
0.0,FW_exact,exact,703.0,0.04317903518676758,7.383479178196301,0.05103366709096857,18.0,0.24611597260654336
0.0,FW_exact,exact,704.0,0.04323887825012207,7.383456108049313,0.041271783290695474,18.0,0.24611520360164377
0.0,FW_exact,exact,705.0,0.043297767639160156,7.383433299532312,0.038792976871524054,18.0,0.24611444331774374
0.0,FW_exact,exact,706.0,0.04335808753967285,7.383394065722479,0.0594902334643308,18.0,0.24611313552408262
0.0,FW_exact,exact,707.0,0.043417930603027344,7.383370225994219,0.04093646605778467,18.0,0.24611234086647396
0.0,FW_exact,exact,708.0,0.04347705841064453,7.383346885287356,0.0462703956916144,18.0,0.24611156284291186
0.0,FW_exact,exact,709.0,0.04353690147399902,7.3833151747123384,0.044339676343269296,18.0,0.2461105058237446
0.0,FW_exact,exact,710.0,0.04359698295593262,7.383257634026169,0.061658756638563794,18.0,0.2461085878008723
0.0,FW_exact,exact,711.0,0.04365706443786621,7.383205928031877,0.0623766691452472,18.0,0.24610686426772924
0.0,FW_exact,exact,712.0,0.0437169075012207,7.383182918019741,0.040217174787613885,18.0,0.24610609726732469
0.0,FW_exact,exact,713.0,0.04377603530883789,7.383147982002922,0.05312187095901688,18.0,0.24610493273343073
0.0,FW_exact,exact,714.0,0.04383587837219238,7.383101610780012,0.055341465285187574,18.0,0.2461033870260004
0.0,FW_exact,exact,715.0,0.04389595985412598,7.383063442859366,0.05487432037044204,18.0,0.24610211476197888
0.0,FW_exact,exact,716.0,0.043955087661743164,7.383030269981946,0.04881780346721509,18.0,0.24610100899939819
0.0,FW_exact,exact,717.0,0.04401803016662598,7.383008748735736,0.044428914268078046,18.0,0.24610029162452454
0.0,FW_exact,exact,718.0,0.04407691955566406,7.382983681029616,0.04067171637670519,18.0,0.24609945603432054
0.0,FW_exact,exact,719.0,0.044137001037597656,7.382956617614223,0.049398512274023254,18.0,0.2460985539204741
0.0,FW_exact,exact,720.0,0.04419684410095215,7.382934626745827,0.04213491431750782,18.0,0.24609782089152757
0.0,FW_exact,exact,721.0,0.04425787925720215,7.382900188952746,0.05300282955445468,18.0,0.24609667296509155
0.0,FW_exact,exact,722.0,0.04431796073913574,7.382863398980004,0.04928499403633868,18.0,0.2460954466326668
0.0,FW_exact,exact,723.0,0.04437685012817383,7.382811757783685,0.05660661238059017,18.0,0.24609372525945616
0.0,FW_exact,exact,724.0,0.04443717002868652,7.382784029787887,0.04415357572595102,18.0,0.24609280099292957
0.0,FW_exact,exact,725.0,0.04449605941772461,7.3827556905677465,0.047838558640855844,18.0,0.24609185635225822
0.0,FW_exact,exact,726.0,0.0445559024810791,7.382724922299971,0.045065883281936614,18.0,0.24609083074333238
0.0,FW_exact,exact,727.0,0.0446169376373291,7.3826763163578555,0.06622649755195287,18.0,0.24608921054526184
0.0,FW_exact,exact,728.0,0.044680118560791016,7.382650898722404,0.043712987140597015,18.0,0.2460883632907468
0.0,FW_exact,exact,729.0,0.044740915298461914,7.382613012293843,0.050015509675063186,18.0,0.24608710040979478
0.0,FW_exact,exact,730.0,0.044801950454711914,7.382578855601702,0.04953802849484745,18.0,0.24608596185339007
0.0,FW_exact,exact,731.0,0.04486203193664551,7.382535912313991,0.056333066351695216,18.0,0.24608453041046638
0.0,FW_exact,exact,732.0,0.044921875,7.382513869030229,0.04218559146990675,18.0,0.246083795634341
0.0,FW_exact,exact,733.0,0.04498171806335449,7.3824874187737874,0.04312335449967275,18.0,0.24608291395912624
0.0,FW_exact,exact,734.0,0.045042991638183594,7.382455026304518,0.04624208406738628,18.0,0.2460818342101506
0.0,FW_exact,exact,735.0,0.045104026794433594,7.382408936372067,0.05888758679649264,18.0,0.2460802978790689
0.0,FW_exact,exact,736.0,0.045163869857788086,7.382390621680972,0.04267237045549699,18.0,0.24607968738936573
0.0,FW_exact,exact,737.0,0.04522395133972168,7.382367758450812,0.038840788055696684,18.0,0.24607892528169373
0.0,FW_exact,exact,738.0,0.045282840728759766,7.3823304007930215,0.05804992232636952,18.0,0.24607768002643404
0.0,FW_exact,exact,739.0,0.04534316062927246,7.382309381545707,0.03843709322676503,18.0,0.2460769793848569
0.0,FW_exact,exact,740.0,0.04540300369262695,7.382281534840696,0.0474211040475625,18.0,0.24607605116135653
0.0,FW_exact,exact,741.0,0.04546380043029785,7.382250854601834,0.04500192901570266,18.0,0.2460750284867278
0.0,FW_exact,exact,742.0,0.04552412033081055,7.382197105999121,0.05775335696020267,18.0,0.24607323686663737
0.0,FW_exact,exact,743.0,0.04558300971984863,7.382172213023938,0.045055002275644185,18.0,0.24607240710079792
0.0,FW_exact,exact,744.0,0.04564380645751953,7.382154248531916,0.04058926858323186,18.0,0.2460718082843972
0.0,FW_exact,exact,745.0,0.045703887939453125,7.382119148647011,0.048139054848125085,18.0,0.2460706382882337
0.0,FW_exact,exact,746.0,0.04576396942138672,7.382092459224505,0.04905657124137175,18.0,0.24606974864081682
0.0,FW_exact,exact,747.0,0.04582405090332031,7.382070060133069,0.039680347002516214,18.0,0.24606900200443563
0.0,FW_exact,exact,748.0,0.045883893966674805,7.382037337639056,0.05080537476931024,18.0,0.2460679112546352
0.0,FW_exact,exact,749.0,0.0459439754486084,7.382003549407878,0.05224229622855425,18.0,0.2460667849802626
0.0,FW_exact,exact,750.0,0.04602503776550293,7.381965201162737,0.050320870449798605,18.0,0.24606550670542457
0.0,FW_exact,exact,751.0,0.046092987060546875,7.381921928678732,0.05705729243966662,18.0,0.2460640642892911
0.0,FW_exact,exact,752.0,0.046156883239746094,7.381890343051682,0.04763552119494552,18.0,0.24606301143505604
0.0,FW_exact,exact,753.0,0.04622077941894531,7.38185504723073,0.04827381275950238,18.0,0.246061834907691
0.0,FW_exact,exact,754.0,0.04628491401672363,7.381832359809959,0.04522575274855267,18.0,0.24606107866033197
0.0,FW_exact,exact,755.0,0.04634881019592285,7.381810577787706,0.04193532105480813,18.0,0.24606035259292355
0.0,FW_exact,exact,756.0,0.04641294479370117,7.3817870838560316,0.04376963142057111,18.0,0.24605956946186772
0.0,FW_exact,exact,757.0,0.04647493362426758,7.38175632948744,0.04505701334040957,18.0,0.24605854431624802
0.0,FW_exact,exact,758.0,0.0465397834777832,7.3817209245050135,0.05480600615077602,18.0,0.24605736415016713
0.0,FW_exact,exact,759.0,0.04660391807556152,7.381692709837733,0.0445412469799118,18.0,0.24605642366125777
0.0,FW_exact,exact,760.0,0.04666781425476074,7.381665165453563,0.04510354427925112,18.0,0.24605550551511876
0.0,FW_exact,exact,761.0,0.04673194885253906,7.381649921981831,0.037064519364784054,18.0,0.24605499739939435
0.0,FW_exact,exact,762.0,0.04679584503173828,7.381612007069363,0.05003585540862332,18.0,0.24605373356897878
0.0,FW_exact,exact,763.0,0.0468597412109375,7.3815738299060465,0.05553686412334535,18.0,0.24605246099686823
0.0,FW_exact,exact,764.0,0.046922922134399414,7.3815458392091635,0.04436407070744419,18.0,0.24605152797363877
0.0,FW_exact,exact,765.0,0.04698491096496582,7.381523927224304,0.04058454542575962,18.0,0.24605079757414347
0.0,FW_exact,exact,766.0,0.047048091888427734,7.381492627531862,0.04545563569569033,18.0,0.24604975425106207
0.0,FW_exact,exact,767.0,0.04710984230041504,7.381459395564761,0.05120061713632573,18.0,0.24604864651882535
0.0,FW_exact,exact,768.0,0.047167062759399414,7.381432144161987,0.049571647183718426,18.0,0.24604773813873287
0.0,FW_exact,exact,769.0,0.047247886657714844,7.381410613487901,0.0418994152027361,18.0,0.2460470204495967
0.0,FW_exact,exact,770.0,0.0473170280456543,7.381387822366898,0.04289716604402383,18.0,0.24604626074556327
0.0,FW_exact,exact,771.0,0.04738116264343262,7.381343726569535,0.053967220926343984,18.0,0.24604479088565118
0.0,FW_exact,exact,772.0,0.047441959381103516,7.381312833803927,0.047110227787588776,18.0,0.24604376112679754
0.0,FW_exact,exact,773.0,0.04750490188598633,7.381285524742504,0.05005585911711563,18.0,0.24604285082475014
0.0,FW_exact,exact,774.0,0.04756784439086914,7.3812613662099436,0.038696844629685145,18.0,0.24604204554033146
0.0,FW_exact,exact,775.0,0.04762887954711914,7.381223754459156,0.04983569888865258,18.0,0.2460407918153052
0.0,FW_exact,exact,776.0,0.047688961029052734,7.381200521434062,0.04576752459002442,18.0,0.2460400173811354
0.0,FW_exact,exact,777.0,0.04774785041809082,7.3811775171817695,0.040214432179344506,18.0,0.24603925057272566
0.0,FW_exact,exact,778.0,0.047808170318603516,7.381145573093088,0.050795878127705585,18.0,0.2460381857697696
0.0,FW_exact,exact,779.0,0.04786801338195801,7.381119716497239,0.041309867146533286,18.0,0.24603732388324132
0.0,FW_exact,exact,780.0,0.047926902770996094,7.3810822350145076,0.053097940199268834,18.0,0.2460360745004836
0.0,FW_exact,exact,781.0,0.04798603057861328,7.381051746969288,0.04745628889156617,18.0,0.2460350582323096
0.0,FW_exact,exact,782.0,0.04804587364196777,7.381020990132676,0.04650806781106631,18.0,0.24603403300442253
0.0,FW_exact,exact,783.0,0.04810595512390137,7.380998387872876,0.038619823988215174,18.0,0.24603327959576254
0.0,FW_exact,exact,784.0,0.04816794395446777,7.380974665400353,0.04624782544628392,18.0,0.24603248884667842
0.0,FW_exact,exact,785.0,0.04822993278503418,7.380945761573839,0.042332434410399244,18.0,0.24603152538579465
0.0,FW_exact,exact,786.0,0.048291921615600586,7.380926115928092,0.04099390127227576,18.0,0.2460308705309364
0.0,FW_exact,exact,787.0,0.04835104942321777,7.380909183898125,0.03486569159727715,18.0,0.2460303061299375
0.0,FW_exact,exact,788.0,0.04840993881225586,7.380880014065708,0.04388054687462706,18.0,0.24602933380219028
0.0,FW_exact,exact,789.0,0.04846906661987305,7.38084446418594,0.05359021935375008,18.0,0.246028148806198
0.0,FW_exact,exact,790.0,0.04852485656738281,7.38081935627382,0.0452508149796067,18.0,0.246027311875794
0.0,FW_exact,exact,791.0,0.048584938049316406,7.380799257768515,0.03980714044238809,18.0,0.24602664192561716
0.0,FW_exact,exact,792.0,0.04864692687988281,7.3807791373463285,0.03643569613256137,18.0,0.24602597124487763
0.0,FW_exact,exact,793.0,0.048706769943237305,7.3807439327571585,0.05635213988522825,18.0,0.24602479775857194
0.0,FW_exact,exact,794.0,0.04876875877380371,7.380722605514697,0.0400396386282349,18.0,0.24602408685048988
0.0,FW_exact,exact,795.0,0.04883003234863281,7.3806932104843455,0.04405008053088544,18.0,0.24602310701614485
0.0,FW_exact,exact,796.0,0.048898935317993164,7.380662732601103,0.0462968757543738,18.0,0.24602209108670345
0.0,FW_exact,exact,797.0,0.04896092414855957,7.380619972711735,0.05878180263854471,18.0,0.24602066575705786
0.0,FW_exact,exact,798.0,0.04902315139770508,7.380601886721715,0.037759817332979395,18.0,0.24602006289072384
0.0,FW_exact,exact,799.0,0.049082040786743164,7.380586007047965,0.035978719500391776,18.0,0.2460195335682655
0.0,FW_exact,exact,800.0,0.04914283752441406,7.38056084650165,0.04075005082569483,18.0,0.24601869488338834
0.0,FW_exact,exact,801.0,0.04920196533203125,7.38053506745906,0.04821341375016708,18.0,0.24601783558196866
0.0,FW_exact,exact,802.0,0.04926300048828125,7.380512327578532,0.0375429776233247,18.0,0.24601707758595107
0.0,FW_exact,exact,803.0,0.04932093620300293,7.3804932545674395,0.035473927455666576,18.0,0.24601644181891466
0.0,FW_exact,exact,804.0,0.04938101768493652,7.380462399901207,0.048170377282271915,18.0,0.24601541333004023
0.0,FW_exact,exact,805.0,0.049440860748291016,7.380436241253784,0.04288719683038966,18.0,0.24601454137512613
0.0,FW_exact,exact,806.0,0.04950094223022461,7.380407621877268,0.04807751850826936,18.0,0.24601358739590892
0.0,FW_exact,exact,807.0,0.04956197738647461,7.380374767264908,0.04657418650006573,18.0,0.24601249224216362
0.0,FW_exact,exact,808.0,0.0496211051940918,7.380348716369693,0.05090353660369562,18.0,0.24601162387898975
0.0,FW_exact,exact,809.0,0.04968571662902832,7.380316263572005,0.04828799229404712,18.0,0.24601054211906684
0.0,FW_exact,exact,810.0,0.04974794387817383,7.380293496040753,0.04570121118920856,18.0,0.24600978320135844
0.0,FW_exact,exact,811.0,0.049809932708740234,7.380265419027482,0.04305045013185449,18.0,0.24600884730091604
0.0,FW_exact,exact,812.0,0.049867868423461914,7.380243729409491,0.04422061965575441,18.0,0.2460081243136497
0.0,FW_exact,exact,813.0,0.04993081092834473,7.38022642757673,0.034871428177050134,18.0,0.246007547585891
0.0,FW_exact,exact,814.0,0.049993038177490234,7.380197249170506,0.04642561976925119,18.0,0.2460065749723502
0.0,FW_exact,exact,815.0,0.050050973892211914,7.380178913771506,0.038473030566151145,18.0,0.24600596379238354
0.0,FW_exact,exact,816.0,0.0501101016998291,7.380152726065389,0.04157507731714283,18.0,0.2460050908688463
0.0,FW_exact,exact,817.0,0.05016899108886719,7.380113421906985,0.05437690390515826,18.0,0.24600378073023282
0.0,FW_exact,exact,818.0,0.05022907257080078,7.380087982261134,0.04229339272041255,18.0,0.2460029327420378
0.0,FW_exact,exact,819.0,0.05028796195983887,7.380060036870834,0.04162489708718908,18.0,0.2460020012290278
0.0,FW_exact,exact,820.0,0.05034780502319336,7.3800221538367845,0.05001719635207458,18.0,0.24600073846122614
0.0,FW_exact,exact,821.0,0.05040693283081055,7.379992467990429,0.05174261689676296,18.0,0.2459997489330143
0.0,FW_exact,exact,822.0,0.05046582221984863,7.379972897129736,0.039749540728179156,18.0,0.2459990965709912
0.0,FW_exact,exact,823.0,0.05052495002746582,7.379944149809875,0.04842424555985936,18.0,0.24599813832699582
0.0,FW_exact,exact,824.0,0.05058598518371582,7.379908981857607,0.048189007859469335,18.0,0.24599696606192023
0.0,FW_exact,exact,825.0,0.05064678192138672,7.37989234211574,0.037558784774216925,18.0,0.245996411403858
0.0,FW_exact,exact,826.0,0.050707101821899414,7.379872638651727,0.037614979257565295,18.0,0.24599575462172424
0.0,FW_exact,exact,827.0,0.0507659912109375,7.37985745637542,0.037313239171690604,18.0,0.2459952485458473
0.0,FW_exact,exact,828.0,0.05082511901855469,7.379829801628641,0.04272563733654611,18.0,0.2459943267209547
0.0,FW_exact,exact,829.0,0.05088400840759277,7.37980966260057,0.04032313845832203,18.0,0.245993655420019
0.0,FW_exact,exact,830.0,0.05094313621520996,7.379792320930912,0.039536988911813786,18.0,0.24599307736436374
0.0,FW_exact,exact,831.0,0.05099987983703613,7.379766290279659,0.042782831480320915,18.0,0.24599220967598864
0.0,FW_exact,exact,832.0,0.05106186866760254,7.379739448638419,0.04601120105622947,18.0,0.24599131495461396
0.0,FW_exact,exact,833.0,0.05112195014953613,7.3797128687741465,0.041886164358878375,18.0,0.24599042895913822
0.0,FW_exact,exact,834.0,0.05118083953857422,7.3796727878902155,0.0549129959584409,18.0,0.24598909292967386
0.0,FW_exact,exact,835.0,0.051239967346191406,7.379661590404211,0.0287465495922552,18.0,0.24598871968014038
0.0,FW_exact,exact,836.0,0.0512998104095459,7.379643748426822,0.03541270121526807,18.0,0.24598812494756073
0.0,FW_exact,exact,837.0,0.051358938217163086,7.3796258673480075,0.03799346204101628,18.0,0.24598752891160025
0.0,FW_exact,exact,838.0,0.05141901969909668,7.3795890907162915,0.04928093841040848,18.0,0.2459863030238764
0.0,FW_exact,exact,839.0,0.051477909088134766,7.379560517440329,0.050763134054705006,18.0,0.24598535058134433
0.0,FW_exact,exact,840.0,0.05153799057006836,7.379537267715468,0.043543717875805577,18.0,0.2459845755905156
0.0,FW_exact,exact,841.0,0.051596879959106445,7.379515864142843,0.03642302809612907,18.0,0.24598386213809478
0.0,FW_exact,exact,842.0,0.05165696144104004,7.37948155485073,0.04759684514054996,18.0,0.24598271849502434
0.0,FW_exact,exact,843.0,0.051715850830078125,7.3794498524563075,0.050605234343113814,18.0,0.24598166174854358
0.0,FW_exact,exact,844.0,0.05177497863769531,7.379420144335602,0.04619939458281941,18.0,0.24598067147785338
0.0,FW_exact,exact,845.0,0.051835060119628906,7.379400553769261,0.03595372002940689,18.0,0.24598001845897538
0.0,FW_exact,exact,846.0,0.05189371109008789,7.37936957736425,0.05285741270616562,18.0,0.24597898591214168
0.0,FW_exact,exact,847.0,0.05195307731628418,7.379351630307273,0.0364012017823967,18.0,0.2459783876769091
0.0,FW_exact,exact,848.0,0.05201292037963867,7.3793356544114665,0.034650476976846534,18.0,0.2459778551470489
0.0,FW_exact,exact,849.0,0.05207514762878418,7.379305814932958,0.044384160420110064,18.0,0.24597686049776527
0.0,FW_exact,exact,850.0,0.05213284492492676,7.379282866380186,0.0401678294241572,18.0,0.24597609554600622
0.0,FW_exact,exact,851.0,0.05219292640686035,7.37924855216785,0.052651477483459,18.0,0.24597495173892833
0.0,FW_exact,exact,852.0,0.05225396156311035,7.379232158918174,0.03594896790858737,18.0,0.24597440529727246
0.0,FW_exact,exact,853.0,0.05231595039367676,7.37921546255028,0.036894384341728426,18.0,0.245973848751676
0.0,FW_exact,exact,854.0,0.052374839782714844,7.379193686229185,0.03790888596744235,18.0,0.24597312287430617
0.0,FW_exact,exact,855.0,0.05243492126464844,7.379162595184298,0.05295548985634291,18.0,0.24597208650614327
0.0,FW_exact,exact,856.0,0.05249381065368652,7.379147639485901,0.030440912605508963,18.0,0.24597158798286337
0.0,FW_exact,exact,857.0,0.0525510311126709,7.37912959602824,0.03450362438211396,18.0,0.24597098653427465
0.0,FW_exact,exact,858.0,0.05261087417602539,7.379102929300966,0.044779688479045454,18.0,0.24597009764336553
0.0,FW_exact,exact,859.0,0.0526738166809082,7.37908198147532,0.03837519074990503,18.0,0.24596939938251067
0.0,FW_exact,exact,860.0,0.052736759185791016,7.379055562721287,0.046191536301752656,18.0,0.24596851875737621
0.0,FW_exact,exact,861.0,0.052800893783569336,7.379026686915207,0.043660994466932834,18.0,0.2459675562305069
0.0,FW_exact,exact,862.0,0.052863121032714844,7.379005174754345,0.04442340761675556,18.0,0.24596683915847814
0.0,FW_exact,exact,863.0,0.05292201042175293,7.378968571941558,0.05128883335938905,18.0,0.2459656190647186
0.0,FW_exact,exact,864.0,0.05298185348510742,7.378949386437759,0.037637864194758563,18.0,0.2459649795479253
0.0,FW_exact,exact,865.0,0.053041934967041016,7.378926914377124,0.03851071998611211,18.0,0.24596423047923746
0.0,FW_exact,exact,866.0,0.05310177803039551,7.378903591424523,0.045858443490999434,18.0,0.2459634530474841
0.0,FW_exact,exact,867.0,0.0531611442565918,7.378889674253494,0.034745364937337264,18.0,0.24596298914178313
0.0,FW_exact,exact,868.0,0.053218841552734375,7.378875450926553,0.03063076460580927,18.0,0.2459625150308851
0.0,FW_exact,exact,869.0,0.05327796936035156,7.378852554467978,0.04299899272493146,18.0,0.2459617518155993
0.0,FW_exact,exact,870.0,0.053337812423706055,7.378829373215983,0.04080460050795409,18.0,0.24596097910719944
0.0,FW_exact,exact,871.0,0.05339980125427246,7.3788152639648485,0.033348925935821505,18.0,0.24596050879882828
0.0,FW_exact,exact,872.0,0.05347013473510742,7.378795701812737,0.03592826784135372,18.0,0.24595985672709123
0.0,FW_exact,exact,873.0,0.05353093147277832,7.37876778675767,0.04581749031552995,18.0,0.24595892622525567
0.0,FW_exact,exact,874.0,0.05359601974487305,7.378751292104749,0.03404892036805318,18.0,0.24595837640349164
0.0,FW_exact,exact,875.0,0.05365586280822754,7.37873526802636,0.036857803411608714,18.0,0.24595784226754533
0.0,FW_exact,exact,876.0,0.05371594429016113,7.3787063510211075,0.04369259628657396,18.0,0.24595687836737026
0.0,FW_exact,exact,877.0,0.05377483367919922,7.378677259473783,0.051222969284602904,18.0,0.2459559086491261
0.0,FW_exact,exact,878.0,0.05383586883544922,7.378656297243781,0.04114101591227559,18.0,0.24595520990812603
0.0,FW_exact,exact,879.0,0.053894996643066406,7.378637058062815,0.035630295485142405,18.0,0.24595456860209383
0.0,FW_exact,exact,880.0,0.05395197868347168,7.378610495674502,0.04654703031360441,18.0,0.24595368318915006
0.0,FW_exact,exact,881.0,0.054013967514038086,7.37858724757453,0.03796306003555472,18.0,0.24595290825248434
0.0,FW_exact,exact,882.0,0.05407595634460449,7.378577961055109,0.029178039198975547,18.0,0.24595259870183697
0.0,FW_exact,exact,883.0,0.05413699150085449,7.378556133654916,0.03917404637139743,18.0,0.24595187112183053
0.0,FW_exact,exact,884.0,0.054197072982788086,7.378530225643309,0.04135421923919136,18.0,0.24595100752144364
0.0,FW_exact,exact,885.0,0.05425596237182617,7.378502363340701,0.04743884330621384,18.0,0.24595007877802336
0.0,FW_exact,exact,886.0,0.05431509017944336,7.378480839917038,0.044052434529897155,18.0,0.24594936133056794
0.0,FW_exact,exact,887.0,0.054373979568481445,7.378463509811877,0.03696358925862597,18.0,0.2459487836603959
0.0,FW_exact,exact,888.0,0.05443286895751953,7.378439123129679,0.04012029570435516,18.0,0.24594797077098932
0.0,FW_exact,exact,889.0,0.05449199676513672,7.378415827029033,0.04090614285785943,18.0,0.24594719423430111
0.0,FW_exact,exact,890.0,0.05455183982849121,7.378394768237923,0.039789045280357094,18.0,0.24594649227459744
0.0,FW_exact,exact,891.0,0.0546109676361084,7.378374313429604,0.036740231913797494,18.0,0.24594581044765346
0.0,FW_exact,exact,892.0,0.054669857025146484,7.378356877940771,0.03751782169746143,18.0,0.24594522926469237
0.0,FW_exact,exact,893.0,0.05472898483276367,7.3783388389745586,0.03649538465941049,18.0,0.24594462796581862
0.0,FW_exact,exact,894.0,0.054788827896118164,7.378304096751412,0.0494374365076693,18.0,0.24594346989171373
0.0,FW_exact,exact,895.0,0.05484795570373535,7.3782827961769915,0.04382375651518089,18.0,0.2459427598725664
0.0,FW_exact,exact,896.0,0.05490684509277344,7.378256743448196,0.041470045742232564,18.0,0.2459418914482732
0.0,FW_exact,exact,897.0,0.05496573448181152,7.378236802731287,0.041120845981596155,18.0,0.24594122675770957
0.0,FW_exact,exact,898.0,0.05502605438232422,7.378223491639058,0.03294007502438934,18.0,0.24594078305463526
0.0,FW_exact,exact,899.0,0.055084943771362305,7.378208444177639,0.034851791514447505,18.0,0.24594028147258798
0.0,FW_exact,exact,900.0,0.05514407157897949,7.37818542229524,0.03898042210082586,18.0,0.245939514076508
0.0,FW_exact,exact,901.0,0.055200815200805664,7.378162476191525,0.04548682083974587,18.0,0.24593874920638417
0.0,FW_exact,exact,902.0,0.055262088775634766,7.378149878121475,0.029753506606694735,18.0,0.24593832927071582
0.0,FW_exact,exact,903.0,0.05532407760620117,7.378130640292595,0.03769004360272099,18.0,0.24593768800975316
0.0,FW_exact,exact,904.0,0.055383920669555664,7.3781132237008515,0.03618178599478128,18.0,0.24593710745669506
0.0,FW_exact,exact,905.0,0.05544304847717285,7.37808165000257,0.04565916633053568,18.0,0.24593605500008567
0.0,FW_exact,exact,906.0,0.05550193786621094,7.378063324001864,0.03846517756021495,18.0,0.24593544413339546
0.0,FW_exact,exact,907.0,0.05556201934814453,7.378041400520392,0.039681804515398156,18.0,0.2459347133506797
0.0,FW_exact,exact,908.0,0.05562090873718262,7.378030833212253,0.031126869001813162,18.0,0.2459343611070751
0.0,FW_exact,exact,909.0,0.055680036544799805,7.37800817840205,0.038668254231600585,18.0,0.245933605946735
0.0,FW_exact,exact,910.0,0.05573892593383789,7.377980075112013,0.041745290430572624,18.0,0.2459326691704004
0.0,FW_exact,exact,911.0,0.05579876899719238,7.377961976365836,0.035668574083072,18.0,0.2459320658788612
0.0,FW_exact,exact,912.0,0.05585908889770508,7.377945595743507,0.038426465388792685,18.0,0.24593151985811693
0.0,FW_exact,exact,913.0,0.05592513084411621,7.37792622974525,0.040703668816644445,18.0,0.24593087432484168
0.0,FW_exact,exact,914.0,0.0559849739074707,7.377913341306479,0.031120921195168627,18.0,0.24593044471021594
0.0,FW_exact,exact,915.0,0.05604696273803711,7.377880164727288,0.04680570204000656,18.0,0.24592933882424292
0.0,FW_exact,exact,916.0,0.056112051010131836,7.377863234868652,0.036534409469870965,18.0,0.24592877449562173
0.0,FW_exact,exact,917.0,0.05617499351501465,7.377845796730618,0.037707050448954504,18.0,0.24592819322435394
0.0,FW_exact,exact,918.0,0.05623579025268555,7.37782278507516,0.04310824142029546,18.0,0.245927426169172
0.0,FW_exact,exact,919.0,0.05629611015319824,7.377802469745185,0.037792152213836694,18.0,0.24592674899150616
0.0,FW_exact,exact,920.0,0.056355953216552734,7.377784326734472,0.0346001906898179,18.0,0.2459261442244824
0.0,FW_exact,exact,921.0,0.05641508102416992,7.377755701429375,0.05081141830092584,18.0,0.24592519004764582
0.0,FW_exact,exact,922.0,0.05647587776184082,7.377742654650202,0.03601480889679998,18.0,0.24592475515500672
0.0,FW_exact,exact,923.0,0.056535959243774414,7.3777317667831435,0.028602019419411207,18.0,0.2459243922261048
0.0,FW_exact,exact,924.0,0.0565950870513916,7.377703821568807,0.04295249371720011,18.0,0.24592346071896024
0.0,FW_exact,exact,925.0,0.056654930114746094,7.3776793381804495,0.038960984683810373,18.0,0.24592264460601498
0.0,FW_exact,exact,926.0,0.0567169189453125,7.377659609353726,0.03724219687383812,18.0,0.24592198697845755
0.0,FW_exact,exact,927.0,0.05677986145019531,7.377633267293048,0.046125990571323605,18.0,0.24592110890976826
0.0,FW_exact,exact,928.0,0.056841135025024414,7.3776131509551774,0.03643549372218935,18.0,0.24592043836517258
0.0,FW_exact,exact,929.0,0.056900978088378906,7.377587937292642,0.043542905665284515,18.0,0.24591959790975473
0.0,FW_exact,exact,930.0,0.056960105895996094,7.377573509149098,0.032185255032872284,18.0,0.2459191169716366
0.0,FW_exact,exact,931.0,0.05701899528503418,7.3775546972424975,0.03523315758356382,18.0,0.24591848990808324
0.0,FW_exact,exact,932.0,0.057086944580078125,7.377529595391625,0.04757844049642035,18.0,0.24591765317972084
0.0,FW_exact,exact,933.0,0.05714583396911621,7.377507096207746,0.04076387330589881,18.0,0.2459169032069249
0.0,FW_exact,exact,934.0,0.0572049617767334,7.377494915089434,0.02925712812695025,18.0,0.2459164971696478
0.0,FW_exact,exact,935.0,0.0572659969329834,7.3774758114076056,0.03927420890470046,18.0,0.2459158603802535
0.0,FW_exact,exact,936.0,0.0573270320892334,7.377449243583638,0.04187954009885164,18.0,0.24591497478612126
0.0,FW_exact,exact,937.0,0.0573878288269043,7.3774309451538915,0.03862723576820937,18.0,0.24591436483846305
0.0,FW_exact,exact,938.0,0.057443857192993164,7.377413378754523,0.0401407779397287,18.0,0.24591377929181743
0.0,FW_exact,exact,939.0,0.057504892349243164,7.377395851065373,0.03717491258454775,18.0,0.24591319503551243
0.0,FW_exact,exact,940.0,0.05756807327270508,7.377384399750207,0.028366526749894483,18.0,0.24591281332500692
0.0,FW_exact,exact,941.0,0.057630062103271484,7.377369800031605,0.031035205714449177,18.0,0.24591232666772017
0.0,FW_exact,exact,942.0,0.0576930046081543,7.377346134360977,0.04619608847505141,18.0,0.24591153781203257
0.0,FW_exact,exact,943.0,0.0577549934387207,7.377324810862133,0.041495751937255854,18.0,0.24591082702873776
0.0,FW_exact,exact,944.0,0.05782008171081543,7.377307625001595,0.03367468641026772,18.0,0.24591025416671985
0.0,FW_exact,exact,945.0,0.0578770637512207,7.377276143704844,0.04418747930999345,18.0,0.24590920479016146
0.0,FW_exact,exact,946.0,0.057940006256103516,7.377258160822197,0.03829258217953857,18.0,0.24590860536073988
0.0,FW_exact,exact,947.0,0.05799984931945801,7.377245946876399,0.02838423129769385,18.0,0.2459081982292133
0.0,FW_exact,exact,948.0,0.058061838150024414,7.377219986213914,0.04418440135705026,18.0,0.24590733287379715
0.0,FW_exact,exact,949.0,0.05813193321228027,7.377207981016948,0.029356657208157166,18.0,0.24590693270056493
0.0,FW_exact,exact,950.0,0.05819392204284668,7.377189997822443,0.034447924101217,18.0,0.2459063332607481
0.0,FW_exact,exact,951.0,0.05825495719909668,7.377165781391072,0.04673128846953034,18.0,0.24590552604636906
0.0,FW_exact,exact,952.0,0.05831480026245117,7.377139267399316,0.046277013739280726,18.0,0.24590464224664385
0.0,FW_exact,exact,953.0,0.058374881744384766,7.377120107338754,0.03555851340940119,18.0,0.24590400357795844
0.0,FW_exact,exact,954.0,0.05843496322631836,7.377097819073105,0.04001199345646267,18.0,0.24590326063577017
0.0,FW_exact,exact,955.0,0.0585019588470459,7.377083204309913,0.038119701116420934,18.0,0.2459027734769971
0.0,FW_exact,exact,956.0,0.05856490135192871,7.377072719676953,0.027142123645360172,18.0,0.24590242398923176
0.0,FW_exact,exact,957.0,0.0586247444152832,7.377062787088617,0.03017759697383937,18.0,0.2459020929029539
0.0,FW_exact,exact,958.0,0.05868697166442871,7.377043551752015,0.035628454174838176,18.0,0.24590145172506717
0.0,FW_exact,exact,959.0,0.05874800682067871,7.377024470774977,0.03787397021249728,18.0,0.24590081569249922
0.0,FW_exact,exact,960.0,0.05880880355834961,7.37700272251317,0.03671846687142288,18.0,0.245900090750439
0.0,FW_exact,exact,961.0,0.05886697769165039,7.376984442275233,0.034731776288952076,18.0,0.24589948140917442
0.0,FW_exact,exact,962.0,0.05892801284790039,7.37696625655354,0.040491122968750126,18.0,0.24589887521845133
0.0,FW_exact,exact,963.0,0.0589909553527832,7.3769484696622065,0.037895687546860124,18.0,0.24589828232207356
0.0,FW_exact,exact,964.0,0.0590517520904541,7.376917207684098,0.04689441640490166,18.0,0.2458972402561366
0.0,FW_exact,exact,965.0,0.05911517143249512,7.376894095315776,0.04131692496029338,18.0,0.24589646984385918
0.0,FW_exact,exact,966.0,0.05917692184448242,7.376869257666279,0.04049193721721345,18.0,0.24589564192220928
0.0,FW_exact,exact,967.0,0.05923795700073242,7.376849679592175,0.03836482290405474,18.0,0.2458949893197392
0.0,FW_exact,exact,968.0,0.059297800064086914,7.376840749892282,0.026527415575526625,18.0,0.24589469166307606
0.0,FW_exact,exact,969.0,0.05935502052307129,7.3768256633566445,0.032563567260726956,18.0,0.24589418877855482
0.0,FW_exact,exact,970.0,0.05941295623779297,7.3768061833038345,0.039660238788276736,18.0,0.24589353944346115
0.0,FW_exact,exact,971.0,0.05947613716125488,7.3767804740806895,0.04119724948886194,18.0,0.2458926824693563
0.0,FW_exact,exact,972.0,0.059541940689086914,7.376751427195083,0.05118577872593555,18.0,0.2458917142398361
0.0,FW_exact,exact,973.0,0.05960679054260254,7.376734683899384,0.03694849414595147,18.0,0.24589115612997947
0.0,FW_exact,exact,974.0,0.059667110443115234,7.3767201083422655,0.031010101739530782,18.0,0.2458906702780755
0.0,FW_exact,exact,975.0,0.05972599983215332,7.376699025940493,0.041260896087038645,18.0,0.24588996753134976
0.0,FW_exact,exact,976.0,0.05978679656982422,7.37668093693648,0.03776672631417455,18.0,0.24588936456454932
0.0,FW_exact,exact,977.0,0.059845924377441406,7.3766619800646325,0.03650658814014651,18.0,0.24588873266882108
0.0,FW_exact,exact,978.0,0.0599057674407959,7.376652847612054,0.02868650318865651,18.0,0.24588842825373514
0.0,FW_exact,exact,979.0,0.059964895248413086,7.376633356808817,0.03586496915555415,18.0,0.2458877785602939
0.0,FW_exact,exact,980.0,0.06002378463745117,7.3766093520326015,0.03857914885055003,18.0,0.24588697840108673
0.0,FW_exact,exact,981.0,0.06008291244506836,7.376596375802162,0.034496339156208755,18.0,0.24588654586007205
0.0,FW_exact,exact,982.0,0.06014299392700195,7.376582994938327,0.03302769200226141,18.0,0.24588609983127757
0.0,FW_exact,exact,983.0,0.06020212173461914,7.376564193363578,0.03522452910289964,18.0,0.24588547311211925
0.0,FW_exact,exact,984.0,0.06026196479797363,7.376543327148483,0.04104874160203131,18.0,0.24588477757161611
0.0,FW_exact,exact,985.0,0.060321807861328125,7.37652128694769,0.03978909892381921,18.0,0.24588404289825633
0.0,FW_exact,exact,986.0,0.06038403511047363,7.376510000683471,0.03189269834716324,18.0,0.24588366668944903
0.0,FW_exact,exact,987.0,0.06044292449951172,7.376481592463098,0.043308928342522535,18.0,0.24588271974876993
0.0,FW_exact,exact,988.0,0.06050276756286621,7.376455871379233,0.04398070615785432,18.0,0.24588186237930776
0.0,FW_exact,exact,989.0,0.060563087463378906,7.376441191826029,0.032920684113770804,18.0,0.24588137306086763
0.0,FW_exact,exact,990.0,0.06061983108520508,7.376425011908549,0.03372443223246524,18.0,0.24588083373028496
0.0,FW_exact,exact,991.0,0.06068110466003418,7.376413205924659,0.030868894388289547,18.0,0.24588044019748864
0.0,FW_exact,exact,992.0,0.06074190139770508,7.376387135752433,0.04148629662522385,18.0,0.24587957119174775
0.0,FW_exact,exact,993.0,0.060803890228271484,7.376366163268616,0.0434864640077004,18.0,0.24587887210895387
0.0,FW_exact,exact,994.0,0.0608668327331543,7.376348441689715,0.033142295374839925,18.0,0.24587828138965717
0.0,FW_exact,exact,995.0,0.060925960540771484,7.376333216985446,0.031694151700507156,18.0,0.24587777389951487
0.0,FW_exact,exact,996.0,0.06098604202270508,7.376315630649424,0.03553817706160167,18.0,0.24587718768831415
0.0,FW_exact,exact,997.0,0.061045169830322266,7.376298095666007,0.03762673639270009,18.0,0.2458766031888669
0.0,FW_exact,exact,998.0,0.06110501289367676,7.376286855878833,0.027228618805041904,18.0,0.24587622852929444
0.0,FW_exact,exact,999.0,0.06116485595703125,7.376262802697211,0.04252940599831767,18.0,0.24587542675657367
0.0,AFW_diminishing,diminishing,0.0,0.00012111663818359375,79.07853437017226,51.22618700140377,1.0,2.6359511456724087
0.0,AFW_diminishing,diminishing,1.0,0.00019216537475585938,17.703904796842806,163.70601004069314,2.0,0.5901301598947603
0.0,AFW_diminishing,diminishing,2.0,0.0002529621124267578,16.130326493192428,18.934367837079947,3.0,0.5376775497730809
0.0,AFW_diminishing,diminishing,3.0,0.00031113624572753906,13.982781717714422,22.778823801776678,4.0,0.46609272392381407
0.0,AFW_diminishing,diminishing,4.0,0.00037217140197753906,12.262947033346432,12.707961413157273,3.0,0.40876490111154773
0.0,AFW_diminishing,diminishing,5.0,0.00043129920959472656,11.439436463771374,11.08010545923442,4.0,0.38131454879237914
0.0,AFW_diminishing,diminishing,6.0,0.0004889965057373047,10.301097287066703,10.607496489663076,5.0,0.34336990956889013
0.0,AFW_diminishing,diminishing,7.0,0.0005471706390380859,9.399826289205977,9.498335889565272,6.0,0.3133275429735326
0.0,AFW_diminishing,diminishing,8.0,0.0006060600280761719,8.87346254798912,7.820727380291731,7.0,0.2957820849329707
0.0,AFW_diminishing,diminishing,9.0,0.0006673336029052734,8.571114940873697,4.664955780025318,6.0,0.2857038313624566
0.0,AFW_diminishing,diminishing,10.0,0.0007281303405761719,8.070722395290746,6.656512077512183,7.0,0.26902407984302484
0.0,AFW_diminishing,diminishing,11.0,0.0007891654968261719,7.845283080272209,5.305097971813097,8.0,0.2615094360090736
0.0,AFW_diminishing,diminishing,12.0,0.0008482933044433594,7.807458537913974,3.509942920205738,9.0,0.26024861793046583
0.0,AFW_diminishing,diminishing,13.0,0.0009090900421142578,7.763542831830319,2.469796315228077,9.0,0.2587847610610106
0.0,AFW_diminishing,diminishing,14.0,0.0009672641754150391,7.750212674166487,2.275458587026062,9.0,0.2583404224722162
0.0,AFW_diminishing,diminishing,15.0,0.001028299331665039,7.777569671837007,2.5979077201180036,10.0,0.2592523223945669
0.0,AFW_diminishing,diminishing,16.0,0.0010900497436523438,7.712841504674464,2.814238871726859,10.0,0.25709471682248214
0.0,AFW_diminishing,diminishing,17.0,0.0011782646179199219,7.671990665510205,2.6008466001802217,11.0,0.2557330221836735
0.0,AFW_diminishing,diminishing,18.0,0.0012450218200683594,7.622759649889831,2.137475219717884,11.0,0.254091988329661
0.0,AFW_diminishing,diminishing,19.0,0.0013110637664794922,7.652432721007656,3.34323816220586,12.0,0.2550810907002552
0.0,AFW_diminishing,diminishing,20.0,0.0013740062713623047,7.585813473182807,1.2195749411948729,12.0,0.25286044910609357
0.0,AFW_diminishing,diminishing,21.0,0.0014362335205078125,7.6685473283419325,2.3231699783846995,13.0,0.2556182442780644
0.0,AFW_diminishing,diminishing,22.0,0.0015003681182861328,7.5650108230274205,1.3541105570232066,13.0,0.25216702743424735
0.0,AFW_diminishing,diminishing,23.0,0.0015621185302734375,7.5212554548246695,2.103284273671232,14.0,0.2507085151608223
0.0,AFW_diminishing,diminishing,24.0,0.0016241073608398438,7.460424857298347,1.5830610168489434,14.0,0.24868082857661156
0.0,AFW_diminishing,diminishing,25.0,0.0016870498657226562,7.5255260924798995,1.0296613251617925,15.0,0.25085086974932996
0.0,AFW_diminishing,diminishing,26.0,0.0017511844635009766,7.453875839978563,1.4111844696537448,15.0,0.24846252799928545
0.0,AFW_diminishing,diminishing,27.0,0.001814126968383789,7.531416904176052,0.7597864359669142,16.0,0.25104723013920177
0.0,AFW_diminishing,diminishing,28.0,0.0018761157989501953,7.449935334811088,1.0644935680400636,16.0,0.24833117782703626
0.0,AFW_diminishing,diminishing,29.0,0.0019412040710449219,7.502460994140924,0.6180069182749204,17.0,0.2500820331380308
0.0,AFW_diminishing,diminishing,30.0,0.002006053924560547,7.447009473393913,0.886310583019883,17.0,0.24823364911313042
0.0,AFW_diminishing,diminishing,31.0,0.0020751953125,7.4796794306889405,0.6102767569059075,18.0,0.24932264768963136
0.0,AFW_diminishing,diminishing,32.0,0.0021381378173828125,7.444288269150757,0.9701653564660404,18.0,0.24814294230502523
0.0,AFW_diminishing,diminishing,33.0,0.0022001266479492188,7.483703115177581,0.6278861417741162,18.0,0.24945677050591936
0.0,AFW_diminishing,diminishing,34.0,0.002262115478515625,7.441821210518199,1.0868509203214352,18.0,0.2480607070172733
0.0,AFW_diminishing,diminishing,35.0,0.0023250579833984375,7.438718962699106,0.4394420551033278,17.0,0.24795729875663686
0.0,AFW_diminishing,diminishing,36.0,0.0023870468139648438,7.47317377190163,0.5554611732959698,17.0,0.24910579239672098
0.0,AFW_diminishing,diminishing,37.0,0.0024492740631103516,7.436846993622584,1.083388733279004,17.0,0.24789489978741946
0.0,AFW_diminishing,diminishing,38.0,0.0025103092193603516,7.459287451278402,0.494087632792481,17.0,0.2486429150426134
0.0,AFW_diminishing,diminishing,39.0,0.0025720596313476562,7.435291767335843,0.9041960400938995,17.0,0.24784305891119476
0.0,AFW_diminishing,diminishing,40.0,0.0026352405548095703,7.462277769184648,0.38346215335424727,17.0,0.24874259230615492
0.0,AFW_diminishing,diminishing,41.0,0.0026960372924804688,7.433306782111512,1.7657638594380298,18.0,0.24777689273705042
0.0,AFW_diminishing,diminishing,42.0,0.0027582645416259766,7.433339921251207,0.780485598177397,18.0,0.24777799737504022
0.0,AFW_diminishing,diminishing,43.0,0.002820253372192383,7.420098056783386,0.8396930565305931,18.0,0.24733660189277953
0.0,AFW_diminishing,diminishing,44.0,0.002882242202758789,7.423900341153526,0.6549107817664384,18.0,0.24746334470511752
0.0,AFW_diminishing,diminishing,45.0,0.0029442310333251953,7.412150667252119,0.8427441127615944,18.0,0.24707168890840397
0.0,AFW_diminishing,diminishing,46.0,0.0030059814453125,7.4187649076622835,0.5485908932148638,18.0,0.24729216358874279
0.0,AFW_diminishing,diminishing,47.0,0.0030791759490966797,7.408771696883605,0.8527649020538206,18.0,0.24695905656278683
0.0,AFW_diminishing,diminishing,48.0,0.003147125244140625,7.42845900099795,0.6088072419066792,19.0,0.247615300033265
0.0,AFW_diminishing,diminishing,49.0,0.003214120864868164,7.4074915953932745,1.0019329394012066,19.0,0.24691638651310915
0.0,AFW_diminishing,diminishing,50.0,0.0032792091369628906,7.4144973519073645,0.5462924832035299,19.0,0.24714991173024548
0.0,AFW_diminishing,diminishing,51.0,0.003345966339111328,7.395327286696799,0.6576739046977336,19.0,0.24651090955655997
0.0,AFW_diminishing,diminishing,52.0,0.0034101009368896484,7.403544833009914,0.43516854461479326,19.0,0.24678482776699712
0.0,AFW_diminishing,diminishing,53.0,0.0034732818603515625,7.3957434144333005,1.0854670218362594,19.0,0.24652478048111
0.0,AFW_diminishing,diminishing,54.0,0.0035352706909179688,7.401521176846074,0.4468783580378073,19.0,0.24671737256153578
0.0,AFW_diminishing,diminishing,55.0,0.003597259521484375,7.396148461648726,0.9902205401929258,19.0,0.2465382820549575
0.0,AFW_diminishing,diminishing,56.0,0.0036611557006835938,7.399802624469203,0.4578026730186746,19.0,0.24666008748230675
0.0,AFW_diminishing,diminishing,57.0,0.0037262439727783203,7.396541774788635,0.9019842078299103,19.0,0.2465513924929545
0.0,AFW_diminishing,diminishing,58.0,0.003792285919189453,7.398342124891715,0.4680178099807124,19.0,0.24661140416305719
0.0,AFW_diminishing,diminishing,59.0,0.003856182098388672,7.396268414733644,0.8273197611455139,19.0,0.24654228049112145
0.0,AFW_diminishing,diminishing,60.0,0.003920316696166992,7.394178644456137,0.62849100953982,18.0,0.2464726214818712
0.0,AFW_diminishing,diminishing,61.0,0.00398707389831543,7.395955104674922,0.6073071062042628,18.0,0.2465318368224974
0.0,AFW_diminishing,diminishing,62.0,0.0040493011474609375,7.394543068572189,0.7844699347623099,18.0,0.2464847689524063
0.0,AFW_diminishing,diminishing,63.0,0.004115104675292969,7.394872870397826,0.48622576237175696,18.0,0.2464957623465942
0.0,AFW_diminishing,diminishing,64.0,0.0041790008544921875,7.393600962336508,0.7457950378911109,18.0,0.24645336541121696
0.0,AFW_diminishing,diminishing,65.0,0.00424504280090332,7.393903697240754,0.5811866516951811,18.0,0.2464634565746918
0.0,AFW_diminishing,diminishing,66.0,0.0043070316314697266,7.3940058960571085,0.6895925025503127,18.0,0.2464668632019036
0.0,AFW_diminishing,diminishing,67.0,0.004369974136352539,7.393060399103517,0.4833351911131869,18.0,0.24643534663678388
0.0,AFW_diminishing,diminishing,68.0,0.004432201385498047,7.393153346811851,0.6578907312448354,18.0,0.24643844489372838
0.0,AFW_diminishing,diminishing,69.0,0.004495143890380859,7.392299889960513,0.5581351284045502,18.0,0.2464099963320171
0.0,AFW_diminishing,diminishing,70.0,0.004557132720947266,7.3935843947664175,0.6060451427055078,18.0,0.2464528131588806
0.0,AFW_diminishing,diminishing,71.0,0.004619121551513672,7.391638658436925,0.48085249234267113,18.0,0.24638795528123084
0.0,AFW_diminishing,diminishing,72.0,0.004681110382080078,7.392805138613414,0.5801848940024765,18.0,0.24642683795378048
0.0,AFW_diminishing,diminishing,73.0,0.004743337631225586,7.391038386969271,0.5376424398827551,18.0,0.24636794623230904
0.0,AFW_diminishing,diminishing,74.0,0.004803180694580078,7.393252140733362,0.5319161970483082,18.0,0.2464417380244454
0.0,AFW_diminishing,diminishing,75.0,0.00487208366394043,7.390517626869682,0.4787006708439785,18.0,0.24635058756232275
0.0,AFW_diminishing,diminishing,76.0,0.0049359798431396484,7.392533783143664,0.5110030232774525,18.0,0.24641779277145545
0.0,AFW_diminishing,diminishing,77.0,0.004999399185180664,7.390041860664993,0.519305470403352,18.0,0.24633472868883308
0.0,AFW_diminishing,diminishing,78.0,0.005061149597167969,7.39274202269271,0.46576679741354265,18.0,0.246424734089757
0.0,AFW_diminishing,diminishing,79.0,0.005123138427734375,7.389630271836062,0.5204790641778718,18.0,0.24632100906120205
0.0,AFW_diminishing,diminishing,80.0,0.005185127258300781,7.391490737037692,0.45520061770318954,19.0,0.24638302456792308
0.0,AFW_diminishing,diminishing,81.0,0.0052490234375,7.389782636942583,0.4871576929460808,18.0,0.2463260878980861
0.0,AFW_diminishing,diminishing,82.0,0.005312204360961914,7.389226379374247,0.47125044079470246,18.0,0.2463075459791416
0.0,AFW_diminishing,diminishing,83.0,0.005373954772949219,7.389929645486256,0.48350834192085745,18.0,0.2463309881828752
0.0,AFW_diminishing,diminishing,84.0,0.005437135696411133,7.38884421865828,0.472226540547239,18.0,0.24629480728860934
0.0,AFW_diminishing,diminishing,85.0,0.005499362945556641,7.390806200182914,0.45099280834016486,18.0,0.24636020667276382
0.0,AFW_diminishing,diminishing,86.0,0.005561113357543945,7.388505105394887,0.42004474312891915,18.0,0.2462835035131629
0.0,AFW_diminishing,diminishing,87.0,0.0056231021881103516,7.389760725254487,0.4333367965870272,18.0,0.2463253575084829
0.0,AFW_diminishing,diminishing,88.0,0.005688190460205078,7.388192723571733,0.458591326147463,18.0,0.24627309078572443
0.0,AFW_diminishing,diminishing,89.0,0.005752086639404297,7.390629968853032,0.4007797381106952,18.0,0.24635433229510106
0.0,AFW_diminishing,diminishing,90.0,0.005815267562866211,7.387917452642414,0.4266309717784509,18.0,0.24626391508808046
0.0,AFW_diminishing,diminishing,91.0,0.00588226318359375,7.390158214508655,0.3877406902463276,18.0,0.2463386071502885
0.0,AFW_diminishing,diminishing,92.0,0.0059452056884765625,7.387662105627036,0.44629895654039586,18.0,0.2462554035209012
0.0,AFW_diminishing,diminishing,93.0,0.0060062408447265625,7.389103094532531,0.38895061634936035,18.0,0.2463034364844177
0.0,AFW_diminishing,diminishing,94.0,0.0060710906982421875,7.387415620796982,0.4502241535552347,18.0,0.2462471873598994
0.0,AFW_diminishing,diminishing,95.0,0.006133079528808594,7.388792557244068,0.38745286158595604,18.0,0.24629308524146895
0.0,AFW_diminishing,diminishing,96.0,0.006197214126586914,7.387179844825644,0.4234521733701122,18.0,0.24623932816085478
0.0,AFW_diminishing,diminishing,97.0,0.006258249282836914,7.387945648548698,0.37649591469513055,18.0,0.24626485495162326
0.0,AFW_diminishing,diminishing,98.0,0.0063321590423583984,7.387204694144478,0.45282429679036795,18.0,0.2462401564714826
0.0,AFW_diminishing,diminishing,99.0,0.0063970088958740234,7.3845551536405685,0.45577157260254175,18.0,0.2461518384546856
0.0,AFW_diminishing,diminishing,100.0,0.0064601898193359375,7.382049774403815,0.48095879859446455,18.0,0.2460683258134605
0.0,AFW_diminishing,diminishing,101.0,0.006524324417114258,7.380330432401212,0.5357085397255545,18.0,0.24601101441337372
0.0,AFW_diminishing,diminishing,102.0,0.006588935852050781,7.375906000255199,0.5570881019191081,18.0,0.24586353334183997
0.0,AFW_diminishing,diminishing,103.0,0.0066530704498291016,7.372012062844636,0.37409743327873013,17.0,0.24573373542815452
0.0,AFW_diminishing,diminishing,104.0,0.00671696662902832,7.369968957223498,0.48881941640174276,17.0,0.24566563190744992
0.0,AFW_diminishing,diminishing,105.0,0.006781101226806641,7.368330249758409,0.3006403238474622,16.0,0.2456110083252803
0.0,AFW_diminishing,diminishing,106.0,0.006842136383056641,7.368080753872501,0.21256731541192941,16.0,0.24560269179575003
0.0,AFW_diminishing,diminishing,107.0,0.006910085678100586,7.369632201496411,0.37793688738077336,16.0,0.24565440671654704
0.0,AFW_diminishing,diminishing,108.0,0.006973981857299805,7.367897939776224,0.3109493157924108,16.0,0.2455965979925408
0.0,AFW_diminishing,diminishing,109.0,0.007037162780761719,7.369720815050028,0.35253361526146776,16.0,0.24565736050166762
0.0,AFW_diminishing,diminishing,110.0,0.0071010589599609375,7.367733663303656,0.3126880814145432,16.0,0.24559112211012185
0.0,AFW_diminishing,diminishing,111.0,0.0071642398834228516,7.369807526836235,0.32806967582838276,16.0,0.24566025089454116
0.0,AFW_diminishing,diminishing,112.0,0.0072252750396728516,7.367586316887408,0.314367767802219,16.0,0.2455862105629136
0.0,AFW_diminishing,diminishing,113.0,0.0072841644287109375,7.36989237276373,0.3044939464721139,16.0,0.24566307909212434
0.0,AFW_diminishing,diminishing,114.0,0.007355213165283203,7.367454447394647,0.3159913307223645,16.0,0.2455818149131549
0.0,AFW_diminishing,diminishing,115.0,0.007418155670166016,7.369975390541074,0.2817589461462493,16.0,0.24566584635136915
0.0,AFW_diminishing,diminishing,116.0,0.007481098175048828,7.36733673934846,0.31756153234852835,16.0,0.2455778913116153
0.0,AFW_diminishing,diminishing,117.0,0.007542133331298828,7.368177469807235,0.2642215783414299,16.0,0.24560591566024118
0.0,AFW_diminishing,diminishing,118.0,0.007604122161865234,7.366283229806616,0.22828568210135813,16.0,0.24554277432688718
0.0,AFW_diminishing,diminishing,119.0,0.007666349411010742,7.365042097798147,0.1878088742873869,15.0,0.24550140325993824
0.0,AFW_diminishing,diminishing,120.0,0.0077283382415771484,7.365768685154148,0.3366654077272573,15.0,0.2455256228384716
0.0,AFW_diminishing,diminishing,121.0,0.007789134979248047,7.364911200942448,0.24904373306846495,15.0,0.24549704003141493
0.0,AFW_diminishing,diminishing,122.0,0.00785207748413086,7.365823928425147,0.3179534830928823,15.0,0.24552746428083824
0.0,AFW_diminishing,diminishing,123.0,0.007911205291748047,7.364791601796252,0.25096270786830743,15.0,0.2454930533932084
0.0,AFW_diminishing,diminishing,124.0,0.007976055145263672,7.365878154758977,0.2998593193911674,15.0,0.2455292718252992
0.0,AFW_diminishing,diminishing,125.0,0.008043050765991211,7.364682430805536,0.2528222364681634,15.0,0.24548941436018454
0.0,AFW_diminishing,diminishing,126.0,0.008105039596557617,7.365931377825912,0.28235283629912455,15.0,0.2455310459275304
0.0,AFW_diminishing,diminishing,127.0,0.008166313171386719,7.364582893162594,0.2546250374113459,15.0,0.24548609643875313
0.0,AFW_diminishing,diminishing,128.0,0.008229255676269531,7.365983612515009,0.26540587431232776,15.0,0.24553278708383364
0.0,AFW_diminishing,diminishing,129.0,0.008292198181152344,7.3644922615112955,0.256373666066267,15.0,0.24548307538370986
0.0,AFW_diminishing,diminishing,130.0,0.00835418701171875,7.366034874688093,0.24899204389962737,15.0,0.24553449582293643
0.0,AFW_diminishing,diminishing,131.0,0.008418083190917969,7.364409869453833,0.2580705266807666,15.0,0.24548032898179442
0.0,AFW_diminishing,diminishing,132.0,0.008482217788696289,7.3660851809692955,0.23308658864761522,15.0,0.2455361726989765
0.0,AFW_diminishing,diminishing,133.0,0.008545160293579102,7.364335105760974,0.2597178833840976,15.0,0.24547783685869912
0.0,AFW_diminishing,diminishing,134.0,0.00860595703125,7.3661345485651895,0.2176662609050286,15.0,0.2455378182855063
0.0,AFW_diminishing,diminishing,135.0,0.008667230606079102,7.364267409201025,0.26131787024207576,15.0,0.24547558030670083
0.0,AFW_diminishing,diminishing,136.0,0.008728265762329102,7.366182995111142,0.20270920861523845,15.0,0.2455394331703714
0.0,AFW_diminishing,diminishing,137.0,0.008788108825683594,7.3642062639139905,0.26287250045912547,15.0,0.24547354213046635
0.0,AFW_diminishing,diminishing,138.0,0.008849382400512695,7.366230538540263,0.18819487218054043,15.0,0.2455410179513421
0.0,AFW_diminishing,diminishing,139.0,0.008910179138183594,7.36415119526692,0.2643836748103592,15.0,0.24547170650889732
0.0,AFW_diminishing,diminishing,140.0,0.00897216796875,7.36595344658109,0.1753685273415968,15.0,0.245531781552703
0.0,AFW_diminishing,diminishing,141.0,0.009034156799316406,7.364101257811463,0.2133133314759128,15.0,0.24547004192704874
0.0,AFW_diminishing,diminishing,142.0,0.009099006652832031,7.366204218116997,0.16905282579442638,15.0,0.2455401406038999
0.0,AFW_diminishing,diminishing,143.0,0.009163141250610352,7.364054584680593,0.26098664069226096,15.0,0.24546848615601977
0.0,AFW_diminishing,diminishing,144.0,0.009225130081176758,7.365897403826515,0.16452621514561105,15.0,0.24552991346088382
0.0,AFW_diminishing,diminishing,145.0,0.00928807258605957,7.364010295300429,0.26834980659317065,15.0,0.24546700984334763
0.0,AFW_diminishing,diminishing,146.0,0.009353160858154297,7.365798676988892,0.15846450085719788,15.0,0.2455266225662964
0.0,AFW_diminishing,diminishing,147.0,0.009414196014404297,7.363968772706992,0.2009368258203974,15.0,0.24546562575689973
0.0,AFW_diminishing,diminishing,148.0,0.00947713851928711,7.365807275923347,0.15303751269041665,15.0,0.24552690919744488
0.0,AFW_diminishing,diminishing,149.0,0.009539127349853516,7.363929764086925,0.2650435350392373,15.0,0.24546432546956418
0.0,AFW_diminishing,diminishing,150.0,0.009602069854736328,7.36497692743072,0.14745861793964643,15.0,0.24549923091435735
0.0,AFW_diminishing,diminishing,151.0,0.009665250778198242,7.3636172052089615,0.37505175663040013,15.0,0.24545390684029872
0.0,AFW_diminishing,diminishing,152.0,0.009727001190185547,7.363690502563796,0.1531763826378656,15.0,0.24545635008545988
0.0,AFW_diminishing,diminishing,153.0,0.009788990020751953,7.362469228892403,0.24955194773886458,15.0,0.24541564096308008
0.0,AFW_diminishing,diminishing,154.0,0.009852170944213867,7.362677840688315,0.19750493886006826,15.0,0.2454225946896105
0.0,AFW_diminishing,diminishing,155.0,0.009914159774780273,7.361762491984918,0.26974925926541005,15.0,0.24539208306616395
0.0,AFW_diminishing,diminishing,156.0,0.00997614860534668,7.362304290688878,0.18872657990114572,15.0,0.2454101430229626
0.0,AFW_diminishing,diminishing,157.0,0.01003718376159668,7.361779518052953,0.30163490627061407,15.0,0.2453926506017651
0.0,AFW_diminishing,diminishing,158.0,0.010099172592163086,7.362234299771192,0.18960909974823803,15.0,0.24540780999237305
0.0,AFW_diminishing,diminishing,159.0,0.010161161422729492,7.361796367093243,0.29181923417902933,15.0,0.24539321223644142
0.0,AFW_diminishing,diminishing,160.0,0.010223150253295898,7.3621682615797095,0.19047018559670725,15.0,0.24540560871932365
0.0,AFW_diminishing,diminishing,161.0,0.010284185409545898,7.361813036678762,0.2822518573598787,15.0,0.24539376788929207
0.0,AFW_diminishing,diminishing,162.0,0.010346174240112305,7.362105950124832,0.19131060854133253,15.0,0.24540353167082773
0.0,AFW_diminishing,diminishing,163.0,0.010408163070678711,7.361829524928518,0.27292347512893844,15.0,0.24539431749761725
0.0,AFW_diminishing,diminishing,164.0,0.010477066040039062,7.362047154229289,0.19213110314719017,15.0,0.24540157180764297
0.0,AFW_diminishing,diminishing,165.0,0.010539054870605469,7.361845830449518,0.26382524545475405,15.0,0.24539486101498392
0.0,AFW_diminishing,diminishing,166.0,0.010604143142700195,7.361991676413101,0.19293236958640492,15.0,0.24539972254710338
0.0,AFW_diminishing,diminishing,167.0,0.010674238204956055,7.361861952284622,0.25494875703828335,15.0,0.2453953984094874
0.0,AFW_diminishing,diminishing,168.0,0.010737180709838867,7.361939331873689,0.19371507562667567,15.0,0.24539797772912297
0.0,AFW_diminishing,diminishing,169.0,0.010798215866088867,7.361877889865681,0.24628600340692586,15.0,0.24539592966218937
0.0,AFW_diminishing,diminishing,170.0,0.010859012603759766,7.361889947552087,0.1944798584835299,15.0,0.24539633158506957
0.0,AFW_diminishing,diminishing,171.0,0.010920047760009766,7.361893642971382,0.23782935885570922,15.0,0.24539645476571273
0.0,AFW_diminishing,diminishing,172.0,0.01098322868347168,7.361843361277145,0.19522732654701702,15.0,0.24539477870923815
0.0,AFW_diminishing,diminishing,173.0,0.011046171188354492,7.36190921168932,0.2295715560835303,15.0,0.24539697372297734
0.0,AFW_diminishing,diminishing,174.0,0.011121273040771484,7.3617994209803586,0.19595806099264035,15.0,0.2453933140326786
0.0,AFW_diminishing,diminishing,175.0,0.011185169219970703,7.361924596381857,0.2215056653870473,15.0,0.2453974865460619
0.0,AFW_diminishing,diminishing,176.0,0.011255264282226562,7.361757983974916,0.19667261728555196,15.0,0.24539193279916385
0.0,AFW_diminishing,diminishing,177.0,0.011320114135742188,7.361618635900262,0.2136250752868607,15.0,0.24538728786334207
0.0,AFW_diminishing,diminishing,178.0,0.011383056640625,7.362276106876671,0.21919952796472852,15.0,0.2454092035625557
0.0,AFW_diminishing,diminishing,179.0,0.011446237564086914,7.3615791173682545,0.24625948320351654,15.0,0.24538597057894182
0.0,AFW_diminishing,diminishing,180.0,0.011507034301757812,7.362296462730197,0.20993306082271523,15.0,0.24540988209100656
0.0,AFW_diminishing,diminishing,181.0,0.01156926155090332,7.361542111171699,0.24670280818808887,15.0,0.24538473703905664
0.0,AFW_diminishing,diminishing,182.0,0.011632204055786133,7.362316550832891,0.2008735398917958,15.0,0.2454105516944297
0.0,AFW_diminishing,diminishing,183.0,0.011694192886352539,7.361507482367197,0.24713684520844836,15.0,0.24538358274557323
0.0,AFW_diminishing,diminishing,184.0,0.011755228042602539,7.362336374244833,0.19201411088710518,15.0,0.24541121247482778
0.0,AFW_diminishing,diminishing,185.0,0.011814355850219727,7.36147510407124,0.24756188272223856,15.0,0.24538250346904134
0.0,AFW_diminishing,diminishing,186.0,0.011877298355102539,7.362355936130675,0.18334821884350294,15.0,0.24541186453768918
0.0,AFW_diminishing,diminishing,187.0,0.011941194534301758,7.3614448569128,0.24797819738191418,15.0,0.24538149523042666
0.0,AFW_diminishing,diminishing,188.0,0.012007951736450195,7.361867975267217,0.17599853377868158,15.0,0.2453955991755739
0.0,AFW_diminishing,diminishing,189.0,0.012072086334228516,7.361416319662158,0.24625446745851143,15.0,0.2453805439887386
0.0,AFW_diminishing,diminishing,190.0,0.012134313583374023,7.362297616544309,0.17592045419054791,15.0,0.24540992055147695
0.0,AFW_diminishing,diminishing,191.0,0.012195110321044922,7.361388490833871,0.2408042354949762,15.0,0.24537961636112904
0.0,AFW_diminishing,diminishing,192.0,0.012257099151611328,7.3618160028416915,0.1702093875866284,15.0,0.24539386676138972
0.0,AFW_diminishing,diminishing,193.0,0.01232004165649414,7.361127556974345,0.23780509899787905,14.0,0.24537091856581147
0.0,AFW_diminishing,diminishing,194.0,0.01238107681274414,7.360836887092336,0.2848078095205544,14.0,0.24536122956974454
0.0,AFW_diminishing,diminishing,195.0,0.012444257736206055,7.361083906643924,0.14105283623230225,14.0,0.24536946355479747
0.0,AFW_diminishing,diminishing,196.0,0.012505292892456055,7.360848514712906,0.2769579994176379,14.0,0.24536161715709687
0.0,AFW_diminishing,diminishing,197.0,0.01256704330444336,7.361042314734868,0.14157270730096538,14.0,0.24536807715782893
0.0,AFW_diminishing,diminishing,198.0,0.012629032135009766,7.3608600353239115,0.2692691245300205,14.0,0.2453620011774637
0.0,AFW_diminishing,diminishing,199.0,0.012690067291259766,7.361002684549614,0.14208243203395643,14.0,0.24536675615165382
0.0,AFW_diminishing,diminishing,200.0,0.01275324821472168,7.360871448411781,0.26173628691139417,14.0,0.24536238161372603
0.0,AFW_diminishing,diminishing,201.0,0.012819051742553711,7.36096492459047,0.14258230442341802,14.0,0.245365497486349
0.0,AFW_diminishing,diminishing,202.0,0.012881278991699219,7.360882753626449,0.25435478533406286,14.0,0.24536275845421499
0.0,AFW_diminishing,diminishing,203.0,0.012942314147949219,7.360928948238192,0.14307260721914972,14.0,0.2453642982746064
0.0,AFW_diminishing,diminishing,204.0,0.013003110885620117,7.3608939507665285,0.24712010551279295,14.0,0.24536313169221763
0.0,AFW_diminishing,diminishing,205.0,0.013064146041870117,7.360894673453148,0.14355361246053278,14.0,0.24536315578177162
0.0,AFW_diminishing,diminishing,206.0,0.013124227523803711,7.36090503976573,0.24002791090593334,14.0,0.24536350132552434
0.0,AFW_diminishing,diminishing,207.0,0.013186216354370117,7.36086202249725,0.14402558197860316,14.0,0.245362067416575
0.0,AFW_diminishing,diminishing,208.0,0.013247013092041016,7.360916020680428,0.23307403405422633,14.0,0.24536386735601426
0.0,AFW_diminishing,diminishing,209.0,0.013308286666870117,7.360830921675068,0.1444887678701452,14.0,0.24536103072250226
0.0,AFW_diminishing,diminishing,210.0,0.01336812973022461,7.360926893678251,0.22625446842118002,14.0,0.24536422978927502
0.0,AFW_diminishing,diminishing,211.0,0.013430118560791016,7.360801301092604,0.14494341294562663,14.0,0.24536004336975345
0.0,AFW_diminishing,diminishing,212.0,0.013489246368408203,7.360937659027639,0.21956536070132593,14.0,0.24536458863425464
0.0,AFW_diminishing,diminishing,213.0,0.013548135757446289,7.360773094432429,0.1453897511526625,14.0,0.24535910314774764
0.0,AFW_diminishing,diminishing,214.0,0.013610124588012695,7.360948317088271,0.2130030035653947,14.0,0.24536494390294236
0.0,AFW_diminishing,diminishing,215.0,0.013672113418579102,7.360746238743898,0.14582800797647533,14.0,0.24535820795812993
0.0,AFW_diminishing,diminishing,216.0,0.01373434066772461,7.360958868302269,0.20656382881377766,14.0,0.24536529561007564
0.0,AFW_diminishing,diminishing,217.0,0.013796329498291016,7.360720674247311,0.14625840081890296,14.0,0.2453573558082437
0.0,AFW_diminishing,diminishing,218.0,0.01385807991027832,7.360969313186156,0.2002444009116342,14.0,0.24536564377287187
0.0,AFW_diminishing,diminishing,219.0,0.013923168182373047,7.360696344151015,0.14668113935720317,14.0,0.24535654480503383
0.0,AFW_diminishing,diminishing,220.0,0.013984203338623047,7.360979652323451,0.194041410881149,14.0,0.2453659884107817
0.0,AFW_diminishing,diminishing,221.0,0.014045000076293945,7.360673194480464,0.1470964258839329,14.0,0.2453557731493488
0.0,AFW_diminishing,diminishing,222.0,0.014109134674072266,7.3609898863579,0.18795167052806505,14.0,0.24536632954526333
0.0,AFW_diminishing,diminishing,223.0,0.014171361923217773,7.360651173918356,0.14750445562904257,14.0,0.24535503913061188
0.0,AFW_diminishing,diminishing,224.0,0.014232158660888672,7.360835334928855,0.18353924103674846,14.0,0.24536117783096184
0.0,AFW_diminishing,diminishing,225.0,0.014296293258666992,7.360548990202587,0.1847810130973393,14.0,0.24535163300675292
0.0,AFW_diminishing,diminishing,226.0,0.014359235763549805,7.360844211562245,0.16529168516645498,14.0,0.2453614737187415
0.0,AFW_diminishing,diminishing,227.0,0.014422178268432617,7.360530295029795,0.1855143741400722,14.0,0.2453510098343265
0.0,AFW_diminishing,diminishing,228.0,0.014484167098999023,7.360852998649852,0.16006070643738912,14.0,0.24536176662166173
0.0,AFW_diminishing,diminishing,229.0,0.014547109603881836,7.360512508464464,0.18623511073860488,14.0,0.2453504169488155
0.0,AFW_diminishing,diminishing,230.0,0.014608144760131836,7.360861696845315,0.15492186819947928,14.0,0.2453620565615105
0.0,AFW_diminishing,diminishing,231.0,0.01466822624206543,7.3604955920483635,0.18694354606279795,14.0,0.24534985306827878
0.0,AFW_diminishing,diminishing,232.0,0.014730215072631836,7.360870306836273,0.14987275758946783,14.0,0.2453623435612091
0.0,AFW_diminishing,diminishing,233.0,0.014791250228881836,7.360479509145148,0.18763999234664208,14.0,0.24534931697150494
0.0,AFW_diminishing,diminishing,234.0,0.014852285385131836,7.360656665728288,0.1449110452492981,14.0,0.24535522219094294
0.0,AFW_diminishing,diminishing,235.0,0.014912128448486328,7.360484852247653,0.19213305074631393,14.0,0.2453494950749218
0.0,AFW_diminishing,diminishing,236.0,0.014973163604736328,7.360636458532998,0.14491522660909606,14.0,0.2453545486177666
0.0,AFW_diminishing,diminishing,237.0,0.015033245086669922,7.360490155829624,0.1877826582385973,14.0,0.24534967186098747
0.0,AFW_diminishing,diminishing,238.0,0.01509404182434082,7.3606170386674465,0.14491943779552852,14.0,0.24535390128891488
0.0,AFW_diminishing,diminishing,239.0,0.01515507698059082,7.36049541964287,0.18350597391533263,14.0,0.245349847321429
0.0,AFW_diminishing,diminishing,240.0,0.015216350555419922,7.360598375441098,0.14492367560182018,14.0,0.24535327918136993
0.0,AFW_diminishing,diminishing,241.0,0.015276193618774414,7.360500643487599,0.1793011405400513,14.0,0.24535002144958665
0.0,AFW_diminishing,diminishing,242.0,0.015336990356445312,7.360580439535872,0.14492793700720608,14.0,0.24535268131786242
0.0,AFW_diminishing,diminishing,243.0,0.015397310256958008,7.3605058272088115,0.1751663627440161,14.0,0.24535019424029372
0.0,AFW_diminishing,diminishing,244.0,0.015458106994628906,7.360563202935462,0.14493221916612242,14.0,0.2453521067645154
0.0,AFW_diminishing,diminishing,245.0,0.015519142150878906,7.360560464497921,0.17320594259991307,15.0,0.24535201548326402
0.0,AFW_diminishing,diminishing,246.0,0.015583038330078125,7.359968322687038,0.10820580922585066,15.0,0.24533227742290128
0.0,AFW_diminishing,diminishing,247.0,0.01564335823059082,7.360186907873134,0.10940681697859933,15.0,0.2453395635957711
0.0,AFW_diminishing,diminishing,248.0,0.01570415496826172,7.359972689456838,0.1912171453827778,15.0,0.24533242298189462
0.0,AFW_diminishing,diminishing,249.0,0.01576519012451172,7.360168812090287,0.10978121931404417,15.0,0.24533896040300956
0.0,AFW_diminishing,diminishing,250.0,0.015825271606445312,7.3599770276856,0.1872684046195392,15.0,0.24533256758952002
0.0,AFW_diminishing,diminishing,251.0,0.01588726043701172,7.3601513704970065,0.11014976030080881,15.0,0.24533837901656688
0.0,AFW_diminishing,diminishing,252.0,0.015948057174682617,7.359785271965885,0.18338307619093275,15.0,0.24532617573219617
0.0,AFW_diminishing,diminishing,253.0,0.016010046005249023,7.3596663161590365,0.13774668937346402,15.0,0.24532221053863454
0.0,AFW_diminishing,diminishing,254.0,0.016071319580078125,7.35979121631253,0.16427218647290154,15.0,0.24532637387708434
0.0,AFW_diminishing,diminishing,255.0,0.016132116317749023,7.359651527006154,0.13818415593660038,15.0,0.2453217175668718
0.0,AFW_diminishing,diminishing,256.0,0.016195297241210938,7.359702300310667,0.16031661637876482,15.0,0.24532341001035557
0.0,AFW_diminishing,diminishing,257.0,0.01625514030456543,7.359637305599916,0.10743024744613283,15.0,0.2453212435199972
0.0,AFW_diminishing,diminishing,258.0,0.016326189041137695,7.3597828863831065,0.15851663233798075,15.0,0.2453260962127702
0.0,AFW_diminishing,diminishing,259.0,0.016391277313232422,7.3596234703154275,0.13714635328103864,15.0,0.24532078234384758
0.0,AFW_diminishing,diminishing,260.0,0.016454219818115234,7.359694839850167,0.1549284686762551,15.0,0.24532316132833892
0.0,AFW_diminishing,diminishing,261.0,0.016527175903320312,7.359610143065854,0.10658171736189548,15.0,0.24532033810219514
0.0,AFW_diminishing,diminishing,262.0,0.01658916473388672,7.359775086417361,0.15293904590345342,15.0,0.24532583621391205
0.0,AFW_diminishing,diminishing,263.0,0.01665019989013672,7.359597196137971,0.13614034162753708,15.0,0.24531990653793237
0.0,AFW_diminishing,diminishing,264.0,0.016711950302124023,7.359687893419363,0.1497057240698414,15.0,0.24532292978064543
0.0,AFW_diminishing,diminishing,265.0,0.01677417755126953,7.359584702423274,0.10575917114838518,15.0,0.2453194900807758
0.0,AFW_diminishing,diminishing,266.0,0.016836166381835938,7.359767780533009,0.14753129979135782,15.0,0.24532559268443363
0.0,AFW_diminishing,diminishing,267.0,0.016897201538085938,7.359572583544089,0.13516468253669967,15.0,0.2453190861181363
0.0,AFW_diminishing,diminishing,268.0,0.016959190368652344,7.359681425579859,0.14464088282409637,15.0,0.2453227141859953
0.0,AFW_diminishing,diminishing,269.0,0.017022132873535156,7.359560867510334,0.1049614338040632,15.0,0.2453186955836778
0.0,AFW_diminishing,diminishing,270.0,0.017084360122680664,7.359760935657772,0.14228575400432764,15.0,0.24532536452192574
0.0,AFW_diminishing,diminishing,271.0,0.017148256301879883,7.359549521100239,0.13421802304231534,15.0,0.24531831737000795
0.0,AFW_diminishing,diminishing,272.0,0.017213106155395508,7.359469370723798,0.13972689178298214,15.0,0.24531564569079328
0.0,AFW_diminishing,diminishing,273.0,0.017276287078857422,7.3591872609304705,0.1882646087189448,15.0,0.24530624203101567
0.0,AFW_diminishing,diminishing,274.0,0.017337322235107422,7.359454616582632,0.09449260893271738,15.0,0.2453151538860877
0.0,AFW_diminishing,diminishing,275.0,0.017400264739990234,7.35919014926066,0.18500053709837694,15.0,0.24530633830868867
0.0,AFW_diminishing,diminishing,276.0,0.017463207244873047,7.3594403268335915,0.09464133065817393,15.0,0.24531467756111972
0.0,AFW_diminishing,diminishing,277.0,0.01752614974975586,7.359193023310868,0.18178410275791368,15.0,0.24530643411036226
0.0,AFW_diminishing,diminishing,278.0,0.017617225646972656,7.359426486123424,0.09478797443205078,15.0,0.24531421620411414
0.0,AFW_diminishing,diminishing,279.0,0.017698049545288086,7.359195882810844,0.17861427050727485,15.0,0.24530652942702813
0.0,AFW_diminishing,diminishing,280.0,0.017768144607543945,7.3594130796876644,0.09493258347309652,15.0,0.24531376932292215
0.0,AFW_diminishing,diminishing,281.0,0.01783299446105957,7.359198727514119,0.17549003493115478,15.0,0.24530662425047065
0.0,AFW_diminishing,diminishing,282.0,0.017898082733154297,7.359400093324525,0.09507519981063162,15.0,0.24531333644415082
0.0,AFW_diminishing,diminishing,283.0,0.01796412467956543,7.359201557196619,0.17241041932648393,15.0,0.24530671857322064
0.0,AFW_diminishing,diminishing,284.0,0.0181272029876709,7.359387513370063,0.09521586432511508,15.0,0.24531291711233544
0.0,AFW_diminishing,diminishing,285.0,0.018197059631347656,7.359204371655331,0.16937447468482958,15.0,0.24530681238851101
0.0,AFW_diminishing,diminishing,286.0,0.018264293670654297,7.359375326674655,0.09535461678715595,15.0,0.24531251088915518
0.0,AFW_diminishing,diminishing,287.0,0.018329143524169922,7.359207170707081,0.16638127871783492,15.0,0.24530690569023603
0.0,AFW_diminishing,diminishing,288.0,0.01844000816345215,7.359363520580589,0.09549149589486561,15.0,0.24531211735268632
0.0,AFW_diminishing,diminishing,289.0,0.01850605010986328,7.35920995418736,0.16342993492344782,15.0,0.245306998472912
0.0,AFW_diminishing,diminishing,290.0,0.0185701847076416,7.359352082900816,0.09562653930975351,15.0,0.24531173609669388
0.0,AFW_diminishing,diminishing,291.0,0.01863408088684082,7.359212721949229,0.16051957169104725,15.0,0.24530709073164095
0.0,AFW_diminishing,diminishing,292.0,0.01869821548461914,7.359341001898707,0.09575978369116012,15.0,0.24531136672995688
0.0,AFW_diminishing,diminishing,293.0,0.01876211166381836,7.359215473862274,0.1576493414436495,15.0,0.24530718246207578
0.0,AFW_diminishing,diminishing,294.0,0.018828153610229492,7.359330266268842,0.09589126472940013,15.0,0.24531100887562804
0.0,AFW_diminishing,diminishing,295.0,0.01889204978942871,7.359218209811641,0.15481841981521427,15.0,0.24530727366038804
0.0,AFW_diminishing,diminishing,296.0,0.018957138061523438,7.359319865118697,0.09602101717749623,15.0,0.24531066217062322
0.0,AFW_diminishing,diminishing,297.0,0.019021272659301758,7.359220929697107,0.1520260048616393,15.0,0.2453073643232369
0.0,AFW_diminishing,diminishing,298.0,0.019086122512817383,7.359309787951255,0.0961490748817484,15.0,0.24531032626504184
0.0,AFW_diminishing,diminishing,299.0,0.01915121078491211,7.359223633432227,0.14927131630360524,15.0,0.24530745444774088
0.0,AFW_diminishing,diminishing,300.0,0.01921224594116211,7.35930002464841,0.09627547081109267,15.0,0.24531000082161367
0.0,AFW_diminishing,diminishing,301.0,0.019277095794677734,7.359226320943487,0.14655359479999408,15.0,0.24530754403144958
0.0,AFW_diminishing,diminishing,302.0,0.019343137741088867,7.359290565455204,0.09640023708535495,15.0,0.24530968551517346
0.0,AFW_diminishing,diminishing,303.0,0.01940608024597168,7.359228992169563,0.14387210125027838,15.0,0.2453076330723188
0.0,AFW_diminishing,diminishing,304.0,0.019468069076538086,7.35928140096478,0.09652340500233869,15.0,0.24530938003215932
0.0,AFW_diminishing,diminishing,305.0,0.019532203674316406,7.359231647060579,0.14122611612466685,15.0,0.24530772156868597
0.0,AFW_diminishing,diminishing,306.0,0.01959824562072754,7.359272522104064,0.09664500506398177,15.0,0.24530908407013546
0.0,AFW_diminishing,diminishing,307.0,0.01966118812561035,7.359234285577411,0.13861493882061637,15.0,0.24530780951924705
0.0,AFW_diminishing,diminishing,308.0,0.019748210906982422,7.359263920120119,0.09676506700148657,15.0,0.2453087973373373
0.0,AFW_diminishing,diminishing,309.0,0.019819021224975586,7.359236907691057,0.13603788704464126,15.0,0.24530789692303523
0.0,AFW_diminishing,diminishing,310.0,0.019886255264282227,7.359255586567112,0.09688361979943938,15.0,0.24530851955223706
0.0,AFW_diminishing,diminishing,311.0,0.019950151443481445,7.359239513382011,0.13349429621810582,15.0,0.24530798377940038
0.0,AFW_diminishing,diminishing,312.0,0.020014286041259766,7.359247513293917,0.09700069171915082,15.0,0.24530825044313057
0.0,AFW_diminishing,diminishing,313.0,0.020077228546142578,7.359242102639692,0.13098351890609194,15.0,0.24530807008798974
0.0,AFW_diminishing,diminishing,314.0,0.02014017105102539,7.359239692432267,0.09711631032105217,15.0,0.24530798974774223
0.0,AFW_diminishing,diminishing,315.0,0.020202159881591797,7.359244675461896,0.12850492426816196,15.0,0.24530815584872986
0.0,AFW_diminishing,diminishing,316.0,0.020261287689208984,7.3592321163854475,0.09723050248623011,15.0,0.24530773721284824
0.0,AFW_diminishing,diminishing,317.0,0.02032327651977539,7.359247231854273,0.12605789753010477,15.0,0.24530824106180912
0.0,AFW_diminishing,diminishing,318.0,0.020385026931762695,7.359224777817516,0.09734329443727763,15.0,0.2453074925939172
0.0,AFW_diminishing,diminishing,319.0,0.020446062088012695,7.359249771829861,0.12364183947576901,15.0,0.245308325727662
0.0,AFW_diminishing,diminishing,320.0,0.020507335662841797,7.359217669643006,0.09745471175826736,15.0,0.24530725565476688
0.0,AFW_diminishing,diminishing,321.0,0.0205690860748291,7.3592522954086075,0.12125616595804267,15.0,0.2453084098469536
0.0,AFW_diminishing,diminishing,322.0,0.020633220672607422,7.359210785017083,0.09756477941412456,15.0,0.24530702616723613
0.0,AFW_diminishing,diminishing,323.0,0.02069401741027832,7.3592548026169355,0.11890030742813096,15.0,0.24530849342056452
0.0,AFW_diminishing,diminishing,324.0,0.02075815200805664,7.359204117326158,0.09767352176916688,15.0,0.24530680391087192
0.0,AFW_diminishing,diminishing,325.0,0.020817995071411133,7.3592572934873495,0.11657370848239612,15.0,0.24530857644957832
0.0,AFW_diminishing,diminishing,326.0,0.020878314971923828,7.359197660178895,0.09778096260509717,15.0,0.24530658867262983
0.0,AFW_diminishing,diminishing,327.0,0.020939111709594727,7.359259768058029,0.11427582742599363,15.0,0.24530865893526765
0.0,AFW_diminishing,diminishing,328.0,0.021000146865844727,7.359191407397643,0.0978871251382909,15.0,0.2453063802465881
0.0,AFW_diminishing,diminishing,329.0,0.021061182022094727,7.359262226372482,0.11200613585251684,15.0,0.24530874087908272
0.0,AFW_diminishing,diminishing,330.0,0.021122217178344727,7.359185353010221,0.09799203203644691,15.0,0.24530617843367403
0.0,AFW_diminishing,diminishing,331.0,0.02118206024169922,7.359264668479174,0.1097641182390463,15.0,0.24530882228263912
0.0,AFW_diminishing,diminishing,332.0,0.021244287490844727,7.3591794912420845,0.09809570543477708,15.0,0.2453059830414028
0.0,AFW_diminishing,diminishing,333.0,0.02130413055419922,7.359267094431229,0.10754927155588678,15.0,0.24530890314770765
0.0,AFW_diminishing,diminishing,334.0,0.02136516571044922,7.359173816508795,0.09819816695146422,15.0,0.2453057938836265
0.0,AFW_diminishing,diminishing,335.0,0.021425247192382812,7.359269504286094,0.1053611048904628,15.0,0.24530898347620314
0.0,AFW_diminishing,diminishing,336.0,0.02148723602294922,7.359168323408864,0.09829943770271754,15.0,0.24530561078029545
0.0,AFW_diminishing,diminishing,337.0,0.021548032760620117,7.359271898105273,0.10319913908460521,15.0,0.2453090632701758
0.0,AFW_diminishing,diminishing,338.0,0.021610021591186523,7.3591630067168605,0.09839953831720027,15.0,0.2453054335572287
0.0,AFW_diminishing,diminishing,339.0,0.021671295166015625,7.3592742759540295,0.10106290638494642,15.0,0.24530914253180097
0.0,AFW_diminishing,diminishing,340.0,0.021732330322265625,7.359157861376848,0.09849848895007085,15.0,0.24530526204589492
0.0,AFW_diminishing,diminishing,341.0,0.021792173385620117,7.359276637901132,0.09895195010557511,15.0,0.24530922126337107
0.0,AFW_diminishing,diminishing,342.0,0.021852970123291016,7.359152882496069,0.09859630929641927,15.0,0.2453050960832023
0.0,AFW_diminishing,diminishing,343.0,0.021914243698120117,7.359278984018615,0.09686582430268498,15.0,0.24530929946728716
0.0,AFW_diminishing,diminishing,344.0,0.021975040435791016,7.3591480653389105,0.0986930186043784,15.0,0.245304935511297
0.0,AFW_diminishing,diminishing,345.0,0.02203512191772461,7.35928131438154,0.09480409346055652,15.0,0.24530937714605133
0.0,AFW_diminishing,diminishing,346.0,0.02209615707397461,7.359143405321145,0.09878863568766683,15.0,0.2453047801773715
0.0,AFW_diminishing,diminishing,347.0,0.022156238555908203,7.359283629067771,0.09276633218861097,15.0,0.24530945430225903
0.0,AFW_diminishing,diminishing,348.0,0.022219181060791016,7.3591388980043595,0.09888317893784215,15.0,0.24530462993347865
0.0,AFW_diminishing,diminishing,349.0,0.022282123565673828,7.359285928157773,0.09075212492876972,15.0,0.24530953093859242
0.0,AFW_diminishing,diminishing,350.0,0.022346019744873047,7.359134539090672,0.09897666633598234,15.0,0.24530448463635574
0.0,AFW_diminishing,diminishing,351.0,0.02240896224975586,7.359288211734415,0.08876106567316189,15.0,0.24530960705781385
0.0,AFW_diminishing,diminishing,352.0,0.022471189498901367,7.359130324417631,0.09906911546413166,15.0,0.24530434414725436
0.0,AFW_diminishing,diminishing,353.0,0.022535324096679688,7.3592904798827785,0.08679275769122174,15.0,0.2453096826627593
0.0,AFW_diminishing,diminishing,354.0,0.022599220275878906,7.359126249953333,0.09916054351629988,15.0,0.24530420833177777
0.0,AFW_diminishing,diminishing,355.0,0.022660255432128906,7.35929273268999,0.08484681326632426,15.0,0.245309757756333
0.0,AFW_diminishing,diminishing,356.0,0.022724151611328125,7.35912231179175,0.09925096730905203,15.0,0.24530407705972498
0.0,AFW_diminishing,diminishing,357.0,0.02278614044189453,7.359200718337274,0.08292285344121808,15.0,0.24530669061124247
0.0,AFW_diminishing,diminishing,358.0,0.022848129272460938,7.359070435998761,0.13953160053659275,15.0,0.24530234786662536
0.0,AFW_diminishing,diminishing,359.0,0.022910118103027344,7.359044296811227,0.09394040949680527,15.0,0.24530147656037424
0.0,AFW_diminishing,diminishing,360.0,0.022971153259277344,7.35896226920066,0.12875507361497185,16.0,0.24529874230668866
0.0,AFW_diminishing,diminishing,361.0,0.02303314208984375,7.359038460836407,0.07651943439902009,16.0,0.24530128202788024
0.0,AFW_diminishing,diminishing,362.0,0.023093223571777344,7.358963765014137,0.12686650250659604,16.0,0.24529879216713787
0.0,AFW_diminishing,diminishing,363.0,0.02315497398376465,7.359032773548996,0.07677235419665518,16.0,0.2453010924516332
0.0,AFW_diminishing,diminishing,364.0,0.023217201232910156,7.358965253670504,0.12499885403852762,16.0,0.24529884178901679
0.0,AFW_diminishing,diminishing,365.0,0.02327728271484375,7.359027231132911,0.07702252822464484,16.0,0.2453009077044304
0.0,AFW_diminishing,diminishing,366.0,0.02333807945251465,7.358966735137417,0.12315178245947411,16.0,0.24529889117124723
0.0,AFW_diminishing,diminishing,367.0,0.023400068283081055,7.359021829884832,0.07727000095291015,16.0,0.24530072766282773
0.0,AFW_diminishing,diminishing,368.0,0.023463964462280273,7.35896820938644,0.12132494959412732,16.0,0.24529894031288133
0.0,AFW_diminishing,diminishing,369.0,0.02352309226989746,7.3590165662103555,0.07751481589627485,16.0,0.24530055220701186
0.0,AFW_diminishing,diminishing,370.0,0.023585081100463867,7.358969676392853,0.11951802463672223,16.0,0.2452989892130951
0.0,AFW_diminishing,diminishing,371.0,0.023650169372558594,7.359011436620292,0.07775701563994897,16.0,0.24530038122067638
0.0,AFW_diminishing,diminishing,372.0,0.023713111877441406,7.358971136135464,0.11773068395146424,16.0,0.24529903787118215
0.0,AFW_diminishing,diminishing,373.0,0.023775100708007812,7.359006437727114,0.07799664186425304,16.0,0.24530021459090381
0.0,AFW_diminishing,diminishing,374.0,0.02384018898010254,7.358972588596443,0.1159626108792926,16.0,0.24529908628654812
0.0,AFW_diminishing,diminishing,375.0,0.023902177810668945,7.359001566241542,0.07823373536848521,16.0,0.2453000522080514
0.0,AFW_diminishing,diminishing,376.0,0.02396702766418457,7.358974033761149,0.11421349555089222,16.0,0.24529913445870496
0.0,AFW_diminishing,diminishing,377.0,0.024029016494750977,7.358996818969241,0.07846833609411341,16.0,0.24529989396564136
0.0,AFW_diminishing,diminishing,378.0,0.024099111557006836,7.358975471617977,0.11248303470572907,16.0,0.2452991823872659
0.0,AFW_diminishing,diminishing,379.0,0.024164199829101562,7.35899219280768,0.07870048314718847,16.0,0.24529973976025599
0.0,AFW_diminishing,diminishing,380.0,0.02422809600830078,7.35897690215821,0.1107709315167913,16.0,0.24529923007194032
0.0,AFW_diminishing,diminishing,381.0,0.024293184280395508,7.358987684743067,0.07893021482007079,16.0,0.24529958949143554
0.0,AFW_diminishing,diminishing,382.0,0.024355173110961914,7.358978325375867,0.1090768954208663,16.0,0.24529927751252892
0.0,AFW_diminishing,diminishing,383.0,0.024419307708740234,7.358983291847441,0.0791575686124526,16.0,0.24529944306158136
0.0,AFW_diminishing,diminishing,384.0,0.024482250213623047,7.358979741267578,0.10740064195424637,16.0,0.24529932470891927
0.0,AFW_diminishing,diminishing,385.0,0.02454400062561035,7.35897901127585,0.07938258125183406,16.0,0.24529930037586167
0.0,AFW_diminishing,diminishing,386.0,0.024604320526123047,7.35898114983244,0.10574189259345079,16.0,0.24529937166108132
0.0,AFW_diminishing,diminishing,387.0,0.02466726303100586,7.358974840263625,0.07960528871322659,16.0,0.24529916134212082
0.0,AFW_diminishing,diminishing,388.0,0.024729251861572266,7.358982551071906,0.1041003746010718,16.0,0.24529941836906352
0.0,AFW_diminishing,diminishing,389.0,0.024792194366455078,7.358970776123791,0.07982572623837836,16.0,0.24529902587079305
0.0,AFW_diminishing,diminishing,390.0,0.024854183197021484,7.358983944989649,0.10247582087621687,16.0,0.24529946483298828
0.0,AFW_diminishing,diminishing,391.0,0.02491617202758789,7.358966816244539,0.08004392835431418,16.0,0.24529889387481799
0.0,AFW_diminishing,diminishing,392.0,0.024979114532470703,7.358985331591463,0.1008679698097188,16.0,0.24529951105304879
0.0,AFW_diminishing,diminishing,393.0,0.025042057037353516,7.35896295808681,0.08025992889137168,16.0,0.24529876526956032
0.0,AFW_diminishing,diminishing,394.0,0.025107145309448242,7.358986710885155,0.0992765651437093,16.0,0.24529955702950518
0.0,AFW_diminishing,diminishing,395.0,0.025171995162963867,7.358959199181958,0.08047376100074022,16.0,0.2452986399727319
0.0,AFW_diminishing,diminishing,396.0,0.025237083435058594,7.358988082880427,0.09770135583547379,16.0,0.2452996027626809
0.0,AFW_diminishing,diminishing,397.0,0.025301218032836914,7.358955537129507,0.08068545717134157,16.0,0.2452985179043169
0.0,AFW_diminishing,diminishing,398.0,0.02536296844482422,7.358989447588792,0.0961420959255026,16.0,0.24529964825295975
0.0,AFW_diminishing,diminishing,399.0,0.025425195693969727,7.358951969594985,0.08089504924632607,16.0,0.2452983989864995
0.0,AFW_diminishing,diminishing,400.0,0.025487184524536133,7.358990805023471,0.09459854440943527,16.0,0.24529969350078237
0.0,AFW_diminishing,diminishing,401.0,0.02554917335510254,7.358948494307838,0.08110256843902874,16.0,0.24529828314359461
0.0,AFW_diminishing,diminishing,402.0,0.02561020851135254,7.358992155199306,0.09307046511395889,16.0,0.24529973850664352
0.0,AFW_diminishing,diminishing,403.0,0.025671958923339844,7.358945109059409,0.08130804534846359,16.0,0.24529817030198028
0.0,AFW_diminishing,diminishing,404.0,0.025733232498168945,7.3589934981326754,0.09155762657632849,16.0,0.24529978327108917
0.0,AFW_diminishing,diminishing,405.0,0.025794267654418945,7.358941811701014,0.0815115099743764,16.0,0.2452980603900338
0.0,AFW_diminishing,diminishing,406.0,0.025854110717773438,7.358994833841408,0.09005980192753871,16.0,0.24529982779471363
0.0,AFW_diminishing,diminishing,407.0,0.025916337966918945,7.358938600142051,0.08171299173180557,16.0,0.24529795333806836
0.0,AFW_diminishing,diminishing,408.0,0.02598094940185547,7.358996162344709,0.08857676877891763,16.0,0.24529987207815696
0.0,AFW_diminishing,diminishing,409.0,0.02604508399963379,7.358935472348218,0.0819125194652992,16.0,0.24529784907827393
0.0,AFW_diminishing,diminishing,410.0,0.026108980178833008,7.358997483663078,0.0871083091120628,16.0,0.2452999161221026
0.0,AFW_diminishing,diminishing,411.0,0.026172161102294922,7.358932426339755,0.08211012146264718,16.0,0.2452977475446585
0.0,AFW_diminishing,diminishing,412.0,0.026236295700073242,7.3589987978182485,0.08565420917205824,16.0,0.24529995992727496
0.0,AFW_diminishing,diminishing,413.0,0.02629828453063965,7.3589294601897715,0.08230582546826515,16.0,0.2452976486729924
0.0,AFW_diminishing,diminishing,414.0,0.026359081268310547,7.359000104833107,0.08421425936372984,16.0,0.2453000034944369
0.0,AFW_diminishing,diminishing,415.0,0.02641916275024414,7.358926572022626,0.08249965869620812,16.0,0.2452975524007542
0.0,AFW_diminishing,diminishing,416.0,0.02648019790649414,7.359001404731635,0.0827882541509668,16.0,0.24530004682438783
0.0,AFW_diminishing,diminishing,417.0,0.026540040969848633,7.358923760012358,0.08269164784269911,16.0,0.24529745866707858
0.0,AFW_diminishing,diminishing,418.0,0.026600122451782227,7.35900269753885,0.08137599195894119,16.0,0.24530008991796168
0.0,AFW_diminishing,diminishing,419.0,0.026662349700927734,7.3589210223811925,0.0828818190984677,16.0,0.2452973674127064
0.0,AFW_diminishing,diminishing,420.0,0.026723146438598633,7.359003983280739,0.07997727507911634,16.0,0.24530013277602464
0.0,AFW_diminishing,diminishing,421.0,0.026784181594848633,7.358918357398059,0.08307019816063921,16.0,0.2452972785799353
0.0,AFW_diminishing,diminishing,422.0,0.02684497833251953,7.359005261984201,0.0785919095770451,16.0,0.24530017539947338
0.0,AFW_diminishing,diminishing,423.0,0.02690720558166504,7.3589157633772055,0.08325681024427034,16.0,0.24529719211257353
0.0,AFW_diminishing,diminishing,424.0,0.02696824073791504,7.359006533676999,0.0772197052026975,16.0,0.2453002177892333
0.0,AFW_diminishing,diminishing,425.0,0.02702808380126953,7.358913238676825,0.0834416800936495,16.0,0.24529710795589418
0.0,AFW_diminishing,diminishing,426.0,0.027089357376098633,7.359007798387705,0.07586047530340423,16.0,0.24530025994625684
0.0,AFW_diminishing,diminishing,427.0,0.027149200439453125,7.3589107816977535,0.08362483199319559,16.0,0.2452970260565918
0.0,AFW_diminishing,diminishing,428.0,0.027209997177124023,7.359009056145648,0.07451403673924784,16.0,0.24530030187152158
0.0,AFW_diminishing,diminishing,429.0,0.027271270751953125,7.358908390882197,0.08380628977812155,16.0,0.2452969463627399
0.0,AFW_diminishing,diminishing,430.0,0.027332305908203125,7.359010306980868,0.07318020980077744,16.0,0.24530034356602892
0.0,AFW_diminishing,diminishing,431.0,0.027393102645874023,7.3589060647124995,0.0839860768447398,16.0,0.24529686882375
0.0,AFW_diminishing,diminishing,432.0,0.027454137802124023,7.359011550924079,0.07185881812909667,16.0,0.24530038503080265
0.0,AFW_diminishing,diminishing,433.0,0.027515172958374023,7.358903801709974,0.0841642161605547,16.0,0.24529679339033245
0.0,AFW_diminishing,diminishing,434.0,0.027576208114624023,7.359012788006613,0.07054968863813649,16.0,0.24530042626688708
0.0,AFW_diminishing,diminishing,435.0,0.02764129638671875,7.358901600433742,0.08434073027401379,16.0,0.24529672001445807
0.0,AFW_diminishing,diminishing,436.0,0.02770209312438965,7.359014018260384,0.06925265143907922,16.0,0.24530046727534613
0.0,AFW_diminishing,diminishing,437.0,0.02776503562927246,7.358899459479641,0.08451564132401934,16.0,0.24529664864932138
0.0,AFW_diminishing,diminishing,438.0,0.02782917022705078,7.35901524171785,0.06796753976690706,16.0,0.24530050805726164
0.0,AFW_diminishing,diminishing,439.0,0.027892112731933594,7.358897377479146,0.08468897104921957,16.0,0.24529657924930487
0.0,AFW_diminishing,diminishing,440.0,0.02795124053955078,7.359016458411975,0.06669418990889131,16.0,0.2453005486137325
0.0,AFW_diminishing,diminishing,441.0,0.028016328811645508,7.358895353098338,0.08486074079695616,16.0,0.24529651176994458
0.0,AFW_diminishing,diminishing,442.0,0.028098106384277344,7.359017668376192,0.06543244113511815,16.0,0.2453005889458731
0.0,AFW_diminishing,diminishing,443.0,0.028165340423583984,7.358893385036908,0.08503097153209449,16.0,0.24529644616789695
0.0,AFW_diminishing,diminishing,444.0,0.028232097625732422,7.3590188716443725,0.06418213563082364,16.0,0.24530062905481242
0.0,AFW_diminishing,diminishing,445.0,0.02829718589782715,7.358891472027179,0.08519968384550491,16.0,0.24529638240090595
0.0,AFW_diminishing,diminishing,446.0,0.028364181518554688,7.3590200682507865,0.0629431184306748,16.0,0.2453006689416929
0.0,AFW_diminishing,diminishing,447.0,0.028429269790649414,7.3588896128331855,0.08536689796236985,16.0,0.24529632042777286
0.0,AFW_diminishing,diminishing,448.0,0.028493165969848633,7.359021258230073,0.061715237354676766,16.0,0.24530070860766912
0.0,AFW_diminishing,diminishing,449.0,0.02855706214904785,7.35888780624976,0.08553263375028308,16.0,0.24529626020832532
0.0,AFW_diminishing,diminishing,450.0,0.028623104095458984,7.359022441617221,0.06049834294593115,16.0,0.2453007480539074
0.0,AFW_diminishing,diminishing,451.0,0.02868938446044922,7.358886051101649,0.0856969107271146,16.0,0.2452962017033883
0.0,AFW_diminishing,diminishing,452.0,0.028753280639648438,7.359044309789131,0.05980764312098863,17.0,0.24530147699297103
0.0,AFW_diminishing,diminishing,453.0,0.02881908416748047,7.358884332271981,0.08551686681508208,17.0,0.24529614440906605
0.0,AFW_diminishing,diminishing,454.0,0.028884172439575195,7.359019488725051,0.05930746083301308,17.0,0.24530064962416837
0.0,AFW_diminishing,diminishing,455.0,0.028948068618774414,7.358882641731762,0.0856245811256171,17.0,0.2452960880577254
0.0,AFW_diminishing,diminishing,456.0,0.02901625633239746,7.359041297669566,0.0585586255599857,17.0,0.24530137658898551
0.0,AFW_diminishing,diminishing,457.0,0.029082298278808594,7.358880988096349,0.08548960219987745,17.0,0.24529603293654495
0.0,AFW_diminishing,diminishing,458.0,0.029148340225219727,7.359016626429361,0.05813756416244065,17.0,0.24530055421431204
0.0,AFW_diminishing,diminishing,459.0,0.029214143753051758,7.358879359607833,0.08555357332116031,17.0,0.24529597865359445
0.0,AFW_diminishing,diminishing,460.0,0.029278039932250977,7.359038374578411,0.057331513474453644,17.0,0.2453012791526137
0.0,AFW_diminishing,diminishing,461.0,0.029342174530029297,7.358877768571739,0.08546287226369031,17.0,0.24529592561905797
0.0,AFW_diminishing,diminishing,462.0,0.029409170150756836,7.359013851386221,0.05698810312772462,17.0,0.24530046171287404
0.0,AFW_diminishing,diminishing,463.0,0.029474258422851562,7.358876199696526,0.08548385150083515,17.0,0.24529587332321753
0.0,AFW_diminishing,diminishing,464.0,0.029540300369262695,7.359035537286715,0.056125735647828634,17.0,0.24530118457622382
0.0,AFW_diminishing,diminishing,465.0,0.02960515022277832,7.358874668784477,0.08543666164992736,17.0,0.2452958222928159
0.0,AFW_diminishing,diminishing,466.0,0.029670238494873047,7.359002246940838,0.05585854696063297,17.0,0.24530007489802794
0.0,AFW_diminishing,diminishing,467.0,0.029736042022705078,7.358875181463736,0.11628266546132426,17.0,0.24529583938212454
0.0,AFW_diminishing,diminishing,468.0,0.029799938201904297,7.358999096808049,0.056027127915462493,17.0,0.24529996989360164
0.0,AFW_diminishing,diminishing,469.0,0.02986621856689453,7.358875693085764,0.11517545617071079,17.0,0.24529585643619214
0.0,AFW_diminishing,diminishing,470.0,0.02993321418762207,7.35899600309861,0.056194283778363996,17.0,0.24529986676995366
0.0,AFW_diminishing,diminishing,471.0,0.029999256134033203,7.3588762036223345,0.11407770927266014,17.0,0.24529587345407783
0.0,AFW_diminishing,diminishing,472.0,0.030065298080444336,7.358992964722005,0.056360032543338434,17.0,0.2452997654907335
0.0,AFW_diminishing,diminishing,473.0,0.030129194259643555,7.358876713046388,0.11298930398723872,17.0,0.2452958904348796
0.0,AFW_diminishing,diminishing,474.0,0.03019118309020996,7.358989980612381,0.05652439190272052,17.0,0.2452996660204127
0.0,AFW_diminishing,diminishing,475.0,0.030253171920776367,7.358877221332004,0.11191012158131741,17.0,0.24529590737773346
0.0,AFW_diminishing,diminishing,476.0,0.03031611442565918,7.358987049727882,0.05668737925347678,17.0,0.24529956832426275
0.0,AFW_diminishing,diminishing,477.0,0.030396223068237305,7.358877728454353,0.11084004532532354,17.0,0.24529592428181177
0.0,AFW_diminishing,diminishing,478.0,0.030460357666015625,7.358984171050028,0.05684901170333401,17.0,0.24529947236833427
0.0,AFW_diminishing,diminishing,479.0,0.030524253845214844,7.358878234389672,0.10977896045119806,17.0,0.2452959411463224
0.0,AFW_diminishing,diminishing,480.0,0.030590057373046875,7.3589813435831095,0.057009306076814426,17.0,0.24529937811943697
0.0,AFW_diminishing,diminishing,481.0,0.030652999877929688,7.3588787391152195,0.10872675411136612,17.0,0.24529595797050732
0.0,AFW_diminishing,diminishing,482.0,0.03071904182434082,7.358978566353587,0.057168278920977755,17.0,0.24529928554511957
0.0,AFW_diminishing,diminishing,483.0,0.03078317642211914,7.3588792426092455,0.107683315338714,17.0,0.2452959747536415
0.0,AFW_diminishing,diminishing,484.0,0.03084421157836914,7.358975838409521,0.057325946511241455,17.0,0.2452991946136507
0.0,AFW_diminishing,diminishing,485.0,0.030906200408935547,7.358879744850958,0.10664853500759364,17.0,0.24529599149503192
0.0,AFW_diminishing,diminishing,486.0,0.030968189239501953,7.358973158820021,0.05748232485681548,17.0,0.2452991052940007
0.0,AFW_diminishing,diminishing,487.0,0.03103017807006836,7.358880245820491,0.10562230579582454,17.0,0.24529600819401637
0.0,AFW_diminishing,diminishing,488.0,0.031092166900634766,7.358970526674692,0.05763742970619212,17.0,0.24529901755582306
0.0,AFW_diminishing,diminishing,489.0,0.031153202056884766,7.358880745498876,0.10460452214751204,17.0,0.24529602484996255
0.0,AFW_diminishing,diminishing,490.0,0.031215190887451172,7.358967941083122,0.057791276552413784,17.0,0.24529893136943742
0.0,AFW_diminishing,diminishing,491.0,0.03127622604370117,7.358881243868007,0.10359508023691877,17.0,0.24529604146226688
0.0,AFW_diminishing,diminishing,492.0,0.03133821487426758,7.3589654011743715,0.057943880638227085,17.0,0.2452988467058124
0.0,AFW_diminishing,diminishing,493.0,0.03139996528625488,7.358881740910614,0.10259387793316321,17.0,0.2452960580303538
0.0,AFW_diminishing,diminishing,494.0,0.03146219253540039,7.358962906096467,0.058095256961118835,17.0,0.24529876353654892
0.0,AFW_diminishing,diminishing,495.0,0.0315241813659668,7.358882236610243,0.10160081476572991,17.0,0.24529607455367478
0.0,AFW_diminishing,diminishing,496.0,0.0315861701965332,7.3589604550159375,0.05824542027823387,17.0,0.24529868183386458
0.0,AFW_diminishing,diminishing,497.0,0.0316472053527832,7.358882730951218,0.10061579189093095,17.0,0.24529609103170727
0.0,AFW_diminishing,diminishing,498.0,0.03170895576477051,7.35895804711734,0.05839438511114725,17.0,0.24529860157057798
0.0,AFW_diminishing,diminishing,499.0,0.03177022933959961,7.358883223918612,0.0996387120590656,17.0,0.24529610746395375
0.0,AFW_diminishing,diminishing,500.0,0.031832218170166016,7.3589556816028034,0.05854216575059912,17.0,0.24529852272009345
0.0,AFW_diminishing,diminishing,501.0,0.031893014907836914,7.358883715498243,0.09866947958242278,17.0,0.24529612384994146
0.0,AFW_diminishing,diminishing,502.0,0.03195619583129883,7.358953357691597,0.05868877626100932,17.0,0.24529844525638655
0.0,AFW_diminishing,diminishing,503.0,0.03201723098754883,7.35888420567663,0.09770800030407578,17.0,0.245296140189221
0.0,AFW_diminishing,diminishing,504.0,0.03208017349243164,7.3589510746197035,0.05883423048495917,17.0,0.24529836915399011
0.0,AFW_diminishing,diminishing,505.0,0.03214120864868164,7.358884694440974,0.09675418156736537,17.0,0.2452961564813658
0.0,AFW_diminishing,diminishing,506.0,0.03220415115356445,7.35894883163939,0.05897854204754527,17.0,0.24529829438797968
0.0,AFW_diminishing,diminishing,507.0,0.03226518630981445,7.358885181779139,0.0958079321861538,17.0,0.24529617272597132
0.0,AFW_diminishing,diminishing,508.0,0.03232717514038086,7.358946628018828,0.05912172436065699,17.0,0.24529822093396092
0.0,AFW_diminishing,diminishing,509.0,0.03238821029663086,7.358885667679628,0.09486916241575472,17.0,0.24529618892265426
0.0,AFW_diminishing,diminishing,510.0,0.03244924545288086,7.358944463041675,0.059263790627087864,17.0,0.24529814876805583
0.0,AFW_diminishing,diminishing,511.0,0.03251004219055176,7.3588861521315625,0.0939377839245834,17.0,0.24529620507105207
0.0,AFW_diminishing,diminishing,512.0,0.032572269439697266,7.358942336006722,0.059404753844639835,17.0,0.24529807786689073
0.0,AFW_diminishing,diminishing,513.0,0.032633304595947266,7.35888663512466,0.09301370976644296,17.0,0.24529622117082198
0.0,AFW_diminishing,diminishing,514.0,0.03269505500793457,7.358940246227498,0.05954462681002859,17.0,0.24529800820758327
0.0,AFW_diminishing,diminishing,515.0,0.03275609016418457,7.358887116649217,0.0920968543534535,17.0,0.24529623722164057
0.0,AFW_diminishing,diminishing,516.0,0.03281998634338379,7.358938193031928,0.059683422122837726,17.0,0.24529793976773095
0.0,AFW_diminishing,diminishing,517.0,0.03288412094116211,7.358887596696087,0.09118713342966167,17.0,0.24529625322320292
0.0,AFW_diminishing,diminishing,518.0,0.03294515609741211,7.358936175761979,0.059821152189224236,17.0,0.2452978725253993
0.0,AFW_diminishing,diminishing,519.0,0.0330052375793457,7.358888075256667,0.09028446404522672,17.0,0.24529626917522224
0.0,AFW_diminishing,diminishing,520.0,0.03306913375854492,7.358934193773311,0.059957829225665726,17.0,0.24529780645911037
0.0,AFW_diminishing,diminishing,521.0,0.03313112258911133,7.358888552322873,0.08938876453118372,17.0,0.2452962850774291
0.0,AFW_diminishing,diminishing,522.0,0.033196210861206055,7.358932246434959,0.06009346526252646,17.0,0.24529774154783196
0.0,AFW_diminishing,diminishing,523.0,0.03325819969177246,7.358889027887126,0.0884999544748366,17.0,0.24529630092957086
0.0,AFW_diminishing,diminishing,524.0,0.033319950103759766,7.358930333129007,0.06022807214763848,17.0,0.2452976777709669
0.0,AFW_diminishing,diminishing,525.0,0.03338217735290527,7.3588895019423335,0.0876179546957081,17.0,0.2452963167314111
0.0,AFW_diminishing,diminishing,526.0,0.03344321250915527,7.358928453250272,0.06036166154971667,17.0,0.2452976151083424
0.0,AFW_diminishing,diminishing,527.0,0.03350520133972168,7.358889974481881,0.08674268722200384,17.0,0.2452963324827294
0.0,AFW_diminishing,diminishing,528.0,0.03356599807739258,7.3589266062060075,0.060494244961743604,17.0,0.24529755354020025
0.0,AFW_diminishing,diminishing,529.0,0.03362727165222168,7.358890445499603,0.08587407526763702,17.0,0.2452963481833201
0.0,AFW_diminishing,diminishing,530.0,0.033689260482788086,7.358924791415595,0.060625833704259335,17.0,0.2452974930471865
0.0,AFW_diminishing,diminishing,531.0,0.033750057220458984,7.358890914989776,0.08501204320980094,17.0,0.24529636383299253
0.0,AFW_diminishing,diminishing,532.0,0.0338292121887207,7.358923008310278,0.06075643892859084,17.0,0.2452974336103426
0.0,AFW_diminishing,diminishing,533.0,0.03389596939086914,7.358891382947106,0.08415651656701151,17.0,0.2452963794315702
0.0,AFW_diminishing,diminishing,534.0,0.03396201133728027,7.358921256332858,0.06088607161998549,17.0,0.24529737521109526
0.0,AFW_diminishing,diminishing,535.0,0.034028053283691406,7.3588918493667075,0.08330742197763552,17.0,0.24529639497889025
0.0,AFW_diminishing,diminishing,536.0,0.03409314155578613,7.358919534937437,0.061014742600715266,17.0,0.2452973178312479
0.0,AFW_diminishing,diminishing,537.0,0.03415727615356445,7.358892314244096,0.08246468717896072,17.0,0.2452964104748032
0.0,AFW_diminishing,diminishing,538.0,0.03422427177429199,7.358917843589149,0.06114246253307787,17.0,0.24529726145297162
0.0,AFW_diminishing,diminishing,539.0,0.034310340881347656,7.358892777575167,0.08162824098667354,17.0,0.24529642591917222
0.0,AFW_diminishing,diminishing,540.0,0.03439807891845703,7.358916181763901,0.06126924192232064,17.0,0.24529720605879668
0.0,AFW_diminishing,diminishing,541.0,0.03447127342224121,7.358893239356192,0.08079801327480318,17.0,0.24529644131187306
0.0,AFW_diminishing,diminishing,542.0,0.03454017639160156,7.358914548948124,0.061395091119555545,17.0,0.24529715163160412
0.0,AFW_diminishing,diminishing,543.0,0.034606218338012695,7.3588936995838,0.07997393495618343,17.0,0.24529645665279334
0.0,AFW_diminishing,diminishing,544.0,0.03467512130737305,7.358912944638527,0.06152002032457471,17.0,0.24529709815461756
0.0,AFW_diminishing,diminishing,545.0,0.034739017486572266,7.358894158254966,0.07915593796321208,17.0,0.24529647194183218
0.0,AFW_diminishing,diminishing,546.0,0.034806251525878906,7.358911368341858,0.061644039588548694,17.0,0.2452970456113953
0.0,AFW_diminishing,diminishing,547.0,0.03487420082092285,7.358894615367002,0.07834395522919735,17.0,0.24529648717890007
0.0,AFW_diminishing,diminishing,548.0,0.034937143325805664,7.358909819574677,0.06176715881679673,17.0,0.24529699398582258
0.0,AFW_diminishing,diminishing,549.0,0.0350031852722168,7.358895070917546,0.07753792066993359,17.0,0.2452965023639182
0.0,AFW_diminishing,diminishing,550.0,0.035070180892944336,7.358908297863128,0.06188938777139796,17.0,0.24529694326210427
0.0,AFW_diminishing,diminishing,551.0,0.035134077072143555,7.358895524904542,0.0767377691658453,17.0,0.24529651749681805
0.0,AFW_diminishing,diminishing,552.0,0.03519797325134277,7.358906802742717,0.062010736073745854,17.0,0.24529689342475722
0.0,AFW_diminishing,diminishing,553.0,0.035264015197753906,7.358895977326244,0.07594343654443758,17.0,0.24529653257754147
0.0,AFW_diminishing,diminishing,554.0,0.03532814979553223,7.358905333758103,0.06213121320710524,17.0,0.24529684445860342
0.0,AFW_diminishing,diminishing,555.0,0.03539419174194336,7.358896428181194,0.07515485956313395,17.0,0.2452965476060398
0.0,AFW_diminishing,diminishing,556.0,0.03545808792114258,7.3589038904628845,0.06225082851906194,17.0,0.2452967963487628
0.0,AFW_diminishing,diminishing,557.0,0.03552103042602539,7.358896877468218,0.07437197589248967,17.0,0.24529656258227392
0.0,AFW_diminishing,diminishing,558.0,0.03558516502380371,7.358902472419403,0.062369591223942145,17.0,0.24529674908064675
0.0,AFW_diminishing,diminishing,559.0,0.03564810752868652,7.3588973251864145,0.07359472409976942,17.0,0.2452965775062138
0.0,AFW_diminishing,diminishing,560.0,0.03571319580078125,7.358901079198538,0.0624875104052105,17.0,0.24529670263995126
0.0,AFW_diminishing,diminishing,561.0,0.035781145095825195,7.3588977713351404,0.07282304363290137,17.0,0.24529659237783802
0.0,AFW_diminishing,diminishing,562.0,0.035845279693603516,7.35889971037952,0.06260459501773585,17.0,0.24529665701265066
0.0,AFW_diminishing,diminishing,563.0,0.035909175872802734,7.358898215914012,0.07205687480471301,17.0,0.24529660719713373
0.0,AFW_diminishing,diminishing,564.0,0.03597426414489746,7.358898365549746,0.06272085389009074,17.0,0.24529661218499152
0.0,AFW_diminishing,diminishing,565.0,0.0360410213470459,7.35889865892289,0.07129615877759843,17.0,0.24529662196409635
0.0,AFW_diminishing,diminishing,566.0,0.03610706329345703,7.358897044304584,0.06283629572677274,17.0,0.24529656814348613
0.0,AFW_diminishing,diminishing,567.0,0.03617215156555176,7.358899100361869,0.07054083754840779,17.0,0.24529663667872897
0.0,AFW_diminishing,diminishing,568.0,0.03623819351196289,7.358895746247211,0.06295092911033695,17.0,0.24529652487490702
0.0,AFW_diminishing,diminishing,569.0,0.0363011360168457,7.358899540231275,0.06979085393372664,17.0,0.2452966513410425
0.0,AFW_diminishing,diminishing,570.0,0.03636622428894043,7.358894470988428,0.06306476250357562,17.0,0.24529648236628093
0.0,AFW_diminishing,diminishing,571.0,0.036431312561035156,7.358899978531652,0.06904615155545901,17.0,0.24529666595105507
0.0,AFW_diminishing,diminishing,572.0,0.036498069763183594,7.358893218146496,0.06317780425156982,17.0,0.24529644060488318
0.0,AFW_diminishing,diminishing,573.0,0.03656125068664551,7.3589004152637605,0.06830667482666897,17.0,0.24529668050879203
0.0,AFW_diminishing,diminishing,574.0,0.036623239517211914,7.358891987346965,0.06329006258374825,17.0,0.24529639957823215
0.0,AFW_diminishing,diminishing,575.0,0.03668832778930664,7.3589008504285625,0.06757236893779073,17.0,0.24529669501428542
0.0,AFW_diminishing,diminishing,576.0,0.036756038665771484,7.358890778222531,0.06340154561584566,17.0,0.24529635927408436
0.0,AFW_diminishing,diminishing,577.0,0.03682112693786621,7.358901284027214,0.066843179843036,17.0,0.2452967094675738
0.0,AFW_diminishing,diminishing,578.0,0.03688812255859375,7.3588895904128515,0.06351226135189147,17.0,0.2452963196804284
0.0,AFW_diminishing,diminishing,579.0,0.03695416450500488,7.358901716061076,0.06611905424720899,17.0,0.24529672386870252
0.0,AFW_diminishing,diminishing,580.0,0.03701925277709961,7.358888423564418,0.06362221768615495,17.0,0.24529628078548057
0.0,AFW_diminishing,diminishing,581.0,0.037081241607666016,7.358902146531677,0.06539993959263235,17.0,0.24529673821772258
0.0,AFW_diminishing,diminishing,582.0,0.03714323043823242,7.358887277330391,0.0637314224049268,17.0,0.2452962425776797
0.0,AFW_diminishing,diminishing,583.0,0.03720521926879883,7.358902575440736,0.06468578404652447,17.0,0.24529675251469119
0.0,AFW_diminishing,diminishing,584.0,0.03726816177368164,7.358886151370471,0.06383988318846523,17.0,0.24529620504568236
0.0,AFW_diminishing,diminishing,585.0,0.03733015060424805,7.358903002790136,0.0639765364884628,17.0,0.2452967667596712
0.0,AFW_diminishing,diminishing,586.0,0.03739333152770996,7.358885045350733,0.0639476076127119,17.0,0.24529616817835775
0.0,AFW_diminishing,diminishing,587.0,0.03745532035827637,7.358903428581928,0.06327214649826285,17.0,0.24529678095273094
0.0,AFW_diminishing,diminishing,588.0,0.03751826286315918,7.358883958943511,0.06405460315111089,17.0,0.2452961319647837
0.0,AFW_diminishing,diminishing,589.0,0.037580251693725586,7.358903852818319,0.06257256434395675,17.0,0.24529679509394395
0.0,AFW_diminishing,diminishing,590.0,0.0376431941986084,7.358882891827254,0.06416087717631136,17.0,0.2452960963942418
0.0,AFW_diminishing,diminishing,591.0,0.037705183029174805,7.358904275501673,0.061877740970165185,17.0,0.2452968091833891
0.0,AFW_diminishing,diminishing,592.0,0.03776907920837402,7.35888184368639,0.06426643696185419,17.0,0.24529606145621302
0.0,AFW_diminishing,diminishing,593.0,0.037832021713256836,7.358919840087062,0.061748817952873125,17.0,0.24529732800290208
0.0,AFW_diminishing,diminishing,594.0,0.037894248962402344,7.358880805147626,0.053584937805764454,17.0,0.2452960268382542
0.0,AFW_diminishing,diminishing,595.0,0.037957191467285156,7.358902957924973,0.061145879561268934,17.0,0.24529676526416574
0.0,AFW_diminishing,diminishing,596.0,0.03801918029785156,7.358879783215995,0.06417190436771669,17.0,0.24529599277386652
0.0,AFW_diminishing,diminishing,597.0,0.0380861759185791,7.358918485777501,0.06097090813292105,17.0,0.24529728285925004
0.0,AFW_diminishing,diminishing,598.0,0.03815317153930664,7.358878771394682,0.05340032821868412,17.0,0.2452959590464894
0.0,AFW_diminishing,diminishing,599.0,0.038218021392822266,7.358901670759265,0.06042385696779995,17.0,0.24529672235864217
0.0,AFW_diminishing,diminishing,600.0,0.0382840633392334,7.3588777749084935,0.06407864922881323,17.0,0.24529592583028312
0.0,AFW_diminishing,diminishing,601.0,0.03834700584411621,7.3589171613974775,0.06020341783916905,17.0,0.24529723871324924
0.0,AFW_diminishing,diminishing,602.0,0.038410186767578125,7.358876789019851,0.053218186982734395,17.0,0.24529589296732837
0.0,AFW_diminishing,diminishing,603.0,0.038474082946777344,7.358900413148698,0.05971147612140015,17.0,0.24529668043828992
0.0,AFW_diminishing,diminishing,604.0,0.03854012489318848,7.358875817241814,0.06398664583222047,17.0,0.24529586057472713
0.0,AFW_diminishing,diminishing,605.0,0.0386042594909668,7.3589158661213,0.05944613913076591,17.0,0.24529719553737667
0.0,AFW_diminishing,diminishing,606.0,0.0386660099029541,7.358874856528346,0.05303846492604514,17.0,0.24529582855094487
0.0,AFW_diminishing,diminishing,607.0,0.03872799873352051,7.358899184266469,0.05900854518147369,17.0,0.24529663947554897
0.0,AFW_diminishing,diminishing,608.0,0.03879117965698242,7.358873908746589,0.06389586915030598,17.0,0.24529579695821963
0.0,AFW_diminishing,diminishing,609.0,0.038854360580444336,7.358909151526205,0.05874690475020827,17.0,0.24529697171754014
0.0,AFW_diminishing,diminishing,610.0,0.03891611099243164,7.358753166778403,0.0634818569913751,17.0,0.24529177222594675
0.0,AFW_diminishing,diminishing,611.0,0.038979291915893555,7.35880904456394,0.05293706463025494,17.0,0.245293634818798
0.0,AFW_diminishing,diminishing,612.0,0.03904104232788086,7.358697037362,0.0907014388853149,17.0,0.2452899012454
0.0,AFW_diminishing,diminishing,613.0,0.039103031158447266,7.358674815817238,0.05419430845302298,17.0,0.24528916052724128
0.0,AFW_diminishing,diminishing,614.0,0.03916597366333008,7.358640480887478,0.06661011476862733,17.0,0.24528801602958258
0.0,AFW_diminishing,diminishing,615.0,0.039228200912475586,7.358683094702523,0.060035489639874484,17.0,0.2452894364900841
0.0,AFW_diminishing,diminishing,616.0,0.03929018974304199,7.358639541795442,0.05991761908772464,17.0,0.24528798472651475
0.0,AFW_diminishing,diminishing,617.0,0.039353132247924805,7.358683545192416,0.059324052724451626,17.0,0.24528945150641385
0.0,AFW_diminishing,diminishing,618.0,0.03941512107849121,7.358638619843769,0.059929031557890866,17.0,0.2452879539947923
0.0,AFW_diminishing,diminishing,619.0,0.03947710990905762,7.358683993995002,0.058617235283496605,17.0,0.24528946646650007
0.0,AFW_diminishing,diminishing,620.0,0.03953909873962402,7.35863771476022,0.059940372946583054,17.0,0.24528792382534065
0.0,AFW_diminishing,diminishing,621.0,0.03960132598876953,7.358684441114883,0.05791499247113663,17.0,0.24528948137049608
0.0,AFW_diminishing,diminishing,622.0,0.039664268493652344,7.358636826277417,0.05995164391506336,17.0,0.24528789420924724
0.0,AFW_diminishing,diminishing,623.0,0.03972625732421875,7.35868488655673,0.05721728002011606,17.0,0.24528949621855764
0.0,AFW_diminishing,diminishing,624.0,0.039788246154785156,7.358635954132744,0.059962845116425356,17.0,0.24528786513775813
0.0,AFW_diminishing,diminishing,625.0,0.03984999656677246,7.358685330325315,0.05652405423245188,17.0,0.24528951101084384
0.0,AFW_diminishing,diminishing,626.0,0.03991198539733887,7.358635098068249,0.05997397719570863,17.0,0.24528783660227496
0.0,AFW_diminishing,diminishing,627.0,0.03997516632080078,7.35868577242549,0.05583527197037785,17.0,0.24528952574751633
0.0,AFW_diminishing,diminishing,628.0,0.04003715515136719,7.358634257830549,0.05998504079005329,17.0,0.24528780859435165
0.0,AFW_diminishing,diminishing,629.0,0.040099143981933594,7.358686212862186,0.055150890647309936,17.0,0.24528954042873954
0.0,AFW_diminishing,diminishing,630.0,0.040162086486816406,7.3586334331707395,0.05999603652878882,17.0,0.24528778110569133
0.0,AFW_diminishing,diminishing,631.0,0.04022407531738281,7.358686651640404,0.05447086821914837,17.0,0.24528955505468014
0.0,AFW_diminishing,diminishing,632.0,0.040287017822265625,7.358632623844297,0.06000696503356462,17.0,0.24528775412814324
0.0,AFW_diminishing,diminishing,633.0,0.04034900665283203,7.3586870887652225,0.053795163175632155,17.0,0.2452895696255074
0.0,AFW_diminishing,diminishing,634.0,0.040412187576293945,7.358631829610993,0.060017826918481454,17.0,0.24528772765369977
0.0,AFW_diminishing,diminishing,635.0,0.040473222732543945,7.358658244893412,0.05358513547585897,17.0,0.24528860816311374
0.0,AFW_diminishing,diminishing,636.0,0.04053616523742676,7.358631042807546,0.0595101118180521,17.0,0.2452877014269182
0.0,AFW_diminishing,diminishing,637.0,0.040598154067993164,7.358685780932476,0.05315194249264721,17.0,0.24528952603108253
0.0,AFW_diminishing,diminishing,638.0,0.04066014289855957,7.358630267854292,0.059424873853674676,17.0,0.24528767559514308
0.0,AFW_diminishing,diminishing,639.0,0.04072213172912598,7.358657039912971,0.053029343340847745,17.0,0.24528856799709903
0.0,AFW_diminishing,diminishing,640.0,0.040784358978271484,7.358629498882808,0.05883845404299315,17.0,0.24528764996276026
0.0,AFW_diminishing,diminishing,641.0,0.04084610939025879,7.358688213882585,0.052546190728491204,17.0,0.24528960712941952
0.0,AFW_diminishing,diminishing,642.0,0.040908098220825195,7.358628742333906,0.05101062182660776,17.0,0.24528762474446353
0.0,AFW_diminishing,diminishing,643.0,0.04097104072570801,7.3586559730123975,0.05244400786553349,17.0,0.24528853243374657
0.0,AFW_diminishing,diminishing,644.0,0.04103517532348633,7.358627991240566,0.05858320630554914,17.0,0.2452875997080189
0.0,AFW_diminishing,diminishing,645.0,0.04110217094421387,7.358681981972635,0.05229868720221287,17.0,0.2452893993990878
0.0,AFW_diminishing,diminishing,646.0,0.041168212890625,7.358627247412892,0.058222074026015314,17.0,0.24528757491376307
0.0,AFW_diminishing,diminishing,647.0,0.04123330116271973,7.358654812536279,0.05190199812882401,17.0,0.24528849375120929
0.0,AFW_diminishing,diminishing,648.0,0.04129910469055176,7.358626513201683,0.05792805565642656,17.0,0.2452875504400561
0.0,AFW_diminishing,diminishing,649.0,0.041364192962646484,7.358680752545685,0.051679222293489424,17.0,0.2452893584181895
0.0,AFW_diminishing,diminishing,650.0,0.04142904281616211,7.3586257871803635,0.05765087303400929,17.0,0.24528752623934544
0.0,AFW_diminishing,diminishing,651.0,0.04149508476257324,7.358683812582457,0.051380442106558455,17.0,0.24528946041941524
0.0,AFW_diminishing,diminishing,652.0,0.04155921936035156,7.358625069844047,0.04995033654055536,17.0,0.2452875023281349
0.0,AFW_diminishing,diminishing,653.0,0.04162311553955078,7.358652335866061,0.05135822873712126,17.0,0.24528841119553538
0.0,AFW_diminishing,diminishing,654.0,0.04168820381164551,7.3586243565338325,0.05702337646186617,17.0,0.24528747855112776
0.0,AFW_diminishing,diminishing,655.0,0.04175114631652832,7.358678753132454,0.05082907632995948,17.0,0.24528929177108177
0.0,AFW_diminishing,diminishing,656.0,0.04181814193725586,7.358623655421261,0.05706265358106499,17.0,0.24528745518070869
0.0,AFW_diminishing,diminishing,657.0,0.041883230209350586,7.358651235366611,0.05083273305612934,17.0,0.24528837451222035
0.0,AFW_diminishing,diminishing,658.0,0.04194831848144531,7.358622957940671,0.05638803649558799,17.0,0.24528743193135571
0.0,AFW_diminishing,diminishing,659.0,0.042014122009277344,7.358680414160667,0.05048260358343448,17.0,0.2452893471386889
0.0,AFW_diminishing,diminishing,660.0,0.04208111763000488,7.358622270054383,0.04889160980215035,17.0,0.24528740900181276
0.0,AFW_diminishing,diminishing,661.0,0.042144060134887695,7.3586502581726,0.050279087659972355,17.0,0.24528834193908666
0.0,AFW_diminishing,diminishing,662.0,0.0422060489654541,7.358621588459169,0.056146556182446794,17.0,0.2452873862819723
0.0,AFW_diminishing,diminishing,663.0,0.042268991470336914,7.358675264523798,0.050022202700708895,17.0,0.2452891754841266
0.0,AFW_diminishing,diminishing,664.0,0.04233121871948242,7.358620914930965,0.05592458023793867,17.0,0.24528736383103217
0.0,AFW_diminishing,diminishing,665.0,0.04239320755004883,7.358649197334084,0.04976626947610274,17.0,0.2452883065778028
0.0,AFW_diminishing,diminishing,666.0,0.04245615005493164,7.358620248342591,0.055526410679568095,17.0,0.2452873416114197
0.0,AFW_diminishing,diminishing,667.0,0.04251813888549805,7.358677145360629,0.04960646564467197,17.0,0.2452892381786876
0.0,AFW_diminishing,diminishing,668.0,0.04258012771606445,7.358619588425198,0.04785826331699372,17.0,0.24528731961417327
0.0,AFW_diminishing,diminishing,669.0,0.04264211654663086,7.358648256241414,0.04922589499961383,17.0,0.24528827520804714
0.0,AFW_diminishing,diminishing,670.0,0.04270601272583008,7.3586189369029675,0.055290691232880995,17.0,0.2452872978967656
0.0,AFW_diminishing,diminishing,671.0,0.04276919364929199,7.358671910640575,0.0492347295580533,17.0,0.24528906368801914
0.0,AFW_diminishing,diminishing,672.0,0.042832136154174805,7.358618289601041,0.054813625910425934,17.0,0.2452872763200347
0.0,AFW_diminishing,diminishing,673.0,0.04289531707763672,7.358628493161179,0.048759070443211705,17.0,0.24528761643870597
0.0,AFW_diminishing,diminishing,674.0,0.04295825958251953,7.35856200229412,0.07144539409655692,17.0,0.24528540007647065
0.0,AFW_diminishing,diminishing,675.0,0.04302024841308594,7.358603996096783,0.05362456804617821,17.0,0.24528679986989277
0.0,AFW_diminishing,diminishing,676.0,0.04308319091796875,7.358561305252337,0.050150212163797114,17.0,0.24528537684174456
0.0,AFW_diminishing,diminishing,677.0,0.04314613342285156,7.358604351952139,0.053023525633969726,17.0,0.24528681173173797
0.0,AFW_diminishing,diminishing,678.0,0.04320812225341797,7.358560620095231,0.05014875532885288,17.0,0.24528535400317436
0.0,AFW_diminishing,diminishing,679.0,0.04327130317687988,7.358604706571436,0.05242603952913072,17.0,0.24528682355238118
0.0,AFW_diminishing,diminishing,680.0,0.04333329200744629,7.358559946649757,0.05014730875920925,17.0,0.2452853315549919
0.0,AFW_diminishing,diminishing,681.0,0.043395280838012695,7.3586050599580535,0.051832078261893066,17.0,0.24528683533193513
0.0,AFW_diminishing,diminishing,682.0,0.04345822334289551,7.358559284745704,0.05014587234973167,17.0,0.24528530949152347
0.0,AFW_diminishing,diminishing,683.0,0.043520212173461914,7.358577195181142,0.05151382935267268,17.0,0.24528590650603807
0.0,AFW_diminishing,diminishing,684.0,0.04358196258544922,7.3585586302153825,0.053982510159301,17.0,0.24528528767384608
0.0,AFW_diminishing,diminishing,685.0,0.04364514350891113,7.3586040774734105,0.051233913144518084,17.0,0.245286802582447
0.0,AFW_diminishing,diminishing,686.0,0.04370999336242676,7.35855798354079,0.049643944288759734,17.0,0.24528526611802634
0.0,AFW_diminishing,diminishing,687.0,0.043775081634521484,7.358576301878662,0.05100132496178755,17.0,0.24528587672928873
0.0,AFW_diminishing,diminishing,688.0,0.04384112358093262,7.358557343013974,0.05375896376843947,17.0,0.24528524476713245
0.0,AFW_diminishing,diminishing,689.0,0.04390716552734375,7.358603113379375,0.05064273094213245,17.0,0.24528677044597916
0.0,AFW_diminishing,diminishing,690.0,0.04397130012512207,7.358556711174906,0.04914783298827352,17.0,0.2452852237058302
0.0,AFW_diminishing,diminishing,691.0,0.04403424263000488,7.358575426728106,0.050494789833824605,17.0,0.24528584755760355
0.0,AFW_diminishing,diminishing,692.0,0.044100284576416016,7.358556084299153,0.053538009700663025,17.0,0.24528520280997176
0.0,AFW_diminishing,diminishing,693.0,0.04416632652282715,7.358602167238396,0.05005841009170986,17.0,0.24528673890794653
0.0,AFW_diminishing,diminishing,694.0,0.04423022270202637,7.358555466913688,0.04865743791734012,17.0,0.24528518223045628
0.0,AFW_diminishing,diminishing,695.0,0.04429316520690918,7.358574569283211,0.04999412028879924,17.0,0.24528581897610702
0.0,AFW_diminishing,diminishing,696.0,0.04435610771179199,7.358554853347155,0.053319603125371984,17.0,0.2452851617782385
0.0,AFW_diminishing,diminishing,697.0,0.0444180965423584,7.358574828381465,0.0495065358334541,17.0,0.2452858276127155
0.0,AFW_diminishing,diminishing,698.0,0.044480085372924805,7.358554249246051,0.05332838906516457,17.0,0.24528514164153503
0.0,AFW_diminishing,diminishing,699.0,0.04454207420349121,7.35859998828366,0.049473509753343414,17.0,0.245286666276122
0.0,AFW_diminishing,diminishing,700.0,0.04460501670837402,7.358553649448767,0.04769203598763294,17.0,0.24528512164829225
0.0,AFW_diminishing,diminishing,701.0,0.04467010498046875,7.3585739923320395,0.04901448038976408,17.0,0.24528579974440132
0.0,AFW_diminishing,diminishing,702.0,0.04473614692687988,7.358553058129814,0.05311371226096018,17.0,0.24528510193766048
0.0,AFW_diminishing,diminishing,703.0,0.044802188873291016,7.3585990892068605,0.04890582087576156,17.0,0.24528663630689534
0.0,AFW_diminishing,diminishing,704.0,0.044866085052490234,7.3585524719197375,0.047215516578672734,17.0,0.24528508239732458
0.0,AFW_diminishing,diminishing,705.0,0.04493117332458496,7.358573172978667,0.048528041568117075,17.0,0.24528577243262223
0.0,AFW_diminishing,diminishing,706.0,0.0450131893157959,7.358551893066545,0.05290147541450185,17.0,0.24528506310221815
0.0,AFW_diminishing,diminishing,707.0,0.04508614540100098,7.3585982066039035,0.048344589538327654,17.0,0.2452866068867968
0.0,AFW_diminishing,diminishing,708.0,0.04515528678894043,7.358551320099929,0.04674437914257812,17.0,0.24528504400333098
0.0,AFW_diminishing,diminishing,709.0,0.04522228240966797,7.35857236991852,0.048047123750848186,17.0,0.24528574566395067
0.0,AFW_diminishing,diminishing,710.0,0.045287370681762695,7.358550753405439,0.052691637164532956,17.0,0.24528502511351463
0.0,AFW_diminishing,diminishing,711.0,0.04535198211669922,7.3585973400919675,0.04778970618455247,17.0,0.24528657800306558
0.0,AFW_diminishing,diminishing,712.0,0.045417070388793945,7.358550193348783,0.04627853301323537,17.0,0.24528500644495946
0.0,AFW_diminishing,diminishing,713.0,0.04548311233520508,7.3585715827604705,0.047571633478270314,17.0,0.24528571942534902
0.0,AFW_diminishing,diminishing,714.0,0.0455470085144043,7.358549638514954,0.05248415707935283,17.0,0.24528498795049847
0.0,AFW_diminishing,diminishing,715.0,0.0456089973449707,7.358596489299108,0.0472410637222076,17.0,0.2452865496433036
0.0,AFW_diminishing,diminishing,716.0,0.045671939849853516,7.358549091044653,0.04581788954965038,17.0,0.24528496970148841
0.0,AFW_diminishing,diminishing,717.0,0.04573416709899902,7.35857081112469,0.04710147938829934,17.0,0.24528569370415634
0.0,AFW_diminishing,diminishing,718.0,0.04579734802246094,7.358548547782154,0.05227899563086602,17.0,0.24528495159273847
0.0,AFW_diminishing,diminishing,719.0,0.04585909843444824,7.358595653863903,0.04669855745442142,17.0,0.24528652179546342
0.0,AFW_diminishing,diminishing,720.0,0.045922279357910156,7.358548012584142,0.04536236207975808,17.0,0.24528493375280472
0.0,AFW_diminishing,diminishing,721.0,0.045983076095581055,7.358570054642269,0.04663657215783523,17.0,0.24528566848807562
0.0,AFW_diminishing,diminishing,722.0,0.04604506492614746,7.3585474806120486,0.05207611416947344,17.0,0.24528491602040162
0.0,AFW_diminishing,diminishing,723.0,0.04610729217529297,7.358591031323406,0.04645594207266601,17.0,0.2452863677107802
0.0,AFW_diminishing,diminishing,724.0,0.046169281005859375,7.358546953980653,0.051854083674726326,17.0,0.24528489846602178
0.0,AFW_diminishing,diminishing,725.0,0.04623007774353027,7.358569230785157,0.04620553591751175,17.0,0.24528564102617192
0.0,AFW_diminishing,diminishing,726.0,0.04629206657409668,7.358546432700677,0.051554335595983325,17.0,0.24528488109002256
0.0,AFW_diminishing,diminishing,727.0,0.04635214805603027,7.358551996340112,0.04596291845990752,17.0,0.2452850665446704
0.0,AFW_diminishing,diminishing,728.0,0.046416282653808594,7.358530604824074,0.05020768086514238,17.0,0.24528435349413583
0.0,AFW_diminishing,diminishing,729.0,0.046479225158691406,7.358490633268715,0.056149735254288125,17.0,0.2452830211089572
0.0,AFW_diminishing,diminishing,730.0,0.04654526710510254,7.35850470456653,0.048796966009493126,17.0,0.24528349015221768
0.0,AFW_diminishing,diminishing,731.0,0.04660820960998535,7.35847618082593,0.06842514951729584,17.0,0.24528253936086433
0.0,AFW_diminishing,diminishing,732.0,0.04666924476623535,7.358503944134316,0.04049510855954441,17.0,0.2452834648044772
0.0,AFW_diminishing,diminishing,733.0,0.04673123359680176,7.358476356791868,0.06795051271989383,17.0,0.2452825452263956
0.0,AFW_diminishing,diminishing,734.0,0.04679298400878906,7.35850319308213,0.04051936256627986,17.0,0.2452834397694043
0.0,AFW_diminishing,diminishing,735.0,0.04685521125793457,7.358476532378861,0.06747846946313363,17.0,0.24528255107929536
0.0,AFW_diminishing,diminishing,736.0,0.04691720008850098,7.358502451291043,0.040543486088803427,17.0,0.24528341504303477
0.0,AFW_diminishing,diminishing,737.0,0.04697918891906738,7.358476707585319,0.06700899854758369,17.0,0.24528255691951062
0.0,AFW_diminishing,diminishing,738.0,0.04704117774963379,7.358501718643891,0.04056748017719247,17.0,0.245283390621463
0.0,AFW_diminishing,diminishing,739.0,0.04710197448730469,7.358476882409722,0.0665420790042468,17.0,0.24528256274699073
0.0,AFW_diminishing,diminishing,740.0,0.04716324806213379,7.358500995025208,0.040591345870296,17.0,0.2452833665008403
0.0,AFW_diminishing,diminishing,741.0,0.047225236892700195,7.3584770568506155,0.06607769009139819,17.0,0.24528256856168718
0.0,AFW_diminishing,diminishing,742.0,0.0472872257232666,7.358500280321232,0.040615084195875895,17.0,0.24528334267737442
0.0,AFW_diminishing,diminishing,743.0,0.0473480224609375,7.358477230906611,0.06561581129154437,17.0,0.2452825743635537
0.0,AFW_diminishing,diminishing,744.0,0.04741024971008301,7.358499574419849,0.04063869617073923,17.0,0.2452833191473283
0.0,AFW_diminishing,diminishing,745.0,0.047472238540649414,7.358477404576376,0.06515642230837493,17.0,0.24528258015254586
0.0,AFW_diminishing,diminishing,746.0,0.04753518104553223,7.358498877210584,0.0406621828009337,17.0,0.24528329590701947
0.0,AFW_diminishing,diminishing,747.0,0.04759621620178223,7.358477577858646,0.06469950306381733,17.0,0.24528258592862154
0.0,AFW_diminishing,diminishing,748.0,0.04765820503234863,7.3584981885845595,0.04068554508181155,17.0,0.24528327295281865
0.0,AFW_diminishing,diminishing,749.0,0.04771995544433594,7.358477750752217,0.0642450336951006,17.0,0.24528259169174058
0.0,AFW_diminishing,diminishing,750.0,0.04778122901916504,7.35849750843448,0.0407087839982605,17.0,0.24528325028114933
0.0,AFW_diminishing,diminishing,751.0,0.047843217849731445,7.358477923255936,0.0637929945518616,17.0,0.24528259744186454
0.0,AFW_diminishing,diminishing,752.0,0.04790520668029785,7.358496836654597,0.04073190052475706,17.0,0.24528322788848655
0.0,AFW_diminishing,diminishing,753.0,0.04796600341796875,7.358478095368715,0.06334336619332959,17.0,0.24528260317895717
0.0,AFW_diminishing,diminishing,754.0,0.04802823066711426,7.358496173140684,0.04075489562555923,17.0,0.24528320577135612
0.0,AFW_diminishing,diminishing,755.0,0.048090219497680664,7.3584782670895175,0.06289612938555056,17.0,0.24528260890298392
0.0,AFW_diminishing,diminishing,756.0,0.04815220832824707,7.358495517790022,0.040777770254833534,17.0,0.24528318392633405
0.0,AFW_diminishing,diminishing,757.0,0.04821419715881348,7.358478438417362,0.06245126509860466,17.0,0.24528261461391207
0.0,AFW_diminishing,diminishing,758.0,0.04827618598937988,7.358494870501356,0.04080052535674561,17.0,0.2452831623500452
0.0,AFW_diminishing,diminishing,759.0,0.04833722114562988,7.358478609351321,0.06200875450396559,17.0,0.24528262031171072
0.0,AFW_diminishing,diminishing,760.0,0.048400163650512695,7.3584942311748875,0.04082316186565471,17.0,0.2452831410391629
0.0,AFW_diminishing,diminishing,761.0,0.0484621524810791,7.358478779890517,0.061568578971778365,17.0,0.2452826259963506
0.0,AFW_diminishing,diminishing,762.0,0.04852414131164551,7.358493599712237,0.04084568070617589,17.0,0.24528311999040792
0.0,AFW_diminishing,diminishing,763.0,0.048586130142211914,7.358478950034126,0.061130720068311106,17.0,0.2452826316678042
0.0,AFW_diminishing,diminishing,764.0,0.048647403717041016,7.358492976016436,0.04086808279337628,17.0,0.24528309920054786
0.0,AFW_diminishing,diminishing,765.0,0.04870915412902832,7.35847911978137,0.06069515955331806,17.0,0.24528263732604566
0.0,AFW_diminishing,diminishing,766.0,0.04877114295959473,7.3584923599918834,0.04089036903283905,17.0,0.24528307866639612
0.0,AFW_diminishing,diminishing,767.0,0.04883217811584473,7.358479289131521,0.060261879377562444,17.0,0.2452826429710507
0.0,AFW_diminishing,diminishing,768.0,0.04889416694641113,7.358491751544344,0.040912540320774404,17.0,0.24528305838481146
0.0,AFW_diminishing,diminishing,769.0,0.04895520210266113,7.358479458083899,0.05983086168028695,17.0,0.24528264860279664
0.0,AFW_diminishing,diminishing,770.0,0.049015045166015625,7.358491150580909,0.04093459754423545,17.0,0.245283038352697
0.0,AFW_diminishing,diminishing,771.0,0.04907822608947754,7.358479626637868,0.05940208878677122,17.0,0.24528265422126225
0.0,AFW_diminishing,diminishing,772.0,0.049139976501464844,7.358490557009986,0.040956541581127937,17.0,0.24528301856699955
0.0,AFW_diminishing,diminishing,773.0,0.04920315742492676,7.358479794792838,0.05897554320591958,17.0,0.2452826598264279
0.0,AFW_diminishing,diminishing,774.0,0.049265384674072266,7.358489970741271,0.04097837330039411,17.0,0.24528299902470904
0.0,AFW_diminishing,diminishing,775.0,0.04932832717895508,7.358479962548265,0.05855120762787447,17.0,0.2452826654182755
0.0,AFW_diminishing,diminishing,776.0,0.04939007759094238,7.358489391685731,0.041000093562092665,17.0,0.24528297972285767
0.0,AFW_diminishing,diminishing,777.0,0.0494542121887207,7.358480129903642,0.05812906492169123,17.0,0.24528267099678805
0.0,AFW_diminishing,diminishing,778.0,0.049517154693603516,7.35848881975558,0.04102170321753462,17.0,0.24528296065851934
0.0,AFW_diminishing,diminishing,779.0,0.04957914352416992,7.358473612083551,0.05772573856175267,17.0,0.24528245373611837
0.0,AFW_diminishing,diminishing,780.0,0.049642086029052734,7.358488254603028,0.04377509666113699,17.0,0.24528294182010094
0.0,AFW_diminishing,diminishing,781.0,0.04970407485961914,7.358479651626461,0.05760981602536752,17.0,0.24528265505421537
0.0,AFW_diminishing,diminishing,782.0,0.049767255783081055,7.358487693551946,0.040903839191893,17.0,0.2452829231183982
0.0,AFW_diminishing,diminishing,783.0,0.04982924461364746,7.358473153258276,0.057229061821067795,17.0,0.24528243844194256
0.0,AFW_diminishing,diminishing,784.0,0.04989218711853027,7.3584871389507605,0.04358985868138987,17.0,0.24528290463169203
0.0,AFW_diminishing,diminishing,785.0,0.04995417594909668,7.358479181838045,0.05709588263632703,17.0,0.24528263939460151
0.0,AFW_diminishing,diminishing,786.0,0.05001711845397949,7.358486588536675,0.0407871784743703,17.0,0.24528288628455583
0.0,AFW_diminishing,diminishing,787.0,0.050080060958862305,7.358472702844704,0.05673745718953427,17.0,0.24528242342815681
0.0,AFW_diminishing,diminishing,788.0,0.05014204978942871,7.358486044254048,0.04340650380908784,17.0,0.24528286814180159
0.0,AFW_diminishing,diminishing,789.0,0.05020499229431152,7.358478720355015,0.05658718355045078,17.0,0.24528262401183382
0.0,AFW_diminishing,diminishing,790.0,0.05026721954345703,7.358485504241308,0.04067170273177645,17.0,0.24528285014137693
0.0,AFW_diminishing,diminishing,791.0,0.050330162048339844,7.358472260659089,0.05625084736842112,17.0,0.2452824086886363
0.0,AFW_diminishing,diminishing,792.0,0.05039215087890625,7.35848497005058,0.04322500347473213,17.0,0.24528283233501932
0.0,AFW_diminishing,diminishing,793.0,0.05045723915100098,7.358478266998777,0.05608363920926518,17.0,0.24528260889995923
0.0,AFW_diminishing,diminishing,794.0,0.050521135330200195,7.358484440209766,0.040557394001445424,17.0,0.24528281467365887
0.0,AFW_diminishing,diminishing,795.0,0.050585269927978516,7.358471826522508,0.05576915662173132,17.0,0.24528239421741693
0.0,AFW_diminishing,diminishing,796.0,0.05065011978149414,7.358483915890231,0.04304532968380581,17.0,0.24528279719634102
0.0,AFW_diminishing,diminishing,797.0,0.05071520805358887,7.358477821595364,0.05558517165844634,17.0,0.2452825940531788
0.0,AFW_diminishing,diminishing,798.0,0.050780296325683594,7.358483395997952,0.04044423468191294,17.0,0.2452827798665984
0.0,AFW_diminishing,diminishing,799.0,0.05084419250488281,7.358471400260695,0.05529231073689367,17.0,0.24528238000868982
0.0,AFW_diminishing,diminishing,800.0,0.05090832710266113,7.3584828813346785,0.04286745500243683,17.0,0.24528276271115595
0.0,AFW_diminishing,diminishing,801.0,0.050971269607543945,7.35847738397531,0.055091704507614914,17.0,0.24528257946584367
0.0,AFW_diminishing,diminishing,802.0,0.05103325843811035,7.358482371173396,0.04033220752390587,17.0,0.24528274570577988
0.0,AFW_diminishing,diminishing,803.0,0.05109715461730957,7.358470981703908,0.05482023698667948,17.0,0.24528236605679693
0.0,AFW_diminishing,diminishing,804.0,0.05116128921508789,7.358481865957044,0.042691352543361205,17.0,0.2452827288652348
0.0,AFW_diminishing,diminishing,805.0,0.05122208595275879,7.358476953973502,0.054603162891296186,17.0,0.2452825651324501
0.0,AFW_diminishing,diminishing,806.0,0.05128192901611328,7.358481365314885,0.04022129562158572,17.0,0.24528271217716285
0.0,AFW_diminishing,diminishing,807.0,0.05134224891662598,7.358470570686794,0.054352864092203745,17.0,0.24528235235622647
0.0,AFW_diminishing,diminishing,808.0,0.051403045654296875,7.3584808693415376,0.042516995952451175,17.0,0.2452826956447179
0.0,AFW_diminishing,diminishing,809.0,0.051467180252075195,7.358476531429049,0.054119473431074816,17.0,0.24528255104763497
0.0,AFW_diminishing,diminishing,810.0,0.05153012275695801,7.358480378012124,0.04011148240402207,17.0,0.24528267926707079
0.0,AFW_diminishing,diminishing,811.0,0.05159401893615723,7.358470167048251,0.05389012218706046,17.0,0.2452823389016084
0.0,AFW_diminishing,diminishing,812.0,0.05165696144104004,7.3584798910831255,0.042344359395499964,17.0,0.2452826630361042
0.0,AFW_diminishing,diminishing,813.0,0.05172109603881836,7.358476116185159,0.053640564198834007,17.0,0.24528253720617196
0.0,AFW_diminishing,diminishing,814.0,0.05178403854370117,7.358479408865412,0.0400027516269299,17.0,0.24528264696218038
0.0,AFW_diminishing,diminishing,815.0,0.051847219467163086,7.358469770631295,0.05343194278250163,17.0,0.24528232568770983
0.0,AFW_diminishing,diminishing,816.0,0.0519101619720459,7.35847893078721,0.042173417545533276,17.0,0.24528263102624032
0.0,AFW_diminishing,diminishing,817.0,0.051972150802612305,7.358475708089015,0.05316636468113867,17.0,0.24528252360296718
0.0,AFW_diminishing,diminishing,818.0,0.052036285400390625,7.358478457485308,0.03989508736470615,17.0,0.24528261524951028
0.0,AFW_diminishing,diminishing,819.0,0.052100181579589844,7.358469381282948,0.05297825873365447,17.0,0.2452823127094316
0.0,AFW_diminishing,diminishing,820.0,0.05216622352600098,7.3584779880692945,0.04200414557035348,17.0,0.24528259960230983
0.0,AFW_diminishing,diminishing,821.0,0.05222821235656738,7.358475306991655,0.052696805744576025,17.0,0.24528251023305517
0.0,AFW_diminishing,diminishing,822.0,0.052291154861450195,7.358477523492336,0.039788474002596885,17.0,0.2452825841164112
0.0,AFW_diminishing,diminishing,823.0,0.05235624313354492,7.358468998854104,0.05252900420671747,17.0,0.24528229996180345
0.0,AFW_diminishing,diminishing,824.0,0.05241703987121582,7.358477062554698,0.041836519120545645,17.0,0.24528256875182328
0.0,AFW_diminishing,diminishing,825.0,0.05248117446899414,7.358474912747855,0.05223181960220913,17.0,0.24528249709159516
0.0,AFW_diminishing,diminishing,826.0,0.05254626274108887,7.358476606516682,0.039682896229199294,17.0,0.24528255355055606
0.0,AFW_diminishing,diminishing,827.0,0.05260920524597168,7.358468623199429,0.05208411464711915,17.0,0.24528228743998098
0.0,AFW_diminishing,diminishing,828.0,0.05267000198364258,7.358476153878264,0.041670514317821095,17.0,0.2452825384626088
0.0,AFW_diminishing,diminishing,829.0,0.0527341365814209,7.358474525216028,0.051771339780922965,17.0,0.2452824841738676
0.0,AFW_diminishing,diminishing,830.0,0.05279803276062012,7.358475706197896,0.03957833902909513,17.0,0.24528252353992988
0.0,AFW_diminishing,diminishing,831.0,0.05286097526550293,7.358468254177239,0.05164352674858996,17.0,0.24528227513924128
0.0,AFW_diminishing,diminishing,832.0,0.05292510986328125,7.3584752616840605,0.04150610774364871,17.0,0.24528250872280202
0.0,AFW_diminishing,diminishing,833.0,0.052988290786743164,7.358474144258104,0.05131530108975646,17.0,0.24528247147527013
0.0,AFW_diminishing,diminishing,834.0,0.05305314064025879,7.3584748221846255,0.03947478767574886,17.0,0.24528249407282085
0.0,AFW_diminishing,diminishing,835.0,0.05311918258666992,7.358467891649394,0.0512071784231658,17.0,0.24528226305497983
0.0,AFW_diminishing,diminishing,836.0,0.05318403244018555,7.3584743856251205,0.0413432764282593,17.0,0.24528247952083734
0.0,AFW_diminishing,diminishing,837.0,0.05324697494506836,7.3584737697394385,0.0508636395891493,17.0,0.24528245899131462
0.0,AFW_diminishing,diminishing,838.0,0.053308963775634766,7.358473954134345,0.039372227724608244,17.0,0.2452824651378115
0.0,AFW_diminishing,diminishing,839.0,0.0533750057220459,7.3584675354812,0.05077500877195806,17.0,0.24528225118270666
0.0,AFW_diminishing,diminishing,840.0,0.05343914031982422,7.358473525363172,0.04118199783993326,17.0,0.24528245084543907
0.0,AFW_diminishing,diminishing,841.0,0.05350208282470703,7.358467663194125,0.05043199737765125,17.0,0.24528225543980414
0.0,AFW_diminishing,diminishing,842.0,0.05356431007385254,7.358473101508627,0.04119060358472648,17.0,0.24528243671695424
0.0,AFW_diminishing,diminishing,843.0,0.05362510681152344,7.358472896628474,0.05033125296380181,17.0,0.24528242988761578
0.0,AFW_diminishing,diminishing,844.0,0.053687095642089844,7.358472680567084,0.03915109614645651,17.0,0.2452824226855695
0.0,AFW_diminishing,diminishing,845.0,0.053748130798339844,7.358467314815981,0.05000598611231766,17.0,0.24528224382719938
0.0,AFW_diminishing,diminishing,846.0,0.05381035804748535,7.358472264249359,0.041031609271740876,17.0,0.24528240880831198
0.0,AFW_diminishing,diminishing,847.0,0.05386805534362793,7.358472539090146,0.04989026020014986,17.0,0.2452824179696715
0.0,AFW_diminishing,diminishing,848.0,0.05393409729003906,7.358471850915207,0.03905095657693014,17.0,0.24528239503050692
0.0,AFW_diminishing,diminishing,849.0,0.05399608612060547,7.358466972489278,0.04958400627332171,17.0,0.24528223241630928
0.0,AFW_diminishing,diminishing,850.0,0.05405902862548828,7.358471441978547,0.04087411323843959,17.0,0.2452823813992849
0.0,AFW_diminishing,diminishing,851.0,0.05412101745605469,7.3584721875317545,0.049453430292563105,17.0,0.2452824062510585
0.0,AFW_diminishing,diminishing,852.0,0.054183244705200195,7.358471036093909,0.03895175994812394,17.0,0.24528236786979696
0.0,AFW_diminishing,diminishing,853.0,0.05424618721008301,7.358466636090392,0.04916600090608192,17.0,0.24528222120301307
0.0,AFW_diminishing,diminishing,854.0,0.054308176040649414,7.358470634386395,0.04071809440592222,17.0,0.2452823544795465
0.0,AFW_diminishing,diminishing,855.0,0.05437111854553223,7.358471841833053,0.04902070457465424,17.0,0.24528239472776842
0.0,AFW_diminishing,diminishing,856.0,0.05443620681762695,7.358470235797282,0.03885349300433916,17.0,0.24528234119324271
0.0,AFW_diminishing,diminishing,857.0,0.05449414253234863,7.358466305498722,0.048751914123820406,17.0,0.24528221018329074
0.0,AFW_diminishing,diminishing,858.0,0.05455899238586426,7.358469841170718,0.040563532088826015,17.0,0.24528232803902394
0.0,AFW_diminishing,diminishing,859.0,0.05462217330932617,7.3584715018766955,0.0485920254772525,17.0,0.24528238339588984
0.0,AFW_diminishing,diminishing,860.0,0.05468916893005371,7.358469449726921,0.038756142737179644,17.0,0.24528231499089737
0.0,AFW_diminishing,diminishing,861.0,0.054755210876464844,7.358465980596595,0.04834169108263975,17.0,0.24528219935321982
0.0,AFW_diminishing,diminishing,862.0,0.054818153381347656,7.358469062036728,0.04041040598621315,17.0,0.24528230206789095
0.0,AFW_diminishing,diminishing,863.0,0.054879188537597656,7.358471167548167,0.04816733650282767,17.0,0.24528237225160557
0.0,AFW_diminishing,diminishing,864.0,0.054943084716796875,7.358468677591704,0.03865969637981692,17.0,0.24528228925305678
0.0,AFW_diminishing,diminishing,865.0,0.055013179779052734,7.3584656612691886,0.04793527795732899,17.0,0.24528218870897295
0.0,AFW_diminishing,diminishing,866.0,0.05507922172546387,7.358468296696815,0.040258696172655206,17.0,0.24528227655656049
0.0,AFW_diminishing,diminishing,867.0,0.05514216423034668,7.358470838735702,0.04774658220070105,17.0,0.24528236129119005
0.0,AFW_diminishing,diminishing,868.0,0.05520796775817871,7.358467919107593,0.03856414140138309,17.0,0.2452822639702531
0.0,AFW_diminishing,diminishing,869.0,0.05527019500732422,7.358465347404442,0.047532621917791396,17.0,0.24528217824681472
0.0,AFW_diminishing,diminishing,870.0,0.05533313751220703,7.358467544870355,0.0401083830896205,17.0,0.2452822514956785
0.0,AFW_diminishing,diminishing,871.0,0.055396318435668945,7.358470515330192,0.04732970814291004,17.0,0.24528235051100641
0.0,AFW_diminishing,diminishing,872.0,0.05545806884765625,7.35846717399742,0.03846946550156449,17.0,0.24528223913324734
0.0,AFW_diminishing,diminishing,873.0,0.055521249771118164,7.358465038892992,0.047133671106204034,17.0,0.24528216796309973
0.0,AFW_diminishing,diminishing,874.0,0.05558609962463379,7.358466806283499,0.03995944753703551,17.0,0.24528222687611662
0.0,AFW_diminishing,diminishing,875.0,0.0556490421295166,7.358470197225133,0.046916660900715,17.0,0.24528233990750442
0.0,AFW_diminishing,diminishing,876.0,0.05571103096008301,7.358466441990706,0.0383756566053135,17.0,0.24528221473302353
0.0,AFW_diminishing,diminishing,877.0,0.055773019790649414,7.3584647356280835,0.04673837461470587,17.0,0.24528215785426946
0.0,AFW_diminishing,diminishing,878.0,0.055834293365478516,7.358466080668988,0.03981187066515002,17.0,0.24528220268896625
0.0,AFW_diminishing,diminishing,879.0,0.05589628219604492,7.358469884316535,0.04650738802177923,17.0,0.24528232947721784
0.0,AFW_diminishing,diminishing,880.0,0.05595803260803223,7.3584657228234605,0.03828270285772728,17.0,0.245282190760782
0.0,AFW_diminishing,diminishing,881.0,0.05602002143859863,7.3584644375055035,0.04634668246375284,17.0,0.24528214791685013
0.0,AFW_diminishing,diminishing,882.0,0.05608201026916504,7.358465367765967,0.03966563396653733,17.0,0.24528217892553222
0.0,AFW_diminishing,diminishing,883.0,0.05614423751831055,7.358464751621926,0.04610183800800716,17.0,0.24528215838739753
0.0,AFW_diminishing,diminishing,884.0,0.05620622634887695,7.358440339297033,0.0598704861987871,17.0,0.24528134464323442
0.0,AFW_diminishing,diminishing,885.0,0.05626821517944336,7.358470386087144,0.03007937351386314,17.0,0.24528234620290482
0.0,AFW_diminishing,diminishing,886.0,0.05632901191711426,7.358440436557044,0.06504347244331043,17.0,0.24528134788523479
0.0,AFW_diminishing,diminishing,887.0,0.056391239166259766,7.358469893057836,0.030131770087070464,17.0,0.24528232976859454
0.0,AFW_diminishing,diminishing,888.0,0.05645322799682617,7.358440533672878,0.06469373969903636,17.0,0.24528135112242927
0.0,AFW_diminishing,diminishing,889.0,0.05651521682739258,7.358469404880895,0.030183931755947135,17.0,0.24528231349602986
0.0,AFW_diminishing,diminishing,890.0,0.05657601356506348,7.358440630643536,0.06434558406032043,17.0,0.24528135435478454
0.0,AFW_diminishing,diminishing,891.0,0.05663800239562988,7.358468921505989,0.0302358600966377,17.0,0.24528229738353297
0.0,AFW_diminishing,diminishing,892.0,0.056699275970458984,7.35844072746805,0.0639989948834554,17.0,0.24528135758226835
0.0,AFW_diminishing,diminishing,893.0,0.05676126480102539,7.358468442883388,0.030287556671220628,17.0,0.24528228142944627
0.0,AFW_diminishing,diminishing,894.0,0.05682206153869629,7.358440824145474,0.06365396162026649,17.0,0.24528136080484914
0.0,AFW_diminishing,diminishing,895.0,0.056884050369262695,7.358467968963968,0.030339023027847745,17.0,0.24528226563213226
0.0,AFW_diminishing,diminishing,896.0,0.056948184967041016,7.358440920674893,0.06331047381710331,17.0,0.24528136402249642
0.0,AFW_diminishing,diminishing,897.0,0.057009220123291016,7.358467499699196,0.03039026070092543,17.0,0.2452822499899732
0.0,AFW_diminishing,diminishing,898.0,0.057070255279541016,7.35844101705541,0.06296852111371276,17.0,0.24528136723518035
0.0,AFW_diminishing,diminishing,899.0,0.057131052017211914,7.358467035041121,0.03044127121124962,17.0,0.2452822345013707
0.0,AFW_diminishing,diminishing,900.0,0.05719614028930664,7.358441113286159,0.06262809324226737,17.0,0.24528137044287196
0.0,AFW_diminishing,diminishing,901.0,0.05726122856140137,7.358466574942367,0.030492056066166562,17.0,0.24528221916474555
0.0,AFW_diminishing,diminishing,902.0,0.0573272705078125,7.358441209366297,0.0622891800262968,17.0,0.24528137364554323
0.0,AFW_diminishing,diminishing,903.0,0.05739331245422363,7.358466119356122,0.030542616759708707,17.0,0.24528220397853742
0.0,AFW_diminishing,diminishing,904.0,0.057456254959106445,7.3584413052949955,0.06195177137967445,17.0,0.2452813768431665
0.0,AFW_diminishing,diminishing,905.0,0.05751824378967285,7.358465668236143,0.030592954772746594,17.0,0.24528218894120477
0.0,AFW_diminishing,diminishing,906.0,0.05757904052734375,7.358441401071464,0.06161585730564667,17.0,0.24528138003571548
0.0,AFW_diminishing,diminishing,907.0,0.057641029357910156,7.358465221536722,0.030643071573149605,17.0,0.24528217405122407
0.0,AFW_diminishing,diminishing,908.0,0.05770230293273926,7.358441496694927,0.061281427895794494,17.0,0.24528138322316423
0.0,AFW_diminishing,diminishing,909.0,0.057764291763305664,7.358464779212714,0.03069296861590054,17.0,0.24528215930709046
0.0,AFW_diminishing,diminishing,910.0,0.05782914161682129,7.358441592164627,0.06094847332911968,17.0,0.24528138640548755
0.0,AFW_diminishing,diminishing,911.0,0.05788922309875488,7.358464341219493,0.03074264734325194,17.0,0.24528214470731644
0.0,AFW_diminishing,diminishing,912.0,0.05796217918395996,7.35844168747984,0.06061698387103753,17.0,0.24528138958266135
0.0,AFW_diminishing,diminishing,913.0,0.058028221130371094,7.358463907512975,0.030792109184869965,17.0,0.24528213025043252
0.0,AFW_diminishing,diminishing,914.0,0.05809521675109863,7.358441782639852,0.06028694987244432,17.0,0.2452813927546617
0.0,AFW_diminishing,diminishing,915.0,0.05816030502319336,7.35846347804959,0.030841355557970296,17.0,0.24528211593498633
0.0,AFW_diminishing,diminishing,916.0,0.058222293853759766,7.358441877643975,0.05995836176877578,17.0,0.24528139592146583
0.0,AFW_diminishing,diminishing,917.0,0.05828523635864258,7.3584630527862815,0.030890387867420266,17.0,0.2452821017595427
0.0,AFW_diminishing,diminishing,918.0,0.0583491325378418,7.358441972491544,0.05963121007912697,17.0,0.24528139908305147
0.0,AFW_diminishing,diminishing,919.0,0.05841207504272461,7.358462631680505,0.03093920750594581,17.0,0.24528208772268348
0.0,AFW_diminishing,diminishing,920.0,0.058477163314819336,7.3584420671819135,0.05930548540523972,17.0,0.24528140223939712
0.0,AFW_diminishing,diminishing,921.0,0.05854010581970215,7.358462214690214,0.030987815854155443,17.0,0.24528207382300715
0.0,AFW_diminishing,diminishing,922.0,0.058602094650268555,7.358442161714454,0.058981178430703274,17.0,0.24528140539048182
0.0,AFW_diminishing,diminishing,923.0,0.05866718292236328,7.358461801773857,0.031036214280798724,17.0,0.2452820600591286
0.0,AFW_diminishing,diminishing,924.0,0.058732032775878906,7.358442256088557,0.058658279920036804,17.0,0.24528140853628522
0.0,AFW_diminishing,diminishing,925.0,0.05879712104797363,7.358461392890367,0.031084404142789346,17.0,0.24528204642967888
0.0,AFW_diminishing,diminishing,926.0,0.058860063552856445,7.358442350303639,0.05833678071776838,17.0,0.24528141167678796
0.0,AFW_diminishing,diminishing,927.0,0.05892205238342285,7.358460987999161,0.03113238678537744,17.0,0.24528203293330536
0.0,AFW_diminishing,diminishing,928.0,0.05898332595825195,7.358442444359127,0.058016671747624926,17.0,0.2452814148119709
0.0,AFW_diminishing,diminishing,929.0,0.05904531478881836,7.358460587060122,0.031180163542281036,17.0,0.24528201956867074
0.0,AFW_diminishing,diminishing,930.0,0.05910611152648926,7.358442538254474,0.05769794401166273,17.0,0.2452814179418158
0.0,AFW_diminishing,diminishing,931.0,0.059168100357055664,7.358460190033609,0.031227735735773088,17.0,0.24528200633445366
0.0,AFW_diminishing,diminishing,932.0,0.05923008918762207,7.358442631989142,0.057380588589417414,17.0,0.24528142106630474
0.0,AFW_diminishing,diminishing,933.0,0.05929231643676758,7.358459796880441,0.03127510467685202,17.0,0.24528199322934802
0.0,AFW_diminishing,diminishing,934.0,0.0593569278717041,7.358442725562624,0.05706459663706376,17.0,0.24528142418542082
0.0,AFW_diminishing,diminishing,935.0,0.05942201614379883,7.358459407561883,0.03132227166534207,17.0,0.24528198025206277
0.0,AFW_diminishing,diminishing,936.0,0.059487104415893555,7.358442818974417,0.05674995938661276,17.0,0.24528142729914723
0.0,AFW_diminishing,diminishing,937.0,0.05955314636230469,7.358459022039658,0.031369237989977705,17.0,0.24528196740132194
0.0,AFW_diminishing,diminishing,938.0,0.059617042541503906,7.358442912224045,0.056436668145079416,17.0,0.24528143040746817
0.0,AFW_diminishing,diminishing,939.0,0.05968117713928223,7.358458640275928,0.03141600492857144,17.0,0.24528195467586428
0.0,AFW_diminishing,diminishing,940.0,0.059745073318481445,7.3584430053110434,0.05612471429372512,17.0,0.2452814335103681
0.0,AFW_diminishing,diminishing,941.0,0.05981111526489258,7.3584582622332935,0.03146257374811423,17.0,0.24528194207444312
0.0,AFW_diminishing,diminishing,942.0,0.059876203536987305,7.358443098234965,0.05581408928720144,17.0,0.24528143660783217
0.0,AFW_diminishing,diminishing,943.0,0.05994129180908203,7.358457887874779,0.03150894570486251,17.0,0.24528192959582595
0.0,AFW_diminishing,diminishing,944.0,0.060006141662597656,7.3584431909953825,0.055504784652832484,17.0,0.2452814396998461
0.0,AFW_diminishing,diminishing,945.0,0.060073137283325195,7.358457517163846,0.031555122044512274,17.0,0.2452819172387949
0.0,AFW_diminishing,diminishing,946.0,0.06013607978820801,7.3584361286513245,0.055332187962450874,17.0,0.2452812042883775
0.0,AFW_diminishing,diminishing,947.0,0.060198307037353516,7.358396993280222,0.047649035903672754,17.0,0.2452798997760074
0.0,AFW_diminishing,diminishing,948.0,0.060259103775024414,7.358388130006118,0.029456729495090705,17.0,0.24527960433353727
0.0,AFW_diminishing,diminishing,949.0,0.06032109260559082,7.358397103476332,0.041397330485691164,17.0,0.24527990344921105
0.0,AFW_diminishing,diminishing,950.0,0.06039118766784668,7.358387856609049,0.029489012853535,17.0,0.24527959522030163
0.0,AFW_diminishing,diminishing,951.0,0.060456037521362305,7.35839721342051,0.04110925836431267,17.0,0.24527990711401698
0.0,AFW_diminishing,diminishing,952.0,0.06051993370056152,7.358387586254833,0.02952116113113945,17.0,0.2452795862084944
0.0,AFW_diminishing,diminishing,953.0,0.06058621406555176,7.358397323113021,0.040822399150579614,17.0,0.24527991077043404
0.0,AFW_diminishing,diminishing,954.0,0.06064796447753906,7.358387318912467,0.0295531751739313,17.0,0.24527957729708222
0.0,AFW_diminishing,diminishing,955.0,0.06071019172668457,7.358397432554136,0.04053674520035777,17.0,0.2452799144184712
0.0,AFW_diminishing,diminishing,956.0,0.06077313423156738,7.358387054551314,0.029585055820896322,17.0,0.24527956848504381
0.0,AFW_diminishing,diminishing,957.0,0.06083512306213379,7.358397541744132,0.040252288933633196,17.0,0.24527991805813773
0.0,AFW_diminishing,diminishing,958.0,0.060900211334228516,7.358386793141079,0.029616803904047195,17.0,0.2452795597713693
0.0,AFW_diminishing,diminishing,959.0,0.060964107513427734,7.358397650683299,0.039969022833784784,17.0,0.24527992168944332
0.0,AFW_diminishing,diminishing,960.0,0.06102919578552246,7.358386534651828,0.02964842024847769,17.0,0.24527955115506092
0.0,AFW_diminishing,diminishing,961.0,0.06109333038330078,7.358397759371934,0.039686939447000746,17.0,0.2452799253123978
0.0,AFW_diminishing,diminishing,962.0,0.061159372329711914,7.358386279053966,0.029679905672467477,17.0,0.24527954263513221
0.0,AFW_diminishing,diminishing,963.0,0.06122231483459473,7.3583978678103446,0.039406031381542306,17.0,0.24527992892701148
0.0,AFW_diminishing,diminishing,964.0,0.061286211013793945,7.358386026318233,0.02971126098751764,17.0,0.24527953421060777
0.0,AFW_diminishing,diminishing,965.0,0.06136822700500488,7.3583979759988365,0.03912629130716816,17.0,0.24527993253329455
0.0,AFW_diminishing,diminishing,966.0,0.06144523620605469,7.358385776415707,0.02974248699843951,17.0,0.24527952588052357
0.0,AFW_diminishing,diminishing,967.0,0.06151127815246582,7.358398083937733,0.038847711954443476,17.0,0.2452799361312578
0.0,AFW_diminishing,diminishing,968.0,0.06157708168029785,7.358385529317804,0.029773584503426598,17.0,0.2452795176439268
0.0,AFW_diminishing,diminishing,969.0,0.06163930892944336,7.358398191627365,0.03857028611415991,17.0,0.24527993972091217
0.0,AFW_diminishing,diminishing,970.0,0.061701297760009766,7.358385284996258,0.02980455429411588,17.0,0.24527950949987526
0.0,AFW_diminishing,diminishing,971.0,0.061776161193847656,7.358398299068063,0.03829400663665439,17.0,0.24527994330226877
0.0,AFW_diminishing,diminishing,972.0,0.06185603141784668,7.358385043423125,0.029835397155648202,17.0,0.2452795014474375
0.0,AFW_diminishing,diminishing,973.0,0.06192731857299805,7.35839840626017,0.0380188664312362,17.0,0.245279946875339
0.0,AFW_diminishing,diminishing,974.0,0.06199026107788086,7.358384804570782,0.029866113866741983,17.0,0.24527949348569272
0.0,AFW_diminishing,diminishing,975.0,0.062052249908447266,7.358398513204033,0.03774485846559816,17.0,0.24527995044013445
0.0,AFW_diminishing,diminishing,976.0,0.06211423873901367,7.358384568411922,0.02989670519977139,17.0,0.24527948561373072
0.0,AFW_diminishing,diminishing,977.0,0.06217503547668457,7.3583986199000115,0.03747197576516914,17.0,0.24527995399666705
0.0,AFW_diminishing,diminishing,978.0,0.06223630905151367,7.358384334919543,0.02992717192080363,17.0,0.24527947783065143
0.0,AFW_diminishing,diminishing,979.0,0.06229829788208008,7.358398726348464,0.03720021141253582,17.0,0.2452799575449488
0.0,AFW_diminishing,diminishing,980.0,0.06235814094543457,7.358384104066947,0.029957514789686,17.0,0.2452794701355649
0.0,AFW_diminishing,diminishing,981.0,0.06241917610168457,7.358398832549762,0.03692955854689206,17.0,0.24527996108499206
0.0,AFW_diminishing,diminishing,982.0,0.06248211860656738,7.358383875827745,0.029987734560095625,17.0,0.2452794625275915
0.0,AFW_diminishing,diminishing,983.0,0.06254434585571289,7.358398938504277,0.03666001036342337,17.0,0.24527996461680923
0.0,AFW_diminishing,diminishing,984.0,0.0626072883605957,7.358383650175841,0.030017831979617604,17.0,0.24527945500586137
0.0,AFW_diminishing,diminishing,985.0,0.06266927719116211,7.358399044212391,0.0363915601127367,17.0,0.24527996814041306
0.0,AFW_diminishing,diminishing,986.0,0.06273627281188965,7.358383427085432,0.03004780778977878,17.0,0.2452794475695144
0.0,AFW_diminishing,diminishing,987.0,0.06279921531677246,7.3583991496744945,0.03612420110032577,17.0,0.24527997165581647
0.0,AFW_diminishing,diminishing,988.0,0.06286430358886719,7.358383206531009,0.030077662726140986,17.0,0.2452794402177003
0.0,AFW_diminishing,diminishing,989.0,0.06292510032653809,7.358399254890975,0.03585792668598842,17.0,0.24527997516303252
0.0,AFW_diminishing,diminishing,990.0,0.06298613548278809,7.358382988487342,0.030107397518331247,17.0,0.24527943294957807
0.0,AFW_diminishing,diminishing,991.0,0.06304812431335449,7.358399359862234,0.03559273028332388,17.0,0.24527997866207446
0.0,AFW_diminishing,diminishing,992.0,0.0631103515625,7.358382772929493,0.0301370128901306,17.0,0.2452794257643164
0.0,AFW_diminishing,diminishing,993.0,0.0631711483001709,7.358399464588674,0.035328605359087994,17.0,0.2452799821529558
0.0,AFW_diminishing,diminishing,994.0,0.0632331371307373,7.358382559832796,0.030166509559513166,17.0,0.2452794186610932
0.0,AFW_diminishing,diminishing,995.0,0.0632941722869873,7.358399569070705,0.035065545432761525,17.0,0.24527998563569015
0.0,AFW_diminishing,diminishing,996.0,0.06335616111755371,7.358382349172861,0.030195888238708335,17.0,0.24527941163909536
0.0,AFW_diminishing,diminishing,997.0,0.06341814994812012,7.358399673308742,0.03480354407599062,17.0,0.2452799891102914
0.0,AFW_diminishing,diminishing,998.0,0.06348109245300293,7.358382140925576,0.030225149634259374,17.0,0.2452794046975192
0.0,AFW_diminishing,diminishing,999.0,0.06354522705078125,7.358399777303203,0.03454259491202816,17.0,0.2452799925767734
0.0,AFW_exact,exact,0.0,0.00012636184692382812,16.73408786038641,51.22618700140377,2.0,0.557802928679547
0.0,AFW_exact,exact,1.0,0.00020122528076171875,12.887404807711617,21.372529140744447,3.0,0.42958016025705387
0.0,AFW_exact,exact,2.0,0.0002760887145996094,10.752977802116614,15.728010523143015,4.0,0.35843259340388717
0.0,AFW_exact,exact,3.0,0.0003552436828613281,9.648092664310028,9.279236769313464,3.0,0.3216030888103342
0.0,AFW_exact,exact,4.0,0.0004253387451171875,8.6520913116929,13.631061329521838,4.0,0.28840304372309666
0.0,AFW_exact,exact,5.0,0.0004942417144775391,8.306571956632062,5.482230687049727,5.0,0.2768857318877354
0.0,AFW_exact,exact,6.0,0.0005671977996826172,7.972880129696731,5.930403758349872,6.0,0.26576267098989104
0.0,AFW_exact,exact,7.0,0.0006401538848876953,7.8990655730966575,2.554768019105346,7.0,0.26330218576988856
0.0,AFW_exact,exact,8.0,0.0007121562957763672,7.831840165113376,2.2091791356888137,8.0,0.2610613388371125
0.0,AFW_exact,exact,9.0,0.0007872581481933594,7.736437445178432,3.0974177329805572,9.0,0.25788124817261443
0.0,AFW_exact,exact,10.0,0.0008611679077148438,7.669326325118444,2.309398102870225,10.0,0.25564421083728145
0.0,AFW_exact,exact,11.0,0.0009362697601318359,7.629926248046734,1.6948661404569494,10.0,0.2543308749348911
0.0,AFW_exact,exact,12.0,0.0010113716125488281,7.588597914479835,1.7217106719582977,10.0,0.2529532638159945
0.0,AFW_exact,exact,13.0,0.0010869503021240234,7.563439944168431,1.5286803959524367,11.0,0.2521146648056144
0.0,AFW_exact,exact,14.0,0.0011601448059082031,7.549545535387083,1.0866777164803372,12.0,0.25165151784623613
0.0,AFW_exact,exact,15.0,0.0012352466583251953,7.532958971430375,1.1848271510211967,12.0,0.2510986323810125
0.0,AFW_exact,exact,16.0,0.0013120174407958984,7.522356527402034,0.8968206694325325,12.0,0.2507452175800678
0.0,AFW_exact,exact,17.0,0.0013852119445800781,7.506692694342333,1.0429304564377864,12.0,0.2502230898114111
0.0,AFW_exact,exact,18.0,0.001461029052734375,7.493690480915494,1.114350345778969,13.0,0.24978968269718313
0.0,AFW_exact,exact,19.0,0.0015332698822021484,7.484120668073217,0.8448328705525965,13.0,0.2494706889357739
0.0,AFW_exact,exact,20.0,0.0016100406646728516,7.477419129548401,0.6098190954134788,13.0,0.24924730431828002
0.0,AFW_exact,exact,21.0,0.0016851425170898438,7.474091006229867,0.65746203905909,13.0,0.24913636687432889
0.0,AFW_exact,exact,22.0,0.0017583370208740234,7.467420609954349,0.7127411235102317,14.0,0.24891402033181162
0.0,AFW_exact,exact,23.0,0.0018382072448730469,7.462307307889775,0.5837979349920621,14.0,0.24874357692965918
0.0,AFW_exact,exact,24.0,0.0019152164459228516,7.457819811837723,0.5345422759535436,14.0,0.2485939937279241
0.0,AFW_exact,exact,25.0,0.0019931793212890625,7.452420467404741,0.7066962196550968,14.0,0.24841401558015802
0.0,AFW_exact,exact,26.0,0.0020689964294433594,7.448325736834581,0.5574761594854074,14.0,0.2482775245611527
0.0,AFW_exact,exact,27.0,0.002146005630493164,7.441281348125794,0.49659727821512334,14.0,0.24804271160419314
0.0,AFW_exact,exact,28.0,0.0022232532501220703,7.437075739805667,0.6537820610364502,15.0,0.2479025246601889
0.0,AFW_exact,exact,29.0,0.0023012161254882812,7.43451820180613,0.40443363440059343,15.0,0.24781727339353765
0.0,AFW_exact,exact,30.0,0.002379179000854492,7.432129135305056,0.4985338769952863,15.0,0.24773763784350186
0.0,AFW_exact,exact,31.0,0.002454996109008789,7.428793286125084,0.43318817868898396,15.0,0.24762644287083616
0.0,AFW_exact,exact,32.0,0.0025310516357421875,7.425080922192785,0.5537329715352994,15.0,0.24750269740642616
0.0,AFW_exact,exact,33.0,0.002624034881591797,7.42131954403557,0.36537003607972096,15.0,0.247377318134519
0.0,AFW_exact,exact,34.0,0.002704143524169922,7.418345869605755,0.35710585561006614,15.0,0.24727819565352516
0.0,AFW_exact,exact,35.0,0.0027823448181152344,7.4167564504461545,0.38104595958525156,15.0,0.24722521501487182
0.0,AFW_exact,exact,36.0,0.0028600692749023438,7.4147280528366695,0.34748496020635766,15.0,0.2471576017612223
0.0,AFW_exact,exact,37.0,0.0029370784759521484,7.412504242995331,0.4295066431988168,15.0,0.24708347476651102
0.0,AFW_exact,exact,38.0,0.0030143260955810547,7.410591460629541,0.3914793083614283,16.0,0.24701971535431802
0.0,AFW_exact,exact,39.0,0.0030913352966308594,7.409219638512802,0.33496892831036984,16.0,0.24697398795042674
0.0,AFW_exact,exact,40.0,0.00316619873046875,7.407656702863942,0.2931497016070139,16.0,0.24692189009546475
0.0,AFW_exact,exact,41.0,0.003242015838623047,7.404908428279266,0.31364713947759615,16.0,0.2468302809426422
0.0,AFW_exact,exact,42.0,0.0033180713653564453,7.40379018189499,0.25114679357042125,16.0,0.24679300606316631
0.0,AFW_exact,exact,43.0,0.003396272659301758,7.402205498722164,0.28314789153559605,16.0,0.24674018329073882
0.0,AFW_exact,exact,44.0,0.0034732818603515625,7.401250338852741,0.2949374225787258,16.0,0.2467083446284247
0.0,AFW_exact,exact,45.0,0.003550291061401367,7.400207033642276,0.30253171418707403,17.0,0.24667356778807586
0.0,AFW_exact,exact,46.0,0.0036280155181884766,7.399027095843689,0.2970653123327516,17.0,0.24663423652812297
0.0,AFW_exact,exact,47.0,0.003704071044921875,7.398473189006498,0.2157569444542915,17.0,0.24661577296688325
0.0,AFW_exact,exact,48.0,0.0037832260131835938,7.397337988533757,0.23677951532041863,17.0,0.24657793295112523
0.0,AFW_exact,exact,49.0,0.003862142562866211,7.396320178325523,0.2564323557793946,17.0,0.24654400594418407
0.0,AFW_exact,exact,50.0,0.00394129753112793,7.395433700275677,0.23024504905069598,17.0,0.2465144566758559
0.0,AFW_exact,exact,51.0,0.004020214080810547,7.394933665394373,0.23572443231626838,17.0,0.2464977888464791
0.0,AFW_exact,exact,52.0,0.004096031188964844,7.394188640954608,0.24352480434099188,17.0,0.24647295469848693
0.0,AFW_exact,exact,53.0,0.004174232482910156,7.393594674892762,0.23431429877396148,17.0,0.24645315582975874
0.0,AFW_exact,exact,54.0,0.004251241683959961,7.3928048582844195,0.2368676564344847,17.0,0.24642682860948065
0.0,AFW_exact,exact,55.0,0.004331111907958984,7.392054722544594,0.20406475030962046,17.0,0.24640182408481978
0.0,AFW_exact,exact,56.0,0.004410266876220703,7.391280469037682,0.25124874117083795,17.0,0.24637601563458938
0.0,AFW_exact,exact,57.0,0.00448918342590332,7.390490662801491,0.21076356809252594,17.0,0.2463496887600497
0.0,AFW_exact,exact,58.0,0.004566192626953125,7.389846996620444,0.2262812485265222,17.0,0.24632823322068148
0.0,AFW_exact,exact,59.0,0.004644155502319336,7.389329456069766,0.21678820886211803,17.0,0.2463109818689922
0.0,AFW_exact,exact,60.0,0.004721164703369141,7.38875250311943,0.20768846623659787,17.0,0.246291750103981
0.0,AFW_exact,exact,61.0,0.0047991275787353516,7.388299576599492,0.16750074526915704,17.0,0.24627665255331638
0.0,AFW_exact,exact,62.0,0.0048770904541015625,7.387204570488208,0.279275862873547,17.0,0.24624015234960694
0.0,AFW_exact,exact,63.0,0.004953145980834961,7.386879876001399,0.12628310774519935,17.0,0.24622932920004664
0.0,AFW_exact,exact,64.0,0.005028247833251953,7.386524768240005,0.13941927674850785,17.0,0.24621749227466683
0.0,AFW_exact,exact,65.0,0.005106210708618164,7.385983138814555,0.14149544463194896,17.0,0.24619943796048516
0.0,AFW_exact,exact,66.0,0.005184173583984375,7.385133282184577,0.23820670914217512,17.0,0.24617110940615256
0.0,AFW_exact,exact,67.0,0.005259990692138672,7.384327951315823,0.16920765333021315,17.0,0.24614426504386078
0.0,AFW_exact,exact,68.0,0.005338191986083984,7.3836077624246474,0.2225081201436927,17.0,0.24612025874748825
0.0,AFW_exact,exact,69.0,0.005416154861450195,7.383027825813637,0.12370043111841778,17.0,0.24610092752712123
0.0,AFW_exact,exact,70.0,0.005494117736816406,7.3823907438126515,0.18608596281847856,17.0,0.24607969146042172
0.0,AFW_exact,exact,71.0,0.005571126937866211,7.381670561960458,0.219180222716715,17.0,0.24605568539868194
0.0,AFW_exact,exact,72.0,0.005647182464599609,7.380988838391603,0.19240910427909075,17.0,0.2460329612797201
0.0,AFW_exact,exact,73.0,0.005726337432861328,7.380359864722093,0.20475136979892472,17.0,0.24601199549073643
0.0,AFW_exact,exact,74.0,0.0058062076568603516,7.379764961859738,0.19552758948213977,17.0,0.24599216539532462
0.0,AFW_exact,exact,75.0,0.005933046340942383,7.379215611237185,0.19128273292091524,17.0,0.24597385370790617
0.0,AFW_exact,exact,76.0,0.006013154983520508,7.3787192457551285,0.19862783085534108,17.0,0.24595730819183761
0.0,AFW_exact,exact,77.0,0.006092071533203125,7.3784550110033695,0.13782125485110086,17.0,0.24594850036677898
0.0,AFW_exact,exact,78.0,0.00617218017578125,7.378087233976258,0.14499704798873925,17.0,0.24593624113254192
0.0,AFW_exact,exact,79.0,0.006246328353881836,7.377467569376508,0.18276303621729184,17.0,0.2459155856458836
0.0,AFW_exact,exact,80.0,0.006322145462036133,7.376898583736071,0.1828461533423349,17.0,0.24589661945786903
0.0,AFW_exact,exact,81.0,0.0063991546630859375,7.376463800237927,0.15885820652881577,17.0,0.24588212667459755
0.0,AFW_exact,exact,82.0,0.006474971771240234,7.375765252866576,0.17044924493959535,17.0,0.2458588417622192
0.0,AFW_exact,exact,83.0,0.006552219390869141,7.375187734796103,0.13307364491075635,17.0,0.24583959115987009
0.0,AFW_exact,exact,84.0,0.0066301822662353516,7.374520812917682,0.1782125666757448,17.0,0.2458173604305894
0.0,AFW_exact,exact,85.0,0.00670623779296875,7.374080593740614,0.11692933299380481,17.0,0.24580268645802048
0.0,AFW_exact,exact,86.0,0.006783962249755859,7.37354108421285,0.17336369589352252,17.0,0.24578470280709502
0.0,AFW_exact,exact,87.0,0.0068700313568115234,7.373086887220555,0.1738709928598503,17.0,0.24576956290735183
0.0,AFW_exact,exact,88.0,0.006946086883544922,7.372652665316993,0.17977467238270783,17.0,0.24575508884389977
0.0,AFW_exact,exact,89.0,0.00702214241027832,7.372290657522679,0.12582113152551244,17.0,0.24574302191742264
0.0,AFW_exact,exact,90.0,0.007098197937011719,7.371850957491165,0.1710657098807582,17.0,0.24572836524970548
0.0,AFW_exact,exact,91.0,0.007173299789428711,7.371435855118205,0.12368854006840646,17.0,0.24571452850394015
0.0,AFW_exact,exact,92.0,0.007250308990478516,7.371051744497389,0.15983704488881134,17.0,0.24570172481657962
0.0,AFW_exact,exact,93.0,0.007327079772949219,7.3706893508828655,0.1139817723756682,17.0,0.24568964502942886
0.0,AFW_exact,exact,94.0,0.007401943206787109,7.370256727417979,0.1493518352465717,17.0,0.24567522424726596
0.0,AFW_exact,exact,95.0,0.007480144500732422,7.370037047235724,0.11229413758008189,16.0,0.24566790157452412
0.0,AFW_exact,exact,96.0,0.00755620002746582,7.369772845619565,0.1345458607598351,16.0,0.2456590948539855
0.0,AFW_exact,exact,97.0,0.007631063461303711,7.3694800769997215,0.15240502138311296,16.0,0.24564933589999072
0.0,AFW_exact,exact,98.0,0.007705211639404297,7.369275310894993,0.09914819838687272,16.0,0.24564251036316645
0.0,AFW_exact,exact,99.0,0.007781267166137695,7.368991243398715,0.12446898084574975,16.0,0.24563304144662382
0.0,AFW_exact,exact,100.0,0.007857322692871094,7.3686883697264225,0.09919821240118232,16.0,0.24562294565754741
0.0,AFW_exact,exact,101.0,0.007932186126708984,7.368269946761316,0.10308537761207504,16.0,0.2456089982253772
0.0,AFW_exact,exact,102.0,0.008010149002075195,7.367761880371906,0.15094175293487577,16.0,0.24559206267906353
0.0,AFW_exact,exact,103.0,0.008087158203125,7.367588078271664,0.09614347022136283,16.0,0.24558626927572214
0.0,AFW_exact,exact,104.0,0.008165121078491211,7.367289288656061,0.15657653784892656,16.0,0.24557630962186872
0.0,AFW_exact,exact,105.0,0.008242130279541016,7.367139425399461,0.07568449946311961,16.0,0.24557131417998204
0.0,AFW_exact,exact,106.0,0.008320093154907227,7.366838971777463,0.1413031999890917,16.0,0.24556129905924878
0.0,AFW_exact,exact,107.0,0.008398056030273438,7.366555798027256,0.10016903893870133,16.0,0.24555185993424186
0.0,AFW_exact,exact,108.0,0.00847625732421875,7.366324446231399,0.13204480399736873,16.0,0.2455441482077133
0.0,AFW_exact,exact,109.0,0.008553266525268555,7.366195340217853,0.08437884948287966,15.0,0.24553984467392845
0.0,AFW_exact,exact,110.0,0.008627176284790039,7.366005199288777,0.06892645807600939,15.0,0.24553350664295923
0.0,AFW_exact,exact,111.0,0.008703947067260742,7.36579078380702,0.09005641594577618,15.0,0.245526359460234
0.0,AFW_exact,exact,112.0,0.008782148361206055,7.365460751463546,0.13661080132279935,15.0,0.24551535838211822
0.0,AFW_exact,exact,113.0,0.008857250213623047,7.3653011627800495,0.07827578404088609,15.0,0.245510038759335
0.0,AFW_exact,exact,114.0,0.008935213088989258,7.365159261109948,0.07733550732812233,15.0,0.24550530870366494
0.0,AFW_exact,exact,115.0,0.009012222290039062,7.364891062616527,0.1334796482420959,15.0,0.24549636875388423
0.0,AFW_exact,exact,116.0,0.009088993072509766,7.3646383989450275,0.08591905509087461,15.0,0.24548794663150092
0.0,AFW_exact,exact,117.0,0.009166240692138672,7.364404061645113,0.12473837703167501,15.0,0.24548013538817046
0.0,AFW_exact,exact,118.0,0.009241104125976562,7.364183406487463,0.08853958768186221,15.0,0.24547278021624877
0.0,AFW_exact,exact,119.0,0.009318113327026367,7.3639808920398835,0.11657350614878581,15.0,0.24546602973466278
0.0,AFW_exact,exact,120.0,0.00939631462097168,7.363802925753982,0.09025283427280151,15.0,0.24546009752513273
0.0,AFW_exact,exact,121.0,0.009473085403442383,7.363624095360212,0.08677670969430284,15.0,0.24545413651200707
0.0,AFW_exact,exact,122.0,0.009550094604492188,7.3634303915009465,0.11337389772705198,15.0,0.2454476797166982
0.0,AFW_exact,exact,123.0,0.009627103805541992,7.363248113816713,0.08355332057030296,15.0,0.24544160379389043
0.0,AFW_exact,exact,124.0,0.009704351425170898,7.363078850837524,0.10595775763058501,15.0,0.24543596169458412
0.0,AFW_exact,exact,125.0,0.009783029556274414,7.362919638861316,0.07759435570448137,15.0,0.24543065462871053
0.0,AFW_exact,exact,126.0,0.009861230850219727,7.362757716373082,0.09902960437257491,15.0,0.24542525721243608
0.0,AFW_exact,exact,127.0,0.009939193725585938,7.362628081656604,0.10130116685025659,15.0,0.24542093605522014
0.0,AFW_exact,exact,128.0,0.01002812385559082,7.362550842972485,0.07150323336372022,15.0,0.2454183614324162
0.0,AFW_exact,exact,129.0,0.010105133056640625,7.362390777160459,0.08708300445222861,15.0,0.24541302590534864
0.0,AFW_exact,exact,130.0,0.01018214225769043,7.362242075511464,0.09929643199442229,15.0,0.24540806918371547
0.0,AFW_exact,exact,131.0,0.01026010513305664,7.362102256138157,0.08155392154825769,15.0,0.24540340853793857
0.0,AFW_exact,exact,132.0,0.010337114334106445,7.361972308784538,0.09280646233117196,15.0,0.2453990769594846
0.0,AFW_exact,exact,133.0,0.010413169860839844,7.36185016815812,0.07643624235443269,15.0,0.24539500560527067
0.0,AFW_exact,exact,134.0,0.010489225387573242,7.361736606658717,0.08674288986122392,15.0,0.24539122022195722
0.0,AFW_exact,exact,135.0,0.010564088821411133,7.361629903967965,0.07169663161924689,15.0,0.24538766346559884
0.0,AFW_exact,exact,136.0,0.010641336441040039,7.361530659563862,0.08107742509677252,15.0,0.2453843553187954
0.0,AFW_exact,exact,137.0,0.010718345642089844,7.3614374390363695,0.06730475944668513,15.0,0.245381247967879
0.0,AFW_exact,exact,138.0,0.010792255401611328,7.36135070462577,0.07578368919150957,15.0,0.245378356820859
0.0,AFW_exact,exact,139.0,0.010868310928344727,7.3612692590840245,0.06869106078980369,15.0,0.24537564196946748
0.0,AFW_exact,exact,140.0,0.01094508171081543,7.361193456041431,0.07083708081513862,15.0,0.24537311520138105
0.0,AFW_exact,exact,141.0,0.011020183563232422,7.361128884166652,0.07229371373321314,15.0,0.24537096280555507
0.0,AFW_exact,exact,142.0,0.01109623908996582,7.361051100345287,0.07975215311043637,15.0,0.24536837001150957
0.0,AFW_exact,exact,143.0,0.011172056198120117,7.360991378428644,0.05083665974001761,15.0,0.2453663792809548
0.0,AFW_exact,exact,144.0,0.01125025749206543,7.360951996865626,0.04540467724085939,15.0,0.2453650665621875
0.0,AFW_exact,exact,145.0,0.011326313018798828,7.360875361322335,0.07122652062246804,15.0,0.24536251204407783
0.0,AFW_exact,exact,146.0,0.011403083801269531,7.360803417246791,0.05084656812250543,15.0,0.24536011390822635
0.0,AFW_exact,exact,147.0,0.011480093002319336,7.36074138775584,0.066578663892221,15.0,0.245358046258528
0.0,AFW_exact,exact,148.0,0.011558294296264648,7.36068684409438,0.06696517267327806,16.0,0.2453562281364793
0.0,AFW_exact,exact,149.0,0.011634349822998047,7.360645967740471,0.046650134368767304,16.0,0.24535486559134903
0.0,AFW_exact,exact,150.0,0.01171112060546875,7.360588631099257,0.04786299579773612,16.0,0.24535295436997523
0.0,AFW_exact,exact,151.0,0.01178598403930664,7.360543611208941,0.0548166215820185,16.0,0.2453514537069647
0.0,AFW_exact,exact,152.0,0.011862039566040039,7.360464713885091,0.0685010718985728,16.0,0.2453488237961697
0.0,AFW_exact,exact,153.0,0.011940240859985352,7.360432478167557,0.051306352925974075,16.0,0.24534774927225192
0.0,AFW_exact,exact,154.0,0.012017250061035156,7.3603904327384475,0.044069739790955076,16.0,0.24534634775794825
0.0,AFW_exact,exact,155.0,0.012094974517822266,7.360353256738007,0.04205365967449737,16.0,0.24534510855793357
0.0,AFW_exact,exact,156.0,0.012173175811767578,7.360334294038509,0.037437338238931694,16.0,0.2453444764679503
0.0,AFW_exact,exact,157.0,0.012262105941772461,7.360295956417471,0.03377404112884541,16.0,0.24534319854724904
0.0,AFW_exact,exact,158.0,0.012340307235717773,7.360255331984309,0.058742101381969114,17.0,0.24534184439947695
0.0,AFW_exact,exact,159.0,0.012420177459716797,7.360235885758746,0.03918967822140296,17.0,0.24534119619195818
0.0,AFW_exact,exact,160.0,0.012498140335083008,7.360203368220943,0.026312688498989267,17.0,0.24534011227403144
0.0,AFW_exact,exact,161.0,0.012575149536132812,7.360149464567417,0.0504066657969382,17.0,0.24533831548558058
0.0,AFW_exact,exact,162.0,0.012653112411499023,7.360085048457,0.06529147880044661,17.0,0.2453361682819
0.0,AFW_exact,exact,163.0,0.01272439956665039,7.360024595868784,0.054710987883913376,17.0,0.24533415319562613
0.0,AFW_exact,exact,164.0,0.012803077697753906,7.359968295353882,0.061032501881019385,17.0,0.24533227651179607
0.0,AFW_exact,exact,165.0,0.012881278991699219,7.359915471701371,0.05474255689382357,17.0,0.24533051572337905
0.0,AFW_exact,exact,166.0,0.012958288192749023,7.359866263428887,0.057052308672782104,17.0,0.24532887544762957
0.0,AFW_exact,exact,167.0,0.013036012649536133,7.359820104400723,0.0547942703286175,17.0,0.24532733681335742
0.0,AFW_exact,exact,168.0,0.013114213943481445,7.359773940600643,0.05333252973562086,17.0,0.24532579802002144
0.0,AFW_exact,exact,169.0,0.01319122314453125,7.359740766893406,0.046829416494970744,17.0,0.2453246922297802
0.0,AFW_exact,exact,170.0,0.01326894760131836,7.359694941072418,0.041130439742867786,17.0,0.24532316470241394
0.0,AFW_exact,exact,171.0,0.013347148895263672,7.359652240815966,0.053139923074404294,17.0,0.2453217413605322
0.0,AFW_exact,exact,172.0,0.01342916488647461,7.3596121953505955,0.03806734539639667,17.0,0.24532040651168652
0.0,AFW_exact,exact,173.0,0.0135040283203125,7.359574872805269,0.04967603148547273,17.0,0.24531916242684232
0.0,AFW_exact,exact,174.0,0.013583183288574219,7.359539877545248,0.0352160524271623,17.0,0.24531799591817494
0.0,AFW_exact,exact,175.0,0.013662338256835938,7.359507254955505,0.046438576630504436,17.0,0.24531690849851684
0.0,AFW_exact,exact,176.0,0.01373910903930664,7.359476672168827,0.032842594856352214,17.0,0.24531588907229424
0.0,AFW_exact,exact,177.0,0.013815164566040039,7.359443798264215,0.04341267566433249,17.0,0.24531479327547384
0.0,AFW_exact,exact,178.0,0.013891220092773438,7.359411766291118,0.05029463864210637,17.0,0.24531372554303726
0.0,AFW_exact,exact,179.0,0.013967275619506836,7.359393160535036,0.03181275545806539,17.0,0.24531310535116785
0.0,AFW_exact,exact,180.0,0.014045238494873047,7.359378759973455,0.03135951508846091,17.0,0.24531262533244852
0.0,AFW_exact,exact,181.0,0.01412200927734375,7.359349555079886,0.04459384583201231,17.0,0.2453116518359962
0.0,AFW_exact,exact,182.0,0.014200210571289062,7.359329883674504,0.024143325135694838,17.0,0.24531099612248347
0.0,AFW_exact,exact,183.0,0.014276266098022461,7.359291821879869,0.05685793250421156,17.0,0.24530972739599563
0.0,AFW_exact,exact,184.0,0.014354228973388672,7.359265712668854,0.03064206670235503,17.0,0.2453088570889618
0.0,AFW_exact,exact,185.0,0.01443028450012207,7.35924790311767,0.03887671999785258,17.0,0.24530826343725567
0.0,AFW_exact,exact,186.0,0.014509201049804688,7.35922951298385,0.030971414399484587,17.0,0.245307650432795
0.0,AFW_exact,exact,187.0,0.014587163925170898,7.359214284253186,0.024523904411596575,17.0,0.24530714280843954
0.0,AFW_exact,exact,188.0,0.014665365219116211,7.3591887664327365,0.03651950486258926,17.0,0.24530629221442454
0.0,AFW_exact,exact,189.0,0.01474308967590332,7.359157682109841,0.0453294477781343,17.0,0.24530525607032805
0.0,AFW_exact,exact,190.0,0.014818191528320312,7.359128543194324,0.03978892002775769,17.0,0.24530428477314414
0.0,AFW_exact,exact,191.0,0.014896154403686523,7.3591013726865535,0.04237606054604193,17.0,0.24530337908955177
0.0,AFW_exact,exact,192.0,0.01497507095336914,7.359075906886063,0.039888149364252,17.0,0.24530253022953544
0.0,AFW_exact,exact,193.0,0.015052080154418945,7.359052852722159,0.03961556858670523,17.0,0.24530176175740528
0.0,AFW_exact,exact,194.0,0.015130281448364258,7.35903428062128,0.035027296142989606,17.0,0.24530114268737602
0.0,AFW_exact,exact,195.0,0.015206098556518555,7.359009171274028,0.036221108918643274,17.0,0.24530030570913428
0.0,AFW_exact,exact,196.0,0.015284299850463867,7.358985753500241,0.039337443971134256,17.0,0.24529952511667472
0.0,AFW_exact,exact,197.0,0.015362024307250977,7.358963808742308,0.03422709704140203,17.0,0.2452987936247436
0.0,AFW_exact,exact,198.0,0.015440225601196289,7.358943338958998,0.03677535492434192,17.0,0.24529811129863327
0.0,AFW_exact,exact,199.0,0.0155181884765625,7.358924159532399,0.03237081030117306,17.0,0.2452974719844133
0.0,AFW_exact,exact,200.0,0.015596151351928711,7.3589062664309886,0.034380492734939594,17.0,0.2452968755476996
0.0,AFW_exact,exact,201.0,0.01567530632019043,7.358889503526201,0.030642271106276375,17.0,0.24529631678420669
0.0,AFW_exact,exact,202.0,0.015753984451293945,7.358877141660547,0.03214189811599244,17.0,0.24529590472201823
0.0,AFW_exact,exact,203.0,0.01583099365234375,7.3588607917976745,0.03652743462801933,17.0,0.24529535972658914
0.0,AFW_exact,exact,204.0,0.015909194946289062,7.358846405938731,0.03082416009923339,17.0,0.2452948801979577
0.0,AFW_exact,exact,205.0,0.01598525047302246,7.358831502429722,0.03185265152298111,17.0,0.24529438341432408
0.0,AFW_exact,exact,206.0,0.01606297492980957,7.3588175947876815,0.030307051672003205,17.0,0.24529391982625606
0.0,AFW_exact,exact,207.0,0.01614212989807129,7.358805555404224,0.03195943040945082,17.0,0.24529351851347414
0.0,AFW_exact,exact,208.0,0.0162203311920166,7.358784220014766,0.021921468475068373,17.0,0.24529280733382555
0.0,AFW_exact,exact,209.0,0.01629805564880371,7.35876966393244,0.035144073833709655,17.0,0.24529232213108135
0.0,AFW_exact,exact,210.0,0.01637411117553711,7.358763384873642,0.017244437596318107,17.0,0.2452921128291214
0.0,AFW_exact,exact,211.0,0.016450166702270508,7.358755680395912,0.0205609416753072,17.0,0.24529185601319708
0.0,AFW_exact,exact,212.0,0.016527175903320312,7.35873870452033,0.02577427017797085,17.0,0.24529129015067766
0.0,AFW_exact,exact,213.0,0.016605138778686523,7.358723602367903,0.02920014766223744,17.0,0.24529078674559676
0.0,AFW_exact,exact,214.0,0.016680240631103516,7.358713234478769,0.02965647045038633,17.0,0.2452904411492923
0.0,AFW_exact,exact,215.0,0.016757965087890625,7.35870004632489,0.029512095019465612,17.0,0.245290001544163
0.0,AFW_exact,exact,216.0,0.016845226287841797,7.358686652828411,0.02185862498446589,17.0,0.24528955509428038
0.0,AFW_exact,exact,217.0,0.016923189163208008,7.358674153012471,0.028730945755927273,17.0,0.24528913843374903
0.0,AFW_exact,exact,218.0,0.01700139045715332,7.3586624464606185,0.023427587759190516,17.0,0.24528874821535396
0.0,AFW_exact,exact,219.0,0.01707911491394043,7.35865151970065,0.02686083657094418,17.0,0.24528838399002165
0.0,AFW_exact,exact,220.0,0.017155170440673828,7.3586412874560265,0.024898916941880955,17.0,0.24528804291520087
0.0,AFW_exact,exact,221.0,0.01723313331604004,7.358631735712641,0.025112643827533532,17.0,0.2452877245237547
0.0,AFW_exact,exact,222.0,0.017310380935668945,7.358623185553335,0.02627841221974858,17.0,0.2452874395184445
0.0,AFW_exact,exact,223.0,0.017388105392456055,7.358616340742102,0.022484341388608442,17.0,0.24528721135807005
0.0,AFW_exact,exact,224.0,0.017466068267822266,7.35860698087933,0.021888261001331344,17.0,0.24528689936264433
0.0,AFW_exact,exact,225.0,0.017543315887451172,7.358597057722615,0.023463090155379618,17.0,0.24528656859075382
0.0,AFW_exact,exact,226.0,0.017621994018554688,7.35858892841951,0.026769009454995718,17.0,0.24528629761398368
0.0,AFW_exact,exact,227.0,0.0177001953125,7.358583297197506,0.018408560944176422,17.0,0.24528610990658353
0.0,AFW_exact,exact,228.0,0.01777815818786621,7.35857851819066,0.019800204048826764,17.0,0.24528595060635533
0.0,AFW_exact,exact,229.0,0.017857074737548828,7.358572967339734,0.018109419436495244,17.0,0.24528576557799114
0.0,AFW_exact,exact,230.0,0.01793217658996582,7.35856858504818,0.018902894863085606,17.0,0.245285619501606
0.0,AFW_exact,exact,231.0,0.018011093139648438,7.358563025884971,0.015219519321242103,17.0,0.2452854341961657
0.0,AFW_exact,exact,232.0,0.01809406280517578,7.358556608901125,0.012118352827195089,17.0,0.24528522029670416
0.0,AFW_exact,exact,233.0,0.018174171447753906,7.358547505023574,0.024516450234699505,17.0,0.24528491683411913
0.0,AFW_exact,exact,234.0,0.0182492733001709,7.358538980923295,0.014805483624945381,17.0,0.24528463269744316
0.0,AFW_exact,exact,235.0,0.018336057662963867,7.358528991438078,0.022921062880453924,17.0,0.2452842997146026
0.0,AFW_exact,exact,236.0,0.01841425895690918,7.358520982221964,0.02606360578790845,17.0,0.24528403274073213
0.0,AFW_exact,exact,237.0,0.018493175506591797,7.358512233971857,0.024032507237700784,17.0,0.24528374113239523
0.0,AFW_exact,exact,238.0,0.018571138381958008,7.358503947104557,0.013513746291064166,17.0,0.24528346490348524
0.0,AFW_exact,exact,239.0,0.01864910125732422,7.358497586678653,0.022599897182812967,17.0,0.24528325288928843
0.0,AFW_exact,exact,240.0,0.018725156784057617,7.358494932558699,0.014732641686592274,17.0,0.2452831644186233
0.0,AFW_exact,exact,241.0,0.01880335807800293,7.358492009053881,0.01574294688259581,17.0,0.24528306696846272
0.0,AFW_exact,exact,242.0,0.018882036209106445,7.358485922784987,0.018413170935616563,17.0,0.2452828640928329
0.0,AFW_exact,exact,243.0,0.01895928382873535,7.35848176703421,0.0187711113795892,17.0,0.245282725567807
0.0,AFW_exact,exact,244.0,0.019037246704101562,7.358476524074504,0.01860183563066986,17.0,0.24528255080248348
0.0,AFW_exact,exact,245.0,0.01911020278930664,7.3584680394953965,0.017087390938922198,17.0,0.2452822679831799
0.0,AFW_exact,exact,246.0,0.019188404083251953,7.358460118028205,0.022867920541904674,17.0,0.2452820039342735
0.0,AFW_exact,exact,247.0,0.019265174865722656,7.3584527017254,0.01595964466214994,17.0,0.24528175672418
0.0,AFW_exact,exact,248.0,0.019344091415405273,7.358445776964845,0.021379958831221124,17.0,0.24528152589882818
0.0,AFW_exact,exact,249.0,0.01942133903503418,7.358439294351946,0.014907932731849982,17.0,0.24528130981173155
0.0,AFW_exact,exact,250.0,0.01949906349182129,7.358433240850566,0.01998893606635388,17.0,0.2452811080283522
0.0,AFW_exact,exact,251.0,0.019578218460083008,7.358427574311959,0.014420037897109772,17.0,0.24528091914373196
0.0,AFW_exact,exact,252.0,0.01965618133544922,7.35842228241837,0.018688521650044976,17.0,0.24528074274727898
0.0,AFW_exact,exact,253.0,0.019735097885131836,7.358417329166545,0.014957237898782338,17.0,0.24528057763888483
0.0,AFW_exact,exact,254.0,0.019811153411865234,7.358412804343886,0.019674293777422136,17.0,0.24528042681146286
0.0,AFW_exact,exact,255.0,0.019890308380126953,7.358409976711468,0.014343025841235146,17.0,0.24528033255704892
0.0,AFW_exact,exact,256.0,0.019968032836914062,7.35840768992129,0.013426057409988701,17.0,0.24528025633070966
0.0,AFW_exact,exact,257.0,0.02004718780517578,7.358403712340238,0.00962433499730686,17.0,0.24528012374467462
0.0,AFW_exact,exact,258.0,0.020125150680541992,7.358401381706626,0.012788929606697863,17.0,0.24528004605688752
0.0,AFW_exact,exact,259.0,0.02020120620727539,7.358396647480544,0.017675874558803706,17.0,0.24527988824935146
0.0,AFW_exact,exact,260.0,0.020277023315429688,7.358392216462824,0.014215476563051332,17.0,0.2452797405487608
0.0,AFW_exact,exact,261.0,0.020354032516479492,7.3583874850814945,0.016526096909291077,17.0,0.2452795828360498
0.0,AFW_exact,exact,262.0,0.020429134368896484,7.358382180767094,0.021208299234824146,17.0,0.2452794060255698
0.0,AFW_exact,exact,263.0,0.02050614356994629,7.358377387251024,0.018730247333512473,17.0,0.2452792462417008
0.0,AFW_exact,exact,264.0,0.02058124542236328,7.358373599955168,0.010158244233327451,17.0,0.24527911999850557
0.0,AFW_exact,exact,265.0,0.020658254623413086,7.358369694313912,0.018197288739280282,17.0,0.24527898981046373
0.0,AFW_exact,exact,266.0,0.020735979080200195,7.358367021856786,0.010531235900844038,17.0,0.24527890072855954
0.0,AFW_exact,exact,267.0,0.020858287811279297,7.358363466912209,0.01620111702200333,17.0,0.24527878223040697
0.0,AFW_exact,exact,268.0,0.020936250686645508,7.358360778616151,0.011299961611016762,17.0,0.2452786926205384
0.0,AFW_exact,exact,269.0,0.021015167236328125,7.358357602793696,0.013523111267006449,17.0,0.24527858675978986
0.0,AFW_exact,exact,270.0,0.02114105224609375,7.358352694620548,0.017997872278502136,17.0,0.24527842315401827
0.0,AFW_exact,exact,271.0,0.021229028701782227,7.358348100712,0.015845064126096986,17.0,0.24527827002373334
0.0,AFW_exact,exact,272.0,0.02131199836730957,7.358343810011191,0.016827130403516577,17.0,0.24527812700037305
0.0,AFW_exact,exact,273.0,0.021395206451416016,7.35833979430453,0.01592658004289582,17.0,0.24527799314348434
0.0,AFW_exact,exact,274.0,0.021474123001098633,7.358335734891279,0.015732618951836308,17.0,0.2452778578297093
0.0,AFW_exact,exact,275.0,0.021549224853515625,7.358332844782364,0.013809039890192665,17.0,0.24527776149274547
0.0,AFW_exact,exact,276.0,0.021628141403198242,7.358328865016348,0.014429545873375638,17.0,0.24527762883387824
0.0,AFW_exact,exact,277.0,0.02170705795288086,7.3583251476418035,0.01566206502358458,17.0,0.24527750492139344
0.0,AFW_exact,exact,278.0,0.02181410789489746,7.358321668745336,0.013666582439087804,17.0,0.24527738895817786
0.0,AFW_exact,exact,279.0,0.021912097930908203,7.358318419002225,0.014643404663881476,17.0,0.24527728063340748
0.0,AFW_exact,exact,280.0,0.021999120712280273,7.3583153779125725,0.01295448732197979,17.0,0.24527717926375242
0.0,AFW_exact,exact,281.0,0.022083044052124023,7.358312536962336,0.013691054754654708,17.0,0.2452770845654112
0.0,AFW_exact,exact,282.0,0.022164106369018555,7.3583098785615775,0.012289792590565618,17.0,0.24527699595205257
0.0,AFW_exact,exact,283.0,0.022243022918701172,7.358307394971125,0.012800691640967976,17.0,0.24527691316570416
0.0,AFW_exact,exact,284.0,0.0223233699798584,7.358305071084365,0.011821432211505112,17.0,0.24527683570281217
0.0,AFW_exact,exact,285.0,0.022402048110961914,7.3583025593498395,0.011968274477068164,17.0,0.245276751978328
0.0,AFW_exact,exact,286.0,0.022480249404907227,7.358299039905078,0.016657476330154353,17.0,0.2452766346635026
0.0,AFW_exact,exact,287.0,0.022558927536010742,7.358297539288365,0.01105940910267389,17.0,0.24527658464294552
0.0,AFW_exact,exact,288.0,0.02263927459716797,7.358295527408579,0.012117376377138278,17.0,0.24527651758028596
0.0,AFW_exact,exact,289.0,0.02271723747253418,7.358294401522532,0.009480047294039728,17.0,0.24527648005075106
0.0,AFW_exact,exact,290.0,0.022796154022216797,7.358291622544577,0.01534880929876703,17.0,0.24527638741815258
0.0,AFW_exact,exact,291.0,0.0228731632232666,7.358288238167789,0.010378458632803067,17.0,0.24527627460559298
0.0,AFW_exact,exact,292.0,0.02295231819152832,7.358285926733832,0.013997778094340774,17.0,0.24527619755779442
0.0,AFW_exact,exact,293.0,0.023032188415527344,7.358284705062871,0.01052369812009779,17.0,0.24527615683542903
0.0,AFW_exact,exact,294.0,0.023111343383789062,7.358283516180449,0.00936738900835632,17.0,0.24527611720601497
0.0,AFW_exact,exact,295.0,0.023190021514892578,7.358281924419076,0.009518898165405965,17.0,0.24527606414730255
0.0,AFW_exact,exact,296.0,0.023267030715942383,7.358280471233087,0.011098117327523305,17.0,0.24527601570776955
0.0,AFW_exact,exact,297.0,0.0233461856842041,7.3582788698969335,0.010277840413309036,17.0,0.2452759623298978
0.0,AFW_exact,exact,298.0,0.023426055908203125,7.358276240898898,0.006968321152177381,17.0,0.24527587469662995
0.0,AFW_exact,exact,299.0,0.023504257202148438,7.358273784766057,0.01272972083076418,17.0,0.24527579282553524
0.0,AFW_exact,exact,300.0,0.02358412742614746,7.358271486580208,0.006351323685880317,17.0,0.24527571621934027
0.0,AFW_exact,exact,301.0,0.023661136627197266,7.358269339392077,0.011901923832380312,17.0,0.24527564464640256
0.0,AFW_exact,exact,302.0,0.023740291595458984,7.358267330377531,0.005918409700798932,17.0,0.24527557767925104
0.0,AFW_exact,exact,303.0,0.0238189697265625,7.358265453266879,0.01112799494766925,17.0,0.24527551510889598
0.0,AFW_exact,exact,304.0,0.02389812469482422,7.358263697026867,0.006506080902942912,17.0,0.24527545656756225
0.0,AFW_exact,exact,305.0,0.023977279663085938,7.358262056017421,0.010404424044645033,17.0,0.24527540186724736
0.0,AFW_exact,exact,306.0,0.02405405044555664,7.358260520738386,0.007091307618537712,17.0,0.24527535069127954
0.0,AFW_exact,exact,307.0,0.02413320541381836,7.358258891623932,0.00972793030824004,17.0,0.2452752963874644
0.0,AFW_exact,exact,308.0,0.024213075637817383,7.358257634366729,0.010322694303068758,17.0,0.24527525447889095
0.0,AFW_exact,exact,309.0,0.024293184280395508,7.358256088086313,0.010099565652973652,17.0,0.24527520293621044
0.0,AFW_exact,exact,310.0,0.02437305450439453,7.35825460342214,0.006816209526509631,17.0,0.24527515344740466
0.0,AFW_exact,exact,311.0,0.024450063705444336,7.35825321609428,0.009566237090949059,17.0,0.24527510720314266
0.0,AFW_exact,exact,312.0,0.02452707290649414,7.358251918213543,0.007097591372666301,17.0,0.24527506394045143
0.0,AFW_exact,exact,313.0,0.024601221084594727,7.358250705374359,0.008944272900301975,17.0,0.24527502351247862
0.0,AFW_exact,exact,314.0,0.024680376052856445,7.35824957077212,0.0073610868599613966,17.0,0.245274985692404
0.0,AFW_exact,exact,315.0,0.02475905418395996,7.358248510472803,0.008362767943207672,17.0,0.24527495034909344
0.0,AFW_exact,exact,316.0,0.024839162826538086,7.3582475186030925,0.007717006664174519,17.0,0.24527491728676976
0.0,AFW_exact,exact,317.0,0.02491593360900879,7.358246717785268,0.008274679543563757,17.0,0.24527489059284227
0.0,AFW_exact,exact,318.0,0.024996042251586914,7.3582456775056215,0.007211267885984363,17.0,0.24527485591685405
0.0,AFW_exact,exact,319.0,0.025075197219848633,7.358244616476754,0.0073065751888696795,17.0,0.24527482054922514
0.0,AFW_exact,exact,320.0,0.025153160095214844,7.358243540116089,0.004855351300508737,17.0,0.2452747846705363
0.0,AFW_exact,exact,321.0,0.02523207664489746,7.358242201158575,0.009116898658324324,17.0,0.24527474003861915
0.0,AFW_exact,exact,322.0,0.025309324264526367,7.358240784997747,0.008240551130796803,17.0,0.24527469283325823
0.0,AFW_exact,exact,323.0,0.025387048721313477,7.358240307119728,0.006834316641262994,17.0,0.24527467690399093
0.0,AFW_exact,exact,324.0,0.02546405792236328,7.358238941115408,0.010375992180352789,17.0,0.24527463137051358
0.0,AFW_exact,exact,325.0,0.02554917335510254,7.358238485815769,0.005006475940332322,17.0,0.24527461619385896
0.0,AFW_exact,exact,326.0,0.02562713623046875,7.358237584844853,0.008738167305786249,17.0,0.2452745861614951
0.0,AFW_exact,exact,327.0,0.025706052780151367,7.3582360383187595,0.005512373097167789,17.0,0.24527453461062532
0.0,AFW_exact,exact,328.0,0.025783061981201172,7.358234981846778,0.009462402318320962,17.0,0.2452744993948926
0.0,AFW_exact,exact,329.0,0.02586221694946289,7.358234437189287,0.005613699698535868,17.0,0.2452744812396429
0.0,AFW_exact,exact,330.0,0.025942087173461914,7.358233699632118,0.00408417437207742,17.0,0.24527445665440392
0.0,AFW_exact,exact,331.0,0.02602219581604004,7.358232558104919,0.007247688415430886,17.0,0.2452744186034973
0.0,AFW_exact,exact,332.0,0.026098251342773438,7.358231513868045,0.008299170827390512,17.0,0.24527438379560149
0.0,AFW_exact,exact,333.0,0.02617502212524414,7.358230537027586,0.007245143183815195,17.0,0.24527435123425287
0.0,AFW_exact,exact,334.0,0.02625417709350586,7.35822962412269,0.0077596276368954165,17.0,0.24527432080408967
0.0,AFW_exact,exact,335.0,0.026333332061767578,7.358228770163906,0.007289636033110725,17.0,0.24527429233879688
0.0,AFW_exact,exact,336.0,0.026412010192871094,7.358228006206479,0.007255177057263751,17.0,0.2452742668735493
0.0,AFW_exact,exact,337.0,0.0264892578125,7.3582273924832196,0.005900992064343136,17.0,0.24527424641610732
0.0,AFW_exact,exact,338.0,0.026568174362182617,7.358226915820919,0.0059308198628764686,17.0,0.24527423052736397
0.0,AFW_exact,exact,339.0,0.026656150817871094,7.358226450076423,0.004488985263787271,17.0,0.24527421500254745
0.0,AFW_exact,exact,340.0,0.02673816680908203,7.3582259537679,0.005063048027317052,17.0,0.24527419845893
0.0,AFW_exact,exact,341.0,0.026818037033081055,7.358225219449952,0.0069592061913503755,17.0,0.24527417398166504
0.0,AFW_exact,exact,342.0,0.026897192001342773,7.358224532577849,0.00589997993949698,17.0,0.24527415108592832
0.0,AFW_exact,exact,343.0,0.026977062225341797,7.358223890895766,0.006506812049559052,17.0,0.24527412969652554
0.0,AFW_exact,exact,344.0,0.027053117752075195,7.358223161173852,0.005742476435771415,17.0,0.24527410537246172
0.0,AFW_exact,exact,345.0,0.027128219604492188,7.358222254468061,0.006156741309128577,17.0,0.24527407514893537
0.0,AFW_exact,exact,346.0,0.0272061824798584,7.35822142175457,0.008400583955992857,17.0,0.24527404739181902
0.0,AFW_exact,exact,347.0,0.027285099029541016,7.358220875745241,0.006670388301841967,17.0,0.24527402919150804
0.0,AFW_exact,exact,348.0,0.027363061904907227,7.358220276603438,0.004264508586989457,17.0,0.2452740092201146
0.0,AFW_exact,exact,349.0,0.02744126319885254,7.3582198333138935,0.006128894639318538,17.0,0.24527399444379644
0.0,AFW_exact,exact,350.0,0.027521133422851562,7.358219465044342,0.004434103611253626,17.0,0.24527398216814472
0.0,AFW_exact,exact,351.0,0.027598142623901367,7.358219059082853,0.0056558023219013265,17.0,0.2452739686360951
0.0,AFW_exact,exact,352.0,0.027678251266479492,7.358218724513124,0.004044639644098069,17.0,0.24527395748377082
0.0,AFW_exact,exact,353.0,0.027755022048950195,7.358218325946811,0.005188628336195933,17.0,0.24527394419822704
0.0,AFW_exact,exact,354.0,0.027834177017211914,7.35821760596841,0.007120392799052411,17.0,0.245273920198947
0.0,AFW_exact,exact,355.0,0.027913331985473633,7.3582172842336435,0.0037411532384155066,17.0,0.2452739094744548
0.0,AFW_exact,exact,356.0,0.02799224853515625,7.3582169600161205,0.0036596774248396358,17.0,0.245273898667204
0.0,AFW_exact,exact,357.0,0.028071165084838867,7.358216523024329,0.0051617538598218715,17.0,0.24527388410081097
0.0,AFW_exact,exact,358.0,0.028148174285888672,7.358215814278616,0.006836933699754688,17.0,0.24527386047595384
0.0,AFW_exact,exact,359.0,0.028228044509887695,7.35821515133103,0.006120017060108118,17.0,0.245273838377701
0.0,AFW_exact,exact,360.0,0.028307199478149414,7.358214531719206,0.006392491495363473,17.0,0.24527381772397353
0.0,AFW_exact,exact,361.0,0.028385162353515625,7.358213952160362,0.006157528642467547,17.0,0.2452737984053454
0.0,AFW_exact,exact,362.0,0.02846527099609375,7.358213548703371,0.005976951591567747,17.0,0.24527378495677904
0.0,AFW_exact,exact,363.0,0.02854299545288086,7.3582133438961,0.0034737332325711634,17.0,0.24527377812987
0.0,AFW_exact,exact,364.0,0.028623104095458984,7.358213106159759,0.004488171587265555,17.0,0.24527377020532531
0.0,AFW_exact,exact,365.0,0.028702974319458008,7.358212565466377,0.0040309278526393655,17.0,0.24527375218221256
0.0,AFW_exact,exact,366.0,0.02878117561340332,7.358212196033856,0.005595006303729555,17.0,0.2452737398677952
0.0,AFW_exact,exact,367.0,0.028861284255981445,7.358211942034708,0.004092570677184604,17.0,0.24527373140115694
0.0,AFW_exact,exact,368.0,0.028940200805664062,7.358211345350819,0.0034463570218896677,17.0,0.24527371151169397
0.0,AFW_exact,exact,369.0,0.029018163681030273,7.358210787659258,0.006064612816198078,17.0,0.2452736929219753
0.0,AFW_exact,exact,370.0,0.029098033905029297,7.35821026602768,0.0031557871826288775,17.0,0.245273675534256
0.0,AFW_exact,exact,371.0,0.02917313575744629,7.358209778471392,0.0056703941252145285,17.0,0.24527365928237974
0.0,AFW_exact,exact,372.0,0.0292510986328125,7.358209322450345,0.0028842920208393963,17.0,0.24527364408167818
0.0,AFW_exact,exact,373.0,0.02933025360107422,7.358208896208406,0.005301809421307091,17.0,0.2452736298736135
0.0,AFW_exact,exact,374.0,0.029407024383544922,7.358208497544187,0.0027751098325676793,17.0,0.24527361658480623
0.0,AFW_exact,exact,375.0,0.02948617935180664,7.358208056169804,0.004957190786170074,17.0,0.2452736018723268
0.0,AFW_exact,exact,376.0,0.02956533432006836,7.358207729129496,0.004912450812340374,17.0,0.2452735909709832
0.0,AFW_exact,exact,377.0,0.02964305877685547,7.358207552404155,0.0034136625506153706,17.0,0.2452735850801385
0.0,AFW_exact,exact,378.0,0.029722213745117188,7.35820713453849,0.004203526971361171,17.0,0.24527357115128298
0.0,AFW_exact,exact,379.0,0.029799222946166992,7.35820674395455,0.005075166054976599,17.0,0.24527355813181834
0.0,AFW_exact,exact,380.0,0.029879093170166016,7.358206424381902,0.004233964849295724,16.0,0.24527354747939673
0.0,AFW_exact,exact,381.0,0.029970169067382812,7.3582062818104,0.0030660764164345267,16.0,0.24527354272701332
0.0,AFW_exact,exact,382.0,0.03004908561706543,7.358206068389347,0.0042524376103196815,16.0,0.2452735356129782
0.0,AFW_exact,exact,383.0,0.030127286911010742,7.358205839136048,0.0023389025821467513,16.0,0.24527352797120158
0.0,AFW_exact,exact,384.0,0.030213117599487305,7.3582057340714835,0.0029968102850999045,16.0,0.24527352446904946
0.0,AFW_exact,exact,385.0,0.030291318893432617,7.358205620494749,0.0031020745019727514,16.0,0.2452735206831583
0.0,AFW_exact,exact,386.0,0.030369997024536133,7.358205371758428,0.0027218866745073456,16.0,0.2452735123919476
0.0,AFW_exact,exact,387.0,0.03044915199279785,7.358205201792436,0.003794859104580439,16.0,0.24527350672641454
0.0,AFW_exact,exact,388.0,0.030527114868164062,7.358205059676802,0.0034360174456411485,16.0,0.24527350198922673
0.0,AFW_exact,exact,389.0,0.030604124069213867,7.35820491822236,0.0018901222915470584,16.0,0.24527349727407868
0.0,AFW_exact,exact,390.0,0.030683279037475586,7.358204776592205,0.0034640895828790264,16.0,0.2452734925530735
0.0,AFW_exact,exact,391.0,0.0307619571685791,7.35820467977372,0.0024255916138260503,16.0,0.24527348932579066
0.0,AFW_exact,exact,392.0,0.030843257904052734,7.358204559219945,0.0030818677556885277,16.0,0.24527348530733148
0.0,AFW_exact,exact,393.0,0.030921220779418945,7.358204475090693,0.0028260320660935534,16.0,0.24527348250302308
0.0,AFW_exact,exact,394.0,0.030997037887573242,7.358204396998631,0.002572204856536864,16.0,0.24527347989995438
0.0,AFW_exact,exact,395.0,0.03107619285583496,7.358204309938242,0.0025150176399728608,16.0,0.2452734769979414
0.0,AFW_exact,exact,396.0,0.031154155731201172,7.358204181665455,0.0032328227123805675,16.0,0.24527347272218183
0.0,AFW_exact,exact,397.0,0.03123307228088379,7.358204104437326,0.0017374781392769378,16.0,0.24527347014791087
0.0,AFW_exact,exact,398.0,0.03131222724914551,7.358204036503535,0.002008718849572766,16.0,0.24527346788345117
0.0,AFW_exact,exact,399.0,0.031391143798828125,7.358203992549862,0.0014837753249947738,16.0,0.24527346641832876
0.0,AFW_exact,exact,400.0,0.031469106674194336,7.35820390240278,0.002763630146741747,16.0,0.24527346341342599
0.0,AFW_exact,exact,401.0,0.031548261642456055,7.358203840780976,0.0018459913000876682,16.0,0.24527346135936587
0.0,AFW_exact,exact,402.0,0.03162717819213867,7.358203779325499,0.002200362223002905,16.0,0.24527345931084996
0.0,AFW_exact,exact,403.0,0.03170514106750488,7.35820373014302,0.002007805325077605,16.0,0.24527345767143402
0.0,AFW_exact,exact,404.0,0.0317842960357666,7.358203701370997,0.0013520380162086454,16.0,0.24527345671236658
0.0,AFW_exact,exact,405.0,0.0318603515625,7.3582036658152665,0.001789605683317319,16.0,0.24527345552717555
0.0,AFW_exact,exact,406.0,0.031939029693603516,7.358203635842584,0.001554939092497598,16.0,0.24527345452808616
0.0,AFW_exact,exact,407.0,0.032015085220336914,7.358203609020028,0.00147824357674331,16.0,0.24527345363400094
0.0,AFW_exact,exact,408.0,0.03209114074707031,7.358203581834658,0.0010058860497990096,16.0,0.24527345272782194
0.0,AFW_exact,exact,409.0,0.03217720985412598,7.358203565534122,0.0010640450268368795,16.0,0.24527345218447075
0.0,AFW_exact,exact,410.0,0.032256126403808594,7.358203550277304,0.0010651479373882111,16.0,0.24527345167591014
0.0,AFW_exact,exact,411.0,0.032334089279174805,7.358203515439193,0.001717990156568483,16.0,0.24527345051463978
0.0,AFW_exact,exact,412.0,0.03241324424743652,7.358203461906653,0.0009543025337581668,16.0,0.24527344873022178
0.0,AFW_exact,exact,413.0,0.03248929977416992,7.3582034253232225,0.0017604999338463045,16.0,0.2452734475107741
0.0,AFW_exact,exact,414.0,0.03256511688232422,7.358203409679319,0.0011532388914368141,16.0,0.24527344698931064
0.0,AFW_exact,exact,415.0,0.03264212608337402,7.358203384118155,0.0013732395221843774,16.0,0.2452734461372718
0.0,AFW_exact,exact,416.0,0.03272128105163574,7.358203353494287,0.0011328125202734185,16.0,0.24527344511647622
0.0,AFW_exact,exact,417.0,0.03279829025268555,7.358203326147982,0.0015397331928790337,16.0,0.24527344420493274
0.0,AFW_exact,exact,418.0,0.032877206802368164,7.358203309321573,0.0011743655014964105,16.0,0.24527344364405243
0.0,AFW_exact,exact,419.0,0.03295421600341797,7.3582032829118305,0.0011103633553535275,16.0,0.24527344276372767
0.0,AFW_exact,exact,420.0,0.03303408622741699,7.3582032658514365,0.0008927921862893484,16.0,0.24527344219504787
0.0,AFW_exact,exact,421.0,0.0331120491027832,7.35820325745803,0.0008179174277520573,16.0,0.24527344191526765
0.0,AFW_exact,exact,422.0,0.033190250396728516,7.358203236748767,0.0013245600963580628,16.0,0.2452734412249589
0.0,AFW_exact,exact,423.0,0.03326725959777832,7.3582032123098,0.000673208681725157,16.0,0.24527344041032664
0.0,AFW_exact,exact,424.0,0.03334617614746094,7.358203195608064,0.0011895118926412707,16.0,0.24527343985360212
0.0,AFW_exact,exact,425.0,0.033425331115722656,7.358203185218344,0.000897227190703731,16.0,0.24527343950727815
0.0,AFW_exact,exact,426.0,0.033506155014038086,7.358203171679333,0.0007135044920687506,16.0,0.24527343905597776
0.0,AFW_exact,exact,427.0,0.033582210540771484,7.358203155744999,0.0011203892523514725,16.0,0.2452734385248333
0.0,AFW_exact,exact,428.0,0.0336613655090332,7.358203144142348,0.0010029271469775836,16.0,0.24527343813807828
0.0,AFW_exact,exact,429.0,0.03374004364013672,7.3582031342508065,0.0008031022660892617,16.0,0.24527343780836022
0.0,AFW_exact,exact,430.0,0.03381705284118652,7.358203125921886,0.0008399989709948485,16.0,0.24527343753072953
0.0,AFW_exact,exact,431.0,0.033898115158081055,7.3582031122302824,0.0007138593835112061,16.0,0.24527343707434274
0.0,AFW_exact,exact,432.0,0.033972978591918945,7.358203100504239,0.0009300931720401806,16.0,0.24527343668347465
0.0,AFW_exact,exact,433.0,0.034052133560180664,7.358203092750957,0.0008356725766205386,16.0,0.24527343642503188
0.0,AFW_exact,exact,434.0,0.03413033485412598,7.358203085362878,0.0006596193712971044,16.0,0.2452734361787626
0.0,AFW_exact,exact,435.0,0.03420901298522949,7.358203079177566,0.0005544642904027342,16.0,0.24527343597258555
0.0,AFW_exact,exact,436.0,0.034287214279174805,7.3582030692850084,0.0009154601730685386,16.0,0.2452734356428336
0.0,AFW_exact,exact,437.0,0.03436422348022461,7.358203059910621,0.00047788677796134493,16.0,0.24527343533035403
0.0,AFW_exact,exact,438.0,0.03444194793701172,7.358203053503963,0.0007367142246437197,16.0,0.24527343511679875
0.0,AFW_exact,exact,439.0,0.03451800346374512,7.358203049257133,0.0006166504083120472,16.0,0.24527343497523776
0.0,AFW_exact,exact,440.0,0.034597158432006836,7.358203044797591,0.0005927087504131734,16.0,0.24527343482658637
0.0,AFW_exact,exact,441.0,0.034676313400268555,7.358203041114728,0.0005650398872818485,16.0,0.24527343470382426
0.0,AFW_exact,exact,442.0,0.03475522994995117,7.358203034134456,0.0005475434860375827,16.0,0.24527343447114852
0.0,AFW_exact,exact,443.0,0.03483319282531738,7.358203030075353,0.0005864038614928901,16.0,0.24527343433584511
0.0,AFW_exact,exact,444.0,0.03491020202636719,7.358203025056191,0.0005977360486966177,16.0,0.24527343416853972
0.0,AFW_exact,exact,445.0,0.034989118576049805,7.358203019608056,0.0006823882303388373,16.0,0.2452734339869352
0.0,AFW_exact,exact,446.0,0.03507828712463379,7.358203015811297,0.0005578372366370488,16.0,0.24527343386037656
0.0,AFW_exact,exact,447.0,0.03515434265136719,7.358203009395333,0.000719403630866644,16.0,0.2452734336465111
0.0,AFW_exact,exact,448.0,0.035230159759521484,7.358203007071549,0.0003426812960611869,16.0,0.24527343356905165
0.0,AFW_exact,exact,449.0,0.03531694412231445,7.35820300464989,0.00046703171860151826,16.0,0.24527343348832967
0.0,AFW_exact,exact,450.0,0.035395145416259766,7.358203002899135,0.0004006544785246646,16.0,0.24527343342997115
0.0,AFW_exact,exact,451.0,0.03547310829162598,7.358202998776455,0.0005514881085355583,16.0,0.2452734332925485
0.0,AFW_exact,exact,452.0,0.035552024841308594,7.358202995156994,0.0004329726097456188,16.0,0.24527343317189979
0.0,AFW_exact,exact,453.0,0.03562808036804199,7.358202991371399,0.0005728665095841023,16.0,0.24527343304571328
0.0,AFW_exact,exact,454.0,0.03570723533630371,7.358202988813851,0.0004488556004629274,16.0,0.2452734329604617
0.0,AFW_exact,exact,455.0,0.03578615188598633,7.3582029862862335,0.0003205555237988378,16.0,0.2452734328762078
0.0,AFW_exact,exact,456.0,0.035868167877197266,7.358202982669955,0.000485676574773386,16.0,0.24527343275566516
0.0,AFW_exact,exact,457.0,0.03596019744873047,7.358202979184976,0.000534442236698851,16.0,0.24527343263949922
0.0,AFW_exact,exact,458.0,0.036040306091308594,7.3582029775762745,0.0003691623181838466,16.0,0.2452734325858758
0.0,AFW_exact,exact,459.0,0.03611922264099121,7.358202973600463,0.00022737486383306305,16.0,0.24527343245334876
0.0,AFW_exact,exact,460.0,0.036196231842041016,7.358202970883272,0.00047977844702540295,16.0,0.24527343236277574
0.0,AFW_exact,exact,461.0,0.03627419471740723,7.358202968825828,0.00018248330487846687,16.0,0.24527343229419427
0.0,AFW_exact,exact,462.0,0.036393165588378906,7.358202966586057,0.0003070830229203736,16.0,0.24527343221953524
0.0,AFW_exact,exact,463.0,0.03647208213806152,7.358202964377012,0.00043259623277780435,16.0,0.24527343214590042
0.0,AFW_exact,exact,464.0,0.03655219078063965,7.358202962737375,0.00023634246147086202,16.0,0.24527343209124583
0.0,AFW_exact,exact,465.0,0.036631107330322266,7.358202961507958,0.0003230545795913642,16.0,0.24527343205026528
0.0,AFW_exact,exact,466.0,0.036710262298583984,7.358202959303527,0.00036758569718209344,16.0,0.24527343197678422
0.0,AFW_exact,exact,467.0,0.03678727149963379,7.358202957065409,0.000440480276950872,16.0,0.2452734319021803
0.0,AFW_exact,exact,468.0,0.036866188049316406,7.358202955159829,0.00029216060813386235,16.0,0.24527343183866096
0.0,AFW_exact,exact,469.0,0.03694415092468262,7.358202953825256,0.00033624086033334777,16.0,0.24527343179417518
0.0,AFW_exact,exact,470.0,0.03702235221862793,7.358202952224878,0.00033885369915243047,16.0,0.24527343174082927
0.0,AFW_exact,exact,471.0,0.03709912300109863,7.35820295125535,0.00023259179629508964,16.0,0.24527343170851168
0.0,AFW_exact,exact,472.0,0.03717613220214844,7.35820295020504,0.00029106881186091726,16.0,0.24527343167350135
0.0,AFW_exact,exact,473.0,0.03725314140319824,7.358202949147813,0.0002159706104887249,16.0,0.24527343163826043
0.0,AFW_exact,exact,474.0,0.03732919692993164,7.358202947667955,0.0003304105237793564,16.0,0.24527343158893183
0.0,AFW_exact,exact,475.0,0.03740811347961426,7.358202946072329,0.00026441706288871103,16.0,0.2452734315357443
0.0,AFW_exact,exact,476.0,0.03748607635498047,7.358202944932358,0.00031076066822244286,16.0,0.24527343149774525
0.0,AFW_exact,exact,477.0,0.03756523132324219,7.358202944247426,0.00022634911725294415,16.0,0.2452734314749142
0.0,AFW_exact,exact,478.0,0.03764033317565918,7.358202943154307,0.00029344497052452567,16.0,0.2452734314384769
0.0,AFW_exact,exact,479.0,0.037719011306762695,7.358202942149594,0.00024224156179109002,16.0,0.24527343140498648
0.0,AFW_exact,exact,480.0,0.037795066833496094,7.358202941395868,0.0002526882203932601,16.0,0.24527343137986227
0.0,AFW_exact,exact,481.0,0.037873268127441406,7.358202940929159,0.00021137425932327147,16.0,0.2452734313643053
0.0,AFW_exact,exact,482.0,0.03794717788696289,7.3582029404031175,0.0002135468122137496,16.0,0.24527343134677057
0.0,AFW_exact,exact,483.0,0.03802609443664551,7.358202939707863,0.00022105334737698712,16.0,0.24527343132359544
0.0,AFW_exact,exact,484.0,0.03810524940490723,7.358202938780108,0.000289071056579715,16.0,0.24527343129267026
0.0,AFW_exact,exact,485.0,0.038184165954589844,7.358202938079156,0.00015259034683978712,16.0,0.2452734312693052
0.0,AFW_exact,exact,486.0,0.03826618194580078,7.358202937080467,0.00023994040167707453,16.0,0.24527343123601555
0.0,AFW_exact,exact,487.0,0.0383453369140625,7.358202936387883,0.00017552598537573516,16.0,0.24527343121292944
0.0,AFW_exact,exact,488.0,0.03842306137084961,7.35820293566262,0.00024787136061110715,16.0,0.245273431188754
0.0,AFW_exact,exact,489.0,0.03850221633911133,7.358202935142013,0.00019326520723250695,16.0,0.24527343117140044
0.0,AFW_exact,exact,490.0,0.03858017921447754,7.3582029345433515,0.00016400556807560918,16.0,0.24527343115144504
0.0,AFW_exact,exact,491.0,0.038659095764160156,7.358202933829521,0.00021963275905356738,16.0,0.24527343112765068
0.0,AFW_exact,exact,492.0,0.03873610496520996,7.358202933139339,0.000244604797375203,16.0,0.2452734311046446
0.0,AFW_exact,exact,493.0,0.03881430625915527,7.358202932784305,0.00015059913716619633,16.0,0.24527343109281016
0.0,AFW_exact,exact,494.0,0.03889322280883789,7.3582029323962,0.00016920620154703414,16.0,0.24527343107987332
0.0,AFW_exact,exact,495.0,0.0389711856842041,7.358202932042845,0.00012514212615499787,16.0,0.24527343106809482
0.0,AFW_exact,exact,496.0,0.039049386978149414,7.358202931758264,0.000149724984247257,16.0,0.2452734310586088
0.0,AFW_exact,exact,497.0,0.03912496566772461,7.358202931312299,0.0001403521008018771,16.0,0.2452734310437433
0.0,AFW_exact,exact,498.0,0.03920316696166992,7.358202930864084,0.00019485894084247946,16.0,0.2452734310288028
0.0,AFW_exact,exact,499.0,0.03928232192993164,7.35820293055775,0.00012196299308264713,16.0,0.24527343101859167
0.0,AFW_exact,exact,500.0,0.03936004638671875,7.358202930298891,0.00013627997110177148,16.0,0.24527343100996302
0.0,AFW_exact,exact,501.0,0.03943824768066406,7.3582029300025145,0.00015461644758207882,16.0,0.2452734310000838
0.0,AFW_exact,exact,502.0,0.03951406478881836,7.358202929648123,0.00010577531217670355,16.0,0.24527343098827079
0.0,AFW_exact,exact,503.0,0.03959321975708008,7.358202929383661,0.00015433649941964944,16.0,0.24527343097945536
0.0,AFW_exact,exact,504.0,0.039672136306762695,7.358202929114123,0.00015285931931163788,16.0,0.24527343097047077
0.0,AFW_exact,exact,505.0,0.039750099182128906,7.358202928895359,0.00011409642266890785,16.0,0.24527343096317863
0.0,AFW_exact,exact,506.0,0.03980207443237305,7.358202928895359,9.757039553104363e-05,16.0,0.24527343096317863
0.0,PFW_diminishing,diminishing,0.0,0.00011587142944335938,79.07853437017226,51.22618700140377,1.0,2.6359511456724087
0.0,PFW_diminishing,diminishing,1.0,0.00017690658569335938,17.703904796842806,163.70601004069314,2.0,0.5901301598947603
0.0,PFW_diminishing,diminishing,2.0,0.00023698806762695312,13.794154058050491,18.934367837079947,2.0,0.4598051352683497
0.0,PFW_diminishing,diminishing,3.0,0.0002949237823486328,11.411977742464671,21.63553437548599,3.0,0.3803992580821557
0.0,PFW_diminishing,diminishing,4.0,0.00035190582275390625,9.996649042542467,18.877369780398293,3.0,0.3332216347514156
0.0,PFW_diminishing,diminishing,5.0,0.00040793418884277344,9.59438275196633,15.010400613365999,4.0,0.3198127583988777
0.0,PFW_diminishing,diminishing,6.0,0.0004646778106689453,9.602846366047556,12.024042998108337,5.0,0.3200948788682519
0.0,PFW_diminishing,diminishing,7.0,0.0005209445953369141,8.532824634294345,13.412973288730766,5.0,0.2844274878098115
0.0,PFW_diminishing,diminishing,8.0,0.0005779266357421875,9.260458466837965,5.2978100306413864,5.0,0.3086819488945988
0.0,PFW_diminishing,diminishing,9.0,0.0006337165832519531,8.476181799907927,11.627926175682653,6.0,0.28253939333026423
0.0,PFW_diminishing,diminishing,10.0,0.0006897449493408203,8.325813857193955,9.002232110209754,7.0,0.27752712857313183
0.0,PFW_diminishing,diminishing,11.0,0.0007469654083251953,8.33244627627198,6.23117075424077,7.0,0.277748209209066
0.0,PFW_diminishing,diminishing,12.0,0.0008029937744140625,8.22109205868606,7.735039683410644,7.0,0.274036401956202
0.0,PFW_diminishing,diminishing,13.0,0.0008587837219238281,8.239931156093133,5.388750741488314,7.0,0.2746643718697711
0.0,PFW_diminishing,diminishing,14.0,0.0009157657623291016,8.152467876526522,6.822216418261307,7.0,0.2717489292175507
0.0,PFW_diminishing,diminishing,15.0,0.0009758472442626953,8.17681950926951,4.771495261902263,7.0,0.2725606503089837
0.0,PFW_diminishing,diminishing,16.0,0.0010328292846679688,7.870087053441181,6.134094098120494,7.0,0.26233623511470605
0.0,PFW_diminishing,diminishing,17.0,0.001088857650756836,7.979065220309277,3.409066441974847,8.0,0.2659688406769759
0.0,PFW_diminishing,diminishing,18.0,0.0011477470397949219,7.896623330226168,5.130684242007604,8.0,0.2632207776742056
0.0,PFW_diminishing,diminishing,19.0,0.001203775405883789,7.9447495925649205,3.2005108724559532,8.0,0.2648249864188307
0.0,PFW_diminishing,diminishing,20.0,0.0012600421905517578,7.810293765866962,4.751422872861163,9.0,0.2603431255288987
0.0,PFW_diminishing,diminishing,21.0,0.001317739486694336,7.6631082795255825,3.3400031124948715,10.0,0.25543694265085276
0.0,PFW_diminishing,diminishing,22.0,0.0013737678527832031,7.5279895163380175,2.791539888026467,11.0,0.2509329838779339
0.0,PFW_diminishing,diminishing,23.0,0.0014309883117675781,7.47539664947557,2.318590710762744,11.0,0.24917988831585233
0.0,PFW_diminishing,diminishing,24.0,0.0014886856079101562,7.653074559666456,1.6867627360963953,12.0,0.2551024853222152
0.0,PFW_diminishing,diminishing,25.0,0.0015459060668945312,7.4693462919490585,3.7919400162602406,12.0,0.24897820973163529
0.0,PFW_diminishing,diminishing,26.0,0.0016028881072998047,7.553214991150758,1.4974962182186768,13.0,0.2517738330383586
0.0,PFW_diminishing,diminishing,27.0,0.0016598701477050781,7.464716685528436,3.0410859896019016,13.0,0.24882388951761453
0.0,PFW_diminishing,diminishing,28.0,0.0017168521881103516,7.605734898285844,1.4114866066830132,13.0,0.25352449660952814
0.0,PFW_diminishing,diminishing,29.0,0.0017740726470947266,7.460961519671789,3.3234703672194286,13.0,0.248698717322393
0.0,PFW_diminishing,diminishing,30.0,0.0018308162689208984,7.52754215449539,1.3013104049610353,13.0,0.250918071816513
0.0,PFW_diminishing,diminishing,31.0,0.0018877983093261719,7.43530996110261,2.676241092922381,13.0,0.247843665370087
0.0,PFW_diminishing,diminishing,32.0,0.0019457340240478516,7.518953045231015,1.0261222647273796,13.0,0.25063176817436716
0.0,PFW_diminishing,diminishing,33.0,0.0020029544830322266,7.418384118231612,2.7608416880126994,13.0,0.2472794706077204
0.0,PFW_diminishing,diminishing,34.0,0.0020608901977539062,7.4759309330240615,1.0102675310959146,13.0,0.24919769776746872
0.0,PFW_diminishing,diminishing,35.0,0.0021178722381591797,7.41647860758442,2.291846267177487,13.0,0.2472159535861473
0.0,PFW_diminishing,diminishing,36.0,0.002173900604248047,7.488023418270509,0.9459620321952986,13.0,0.24960078060901697
0.0,PFW_diminishing,diminishing,37.0,0.0022308826446533203,7.408121121695724,2.4827243661023157,13.0,0.2469373707231908
0.0,PFW_diminishing,diminishing,38.0,0.002288818359375,7.470609584220229,0.9537531226933229,13.0,0.24902031947400763
0.0,PFW_diminishing,diminishing,39.0,0.0023458003997802734,7.418316804034016,2.198117368663171,13.0,0.24727722680113387
0.0,PFW_diminishing,diminishing,40.0,0.002403736114501953,7.466213017039275,1.2826319815241316,13.0,0.2488737672346425
0.0,PFW_diminishing,diminishing,41.0,0.002457857131958008,7.41649563175779,2.129359431857435,13.0,0.24721652105859301
0.0,PFW_diminishing,diminishing,42.0,0.0025157928466796875,7.462345122912482,1.2099587579537294,13.0,0.24874483743041606
0.0,PFW_diminishing,diminishing,43.0,0.0025730133056640625,7.402193096905712,2.0670467990963166,13.0,0.2467397698968571
0.0,PFW_diminishing,diminishing,44.0,0.0026297569274902344,7.440076092295887,0.8579466186571478,14.0,0.2480025364098629
0.0,PFW_diminishing,diminishing,45.0,0.0026869773864746094,7.386257018339311,1.982174161025922,14.0,0.24620856727797705
0.0,PFW_diminishing,diminishing,46.0,0.0027539730072021484,7.382827812534282,0.5167209992943151,13.0,0.2460942604178094
0.0,PFW_diminishing,diminishing,47.0,0.0028107166290283203,7.389482792836745,0.5015403933444214,13.0,0.24631609309455815
0.0,PFW_diminishing,diminishing,48.0,0.0028688907623291016,7.382075719563363,0.7899363849578318,13.0,0.2460691906521121
0.0,PFW_diminishing,diminishing,49.0,0.002925872802734375,7.388503753024933,0.480147173250276,13.0,0.24628345843416444
0.0,PFW_diminishing,diminishing,50.0,0.0029828548431396484,7.381413019816154,0.7645634202339107,13.0,0.24604710066053848
0.0,PFW_diminishing,diminishing,51.0,0.0030410289764404297,7.387627598416107,0.46044766603596976,13.0,0.2462542532805369
0.0,PFW_diminishing,diminishing,52.0,0.003095865249633789,7.380826470868733,0.7411463951215662,13.0,0.24602754902895776
0.0,PFW_diminishing,diminishing,53.0,0.0031507015228271484,7.386840114856298,0.4422486653902018,13.0,0.24622800382854326
0.0,PFW_diminishing,diminishing,54.0,0.0032088756561279297,7.380305169458731,0.7194677387744113,13.0,0.24601017231529104
0.0,PFW_diminishing,diminishing,55.0,0.003267049789428711,7.386129480615058,0.42538523994904676,13.0,0.24620431602050194
0.0,PFW_diminishing,diminishing,56.0,0.003325939178466797,7.379840075074458,0.6993409699768431,13.0,0.2459946691691486
0.0,PFW_diminishing,diminishing,57.0,0.0033829212188720703,7.385485796990463,0.4097157487990293,13.0,0.2461828598996821
0.0,PFW_diminishing,diminishing,58.0,0.003439664840698242,7.37942364270583,0.6806053394296478,13.0,0.24598078809019433
0.0,PFW_diminishing,diminishing,59.0,0.003496885299682617,7.400918665381553,0.399845971708892,13.0,0.24669728884605177
0.0,PFW_diminishing,diminishing,60.0,0.0035550594329833984,7.37905124413857,1.2039115885765863,13.0,0.245968374804619
0.0,PFW_diminishing,diminishing,61.0,0.003610849380493164,7.383901887988825,0.40440534494306135,13.0,0.24613006293296086
0.0,PFW_diminishing,diminishing,62.0,0.0036687850952148438,7.378706818703478,0.6540433689474003,13.0,0.24595689395678258
0.0,PFW_diminishing,diminishing,63.0,0.0037267208099365234,7.388665317915534,0.3953853897395936,13.0,0.2462888439305178
0.0,PFW_diminishing,diminishing,64.0,0.0037839412689208984,7.378394748116714,0.6796522765385031,13.0,0.24594649160389045
0.0,PFW_diminishing,diminishing,65.0,0.003841876983642578,7.382540862447267,0.3948010620978941,13.0,0.2460846954149089
0.0,PFW_diminishing,diminishing,66.0,0.0038967132568359375,7.378105709764609,0.6239271009267577,13.0,0.24593685699215365
0.0,PFW_diminishing,diminishing,67.0,0.003952741622924805,7.382141645071205,0.38352760925822516,13.0,0.24607138816904017
0.0,PFW_diminishing,diminishing,68.0,0.004008769989013672,7.3778426440350975,0.6104031851418545,13.0,0.24592808813450326
0.0,PFW_diminishing,diminishing,69.0,0.004066944122314453,7.3859655970695375,0.38357958919066615,13.0,0.24619885323565124
0.0,PFW_diminishing,diminishing,70.0,0.004123687744140625,7.377599324689428,0.6339003724736809,13.0,0.2459199774896476
0.0,PFW_diminishing,diminishing,71.0,0.004180908203125,7.381092953318258,0.37561018071498786,13.0,0.24603643177727527
0.0,PFW_diminishing,diminishing,72.0,0.00423884391784668,7.377375274765912,0.5853191523263819,13.0,0.24591250915886373
0.0,PFW_diminishing,diminishing,73.0,0.004294872283935547,7.384660083691928,0.3717166936748315,13.0,0.24615533612306428
0.0,PFW_diminishing,diminishing,74.0,0.0043528079986572266,7.3771685383469885,0.6080721550377559,13.0,0.24590561794489962
0.0,PFW_diminishing,diminishing,75.0,0.0044097900390625,7.38020684725269,0.36858374968327023,13.0,0.24600689490842298
0.0,PFW_diminishing,diminishing,76.0,0.004467964172363281,7.376976021446386,0.562932814472088,13.0,0.24589920071487953
0.0,PFW_diminishing,diminishing,77.0,0.004524946212768555,7.383545410634608,0.36112421579809073,13.0,0.24611818035448693
0.0,PFW_diminishing,diminishing,78.0,0.004582881927490234,7.376798879263068,0.584961628614221,13.0,0.24589329597543558
0.0,PFW_diminishing,diminishing,79.0,0.004639863967895508,7.379451786084215,0.36230658734072474,13.0,0.24598172620280717
0.0,PFW_diminishing,diminishing,80.0,0.00469660758972168,7.37663213643,0.5428318144779318,13.0,0.245887737881
0.0,PFW_diminishing,diminishing,81.0,0.004753828048706055,7.392473149906652,0.35463673707459,13.0,0.24641577166355508
0.0,PFW_diminishing,diminishing,82.0,0.004810810089111328,7.374388893493502,1.0873952191007392,13.0,0.24581296311645007
0.0,PFW_diminishing,diminishing,83.0,0.004868745803833008,7.389548103923891,0.37940457007698214,13.0,0.24631827013079638
0.0,PFW_diminishing,diminishing,84.0,0.004925727844238281,7.376966489246372,1.1312274161955918,14.0,0.24589888297487905
0.0,PFW_diminishing,diminishing,85.0,0.004982948303222656,7.377067720790533,0.6213558514143287,14.0,0.24590225735968443
0.0,PFW_diminishing,diminishing,86.0,0.005040884017944336,7.374025651004177,0.5793371892110812,14.0,0.24580085503347257
0.0,PFW_diminishing,diminishing,87.0,0.005101919174194336,7.380544734515083,0.6168109039703955,15.0,0.24601815781716943
0.0,PFW_diminishing,diminishing,88.0,0.005159854888916016,7.371514855825098,0.8557971924448049,15.0,0.2457171618608366
0.0,PFW_diminishing,diminishing,89.0,0.005224943161010742,7.373349491039461,0.5467435966008907,15.0,0.24577831636798203
0.0,PFW_diminishing,diminishing,90.0,0.005287885665893555,7.371312211819695,0.6078959273909934,15.0,0.2457104070606565
0.0,PFW_diminishing,diminishing,91.0,0.005342960357666016,7.373112127831554,0.5358168358442734,15.0,0.24577040426105182
0.0,PFW_diminishing,diminishing,92.0,0.005406856536865234,7.371122730401236,0.5976789063744894,15.0,0.24570409101337454
0.0,PFW_diminishing,diminishing,93.0,0.005464792251586914,7.37391611859328,0.525361715397203,15.0,0.2457972039531093
0.0,PFW_diminishing,diminishing,94.0,0.005522727966308594,7.368671058960949,0.6258189373005978,15.0,0.24562236863203163
0.0,PFW_diminishing,diminishing,95.0,0.005580902099609375,7.378009393367103,0.3330501004666875,15.0,0.2459336464455701
0.0,PFW_diminishing,diminishing,96.0,0.0056378841400146484,7.370001390225341,0.8968409643265298,15.0,0.24566671300751136
0.0,PFW_diminishing,diminishing,97.0,0.005695819854736328,7.37854279553335,0.4177188015772426,15.0,0.24595142651777832
0.0,PFW_diminishing,diminishing,98.0,0.0057528018951416016,7.369844977642551,1.004669616254671,15.0,0.24566149925475173
0.0,PFW_diminishing,diminishing,99.0,0.005808830261230469,7.378221987445701,0.40678532903130105,15.0,0.2459407329148567
0.0,PFW_diminishing,diminishing,100.0,0.005867958068847656,7.3696992716740555,0.9907345386490904,15.0,0.24565664238913518
0.0,PFW_diminishing,diminishing,101.0,0.0059278011322021484,7.37791800209345,0.39628770382837963,15.0,0.24593060006978168
0.0,PFW_diminishing,diminishing,102.0,0.005986928939819336,7.369563398417912,0.9773468268018108,15.0,0.24565211328059708
0.0,PFW_diminishing,diminishing,103.0,0.006082057952880859,7.37762963593119,0.38620038514791677,15.0,0.245920987864373
0.0,PFW_diminishing,diminishing,104.0,0.006143808364868164,7.3694365687157735,0.964474860004219,15.0,0.2456478856238591
0.0,PFW_diminishing,diminishing,105.0,0.00620579719543457,7.377355793000301,0.37649978872067713,15.0,0.24591185976667668
0.0,PFW_diminishing,diminishing,106.0,0.006264686584472656,7.369318068615075,0.9520894065136343,15.0,0.24564393562050252
0.0,PFW_diminishing,diminishing,107.0,0.006323814392089844,7.377095473488464,0.3671641030688093,15.0,0.24590318244961548
0.0,PFW_diminishing,diminishing,108.0,0.00638270378112793,7.369207251051132,0.9401634021785457,15.0,0.2456402417017044
0.0,PFW_diminishing,diminishing,109.0,0.006441831588745117,7.3758481757848156,0.35999648849850985,15.0,0.24586160585949385
0.0,PFW_diminishing,diminishing,110.0,0.006499052047729492,7.367115331041212,0.820196337008734,15.0,0.2455705110347071
0.0,PFW_diminishing,diminishing,111.0,0.006555795669555664,7.37307747197558,0.2926631325617848,15.0,0.24576924906585265
0.0,PFW_diminishing,diminishing,112.0,0.0066127777099609375,7.367038894849728,0.6825224538509964,15.0,0.24556796316165758
0.0,PFW_diminishing,diminishing,113.0,0.006669044494628906,7.372899565789284,0.28553262571481497,15.0,0.2457633188596428
0.0,PFW_diminishing,diminishing,114.0,0.006724834442138672,7.366967245438239,0.6746022914796779,15.0,0.2455655748479413
0.0,PFW_diminishing,diminishing,115.0,0.006781816482543945,7.376036691687,0.27865125439070404,15.0,0.2458678897229
0.0,PFW_diminishing,diminishing,116.0,0.0068378448486328125,7.36594006602902,0.7827809332075528,15.0,0.24553133553430065
0.0,PFW_diminishing,diminishing,117.0,0.00689387321472168,7.371833518176517,0.26918613276042613,15.0,0.24572778393921724
0.0,PFW_diminishing,diminishing,118.0,0.006949901580810547,7.3658788521990815,0.6706365546133428,15.0,0.2455292950733027
0.0,PFW_diminishing,diminishing,119.0,0.007005929946899414,7.37167670041268,0.2627691751870058,15.0,0.24572255668042267
0.0,PFW_diminishing,diminishing,120.0,0.007063865661621094,7.365821401478068,0.6634931237355719,15.0,0.24552738004926894
0.0,PFW_diminishing,diminishing,121.0,0.007119655609130859,7.371526668755173,0.2565652690596325,15.0,0.24571755562517245
0.0,PFW_diminishing,diminishing,122.0,0.007176876068115234,7.365767448860994,0.6565844619610637,15.0,0.24552558162869978
0.0,PFW_diminishing,diminishing,123.0,0.007235050201416016,7.371383018471817,0.25056398019283055,15.0,0.24571276728239388
0.0,PFW_diminishing,diminishing,124.0,0.007294893264770508,7.365716751307817,0.6498991853631653,15.0,0.24552389171026057
0.0,PFW_diminishing,diminishing,125.0,0.007351875305175781,7.371245375183719,0.24475554463154126,15.0,0.24570817917279061
0.0,PFW_diminishing,diminishing,126.0,0.007407665252685547,7.365669085635373,0.6434266341648494,15.0,0.24552230285451243
0.0,PFW_diminishing,diminishing,127.0,0.007463932037353516,7.3738606193221745,0.2391308157002081,15.0,0.24579535397740582
0.0,PFW_diminishing,diminishing,128.0,0.007523059844970703,7.365340532265849,0.7105147601744237,15.0,0.2455113510755283
0.0,PFW_diminishing,diminishing,129.0,0.007577657699584961,7.374183486791226,0.2597896679225409,15.0,0.24580611622637422
0.0,PFW_diminishing,diminishing,130.0,0.00763392448425293,7.365295389678294,0.8197280737229118,15.0,0.2455098463226098
0.0,PFW_diminishing,diminishing,131.0,0.007688760757446289,7.374007041001027,0.25201848694348694,15.0,0.24580023470003423
0.0,PFW_diminishing,diminishing,132.0,0.007745027542114258,7.365253225933773,0.8123613827702112,15.0,0.2455084408644591
0.0,PFW_diminishing,diminishing,133.0,0.007819890975952148,7.366877717556739,0.2444816821656115,15.0,0.24556259058522464
0.0,PFW_diminishing,diminishing,134.0,0.007892847061157227,7.36483874587766,0.49513798738004944,15.0,0.24549462486258866
0.0,PFW_diminishing,diminishing,135.0,0.007954835891723633,7.3625539660329204,0.4387103898938953,14.0,0.24541846553443067
0.0,PFW_diminishing,diminishing,136.0,0.008013010025024414,7.3665977294975,0.17590474824825453,14.0,0.24555325764991667
0.0,PFW_diminishing,diminishing,137.0,0.008070707321166992,7.364938870119328,0.487858354611153,14.0,0.24549796233731094
0.0,PFW_diminishing,diminishing,138.0,0.008128881454467773,7.36481399844327,0.4423250462134716,15.0,0.245493799948109
0.0,PFW_diminishing,diminishing,139.0,0.008188724517822266,7.363467047184335,0.4540306331758508,15.0,0.24544890157281116
0.0,PFW_diminishing,diminishing,140.0,0.008246898651123047,7.364728691446638,0.4104063590353988,15.0,0.2454909563815546
0.0,PFW_diminishing,diminishing,141.0,0.00830388069152832,7.363401631690689,0.4488571888407469,15.0,0.2454467210563563
0.0,PFW_diminishing,diminishing,142.0,0.008360862731933594,7.364646777041541,0.4045923288810904,15.0,0.2454882259013847
0.0,PFW_diminishing,diminishing,143.0,0.008417844772338867,7.363339017383493,0.44382901129783114,15.0,0.2454446339127831
0.0,PFW_diminishing,diminishing,144.0,0.00847482681274414,7.3645680746313875,0.398940134640001,15.0,0.24548560248771292
0.0,PFW_diminishing,diminishing,145.0,0.008531808853149414,7.36311444641843,0.4397905651553806,15.0,0.24543714821394766
0.0,PFW_diminishing,diminishing,146.0,0.008589029312133789,7.362525502268823,0.3767159451456301,15.0,0.2454175167422941
0.0,PFW_diminishing,diminishing,147.0,0.008645772933959961,7.363166543048538,0.33052928373756707,15.0,0.2454388847682846
0.0,PFW_diminishing,diminishing,148.0,0.008703947067260742,7.362474024019024,0.36413119573149366,15.0,0.24541580080063413
0.0,PFW_diminishing,diminishing,149.0,0.008762836456298828,7.36310730773725,0.32614202006213944,15.0,0.24543691025790834
0.0,PFW_diminishing,diminishing,150.0,0.008816719055175781,7.362424615136534,0.35998827351955676,15.0,0.24541415383788445
0.0,PFW_diminishing,diminishing,151.0,0.008873939514160156,7.363050316388612,0.3218712667194428,15.0,0.24543501054628705
0.0,PFW_diminishing,diminishing,152.0,0.00893092155456543,7.362377167694478,0.35595470755349456,15.0,0.2454125722564826
0.0,PFW_diminishing,diminishing,153.0,0.008986711502075195,7.362995455744747,0.3177124440966024,15.0,0.2454331818581582
0.0,PFW_diminishing,diminishing,154.0,0.00904393196105957,7.362331580673836,0.3520262251221151,15.0,0.24541105268912788
0.0,PFW_diminishing,diminishing,155.0,0.009104728698730469,7.362942619638087,0.31366120945234677,15.0,0.2454314206546029
0.0,PFW_diminishing,diminishing,156.0,0.00916290283203125,7.362287759440985,0.34819877320526693,15.0,0.24540959198136617
0.0,PFW_diminishing,diminishing,157.0,0.009217023849487305,7.36289170846405,0.30971344180001115,15.0,0.24542972361546836
0.0,PFW_diminishing,diminishing,158.0,0.009273767471313477,7.362245615270699,0.3444685045352873,15.0,0.24540818717568996
0.0,PFW_diminishing,diminishing,159.0,0.00933074951171875,7.36284262869896,0.305865227933495,15.0,0.24542808762329868
0.0,PFW_diminishing,diminishing,160.0,0.009387969970703125,7.362205064910145,0.34083176470625,15.0,0.24540683549700484
0.0,PFW_diminishing,diminishing,161.0,0.009444713592529297,7.36279529245885,0.30211284949673445,15.0,0.24542650974862834
0.0,PFW_diminishing,diminishing,162.0,0.009500741958618164,7.3621660301799015,0.3372850802401546,15.0,0.24540553433933004
0.0,PFW_diminishing,diminishing,163.0,0.009557962417602539,7.362749617095202,0.2984527710066338,15.0,0.24542498723650671
0.0,PFW_diminishing,diminishing,164.0,0.009614706039428711,7.3621284376084635,0.3338251475284215,15.0,0.24540428125361544
0.0,PFW_diminishing,diminishing,165.0,0.009671926498413086,7.362705524824162,0.2948816287487519,15.0,0.24542351749413874
0.0,PFW_diminishing,diminishing,166.0,0.00972890853881836,7.362092218097029,0.33044882257443753,15.0,0.24540307393656763
0.0,PFW_diminishing,diminishing,167.0,0.009785652160644531,7.3626629423860575,0.291396220472258,15.0,0.24542209807953524
0.0,PFW_diminishing,diminishing,168.0,0.009842872619628906,7.362057306611789,0.3271531114704551,15.0,0.24540191022039298
0.0,PFW_diminishing,diminishing,169.0,0.00989985466003418,7.362621800732449,0.2879934958178323,15.0,0.24542072669108164
0.0,PFW_diminishing,diminishing,170.0,0.009956836700439453,7.362023641901135,0.32393516154820823,15.0,0.24540078806337115
0.0,PFW_diminishing,diminishing,171.0,0.010013818740844727,7.362582034738188,0.2846705474185587,15.0,0.24541940115793962
0.0,PFW_diminishing,diminishing,172.0,0.010071992874145508,7.361991166235506,0.3207922531482481,15.0,0.24539970554118354
0.0,PFW_diminishing,diminishing,173.0,0.010129928588867188,7.362543582936211,0.2814246026190981,15.0,0.24541811943120703
0.0,PFW_diminishing,diminishing,174.0,0.010184764862060547,7.361959825167861,0.3177217919581219,15.0,0.2453986608389287
0.0,PFW_diminishing,diminishing,175.0,0.010241031646728516,7.362088065160144,0.28014615659622333,15.0,0.24540293550533812
0.0,PFW_diminishing,diminishing,176.0,0.010297775268554688,7.362670822674729,0.32103828959599845,15.0,0.2454223607558243
0.0,PFW_diminishing,diminishing,177.0,0.010354757308959961,7.361914265105863,0.35727617654973987,15.0,0.24539714217019543
0.0,PFW_diminishing,diminishing,178.0,0.010411977767944336,7.362629449822073,0.3306108606224285,15.0,0.24542098166073575
0.0,PFW_diminishing,diminishing,179.0,0.010467767715454102,7.36188166045173,0.35408459567670736,15.0,0.245396055348391
0.0,PFW_diminishing,diminishing,180.0,0.010524749755859375,7.362589385501762,0.3270035075976052,15.0,0.24541964618339207
0.0,PFW_diminishing,diminishing,181.0,0.010582923889160156,7.361850159502774,0.35096376917001315,15.0,0.24539500531675915
0.0,PFW_diminishing,diminishing,182.0,0.010639667510986328,7.362550574237915,0.32347557318647,15.0,0.24541835247459715
0.0,PFW_diminishing,diminishing,183.0,0.010693788528442383,7.361819713986559,0.34791137029686503,15.0,0.24539399046621865
0.0,PFW_diminishing,diminishing,184.0,0.010750770568847656,7.362512963482628,0.3200244635205065,15.0,0.24541709878275425
0.0,PFW_diminishing,diminishing,185.0,0.010807991027832031,7.361447721967963,0.3449251732238343,15.0,0.24538159073226543
0.0,PFW_diminishing,diminishing,186.0,0.010864734649658203,7.3629462853971805,0.29140128880727456,15.0,0.24543154284657268
0.0,PFW_diminishing,diminishing,187.0,0.010921955108642578,7.361067107772839,0.3783208841341823,15.0,0.24536890359242797
0.0,PFW_diminishing,diminishing,188.0,0.010982751846313477,7.361519530848814,0.23728810894416075,15.0,0.24538398436162714
0.0,PFW_diminishing,diminishing,189.0,0.011041879653930664,7.361637436834481,0.2539424359968443,16.0,0.24538791456114936
0.0,PFW_diminishing,diminishing,190.0,0.011099815368652344,7.3607603039203635,0.26741285752081545,16.0,0.24535867679734544
0.0,PFW_diminishing,diminishing,191.0,0.011156797409057617,7.360745537199163,0.1755546495879079,16.0,0.24535818457330544
0.0,PFW_diminishing,diminishing,192.0,0.01121377944946289,7.3607362081577,0.20095865202933627,16.0,0.24535787360525668
0.0,PFW_diminishing,diminishing,193.0,0.011270761489868164,7.360721837982033,0.17331499844759257,16.0,0.2453573945994011
0.0,PFW_diminishing,diminishing,194.0,0.011327981948852539,7.3607128442441105,0.198468218402013,16.0,0.24535709480813703
0.0,PFW_diminishing,diminishing,195.0,0.011384725570678711,7.360698855211037,0.171121419994968,16.0,0.24535662850703457
0.0,PFW_diminishing,diminishing,196.0,0.011441707611083984,7.360690182836868,0.19602869589966154,16.0,0.24535633942789561
0.0,PFW_diminishing,diminishing,197.0,0.01149892807006836,7.360676560298943,0.16897250719677182,16.0,0.2453558853432981
0.0,PFW_diminishing,diminishing,198.0,0.011555671691894531,7.360668196049271,0.1936385393186173,16.0,0.24535560653497568
0.0,PFW_diminishing,diminishing,199.0,0.011612892150878906,7.3606549260701994,0.16686690972950924,16.0,0.24535516420234
0.0,PFW_diminishing,diminishing,200.0,0.01166987419128418,7.360646857364796,0.1912962653548247,16.0,0.2453548952454932
0.0,PFW_diminishing,diminishing,201.0,0.011726856231689453,7.360633926678112,0.16480333115114298,16.0,0.24535446422260374
0.0,PFW_diminishing,diminishing,202.0,0.011783838272094727,7.36062614155709,0.18900044953524908,16.0,0.24535420471856967
0.0,PFW_diminishing,diminishing,203.0,0.0118408203125,7.360613537527627,0.16278052624044115,16.0,0.24535378458425422
0.0,PFW_diminishing,diminishing,204.0,0.011907815933227539,7.360606024615375,0.18674972333008366,16.0,0.24535353415384584
0.0,PFW_diminishing,diminishing,205.0,0.011970996856689453,7.361463824475104,0.16202369838087627,16.0,0.24538212748250346
0.0,PFW_diminishing,diminishing,206.0,0.012028932571411133,7.35968010174938,0.2933764875523295,15.0,0.24532267005831265
0.0,PFW_diminishing,diminishing,207.0,0.012083768844604492,7.362116092342405,0.12985750861021028,15.0,0.24540386974474684
0.0,PFW_diminishing,diminishing,208.0,0.012141942977905273,7.360429271365723,0.3669740813146589,16.0,0.24534764237885742
0.0,PFW_diminishing,diminishing,209.0,0.012198925018310547,7.3620807216238795,0.2095408760040005,16.0,0.24540269072079599
0.0,PFW_diminishing,diminishing,210.0,0.012256860733032227,7.360410071101437,0.3641244127329406,16.0,0.2453470023700479
0.0,PFW_diminishing,diminishing,211.0,0.012314796447753906,7.360344503593612,0.20767502609453725,16.0,0.24534481678645373
0.0,PFW_diminishing,diminishing,212.0,0.012372970581054688,7.3606748019310375,0.2387668853122351,16.0,0.2453558267310346
0.0,PFW_diminishing,diminishing,213.0,0.01243281364440918,7.360324247867113,0.31036840685186373,16.0,0.24534414159557044
0.0,PFW_diminishing,diminishing,214.0,0.012530803680419922,7.360651688730201,0.2365493108489316,16.0,0.24535505629100668
0.0,PFW_diminishing,diminishing,215.0,0.012613773345947266,7.360304562733517,0.3078371881529147,16.0,0.24534348542445056
0.0,PFW_diminishing,diminishing,216.0,0.01269388198852539,7.360629193101139,0.23437291487121037,16.0,0.24535430643670464
0.0,PFW_diminishing,diminishing,217.0,0.012752771377563477,7.360285427230993,0.305352695726115,16.0,0.24534284757436645
0.0,PFW_diminishing,diminishing,218.0,0.012810945510864258,7.360607292996322,0.23223656106476653,16.0,0.24535357643321073
0.0,PFW_diminishing,diminishing,219.0,0.01286768913269043,7.36026682134679,0.3029136476483787,16.0,0.24534222737822634
0.0,PFW_diminishing,diminishing,220.0,0.012926816940307617,7.3605859673477445,0.23013915453897216,16.0,0.24535286557825814
0.0,PFW_diminishing,diminishing,221.0,0.012984037399291992,7.360248725966271,0.30051880846067647,16.0,0.2453416241988757
0.0,PFW_diminishing,diminishing,222.0,0.01304173469543457,7.360565196015044,0.22807963995649683,16.0,0.24535217320050148
0.0,PFW_diminishing,diminishing,223.0,0.013099908828735352,7.3602311228250965,0.2981669870820074,16.0,0.2453410374275032
0.0,PFW_diminishing,diminishing,224.0,0.013156652450561523,7.36054495973681,0.22605699976334925,16.0,0.24535149865789366
0.0,PFW_diminishing,diminishing,225.0,0.013214826583862305,7.36021399446434,0.29585703483456616,16.0,0.24534046648214466
0.0,PFW_diminishing,diminishing,226.0,0.013272762298583984,7.360525240084844,0.22407025251311552,16.0,0.24535084133616147
0.0,PFW_diminishing,diminishing,227.0,0.013326644897460938,7.3601973241883485,0.2935878435736594,16.0,0.2453399108062783
0.0,PFW_diminishing,diminishing,228.0,0.013382911682128906,7.360506019421182,0.22211845127960395,16.0,0.24535020064737273
0.0,PFW_diminishing,diminishing,229.0,0.01343989372253418,7.3601810960251575,0.2913583439154932,16.0,0.24533936986750524
0.0,PFW_diminishing,diminishing,230.0,0.013495922088623047,7.360487280857685,0.22020068215247335,16.0,0.24534957602858948
0.0,PFW_diminishing,diminishing,231.0,0.013550758361816406,7.360165294689262,0.28916750355731136,16.0,0.24533884315630872
0.0,PFW_diminishing,diminishing,232.0,0.013609886169433594,7.360469008218014,0.2183160628108496,16.0,0.24534896694060046
0.0,PFW_diminishing,diminishing,233.0,0.013667821884155273,7.3601499055465975,0.2870143256840594,16.0,0.24533833018488657
0.0,PFW_diminishing,diminishing,234.0,0.013724803924560547,7.360451186001855,0.21646374117029232,16.0,0.2453483728667285
0.0,PFW_diminishing,diminishing,235.0,0.013782024383544922,7.360134914581607,0.2848978474564765,16.0,0.24533783048605357
0.0,PFW_diminishing,diminishing,236.0,0.013838768005371094,7.360433799351206,0.21464289409864,16.0,0.24534779331170686
0.0,PFW_diminishing,diminishing,237.0,0.013895750045776367,7.360120308366206,0.28281713857589175,16.0,0.24533734361220685
0.0,PFW_diminishing,diminishing,238.0,0.013952970504760742,7.360416834018635,0.21285272619678341,16.0,0.24534722780062118
0.0,PFW_diminishing,diminishing,239.0,0.014008760452270508,7.360106074030561,0.28077129992111693,16.0,0.24533686913435204
0.0,PFW_diminishing,diminishing,240.0,0.014066934585571289,7.36040027633734,0.21109246864057418,16.0,0.24534667587791134
0.0,PFW_diminishing,diminishing,241.0,0.014124870300292969,7.360092199235547,0.2787594622532943,16.0,0.2453364066411849
0.0,PFW_diminishing,diminishing,242.0,0.014180660247802734,7.360384113192912,0.20936137808016486,16.0,0.24534613710643038
0.0,PFW_diminishing,diminishing,243.0,0.01423788070678711,7.360078672146763,0.27678078498478964,16.0,0.24533595573822542
0.0,PFW_diminishing,diminishing,244.0,0.014296770095825195,7.359531775790568,0.20765873559373205,16.0,0.24531772585968561
0.0,PFW_diminishing,diminishing,245.0,0.014352798461914062,7.359837359662058,0.19916909727473797,16.0,0.24532791198873527
0.0,PFW_diminishing,diminishing,246.0,0.014409780502319336,7.360137024004325,0.19736438719064786,16.0,0.24533790080014414
0.0,PFW_diminishing,diminishing,247.0,0.014466047286987305,7.359824543477061,0.2658405886334574,16.0,0.24532748478256872
0.0,PFW_diminishing,diminishing,248.0,0.014522790908813477,7.360121922213209,0.19571667506446477,16.0,0.24533739740710697
0.0,PFW_diminishing,diminishing,249.0,0.01457977294921875,7.35981204150435,0.26395652091813115,16.0,0.245327068050145
0.0,PFW_diminishing,diminishing,250.0,0.014636993408203125,7.3594824008450175,0.19409538953969552,16.0,0.24531608002816724
0.0,PFW_diminishing,diminishing,251.0,0.014693737030029297,7.359799791254689,0.19126013526861652,16.0,0.24532665970848963
0.0,PFW_diminishing,diminishing,252.0,0.014749765396118164,7.35947283205112,0.192841620970305,16.0,0.24531576106837066
0.0,PFW_diminishing,diminishing,253.0,0.014806985855102539,7.3597878176414016,0.18971272241491555,16.0,0.2453262605880467
0.0,PFW_diminishing,diminishing,254.0,0.014863729476928711,7.359563738179188,0.19168829635948992,16.0,0.24531879127263959
0.0,PFW_diminishing,diminishing,255.0,0.014920949935913086,7.360322411607518,0.185864219359682,17.0,0.24534408038691727
0.0,PFW_diminishing,diminishing,256.0,0.014983892440795898,7.359552930268543,0.3224330247036553,17.0,0.24531843100895143
0.0,PFW_diminishing,diminishing,257.0,0.01503896713256836,7.360305850970959,0.18421463519966963,17.0,0.24534352836569864
0.0,PFW_diminishing,diminishing,258.0,0.015096664428710938,7.3595423928530375,0.32049557705505993,17.0,0.24531807976176792
0.0,PFW_diminishing,diminishing,259.0,0.015152692794799805,7.360289646590653,0.18259058934598027,17.0,0.24534298821968842
0.0,PFW_diminishing,diminishing,260.0,0.015210866928100586,7.359532117378741,0.3185879708723771,17.0,0.24531773724595804
0.0,PFW_diminishing,diminishing,261.0,0.015270709991455078,7.360273788028411,0.1809914933319101,17.0,0.24534245960094703
0.0,PFW_diminishing,diminishing,262.0,0.015327930450439453,7.359522095621614,0.31670952201100633,17.0,0.24531740318738712
0.0,PFW_diminishing,diminishing,263.0,0.015384674072265625,7.360258265230129,0.17941677663141142,17.0,0.24534194217433763
0.0,PFW_diminishing,diminishing,264.0,0.01544189453125,7.359512319672484,0.31485956707964924,17.0,0.24531707732241612
0.0,PFW_diminishing,diminishing,265.0,0.015498876571655273,7.360243068508833,0.17786588598059883,17.0,0.2453414356169611
0.0,PFW_diminishing,diminishing,266.0,0.015555620193481445,7.3595027819227985,0.3130374626593051,17.0,0.24531675939742661
0.0,PFW_diminishing,diminishing,267.0,0.01561284065246582,7.360228188528632,0.1763382847298285,17.0,0.24534093961762107
0.0,PFW_diminishing,diminishing,268.0,0.015669822692871094,7.3594934750511385,0.31124258455732967,17.0,0.24531644916837128
0.0,PFW_diminishing,diminishing,269.0,0.015726804733276367,7.360213616289448,0.17483345222473456,17.0,0.24534045387631492
0.0,PFW_diminishing,diminishing,270.0,0.015782833099365234,7.359484392010406,0.3094743270946543,17.0,0.24531614640034685
0.0,PFW_diminishing,diminishing,271.0,0.0158388614654541,7.360199343112533,0.17335088321474856,17.0,0.2453399781037511
0.0,PFW_diminishing,diminishing,272.0,0.01589488983154297,7.359475526015695,0.30773210242443483,17.0,0.24531585086718982
0.0,PFW_diminishing,diminishing,273.0,0.015950679779052734,7.360185360626727,0.17189008728763167,17.0,0.2453395120208909
0.0,PFW_diminishing,diminishing,274.0,0.016008853912353516,7.359466870532758,0.30601533988067064,17.0,0.24531556235109195
0.0,PFW_diminishing,diminishing,275.0,0.01606583595275879,7.3597275373004,0.1704505883287748,17.0,0.24532425124334667
0.0,PFW_diminishing,diminishing,276.0,0.016129016876220703,7.359711084445468,0.23188810568953588,17.0,0.24532370281484894
0.0,PFW_diminishing,diminishing,277.0,0.01618671417236328,7.359717103591365,0.2009220215016967,17.0,0.2453239034530455
0.0,PFW_diminishing,diminishing,278.0,0.016243934631347656,7.3597008420974355,0.23031728762291692,17.0,0.24532336140324784
0.0,PFW_diminishing,diminishing,279.0,0.01630091667175293,7.35970689119474,0.19956653978299155,17.0,0.24532356303982467
0.0,PFW_diminishing,diminishing,280.0,0.016357898712158203,7.359690816793091,0.22876893613670113,17.0,0.24532302722643634
0.0,PFW_diminishing,diminishing,281.0,0.016414880752563477,7.359696893891505,0.19823039458546177,17.0,0.24532322979638352
0.0,PFW_diminishing,diminishing,282.0,0.016473770141601562,7.359681002446919,0.22724257268325054,17.0,0.24532270008156398
0.0,PFW_diminishing,diminishing,283.0,0.016530752182006836,7.359687105679611,0.19691317509770023,17.0,0.2453229035226537
0.0,PFW_diminishing,diminishing,284.0,0.01658797264099121,7.359671393185148,0.22573773220952553,17.0,0.24532237977283827
0.0,PFW_diminishing,diminishing,285.0,0.016644716262817383,7.359677520764968,0.19561448206294507,17.0,0.24532258402549892
0.0,PFW_diminishing,diminishing,286.0,0.016701936721801758,7.359661983336971,0.22425396268478437,17.0,0.24532206611123236
0.0,PFW_diminishing,diminishing,287.0,0.01675891876220703,7.359668133552852,0.19433392737567434,17.0,0.24532227111842841
0.0,PFW_diminishing,diminishing,288.0,0.016815662384033203,7.359652767426187,0.22279082464797817,17.0,0.24532175891420624
0.0,PFW_diminishing,diminishing,289.0,0.016872882843017578,7.359658938639729,0.19307113369502815,17.0,0.2453219646213243
0.0,PFW_diminishing,diminishing,290.0,0.01692986488342285,7.359643740163247,0.22134789077382955,17.0,0.24532145800544158
0.0,PFW_diminishing,diminishing,291.0,0.01698780059814453,7.359649930805472,0.19182573407418868,17.0,0.2453216643601824
0.0,PFW_diminishing,diminishing,292.0,0.017047882080078125,7.3596348964376705,0.21992474545687024,17.0,0.24532116321458902
0.0,PFW_diminishing,diminishing,293.0,0.01710367202758789,7.359641105005931,0.19059737160494006,17.0,0.24532137016686437
0.0,PFW_diminishing,diminishing,294.0,0.017160892486572266,7.359626231310824,0.21852098441235412,17.0,0.2453208743770275
0.0,PFW_diminishing,diminishing,295.0,0.01721787452697754,7.3596324563658655,0.18938569907674818,17.0,0.24532108187886217
0.0,PFW_diminishing,diminishing,296.0,0.017274856567382812,7.359361497737175,0.2174197138217675,17.0,0.2453120499245725
0.0,PFW_diminishing,diminishing,297.0,0.017331838607788086,7.359333680280082,0.16262437757022496,17.0,0.24531112267600275
0.0,PFW_diminishing,diminishing,298.0,0.017387866973876953,7.3593852036351235,0.16610307108306266,17.0,0.24531284012117077
0.0,PFW_diminishing,diminishing,299.0,0.017444849014282227,7.359100481243536,0.16526753547935247,17.0,0.24530334937478454
0.0,PFW_diminishing,diminishing,300.0,0.0175018310546875,7.359377828504149,0.15479888249352758,17.0,0.24531259428347163
0.0,PFW_diminishing,diminishing,301.0,0.017559051513671875,7.359095027785856,0.16439061260211663,17.0,0.2453031675928619
0.0,PFW_diminishing,diminishing,302.0,0.017615795135498047,7.359370592155581,0.15371471234802403,17.0,0.2453123530718527
0.0,PFW_diminishing,diminishing,303.0,0.017673969268798828,7.359089687084014,0.16352529294611262,17.0,0.2453029895694671
0.0,PFW_diminishing,diminishing,304.0,0.0177309513092041,7.3593634910577626,0.15264482014690728,17.0,0.2453121163685921
0.0,PFW_diminishing,diminishing,305.0,0.017787694931030273,7.3590844561362845,0.16267134774099112,17.0,0.2453028152045428
0.0,PFW_diminishing,diminishing,306.0,0.01784491539001465,7.35935652179162,0.15158892569585447,17.0,0.24531188405972065
0.0,PFW_diminishing,diminishing,307.0,0.017901897430419922,7.359079332039123,0.16182855419078201,17.0,0.2453026444013041
0.0,PFW_diminishing,diminishing,308.0,0.0179598331451416,7.3593496810463535,0.15054675608412627,17.0,0.24531165603487845
0.0,PFW_diminishing,diminishing,309.0,0.018018007278442383,7.359074311983352,0.16099669528011074,17.0,0.24530247706611172
0.0,PFW_diminishing,diminishing,310.0,0.018074750900268555,7.359342965615338,0.1495180454494358,17.0,0.24531143218717794
0.0,PFW_diminishing,diminishing,311.0,0.01813197135925293,7.359069393250519,0.16017555958796592,17.0,0.24530231310835063
0.0,PFW_diminishing,diminishing,312.0,0.018188953399658203,7.3593363723921925,0.14850253475183095,17.0,0.24531121241307308
0.0,PFW_diminishing,diminishing,313.0,0.018245697021484375,7.359064573209426,0.1593649411085929,17.0,0.2453021524403142
0.0,PFW_diminishing,diminishing,314.0,0.01830291748046875,7.3593298983670286,0.14749997155634453,17.0,0.2453109966122343
0.0,PFW_diminishing,diminishing,315.0,0.018359899520874023,7.359059849312807,0.15856463907921725,17.0,0.24530199497709357
0.0,PFW_diminishing,diminishing,316.0,0.018416881561279297,7.359323540622863,0.14651010982371382,17.0,0.24531078468742876
0.0,PFW_diminishing,diminishing,317.0,0.018472909927368164,7.359055219094158,0.1577744578142859,17.0,0.24530184063647192
0.0,PFW_diminishing,diminishing,318.0,0.018527984619140625,7.3593172963321765,0.1455327097091752,17.0,0.24531057654440588
0.0,PFW_diminishing,diminishing,319.0,0.018584728240966797,7.359050680164678,0.15699420654605323,17.0,0.2453016893388226
0.0,PFW_diminishing,diminishing,320.0,0.01864171028137207,7.359311162753629,0.14456753736873829,17.0,0.24531037209178763
0.0,PFW_diminishing,diminishing,321.0,0.01869797706604004,7.359046230210403,0.15622369927096713,17.0,0.24530154100701343
0.0,PFW_diminishing,diminishing,322.0,0.018755674362182617,7.359305137228917,0.1436143647726702,17.0,0.2453101712409639
0.0,PFW_diminishing,diminishing,323.0,0.018812894821166992,7.359041866989388,0.1554627546019809,17.0,0.24530139556631295
0.0,PFW_diminishing,diminishing,324.0,0.018869876861572266,7.359299217179754,0.14267296952592368,17.0,0.2453099739059918
0.0,PFW_diminishing,diminishing,325.0,0.018929719924926758,7.359037588329074,0.1547111956261178,17.0,0.24530125294430247
0.0,PFW_diminishing,diminishing,326.0,0.018986940383911133,7.359293400104985,0.1417431346951341,17.0,0.24530978000349948
0.0,PFW_diminishing,diminishing,327.0,0.019043684005737305,7.359033392123725,0.15396884976744474,17.0,0.24530111307079083
0.0,PFW_diminishing,diminishing,328.0,0.01910090446472168,7.359287683577825,0.1408246486420559,17.0,0.24530958945259415
0.0,PFW_diminishing,diminishing,329.0,0.019157886505126953,7.3591845666040605,0.15333848592893684,17.0,0.24530615222013535
0.0,PFW_diminishing,diminishing,330.0,0.019214630126953125,7.359140323394911,0.14906491864463955,17.0,0.24530467744649703
0.0,PFW_diminishing,diminishing,331.0,0.01927495002746582,7.359540034308919,0.14053277729552782,17.0,0.24531800114363064
0.0,PFW_diminishing,diminishing,332.0,0.0193326473236084,7.359330734215055,0.24413429163142908,16.0,0.24531102447383515
0.0,PFW_diminishing,diminishing,333.0,0.01940178871154785,7.35903413110543,0.22759956723388797,16.0,0.24530113770351433
0.0,PFW_diminishing,diminishing,334.0,0.019459009170532227,7.359221948337742,0.13894292567055544,16.0,0.24530739827792475
0.0,PFW_diminishing,diminishing,335.0,0.019517898559570312,7.359029327692174,0.22061202091502086,16.0,0.24530097758973915
0.0,PFW_diminishing,diminishing,336.0,0.019576072692871094,7.359216065206393,0.1381776320254584,16.0,0.24530720217354643
0.0,PFW_diminishing,diminishing,337.0,0.019633769989013672,7.359024612219941,0.21955559220058607,16.0,0.24530082040733137
0.0,PFW_diminishing,diminishing,338.0,0.01968979835510254,7.359210282165437,0.1374214177307076,16.0,0.24530700940551456
0.0,PFW_diminishing,diminishing,339.0,0.019745826721191406,7.3590199825961236,0.21851163568637677,16.0,0.24530066608653744
0.0,PFW_diminishing,diminishing,340.0,0.019800662994384766,7.359204596921945,0.1366741221725496,16.0,0.24530681989739817
0.0,PFW_diminishing,diminishing,341.0,0.019856691360473633,7.359015436789536,0.21747993180409253,16.0,0.2453005145596512
0.0,PFW_diminishing,diminishing,342.0,0.019914865493774414,7.359199007248705,0.13593558850318832,16.0,0.24530663357495683
0.0,PFW_diminishing,diminishing,343.0,0.019971847534179688,7.359010972828256,0.2164602661091486,16.0,0.24530036576094186
0.0,PFW_diminishing,diminishing,344.0,0.020029783248901367,7.35919351098194,0.1352056635310701,16.0,0.24530645036606466
0.0,PFW_diminishing,diminishing,345.0,0.020087003707885742,7.359006588797584,0.21545242913206497,16.0,0.24530021962658613
0.0,PFW_diminishing,diminishing,346.0,0.02014470100402832,7.3591881060191655,0.13448419761492758,16.0,0.24530627020063886
0.0,PFW_diminishing,diminishing,347.0,0.0202028751373291,7.3590022828380555,0.21445621623501143,16.0,0.24530007609460186
0.0,PFW_diminishing,diminishing,348.0,0.020259618759155273,7.359257051521965,0.13377104456157518,16.0,0.2453085683840655
0.0,PFW_diminishing,diminishing,349.0,0.02031683921813965,7.358998053503513,0.21560255547455132,16.0,0.24529993511678377
0.0,PFW_diminishing,diminishing,350.0,0.020372867584228516,7.3591747415943525,0.1329976184494006,16.0,0.24530582471981174
0.0,PFW_diminishing,diminishing,351.0,0.020429611206054688,7.3589938903289305,0.21192734774511468,16.0,0.2452997963442977
0.0,PFW_diminishing,diminishing,352.0,0.02048778533935547,7.359169606456167,0.1323006498628958,16.0,0.2453056535485389
0.0,PFW_diminishing,diminishing,353.0,0.02054595947265625,7.358989800049886,0.21096484141916427,16.0,0.24529966000166287
0.0,PFW_diminishing,diminishing,354.0,0.020601749420166016,7.359234054058714,0.13161157545709834,16.0,0.24530780180195713
0.0,PFW_diminishing,diminishing,355.0,0.02065873146057129,7.358985774954765,0.21169558033606606,16.0,0.2452995258318255
0.0,PFW_diminishing,diminishing,356.0,0.020715951919555664,7.359156897620921,0.13086409044496072,16.0,0.24530522992069737
0.0,PFW_diminishing,diminishing,357.0,0.020772695541381836,7.35898181807124,0.20852080054009914,16.0,0.24529939393570802
0.0,PFW_diminishing,diminishing,358.0,0.020828723907470703,7.3592203799506075,0.13019039237762442,16.0,0.24530734599835358
0.0,PFW_diminishing,diminishing,359.0,0.020886898040771484,7.358977924582244,0.20932562345367955,16.0,0.24529926415274148
0.0,PFW_diminishing,diminishing,360.0,0.020944833755493164,7.359144612156017,0.12945948866845125,16.0,0.24530482040520057
0.0,PFW_diminishing,diminishing,361.0,0.021003007888793945,7.358974095314816,0.20613098232769023,16.0,0.24529913651049387
0.0,PFW_diminishing,diminishing,362.0,0.021059751510620117,7.359207154256734,0.1288006579660994,16.0,0.24530690514189113
0.0,PFW_diminishing,diminishing,363.0,0.021114826202392578,7.358970327737711,0.2070079781451568,16.0,0.24529901092459036
0.0,PFW_diminishing,diminishing,364.0,0.02117180824279785,7.359132731571751,0.12808578990217345,16.0,0.24530442438572506
0.0,PFW_diminishing,diminishing,365.0,0.021229028701782227,7.358966620617492,0.20379360218481501,16.0,0.24529888735391642
0.0,PFW_diminishing,diminishing,366.0,0.0212857723236084,7.359024523194472,0.12744133980877503,16.0,0.24530081743981574
0.0,PFW_diminishing,diminishing,367.0,0.021344900131225586,7.358962970796476,0.1593221239819389,16.0,0.24529876569321588
0.0,PFW_diminishing,diminishing,368.0,0.021401643753051758,7.359185155767942,0.12678890802509546,16.0,0.2453061718589314
0.0,PFW_diminishing,diminishing,369.0,0.021458864212036133,7.358959374103642,0.20308914323319627,16.0,0.24529864580345473
0.0,PFW_diminishing,diminishing,370.0,0.021515846252441406,7.35911243865946,0.12609710583645484,16.0,0.24530374795531534
0.0,PFW_diminishing,diminishing,371.0,0.02157282829284668,7.358955832047299,0.1997998436539481,16.0,0.24529852773490998
0.0,PFW_diminishing,diminishing,372.0,0.021629810333251953,7.359005759903661,0.12547334259031118,16.0,0.24530019199678868
0.0,PFW_diminishing,diminishing,373.0,0.021687030792236328,7.358952338422834,0.15568193467943825,16.0,0.24529841128076113
0.0,PFW_diminishing,diminishing,374.0,0.0217437744140625,7.359099604376953,0.12484172943209249,16.0,0.24530332014589845
0.0,PFW_diminishing,diminishing,375.0,0.021803855895996094,7.3589489012170874,0.19727091947102604,16.0,0.24529829670723624
0.0,PFW_diminishing,diminishing,376.0,0.0218658447265625,7.358994709226314,0.12423120971158852,16.0,0.24529982364087713
0.0,PFW_diminishing,diminishing,377.0,0.021923065185546875,7.358945509040211,0.1535329547824551,16.0,0.2452981836346737
0.0,PFW_diminishing,diminishing,378.0,0.021979808807373047,7.359148588027543,0.12361293184401045,16.0,0.24530495293425145
0.0,PFW_diminishing,diminishing,379.0,0.022041797637939453,7.358942168521703,0.19644122596816782,16.0,0.24529807228405678
0.0,PFW_diminishing,diminishing,380.0,0.02209782600402832,7.358984415917906,0.12295715389869688,16.0,0.24529948053059686
0.0,PFW_diminishing,diminishing,381.0,0.0221560001373291,7.358938874803602,0.15144810813677534,16.0,0.2452979624934534
0.0,PFW_diminishing,diminishing,382.0,0.02221369743347168,7.359072965639659,0.12235179550451569,16.0,0.24530243218798864
0.0,PFW_diminishing,diminishing,383.0,0.022270917892456055,7.358935629152602,0.19188806273183712,16.0,0.24529785430508672
0.0,PFW_diminishing,diminishing,384.0,0.022326946258544922,7.358974065764461,0.12176651679828154,16.0,0.24529913552548205
0.0,PFW_diminishing,diminishing,385.0,0.022383689880371094,7.3589324290006095,0.14938811462545853,16.0,0.24529774763335366
0.0,PFW_diminishing,diminishing,386.0,0.0224459171295166,7.359121344301118,0.12117367513069244,16.0,0.24530404481003729
0.0,PFW_diminishing,diminishing,387.0,0.022502899169921875,7.358929275409757,0.19134052983252836,16.0,0.24529764251365857
0.0,PFW_diminishing,diminishing,388.0,0.02255988121032715,7.358964422347505,0.12054472828089935,16.0,0.24529881407825016
0.0,PFW_diminishing,diminishing,389.0,0.02261662483215332,7.3589261661431555,0.14738870831555761,16.0,0.24529753887143851
0.0,PFW_diminishing,diminishing,390.0,0.0226747989654541,7.359048021694681,0.11996402103513937,16.0,0.24530160072315604
0.0,PFW_diminishing,diminishing,391.0,0.022732973098754883,7.358923097488168,0.18672584802360692,16.0,0.24529743658293893
0.0,PFW_diminishing,diminishing,392.0,0.022789716720581055,7.3589547157653525,0.11940244979306858,16.0,0.24529849052551175
0.0,PFW_diminishing,diminishing,393.0,0.022845745086669922,7.358920074667227,0.14541228641132165,16.0,0.24529733582224092
0.0,PFW_diminishing,diminishing,394.0,0.022904634475708008,7.359037129214172,0.11883350635655798,16.0,0.24530123764047237
0.0,PFW_diminishing,diminishing,395.0,0.022961854934692383,7.358917091981208,0.18444819274631108,16.0,0.24529723639937362
0.0,PFW_diminishing,diminishing,396.0,0.023024797439575195,7.359089702458029,0.11828325727944833,16.0,0.2453029900819343
0.0,PFW_diminishing,diminishing,397.0,0.023091793060302734,7.358914152398566,0.18528476927930182,16.0,0.24529713841328554
0.0,PFW_diminishing,diminishing,398.0,0.0231478214263916,7.358939535361613,0.11768559557751956,16.0,0.24529798451205378
0.0,PFW_diminishing,diminishing,399.0,0.023204803466796875,7.3587896662048635,0.14223498657944145,16.0,0.24529298887349546
0.0,PFW_diminishing,diminishing,400.0,0.023262977600097656,7.3590548200306,0.10618281124842355,16.0,0.24530182733435335
0.0,PFW_diminishing,diminishing,401.0,0.02331995964050293,7.358787357835117,0.16335437197622493,16.0,0.24529291192783723
0.0,PFW_diminishing,diminishing,402.0,0.0233767032623291,7.359051213666554,0.10558878216884438,16.0,0.24530170712221847
0.0,PFW_diminishing,diminishing,403.0,0.023433923721313477,7.358785086776027,0.16274414482544408,16.0,0.2452928362258676
0.0,PFW_diminishing,diminishing,404.0,0.02349376678466797,7.359047657186406,0.10500064186238056,16.0,0.2453015885728802
0.0,PFW_diminishing,diminishing,405.0,0.023549795150756836,7.358782852265207,0.1621399511366537,16.0,0.24529276174217354
0.0,PFW_diminishing,diminishing,406.0,0.02360701560974121,7.359044149647052,0.10441830319761891,16.0,0.24530147165490174
0.0,PFW_diminishing,diminishing,407.0,0.023663759231567383,7.3587806535593,0.1615417018707559,16.0,0.2452926884519767
0.0,PFW_diminishing,diminishing,408.0,0.023720741271972656,7.359040690127834,0.10384168075363753,16.0,0.24530135633759448
0.0,PFW_diminishing,diminishing,409.0,0.023777008056640625,7.3587784899334165,0.16094930973203603,16.0,0.24529261633111388
0.0,PFW_diminishing,diminishing,410.0,0.02383279800415039,7.359037277729924,0.10327069077818951,16.0,0.24530124259099748
0.0,PFW_diminishing,diminishing,411.0,0.02388787269592285,7.358776360680603,0.16036268912569884,16.0,0.2452925453560201
0.0,PFW_diminishing,diminishing,412.0,0.02394270896911621,7.359033911575684,0.10270525114719486,16.0,0.24530113038585616
0.0,PFW_diminishing,diminishing,413.0,0.02399897575378418,7.35877426511131,0.15978175611663303,16.0,0.24529247550371033
0.0,PFW_diminishing,diminishing,414.0,0.024055957794189453,7.359030590808072,0.10214528132537293,16.0,0.2453010196936024
0.0,PFW_diminishing,diminishing,415.0,0.024112701416015625,7.358772202552883,0.15920642838940768,16.0,0.24529240675176275
0.0,PFW_diminishing,diminishing,416.0,0.024169921875,7.35902731459006,0.10159070232796008,16.0,0.24530091048633534
0.0,PFW_diminishing,diminishing,417.0,0.024226903915405273,7.358770172349074,0.15863662520936206,16.0,0.24529233907830247
0.0,PFW_diminishing,diminishing,418.0,0.02428269386291504,7.3590240821040735,0.10104143668363186,16.0,0.24530080273680246
0.0,PFW_diminishing,diminishing,419.0,0.024339914321899414,7.358768173859571,0.15807226738487046,16.0,0.24529227246198568
0.0,PFW_diminishing,diminishing,420.0,0.024396896362304688,7.359020892551443,0.10049740839839316,16.0,0.24530069641838143
0.0,PFW_diminishing,diminishing,421.0,0.024452686309814453,7.358766206459531,0.1575132772306116,16.0,0.2452922068819844
0.0,PFW_diminishing,diminishing,422.0,0.024509906768798828,7.359017745151888,0.09995854292053252,16.0,0.24530059150506295
0.0,PFW_diminishing,diminishing,423.0,0.0245668888092041,7.35876426953915,0.15695957853197928,16.0,0.24529214231797167
0.0,PFW_diminishing,diminishing,424.0,0.024622678756713867,7.359014639142999,0.09942476710658621,16.0,0.2453004879714333
0.0,PFW_diminishing,diminishing,425.0,0.024679899215698242,7.358762362503224,0.15641109651040175,16.0,0.24529207875010747
0.0,PFW_diminishing,diminishing,426.0,0.024736881256103516,7.359011573779747,0.09889600918822872,16.0,0.24530038579265823
0.0,PFW_diminishing,diminishing,427.0,0.02479267120361328,7.358760484770742,0.15586775778971074,16.0,0.24529201615902474
0.0,PFW_diminishing,diminishing,428.0,0.024849891662597656,7.35900854833401,0.09837219874009939,16.0,0.245300284944467
0.0,PFW_diminishing,diminishing,429.0,0.02490687370300293,7.358758635774483,0.1553294903633633,16.0,0.2452919545258161
0.0,PFW_diminishing,diminishing,430.0,0.02496480941772461,7.359005562094111,0.0978532666485794,16.0,0.24530018540313703
0.0,PFW_diminishing,diminishing,431.0,0.025020837783813477,7.358756814960622,0.15479622356272316,16.0,0.24529189383202074
0.0,PFW_diminishing,diminishing,432.0,0.02507781982421875,7.358883685791251,0.09751916854782383,16.0,0.24529612285970837
0.0,PFW_diminishing,diminishing,433.0,0.025134801864624023,7.358815123894044,0.1341668071912272,16.0,0.2452938374631348
0.0,PFW_diminishing,diminishing,434.0,0.025191783905029297,7.358974846204482,0.101258130555542,16.0,0.2452991615401494
0.0,PFW_diminishing,diminishing,435.0,0.025249958038330078,7.358864863114796,0.17412358114018556,16.0,0.24529549543715987
0.0,PFW_diminishing,diminishing,436.0,0.02530670166015625,7.3589718422757056,0.12224914045149582,16.0,0.2452990614091902
0.0,PFW_diminishing,diminishing,437.0,0.025362730026245117,7.3588623727607105,0.17345163782838835,16.0,0.24529541242535702
0.0,PFW_diminishing,diminishing,438.0,0.025419950485229492,7.358968878051927,0.1217068167185591,16.0,0.2452989626017309
0.0,PFW_diminishing,diminishing,439.0,0.025476694107055664,7.358859917284265,0.17278582099009654,16.0,0.24529533057614217
0.0,PFW_diminishing,diminishing,440.0,0.02553272247314453,7.35896595282703,0.12116943106206257,16.0,0.24529886509423435
0.0,PFW_diminishing,diminishing,441.0,0.025589942932128906,7.35885749604776,0.1721260472194066,16.0,0.24529524986825865
0.0,PFW_diminishing,diminishing,442.0,0.025645971298217773,7.3589630659106104,0.12063691634464035,16.0,0.245298768863687
0.0,PFW_diminishing,diminishing,443.0,0.025702714920043945,7.358855108427901,0.171472234617549,16.0,0.24529517028093
0.0,PFW_diminishing,diminishing,444.0,0.025758981704711914,7.358960216627557,0.1201092066404641,16.0,0.24529867388758525
0.0,PFW_diminishing,diminishing,445.0,0.025815963745117188,7.358852753815434,0.1708243027589802,16.0,0.24529509179384779
0.0,PFW_diminishing,diminishing,446.0,0.02587270736694336,7.35895740431765,0.1195862372080283,16.0,0.24529858014392167
0.0,PFW_diminishing,diminishing,447.0,0.025933027267456055,7.358850431614747,0.1701821726584143,16.0,0.24529501438715823
0.0,PFW_diminishing,diminishing,448.0,0.025989770889282227,7.3589546283351615,0.11906794446366753,16.0,0.24529848761117204
0.0,PFW_diminishing,diminishing,449.0,0.026047945022583008,7.358848141243525,0.16954576673869326,16.0,0.24529493804145083
0.0,PFW_diminishing,diminishing,450.0,0.026108741760253906,7.358951888048486,0.11855426595582408,16.0,0.24529839626828284
0.0,PFW_diminishing,diminishing,451.0,0.026167869567871094,7.358845882132382,0.16891500879963228,16.0,0.24529486273774606
0.0,PFW_diminishing,diminishing,452.0,0.026224851608276367,7.358949182839756,0.11804514033991875,16.0,0.24529830609465852
0.0,PFW_diminishing,diminishing,453.0,0.02628183364868164,7.358843653724527,0.16828982398750458,16.0,0.24529478845748423
0.0,PFW_diminishing,diminishing,454.0,0.026339054107666016,7.358946512104488,0.11754050735395793,16.0,0.2452982170701496
0.0,PFW_diminishing,diminishing,455.0,0.02639484405517578,7.358841455475427,0.16767013876550863,16.0,0.24529471518251425
0.0,PFW_diminishing,diminishing,456.0,0.026451826095581055,7.358943875251245,0.11704030779475616,16.0,0.24529812917504148
0.0,PFW_diminishing,diminishing,457.0,0.02651071548461914,7.3588392868524934,0.16705588088486678,16.0,0.24529464289508313
0.0,PFW_diminishing,diminishing,458.0,0.026564836502075195,7.358941271701287,0.1165444834947813,16.0,0.2452980423900429
0.0,PFW_diminishing,diminishing,459.0,0.026619911193847656,7.358837147334762,0.16644697935682018,16.0,0.2452945715778254
0.0,PFW_diminishing,diminishing,460.0,0.02667689323425293,7.35893870088825,0.11605297729960817,16.0,0.245297956696275
0.0,PFW_diminishing,diminishing,461.0,0.026732921600341797,7.358835036412595,0.16584336442523018,16.0,0.24529450121375315
0.0,PFW_diminishing,diminishing,462.0,0.02678966522216797,7.358936162257826,0.11556573304595386,16.0,0.24529787207526085
0.0,PFW_diminishing,diminishing,463.0,0.026849031448364258,7.358832953587386,0.1652449675399561,16.0,0.24529443178624621
0.0,PFW_diminishing,diminishing,464.0,0.026906728744506836,7.35893365526746,0.11508269554029127,16.0,0.24529778850891534
0.0,PFW_diminishing,diminishing,465.0,0.026964902877807617,7.358830898371278,0.1646517213309071,16.0,0.2452943632790426
0.0,PFW_diminishing,diminishing,466.0,0.02702164649963379,7.358931179386049,0.11460381053800006,16.0,0.24529770597953499
0.0,PFW_diminishing,diminishing,467.0,0.027078866958618164,7.358828870286885,0.16406355958274865,16.0,0.2452942956762295
0.0,PFW_diminishing,diminishing,468.0,0.027135848999023438,7.3589287340936504,0.11412902472308595,16.0,0.24529762446978834
0.0,PFW_diminishing,diminishing,469.0,0.02719283103942871,7.358826868867024,0.16348041721028306,16.0,0.24529422896223413
0.0,PFW_diminishing,diminishing,470.0,0.027248859405517578,7.358926318881198,0.11365828568835834,16.0,0.24529754396270662
0.0,PFW_diminishing,diminishing,471.0,0.02730584144592285,7.358824893654458,0.16290223023443318,16.0,0.24529416312181526
0.0,PFW_diminishing,diminishing,472.0,0.02736377716064453,7.358923933250243,0.11319154191618441,16.0,0.24529746444167477
0.0,PFW_diminishing,diminishing,473.0,0.0274198055267334,7.358822944201645,0.16232893575883178,16.0,0.24529409814005482
0.0,PFW_diminishing,diminishing,474.0,0.02747797966003418,7.358921576712673,0.11272874275966505,16.0,0.24529738589042244
0.0,PFW_diminishing,diminishing,475.0,0.02753472328186035,7.358821020070484,0.16176047194704957,16.0,0.24529403400234945
0.0,PFW_diminishing,diminishing,476.0,0.027591943740844727,7.358919248790461,0.11226983842433746,16.0,0.24529730829301538
0.0,PFW_diminishing,diminishing,477.0,0.027649879455566406,7.358819120832088,0.16119677800031607,16.0,0.24529397069440292
0.0,PFW_diminishing,diminishing,478.0,0.02770686149597168,7.358916949015421,0.11181477995030864,16.0,0.24529723163384737
0.0,PFW_diminishing,diminishing,479.0,0.027762889862060547,7.358817246066552,0.16063779413588897,16.0,0.2452939082022184
0.0,PFW_diminishing,diminishing,480.0,0.02781987190246582,7.358914676928952,0.11136351919484078,16.0,0.24529715589763174
0.0,PFW_diminishing,diminishing,481.0,0.027876853942871094,7.358815395362724,0.1600834615658755,16.0,0.2452938465120908
0.0,PFW_diminishing,diminishing,482.0,0.027933835983276367,7.358912432081821,0.11091600881538177,16.0,0.24529708106939405
0.0,PFW_diminishing,diminishing,483.0,0.02799081802368164,7.358813568317986,0.15953372247666842,16.0,0.24529378561059953
0.0,PFW_diminishing,diminishing,484.0,0.028046846389770508,7.358910214033916,0.11047220225301047,16.0,0.24529700713446387
0.0,PFW_diminishing,diminishing,485.0,0.02810382843017578,7.358811764538054,0.15898852000881192,16.0,0.24529372548460182
0.0,PFW_diminishing,diminishing,486.0,0.02815985679626465,7.3589080223540355,0.11003205371627534,16.0,0.24529693407846784
0.0,PFW_diminishing,diminishing,487.0,0.028216838836669922,7.358809983636764,0.1584477982374164,16.0,0.24529366612122547
0.0,PFW_diminishing,diminishing,488.0,0.02827286720275879,7.358754306031168,0.10959551816546398,16.0,0.24529181020103893
0.0,PFW_diminishing,diminishing,489.0,0.028329849243164062,7.358808224172902,0.10178189042553143,16.0,0.24529360747243006
0.0,PFW_diminishing,diminishing,490.0,0.028387069702148438,7.358719982141349,0.10940026075716247,16.0,0.2452906660713783
0.0,PFW_diminishing,diminishing,491.0,0.028442859649658203,7.358707671696591,0.0921914776649766,16.0,0.2452902557232197
0.0,PFW_diminishing,diminishing,492.0,0.028499841690063477,7.358536120877723,0.10812572849101798,16.0,0.24528453736259076
0.0,PFW_diminishing,diminishing,493.0,0.028555870056152344,7.358617458348576,0.08548731757067607,16.0,0.24528724861161919
0.0,PFW_diminishing,diminishing,494.0,0.028613805770874023,7.358554879065634,0.10425551917282938,16.0,0.24528516263552114
0.0,PFW_diminishing,diminishing,495.0,0.02866983413696289,7.358853750610586,0.11267760876256361,16.0,0.24529512502035286
0.0,PFW_diminishing,diminishing,496.0,0.028726816177368164,7.358462357993531,0.17780268885935602,16.0,0.24528207859978438
0.0,PFW_diminishing,diminishing,497.0,0.028784751892089844,7.358851081033415,0.08308702144137925,16.0,0.24529503603444716
0.0,PFW_diminishing,diminishing,498.0,0.0288388729095459,7.35846126151264,0.17733404839222278,16.0,0.24528204205042134
0.0,PFW_diminishing,diminishing,499.0,0.028896808624267578,7.358848440229756,0.08260931310173625,16.0,0.24529494800765853
0.0,PFW_diminishing,diminishing,500.0,0.02895379066467285,7.358460181181217,0.176869160785583,16.0,0.2452820060393739
0.0,PFW_diminishing,diminishing,501.0,0.029048681259155273,7.3588458277679365,0.08213542224677539,16.0,0.24529486092559788
0.0,PFW_diminishing,diminishing,502.0,0.029111862182617188,7.358545921256478,0.1764079811407413,16.0,0.2452848640418826
0.0,PFW_diminishing,diminishing,503.0,0.0291750431060791,7.358843242552066,0.10983866022761735,16.0,0.24529477475173553
0.0,PFW_diminishing,diminishing,504.0,0.02925276756286621,7.358457379594699,0.17591902058727893,16.0,0.24528191265315663
0.0,PFW_diminishing,diminishing,505.0,0.02931976318359375,7.358840684155458,0.08099213241212055,16.0,0.2452946894718486
0.0,PFW_diminishing,diminishing,506.0,0.02938079833984375,7.358542134805799,0.1754651222969663,16.0,0.24528473782685997
0.0,PFW_diminishing,diminishing,507.0,0.02944183349609375,7.35883815288241,0.10856777663993444,16.0,0.24529460509608034
0.0,PFW_diminishing,diminishing,508.0,0.02950286865234375,7.358454658785236,0.1749838509510715,16.0,0.24528182195950787
0.0,PFW_diminishing,diminishing,509.0,0.02956080436706543,7.358506919735005,0.07986683262880145,16.0,0.24528356399116683
0.0,PFW_diminishing,diminishing,510.0,0.029620885848999023,7.358607113853352,0.08888244838094472,16.0,0.24528690379511173
0.0,PFW_diminishing,diminishing,511.0,0.029678821563720703,7.3585056594504366,0.1154691447684133,16.0,0.2452835219816812
0.0,PFW_diminishing,diminishing,512.0,0.029736757278442383,7.3586054693611755,0.08850800365546352,16.0,0.24528684897870584
0.0,PFW_diminishing,diminishing,513.0,0.02979564666748047,7.358504414564874,0.11509251818879296,16.0,0.2452834804854958
0.0,PFW_diminishing,diminishing,514.0,0.029855966567993164,7.358603843181009,0.08813647564925464,16.0,0.2452867947727003
0.0,PFW_diminishing,diminishing,515.0,0.029915809631347656,7.358503184834871,0.11471881951328466,16.0,0.2452834394944957
0.0,PFW_diminishing,diminishing,516.0,0.029976844787597656,7.358602235036672,0.08776783041559622,16.0,0.24528674116788907
0.0,PFW_diminishing,diminishing,517.0,0.03003382682800293,7.358501970021727,0.11434801473221068,16.0,0.24528339900072424
0.0,PFW_diminishing,diminishing,518.0,0.03009200096130371,7.358600644657207,0.08740203453250928,16.0,0.2452866881552402
0.0,PFW_diminishing,diminishing,519.0,0.030148744583129883,7.358500769891378,0.11398007036058022,16.0,0.24528335899637926
0.0,PFW_diminishing,diminishing,520.0,0.030206918716430664,7.358599071776771,0.08703905509268495,16.0,0.24528663572589238
0.0,PFW_diminishing,diminishing,521.0,0.030264616012573242,7.358499584214285,0.11361495342801664,16.0,0.2452833194738095
0.0,PFW_diminishing,diminishing,522.0,0.030321836471557617,7.358597516134516,0.0866788596935697,16.0,0.24528658387115054
0.0,PFW_diminishing,diminishing,523.0,0.03037881851196289,7.3584984127653295,0.11325263146891018,16.0,0.24528328042551098
0.0,PFW_diminishing,diminishing,524.0,0.03043675422668457,7.358595977474475,0.08632141642776325,16.0,0.2452865325824825
0.0,PFW_diminishing,diminishing,525.0,0.030493736267089844,7.358497255323724,0.11289307251277592,16.0,0.24528324184412412
0.0,PFW_diminishing,diminishing,526.0,0.030551910400390625,7.358594455545452,0.08596669387357636,16.0,0.24528648185151508
0.0,PFW_diminishing,diminishing,527.0,0.030609846115112305,7.358496111672895,0.11253624507487903,16.0,0.24528320372242982
0.0,PFW_diminishing,diminishing,528.0,0.030668020248413086,7.358592950100918,0.0856146610858346,16.0,0.24528643167003059
0.0,PFW_diminishing,diminishing,529.0,0.030724763870239258,7.358494981600402,0.11218211814702794,16.0,0.24528316605334674
0.0,PFW_diminishing,diminishing,530.0,0.03078293800354004,7.358591460898904,0.08526528758687402,16.0,0.24528638202996345
0.0,PFW_diminishing,diminishing,531.0,0.030839920043945312,7.358493864897835,0.1118306611885771,16.0,0.24528312882992784
0.0,PFW_diminishing,diminishing,532.0,0.030897855758666992,7.358589987701901,0.08491854335774374,16.0,0.2452863329233967
0.0,PFW_diminishing,diminishing,533.0,0.030956029891967773,7.358492761360728,0.11148184411769435,16.0,0.24528309204535761
0.0,PFW_diminishing,diminishing,534.0,0.03101372718811035,7.358588530276763,0.08457439882961637,16.0,0.24528628434255878
0.0,PFW_diminishing,diminishing,535.0,0.031075716018676758,7.358491670788469,0.1111356373027288,16.0,0.24528305569294898
0.0,PFW_diminishing,diminishing,536.0,0.03113389015197754,7.358587088394608,0.08423282487536898,16.0,0.24528623627982027
0.0,PFW_diminishing,diminishing,537.0,0.031190872192382812,7.358490592984211,0.1107920115538441,16.0,0.24528301976614036
0.0,PFW_diminishing,diminishing,538.0,0.031248807907104492,7.358585661830726,0.08389379280138431,16.0,0.24528618872769087
0.0,PFW_diminishing,diminishing,539.0,0.03130698204040527,7.358489527754792,0.11045093811481177,16.0,0.24528298425849307
0.0,PFW_diminishing,diminishing,540.0,0.031363725662231445,7.358584250364487,0.08355727433950211,16.0,0.24528614167881624
0.0,PFW_diminishing,diminishing,541.0,0.03142189979553223,7.358488474910653,0.1101123886550095,16.0,0.24528294916368845
0.0,PFW_diminishing,diminishing,542.0,0.0314788818359375,7.358582853779249,0.08322324163917294,16.0,0.24528609512597496
0.0,PFW_diminishing,diminishing,543.0,0.03153681755065918,7.3584874342657525,0.10977633526152442,16.0,0.24528291447552508
0.0,PFW_diminishing,diminishing,544.0,0.03159499168395996,7.358581471862279,0.08289166725975683,16.0,0.24528604906207596
0.0,PFW_diminishing,diminishing,545.0,0.03165173530578613,7.358486405637496,0.10944275043153517,16.0,0.24528288018791652
0.0,PFW_diminishing,diminishing,546.0,0.031709909439086914,7.358580104404668,0.08256252416303234,16.0,0.24528600348015558
0.0,PFW_diminishing,diminishing,547.0,0.03176689147949219,7.3584853888466535,0.10911160706478551,16.0,0.24528284629488845
0.0,PFW_diminishing,diminishing,548.0,0.03182387351989746,7.358578751201231,0.08223578570582823,16.0,0.24528595837337436
0.0,PFW_diminishing,diminishing,549.0,0.031883955001831055,7.358484383717292,0.10878287845623902,16.0,0.24528281279057643
0.0,PFW_diminishing,diminishing,550.0,0.03194069862365723,7.358577412050451,0.0819114256328568,16.0,0.24528591373501504
0.0,PFW_diminishing,diminishing,551.0,0.031996726989746094,7.358483390076701,0.10845653828891955,16.0,0.24528277966922338
0.0,PFW_diminishing,diminishing,552.0,0.03205394744873047,7.35857608675439,0.08158941806965103,16.0,0.24528586955847967
0.0,PFW_diminishing,diminishing,553.0,0.03211069107055664,7.358482407755316,0.10813256062687682,16.0,0.2452827469251772
0.0,PFW_diminishing,diminishing,554.0,0.03216886520385742,7.358574775118608,0.0812697375157061,16.0,0.24528582583728695
0.0,PFW_diminishing,diminishing,555.0,0.03222775459289551,7.358481436586664,0.10781091990831371,16.0,0.2452827145528888
0.0,PFW_diminishing,diminishing,556.0,0.03228592872619629,7.358573476952099,0.08095235883774787,16.0,0.24528578256506997
0.0,PFW_diminishing,diminishing,557.0,0.03234386444091797,7.358480476407282,0.1074915909388725,16.0,0.24528268254690938
0.0,PFW_diminishing,diminishing,558.0,0.03240084648132324,7.358572192067205,0.08063725726313464,16.0,0.24528573973557352
0.0,PFW_diminishing,diminishing,559.0,0.03245902061462402,7.358479527056658,0.10717454888504818,16.0,0.24528265090188858
0.0,PFW_diminishing,diminishing,560.0,0.0325167179107666,7.35857092027956,0.0803244083734258,16.0,0.24528569734265201
0.0,PFW_diminishing,diminishing,561.0,0.03257393836975098,7.358478588377175,0.10685976926774998,16.0,0.2452826196125725
0.0,PFW_diminishing,diminishing,562.0,0.032631874084472656,7.3585696614080085,0.08001378809805004,16.0,0.24528565538026695
0.0,PFW_diminishing,diminishing,563.0,0.03268885612487793,7.358477660214036,0.10654722795601401,16.0,0.2452825886738012
0.0,PFW_diminishing,diminishing,564.0,0.0327458381652832,7.358568415274549,0.07970537270816447,16.0,0.24528561384248496
0.0,PFW_diminishing,diminishing,565.0,0.03280377388000488,7.358476742415215,0.10623690116083129,16.0,0.24528255808050717
0.0,PFW_diminishing,diminishing,566.0,0.032861948013305664,7.358567181704259,0.07939913881059546,16.0,0.2452855727234753
0.0,PFW_diminishing,diminishing,567.0,0.032919883728027344,7.35847583483139,0.10592876542908236,16.0,0.245282527827713
0.0,PFW_diminishing,diminishing,568.0,0.03297686576843262,7.358565960525231,0.07909506334191807,16.0,0.24528553201750772
0.0,PFW_diminishing,diminishing,569.0,0.0330348014831543,7.358474937315887,0.10562279763769311,16.0,0.24528249791052958
0.0,PFW_diminishing,diminishing,570.0,0.03308892250061035,7.358564751568524,0.07879312356267576,16.0,0.2452854917189508
0.0,PFW_diminishing,diminishing,571.0,0.03314471244812012,7.358474049724634,0.10531897498779053,16.0,0.24528246832415448
0.0,PFW_diminishing,diminishing,572.0,0.033200740814208984,7.358419557418591,0.07852974065138962,16.0,0.24528065191395304
0.0,PFW_diminishing,diminishing,573.0,0.03325796127319336,7.3587018004138045,0.07297101788048721,16.0,0.24529006001379347
0.0,PFW_diminishing,diminishing,574.0,0.03331398963928223,7.358465256815804,0.15162837895560166,16.0,0.24528217522719348
0.0,PFW_diminishing,diminishing,575.0,0.03337287902832031,7.358700055755607,0.09143680190849146,16.0,0.24529000185852023
0.0,PFW_diminishing,diminishing,576.0,0.033431053161621094,7.358464335257927,0.15125439612095093,16.0,0.24528214450859756
0.0,PFW_diminishing,diminishing,577.0,0.03348875045776367,7.358698327726407,0.09103671093440369,16.0,0.2452899442575469
0.0,PFW_diminishing,diminishing,578.0,0.03354597091674805,7.358463424605046,0.1508830038708675,16.0,0.2452821141535015
0.0,PFW_diminishing,diminishing,579.0,0.03360295295715332,7.358696616107459,0.09063938593546972,16.0,0.24528988720358197
0.0,PFW_diminishing,diminishing,580.0,0.033660888671875,7.358462524698079,0.15051417538109213,16.0,0.24528208415660263
0.0,PFW_diminishing,diminishing,581.0,0.03371882438659668,7.35869492068367,0.09024479832752608,16.0,0.24528983068945565
0.0,PFW_diminishing,diminishing,582.0,0.03377580642700195,7.358461635380757,0.15014788419641256,16.0,0.2452820545126919
0.0,PFW_diminishing,diminishing,583.0,0.033833980560302734,7.3586932412435075,0.08985291991891486,16.0,0.24528977470811691
0.0,PFW_diminishing,diminishing,584.0,0.03389096260070801,7.3584607564995705,0.1497841042243504,16.0,0.24528202521665235
0.0,PFW_diminishing,diminishing,585.0,0.03394770622253418,7.358691577578948,0.08946372290377802,16.0,0.2452897192526316
0.0,PFW_diminishing,diminishing,586.0,0.03400588035583496,7.358459887903706,0.1494228097289838,16.0,0.24528199626345687
0.0,PFW_diminishing,diminishing,587.0,0.03406262397766113,7.3586899294853865,0.08907717985544128,16.0,0.24528966431617955
0.0,PFW_diminishing,diminishing,588.0,0.03411984443664551,7.358459029444996,0.1490639753248395,16.0,0.2452819676481665
0.0,PFW_diminishing,diminishing,589.0,0.03417801856994629,7.358688296761584,0.08869326372003261,16.0,0.2452896098920528
0.0,PFW_diminishing,diminishing,590.0,0.03423476219177246,7.358458180977858,0.1487075759709553,16.0,0.2452819393659286
0.0,PFW_diminishing,diminishing,591.0,0.034291744232177734,7.358686679209599,0.08831194781013263,16.0,0.24528955597365332
0.0,PFW_diminishing,diminishing,592.0,0.03435063362121582,7.358457342359245,0.14835358696509804,16.0,0.24528191141197483
0.0,PFW_diminishing,diminishing,593.0,0.03441190719604492,7.358685076634712,0.08793320579857333,16.0,0.24528950255449042
0.0,PFW_diminishing,diminishing,594.0,0.03446388244628906,7.358456513448599,0.14800198393800468,16.0,0.24528188378161994
0.0,PFW_diminishing,diminishing,595.0,0.034520626068115234,7.358683488845375,0.0875570117124278,16.0,0.24528944962817917
0.0,PFW_diminishing,diminishing,596.0,0.0345768928527832,7.35845569410778,0.14765274284782404,16.0,0.24528185647025935
0.0,PFW_diminishing,diminishing,597.0,0.03463387489318848,7.358681915653139,0.08718333992703187,16.0,0.24528939718843795
0.0,PFW_diminishing,diminishing,598.0,0.034691810607910156,7.358454884201044,0.14730583997461544,16.0,0.24528182947336813
0.0,PFW_diminishing,diminishing,599.0,0.034752845764160156,7.3586803568726005,0.08681216516018075,16.0,0.24528934522908669
0.0,PFW_diminishing,diminishing,600.0,0.03480982780456543,7.358454083594972,0.14696125191497433,16.0,0.24528180278649905
0.0,PFW_diminishing,diminishing,601.0,0.03486776351928711,7.358678812321337,0.08644346246645185,16.0,0.24528929374404457
0.0,PFW_diminishing,diminishing,602.0,0.03492593765258789,7.358453292158437,0.14661895557681248,16.0,0.24528177640528123
0.0,PFW_diminishing,diminishing,603.0,0.034982919692993164,7.358677281819857,0.08607720723156387,16.0,0.24528924272732858
0.0,PFW_diminishing,diminishing,604.0,0.035040855407714844,7.358452509762545,0.14627892817415145,16.0,0.24528175032541816
0.0,PFW_diminishing,diminishing,605.0,0.03509879112243652,7.358675765191532,0.08571337516693589,16.0,0.24528919217305106
0.0,PFW_diminishing,diminishing,606.0,0.0351557731628418,7.3584517362806015,0.14594114722206974,16.0,0.2452817245426867
0.0,PFW_diminishing,diminishing,607.0,0.03521370887756348,7.35867426226255,0.08535194230432275,16.0,0.24528914207541833
0.0,PFW_diminishing,diminishing,608.0,0.03527188301086426,7.358450971588062,0.14560559053179656,16.0,0.2452816990529354
0.0,PFW_diminishing,diminishing,609.0,0.03532886505126953,7.358672772861856,0.08499288499052415,16.0,0.2452890924287285
0.0,PFW_diminishing,diminishing,610.0,0.03538680076599121,7.358450215562491,0.1452722362057921,16.0,0.24528167385208302
0.0,PFW_diminishing,diminishing,611.0,0.03544497489929199,7.358671296821105,0.08463617988223326,16.0,0.24528904322737016
0.0,PFW_diminishing,diminishing,612.0,0.03550267219543457,7.358449468083516,0.14494106263302253,16.0,0.2452816489361172
0.0,PFW_diminishing,diminishing,613.0,0.03556084632873535,7.3586698339746075,0.0842818039410238,16.0,0.24528899446582025
0.0,PFW_diminishing,diminishing,614.0,0.035617828369140625,7.358448729032791,0.1446120484842588,16.0,0.24528162430109302
0.0,PFW_diminishing,diminishing,615.0,0.035675764083862305,7.358668384159274,0.08392973442831142,16.0,0.24528894613864247
0.0,PFW_diminishing,diminishing,616.0,0.03573298454284668,7.3584479982939515,0.14428517270754693,16.0,0.24528159994313173
0.0,PFW_diminishing,diminishing,617.0,0.03578972816467285,7.358666947214576,0.08357994890055043,16.0,0.24528889824048586
0.0,PFW_diminishing,diminishing,618.0,0.03584790229797363,7.358447275752579,0.1439604145236686,16.0,0.2452815758584193
0.0,PFW_diminishing,diminishing,619.0,0.035907745361328125,7.358665522982486,0.08323242520442431,16.0,0.24528885076608287
0.0,PFW_diminishing,diminishing,620.0,0.03596782684326172,7.358446561296162,0.14363775342175522,16.0,0.2452815520432054
0.0,PFW_diminishing,diminishing,621.0,0.03602290153503418,7.358664111307438,0.08288714147222542,16.0,0.24528880371024794
0.0,PFW_diminishing,diminishing,622.0,0.036090850830078125,7.358445854814061,0.14331716915498127,16.0,0.24528152849380203
0.0,PFW_diminishing,diminishing,623.0,0.036151885986328125,7.35866271203628,0.0825440761171814,16.0,0.245288757067876
0.0,PFW_diminishing,diminishing,624.0,0.036209821701049805,7.358445156197463,0.14299864173630983,16.0,0.2452815052065821
0.0,PFW_diminishing,diminishing,625.0,0.036264896392822266,7.358661325018232,0.08220320782904711,16.0,0.24528871083394105
0.0,PFW_diminishing,diminishing,626.0,0.03632307052612305,7.358444465339355,0.14268215143435192,16.0,0.2452814821779785
0.0,PFW_diminishing,diminishing,627.0,0.03637886047363281,7.358659950104828,0.08186451556965757,16.0,0.24528866500349428
0.0,PFW_diminishing,diminishing,628.0,0.03643798828125,7.358443782134484,0.14236767876930934,16.0,0.2452814594044828
0.0,PFW_diminishing,diminishing,629.0,0.036496877670288086,7.358658587149891,0.0815279785685501,16.0,0.245288619571663
0.0,PFW_diminishing,diminishing,630.0,0.036554813385009766,7.358443106479329,0.14205520450891562,16.0,0.24528143688264428
0.0,PFW_diminishing,diminishing,631.0,0.036612749099731445,7.358657236009481,0.08119357631879254,16.0,0.24528857453364938
0.0,PFW_diminishing,diminishing,632.0,0.03667283058166504,7.358442438272056,0.14174470966460628,16.0,0.24528141460906855
0.0,PFW_diminishing,diminishing,633.0,0.0367279052734375,7.358655896541853,0.08086128857279906,16.0,0.24528852988472843
0.0,PFW_diminishing,diminishing,634.0,0.03678584098815918,7.3584417774125,0.14143617548758058,16.0,0.24528139258041665
0.0,PFW_diminishing,diminishing,635.0,0.03684401512145996,7.358654568607418,0.08053109533820901,16.0,0.24528848562024724
0.0,PFW_diminishing,diminishing,636.0,0.03690075874328613,7.358441123802117,0.1411295834651165,16.0,0.2452813707934039
0.0,PFW_diminishing,diminishing,637.0,0.036957740783691406,7.358653252068706,0.08020297687389899,16.0,0.24528844173562353
0.0,PFW_diminishing,diminishing,638.0,0.03701591491699219,7.358440477343966,0.14082491531677999,16.0,0.24528134924479886
0.0,PFW_diminishing,diminishing,639.0,0.03707385063171387,7.358469816210609,0.08009136649452309,16.0,0.24528232720702028
0.0,PFW_diminishing,diminishing,640.0,0.037129878997802734,7.358468045579326,0.08372935014710414,16.0,0.24528226818597754
0.0,PFW_diminishing,diminishing,641.0,0.03718686103820801,7.358446204965065,0.0898591684029384,16.0,0.24528154016550216
0.0,PFW_diminishing,diminishing,642.0,0.037245750427246094,7.3584673107825305,0.07921640707604194,16.0,0.245282243692751
0.0,PFW_diminishing,diminishing,643.0,0.037303924560546875,7.358445540061014,0.08962645969972982,16.0,0.24528151800203382
0.0,PFW_diminishing,diminishing,644.0,0.037361860275268555,7.358466582691882,0.07899563042770019,16.0,0.24528221942306275
0.0,PFW_diminishing,diminishing,645.0,0.03741884231567383,7.358444881410978,0.08939519511999006,16.0,0.24528149604703262
0.0,PFW_diminishing,diminishing,646.0,0.03747677803039551,7.358465861225416,0.07877622194111389,16.0,0.24528219537418053
0.0,PFW_diminishing,diminishing,647.0,0.03753495216369629,7.358444228937419,0.08916536126270547,16.0,0.24528147429791397
0.0,PFW_diminishing,diminishing,648.0,0.03759193420410156,7.3584651463024136,0.07855816893786471,16.0,0.24528217154341378
0.0,PFW_diminishing,diminishing,649.0,0.03764986991882324,7.35844358256398,0.08893694489215864,16.0,0.24528145275213264
0.0,PFW_diminishing,diminishing,650.0,0.037706851959228516,7.35846443784339,0.07834145889571253,16.0,0.24528214792811298
0.0,PFW_diminishing,diminishing,651.0,0.037764787673950195,7.3584429422154916,0.08870993293537488,16.0,0.24528143140718306
0.0,PFW_diminishing,diminishing,652.0,0.03782176971435547,7.358463735770066,0.07812607944616534,16.0,0.24528212452566886
0.0,PFW_diminishing,diminishing,653.0,0.037880659103393555,7.35844230781793,0.08848431247966726,16.0,0.2452814102605977
0.0,PFW_diminishing,diminishing,654.0,0.03793978691101074,7.358463040005351,0.07791201837216999,16.0,0.2452821013335117
0.0,PFW_diminishing,diminishing,655.0,0.03799796104431152,7.358441679298397,0.0882600707701533,16.0,0.24528138930994656
0.0,PFW_diminishing,diminishing,656.0,0.038054704666137695,7.358462350473308,0.07769926360577095,16.0,0.24528207834911028
0.0,PFW_diminishing,diminishing,657.0,0.03811287879943848,7.358441056585112,0.08803719520733466,16.0,0.24528136855283705
0.0,PFW_diminishing,diminishing,658.0,0.038170814514160156,7.358461667099157,0.07748780322585436,16.0,0.2452820555699719
0.0,PFW_diminishing,diminishing,659.0,0.03822779655456543,7.358440439607368,0.08781567334480744,16.0,0.24528134798691228
0.0,PFW_diminishing,diminishing,660.0,0.038286685943603516,7.358460989809226,0.0772776254559071,16.0,0.24528203299364085
0.0,PFW_diminishing,diminishing,661.0,0.0383448600769043,7.358439828295545,0.08759549288687207,16.0,0.2452813276098515
0.0,PFW_diminishing,diminishing,662.0,0.03840470314025879,7.358460318530952,0.07706871866185061,16.0,0.2452820106176984
0.0,PFW_diminishing,diminishing,663.0,0.03846287727355957,7.358453967381764,0.08737664168629689,16.0,0.24528179891272547
0.0,PFW_diminishing,diminishing,664.0,0.0385279655456543,7.358427450016156,0.08029250581029057,16.0,0.24528091500053853
0.0,PFW_diminishing,diminishing,665.0,0.03858685493469238,7.358619789467192,0.07787020293519387,16.0,0.24528732631557307
0.0,PFW_diminishing,diminishing,666.0,0.03864479064941406,7.3583734678922985,0.13514087701772137,16.0,0.24527911559640994
0.0,PFW_diminishing,diminishing,667.0,0.03870272636413574,7.358417250021405,0.0550039116441452,16.0,0.24528057500071349
0.0,PFW_diminishing,diminishing,668.0,0.03876185417175293,7.358428165976646,0.06972100361905209,16.0,0.2452809388658882
0.0,PFW_diminishing,diminishing,669.0,0.038820743560791016,7.358445358467521,0.0909712451126925,16.0,0.24528151194891737
0.0,PFW_diminishing,diminishing,670.0,0.03887796401977539,7.358447813464071,0.08542022853163811,16.0,0.2452815937821357
0.0,PFW_diminishing,diminishing,671.0,0.038934946060180664,7.358498214589095,0.10218035791494895,16.0,0.2452832738196365
0.0,PFW_diminishing,diminishing,672.0,0.03899884223937988,7.358447051052865,0.11204664507949236,16.0,0.24528156836842882
0.0,PFW_diminishing,diminishing,673.0,0.03905463218688965,7.358497305318114,0.10188602563083737,16.0,0.2452832435106038
0.0,PFW_diminishing,diminishing,674.0,0.039113759994506836,7.35844629561554,0.11177417204410389,16.0,0.24528154318718468
0.0,PFW_diminishing,diminishing,675.0,0.039171695709228516,7.358496403866864,0.10159343859962178,16.0,0.2452832134622288
0.0,PFW_diminishing,diminishing,676.0,0.03922891616821289,7.358445547068683,0.11150331260568436,16.0,0.24528151823562278
0.0,PFW_diminishing,diminishing,677.0,0.039285898208618164,7.358495510144721,0.1013025813445072,16.0,0.24528318367149068
0.0,PFW_diminishing,diminishing,678.0,0.039343833923339844,7.358444805330117,0.11123405247299267,16.0,0.2452814935110039
0.0,PFW_diminishing,diminishing,679.0,0.03940176963806152,7.358494624062369,0.10101343857118295,16.0,0.2452831541354123
0.0,PFW_diminishing,diminishing,680.0,0.03946185111999512,7.358444070318882,0.11096637752306382,16.0,0.2452814690106294
0.0,PFW_diminishing,diminishing,681.0,0.03951692581176758,7.3584937455317885,0.10072599516507097,16.0,0.2452831248510596
0.0,PFW_diminishing,diminishing,682.0,0.03957486152648926,7.358443341955205,0.11070027379874148,16.0,0.24528144473184016
0.0,PFW_diminishing,diminishing,683.0,0.03963279724121094,7.358492874466231,0.10044023618877684,16.0,0.24528309581554103
0.0,PFW_diminishing,diminishing,684.0,0.03969097137451172,7.358442620160485,0.11043572750623287,16.0,0.24528142067201616
0.0,PFW_diminishing,diminishing,685.0,0.03974771499633789,7.358492010780194,0.10015614687942964,16.0,0.24528306702600647
0.0,PFW_diminishing,diminishing,686.0,0.03980374336242676,7.3584419048572745,0.11017272501272224,16.0,0.2452813968285758
0.0,PFW_diminishing,diminishing,687.0,0.03986191749572754,7.358491154389408,0.09987371264618705,16.0,0.24528303847964691
0.0,PFW_diminishing,diminishing,688.0,0.039920806884765625,7.358441195969259,0.10991125284406333,16.0,0.24528137319897528
0.0,PFW_diminishing,diminishing,689.0,0.0399777889251709,7.358490305210807,0.09959291906770584,16.0,0.24528301017369356
0.0,PFW_diminishing,diminishing,690.0,0.04003572463989258,7.358440493421227,0.1096512976824382,16.0,0.24528134978070756
0.0,PFW_diminishing,diminishing,691.0,0.04009389877319336,7.358489463162508,0.09931375188971359,16.0,0.24528298210541694
0.0,PFW_diminishing,diminishing,692.0,0.04015088081359863,7.358439797139067,0.10939284636412072,16.0,0.24528132657130225
0.0,PFW_diminishing,diminishing,693.0,0.04020881652832031,7.358488628163797,0.09903619702256439,16.0,0.24528295427212657
0.0,PFW_diminishing,diminishing,694.0,0.040266990661621094,7.358439107049731,0.10913588587724021,16.0,0.24528130356832437
0.0,PFW_diminishing,diminishing,695.0,0.04032468795776367,7.358487800135104,0.09876024053893939,16.0,0.24528292667117013
0.0,PFW_diminishing,diminishing,696.0,0.04038190841674805,7.358438423081238,0.10888040335961335,16.0,0.2452812807693746
0.0,PFW_diminishing,diminishing,697.0,0.04043889045715332,7.358486978997986,0.0984858686713812,16.0,0.24528289929993286
0.0,PFW_diminishing,diminishing,698.0,0.040497779846191406,7.3584377451626315,0.1086263860965877,16.0,0.2452812581720877
0.0,PFW_diminishing,diminishing,699.0,0.04055595397949219,7.358486164675102,0.09821306781016581,16.0,0.24528287215583675
0.0,PFW_diminishing,diminishing,700.0,0.04061388969421387,7.358437073223978,0.10837382151892871,16.0,0.2452812357741326
0.0,PFW_diminishing,diminishing,701.0,0.04067397117614746,7.358485357090209,0.09794182450095423,16.0,0.2452828452363403
0.0,PFW_diminishing,diminishing,702.0,0.04072880744934082,7.358436407196348,0.10812269720076184,16.0,0.2452812135732116
0.0,PFW_diminishing,diminishing,703.0,0.04078793525695801,7.358484556168121,0.09767212544258452,16.0,0.24528281853893738
0.0,PFW_diminishing,diminishing,704.0,0.04084491729736328,7.3584357470117885,0.10787300085751284,16.0,0.2452811915670596
0.0,PFW_diminishing,diminishing,705.0,0.04090285301208496,7.358483761834714,0.0974039574849348,16.0,0.24528279206115713
0.0,PFW_diminishing,diminishing,706.0,0.040959835052490234,7.358435092603321,0.10762472034393689,16.0,0.24528116975344402
0.0,PFW_diminishing,diminishing,707.0,0.041017770767211914,7.358482974016895,0.09713730762675166,16.0,0.24528276580056316
0.0,PFW_diminishing,diminishing,708.0,0.04107475280761719,7.358434443904913,0.10737784365209269,16.0,0.24528114813016375
0.0,PFW_diminishing,diminishing,709.0,0.04113197326660156,7.358482192642581,0.09687216301357182,16.0,0.2452827397547527
0.0,PFW_diminishing,diminishing,710.0,0.04118967056274414,7.358433800851465,0.10713235890949235,16.0,0.24528112669504884
0.0,PFW_diminishing,diminishing,711.0,0.041246891021728516,7.358481417640701,0.09660851093566158,16.0,0.2452827139213567
0.0,PFW_diminishing,diminishing,712.0,0.041304826736450195,7.358433163378805,0.10688825437710658,16.0,0.24528110544596018
0.0,PFW_diminishing,diminishing,713.0,0.04136180877685547,7.358480648941156,0.09634633882595178,16.0,0.24528268829803854
0.0,PFW_diminishing,diminishing,714.0,0.04141879081726074,7.358432531423657,0.10664551844757497,16.0,0.24528108438078855
0.0,PFW_diminishing,diminishing,715.0,0.04147672653198242,7.35847988647482,0.09608563425807759,16.0,0.24528266288249398
0.0,PFW_diminishing,diminishing,716.0,0.0415339469909668,7.358431904923633,0.10640413964328221,16.0,0.24528106349745443
0.0,PFW_diminishing,diminishing,717.0,0.04159188270568848,7.3584791301735155,0.09582638494438811,16.0,0.2452826376724505
0.0,PFW_diminishing,diminishing,718.0,0.04164886474609375,7.358431283817222,0.10616410661463238,16.0,0.2452810427939074
0.0,PFW_diminishing,diminishing,719.0,0.04170584678649902,7.358478379970002,0.09556857873402347,16.0,0.24528261266566673
0.0,PFW_diminishing,diminishing,720.0,0.0417637825012207,7.358430668043765,0.10592540813822016,16.0,0.2452810222681255
0.0,PFW_diminishing,diminishing,721.0,0.04182076454162598,7.358477635797954,0.09531220361105408,16.0,0.24528258785993182
0.0,PFW_diminishing,diminishing,722.0,0.04187798500061035,7.358430057543459,0.10568803311508379,16.0,0.2452810019181153
0.0,PFW_diminishing,diminishing,723.0,0.04193568229675293,7.358476897591957,0.09505724769254975,16.0,0.24528256325306522
0.0,PFW_diminishing,diminishing,724.0,0.041992902755737305,7.358429452257322,0.10545197056900779,16.0,0.24528098174191074
0.0,PFW_diminishing,diminishing,725.0,0.042051076889038086,7.358476165287482,0.09480369922677223,16.0,0.24528253884291606
0.0,PFW_diminishing,diminishing,726.0,0.04210782051086426,7.358428852127188,0.10521720964480075,16.0,0.24528096173757294
0.0,PFW_diminishing,diminishing,727.0,0.04216599464416504,7.358475438820875,0.09455154659139886,16.0,0.2452825146273625
0.0,PFW_diminishing,diminishing,728.0,0.04222273826599121,7.358428257095702,0.10498373960668417,16.0,0.24528094190319008
0.0,PFW_diminishing,diminishing,729.0,0.042279720306396484,7.3584747181293455,0.09430077829169647,16.0,0.2452824906043115
0.0,PFW_diminishing,diminishing,730.0,0.042337894439697266,7.358427667106293,0.10475154983657387,16.0,0.24528092223687642
0.0,PFW_diminishing,diminishing,731.0,0.04239487648010254,7.358474003150946,0.09405138295880189,16.0,0.2452824667716982
0.0,PFW_diminishing,diminishing,732.0,0.04245400428771973,7.358427082103168,0.10452062983255406,16.0,0.24528090273677225
0.0,PFW_diminishing,diminishing,733.0,0.042508840560913086,7.358473293824569,0.09380334934801215,16.0,0.24528244312748565
0.0,PFW_diminishing,diminishing,734.0,0.042566776275634766,7.3584265020313,0.1042909692072298,16.0,0.24528088340104331
0.0,PFW_diminishing,diminishing,735.0,0.04262590408325195,7.358420823827874,0.09355666633708459,16.0,0.24528069412759582
0.0,PFW_diminishing,diminishing,736.0,0.04268383979797363,7.358399385913129,0.07692753396374297,16.0,0.24527997953043765
0.0,PFW_diminishing,diminishing,737.0,0.042742013931274414,7.358420259955584,0.07929681365137675,16.0,0.2452806753318528
0.0,PFW_diminishing,diminishing,738.0,0.042798757553100586,7.358398881424772,0.07674274289858207,16.0,0.24527996271415906
0.0,PFW_diminishing,diminishing,739.0,0.04285693168640137,7.358419700562868,0.07908477618056153,16.0,0.24528065668542892
0.0,PFW_diminishing,diminishing,740.0,0.04291486740112305,7.358398381084233,0.0765589515576055,16.0,0.2452799460361411
0.0,PFW_diminishing,diminishing,741.0,0.04297184944152832,7.358419145602002,0.07887388385766947,16.0,0.2452806381867334
0.0,PFW_diminishing,diminishing,742.0,0.0430300235748291,7.358397884846591,0.07637615184998037,16.0,0.24527992949488636
0.0,PFW_diminishing,diminishing,743.0,0.04308676719665527,7.358418595025906,0.07866412743086926,16.0,0.24528061983419688
0.0,PFW_diminishing,diminishing,744.0,0.043144941329956055,7.358397392667527,0.0761943357719268,16.0,0.24527991308891756
0.0,PFW_diminishing,diminishing,745.0,0.043202877044677734,7.358418048788115,0.0784554977477212,16.0,0.2452806016262705
0.0,PFW_diminishing,diminishing,746.0,0.043260812759399414,7.358396904503321,0.07601349540558822,16.0,0.24527989681677737
0.0,PFW_diminishing,diminishing,747.0,0.043318986892700195,7.3584175068427875,0.07824798575385827,16.0,0.24528058356142626
0.0,PFW_diminishing,diminishing,748.0,0.04337573051452637,7.358396420310832,0.07583362291782514,16.0,0.24527988067702775
0.0,PFW_diminishing,diminishing,749.0,0.043434858322143555,7.358416969144686,0.07804158249165472,16.0,0.2452805656381562
0.0,PFW_diminishing,diminishing,750.0,0.043492794036865234,7.358395940047503,0.0756547105591654,16.0,0.24527986466825008
0.0,PFW_diminishing,diminishing,751.0,0.04354977607727051,7.358416435649166,0.07783627909894353,16.0,0.2452805478549722
0.0,PFW_diminishing,diminishing,752.0,0.04360795021057129,7.358395463671335,0.07547675066261927,16.0,0.2452798487890445
0.0,PFW_diminishing,diminishing,753.0,0.04366588592529297,7.358415906312177,0.07763206680778456,16.0,0.2452805302104059
0.0,PFW_diminishing,diminishing,754.0,0.04372286796569824,7.35839499114089,0.0752997356426075,16.0,0.24527983303802967
0.0,PFW_diminishing,diminishing,755.0,0.04378080368041992,7.358415381090243,0.07742893694313935,16.0,0.2452805127030081
0.0,PFW_diminishing,diminishing,756.0,0.043837785720825195,7.3583945224152805,0.07512365799390874,16.0,0.2452798174138427
0.0,PFW_diminishing,diminishing,757.0,0.04389595985412598,7.358414859940448,0.0772268809217298,16.0,0.24528049533134827
0.0,PFW_diminishing,diminishing,758.0,0.04395270347595215,7.358394057454156,0.07494851029056537,16.0,0.2452798019151385
0.0,PFW_diminishing,diminishing,759.0,0.044013023376464844,7.358414342820453,0.07702589025076989,16.0,0.2452804780940151
0.0,PFW_diminishing,diminishing,760.0,0.04407191276550293,7.358393596217697,0.07477428518483542,16.0,0.2452797865405899
0.0,PFW_diminishing,diminishing,761.0,0.04413104057312012,7.358413829688457,0.07682595652680035,16.0,0.24528046098961523
0.0,PFW_diminishing,diminishing,762.0,0.04418778419494629,7.35839313866661,0.07460097540622446,16.0,0.245279771288887
0.0,PFW_diminishing,diminishing,763.0,0.04424595832824707,7.358413320503204,0.07662707143449854,16.0,0.24528044401677346
0.0,PFW_diminishing,diminishing,764.0,0.04430103302001953,7.358392684762115,0.0744285737603736,16.0,0.24527975615873715
0.0,PFW_diminishing,diminishing,765.0,0.0443577766418457,7.358412815223972,0.0764292267455513,16.0,0.2452804271741324
0.0,PFW_diminishing,diminishing,766.0,0.044420719146728516,7.35839223446594,0.07425707312817753,16.0,0.24527974114886467
0.0,PFW_diminishing,diminishing,767.0,0.0444798469543457,7.358412313810569,0.07623241431750305,16.0,0.2452804104603523
0.0,PFW_diminishing,diminishing,768.0,0.044534921646118164,7.358391787740309,0.07408646646470096,16.0,0.24527972625801028
0.0,PFW_diminishing,diminishing,769.0,0.044592857360839844,7.358411816223318,0.07603662609265172,16.0,0.24528039387411057
0.0,PFW_diminishing,diminishing,770.0,0.04464983940124512,7.358411953635345,0.07391674679829752,16.0,0.2452803984545115
0.0,PFW_diminishing,diminishing,771.0,0.0447077751159668,7.358457453302717,0.08783688759921748,16.0,0.24528191511009056
0.0,PFW_diminishing,diminishing,772.0,0.04476475715637207,7.358411459710037,0.09924973834625472,16.0,0.24528038199033458
0.0,PFW_diminishing,diminishing,773.0,0.04482293128967285,7.358456843383423,0.0876139080951539,16.0,0.24528189477944742
0.0,PFW_diminishing,diminishing,774.0,0.04487967491149902,7.358410969748106,0.09904324341926873,16.0,0.2452803656582702
0.0,PFW_diminishing,diminishing,775.0,0.04493880271911621,7.358456238013682,0.0873920800664667,16.0,0.24528187460045606
0.0,PFW_diminishing,diminishing,776.0,0.04499673843383789,7.35841048370809,0.0988378136676964,16.0,0.24528034945693633
0.0,PFW_diminishing,diminishing,777.0,0.045053958892822266,7.358455637147636,0.08717139461677803,16.0,0.24528185457158788
0.0,PFW_diminishing,diminishing,778.0,0.04510998725891113,7.358410001549076,0.09863344087096326,16.0,0.24528033338496918
0.0,PFW_diminishing,diminishing,779.0,0.045166015625,7.3584550407400116,0.08695184294111336,16.0,0.24528183469133372
0.0,PFW_diminishing,diminishing,780.0,0.04522371292114258,7.358409523230672,0.09843011689286829,16.0,0.2452803174410224
0.0,PFW_diminishing,diminishing,781.0,0.04528093338012695,7.358408567195008,0.08673341632476994,16.0,0.24528028557316695
0.0,PFW_diminishing,diminishing,782.0,0.045340776443481445,7.358387612511669,0.07268519988098632,16.0,0.2452795870837223
0.0,PFW_diminishing,diminishing,783.0,0.045395851135253906,7.3584080942982695,0.07414612937901754,16.0,0.2452802698099423
0.0,PFW_diminishing,diminishing,784.0,0.045453786849975586,7.358387194068669,0.07252149789827023,16.0,0.2452795731356223
0.0,PFW_diminishing,diminishing,785.0,0.045511722564697266,7.358407624933157,0.07395825655796173,16.0,0.24528025416443858
0.0,PFW_diminishing,diminishing,786.0,0.04556989669799805,7.358386778872277,0.07235862967590734,16.0,0.24527955929574258
0.0,PFW_diminishing,diminishing,787.0,0.04563093185424805,7.35840715906427,0.07377133904792732,16.0,0.24528023863547566
0.0,PFW_diminishing,diminishing,788.0,0.04569077491760254,7.358386366889346,0.07219658886042257,16.0,0.2452795455629782
0.0,PFW_diminishing,diminishing,789.0,0.045744895935058594,7.358406696656648,0.07358536958097961,16.0,0.24528022322188828
0.0,PFW_diminishing,diminishing,790.0,0.04580283164978027,7.358385958087143,0.07203536916271513,16.0,0.2452795319362381
0.0,PFW_diminishing,diminishing,791.0,0.04585981369018555,7.358406237675774,0.07340034096269132,16.0,0.24528020792252578
0.0,PFW_diminishing,diminishing,792.0,0.045918941497802734,7.358385552433354,0.07187496435727159,16.0,0.24527951841444515
0.0,PFW_diminishing,diminishing,793.0,0.04597783088684082,7.358405782087552,0.07321624607128818,16.0,0.24528019273625173
0.0,PFW_diminishing,diminishing,794.0,0.0460357666015625,7.358385149896067,0.07171536828133895,16.0,0.24527950499653559
0.0,PFW_diminishing,diminishing,795.0,0.046092987060546875,7.358405329858324,0.07303307785667013,16.0,0.24528017766194413
0.0,PFW_diminishing,diminishing,796.0,0.046150922775268555,7.358404082681987,0.07155657483417333,16.0,0.24528013608939955
0.0,PFW_diminishing,diminishing,797.0,0.04620790481567383,7.358448570242147,0.08447148074365707,16.0,0.24528161900807158
0.0,PFW_diminishing,diminishing,798.0,0.04626584053039551,7.3584036377589115,0.09627329343102975,16.0,0.24528012125863038
0.0,PFW_diminishing,diminishing,799.0,0.04632282257080078,7.35844801548723,0.08426280295908839,16.0,0.245281600516241
0.0,PFW_diminishing,diminishing,800.0,0.04638099670410156,7.358403196297065,0.09608002683352268,16.0,0.24528010654323548
0.0,PFW_diminishing,diminishing,801.0,0.046437740325927734,7.358403868031861,0.08405516779887456,16.0,0.24528012893439535
0.0,PFW_diminishing,diminishing,802.0,0.04649496078491211,7.358383035173693,0.07099471982636185,16.0,0.24527943450578976
0.0,PFW_diminishing,diminishing,803.0,0.04655265808105469,7.358403428400701,0.07205360158232033,16.0,0.24528011428002336
0.0,PFW_diminishing,diminishing,804.0,0.04660987854003906,7.358382648262376,0.0708390760804063,16.0,0.24527942160874586
0.0,PFW_diminishing,diminishing,805.0,0.04666781425476074,7.358402991968876,0.07187496446377306,16.0,0.24528009973229586
0.0,PFW_diminishing,diminishing,806.0,0.046727895736694336,7.3583822642818175,0.07068420536744124,16.0,0.24527940880939392
0.0,PFW_diminishing,diminishing,807.0,0.04678487777709961,7.358402558705121,0.07169721317256883,16.0,0.2452800852901707
0.0,PFW_diminishing,diminishing,808.0,0.04684281349182129,7.358381883202817,0.07053010194267095,16.0,0.24527939610676058
0.0,PFW_diminishing,diminishing,809.0,0.04689979553222656,7.35840212857855,0.07152034113606298,16.0,0.24528007095261833
0.0,PFW_diminishing,diminishing,810.0,0.046957969665527344,7.358400103818642,0.07037676011807648,16.0,0.2452800034606214
0.0,PFW_diminishing,diminishing,811.0,0.047014713287353516,7.358444005355227,0.08273438818536416,16.0,0.24528146684517424
0.0,PFW_diminishing,diminishing,812.0,0.0470728874206543,7.358399682613803,0.09471257642027808,16.0,0.24527998942046011
0.0,PFW_diminishing,diminishing,813.0,0.04712986946105957,7.358401217832012,0.082532848189107,16.0,0.2452800405944004
0.0,PFW_diminishing,diminishing,814.0,0.047186851501464844,7.35838041056957,0.07002631900367984,16.0,0.24527934701898566
0.0,PFW_diminishing,diminishing,815.0,0.047245025634765625,7.358400796584469,0.07083135438159083,16.0,0.24528002655281564
0.0,PFW_diminishing,diminishing,816.0,0.0473017692565918,7.3583800411620235,0.06987522770692145,16.0,0.24527933470540078
0.0,PFW_diminishing,diminishing,817.0,0.04735898971557617,7.358400378356,0.07065793562305522,16.0,0.2452800126118667
0.0,PFW_diminishing,diminishing,818.0,0.047415971755981445,7.3583979873346275,0.06972487581566433,16.0,0.24527993291115424
0.0,PFW_diminishing,diminishing,819.0,0.04747271537780762,7.3584414682650285,0.08179488336248308,16.0,0.24528138227550095
0.0,PFW_diminishing,diminishing,820.0,0.0475308895111084,7.358397578836794,0.093833210233921,16.0,0.24527991929455978
0.0,PFW_diminishing,diminishing,821.0,0.04758763313293457,7.35839949299294,0.08159725864873124,16.0,0.24527998309976468
0.0,PFW_diminishing,diminishing,822.0,0.047644853591918945,7.358378613090471,0.06938124235006882,16.0,0.2452792871030157
0.0,PFW_diminishing,diminishing,823.0,0.04770183563232422,7.3583990833111805,0.06998233480371852,16.0,0.24527996944370603
0.0,PFW_diminishing,diminishing,824.0,0.04775881767272949,7.3583782548949355,0.06923307572397253,16.0,0.24527927516316453
0.0,PFW_diminishing,diminishing,825.0,0.04781389236450195,7.358398676535946,0.06981226916870753,16.0,0.24527995588453153
0.0,PFW_diminishing,diminishing,826.0,0.04787302017211914,7.358377899350486,0.06908562716275934,16.0,0.24527926331168284
0.0,PFW_diminishing,diminishing,827.0,0.04792976379394531,7.358398272639525,0.06964302645353015,16.0,0.2452799424213175
0.0,PFW_diminishing,diminishing,828.0,0.047986745834350586,7.358395321281591,0.06893889145912357,16.0,0.2452798440427197
0.0,PFW_diminishing,diminishing,829.0,0.04804491996765137,7.358438365846492,0.08060599309112071,16.0,0.24528127886154974
0.0,PFW_diminishing,diminishing,830.0,0.04810166358947754,7.358394928067676,0.09275051141503443,16.0,0.2452798309355892
0.0,PFW_diminishing,diminishing,831.0,0.04815983772277832,7.358397417325409,0.08041310428107007,16.0,0.24527991391084697
0.0,PFW_diminishing,diminishing,832.0,0.048216819763183594,7.358376523786527,0.0686034914764555,16.0,0.2452792174595509
0.0,PFW_diminishing,diminishing,833.0,0.04827380180358887,7.358397021580879,0.06898361498176353,16.0,0.24527990071936265
0.0,PFW_diminishing,diminishing,834.0,0.04833078384399414,7.358376178912379,0.06845886295771209,16.0,0.24527920596374597
0.0,PFW_diminishing,diminishing,835.0,0.048387765884399414,7.358396628609139,0.06881760557285865,16.0,0.24527988762030464
0.0,PFW_diminishing,diminishing,836.0,0.04844474792480469,7.358393343708062,0.06831492696663233,16.0,0.24527977812360208
0.0,PFW_diminishing,diminishing,837.0,0.04850292205810547,7.358435984470071,0.07970667197744774,16.0,0.2452811994823357
0.0,PFW_diminishing,diminishing,838.0,0.04855966567993164,7.358392962117827,0.09190872309103781,16.0,0.24527976540392754
0.0,PFW_diminishing,diminishing,839.0,0.04861593246459961,7.3583957966067945,0.0795174502433662,16.0,0.24527985988689316
0.0,PFW_diminishing,diminishing,840.0,0.04867386817932129,7.35837484412634,0.06798590310447583,16.0,0.245279161470878
0.0,PFW_diminishing,diminishing,841.0,0.04873085021972656,7.358395411488435,0.06817073141501151,16.0,0.2452798470496145
0.0,PFW_diminishing,diminishing,842.0,0.048787832260131836,7.358374509511102,0.06784401449301924,16.0,0.24527915031703673
0.0,PFW_diminishing,diminishing,843.0,0.048845767974853516,7.358395029041712,0.06800786353398092,16.0,0.2452798343013904
0.0,PFW_diminishing,diminishing,844.0,0.04890584945678711,7.358391423630174,0.06770279884505914,16.0,0.2452797141210058
0.0,PFW_diminishing,diminishing,845.0,0.048963069915771484,7.358433668054494,0.07882438646944223,16.0,0.24528112226848314
0.0,PFW_diminishing,diminishing,846.0,0.0490260124206543,7.358391053219723,0.09108286690337764,16.0,0.24527970177399078
0.0,PFW_diminishing,diminishing,847.0,0.049083709716796875,7.358394219496203,0.07863872822321127,16.0,0.24527980731654012
0.0,PFW_diminishing,diminishing,848.0,0.04914093017578125,7.358373213943621,0.06737997099752224,16.0,0.24527910713145404
0.0,PFW_diminishing,diminishing,849.0,0.04919862747192383,7.3583938446180275,0.06737317250475261,16.0,0.24527979482060092
0.0,PFW_diminishing,diminishing,850.0,0.04925680160522461,7.358372889195344,0.06724074516581968,16.0,0.24527909630651148
0.0,PFW_diminishing,diminishing,851.0,0.049314022064208984,7.358393472314951,0.06721335781413273,16.0,0.24527978241049836
0.0,PFW_diminishing,diminishing,852.0,0.04937171936035156,7.3583725667816156,0.067102173463498,16.0,0.24527908555938718
0.0,PFW_diminishing,diminishing,853.0,0.04942893981933594,7.35839310256319,0.0670542928600506,16.0,0.2452797700854397
0.0,PFW_diminishing,diminishing,854.0,0.049486637115478516,7.3583890021790195,0.06696425129141304,16.0,0.2452796334059673
0.0,PFW_diminishing,diminishing,855.0,0.04954385757446289,7.3584308326931,0.07770714783706012,16.0,0.24528102775643665
0.0,PFW_diminishing,diminishing,856.0,0.049600839614868164,7.3583886452337905,0.09006536591024261,16.0,0.245279621507793
0.0,PFW_diminishing,diminishing,857.0,0.049658775329589844,7.358392319638473,0.07752580431724532,16.0,0.2452797439879491
0.0,PFW_diminishing,diminishing,858.0,0.04971575736999512,7.358371317485982,0.06664892478094053,16.0,0.24527904391619942
0.0,PFW_diminishing,diminishing,859.0,0.0497739315032959,7.358391957116289,0.06643435140538312,16.0,0.24527973190387628
0.0,PFW_diminishing,diminishing,860.0,0.049832820892333984,7.358371004476301,0.06651292346357174,16.0,0.24527903348254337
0.0,PFW_diminishing,diminishing,861.0,0.04989004135131836,7.358391597054309,0.06627823381888831,16.0,0.2452797199018103
0.0,PFW_diminishing,diminishing,862.0,0.04994678497314453,7.358387204541615,0.06637755370766563,16.0,0.24527957348472051
0.0,PFW_diminishing,diminishing,863.0,0.05000591278076172,7.35842865412046,0.07686146807000949,16.0,0.24528095513734866
0.0,PFW_diminishing,diminishing,864.0,0.05006098747253418,7.3583868578502205,0.08927374449330916,16.0,0.2452795619283407
0.0,PFW_diminishing,diminishing,865.0,0.05011773109436035,7.3583908348083,0.07668346882244759,16.0,0.24527969449361
0.0,PFW_diminishing,diminishing,866.0,0.05017590522766113,7.358369791164381,0.06606804208309836,16.0,0.2452789930388127
0.0,PFW_diminishing,diminishing,867.0,0.050232648849487305,7.3583904817191845,0.06566972599658527,16.0,0.24527968272397283
0.0,PFW_diminishing,diminishing,868.0,0.05028986930847168,7.3584007966917335,0.06593454029109846,16.0,0.2452800265563911
0.0,PFW_diminishing,diminishing,869.0,0.05034804344177246,7.358390130831619,0.08717755765122526,16.0,0.24527967102772064
0.0,PFW_diminishing,diminishing,870.0,0.05040478706359863,7.358368988382604,0.06579508347279361,16.0,0.2452789662794201
0.0,PFW_diminishing,diminishing,871.0,0.050467729568481445,7.358389782241906,0.06527114331616435,16.0,0.24527965940806354
0.0,PFW_diminishing,diminishing,872.0,0.05052590370178223,7.358399784512512,0.06566280549911863,16.0,0.24527999281708374
0.0,PFW_diminishing,diminishing,873.0,0.0505828857421875,7.358389435896592,0.08671258454906461,16.0,0.2452796478632197
0.0,PFW_diminishing,diminishing,874.0,0.05064082145690918,7.35836819731274,0.0655246242055938,16.0,0.24527893991042465
0.0,PFW_diminishing,diminishing,875.0,0.05069780349731445,7.358389091727558,0.06487620734641197,16.0,0.2452796363909186
0.0,PFW_diminishing,diminishing,876.0,0.05075502395629883,7.358398786544663,0.06539355329891805,16.0,0.2452799595514888
0.0,PFW_diminishing,diminishing,877.0,0.050813913345336914,7.358388749844411,0.08625185567260552,16.0,0.2452796249948137
0.0,PFW_diminishing,diminishing,878.0,0.050871849060058594,7.358367417735684,0.06525663011027838,16.0,0.24527891392452278
0.0,PFW_diminishing,diminishing,879.0,0.05092978477478027,7.35838841001908,0.06448486826884903,16.0,0.24527961366730267
0.0,PFW_diminishing,diminishing,880.0,0.05098700523376465,7.3583829007096275,0.06512674982357947,16.0,0.24527943002365424
0.0,PFW_diminishing,diminishing,881.0,0.05104374885559082,7.358423965142061,0.0748235280593521,16.0,0.2452807988380687
0.0,PFW_diminishing,diminishing,882.0,0.0511019229888916,7.358382576231015,0.08755214491779117,16.0,0.2452794192077005
0.0,PFW_diminishing,diminishing,883.0,0.051158905029296875,7.358387690470876,0.0746527243306998,16.0,0.24527958968236252
0.0,PFW_diminishing,diminishing,884.0,0.05121564865112305,7.3583662810512465,0.06482974536259078,16.0,0.24527887603504156
0.0,PFW_diminishing,diminishing,885.0,0.05127286911010742,7.358387357086074,0.06390095835788223,16.0,0.2452795785695358
0.0,PFW_diminishing,diminishing,886.0,0.051329851150512695,7.358396126325934,0.06470162094781529,16.0,0.24527987087753111
0.0,PFW_diminishing,diminishing,887.0,0.051387786865234375,7.358387025817937,0.08500884572158807,16.0,0.24527956752726457
0.0,PFW_diminishing,diminishing,888.0,0.05144476890563965,7.35836552888273,0.0645677684609618,16.0,0.24527885096275764
0.0,PFW_diminishing,diminishing,889.0,0.05150198936462402,7.358386696591103,0.06351839863773279,16.0,0.24527955655303676
0.0,PFW_diminishing,diminishing,890.0,0.051558732986450195,7.358395176749394,0.06444079483420762,16.0,0.24527983922497978
0.0,PFW_diminishing,diminishing,891.0,0.05161690711975098,7.35838636952034,0.08456252423467792,16.0,0.245279545650678
0.0,PFW_diminishing,diminishing,892.0,0.051674842834472656,7.35836478748247,0.06430814192666645,16.0,0.2452788262494157
0.0,PFW_diminishing,diminishing,893.0,0.05173182487487793,7.358386044380232,0.06313926843344309,16.0,0.24527953481267442
0.0,PFW_diminishing,diminishing,894.0,0.051790714263916016,7.358379815684646,0.06418230365311928,16.0,0.24527932718948822
0.0,PFW_diminishing,diminishing,895.0,0.05184483528137207,7.358420510606248,0.07332714605095969,16.0,0.24528068368687492
0.0,PFW_diminishing,diminishing,896.0,0.05190277099609375,7.358379507156215,0.08626233283637941,16.0,0.24527931690520716
0.0,PFW_diminishing,diminishing,897.0,0.051959991455078125,7.358385356003659,0.07316164127104852,16.0,0.24527951186678862
0.0,PFW_diminishing,diminishing,898.0,0.0520167350769043,7.35836370625017,0.06389451063094942,16.0,0.245278790208339
0.0,PFW_diminishing,diminishing,899.0,0.05207490921020508,7.358385036925056,0.0625734738212671,16.0,0.2452795012308352
0.0,PFW_diminishing,diminishing,900.0,0.05213165283203125,7.3583926441595375,0.0637703471696307,16.0,0.2452797548053179
0.0,PFW_diminishing,diminishing,901.0,0.052188873291015625,7.358384719844736,0.08335808258373145,16.0,0.24527949066149118
0.0,PFW_diminishing,diminishing,902.0,0.052247047424316406,7.358362990542548,0.06364062321828712,16.0,0.24527876635141826
0.0,PFW_diminishing,diminishing,903.0,0.05230379104614258,7.358384404680866,0.06220271758067497,16.0,0.24527948015602885
0.0,PFW_diminishing,diminishing,904.0,0.052362918853759766,7.358391739961754,0.06351755771098588,16.0,0.2452797246653918
0.0,PFW_diminishing,diminishing,905.0,0.052420854568481445,7.358384091552729,0.08292550310899749,16.0,0.2452794697184243
0.0,PFW_diminishing,diminishing,906.0,0.052478790283203125,7.358362284934263,0.06338897838785762,16.0,0.24527874283114212
0.0,PFW_diminishing,diminishing,907.0,0.0525360107421875,7.35838378023758,0.06183523370538424,16.0,0.24527945934125267
0.0,PFW_diminishing,diminishing,908.0,0.05259370803833008,7.358376878566335,0.06326699633525479,16.0,0.2452792292855445
0.0,PFW_diminishing,diminishing,909.0,0.05265402793884277,7.358417207041828,0.07187687636649631,16.0,0.24528057356806093
0.0,PFW_diminishing,diminishing,910.0,0.052719831466674805,7.358376584992877,0.08501223158769733,16.0,0.24527921949976256
0.0,PFW_diminishing,diminishing,911.0,0.05277585983276367,7.358383121206716,0.07171642771901521,16.0,0.2452794373735572
0.0,PFW_diminishing,diminishing,912.0,0.052835702896118164,7.35836125570612,0.06298799277303058,16.0,0.24527870852353734
0.0,PFW_diminishing,diminishing,913.0,0.05289292335510254,7.358382815601879,0.06128672426987691,16.0,0.2452794271867293
0.0,PFW_diminishing,diminishing,914.0,0.05295085906982422,7.3583893271261,0.06286760938665115,16.0,0.24527964423753668
0.0,PFW_diminishing,diminishing,915.0,0.05300784111022949,7.358382511885478,0.08175786215506431,16.0,0.24527941706284925
0.0,PFW_diminishing,diminishing,916.0,0.05306577682495117,7.358360574205383,0.0627418258657606,16.0,0.24527868580684611
0.0,PFW_diminishing,diminishing,917.0,0.05312299728393555,7.358382209969902,0.060927233544586734,16.0,0.24527940699899672
0.0,PFW_diminishing,diminishing,918.0,0.05317878723144531,7.358388465523448,0.06262249078473214,16.0,0.24527961551744826
0.0,PFW_diminishing,diminishing,919.0,0.05323386192321777,7.358381909978362,0.08133839966520462,16.0,0.24527939699927873
0.0,PFW_diminishing,diminishing,920.0,0.05329298973083496,7.358359902185668,0.062497800246647195,16.0,0.24527866340618892
0.0,PFW_diminishing,diminishing,921.0,0.05335092544555664,7.358381611690803,0.06057086749071949,16.0,0.24527938705636013
0.0,PFW_diminishing,diminishing,922.0,0.05340695381164551,7.358374080263697,0.06237949983736257,16.0,0.24527913600878992
0.0,PFW_diminishing,diminishing,923.0,0.05346393585205078,7.3584140455929266,0.07047061987773251,16.0,0.24528046818643087
0.0,PFW_diminishing,diminishing,924.0,0.05352187156677246,7.358373800725486,0.08380003505534361,16.0,0.24527912669084953
0.0,PFW_diminishing,diminishing,925.0,0.053578853607177734,7.3583809803130675,0.07031499915839756,16.0,0.2452793660104356
0.0,PFW_diminishing,diminishing,926.0,0.05363583564758301,7.358358921774725,0.062108889142654,16.0,0.24527863072582418
0.0,PFW_diminishing,diminishing,927.0,0.05369377136230469,7.358345034196871,0.06003886306535566,16.0,0.24527816780656236
0.0,PFW_diminishing,diminishing,928.0,0.05375099182128906,7.358336922106833,0.04760114420502237,16.0,0.2452778974035611
0.0,PFW_diminishing,diminishing,929.0,0.053807735443115234,7.358344803619643,0.04741184967922951,16.0,0.24527816012065476
0.0,PFW_diminishing,diminishing,930.0,0.05386495590209961,7.358336709413114,0.04750127118703773,16.0,0.24527789031377045
0.0,PFW_diminishing,diminishing,931.0,0.05392193794250488,7.35834457450449,0.04730451076761,16.0,0.245278152483483
0.0,PFW_diminishing,diminishing,932.0,0.053978681564331055,7.358336498101838,0.04740182706760976,16.0,0.24527788327006128
0.0,PFW_diminishing,diminishing,933.0,0.05403590202331543,7.358344346839,0.04719763224925266,16.0,0.24527814489463334
0.0,PFW_diminishing,diminishing,934.0,0.05409383773803711,7.358336288161127,0.04730280908986728,16.0,0.2452778762720376
0.0,PFW_diminishing,diminishing,935.0,0.05415177345275879,7.358344120610898,0.04709121116848003,16.0,0.2452781373536966
0.0,PFW_diminishing,diminishing,936.0,0.05420994758605957,7.358336079579235,0.047204214520489174,16.0,0.24527786931930784
0.0,PFW_diminishing,diminishing,937.0,0.05426669120788574,7.358343895808028,0.04698524459482556,16.0,0.24527812986026762
0.0,PFW_diminishing,diminishing,938.0,0.05432391166687012,7.358335872344537,0.04710604064949386,16.0,0.24527786241148458
0.0,PFW_diminishing,diminishing,939.0,0.05438089370727539,7.358343672418372,0.04687972962282938,16.0,0.24527812241394573
0.0,PFW_diminishing,diminishing,940.0,0.054437875747680664,7.358335666445536,0.04700828478998886,16.0,0.24527785554818454
0.0,PFW_diminishing,diminishing,941.0,0.054495811462402344,7.358343450430037,0.04677466337172387,16.0,0.24527811501433455
0.0,PFW_diminishing,diminishing,942.0,0.05455279350280762,7.3583354618708565,0.04691094427789455,16.0,0.24527784872902855
0.0,PFW_diminishing,diminishing,943.0,0.05462503433227539,7.3583432298312506,0.046670042985210713,16.0,0.2452781076610417
0.0,PFW_diminishing,diminishing,944.0,0.0546879768371582,7.358335258609238,0.04681401647173011,16.0,0.24527784195364127
0.0,PFW_diminishing,diminishing,945.0,0.05474567413330078,7.358343010610371,0.046565865631143843,16.0,0.24527810035367903
0.0,PFW_diminishing,diminishing,946.0,0.054802894592285156,7.358335056649546,0.04671749875235687,16.0,0.24527783522165153
0.0,PFW_diminishing,diminishing,947.0,0.05485987663269043,7.358342792755872,0.0464621285013731,16.0,0.2452780930918624
0.0,PFW_diminishing,diminishing,948.0,0.05491781234741211,7.358334855980761,0.04662138852276776,16.0,0.24527782853269203
0.0,PFW_diminishing,diminishing,949.0,0.05497479438781738,7.358342576256354,0.0463588288113721,16.0,0.2452780858752118
0.0,PFW_diminishing,diminishing,950.0,0.05503201484680176,7.358334656591977,0.04652568320783068,16.0,0.24527782188639924
0.0,PFW_diminishing,diminishing,951.0,0.05508875846862793,7.358342361100528,0.046255963800094335,16.0,0.24527807870335092
0.0,PFW_diminishing,diminishing,952.0,0.055145978927612305,7.358334458472407,0.04643038025407087,16.0,0.24527781528241357
0.0,PFW_diminishing,diminishing,953.0,0.05520296096801758,7.358342147277232,0.04615353072963657,16.0,0.24527807157590772
0.0,PFW_diminishing,diminishing,954.0,0.055258750915527344,7.358334261611373,0.04633547712941333,16.0,0.2452778087203791
0.0,PFW_diminishing,diminishing,955.0,0.05532383918762207,7.358341934775414,0.046051526885078076,16.0,0.2452780644925138
0.0,PFW_diminishing,diminishing,956.0,0.05538201332092285,7.358334065998311,0.0462409713230203,16.0,0.2452778021999437
0.0,PFW_diminishing,diminishing,957.0,0.05543875694274902,7.3583417235841395,0.0459499495741893,16.0,0.24527805745280465
0.0,PFW_diminishing,diminishing,958.0,0.0554957389831543,7.358333871622768,0.04614686034500792,16.0,0.24527779572075892
0.0,PFW_diminishing,diminishing,959.0,0.05555295944213867,7.358341513692584,0.04584879612721515,16.0,0.24527805045641946
0.0,PFW_diminishing,diminishing,960.0,0.055609703063964844,7.3583336784744,0.04605314172627395,16.0,0.24527778928248
0.0,PFW_diminishing,diminishing,961.0,0.05566692352294922,7.358341305090037,0.04574806389662012,16.0,0.24527804350300123
0.0,PFW_diminishing,diminishing,962.0,0.055722951889038086,7.358333486542966,0.04595981301823304,16.0,0.24527778288476554
0.0,PFW_diminishing,diminishing,963.0,0.05577898025512695,7.358341097765899,0.04564775025687151,16.0,0.24527803659219663
0.0,PFW_diminishing,diminishing,964.0,0.05583477020263672,7.358333295818339,0.04586687179266047,16.0,0.24527777652727795
0.0,PFW_diminishing,diminishing,965.0,0.05588984489440918,7.358340891709678,0.045547852604229,16.0,0.24527802972365592
0.0,PFW_diminishing,diminishing,966.0,0.05594491958618164,7.3583331062904875,0.0457743156414363,16.0,0.24527777020968292
0.0,PFW_diminishing,diminishing,967.0,0.056001901626586914,7.358340686910992,0.04544836835650301,16.0,0.24527802289703307
0.0,PFW_diminishing,diminishing,968.0,0.05605769157409668,7.358332917949493,0.04568214217635802,16.0,0.24527776393164977
0.0,PFW_diminishing,diminishing,969.0,0.056118011474609375,7.3583404833595605,0.04534929495281137,16.0,0.24527801611198535
0.0,PFW_diminishing,diminishing,970.0,0.05617570877075195,7.358332730785533,0.045590349028922006,16.0,0.24527775769285112
0.0,PFW_diminishing,diminishing,971.0,0.05623292922973633,7.3583402810452165,0.04525062985339279,16.0,0.24527800936817387
0.0,PFW_diminishing,diminishing,972.0,0.056294918060302734,7.3583325447888885,0.04549893385016457,16.0,0.24527775149296296
0.0,PFW_diminishing,diminishing,973.0,0.05635571479797363,7.358340079957882,0.04515237053937948,16.0,0.24527800266526273
0.0,PFW_diminishing,diminishing,974.0,0.05641984939575195,7.358332359949941,0.045407894310364405,16.0,0.2452777453316647
0.0,PFW_diminishing,diminishing,975.0,0.05647778511047363,7.358339880087604,0.04505451451256626,16.0,0.24527799600292013
0.0,PFW_diminishing,diminishing,976.0,0.05653500556945801,7.358332176259169,0.04531722809897332,16.0,0.24527773920863896
0.0,PFW_diminishing,diminishing,977.0,0.05659174919128418,7.358339681424506,0.04495705929522931,16.0,0.24527798938081688
0.0,PFW_diminishing,diminishing,978.0,0.056648969650268555,7.358331993707149,0.04522693292429736,16.0,0.24527773312357165
0.0,PFW_diminishing,diminishing,979.0,0.05670595169067383,7.358339483958828,0.0448600024298873,16.0,0.2452779827986276
0.0,PFW_diminishing,diminishing,980.0,0.056761741638183594,7.358331812284555,0.04513700651340713,16.0,0.24527772707615184
0.0,PFW_diminishing,diminishing,981.0,0.05681872367858887,7.358339287680906,0.04476334147911398,16.0,0.24527797625603018
0.0,PFW_diminishing,diminishing,982.0,0.05687594413757324,7.358331631982152,0.0450474466118731,16.0,0.24527772106607174
0.0,PFW_diminishing,diminishing,983.0,0.056932687759399414,7.358339092581168,0.04466707402532499,16.0,0.24527796975270558
0.0,PFW_diminishing,diminishing,984.0,0.05698990821838379,7.358300431901303,0.044981230571286446,16.0,0.24527668106337677
0.0,PFW_diminishing,diminishing,985.0,0.057045936584472656,7.358400550385391,0.03177604374413523,16.0,0.2452800183461797
0.0,PFW_diminishing,diminishing,986.0,0.05710268020629883,7.358300309489071,0.07366622516250132,16.0,0.245276676982969
0.0,PFW_diminishing,diminishing,987.0,0.0571599006652832,7.358336964155106,0.031657455759920516,16.0,0.2452778988051702
0.0,PFW_diminishing,diminishing,988.0,0.05721688270568848,7.35833856591978,0.05920467637689786,16.0,0.245277952197326
0.0,PFW_diminishing,diminishing,989.0,0.05727386474609375,7.35833676404505,0.060381709272117945,16.0,0.245277892134835
0.0,PFW_diminishing,diminishing,990.0,0.05733084678649902,7.358338362986657,0.05910470515799027,16.0,0.24527794543288858
0.0,PFW_diminishing,diminishing,991.0,0.05738687515258789,7.358336565145742,0.06028116587393928,16.0,0.24527788550485807
0.0,PFW_diminishing,diminishing,992.0,0.05744361877441406,7.358338161273196,0.059005137250053075,16.0,0.24527793870910655
0.0,PFW_diminishing,diminishing,993.0,0.05750083923339844,7.358336367447447,0.060181027680111576,16.0,0.2452778789149149
0.0,PFW_diminishing,diminishing,994.0,0.05755782127380371,7.358337960769631,0.05890597021740884,16.0,0.24527793202565434
0.0,PFW_diminishing,diminishing,995.0,0.057614803314208984,7.35833617094053,0.06008129224602765,16.0,0.24527787236468432
0.0,PFW_diminishing,diminishing,996.0,0.05767178535461426,7.358337761466289,0.05880720164394582,16.0,0.24527792538220963
0.0,PFW_diminishing,diminishing,997.0,0.05772900581359863,7.3583359756154465,0.05998195714670107,16.0,0.24527786585384823
0.0,PFW_diminishing,diminishing,998.0,0.05778670310974121,7.3583375633535955,0.05870882913295894,16.0,0.24527791877845317
0.0,PFW_diminishing,diminishing,999.0,0.05784487724304199,7.358335781462758,0.05988301997658496,16.0,0.24527785938209193
0.0,PFW_exact,exact,0.0,0.00012063980102539062,16.73408786038641,51.22618700140377,2.0,0.557802928679547
0.0,PFW_exact,exact,1.0,0.0001938343048095703,14.323795889382291,21.372529140744447,3.0,0.4774598629794097
0.0,PFW_exact,exact,2.0,0.0002639293670654297,10.909391114562341,14.644891961636016,4.0,0.3636463704854114
0.0,PFW_exact,exact,3.0,0.000331878662109375,9.23491985320388,13.91195312923991,5.0,0.3078306617734627
0.0,PFW_exact,exact,4.0,0.0003998279571533203,8.845382944918152,6.0495101814229075,5.0,0.29484609816393836
0.0,PFW_exact,exact,5.0,0.0004699230194091797,8.283037567804243,5.645538372745544,6.0,0.2761012522601414
0.0,PFW_exact,exact,6.0,0.0005366802215576172,7.849503156713528,4.922161177075996,7.0,0.26165010522378424
0.0,PFW_exact,exact,7.0,0.0006036758422851562,7.744998065514601,2.6567800360893417,8.0,0.25816660218382004
0.0,PFW_exact,exact,8.0,0.0006728172302246094,7.682075898020032,2.030873134324457,9.0,0.25606919660066774
0.0,PFW_exact,exact,9.0,0.0007417201995849609,7.584462035761429,2.2825161142614494,10.0,0.25281540119204765
0.0,PFW_exact,exact,10.0,0.0008099079132080078,7.541085091293201,1.7471531235407136,11.0,0.25136950304310673
0.0,PFW_exact,exact,11.0,0.0008788108825683594,7.515727368529817,1.254372236666872,11.0,0.25052424561766057
0.0,PFW_exact,exact,12.0,0.0009448528289794922,7.499492596006617,1.2653323092998017,12.0,0.24998308653355392
0.0,PFW_exact,exact,13.0,0.0010139942169189453,7.481982582696941,1.091959799188622,13.0,0.24939941942323135
0.0,PFW_exact,exact,14.0,0.0010797977447509766,7.471096011255462,0.7414985684528244,13.0,0.2490365337085154
0.0,PFW_exact,exact,15.0,0.0011467933654785156,7.464430833957473,0.607149179504189,14.0,0.24881436113191577
0.0,PFW_exact,exact,16.0,0.001214742660522461,7.458077229910971,0.6615615433843898,15.0,0.24860257433036573
0.0,PFW_exact,exact,17.0,0.0012848377227783203,7.452828509815843,0.4129653871125534,15.0,0.24842761699386143
0.0,PFW_exact,exact,18.0,0.0013527870178222656,7.447305195429378,0.47839112444993415,15.0,0.2482435065143126
0.0,PFW_exact,exact,19.0,0.0014216899871826172,7.440618237283474,0.4428552853027643,16.0,0.24802060790944916
0.0,PFW_exact,exact,20.0,0.0014886856079101562,7.436007211250152,0.45931258724209556,16.0,0.24786690704167172
0.0,PFW_exact,exact,21.0,0.0015578269958496094,7.431109164431604,0.5363064595477285,16.0,0.24770363881438678
0.0,PFW_exact,exact,22.0,0.001626729965209961,7.429208165367685,0.4558947548543868,16.0,0.24764027217892284
0.0,PFW_exact,exact,23.0,0.001695871353149414,7.4265181618736325,0.4553159141471159,16.0,0.24755060539578774
0.0,PFW_exact,exact,24.0,0.0017638206481933594,7.424957473612157,0.300600567417626,16.0,0.24749858245373854
0.0,PFW_exact,exact,25.0,0.0018329620361328125,7.423118957290289,0.3603836445199411,16.0,0.24743729857634297
0.0,PFW_exact,exact,26.0,0.0018978118896484375,7.419560617053047,0.41144314171956253,16.0,0.24731868723510156
0.0,PFW_exact,exact,27.0,0.0019638538360595703,7.417179578231763,0.3855722773007546,16.0,0.2472393192743921
0.0,PFW_exact,exact,28.0,0.0020308494567871094,7.4158197831223855,0.3206956864772712,16.0,0.2471939927707462
0.0,PFW_exact,exact,29.0,0.002099752426147461,7.413505275142683,0.3967893058927263,16.0,0.2471168425047561
0.0,PFW_exact,exact,30.0,0.0021686553955078125,7.412104474507596,0.3490310982512286,16.0,0.24707014915025322
0.0,PFW_exact,exact,31.0,0.002233743667602539,7.410094119732835,0.3714653003947719,16.0,0.24700313732442783
0.0,PFW_exact,exact,32.0,0.0023038387298583984,7.408156782497929,0.26955993900751096,16.0,0.24693855941659762
0.0,PFW_exact,exact,33.0,0.0023717880249023438,7.406799736625492,0.2662554149340588,16.0,0.24689332455418306
0.0,PFW_exact,exact,34.0,0.002439737319946289,7.404757988912998,0.2631074312592112,16.0,0.24682526629709992
0.0,PFW_exact,exact,35.0,0.002508878707885742,7.403179078888658,0.26780646871984004,16.0,0.24677263596295526
0.0,PFW_exact,exact,36.0,0.0025758743286132812,7.401544709760818,0.32489318288455316,16.0,0.24671815699202726
0.0,PFW_exact,exact,37.0,0.0026459693908691406,7.399124328643702,0.32403765982639854,16.0,0.24663747762145674
0.0,PFW_exact,exact,38.0,0.002712726593017578,7.397498654123466,0.2873838433821385,16.0,0.2465832884707822
0.0,PFW_exact,exact,39.0,0.002790689468383789,7.3965923715853386,0.2514093470034027,16.0,0.24655307905284463
0.0,PFW_exact,exact,40.0,0.002858877182006836,7.395465298923443,0.23831481452549497,16.0,0.24651550996411478
0.0,PFW_exact,exact,41.0,0.0029277801513671875,7.393989570338922,0.31759693678265677,16.0,0.2464663190112974
0.0,PFW_exact,exact,42.0,0.0030069351196289062,7.392623867731423,0.2736108115137821,16.0,0.24642079559104743
0.0,PFW_exact,exact,43.0,0.003085613250732422,7.3911275609946,0.2678294347963721,16.0,0.24637091869982
0.0,PFW_exact,exact,44.0,0.0031578540802001953,7.389858108127929,0.2229380702895627,16.0,0.2463286036042643
0.0,PFW_exact,exact,45.0,0.003227710723876953,7.388764310047917,0.23509334545565874,16.0,0.2462921436682639
0.0,PFW_exact,exact,46.0,0.0032968521118164062,7.387956527459609,0.22564194420222616,16.0,0.24626521758198697
0.0,PFW_exact,exact,47.0,0.0033609867095947266,7.387079935393388,0.25097475863593743,16.0,0.24623599784644626
0.0,PFW_exact,exact,48.0,0.0034286975860595703,7.385518262024225,0.2898063428331641,16.0,0.24618394206747415
0.0,PFW_exact,exact,49.0,0.0034987926483154297,7.384669805050562,0.2792028624068772,16.0,0.24615566016835205
0.0,PFW_exact,exact,50.0,0.003568887710571289,7.384017921597534,0.1827888145655745,16.0,0.24613393071991782
0.0,PFW_exact,exact,51.0,0.003639698028564453,7.38375863536636,0.2348486964220342,15.0,0.24612528784554533
0.0,PFW_exact,exact,52.0,0.0037078857421875,7.383099927354901,0.21300744184829323,15.0,0.24610333091183004
0.0,PFW_exact,exact,53.0,0.0037779808044433594,7.382311201052926,0.17262983123920161,15.0,0.24607704003509753
0.0,PFW_exact,exact,54.0,0.003845691680908203,7.381453453954768,0.20794728195081813,15.0,0.24604844846515891
0.0,PFW_exact,exact,55.0,0.003914833068847656,7.380645231434371,0.15089229916849867,16.0,0.24602150771447903
0.0,PFW_exact,exact,56.0,0.0039827823638916016,7.3800421332057295,0.1881074359376429,16.0,0.24600140444019097
0.0,PFW_exact,exact,57.0,0.004049777984619141,7.3793561170976565,0.19675992775861229,16.0,0.24597853723658855
0.0,PFW_exact,exact,58.0,0.004120826721191406,7.378621079309145,0.23229031501195685,16.0,0.2459540359769715
0.0,PFW_exact,exact,59.0,0.004190921783447266,7.377465721734814,0.23247497207458334,16.0,0.24591552405782713
0.0,PFW_exact,exact,60.0,0.0042607784271240234,7.376721041831921,0.2480555843811043,16.0,0.24589070139439737
0.0,PFW_exact,exact,61.0,0.004328727722167969,7.3762030579079365,0.11472134291115488,16.0,0.2458734352635979
0.0,PFW_exact,exact,62.0,0.004399776458740234,7.375657195830669,0.194576981008173,16.0,0.2458552398610223
0.0,PFW_exact,exact,63.0,0.0044708251953125,7.375085809169093,0.19030418261386206,16.0,0.24583619363896977
0.0,PFW_exact,exact,64.0,0.004540920257568359,7.374580026981394,0.22535717606468264,16.0,0.24581933423271313
0.0,PFW_exact,exact,65.0,0.0046117305755615234,7.3742584845843036,0.10712736554455304,17.0,0.2458086161528101
0.0,PFW_exact,exact,66.0,0.0046808719635009766,7.373704902996781,0.1781082099060427,17.0,0.24579016343322604
0.0,PFW_exact,exact,67.0,0.004749774932861328,7.373302982266803,0.11968507348276347,17.0,0.2457767660755601
0.0,PFW_exact,exact,68.0,0.0048198699951171875,7.372838044896985,0.17041778128615626,17.0,0.24576126816323282
0.0,PFW_exact,exact,69.0,0.004888057708740234,7.372493949427079,0.07731853526841714,17.0,0.24574979831423596
0.0,PFW_exact,exact,70.0,0.004955768585205078,7.372331030639792,0.13901959142897002,16.0,0.24574436768799307
0.0,PFW_exact,exact,71.0,0.005023956298828125,7.362728506265019,0.11623133349194426,16.0,0.2454242835421673
0.0,PFW_exact,exact,72.0,0.005091667175292969,7.361387324237493,0.19971150412706962,15.0,0.2453795774745831
0.0,PFW_exact,exact,73.0,0.005160808563232422,7.360070025139769,0.19954277666560838,15.0,0.24533566750465896
0.0,PFW_exact,exact,74.0,0.005227804183959961,7.359920278813122,0.08869900132245156,15.0,0.2453306759604374
0.0,PFW_exact,exact,75.0,0.005293607711791992,7.35977645148286,0.06420206684471808,15.0,0.24532588171609535
0.0,PFW_exact,exact,76.0,0.005361795425415039,7.359683872020778,0.06791234115553912,15.0,0.24532279573402593
0.0,PFW_exact,exact,77.0,0.005430936813354492,7.359629290035111,0.04160395035252229,15.0,0.2453209763345037
0.0,PFW_exact,exact,78.0,0.00550079345703125,7.359591645355424,0.04311244265331915,15.0,0.24531972151184747
0.0,PFW_exact,exact,79.0,0.005567789077758789,7.359549021300979,0.03852829211765041,15.0,0.24531830071003263
0.0,PFW_exact,exact,80.0,0.0056378841400146484,7.3595172682020635,0.03934845249663521,16.0,0.24531724227340213
0.0,PFW_exact,exact,81.0,0.005705833435058594,7.359470070919211,0.037746498750749424,16.0,0.24531566903064037
0.0,PFW_exact,exact,82.0,0.005773782730102539,7.35942786545796,0.04377775721907362,16.0,0.245314262181932
0.0,PFW_exact,exact,83.0,0.0058438777923583984,7.3593901238582,0.03488160205095259,16.0,0.24531300412860665
0.0,PFW_exact,exact,84.0,0.005967855453491211,7.359338445430226,0.037885614529426626,16.0,0.24531128151434087
0.0,PFW_exact,exact,85.0,0.006046772003173828,7.359305377335726,0.036035796960940836,16.0,0.2453101792445242
0.0,PFW_exact,exact,86.0,0.006125688552856445,7.35927400043982,0.031122806007257253,16.0,0.245309133347994
0.0,PFW_exact,exact,87.0,0.006197929382324219,7.359239769783814,0.034899346727292446,16.0,0.24530799232612713
0.0,PFW_exact,exact,88.0,0.006269931793212891,7.359204270001907,0.04182329645367311,16.0,0.24530680900006357
0.0,PFW_exact,exact,89.0,0.006340742111206055,7.359172524855175,0.03537404659603993,16.0,0.24530575082850584
0.0,PFW_exact,exact,90.0,0.006412029266357422,7.359139801505892,0.0358182078166438,16.0,0.24530466005019638
0.0,PFW_exact,exact,91.0,0.006479740142822266,7.359117753267838,0.03451252902633062,16.0,0.24530392510892793
0.0,PFW_exact,exact,92.0,0.006551027297973633,7.3590928576320005,0.037047575644781894,16.0,0.24530309525440003
0.0,PFW_exact,exact,93.0,0.006620883941650391,7.359062375779468,0.035169410203026885,16.0,0.24530207919264893
0.0,PFW_exact,exact,94.0,0.00668787956237793,7.359035117840707,0.03692166663630214,16.0,0.24530117059469025
0.0,PFW_exact,exact,95.0,0.006756782531738281,7.359012000274037,0.032895277121285815,16.0,0.24530040000913456
0.0,PFW_exact,exact,96.0,0.00682377815246582,7.35899680611729,0.02592881347552911,16.0,0.245299893537243
0.0,PFW_exact,exact,97.0,0.006891965866088867,7.358972188925118,0.03063452146301504,16.0,0.24529907296417058
0.0,PFW_exact,exact,98.0,0.006957054138183594,7.358950175370787,0.030540247551475552,16.0,0.24529833917902624
0.0,PFW_exact,exact,99.0,0.007025718688964844,7.358930490080492,0.028601350266609593,16.0,0.24529768300268306
0.0,PFW_exact,exact,100.0,0.007093906402587891,7.358902095108304,0.028027379938516894,16.0,0.24529673650361014
0.0,PFW_exact,exact,101.0,0.007162809371948242,7.358885080849681,0.03029362201536845,16.0,0.24529616936165602
0.0,PFW_exact,exact,102.0,0.007229804992675781,7.358873242110188,0.02156941172271143,17.0,0.24529577473700626
0.0,PFW_exact,exact,103.0,0.007295846939086914,7.358850246710842,0.02738942216332685,17.0,0.24529500822369474
0.0,PFW_exact,exact,104.0,0.007364749908447266,7.358829095662877,0.029187765203920968,17.0,0.24529430318876255
0.0,PFW_exact,exact,105.0,0.007431745529174805,7.358812302637436,0.02895608306579689,17.0,0.24529374342124788
0.0,PFW_exact,exact,106.0,0.0075016021728515625,7.358800410782193,0.01603632456404469,17.0,0.24529334702607308
0.0,PFW_exact,exact,107.0,0.007590770721435547,7.358786304621595,0.022833106747503606,17.0,0.24529287682071982
0.0,PFW_exact,exact,108.0,0.007665872573852539,7.358768488581945,0.02772974918600113,17.0,0.2452922829527315
0.0,PFW_exact,exact,109.0,0.007733821868896484,7.358752556856102,0.02586460826763215,17.0,0.24529175189520339
0.0,PFW_exact,exact,110.0,0.00780177116394043,7.358730332771895,0.026718452905668322,17.0,0.2452910110923965
0.0,PFW_exact,exact,111.0,0.007867813110351562,7.358715688609275,0.026594703504490447,17.0,0.24529052295364248
0.0,PFW_exact,exact,112.0,0.007936954498291016,7.358705380374341,0.020957654603586562,17.0,0.24529017934581138
0.0,PFW_exact,exact,113.0,0.008005857467651367,7.358690371010705,0.025544497405097566,17.0,0.24528967903369017
0.0,PFW_exact,exact,114.0,0.008075952529907227,7.358676949112724,0.023229531357002564,17.0,0.24528923163709082
0.0,PFW_exact,exact,115.0,0.008145809173583984,7.3586671197817815,0.023972876385429664,17.0,0.24528890399272604
0.0,PFW_exact,exact,116.0,0.008214950561523438,7.358659136303423,0.013995658496736674,17.0,0.24528863787678076
0.0,PFW_exact,exact,117.0,0.008280754089355469,7.35864746770434,0.019647937070248922,17.0,0.24528824892347798
0.0,PFW_exact,exact,118.0,0.008346796035766602,7.358636090358205,0.018224046308698227,17.0,0.24528786967860683
0.0,PFW_exact,exact,119.0,0.00841379165649414,7.3586259163373215,0.019239977186431112,17.0,0.2452875305445774
0.0,PFW_exact,exact,120.0,0.008481979370117188,7.358610356266505,0.017855496434441065,17.0,0.24528701187555016
0.0,PFW_exact,exact,121.0,0.008550882339477539,7.358598378275716,0.02116029544054765,17.0,0.24528661260919055
0.0,PFW_exact,exact,122.0,0.008617877960205078,7.358588176410814,0.013965802676873196,17.0,0.24528627254702715
0.0,PFW_exact,exact,123.0,0.00868988037109375,7.358578729732747,0.019452924444362196,17.0,0.24528595765775824
0.0,PFW_exact,exact,124.0,0.008759021759033203,7.358568979484476,0.017796280888090266,17.0,0.24528563264948253
0.0,PFW_exact,exact,125.0,0.008827686309814453,7.358560260471415,0.019686265085128163,17.0,0.24528534201571384
0.0,PFW_exact,exact,126.0,0.008894920349121094,7.358550867908336,0.015637000688683678,17.0,0.24528502893027784
0.0,PFW_exact,exact,127.0,0.008963823318481445,7.358535891936726,0.019707444261377383,17.0,0.2452845297312242
0.0,PFW_exact,exact,128.0,0.009030818939208984,7.3585248979016935,0.016413479872409376,17.0,0.24528416326338978
0.0,PFW_exact,exact,129.0,0.009099006652832031,7.358515153377302,0.018375958472134357,17.0,0.24528383844591006
0.0,PFW_exact,exact,130.0,0.009166717529296875,7.358507351707795,0.01352578694700668,17.0,0.24528357839025983
0.0,PFW_exact,exact,131.0,0.009235858917236328,7.358501581533939,0.018743555023312375,17.0,0.24528338605113129
0.0,PFW_exact,exact,132.0,0.009302854537963867,7.358495732470413,0.013596044027887721,17.0,0.24528319108234709
0.0,PFW_exact,exact,133.0,0.009371757507324219,7.358489508013629,0.018010508012129556,17.0,0.2452829836004543
0.0,PFW_exact,exact,134.0,0.009439945220947266,7.358482382452164,0.019392409861927362,17.0,0.24528274608173878
0.0,PFW_exact,exact,135.0,0.00950765609741211,7.358472247170633,0.021260745477668763,17.0,0.24528240823902112
0.0,PFW_exact,exact,136.0,0.00957489013671875,7.358467306270258,0.01103294527532217,17.0,0.24528224354234193
0.0,PFW_exact,exact,137.0,0.009644031524658203,7.358460031207665,0.016255475817644083,17.0,0.2452820010402555
0.0,PFW_exact,exact,138.0,0.009713888168334961,7.358453834534459,0.011809886419070992,17.0,0.24528179448448198
0.0,PFW_exact,exact,139.0,0.009783029556274414,7.358447723920164,0.014755935720546454,17.0,0.2452815907973388
0.0,PFW_exact,exact,140.0,0.009849786758422852,7.358442535764661,0.008709615436065299,17.0,0.24528141785882204
0.0,PFW_exact,exact,141.0,0.009918928146362305,7.358436441336523,0.014015363168753403,17.0,0.24528121471121744
0.0,PFW_exact,exact,142.0,0.009987831115722656,7.358427184645019,0.01233764909256685,17.0,0.24528090615483397
0.0,PFW_exact,exact,143.0,0.010054826736450195,7.358419984925362,0.015447353586321988,17.0,0.24528066616417873
0.0,PFW_exact,exact,144.0,0.010123968124389648,7.3584146826629535,0.01022913396142311,17.0,0.24528048942209846
0.0,PFW_exact,exact,145.0,0.01018977165222168,7.358408679143746,0.01458644048884672,17.0,0.24528028930479154
0.0,PFW_exact,exact,146.0,0.010255813598632812,7.358403872601034,0.01012554639498564,17.0,0.24528012908670113
0.0,PFW_exact,exact,147.0,0.010323762893676758,7.358400025346832,0.014880896953483713,17.0,0.2452800008448944
0.0,PFW_exact,exact,148.0,0.010393857955932617,7.358396229568459,0.010025006681823712,17.0,0.24527987431894865
0.0,PFW_exact,exact,149.0,0.010463953018188477,7.3583898895036945,0.014251970595063668,17.0,0.2452796629834565
0.0,PFW_exact,exact,150.0,0.010532855987548828,7.3583842199960126,0.012625497922181594,17.0,0.24527947399986708
0.0,PFW_exact,exact,151.0,0.010598897933959961,7.358379150123927,0.013243466447647734,17.0,0.2452793050041309
0.0,PFW_exact,exact,152.0,0.010667800903320312,7.358372709032947,0.010497023521539361,17.0,0.24527909030109823
0.0,PFW_exact,exact,153.0,0.010736703872680664,7.358368436185243,0.012951321303419583,17.0,0.24527894787284144
0.0,PFW_exact,exact,154.0,0.01080179214477539,7.358365082474639,0.00893035741153092,17.0,0.24527883608248796
0.0,PFW_exact,exact,155.0,0.010870933532714844,7.358360340236219,0.013057457084848956,17.0,0.24527867800787398
0.0,PFW_exact,exact,156.0,0.010936737060546875,7.358356099560748,0.010005885883398236,17.0,0.24527853665202493
0.0,PFW_exact,exact,157.0,0.011004924774169922,7.358352307400402,0.012188051452011628,17.0,0.24527841024668007
0.0,PFW_exact,exact,158.0,0.011072874069213867,7.358346771410021,0.009099242181498823,17.0,0.24527822571366736
0.0,PFW_exact,exact,159.0,0.011140823364257812,7.35834308698898,0.013039187262548602,17.0,0.24527810289963267
0.0,PFW_exact,exact,160.0,0.011208772659301758,7.358340514427703,0.0075322473671874945,17.0,0.2452780171475901
0.0,PFW_exact,exact,161.0,0.01127767562866211,7.3583377577630955,0.0123611933688057,17.0,0.24527792525876985
0.0,PFW_exact,exact,162.0,0.011347770690917969,7.358334648685143,0.008924349208418114,17.0,0.2452778216228381
0.0,PFW_exact,exact,163.0,0.011415958404541016,7.358330616447161,0.011771600323105424,17.0,0.24527768721490537
0.0,PFW_exact,exact,164.0,0.011483907699584961,7.358327078140929,0.008902190240798191,17.0,0.24527756927136432
0.0,PFW_exact,exact,165.0,0.011552810668945312,7.358323366279031,0.012153446757588782,17.0,0.24527744554263436
0.0,PFW_exact,exact,166.0,0.011619806289672852,7.358320394484962,0.008318349022824023,17.0,0.24527734648283206
0.0,PFW_exact,exact,167.0,0.011689901351928711,7.35831712811033,0.012388613143748728,17.0,0.24527723760367767
0.0,PFW_exact,exact,168.0,0.011755943298339844,7.358313846220236,0.010590162224263011,17.0,0.2452771282073412
0.0,PFW_exact,exact,169.0,0.011822700500488281,7.358310881833302,0.012368079507563579,17.0,0.2452770293944434
0.0,PFW_exact,exact,170.0,0.011890888214111328,7.358308715159382,0.006189232569081327,17.0,0.2452769571719794
0.0,PFW_exact,exact,171.0,0.01195979118347168,7.358305771408355,0.011094900835418642,17.0,0.24527685904694516
0.0,PFW_exact,exact,172.0,0.012027740478515625,7.358302904212823,0.008757002687587168,17.0,0.24527676347376076
0.0,PFW_exact,exact,173.0,0.012096881866455078,7.358300340266289,0.010895325011120782,17.0,0.2452766780088763
0.0,PFW_exact,exact,174.0,0.012163639068603516,7.358296502157643,0.008319027587863737,17.0,0.24527655007192142
0.0,PFW_exact,exact,175.0,0.012231826782226562,7.358293820234949,0.011745046524348268,17.0,0.2452764606744983
0.0,PFW_exact,exact,176.0,0.012300968170166016,7.358291321111581,0.006803187902105989,17.0,0.24527637737038605
0.0,PFW_exact,exact,177.0,0.01236867904663086,7.358288812095177,0.011362076490318174,17.0,0.2452762937365059
0.0,PFW_exact,exact,178.0,0.012437820434570312,7.358286379295607,0.008481363518987095,17.0,0.2452762126431869
0.0,PFW_exact,exact,179.0,0.012526750564575195,7.358284457278023,0.011154724294800467,17.0,0.2452761485759341
0.0,PFW_exact,exact,180.0,0.012597799301147461,7.358282800052929,0.005915729987228779,17.0,0.24527609333509762
0.0,PFW_exact,exact,181.0,0.012670755386352539,7.358280863272255,0.010006211304389723,17.0,0.24527602877574184
0.0,PFW_exact,exact,182.0,0.012738704681396484,7.358278842164939,0.006919719469767216,17.0,0.24527596140549796
0.0,PFW_exact,exact,183.0,0.012806892395019531,7.35827703403915,0.010174455455066678,17.0,0.24527590113463835
0.0,PFW_exact,exact,184.0,0.012876033782958984,7.358275744358769,0.00469059330850552,17.0,0.24527585814529232
0.0,PFW_exact,exact,185.0,0.012942790985107422,7.35827362319071,0.009329043247609192,17.0,0.24527578743969033
0.0,PFW_exact,exact,186.0,0.013007640838623047,7.35827152635294,0.007023924357887346,17.0,0.245275717545098
0.0,PFW_exact,exact,187.0,0.01307988166809082,7.358269321689522,0.010161928158996858,17.0,0.2452756440563174
0.0,PFW_exact,exact,188.0,0.013151884078979492,7.358267556589999,0.006588289445947915,17.0,0.2452755852196666
0.0,PFW_exact,exact,189.0,0.01322174072265625,7.358265833387244,0.01034552909268438,17.0,0.2452755277795748
0.0,PFW_exact,exact,190.0,0.013293027877807617,7.358264292684159,0.004397042114377747,17.0,0.24527547642280528
0.0,PFW_exact,exact,191.0,0.013360738754272461,7.3582618547915475,0.00938477622863143,17.0,0.24527539515971825
0.0,PFW_exact,exact,192.0,0.013431787490844727,7.358259946608304,0.006372057378978724,17.0,0.24527533155361014
0.0,PFW_exact,exact,193.0,0.013499736785888672,7.358258240244099,0.008116898624028757,17.0,0.24527527467480328
0.0,PFW_exact,exact,194.0,0.013568878173828125,7.3582567143535424,0.004748735717051922,17.0,0.24527522381178474
0.0,PFW_exact,exact,195.0,0.013635635375976562,7.35825534984883,0.007599696171232573,17.0,0.24527517832829432
0.0,PFW_exact,exact,196.0,0.013705968856811523,7.358254129660989,0.003297788423521908,17.0,0.2452751376553663
0.0,PFW_exact,exact,197.0,0.013775825500488281,7.35825309074193,0.007137807052073342,17.0,0.245275103024731
0.0,PFW_exact,exact,198.0,0.013844966888427734,7.358251715215451,0.0037010693190566712,17.0,0.24527505717384837
0.0,PFW_exact,exact,199.0,0.013913631439208984,7.35825027071986,0.00802731068500151,17.0,0.24527500902399532
0.0,PFW_exact,exact,200.0,0.013984918594360352,7.358248846381503,0.004147755141245213,17.0,0.2452749615460501
0.0,PFW_exact,exact,201.0,0.01405477523803711,7.358247701221354,0.007752145893904938,17.0,0.24527492337404513
0.0,PFW_exact,exact,202.0,0.014124870300292969,7.358246396457286,0.0039588512894948025,17.0,0.24527487988190952
0.0,PFW_exact,exact,203.0,0.01419377326965332,7.358245075487326,0.00721558561849811,17.0,0.24527483584957752
0.0,PFW_exact,exact,204.0,0.014262914657592773,7.358243851515506,0.004238026691938401,17.0,0.24527479505051686
0.0,PFW_exact,exact,205.0,0.014332771301269531,7.3582426376041585,0.007873809888013561,17.0,0.24527475458680528
0.0,PFW_exact,exact,206.0,0.014402627944946289,7.358241791848435,0.0034038884374840706,17.0,0.24527472639494785
0.0,PFW_exact,exact,207.0,0.014470815658569336,7.358240605082194,0.007469890392597378,17.0,0.24527468683607312
0.0,PFW_exact,exact,208.0,0.014540910720825195,7.358239571218795,0.0017058205437070484,17.0,0.24527465237395984
0.0,PFW_exact,exact,209.0,0.01460886001586914,7.358238570058358,0.006593376885255076,17.0,0.24527461900194528
0.0,PFW_exact,exact,210.0,0.014676809310913086,7.358237903394598,0.0017655720758256166,17.0,0.24527459677981994
0.0,PFW_exact,exact,211.0,0.014746665954589844,7.358236773097779,0.006171733711550331,17.0,0.24527455910325932
0.0,PFW_exact,exact,212.0,0.014815807342529297,7.358235762346827,0.0029177302031531127,17.0,0.2452745254115609
0.0,PFW_exact,exact,213.0,0.014885663986206055,7.358234858497972,0.005751772208896,17.0,0.24527449528326573
0.0,PFW_exact,exact,214.0,0.014955997467041016,7.358233808496125,0.0027728374508306786,17.0,0.24527446028320418
0.0,PFW_exact,exact,215.0,0.01502680778503418,7.358232723171311,0.006017124259845019,17.0,0.24527442410571038
0.0,PFW_exact,exact,216.0,0.015094995498657227,7.358231854237625,0.0024064737228952637,17.0,0.24527439514125415
0.0,PFW_exact,exact,217.0,0.015164852142333984,7.35823123057628,0.006147606451332166,17.0,0.24527437435254265
0.0,PFW_exact,exact,218.0,0.015235662460327148,7.358230628736466,0.0020395162174215997,17.0,0.24527435429121555
0.0,PFW_exact,exact,219.0,0.015304803848266602,7.358229913520702,0.005781492480735118,17.0,0.24527433045069008
0.0,PFW_exact,exact,220.0,0.015373706817626953,7.358229096964108,0.002180958108146669,17.0,0.24527430323213695
0.0,PFW_exact,exact,221.0,0.015443801879882812,7.358228314971873,0.006274236822950918,17.0,0.2452742771657291
0.0,PFW_exact,exact,222.0,0.01551198959350586,7.358227771385489,0.002054870034497114,17.0,0.24527425904618297
0.0,PFW_exact,exact,223.0,0.015579700469970703,7.358226954557998,0.006008765485891132,17.0,0.24527423181859995
0.0,PFW_exact,exact,224.0,0.015651702880859375,7.3582262241222836,0.002687947385457967,17.0,0.24527420747074277
0.0,PFW_exact,exact,225.0,0.015715837478637695,7.3582255709411175,0.005652302787214403,17.0,0.24527418569803724
0.0,PFW_exact,exact,226.0,0.015785932540893555,7.358224595650979,0.002453853623100244,17.0,0.24527415318836596
0.0,PFW_exact,exact,227.0,0.01585674285888672,7.3582239760382295,0.006076789009800798,17.0,0.24527413253460764
0.0,PFW_exact,exact,228.0,0.015930652618408203,7.35822346205602,0.002326045125169429,17.0,0.24527411540186733
0.0,PFW_exact,exact,229.0,0.015999794006347656,7.358222881613728,0.005914024555683461,17.0,0.24527409605379094
0.0,PFW_exact,exact,230.0,0.016068696975708008,7.358222288712523,0.0021046779651685554,17.0,0.24527407629041742
0.0,PFW_exact,exact,231.0,0.01613783836364746,7.358221766483256,0.005642590982547269,17.0,0.2452740588827752
0.0,PFW_exact,exact,232.0,0.016206741333007812,7.358221171939119,0.0029493765146542117,17.0,0.24527403906463732
0.0,PFW_exact,exact,233.0,0.016278982162475586,7.358220663258766,0.005955831432582492,17.0,0.24527402210862553
0.0,PFW_exact,exact,234.0,0.016348838806152344,7.358206333442962,0.0013694890831823514,16.0,0.24527354444809873
0.0,PFW_exact,exact,235.0,0.0164186954498291,7.358205473658171,0.006947337056203651,16.0,0.2452735157886057
0.0,PFW_exact,exact,236.0,0.01648879051208496,7.358204893267115,0.002842537638523268,16.0,0.24527349644223717
0.0,PFW_exact,exact,237.0,0.016557693481445312,7.358204482227458,0.0048805158996607645,16.0,0.24527348274091526
0.0,PFW_exact,exact,238.0,0.01662588119506836,7.3582041517295425,0.0014492174609381792,16.0,0.24527347172431807
0.0,PFW_exact,exact,239.0,0.0166928768157959,7.358204065065181,0.0020137387927352535,16.0,0.24527346883550605
0.0,PFW_exact,exact,240.0,0.016762733459472656,7.358203921659696,0.001088508271473998,16.0,0.2452734640553232
0.0,PFW_exact,exact,241.0,0.016832828521728516,7.358203839501776,0.0017516916617408285,16.0,0.24527346131672587
0.0,PFW_exact,exact,242.0,0.016902685165405273,7.358203712282981,0.0024703914365886703,16.0,0.24527345707609935
0.0,PFW_exact,exact,243.0,0.016971826553344727,7.358203657389847,0.0010067422437955997,16.0,0.24527345524632824
0.0,PFW_exact,exact,244.0,0.017039775848388672,7.358203612657587,0.0021807495997920867,16.0,0.24527345375525292
0.0,PFW_exact,exact,245.0,0.017108917236328125,7.358203546761728,0.0012481087114570855,16.0,0.24527345155872426
0.0,PFW_exact,exact,246.0,0.01717662811279297,7.358203470548204,0.0020696310632528636,16.0,0.24527344901827344
0.0,PFW_exact,exact,247.0,0.017245769500732422,7.358203412198152,0.0013884636271424,16.0,0.24527344707327173
0.0,PFW_exact,exact,248.0,0.017314672470092773,7.3582033632331285,0.0018165271870973498,16.0,0.24527344544110427
0.0,PFW_exact,exact,249.0,0.017384767532348633,7.358203332863023,0.0005523593794043435,16.0,0.24527344442876745
0.0,PFW_exact,exact,250.0,0.01745462417602539,7.358203285625108,0.0014418051194251547,16.0,0.24527344285417027
0.0,PFW_exact,exact,251.0,0.017523765563964844,7.35820325080656,0.000797126195323905,16.0,0.245273441693552
0.0,PFW_exact,exact,252.0,0.017593860626220703,7.358203140422186,0.001137285089684248,16.0,0.2452734380140729
0.0,PFW_exact,exact,253.0,0.017662763595581055,7.358203096014433,0.001293095484365736,16.0,0.24527343653381445
0.0,PFW_exact,exact,254.0,0.017729997634887695,7.358203057961802,0.001415545085893477,16.0,0.2452734352653934
0.0,PFW_exact,exact,255.0,0.01780080795288086,7.358203045170674,0.0007391722726826089,16.0,0.24527343483902248
0.0,PFW_exact,exact,256.0,0.017870664596557617,7.358203035135848,0.0005622468974859629,16.0,0.24527343450452826
0.0,PFW_exact,exact,257.0,0.01793980598449707,7.358203024992725,0.0006185275226435749,16.0,0.24527343416642416
0.0,PFW_exact,exact,258.0,0.018007993698120117,7.358203018307595,0.0004912002904058355,16.0,0.2452734339435865
0.0,PFW_exact,exact,259.0,0.01807689666748047,7.358203013717161,0.0003484702358598213,16.0,0.24527343379057204
0.0,PFW_exact,exact,260.0,0.018144845962524414,7.358203008127459,0.000307977937042736,16.0,0.24527343360424864
0.0,PFW_exact,exact,261.0,0.018211841583251953,7.358203003244629,0.0004433978157978302,16.0,0.24527343344148764
0.0,PFW_exact,exact,262.0,0.018280744552612305,7.358202996760834,0.0006135619136857784,16.0,0.24527343322536113
0.0,PFW_exact,exact,263.0,0.01834893226623535,7.358202991653048,0.0005759449576716591,16.0,0.2452734330551016
0.0,PFW_exact,exact,264.0,0.01841568946838379,7.358202986347951,0.0004920869061306732,16.0,0.24527343287826503
0.0,PFW_exact,exact,265.0,0.01848578453063965,7.358202981428671,0.0004701202186145892,16.0,0.24527343271428903
0.0,PFW_exact,exact,266.0,0.018553733825683594,7.358202978166168,0.0005298453585940166,16.0,0.24527343260553894
0.0,PFW_exact,exact,267.0,0.018622875213623047,7.3582029739424755,0.0005095675148663048,16.0,0.24527343246474917
0.0,PFW_exact,exact,268.0,0.018692731857299805,7.358202969272883,0.000385397193764625,16.0,0.2452734323090961
0.0,PFW_exact,exact,269.0,0.018773794174194336,7.358202965772271,0.00046183412430256254,16.0,0.24527343219240905
0.0,PFW_exact,exact,270.0,0.01884174346923828,7.358202963809085,0.00028507598995108907,16.0,0.2452734321269695
0.0,PFW_exact,exact,271.0,0.0189208984375,7.35820296162004,0.0003576162211391676,16.0,0.24527343205400134
0.0,PFW_exact,exact,272.0,0.01899266242980957,7.35820295950654,0.0003620554399548226,16.0,0.24527343198355134
0.0,PFW_exact,exact,273.0,0.01906299591064453,7.358202957396207,0.00025420442445334146,16.0,0.2452734319132069
0.0,PFW_exact,exact,274.0,0.019131898880004883,7.358202955141089,0.00040744634380285305,16.0,0.24527343183803632
0.0,PFW_exact,exact,275.0,0.019201993942260742,7.358202953756982,0.0002284309261986195,16.0,0.2452734317918994
0.0,PFW_exact,exact,276.0,0.01926875114440918,7.358202951978692,0.0002776826871118132,16.0,0.24527343173262306
0.0,PFW_exact,exact,277.0,0.019336938858032227,7.3582029494799785,0.00021316599016518722,16.0,0.24527343164933263
0.0,PFW_exact,exact,278.0,0.01940298080444336,7.358202948016251,0.0003286580238741621,16.0,0.24527343160054169
0.0,PFW_exact,exact,279.0,0.019470691680908203,7.358202946834438,0.00015986277538804217,16.0,0.24527343156114792
0.0,PFW_exact,exact,280.0,0.019537687301635742,7.358202940569641,0.00025662508545210017,16.0,0.24527343135232138
0.0,PFW_exact,exact,281.0,0.019608020782470703,7.358202938034541,0.00034150888684170155,16.0,0.24527343126781803
0.0,PFW_exact,exact,282.0,0.019694805145263672,7.358202936622538,0.0001877454585574867,16.0,0.24527343122075126
0.0,PFW_exact,exact,283.0,0.019779682159423828,7.358202934303239,0.00017112855880885292,16.0,0.2452734311434413
0.0,PFW_exact,exact,284.0,0.019853591918945312,7.358202933071838,0.0002962439991325283,16.0,0.2452734311023946
0.0,PFW_exact,exact,285.0,0.019922733306884766,7.358202932510188,0.00017186136131552843,16.0,0.24527343108367292
0.0,PFW_exact,exact,286.0,0.019992828369140625,7.358202931543376,0.00017449515356293688,16.0,0.24527343105144586
0.0,PFW_exact,exact,287.0,0.02006387710571289,7.358202931051346,0.00014886269409686292,16.0,0.24527343103504487
0.0,PFW_exact,exact,288.0,0.02013373374938965,7.35820293021217,0.00020932532137507565,16.0,0.24527343100707233
0.0,PFW_exact,exact,289.0,0.020203828811645508,7.358202929678454,0.0001999500639842111,16.0,0.24527343098928178
0.0,PFW_exact,exact,290.0,0.020312786102294922,7.358202929110179,0.000128567815703029,16.0,0.24527343097033932
0.0,PFW_exact,exact,291.0,0.020387649536132812,7.358202928641277,0.00015597593885186,16.0,0.24527343095470924
0.0,PFW_exact,exact,292.0,0.02045893669128418,7.3582029282943955,0.00011547158166269611,16.0,0.24527343094314652
0.0,PFW_exact,exact,293.0,0.020524978637695312,7.358202927809216,0.00013841569040273782,16.0,0.24527343092697385
0.0,PFW_exact,exact,294.0,0.020573854446411133,7.358202927809216,9.236853041016957e-05,16.0,0.24527343092697385
