run,algorithm,step_size,iter,time,loss,gap,spars,mse
0.0,FW_diminishing,diminishing,0.0,5.698204040527344e-05,18.919311425263782,18.580688574736218,1.0,0.6306437141754594
0.0,FW_diminishing,diminishing,1.0,9.298324584960938e-05,17.023792599884928,10.73971096916316,2.0,0.5674597533294976
0.0,FW_diminishing,diminishing,2.0,0.00012183189392089844,16.410293098952653,5.996830089660184,3.0,0.5470097699650884
0.0,FW_diminishing,diminishing,3.0,0.00014495849609375,16.262301609150718,2.98177037106176,4.0,0.542076720305024
0.0,FW_diminishing,diminishing,4.0,0.0001690387725830078,16.154850351546713,2.5525536243943723,5.0,0.5384950117182238
0.0,FW_diminishing,diminishing,5.0,0.0001919269561767578,15.997755656457628,2.075732602807493,6.0,0.5332585218819209
0.0,FW_diminishing,diminishing,6.0,0.00021505355834960938,15.996686939458735,1.760388318500155,7.0,0.5332228979819579
0.0,FW_diminishing,diminishing,7.0,0.00023818016052246094,15.920382526862968,1.6273557178680722,8.0,0.5306794175620989
0.0,FW_diminishing,diminishing,8.0,0.00025916099548339844,15.862393756853336,1.2372771417754933,8.0,0.5287464585617779
0.0,FW_diminishing,diminishing,9.0,0.0002818107604980469,15.73121100511966,1.5611546463009258,8.0,0.5243737001706553
0.0,FW_diminishing,diminishing,10.0,0.0003039836883544922,15.730753502315734,0.9703767563275356,8.0,0.5243584500771912
0.0,FW_diminishing,diminishing,11.0,0.00032782554626464844,15.69130134083179,0.9737949389281777,8.0,0.5230433780277264
0.0,FW_diminishing,diminishing,12.0,0.0003509521484375,15.682144461984125,0.6127828579946346,8.0,0.5227381487328041
0.0,FW_diminishing,diminishing,13.0,0.00037288665771484375,15.667923299610282,0.7808919639734739,8.0,0.5222641099870093
0.0,FW_diminishing,diminishing,14.0,0.0003960132598876953,15.690841962806921,0.6085680212755893,9.0,0.5230280654268974
0.0,FW_diminishing,diminishing,15.0,0.00041794776916503906,15.688362081706297,0.521080172058312,9.0,0.5229454027235432
0.0,FW_diminishing,diminishing,16.0,0.0004410743713378906,15.656957598484148,0.7218390605689695,9.0,0.5218985866161383
0.0,FW_diminishing,diminishing,17.0,0.0004639625549316406,15.676482479977008,0.3209634639668071,9.0,0.5225494159992335
0.0,FW_diminishing,diminishing,18.0,0.0004849433898925781,15.67094366500286,0.47746342901799466,9.0,0.5223647888334286
0.0,FW_diminishing,diminishing,19.0,0.0005078315734863281,15.654436743058792,0.7069020173838823,9.0,0.5218145581019598
0.0,FW_diminishing,diminishing,20.0,0.0005309581756591797,15.65625605456959,0.3044737989398314,9.0,0.5218752018189864
0.0,FW_diminishing,diminishing,21.0,0.0005528926849365234,15.643750612726574,0.5159390926565273,9.0,0.5214583537575525
0.0,FW_diminishing,diminishing,22.0,0.000576019287109375,15.65305182311657,0.3889723846445303,9.0,0.5217683941038856
0.0,FW_diminishing,diminishing,23.0,0.0005979537963867188,15.645809134181498,0.4727495797627945,9.0,0.5215269711393833
0.0,FW_diminishing,diminishing,24.0,0.0006210803985595703,15.6542717228637,0.19531543518752947,9.0,0.52180905742879
0.0,FW_diminishing,diminishing,25.0,0.0006430149078369141,15.638944801386069,0.48466969133581017,9.0,0.5212981600462023
0.0,FW_diminishing,diminishing,26.0,0.0006668567657470703,15.63695559432231,0.409043420686686,9.0,0.521231853144077
0.0,FW_diminishing,diminishing,27.0,0.0006899833679199219,15.637044640183573,0.2788218042275119,9.0,0.5212348213394524
0.0,FW_diminishing,diminishing,28.0,0.0007109642028808594,15.639289971104674,0.2860731071072582,9.0,0.5213096657034891
0.0,FW_diminishing,diminishing,29.0,0.0007328987121582031,15.63912744252038,0.22890130665765618,9.0,0.5213042480840127
0.0,FW_diminishing,diminishing,30.0,0.0007560253143310547,15.637360177014976,0.2822042913724516,9.0,0.5212453392338325
0.0,FW_diminishing,diminishing,31.0,0.0007779598236083984,15.635911604502608,0.34346054034148743,9.0,0.5211970534834203
0.0,FW_diminishing,diminishing,32.0,0.00080108642578125,15.64350720092564,0.09929580456033626,9.0,0.5214502400308547
0.0,FW_diminishing,diminishing,33.0,0.0008230209350585938,15.636155963136636,0.3349770180132854,9.0,0.5212051987712212
0.0,FW_diminishing,diminishing,34.0,0.0008449554443359375,15.634964939448931,0.2769257385860495,9.0,0.521165497981631
0.0,FW_diminishing,diminishing,35.0,0.0008680820465087891,15.634627604698128,0.3281319439422905,9.0,0.5211542534899376
0.0,FW_diminishing,diminishing,36.0,0.0008897781372070312,15.636975171895159,0.16320402671650847,9.0,0.5212325057298386
0.0,FW_diminishing,diminishing,37.0,0.0009129047393798828,15.64224599959533,0.2592646322801997,10.0,0.521408199986511
0.0,FW_diminishing,diminishing,38.0,0.0009338855743408203,15.6409951967397,0.19880981936425712,10.0,0.52136650655799
0.0,FW_diminishing,diminishing,39.0,0.0009570121765136719,15.641365035930114,0.18581290908785242,10.0,0.5213788345310039
0.0,FW_diminishing,diminishing,40.0,0.0009810924530029297,15.640314357753397,0.2694304362909108,10.0,0.5213438119251133
0.0,FW_diminishing,diminishing,41.0,0.0010051727294921875,15.63943962371428,0.23034308761520172,10.0,0.5213146541238093
0.0,FW_diminishing,diminishing,42.0,0.001027822494506836,15.641113698009221,0.18812647414471328,10.0,0.5213704566003073
0.0,FW_diminishing,diminishing,43.0,0.001049041748046875,15.641202437021695,0.17366204747210112,10.0,0.5213734145673898
0.0,FW_diminishing,diminishing,44.0,0.001071929931640625,15.639062633897893,0.20045749276056668,10.0,0.5213020877965965
0.0,FW_diminishing,diminishing,45.0,0.0010938644409179688,15.64158392361043,0.13848100974601785,10.0,0.5213861307870143
0.0,FW_diminishing,diminishing,46.0,0.0011169910430908203,15.640879017336646,0.18192234494837223,10.0,0.5213626339112215
0.0,FW_diminishing,diminishing,47.0,0.0011398792266845703,15.637236859610876,0.3026362061010328,10.0,0.5212412286536959
0.0,FW_diminishing,diminishing,48.0,0.0011608600616455078,15.641800105404487,0.11552315247323541,10.0,0.5213933368468162
0.0,FW_diminishing,diminishing,49.0,0.0011839866638183594,15.640149085728869,0.1980223380567505,10.0,0.5213383028576289
0.0,FW_diminishing,diminishing,50.0,0.0012059211730957031,15.6367450378364,0.223211948593816,10.0,0.5212248345945467
0.0,FW_diminishing,diminishing,51.0,0.0012390613555908203,15.63462568891794,0.22782625821312585,10.0,0.521154189630598
0.0,FW_diminishing,diminishing,52.0,0.001260995864868164,15.636469274984687,0.09389122739024636,10.0,0.5212156424994896
0.0,FW_diminishing,diminishing,53.0,0.001283884048461914,15.63532864912348,0.21859447993847958,10.0,0.5211776216374493
0.0,FW_diminishing,diminishing,54.0,0.001306772232055664,15.632858734748899,0.1933479868818857,10.0,0.5210952911582967
0.0,FW_diminishing,diminishing,55.0,0.0013279914855957031,15.632748455175854,0.14096318880654835,10.0,0.5210916151725284
0.0,FW_diminishing,diminishing,56.0,0.0013499259948730469,15.633375795588611,0.142390209093902,10.0,0.5211125265196204
0.0,FW_diminishing,diminishing,57.0,0.0013730525970458984,15.635098783612989,0.1495399217306037,10.0,0.5211699594537663
0.0,FW_diminishing,diminishing,58.0,0.0013959407806396484,15.633455526138045,0.16424635755510053,10.0,0.5211151842046015
0.0,FW_diminishing,diminishing,59.0,0.0014190673828125,15.631868113260476,0.178407021930294,10.0,0.5210622704420158
0.0,FW_diminishing,diminishing,60.0,0.0014400482177734375,15.633180969859549,0.1021492846438079,10.0,0.5211060323286516
0.0,FW_diminishing,diminishing,61.0,0.0014619827270507812,15.63233200059136,0.13536131841852317,10.0,0.5210777333530453
0.0,FW_diminishing,diminishing,62.0,0.0014841556549072266,15.633993083772205,0.10430140348519679,10.0,0.5211331027924069
0.0,FW_diminishing,diminishing,63.0,0.0015070438385009766,15.629937796846866,0.2561643039631871,10.0,0.5209979265615622
0.0,FW_diminishing,diminishing,64.0,0.0015299320220947266,15.63249350075643,0.08902255580038343,10.0,0.521083116691881
0.0,FW_diminishing,diminishing,65.0,0.0015518665313720703,15.632640576438716,0.11145300487771692,10.0,0.5210880192146239
0.0,FW_diminishing,diminishing,66.0,0.0015759468078613281,15.630698665033817,0.16762183129952923,10.0,0.5210232888344606
0.0,FW_diminishing,diminishing,67.0,0.0015969276428222656,15.630093565864467,0.15067231240504775,10.0,0.5210031188621489
0.0,FW_diminishing,diminishing,68.0,0.0016200542449951172,15.63249599976201,0.05863381163129411,10.0,0.521083199992067
0.0,FW_diminishing,diminishing,69.0,0.0016429424285888672,15.630380677117184,0.18704670165512738,10.0,0.5210126892372394
0.0,FW_diminishing,diminishing,70.0,0.0016639232635498047,15.628817932173645,0.1518356627135855,10.0,0.5209605977391215
0.0,FW_diminishing,diminishing,71.0,0.0016870498657226562,15.629632200835891,0.07622942214841189,10.0,0.5209877400278631
0.0,FW_diminishing,diminishing,72.0,0.001708984375,15.628996336624011,0.14967037506006164,10.0,0.5209665445541337
0.0,FW_diminishing,diminishing,73.0,0.0017311573028564453,15.629605854139255,0.06666249542002767,10.0,0.5209868618046418
0.0,FW_diminishing,diminishing,74.0,0.0017538070678710938,15.630627777926604,0.1159305429743398,10.0,0.5210209259308868
0.0,FW_diminishing,diminishing,75.0,0.0017747879028320312,15.63035547370593,0.11180711991721992,10.0,0.5210118491235309
0.0,FW_diminishing,diminishing,76.0,0.001798868179321289,15.631649925345668,0.07808969126493182,10.0,0.5210549975115223
0.0,FW_diminishing,diminishing,77.0,0.0018210411071777344,15.632033613970055,0.09682342188919435,10.0,0.5210677871323351
0.0,FW_diminishing,diminishing,78.0,0.001840829849243164,15.630953453673369,0.128603443230487,10.0,0.5210317817891122
0.0,FW_diminishing,diminishing,79.0,0.0018608570098876953,15.629000070855968,0.1770342925643913,10.0,0.5209666690285323
0.0,FW_diminishing,diminishing,80.0,0.0018839836120605469,15.630474318087156,0.07886528683740934,10.0,0.5210158106029052
0.0,FW_diminishing,diminishing,81.0,0.0019059181213378906,15.631146553532158,0.06497629704889363,10.0,0.5210382184510719
0.0,FW_diminishing,diminishing,82.0,0.0019278526306152344,15.629697592317312,0.142539815968874,10.0,0.5209899197439104
0.0,FW_diminishing,diminishing,83.0,0.0019500255584716797,15.629238131503065,0.12885472530962794,10.0,0.5209746043834355
0.0,FW_diminishing,diminishing,84.0,0.0019719600677490234,15.62969844812369,0.069985911444709,10.0,0.5209899482707897
0.0,FW_diminishing,diminishing,85.0,0.001995086669921875,15.628758619526113,0.1580074565048495,10.0,0.5209586206508704
0.0,FW_diminishing,diminishing,86.0,0.002017974853515625,15.628726755705157,0.07795909681667368,10.0,0.5209575585235052
0.0,FW_diminishing,diminishing,87.0,0.0020380020141601562,15.628434350004506,0.10046164314323924,10.0,0.5209478116668168
0.0,FW_diminishing,diminishing,88.0,0.002061128616333008,15.628283573171117,0.10533842231571278,10.0,0.5209427857723706
0.0,FW_diminishing,diminishing,89.0,0.0020830631256103516,15.629097925299611,0.07308828356468666,10.0,0.5209699308433203
0.0,FW_diminishing,diminishing,90.0,0.002103090286254883,15.629070714987368,0.07439534490398891,10.0,0.5209690238329122
0.0,FW_diminishing,diminishing,91.0,0.0021240711212158203,15.627491523527983,0.15835841454476807,10.0,0.5209163841175994
0.0,FW_diminishing,diminishing,92.0,0.0021469593048095703,15.629169928048162,0.041885522421022614,10.0,0.5209723309349388
0.0,FW_diminishing,diminishing,93.0,0.0021698474884033203,15.629610317788094,0.07172478635523305,10.0,0.5209870105929365
0.0,FW_diminishing,diminishing,94.0,0.002191781997680664,15.629402298030168,0.09083912868510957,10.0,0.5209800766010056
0.0,FW_diminishing,diminishing,95.0,0.0022139549255371094,15.628125997930017,0.13246496921702544,10.0,0.5209375332643339
0.0,FW_diminishing,diminishing,96.0,0.002234935760498047,15.629092452968063,0.05454250294870455,10.0,0.5209697484322687
0.0,FW_diminishing,diminishing,97.0,0.002257823944091797,15.628327700417211,0.11679410986562822,10.0,0.5209442566805736
0.0,FW_diminishing,diminishing,98.0,0.002279996871948242,15.62798025729142,0.08488962325148464,10.0,0.5209326752430473
0.0,FW_diminishing,diminishing,99.0,0.002301931381225586,15.628386050341058,0.07039219423825926,10.0,0.5209462016780353
0.0,FW_diminishing,diminishing,100.0,0.0023250579833984375,15.627574511268238,0.11804397843584447,10.0,0.5209191503756079
0.0,FW_diminishing,diminishing,101.0,0.0023469924926757812,15.628637148257175,0.05839089956335464,10.0,0.5209545716085725
0.0,FW_diminishing,diminishing,102.0,0.002368927001953125,15.628433823239952,0.07530323771720226,10.0,0.5209477941079984
0.0,FW_diminishing,diminishing,103.0,0.0023910999298095703,15.628569322746609,0.06636635932541246,10.0,0.5209523107582202
0.0,FW_diminishing,diminishing,104.0,0.002413034439086914,15.628567239157324,0.08701059762469576,10.0,0.5209522413052441
0.0,FW_diminishing,diminishing,105.0,0.002435922622680664,15.629211708862304,0.05892236254453387,10.0,0.5209737236287435
0.0,FW_diminishing,diminishing,106.0,0.002458810806274414,15.628897565280965,0.08880382675538812,10.0,0.5209632521760322
0.0,FW_diminishing,diminishing,107.0,0.0024797916412353516,15.628099309429727,0.1058211832174667,10.0,0.5209366436476576
0.0,FW_diminishing,diminishing,108.0,0.002501964569091797,15.628518787190282,0.056684857577185,10.0,0.520950626239676
0.0,FW_diminishing,diminishing,109.0,0.002524852752685547,15.629055943163467,0.07300417736479936,10.0,0.5209685314387822
0.0,FW_diminishing,diminishing,110.0,0.0025479793548583984,15.628408336677058,0.10584745167158616,10.0,0.520946944555902
0.0,FW_diminishing,diminishing,111.0,0.002569913864135742,15.628050203695473,0.07989465043348076,10.0,0.520935006789849
0.0,FW_diminishing,diminishing,112.0,0.0025920867919921875,15.628852723213132,0.04162836730788122,10.0,0.5209617574404377
0.0,FW_diminishing,diminishing,113.0,0.0026140213012695312,15.627820268476775,0.12751278924940657,10.0,0.5209273422825592
0.0,FW_diminishing,diminishing,114.0,0.0026350021362304688,15.628203541278815,0.053348278416741834,10.0,0.5209401180426272
0.0,FW_diminishing,diminishing,115.0,0.0026581287384033203,15.627882728701271,0.0763305865648114,10.0,0.5209294242900424
0.0,FW_diminishing,diminishing,116.0,0.002679109573364258,15.627547913359457,0.08547209172198755,10.0,0.5209182637786486
0.0,FW_diminishing,diminishing,117.0,0.0027000904083251953,15.627829833325913,0.06736768566176643,10.0,0.5209276611108637
0.0,FW_diminishing,diminishing,118.0,0.002722024917602539,15.62809542299571,0.039582352214825534,10.0,0.520936514099857
0.0,FW_diminishing,diminishing,119.0,0.002743959426879883,15.627382909364968,0.10755721743931801,10.0,0.520912763645499
0.0,FW_diminishing,diminishing,120.0,0.002766132354736328,15.62780598530233,0.0490936520774401,10.0,0.5209268661767443
0.0,FW_diminishing,diminishing,121.0,0.0027871131896972656,15.628574842317954,0.04505794557576692,10.0,0.5209524947439318
0.0,FW_diminishing,diminishing,122.0,0.002808094024658203,15.62801793095035,0.09724531636842038,10.0,0.5209339310316783
0.0,FW_diminishing,diminishing,123.0,0.002830028533935547,15.628068171020463,0.05032590602346687,10.0,0.5209356057006821
0.0,FW_diminishing,diminishing,124.0,0.002852201461791992,15.628410968379299,0.04789307993595315,10.0,0.5209470322793099
0.0,FW_diminishing,diminishing,125.0,0.0028738975524902344,15.62888786071208,0.06149334105437099,10.0,0.5209629286904026
0.0,FW_diminishing,diminishing,126.0,0.0028967857360839844,15.628639745463028,0.07630419116078535,10.0,0.520954658182101
0.0,FW_diminishing,diminishing,127.0,0.0029189586639404297,15.628211907477015,0.07985172694674603,10.0,0.5209403969159004
0.0,FW_diminishing,diminishing,128.0,0.0029408931732177734,15.628522328141223,0.05667008550067543,10.0,0.5209507442713741
0.0,FW_diminishing,diminishing,129.0,0.0029630661010742188,15.62796163416139,0.09607390484616118,10.0,0.5209320544720463
0.0,FW_diminishing,diminishing,130.0,0.0029859542846679688,15.628229048346554,0.05160691957207675,10.0,0.5209409682782185
0.0,FW_diminishing,diminishing,131.0,0.0030090808868408203,15.628353119163526,0.04186885811542673,10.0,0.5209451039721176
0.0,FW_diminishing,diminishing,132.0,0.003031015396118164,15.627753213723173,0.09824839767155424,10.0,0.5209251071241058
0.0,FW_diminishing,diminishing,133.0,0.0030519962310791016,15.628042588706094,0.05444220610753803,10.0,0.5209347529568699
0.0,FW_diminishing,diminishing,134.0,0.003075122833251953,15.62804366652293,0.05651858850706404,10.0,0.5209347888840976
0.0,FW_diminishing,diminishing,135.0,0.003097057342529297,15.627718505129321,0.07136305641322416,10.0,0.5209239501709774
0.0,FW_diminishing,diminishing,136.0,0.003118753433227539,15.627608779961214,0.07136301271360601,10.0,0.5209202926653738
0.0,FW_diminishing,diminishing,137.0,0.0031418800354003906,15.628155390430253,0.043707257546369505,10.0,0.5209385130143418
0.0,FW_diminishing,diminishing,138.0,0.003162860870361328,15.627916081391312,0.07194537310297022,10.0,0.5209305360463771
0.0,FW_diminishing,diminishing,139.0,0.003184795379638672,15.627843357064714,0.05255904213168172,10.0,0.5209281119021572
0.0,FW_diminishing,diminishing,140.0,0.003206968307495117,15.628252703574901,0.04107522244169992,10.0,0.52094175678583
0.0,FW_diminishing,diminishing,141.0,0.003229856491088867,15.627740466507305,0.09092486650982678,10.0,0.5209246822169101
0.0,FW_diminishing,diminishing,142.0,0.0032529830932617188,15.627653723947372,0.06732302547145785,10.0,0.5209217907982457
0.0,FW_diminishing,diminishing,143.0,0.0032739639282226562,15.627726753778953,0.061382248437919174,10.0,0.5209242251259651
0.0,FW_diminishing,diminishing,144.0,0.0032958984375,15.628163770278746,0.02032200225763603,10.0,0.5209387923426249
0.0,FW_diminishing,diminishing,145.0,0.0033180713653564453,15.628544672638268,0.06554082151800777,10.0,0.5209514890879423
0.0,FW_diminishing,diminishing,146.0,0.0033409595489501953,15.62843118833959,0.053591873591647854,10.0,0.5209477062779864
0.0,FW_diminishing,diminishing,147.0,0.003364086151123047,15.62869692159526,0.03883924698865293,10.0,0.5209565640531754
0.0,FW_diminishing,diminishing,148.0,0.0033850669860839844,15.628773604020656,0.045401841611724336,10.0,0.5209591201340219
0.0,FW_diminishing,diminishing,149.0,0.0034079551696777344,15.628421613548129,0.09321187614527027,10.0,0.5209473871182709
0.0,FW_diminishing,diminishing,150.0,0.003428936004638672,15.628320800968753,0.05164244360250514,10.0,0.5209440266989585
0.0,FW_diminishing,diminishing,151.0,0.003451824188232422,15.628154105842642,0.06313897476225705,10.0,0.5209384701947547
0.0,FW_diminishing,diminishing,152.0,0.0034749507904052734,15.628323205433738,0.04627002651951351,10.0,0.5209441068477912
0.0,FW_diminishing,diminishing,153.0,0.003495931625366211,15.628409049209864,0.06690063730953355,10.0,0.5209469683069955
0.0,FW_diminishing,diminishing,154.0,0.0035190582275390625,15.628325484042323,0.055841211348438335,10.0,0.5209441828014107
0.0,FW_diminishing,diminishing,155.0,0.0035409927368164062,15.628121706472346,0.058667280926464116,10.0,0.5209373902157448
0.0,FW_diminishing,diminishing,156.0,0.00356292724609375,15.628204558235282,0.05668493752382453,10.0,0.520940151941176
0.0,FW_diminishing,diminishing,157.0,0.0035860538482666016,15.62789978357749,0.07283846262949112,10.0,0.5209299927859163
0.0,FW_diminishing,diminishing,158.0,0.003607034683227539,15.628074999478729,0.04061671256666877,10.0,0.5209358333159576
0.0,FW_diminishing,diminishing,159.0,0.0036301612854003906,15.627890149457405,0.05646680221986955,10.0,0.5209296716485802
0.0,FW_diminishing,diminishing,160.0,0.003651857376098633,15.627923930882767,0.044628022030870795,10.0,0.5209307976960923
0.0,FW_diminishing,diminishing,161.0,0.0036737918853759766,15.627768030400388,0.07421404638532714,10.0,0.5209256010133463
0.0,FW_diminishing,diminishing,162.0,0.003696918487548828,15.627895858486388,0.030025028945843246,10.0,0.5209298619495463
0.0,FW_diminishing,diminishing,163.0,0.0037178993225097656,15.62771435508719,0.06168384657709325,10.0,0.5209238118362397
0.0,FW_diminishing,diminishing,164.0,0.003741025924682617,15.627763746964739,0.050966982894788515,10.0,0.520925458232158
0.0,FW_diminishing,diminishing,165.0,0.003762960433959961,15.628040414192663,0.044909870462143786,10.0,0.5209346804730888
0.0,FW_diminishing,diminishing,166.0,0.0037848949432373047,15.62793091025526,0.05499266520282475,10.0,0.5209310303418421
0.0,FW_diminishing,diminishing,167.0,0.0038080215454101562,15.62794561590936,0.03816022117788975,10.0,0.520931520530312
0.0,FW_diminishing,diminishing,168.0,0.0038290023803710938,15.628132505511983,0.04271906774945755,10.0,0.5209377501837328
0.0,FW_diminishing,diminishing,169.0,0.0038509368896484375,15.627827031639313,0.07129857651955618,10.0,0.5209275677213104
0.0,FW_diminishing,diminishing,170.0,0.003873109817504883,15.627670203329162,0.06458914111186864,10.0,0.520922340110972
0.0,FW_diminishing,diminishing,171.0,0.003895998001098633,15.627688588160824,0.03688983994428163,10.0,0.5209229529386942
0.0,FW_diminishing,diminishing,172.0,0.003918886184692383,15.627903666228466,0.0481288303602998,10.0,0.5209301222076156
0.0,FW_diminishing,diminishing,173.0,0.003940105438232422,15.627765318343743,0.05608201352482922,10.0,0.5209255106114581
0.0,FW_diminishing,diminishing,174.0,0.003962993621826172,15.627782019003007,0.050461751416410294,10.0,0.5209260673001003
0.0,FW_diminishing,diminishing,175.0,0.003984928131103516,15.627843363118824,0.032126479487867954,10.0,0.5209281121039608
0.0,FW_diminishing,diminishing,176.0,0.004006862640380859,15.627667637180098,0.05890742774136726,10.0,0.5209222545726699
0.0,FW_diminishing,diminishing,177.0,0.004029035568237305,15.62759613312177,0.06227934951244052,10.0,0.520919871104059
0.0,FW_diminishing,diminishing,178.0,0.004048824310302734,15.627755497287088,0.028104786196999854,10.0,0.5209251832429029
0.0,FW_diminishing,diminishing,179.0,0.00407099723815918,15.627558556930689,0.05479940426802443,10.0,0.5209186185643563
0.0,FW_diminishing,diminishing,180.0,0.004090785980224609,15.627496312290791,0.05384323500381072,10.0,0.5209165437430264
0.0,FW_diminishing,diminishing,181.0,0.004111766815185547,15.627718352793472,0.04171653291804134,10.0,0.5209239450931158
0.0,FW_diminishing,diminishing,182.0,0.004132986068725586,15.627727389860139,0.04083037097437092,10.0,0.5209242463286713
0.0,FW_diminishing,diminishing,183.0,0.00419306755065918,15.627810836401444,0.04617385603190982,10.0,0.5209270278800482
0.0,FW_diminishing,diminishing,184.0,0.004224061965942383,15.627702607405379,0.045951882346075834,10.0,0.5209234202468459
0.0,FW_diminishing,diminishing,185.0,0.004249095916748047,15.627545360595024,0.055856866639199865,10.0,0.5209181786865008
0.0,FW_diminishing,diminishing,186.0,0.004271984100341797,15.62748467510121,0.05436493827611599,10.0,0.520916155836707
0.0,FW_diminishing,diminishing,187.0,0.004294872283935547,15.627693960160688,0.015217741687367337,10.0,0.5209231320053562
0.0,FW_diminishing,diminishing,188.0,0.0043179988861083984,15.627504318774223,0.05854884464260479,10.0,0.5209168106258074
0.0,FW_diminishing,diminishing,189.0,0.004470109939575195,15.627530354708945,0.049753080776879344,10.0,0.5209176784902981
0.0,FW_diminishing,diminishing,190.0,0.0045588016510009766,15.627599591803778,0.038867183405979944,10.0,0.5209199863934593
0.0,FW_diminishing,diminishing,191.0,0.0046138763427734375,15.627554968459735,0.044059853272042204,10.0,0.5209184989486578
0.0,FW_diminishing,diminishing,192.0,0.004685163497924805,15.6273162610358,0.05768494384001599,10.0,0.5209105420345267
0.0,FW_diminishing,diminishing,193.0,0.004708766937255859,15.627525800360736,0.039123776418866996,10.0,0.5209175266786912
0.0,FW_diminishing,diminishing,194.0,0.004731893539428711,15.627742157235195,0.017673758979633192,10.0,0.5209247385745065
0.0,FW_diminishing,diminishing,195.0,0.0047550201416015625,15.627519561116719,0.0559102816262218,10.0,0.5209173187038906
0.0,FW_diminishing,diminishing,196.0,0.004781007766723633,15.627534580176285,0.042686535513702495,10.0,0.5209178193392094
0.0,FW_diminishing,diminishing,197.0,0.00480198860168457,15.627717658761659,0.03879962228390177,10.0,0.520923921958722
0.0,FW_diminishing,diminishing,198.0,0.004825115203857422,15.627800990809432,0.029886199063154706,10.0,0.5209266996936477
0.0,FW_diminishing,diminishing,199.0,0.004846811294555664,15.627754903526563,0.054314741445042,10.0,0.5209251634508855
0.0,FW_diminishing,diminishing,200.0,0.004869937896728516,15.627611380595052,0.047556339460738783,10.0,0.5209203793531684
0.0,FW_diminishing,diminishing,201.0,0.004892826080322266,15.62755201735745,0.04381826246477516,10.0,0.5209184005785816
0.0,FW_diminishing,diminishing,202.0,0.004914045333862305,15.62737227650406,0.06326474671534399,10.0,0.520912409216802
0.0,FW_diminishing,diminishing,203.0,0.004935026168823242,15.627502240112666,0.018980384096835223,10.0,0.5209167413370889
0.0,FW_diminishing,diminishing,204.0,0.004956960678100586,15.62741362145288,0.046396323189361155,10.0,0.5209137873817626
0.0,FW_diminishing,diminishing,205.0,0.00498199462890625,15.627332579283069,0.05665712241843046,10.0,0.5209110859761023
0.0,FW_diminishing,diminishing,206.0,0.0050029754638671875,15.627452576977369,0.029444409742446,10.0,0.5209150858992456
0.0,FW_diminishing,diminishing,207.0,0.005029916763305664,15.627483347736463,0.03339415347595143,10.0,0.5209161115912154
0.0,FW_diminishing,diminishing,208.0,0.005053043365478516,15.627234269471522,0.05805688411991383,10.0,0.5209078089823841
0.0,FW_diminishing,diminishing,209.0,0.005074024200439453,15.627517536712105,0.023748819770473162,10.0,0.5209172512237369
0.0,FW_diminishing,diminishing,210.0,0.005096912384033203,15.627564187221628,0.03112465887638649,10.0,0.520918806240721
0.0,FW_diminishing,diminishing,211.0,0.0051190853118896484,15.627598716904687,0.0431034710988758,10.0,0.5209199572301563
0.0,FW_diminishing,diminishing,212.0,0.0051419734954833984,15.627685662246344,0.033247468522530355,10.0,0.5209228554082115
0.0,FW_diminishing,diminishing,213.0,0.005162954330444336,15.627624203377135,0.04227530740574181,10.0,0.5209208067792378
0.0,FW_diminishing,diminishing,214.0,0.005185127258300781,15.627289806229776,0.06721584624990129,10.0,0.5209096602076592
0.0,FW_diminishing,diminishing,215.0,0.005208015441894531,15.62753145992552,0.008815575048616964,10.0,0.5209177153308506
0.0,FW_diminishing,diminishing,216.0,0.0052301883697509766,15.627415530014833,0.043232807724514544,10.0,0.5209138510004945
0.0,FW_diminishing,diminishing,217.0,0.005251169204711914,15.627409885473512,0.046146438869865136,10.0,0.520913662849117
0.0,FW_diminishing,diminishing,218.0,0.005273103713989258,15.627327338602433,0.048893661457540816,10.0,0.5209109112867477
0.0,FW_diminishing,diminishing,219.0,0.005294084548950195,15.627325113001358,0.034882371238770915,10.0,0.5209108371000453
0.0,FW_diminishing,diminishing,220.0,0.005316972732543945,15.627217888420763,0.04193727608857678,10.0,0.5209072629473588
0.0,FW_diminishing,diminishing,221.0,0.005338907241821289,15.627353034531593,0.03698919247379884,10.0,0.5209117678177198
0.0,FW_diminishing,diminishing,222.0,0.0053598880767822266,15.627504860532543,0.02185714823287377,10.0,0.5209168286844181
0.0,FW_diminishing,diminishing,223.0,0.00538182258605957,15.627654669181238,0.025801138734800944,10.0,0.5209218223060412
0.0,FW_diminishing,diminishing,224.0,0.005403995513916016,15.627630648589696,0.036596750963667546,10.0,0.5209210216196565
0.0,FW_diminishing,diminishing,225.0,0.005425930023193359,15.627724136273107,0.03319699846745294,10.0,0.5209241378757702
0.0,FW_diminishing,diminishing,226.0,0.005449056625366211,15.627695327120616,0.03244239853793829,10.0,0.5209231775706872
0.0,FW_diminishing,diminishing,227.0,0.005470991134643555,15.627560543666602,0.048979042242747184,10.0,0.5209186847888867
0.0,FW_diminishing,diminishing,228.0,0.0054929256439208984,15.627564418668646,0.039197018870401834,10.0,0.5209188139556216
0.0,FW_diminishing,diminishing,229.0,0.005513906478881836,15.6277112443498,0.03210100810726857,10.0,0.5209237081449933
0.0,FW_diminishing,diminishing,230.0,0.0055370330810546875,15.627616027415915,0.04411564923308475,10.0,0.5209205342471972
0.0,FW_diminishing,diminishing,231.0,0.005558967590332031,15.627538985060442,0.0375526710551366,10.0,0.5209179661686814
0.0,FW_diminishing,diminishing,232.0,0.0055811405181884766,15.62758808816373,0.03153698688213602,10.0,0.520919602938791
0.0,FW_diminishing,diminishing,233.0,0.005604982376098633,15.627649556651862,0.025266390053582555,10.0,0.5209216518883955
0.0,FW_diminishing,diminishing,234.0,0.005627870559692383,15.627472090530064,0.06333344794100704,10.0,0.5209157363510022
0.0,FW_diminishing,diminishing,235.0,0.00564885139465332,15.627401866073587,0.036408074116526024,10.0,0.5209133955357862
0.0,FW_diminishing,diminishing,236.0,0.005671977996826172,15.627361396508238,0.03699541942815898,10.0,0.5209120465502746
0.0,FW_diminishing,diminishing,237.0,0.005693912506103516,15.627504269164536,0.02446418598511002,10.0,0.5209168089721512
0.0,FW_diminishing,diminishing,238.0,0.005717039108276367,15.627574392650718,0.019176713908024112,10.0,0.5209191464216906
0.0,FW_diminishing,diminishing,239.0,0.005739927291870117,15.627432419119947,0.04898484193550878,10.0,0.5209144139706648
0.0,FW_diminishing,diminishing,240.0,0.0057621002197265625,15.627365966935999,0.044195798752811655,10.0,0.5209121988978667
0.0,FW_diminishing,diminishing,241.0,0.0057849884033203125,15.627519032770401,0.02800712912121739,10.0,0.5209173010923467
0.0,FW_diminishing,diminishing,242.0,0.005806922912597656,15.627578110162379,0.024073924865964713,10.0,0.520919270338746
0.0,FW_diminishing,diminishing,243.0,0.005829811096191406,15.627447535583517,0.04321949044519968,10.0,0.5209149178527839
0.0,FW_diminishing,diminishing,244.0,0.005853891372680664,15.62742745390328,0.039537998374381544,10.0,0.5209142484634427
0.0,FW_diminishing,diminishing,245.0,0.005876064300537109,15.627462366610478,0.026610996338376935,10.0,0.5209154122203493
0.0,FW_diminishing,diminishing,246.0,0.005900144577026367,15.62735477727471,0.05360533289411862,10.0,0.5209118259091571
0.0,FW_diminishing,diminishing,247.0,0.0059239864349365234,15.6273782418878,0.02371052047694633,10.0,0.5209126080629267
0.0,FW_diminishing,diminishing,248.0,0.00594782829284668,15.62731959419114,0.03797390211444984,10.0,0.5209106531397046
0.0,FW_diminishing,diminishing,249.0,0.005970954895019531,15.627544265026533,0.026278407089979083,10.0,0.5209181421675511
0.0,FW_diminishing,diminishing,250.0,0.005991935729980469,15.627625916059444,0.02427332624622558,10.0,0.5209208638686481
0.0,FW_diminishing,diminishing,251.0,0.00601506233215332,15.627713408175905,0.01906036021511781,10.0,0.5209237802725302
0.0,FW_diminishing,diminishing,252.0,0.006036996841430664,15.627537839041878,0.04859803634817439,10.0,0.5209179279680626
0.0,FW_diminishing,diminishing,253.0,0.006060123443603516,15.627567442994822,0.03523982281979343,10.0,0.5209189147664941
0.0,FW_diminishing,diminishing,254.0,0.006083011627197266,15.627563724489308,0.03033959366157646,10.0,0.5209187908163103
0.0,FW_diminishing,diminishing,255.0,0.006103992462158203,15.62751622587504,0.03196907211203737,10.0,0.520917207529168
0.0,FW_diminishing,diminishing,256.0,0.006126880645751953,15.627682168141924,0.02244421602222424,10.0,0.5209227389380641
0.0,FW_diminishing,diminishing,257.0,0.006150007247924805,15.627639227903328,0.039303021108267444,10.0,0.5209213075967776
0.0,FW_diminishing,diminishing,258.0,0.006172895431518555,15.627565857604106,0.03900845482710835,10.0,0.5209188619201368
0.0,FW_diminishing,diminishing,259.0,0.006196022033691406,15.62766738248002,0.02478814525258244,10.0,0.5209222460826674
0.0,FW_diminishing,diminishing,260.0,0.00621795654296875,15.62765815974,0.02653781141760625,10.0,0.520921938658
0.0,FW_diminishing,diminishing,261.0,0.0062410831451416016,15.627502760005232,0.04964999806477799,10.0,0.5209167586668411
0.0,FW_diminishing,diminishing,262.0,0.006263017654418945,15.627445307769566,0.04214360756638591,10.0,0.5209148435923189
0.0,FW_diminishing,diminishing,263.0,0.0062868595123291016,15.62750899005703,0.020336915411700573,10.0,0.5209169663352343
0.0,FW_diminishing,diminishing,264.0,0.006309986114501953,15.627425956096516,0.03606507699061545,10.0,0.5209141985365505
0.0,FW_diminishing,diminishing,265.0,0.006332874298095703,15.62745431028171,0.039712698565850246,10.0,0.520915143676057
0.0,FW_diminishing,diminishing,266.0,0.006356000900268555,15.62755955259269,0.019775055268153707,10.0,0.5209186517530896
0.0,FW_diminishing,diminishing,267.0,0.0063779354095458984,15.627544383822244,0.030461566597221434,10.0,0.5209181461274082
0.0,FW_diminishing,diminishing,268.0,0.006402015686035156,15.627483504900303,0.03284541338651614,10.0,0.52091611683001
0.0,FW_diminishing,diminishing,269.0,0.006425142288208008,15.627533188942369,0.0299399981234707,10.0,0.5209177729647456
0.0,FW_diminishing,diminishing,270.0,0.006446123123168945,15.627439997198826,0.04085861587643258,10.0,0.5209146665732942
0.0,FW_diminishing,diminishing,271.0,0.006468772888183594,15.62752299421592,0.020547163655759704,10.0,0.5209174331405306
0.0,FW_diminishing,diminishing,272.0,0.006490945816040039,15.627548883414939,0.037855763009757126,10.0,0.5209182961138313
0.0,FW_diminishing,diminishing,273.0,0.006513833999633789,15.627526070708168,0.02727520351069579,10.0,0.5209175356902722
0.0,FW_diminishing,diminishing,274.0,0.006536960601806641,15.627374911932938,0.04869279918612612,10.0,0.5209124970644312
0.0,FW_diminishing,diminishing,275.0,0.006558895111083984,15.627489317226171,0.019961446093192947,10.0,0.5209163105742057
0.0,FW_diminishing,diminishing,276.0,0.006582021713256836,15.627478020919822,0.029061872909121433,10.0,0.5209159340306607
0.0,FW_diminishing,diminishing,277.0,0.00660395622253418,15.627349586588268,0.04181370111855642,10.0,0.5209116528862756
0.0,FW_diminishing,diminishing,278.0,0.006627082824707031,15.627329753236113,0.03395241697802476,10.0,0.5209109917745371
0.0,FW_diminishing,diminishing,279.0,0.006649971008300781,15.627426812678342,0.01345135796464092,10.0,0.520914227089278
0.0,FW_diminishing,diminishing,280.0,0.006670951843261719,15.627327259064208,0.03765078582257253,10.0,0.5209109086354736
0.0,FW_diminishing,diminishing,281.0,0.006693840026855469,15.62733369039367,0.0342386316047385,10.0,0.5209111230131224
0.0,FW_diminishing,diminishing,282.0,0.00671696662902832,15.627355322808114,0.023803135804229214,10.0,0.5209118440936038
0.0,FW_diminishing,diminishing,283.0,0.006740093231201172,15.627345187195024,0.033397375035216115,10.0,0.5209115062398342
0.0,FW_diminishing,diminishing,284.0,0.006762981414794922,15.627438231275471,0.02628040529379838,10.0,0.5209146077091824
0.0,FW_diminishing,diminishing,285.0,0.006783962249755859,15.627480517234298,0.020502249660840022,10.0,0.5209160172411432
0.0,FW_diminishing,diminishing,286.0,0.006807088851928711,15.627328986051353,0.04499287774605065,10.0,0.5209109662017117
0.0,FW_diminishing,diminishing,287.0,0.006829977035522461,15.62741415299074,0.017786521757184204,10.0,0.5209138050996913
0.0,FW_diminishing,diminishing,288.0,0.006852865219116211,15.62753504144082,0.02240000053575386,10.0,0.520917834714694
0.0,FW_diminishing,diminishing,289.0,0.0068759918212890625,15.62749100629258,0.02923191336200226,10.0,0.5209163668764193
0.0,FW_diminishing,diminishing,290.0,0.00689697265625,15.627390655042168,0.04090598683594138,10.0,0.520913021834739
0.0,FW_diminishing,diminishing,291.0,0.00691986083984375,15.627439356074461,0.026762888663050433,10.0,0.5209146452024821
0.0,FW_diminishing,diminishing,292.0,0.0069429874420166016,15.627463455015805,0.02240807167238046,10.0,0.5209154485005268
0.0,FW_diminishing,diminishing,293.0,0.006964921951293945,15.627325876708666,0.04290126972633779,10.0,0.5209108625569555
0.0,FW_diminishing,diminishing,294.0,0.006989002227783203,15.627320333680764,0.031573851723731394,10.0,0.5209106777893588
0.0,FW_diminishing,diminishing,295.0,0.007009983062744141,15.627329044989379,0.024409135963669115,10.0,0.5209109681663127
0.0,FW_diminishing,diminishing,296.0,0.007033109664916992,15.627376511102776,0.026253381468128723,10.0,0.5209125503700925
0.0,FW_diminishing,diminishing,297.0,0.007054805755615234,15.62734579643808,0.026790675749611026,10.0,0.520911526547936
0.0,FW_diminishing,diminishing,298.0,0.007077932357788086,15.627289207039313,0.0339979028155426,10.0,0.5209096402346438
0.0,FW_diminishing,diminishing,299.0,0.007100820541381836,15.627284552870822,0.02967311516473714,10.0,0.5209094850956941
0.0,FW_diminishing,diminishing,300.0,0.007122993469238281,15.627366934815292,0.025040972474402068,10.0,0.5209122311605098
0.0,FW_diminishing,diminishing,301.0,0.007145881652832031,15.627387549656733,0.01872948502375138,10.0,0.5209129183218911
0.0,FW_diminishing,diminishing,302.0,0.0071680545806884766,15.627281528312798,0.041337095525488365,10.0,0.5209093842770932
0.0,FW_diminishing,diminishing,303.0,0.0071909427642822266,15.627360208405463,0.020525011567217533,10.0,0.5209120069468488
0.0,FW_diminishing,diminishing,304.0,0.007214069366455078,15.627368998088741,0.023596407496425442,10.0,0.5209122999362914
0.0,FW_diminishing,diminishing,305.0,0.00723576545715332,15.627323225275289,0.03671087916471549,10.0,0.520910774175843
0.0,FW_diminishing,diminishing,306.0,0.007266998291015625,15.627266888477575,0.03024883460484773,10.0,0.5209088962825859
0.0,FW_diminishing,diminishing,307.0,0.007289886474609375,15.627261585691567,0.025531490442860516,10.0,0.5209087195230523
0.0,FW_diminishing,diminishing,308.0,0.0073130130767822266,15.627337009388244,0.02030719991783414,10.0,0.5209112336462748
0.0,FW_diminishing,diminishing,309.0,0.00733494758605957,15.627378384423942,0.021554732219920325,10.0,0.5209126128141314
0.0,FW_diminishing,diminishing,310.0,0.007359027862548828,15.627323917811946,0.02978988716390063,10.0,0.5209107972603982
0.0,FW_diminishing,diminishing,311.0,0.007381916046142578,15.627202578554042,0.04350044607890169,10.0,0.5209067526184681
0.0,FW_diminishing,diminishing,312.0,0.007402896881103516,15.627333269098761,0.015469405927298396,10.0,0.5209111089699587
0.0,FW_diminishing,diminishing,313.0,0.0074269771575927734,15.627387354909208,0.01565988779078964,10.0,0.520912911830307
0.0,FW_diminishing,diminishing,314.0,0.007449150085449219,15.627296142745449,0.03547098424463435,10.0,0.5209098714248482
0.0,FW_diminishing,diminishing,315.0,0.007471799850463867,15.627301724602962,0.026606202422854608,10.0,0.5209100574867654
0.0,FW_diminishing,diminishing,316.0,0.007494926452636719,15.627359812207754,0.021967153319348398,10.0,0.5209119937402584
0.0,FW_diminishing,diminishing,317.0,0.0075168609619140625,15.627300104302876,0.03351038522787775,10.0,0.5209100034767625
0.0,FW_diminishing,diminishing,318.0,0.007539987564086914,15.627213229431403,0.03469187440663113,10.0,0.5209071076477134
0.0,FW_diminishing,diminishing,319.0,0.007561922073364258,15.627350604755035,0.013972777323806085,10.0,0.5209116868251679
0.0,FW_diminishing,diminishing,320.0,0.007586002349853516,15.62740458042559,0.019505085223437746,10.0,0.5209134860141863
0.0,FW_diminishing,diminishing,321.0,0.007608175277709961,15.627294895212891,0.04145298692934318,10.0,0.5209098298404297
0.0,FW_diminishing,diminishing,322.0,0.007630109786987305,15.62722460674001,0.03190476529414177,10.0,0.5209074868913336
0.0,FW_diminishing,diminishing,323.0,0.007652759552001953,15.627250531823968,0.01924435287119408,10.0,0.5209083510607989
0.0,FW_diminishing,diminishing,324.0,0.007681131362915039,15.627272779786317,0.026841160755870064,10.0,0.5209090926595439
0.0,FW_diminishing,diminishing,325.0,0.007705211639404297,15.627279255641223,0.019193381372714313,10.0,0.5209093085213741
0.0,FW_diminishing,diminishing,326.0,0.007726907730102539,15.627265121645554,0.028901046234000916,10.0,0.5209088373881852
0.0,FW_diminishing,diminishing,327.0,0.0077478885650634766,15.627185352462421,0.036398047461084104,10.0,0.520906178415414
0.0,FW_diminishing,diminishing,328.0,0.007771968841552734,15.627210385219874,0.01591834909299017,10.0,0.5209070128406624
0.0,FW_diminishing,diminishing,329.0,0.007793903350830078,15.627259408982553,0.014892330351170102,10.0,0.5209086469660851
0.0,FW_diminishing,diminishing,330.0,0.00781702995300293,15.627205054218347,0.03901312217812247,10.0,0.5209068351406115
0.0,FW_diminishing,diminishing,331.0,0.007841110229492188,15.627329038203984,0.01327795190257497,10.0,0.5209109679401328
0.0,FW_diminishing,diminishing,332.0,0.007862091064453125,15.62731622950023,0.02824032978903901,10.0,0.520910540983341
0.0,FW_diminishing,diminishing,333.0,0.007884979248046875,15.627291108934388,0.02701047741560103,10.0,0.5209097036311463
0.0,FW_diminishing,diminishing,334.0,0.007908105850219727,15.627192427677254,0.0363904198663878,10.0,0.5209064142559084
0.0,FW_diminishing,diminishing,335.0,0.007930994033813477,15.627287853908593,0.010810207477993217,10.0,0.5209095951302865
0.0,FW_diminishing,diminishing,336.0,0.007953882217407227,15.627251192159719,0.028807024996606145,10.0,0.5209083730719907
0.0,FW_diminishing,diminishing,337.0,0.007974863052368164,15.62726028349931,0.027763661924680605,10.0,0.5209086761166437
0.0,FW_diminishing,diminishing,338.0,0.007997989654541016,15.627281197710332,0.024666666020941364,10.0,0.520909373257011
0.0,FW_diminishing,diminishing,339.0,0.008021116256713867,15.627290753784662,0.020735652957052153,10.0,0.5209096917928221
0.0,FW_diminishing,diminishing,340.0,0.008044004440307617,15.627249410203165,0.026476166694406444,10.0,0.5209083136734388
0.0,FW_diminishing,diminishing,341.0,0.008067131042480469,15.627290551230555,0.018303239009670236,10.0,0.5209096850410185
0.0,FW_diminishing,diminishing,342.0,0.008088111877441406,15.627346306423448,0.024081530499397985,10.0,0.5209115435474483
0.0,FW_diminishing,diminishing,343.0,0.008111953735351562,15.627391831404243,0.014214418819575414,10.0,0.5209130610468081
0.0,FW_diminishing,diminishing,344.0,0.008133888244628906,15.627287492044932,0.03729472255002442,10.0,0.5209095830681644
0.0,FW_diminishing,diminishing,345.0,0.008157014846801758,15.62736074946839,0.015849993729920797,10.0,0.5209120249822797
0.0,FW_diminishing,diminishing,346.0,0.008179903030395508,15.627356730305605,0.022624828131808883,10.0,0.5209118910101869
0.0,FW_diminishing,diminishing,347.0,0.008200883865356445,15.627340340675742,0.028927833967751226,10.0,0.5209113446891914
0.0,FW_diminishing,diminishing,348.0,0.008224010467529297,15.627313533445433,0.02363760064824838,10.0,0.5209104511148478
0.0,FW_diminishing,diminishing,349.0,0.008247137069702148,15.627298489639761,0.024388603357444083,10.0,0.5209099496546588
0.0,FW_diminishing,diminishing,350.0,0.008270025253295898,15.627284636746628,0.03464931353168055,10.0,0.5209094878915542
0.0,FW_diminishing,diminishing,351.0,0.008292913436889648,15.627316288058227,0.019058163166940645,10.0,0.5209105429352742
0.0,FW_diminishing,diminishing,352.0,0.008314847946166992,15.627327015456874,0.01679497991466583,10.0,0.5209109005152291
0.0,FW_diminishing,diminishing,353.0,0.008337974548339844,15.627275040280061,0.030764803074738722,10.0,0.5209091680093354
0.0,FW_diminishing,diminishing,354.0,0.008359909057617188,15.627229633215327,0.03603405132539805,10.0,0.5209076544405109
0.0,FW_diminishing,diminishing,355.0,0.008383035659790039,15.627262232276037,0.01551471993502318,10.0,0.5209087410758679
0.0,FW_diminishing,diminishing,356.0,0.008405923843383789,15.627207806276411,0.028291644083921597,10.0,0.5209069268758804
0.0,FW_diminishing,diminishing,357.0,0.008428096771240234,15.627263690226183,0.014174785464643236,10.0,0.5209087896742061
0.0,FW_diminishing,diminishing,358.0,0.008450984954833984,15.627323311863286,0.016802346108200084,10.0,0.5209107770621095
0.0,FW_diminishing,diminishing,359.0,0.00847315788269043,15.627266747605908,0.03139457480893171,10.0,0.5209088915868636
0.0,FW_diminishing,diminishing,360.0,0.008495807647705078,15.627214009157825,0.027887827640613594,10.0,0.5209071336385942
0.0,FW_diminishing,diminishing,361.0,0.00851893424987793,15.627311562170826,0.013412694672050307,10.0,0.5209103854056942
0.0,FW_diminishing,diminishing,362.0,0.008539915084838867,15.62726276988623,0.02988207688738065,10.0,0.5209087589962077
0.0,FW_diminishing,diminishing,363.0,0.008563041687011719,15.627235693995308,0.029872183024695076,10.0,0.5209078564665103
0.0,FW_diminishing,diminishing,364.0,0.008585929870605469,15.627300023788369,0.009001075330088426,10.0,0.5209100007929456
0.0,FW_diminishing,diminishing,365.0,0.00860905647277832,15.627227757400846,0.03137196311573476,10.0,0.5209075919133616
0.0,FW_diminishing,diminishing,366.0,0.008632183074951172,15.62720972700675,0.0303269614803785,10.0,0.520906990900225
0.0,FW_diminishing,diminishing,367.0,0.00865316390991211,15.62722991161358,0.016923558877760314,10.0,0.5209076637204527
0.0,FW_diminishing,diminishing,368.0,0.00867605209350586,15.62721812025066,0.02008500494371468,10.0,0.520907270675022
0.0,FW_diminishing,diminishing,369.0,0.008697748184204102,15.627203231259651,0.026249960037525,10.0,0.5209067743753217
0.0,FW_diminishing,diminishing,370.0,0.008720874786376953,15.627247723609708,0.022855315239088014,10.0,0.5209082574536569
0.0,FW_diminishing,diminishing,371.0,0.008744001388549805,15.627298566173737,0.010911619124319927,10.0,0.5209099522057913
0.0,FW_diminishing,diminishing,372.0,0.008765935897827148,15.627232287125269,0.03015981131626866,10.0,0.5209077429041756
0.0,FW_diminishing,diminishing,373.0,0.008787870407104492,15.627257321020595,0.019517090763203626,10.0,0.5209085773673532
0.0,FW_diminishing,diminishing,374.0,0.008810997009277344,15.62732542309395,0.013542073176930458,10.0,0.520910847436465
0.0,FW_diminishing,diminishing,375.0,0.008834123611450195,15.627225279777976,0.03920407338474874,10.0,0.5209075093259325
0.0,FW_diminishing,diminishing,376.0,0.008857011795043945,15.62722445489228,0.017667829188209083,10.0,0.5209074818297427
0.0,FW_diminishing,diminishing,377.0,0.008877992630004883,15.627223618819277,0.02027889113776915,10.0,0.5209074539606425
0.0,FW_diminishing,diminishing,378.0,0.008900880813598633,15.627254284281598,0.023955419742863526,10.0,0.52090847614272
0.0,FW_diminishing,diminishing,379.0,0.008924007415771484,15.627234276156901,0.02668521059218598,10.0,0.52090780920523
0.0,FW_diminishing,diminishing,380.0,0.008945941925048828,15.627264637808873,0.011497124860957442,10.0,0.5209088212602958
0.0,FW_diminishing,diminishing,381.0,0.00896906852722168,15.627231388708235,0.026308800718172876,10.0,0.5209077129569412
0.0,FW_diminishing,diminishing,382.0,0.008991003036499023,15.627184709407281,0.03487004736866339,10.0,0.5209061569802427
0.0,FW_diminishing,diminishing,383.0,0.009014129638671875,15.627223862530439,0.012228298769306534,10.0,0.520907462084348
0.0,FW_diminishing,diminishing,384.0,0.009036064147949219,15.627221743164645,0.023953062452399365,10.0,0.5209073914388215
0.0,FW_diminishing,diminishing,385.0,0.00905919075012207,15.627202466638094,0.020851149133934044,10.0,0.5209067488879364
0.0,FW_diminishing,diminishing,386.0,0.009081840515136719,15.627231015152855,0.014083510236050145,10.0,0.5209077005050952
0.0,FW_diminishing,diminishing,387.0,0.009102821350097656,15.627186290765,0.03427043123658713,10.0,0.5209062096921666
0.0,FW_diminishing,diminishing,388.0,0.009125947952270508,15.627220273841566,0.010308859010693894,10.0,0.5209073424613855
0.0,FW_diminishing,diminishing,389.0,0.009148836135864258,15.627209862594317,0.02154484340685059,10.0,0.5209069954198106
0.0,FW_diminishing,diminishing,390.0,0.00917196273803711,15.627203971860085,0.02336969450219506,10.0,0.5209067990620029
0.0,FW_diminishing,diminishing,391.0,0.009195089340209961,15.627198244581459,0.02995273801598053,10.0,0.5209066081527153
0.0,FW_diminishing,diminishing,392.0,0.009216070175170898,15.627337595232314,0.007154823717142378,10.0,0.5209112531744104
0.0,FW_diminishing,diminishing,393.0,0.009238958358764648,15.627303320101792,0.02610370767598269,10.0,0.5209101106700598
0.0,FW_diminishing,diminishing,394.0,0.009261131286621094,15.627272287408736,0.022886364485827926,10.0,0.5209090762469579
0.0,FW_diminishing,diminishing,395.0,0.00928497314453125,15.627332156840746,0.009983489770457155,10.0,0.5209110718946915
0.0,FW_diminishing,diminishing,396.0,0.009307861328125,15.6273514825249,0.015288501356826245,10.0,0.5209117160841633
0.0,FW_diminishing,diminishing,397.0,0.009330987930297852,15.627282911889658,0.03863174623906396,10.0,0.520909430396322
0.0,FW_diminishing,diminishing,398.0,0.009353876113891602,15.627253198133365,0.02251547118129338,10.0,0.5209084399377788
0.0,FW_diminishing,diminishing,399.0,0.00937509536743164,15.627236607553735,0.02235320348057357,10.0,0.5209078869184578
0.0,FW_diminishing,diminishing,400.0,0.009397029876708984,15.627280317116536,0.015867390157779937,10.0,0.5209093439038845
0.0,FW_diminishing,diminishing,401.0,0.009420156478881836,15.62730040716879,0.012350771990794485,10.0,0.5209100135722929
0.0,FW_diminishing,diminishing,402.0,0.009443044662475586,15.627247993483039,0.029508256069046723,10.0,0.5209082664494347
0.0,FW_diminishing,diminishing,403.0,0.009465932846069336,15.627233731983496,0.025334145007683162,10.0,0.5209077910661165
0.0,FW_diminishing,diminishing,404.0,0.009488821029663086,15.62730515964639,0.013322400236194909,10.0,0.520910171988213
0.0,FW_diminishing,diminishing,405.0,0.009509801864624023,15.62726519229621,0.026901751020394826,10.0,0.520908839743207
0.0,FW_diminishing,diminishing,406.0,0.009532928466796875,15.627267792181724,0.0156839871795178,10.0,0.5209089264060575
0.0,FW_diminishing,diminishing,407.0,0.009554862976074219,15.627269073955986,0.021017837503755743,10.0,0.5209089691318662
0.0,FW_diminishing,diminishing,408.0,0.00957798957824707,15.627280069458497,0.016325572434935154,10.0,0.5209093356486165
0.0,FW_diminishing,diminishing,409.0,0.009601116180419922,15.62723466110659,0.03353032112206655,10.0,0.5209078220368863
0.0,FW_diminishing,diminishing,410.0,0.009623050689697266,15.627237668028435,0.015436463555438706,10.0,0.5209079222676145
0.0,FW_diminishing,diminishing,411.0,0.009646177291870117,15.62721453936123,0.023254465133076607,10.0,0.520907151312041
0.0,FW_diminishing,diminishing,412.0,0.00966787338256836,15.627281929362425,0.013980025205977853,10.0,0.5209093976454142
0.0,FW_diminishing,diminishing,413.0,0.009690999984741211,15.6272637489313,0.0256792583786698,10.0,0.5209087916310433
0.0,FW_diminishing,diminishing,414.0,0.009713888168334961,15.627274873217985,0.013578582305626696,10.0,0.5209091624405995
0.0,FW_diminishing,diminishing,415.0,0.009737014770507812,15.62722086674605,0.029591709976182656,10.0,0.5209073622248683
0.0,FW_diminishing,diminishing,416.0,0.009759902954101562,15.627271132869494,0.013191006158159269,10.0,0.5209090377623165
0.0,FW_diminishing,diminishing,417.0,0.009782075881958008,15.62727793794627,0.01675695055113735,10.0,0.520909264598209
0.0,FW_diminishing,diminishing,418.0,0.009804010391235352,15.627241065800053,0.023531555672581916,10.0,0.5209080355266684
0.0,FW_diminishing,diminishing,419.0,0.009825944900512695,15.627200130006877,0.029330004811564336,10.0,0.5209066710002292
0.0,FW_diminishing,diminishing,420.0,0.00984811782836914,15.627267309898171,0.012589071760041648,10.0,0.520908910329939
0.0,FW_diminishing,diminishing,421.0,0.009868144989013672,15.627247780040404,0.022166836170262272,10.0,0.5209082593346801
0.0,FW_diminishing,diminishing,422.0,0.009887933731079102,15.627237365356493,0.01782057440248508,10.0,0.5209079121785497
0.0,FW_diminishing,diminishing,423.0,0.009911060333251953,15.627253142465667,0.01710794039207464,10.0,0.5209084380821889
0.0,FW_diminishing,diminishing,424.0,0.009934186935424805,15.627294434681438,0.014462193424122916,10.0,0.5209098144893812
0.0,FW_diminishing,diminishing,425.0,0.009955167770385742,15.62721291940722,0.03533236243347204,10.0,0.520907097313574
0.0,FW_diminishing,diminishing,426.0,0.009977102279663086,15.62720310680322,0.01756561745900065,10.0,0.520906770226774
0.0,FW_diminishing,diminishing,427.0,0.009999990463256836,15.627199049046396,0.018638253597007548,10.0,0.5209066349682132
0.0,FW_diminishing,diminishing,428.0,0.01002192497253418,15.627210229259758,0.01870683731353573,10.0,0.5209070076419919
0.0,FW_diminishing,diminishing,429.0,0.010045051574707031,15.627250957987245,0.014209613846604796,10.0,0.5209083652662415
0.0,FW_diminishing,diminishing,430.0,0.010066986083984375,15.627220879995447,0.024166696143732125,10.0,0.5209073626665149
0.0,FW_diminishing,diminishing,431.0,0.010088920593261719,15.62717220118498,0.025864389416353717,10.0,0.5209057400394993
0.0,FW_diminishing,diminishing,432.0,0.010111093521118164,15.627217010634862,0.007789664152864972,10.0,0.5209072336878288
0.0,FW_diminishing,diminishing,433.0,0.010133981704711914,15.627240188361835,0.020961444723019085,10.0,0.5209080062787278
0.0,FW_diminishing,diminishing,434.0,0.010154008865356445,15.627248127065306,0.018218814342603196,10.0,0.5209082709021768
0.0,FW_diminishing,diminishing,435.0,0.010177135467529297,15.627224409427704,0.020342053710040275,10.0,0.5209074803142568
0.0,FW_diminishing,diminishing,436.0,0.010200023651123047,15.627278462971896,0.014564254361509654,10.0,0.5209092820990632
0.0,FW_diminishing,diminishing,437.0,0.010222911834716797,15.627276053191565,0.017888316701833773,10.0,0.5209092017730522
0.0,FW_diminishing,diminishing,438.0,0.010245800018310547,15.627254491868706,0.019797275793429492,10.0,0.5209084830622902
0.0,FW_diminishing,diminishing,439.0,0.010266780853271484,15.627266139766224,0.018012252462638045,10.0,0.5209088713255408
0.0,FW_diminishing,diminishing,440.0,0.010289907455444336,15.627256552167323,0.019367152826418987,10.0,0.5209085517389107
0.0,FW_diminishing,diminishing,441.0,0.01031184196472168,15.627203822912579,0.034133260827102774,10.0,0.520906794097086
0.0,FW_diminishing,diminishing,442.0,0.010332822799682617,15.627229099787305,0.00925955705067949,10.0,0.5209076366595768
0.0,FW_diminishing,diminishing,443.0,0.010355949401855469,15.62719057904806,0.025731648267473872,10.0,0.5209063526349353
0.0,FW_diminishing,diminishing,444.0,0.010377883911132812,15.627210140251936,0.015126361070882055,10.0,0.5209070046750646
0.0,FW_diminishing,diminishing,445.0,0.010401010513305664,15.627226133479812,0.01860906439717347,10.0,0.5209075377826604
0.0,FW_diminishing,diminishing,446.0,0.010424137115478516,15.627213245329742,0.01990682299629043,10.0,0.5209071081776581
0.0,FW_diminishing,diminishing,447.0,0.01044607162475586,15.627156753294605,0.02746895245569192,10.0,0.5209052251098202
0.0,FW_diminishing,diminishing,448.0,0.01046895980834961,15.627244001616866,0.005436241393985242,10.0,0.5209081333872289
0.0,FW_diminishing,diminishing,449.0,0.010490894317626953,15.62723529578665,0.01886512910908067,10.0,0.5209078431928883
0.0,FW_diminishing,diminishing,450.0,0.010514020919799805,15.627227695026754,0.02181443872711597,10.0,0.5209075898342251
0.0,FW_diminishing,diminishing,451.0,0.010536909103393555,15.627238453192847,0.012151510437471202,10.0,0.5209079484397615
0.0,FW_diminishing,diminishing,452.0,0.010557889938354492,15.627223004547204,0.02030348076142907,10.0,0.5209074334849068
0.0,FW_diminishing,diminishing,453.0,0.010581016540527344,15.627189198627109,0.02953231493623676,10.0,0.5209063066209036
0.0,FW_diminishing,diminishing,454.0,0.010604143142700195,15.627228637586333,0.010046774402644232,10.0,0.5209076212528777
0.0,FW_diminishing,diminishing,455.0,0.010627031326293945,15.627234205249977,0.01970293914626886,10.0,0.5209078068416659
0.0,FW_diminishing,diminishing,456.0,0.010649919509887695,15.627217986600229,0.020364297587637026,10.0,0.5209072662200076
0.0,FW_diminishing,diminishing,457.0,0.010671854019165039,15.627215171763167,0.01505624337121425,10.0,0.5209071723921056
0.0,FW_diminishing,diminishing,458.0,0.01069498062133789,15.627235419714783,0.016892108618264956,10.0,0.5209078473238261
0.0,FW_diminishing,diminishing,459.0,0.010716915130615234,15.627192021936224,0.026571988010209324,10.0,0.5209064007312075
0.0,FW_diminishing,diminishing,460.0,0.010740041732788086,15.627219837520991,0.012376271319245902,10.0,0.5209073279173664
0.0,FW_diminishing,diminishing,461.0,0.010762929916381836,15.627217104152214,0.014917913105618297,10.0,0.5209072368050738
0.0,FW_diminishing,diminishing,462.0,0.010786056518554688,15.627213445260805,0.017270523423002615,10.0,0.5209071148420269
0.0,FW_diminishing,diminishing,463.0,0.010809183120727539,15.6272038895674,0.023567845322519432,10.0,0.5209067963189133
0.0,FW_diminishing,diminishing,464.0,0.010831832885742188,15.627270379851232,0.008728130308059079,10.0,0.5209090126617077
0.0,FW_diminishing,diminishing,465.0,0.010854959487915039,15.627254792432154,0.019967151069229416,10.0,0.5209084930810718
0.0,FW_diminishing,diminishing,466.0,0.010877847671508789,15.627225480164686,0.021017507083124443,10.0,0.5209075160054896
0.0,FW_diminishing,diminishing,467.0,0.01090097427368164,15.627216494337539,0.02066342289284684,10.0,0.5209072164779179
0.0,FW_diminishing,diminishing,468.0,0.010924100875854492,15.62723952625214,0.01077187121994072,10.0,0.5209079842084047
0.0,FW_diminishing,diminishing,469.0,0.010946989059448242,15.627219608396423,0.01874934395108596,10.0,0.5209073202798807
0.0,FW_diminishing,diminishing,470.0,0.01096796989440918,15.627228279541415,0.022487345503728662,10.0,0.5209076093180471
0.0,FW_diminishing,diminishing,471.0,0.01099085807800293,15.627218466775263,0.021523946525974225,10.0,0.5209072822258421
0.0,FW_diminishing,diminishing,472.0,0.011012792587280273,15.627216902451448,0.016442457124625776,10.0,0.5209072300817149
0.0,FW_diminishing,diminishing,473.0,0.011035919189453125,15.627224293439193,0.019122663344138147,10.0,0.5209074764479731
0.0,FW_diminishing,diminishing,474.0,0.011059045791625977,15.62720296795112,0.018987544633338516,10.0,0.5209067655983707
0.0,FW_diminishing,diminishing,475.0,0.011081933975219727,15.627175922510654,0.022446207923426442,10.0,0.5209058640836884
0.0,FW_diminishing,diminishing,476.0,0.011105060577392578,15.62720381773472,0.01229701084240098,10.0,0.5209067939244907
0.0,FW_diminishing,diminishing,477.0,0.01112818717956543,15.627230803557671,0.007313182627854076,10.0,0.5209076934519223
0.0,FW_diminishing,diminishing,478.0,0.011150836944580078,15.627197805087578,0.02382114191460616,10.0,0.5209065935029192
0.0,FW_diminishing,diminishing,479.0,0.011172771453857422,15.627196770790357,0.0208736989167857,10.0,0.5209065590263452
0.0,FW_diminishing,diminishing,480.0,0.01119375228881836,15.627209825432582,0.012643118325017966,10.0,0.5209069941810861
0.0,FW_diminishing,diminishing,481.0,0.011216878890991211,15.62723532408621,0.017245207745325786,10.0,0.5209078441362069
0.0,FW_diminishing,diminishing,482.0,0.011238813400268555,15.627217656164168,0.02226336392801187,10.0,0.5209072552054723
0.0,FW_diminishing,diminishing,483.0,0.011260986328125,15.627185496768325,0.0214628043102838,10.0,0.5209061832256109
0.0,FW_diminishing,diminishing,484.0,0.01128387451171875,15.627178427270744,0.01739683103144074,10.0,0.5209059475756914
0.0,FW_diminishing,diminishing,485.0,0.011307001113891602,15.627199051413196,0.015326162673906296,10.0,0.5209066350471065
0.0,FW_diminishing,diminishing,486.0,0.011328935623168945,15.62720114729655,0.013034287499333885,10.0,0.520906704909885
0.0,FW_diminishing,diminishing,487.0,0.01135110855102539,15.627169683290985,0.023299781581357593,10.0,0.5209056561096995
0.0,FW_diminishing,diminishing,488.0,0.011372089385986328,15.627166640300805,0.01849790019086761,10.0,0.5209055546766935
0.0,FW_diminishing,diminishing,489.0,0.011394023895263672,15.627177054198913,0.010897736369269495,10.0,0.5209059018066304
0.0,FW_diminishing,diminishing,490.0,0.011417150497436523,15.62720929585587,0.015577064191015566,10.0,0.520906976528529
0.0,FW_diminishing,diminishing,491.0,0.011438131332397461,15.627196576721877,0.018596357422687504,10.0,0.5209065525573959
0.0,FW_diminishing,diminishing,492.0,0.01146078109741211,15.627200529341984,0.017394006585780275,10.0,0.5209066843113994
0.0,FW_diminishing,diminishing,493.0,0.011483907699584961,15.627216339309902,0.00942657828977822,10.0,0.52090721131033
0.0,FW_diminishing,diminishing,494.0,0.011504888534545898,15.627197961328397,0.019930667527029655,10.0,0.5209065987109466
0.0,FW_diminishing,diminishing,495.0,0.01152801513671875,15.62717835583515,0.02484892947326145,10.0,0.5209059451945051
0.0,FW_diminishing,diminishing,496.0,0.011548995971679688,15.62720300071265,0.009131396928310664,10.0,0.5209067666904217
0.0,FW_diminishing,diminishing,497.0,0.011571884155273438,15.627184712516122,0.017829188049446998,10.0,0.5209061570838708
0.0,FW_diminishing,diminishing,498.0,0.011595010757446289,15.627190793211128,0.015866561019372227,10.0,0.5209063597737043
0.0,FW_diminishing,diminishing,499.0,0.011615991592407227,15.62718256805425,0.0246523486871002,10.0,0.5209060856018083
0.0,FW_diminishing,diminishing,500.0,0.011639118194580078,15.627187999267269,0.013801669696915653,10.0,0.5209062666422423
0.0,FW_diminishing,diminishing,501.0,0.011660099029541016,15.627189503531296,0.019338477453658243,10.0,0.5209063167843765
0.0,FW_diminishing,diminishing,502.0,0.011684894561767578,15.627182176189274,0.014969870317099065,10.0,0.5209060725396425
0.0,FW_diminishing,diminishing,503.0,0.01170802116394043,15.627164637074033,0.019526114844827802,10.0,0.5209054879024678
0.0,FW_diminishing,diminishing,504.0,0.01172780990600586,15.627157967120555,0.01963111115908056,10.0,0.5209052655706852
0.0,FW_diminishing,diminishing,505.0,0.011750936508178711,15.627198983499618,0.004581422063985485,10.0,0.5209066327833206
0.0,FW_diminishing,diminishing,506.0,0.011772871017456055,15.627170735623078,0.020215622310598036,10.0,0.5209056911874359
0.0,FW_diminishing,diminishing,507.0,0.011795997619628906,15.627165047752202,0.020938298891081786,10.0,0.5209055015917401
0.0,FW_diminishing,diminishing,508.0,0.011819124221801758,15.627187917777183,0.011195722133990671,10.0,0.5209062639259061
0.0,FW_diminishing,diminishing,509.0,0.011840105056762695,15.627184350776755,0.015817047567313836,10.0,0.5209061450258918
0.0,FW_diminishing,diminishing,510.0,0.011862993240356445,15.627188469494493,0.02103808824839426,10.0,0.5209062823164831
0.0,FW_diminishing,diminishing,511.0,0.011883974075317383,15.627171101989308,0.01735722191382827,10.0,0.5209057033996436
0.0,FW_diminishing,diminishing,512.0,0.011907100677490234,15.627170851054228,0.014879588878137895,10.0,0.520905695035141
0.0,FW_diminishing,diminishing,513.0,0.011929750442504883,15.627184570872739,0.015710503386015873,10.0,0.5209061523624247
0.0,FW_diminishing,diminishing,514.0,0.011950969696044922,15.627207154826706,0.011002097126834087,10.0,0.5209069051608902
0.0,FW_diminishing,diminishing,515.0,0.011972904205322266,15.627190177094251,0.01719065845801282,10.0,0.520906339236475
0.0,FW_diminishing,diminishing,516.0,0.01199483871459961,15.627147497656978,0.025796748055515906,10.0,0.520904916588566
0.0,FW_diminishing,diminishing,517.0,0.01201486587524414,15.627167932170712,0.007412373942287331,10.0,0.5209055977390238
0.0,FW_diminishing,diminishing,518.0,0.012037992477416992,15.627195843453084,0.014983487539492302,10.0,0.5209065281151027
0.0,FW_diminishing,diminishing,519.0,0.012059926986694336,15.627190430151694,0.016030535591447403,10.0,0.5209063476717232
0.0,FW_diminishing,diminishing,520.0,0.012083053588867188,15.627164444066242,0.024193366513861392,10.0,0.5209054814688747
0.0,FW_diminishing,diminishing,521.0,0.012109994888305664,15.627189585856659,0.006037983813710568,10.0,0.5209063195285553
0.0,FW_diminishing,diminishing,522.0,0.01213383674621582,15.627179088140208,0.017291906153609204,10.0,0.5209059696046736
0.0,FW_diminishing,diminishing,523.0,0.012156009674072266,15.62715705999741,0.02469339316382957,10.0,0.520905235333247
0.0,FW_diminishing,diminishing,524.0,0.01217794418334961,15.62718719249477,0.008574847612422332,10.0,0.5209062397498256
0.0,FW_diminishing,diminishing,525.0,0.012199878692626953,15.627194958531863,0.012393795131822927,10.0,0.5209064986177288
0.0,FW_diminishing,diminishing,526.0,0.012223958969116211,15.627160607481143,0.021620712158775035,10.0,0.5209053535827047
0.0,FW_diminishing,diminishing,527.0,0.012244939804077148,15.627175067982371,0.017544592985448304,10.0,0.5209058355994124
0.0,FW_diminishing,diminishing,528.0,0.01226806640625,15.627185754767076,0.011523171664965304,10.0,0.5209061918255692
0.0,FW_diminishing,diminishing,529.0,0.012290000915527344,15.627182581220142,0.01952038959561264,10.0,0.5209060860406713
0.0,FW_diminishing,diminishing,530.0,0.012310981750488281,15.627198510605915,0.012803718474591719,10.0,0.5209066170201971
0.0,FW_diminishing,diminishing,531.0,0.012334108352661133,15.62719200805037,0.01602410342342253,10.0,0.5209064002683457
0.0,FW_diminishing,diminishing,532.0,0.012355804443359375,15.62714209173972,0.025754147695291607,10.0,0.5209047363913241
0.0,FW_diminishing,diminishing,533.0,0.012378931045532227,15.627184639085542,0.0028071340999016314,10.0,0.5209061546361847
0.0,FW_diminishing,diminishing,534.0,0.012401819229125977,15.627181522452943,0.019338161297406842,10.0,0.5209060507484314
0.0,FW_diminishing,diminishing,535.0,0.012422800064086914,15.627160198008822,0.018054045082012138,10.0,0.5209053399336274
0.0,FW_diminishing,diminishing,536.0,0.012445926666259766,15.627157179425087,0.01697488576139783,10.0,0.5209052393141695
0.0,FW_diminishing,diminishing,537.0,0.01246786117553711,15.627159683809582,0.013447748947184479,10.0,0.5209053227936528
0.0,FW_diminishing,diminishing,538.0,0.012490987777709961,15.62714551204722,0.016079082593517313,10.0,0.520904850401574
0.0,FW_diminishing,diminishing,539.0,0.012514114379882812,15.627177430827755,0.012734854283655395,10.0,0.5209059143609251
0.0,FW_diminishing,diminishing,540.0,0.01253509521484375,15.627213738936158,0.006164150460369555,10.0,0.5209071246312053
0.0,FW_diminishing,diminishing,541.0,0.0125579833984375,15.62723071956828,0.009393262494244325,10.0,0.5209076906522759
0.0,FW_diminishing,diminishing,542.0,0.012578964233398438,15.627190750270026,0.023059665194796963,10.0,0.5209063583423342
0.0,FW_diminishing,diminishing,543.0,0.012601852416992188,15.627205683855179,0.016669312549764115,10.0,0.520906856128506
0.0,FW_diminishing,diminishing,544.0,0.012624979019165039,15.627225232300937,0.00858691193308303,10.0,0.5209075077433646
0.0,FW_diminishing,diminishing,545.0,0.012645959854125977,15.627206899669549,0.023158611118947903,10.0,0.5209068966556516
0.0,FW_diminishing,diminishing,546.0,0.012668848037719727,15.62720423684856,0.01728928441644051,10.0,0.520906807894952
0.0,FW_diminishing,diminishing,547.0,0.012691020965576172,15.627207605501402,0.012938715805868028,10.0,0.52090692018338
0.0,FW_diminishing,diminishing,548.0,0.012713909149169922,15.627153320570182,0.026997816581820544,10.0,0.5209051106856727
0.0,FW_diminishing,diminishing,549.0,0.012737035751342773,15.627200899214628,0.004838762685198006,10.0,0.5209066966404876
0.0,FW_diminishing,diminishing,550.0,0.012758016586303711,15.627185062557407,0.018177978709202236,10.0,0.5209061687519135
0.0,FW_diminishing,diminishing,551.0,0.012781143188476562,15.627157836233028,0.019505045810273458,10.0,0.5209052612077676
0.0,FW_diminishing,diminishing,552.0,0.012803077697753906,15.627162569128533,0.014375701698854826,10.0,0.5209054189709511
0.0,FW_diminishing,diminishing,553.0,0.012825965881347656,15.627174431588891,0.01041275112723028,10.0,0.5209058143862964
0.0,FW_diminishing,diminishing,554.0,0.012856006622314453,15.62715398221148,0.01759042121854648,10.0,0.5209051327403826
0.0,FW_diminishing,diminishing,555.0,0.012878894805908203,15.627173622671856,0.012310314975771064,10.0,0.5209057874223952
0.0,FW_diminishing,diminishing,556.0,0.012901782989501953,15.627166453728824,0.015649769480690523,10.0,0.5209055484576275
0.0,FW_diminishing,diminishing,557.0,0.012924909591674805,15.627176878389484,0.013306010938025636,10.0,0.5209058959463161
0.0,FW_diminishing,diminishing,558.0,0.012958049774169922,15.627182872771012,0.01851141487371244,10.0,0.5209060957590338
0.0,FW_diminishing,diminishing,559.0,0.01298213005065918,15.627181735168326,0.013889430535783731,10.0,0.5209060578389442
0.0,FW_diminishing,diminishing,560.0,0.01300501823425293,15.627146840216367,0.021598107112447806,10.0,0.5209048946738789
0.0,FW_diminishing,diminishing,561.0,0.013027191162109375,15.627198533744755,0.009676095408693186,10.0,0.5209066177914918
0.0,FW_diminishing,diminishing,562.0,0.013049840927124023,15.627193042426308,0.015050764832878372,10.0,0.5209064347475436
0.0,FW_diminishing,diminishing,563.0,0.013072967529296875,15.627208500118615,0.011002445276153239,10.0,0.5209069500039538
0.0,FW_diminishing,diminishing,564.0,0.013093948364257812,15.627186318584119,0.01797375830328818,10.0,0.5209062106194706
0.0,FW_diminishing,diminishing,565.0,0.013126850128173828,15.627212051787117,0.010163550239427721,10.0,0.5209070683929039
0.0,FW_diminishing,diminishing,566.0,0.013149023056030273,15.627171297951083,0.025016258625008447,10.0,0.5209057099317028
0.0,FW_diminishing,diminishing,567.0,0.013171911239624023,15.627174303697398,0.010754336046710833,10.0,0.5209058101232465
0.0,FW_diminishing,diminishing,568.0,0.013194084167480469,15.627177022505652,0.012576627955546371,10.0,0.5209059007501884
0.0,FW_diminishing,diminishing,569.0,0.013216972351074219,15.627188786275207,0.012517479006181276,10.0,0.5209062928758402
0.0,FW_diminishing,diminishing,570.0,0.01324009895324707,15.627198610785438,0.016950970929435982,10.0,0.5209066203595146
0.0,FW_diminishing,diminishing,571.0,0.013261079788208008,15.627206852597949,0.010914419327312075,10.0,0.5209068950865983
0.0,FW_diminishing,diminishing,572.0,0.01328420639038086,15.627206781550626,0.01729115360153699,10.0,0.5209068927183542
0.0,FW_diminishing,diminishing,573.0,0.013305902481079102,15.627195191083286,0.014834656928153223,10.0,0.5209065063694429
0.0,FW_diminishing,diminishing,574.0,0.013328790664672852,15.627185734648823,0.01594749530594619,10.0,0.5209061911549607
0.0,FW_diminishing,diminishing,575.0,0.013350963592529297,15.627173112795305,0.018717778703226884,10.0,0.5209057704265102
0.0,FW_diminishing,diminishing,576.0,0.013371944427490234,15.627178054235042,0.015140487633052757,10.0,0.5209059351411681
0.0,FW_diminishing,diminishing,577.0,0.013396024703979492,15.627211681021118,0.007352434258743656,10.0,0.5209070560340373
0.0,FW_diminishing,diminishing,578.0,0.01341700553894043,15.627201387934058,0.01611836949619061,10.0,0.5209067129311352
0.0,FW_diminishing,diminishing,579.0,0.01343989372253418,15.62718184828686,0.017067584627049825,10.0,0.520906061609562
0.0,FW_diminishing,diminishing,580.0,0.013463020324707031,15.627179432492882,0.015639282227423834,10.0,0.520905981083096
0.0,FW_diminishing,diminishing,581.0,0.013484001159667969,15.627194140373632,0.008753289814469767,10.0,0.5209064713457877
0.0,FW_diminishing,diminishing,582.0,0.01350712776184082,15.62718062662984,0.015272691187329102,10.0,0.5209060208876614
0.0,FW_diminishing,diminishing,583.0,0.013529062271118164,15.627195926029025,0.015295211131517661,10.0,0.5209065308676342
0.0,FW_diminishing,diminishing,584.0,0.013551950454711914,15.627218465261711,0.008853085905116131,10.0,0.5209072821753904
0.0,FW_diminishing,diminishing,585.0,0.013586997985839844,15.627216948313858,0.01341274078446908,10.0,0.5209072316104619
0.0,FW_diminishing,diminishing,586.0,0.013607978820800781,15.62723117390482,0.015034133144450124,10.0,0.5209077057968273
0.0,FW_diminishing,diminishing,587.0,0.013630867004394531,15.627229419207547,0.011735146794725537,10.0,0.5209076473069182
0.0,FW_diminishing,diminishing,588.0,0.013653039932250977,15.627230221653589,0.012662277408582057,10.0,0.5209076740551196
0.0,FW_diminishing,diminishing,589.0,0.013674020767211914,15.627210915756928,0.022496401314599623,10.0,0.5209070305252309
0.0,FW_diminishing,diminishing,590.0,0.013697147369384766,15.627206151924966,0.016095521456337636,10.0,0.5209068717308322
0.0,FW_diminishing,diminishing,591.0,0.01371908187866211,15.62720469289648,0.011574862098630234,10.0,0.5209068230965493
0.0,FW_diminishing,diminishing,592.0,0.01374197006225586,15.627173463279922,0.022119258101046313,10.0,0.5209057821093307
0.0,FW_diminishing,diminishing,593.0,0.013765811920166016,15.627192672420351,0.010925201474911717,10.0,0.5209064224140117
0.0,FW_diminishing,diminishing,594.0,0.013786792755126953,15.62719151819404,0.01311474439325444,10.0,0.5209063839398014
0.0,FW_diminishing,diminishing,595.0,0.013809919357299805,15.627166625283643,0.018521459605850055,10.0,0.5209055541761214
0.0,FW_diminishing,diminishing,596.0,0.013830900192260742,15.627171328279255,0.013122089624577171,10.0,0.5209057109426418
0.0,FW_diminishing,diminishing,597.0,0.013852834701538086,15.627193659916593,0.005994797531110763,10.0,0.5209064553305531
0.0,FW_diminishing,diminishing,598.0,0.01390695571899414,15.62717450393456,0.01677644196841399,10.0,0.5209058167978187
0.0,FW_diminishing,diminishing,599.0,0.013939857482910156,15.627170432199774,0.017719962774716436,10.0,0.5209056810733258
0.0,FW_diminishing,diminishing,600.0,0.013966798782348633,15.627176314725537,0.01086546231631047,10.0,0.5209058771575179
0.0,FW_diminishing,diminishing,601.0,0.013989925384521484,15.627174970111334,0.015448651375615796,10.0,0.5209058323370445
0.0,FW_diminishing,diminishing,602.0,0.014014005661010742,15.627176619849559,0.018219878554583957,10.0,0.5209058873283187
0.0,FW_diminishing,diminishing,603.0,0.01403498649597168,15.62718751936537,0.009271049437328927,10.0,0.5209062506455123
0.0,FW_diminishing,diminishing,604.0,0.014055967330932617,15.627156026466388,0.020475018107015686,10.0,0.5209052008822129
0.0,FW_diminishing,diminishing,605.0,0.014077901840209961,15.627183388947206,0.00799685615220369,10.0,0.5209061129649069
0.0,FW_diminishing,diminishing,606.0,0.014100074768066406,15.62717827667846,0.014076052419078167,10.0,0.5209059425559487
0.0,FW_diminishing,diminishing,607.0,0.014122962951660156,15.627179461943202,0.013907497609134012,10.0,0.5209059820647733
0.0,FW_diminishing,diminishing,608.0,0.014145135879516602,15.6271486631843,0.02025390299383112,10.0,0.5209049554394767
0.0,FW_diminishing,diminishing,609.0,0.014167070388793945,15.627166225378595,0.007072378313342398,10.0,0.5209055408459532
0.0,FW_diminishing,diminishing,610.0,0.014189004898071289,15.627175997442688,0.013194890056775321,10.0,0.5209058665814229
0.0,FW_diminishing,diminishing,611.0,0.014211177825927734,15.627166918242326,0.013568104543484338,10.0,0.5209055639414109
0.0,FW_diminishing,diminishing,612.0,0.014233827590942383,15.627168622145595,0.011869325966854305,10.0,0.5209056207381865
0.0,FW_diminishing,diminishing,613.0,0.01425480842590332,15.627160374628838,0.017291853935871515,10.0,0.5209053458209613
0.0,FW_diminishing,diminishing,614.0,0.014277935028076172,15.627177139725733,0.013173474310228528,10.0,0.5209059046575244
0.0,FW_diminishing,diminishing,615.0,0.01429891586303711,15.627183699862247,0.010303257729667337,10.0,0.5209061233287415
0.0,FW_diminishing,diminishing,616.0,0.014319896697998047,15.627167413834563,0.015737447839567764,10.0,0.5209055804611521
0.0,FW_diminishing,diminishing,617.0,0.01434183120727539,15.627170671203427,0.013026937609314615,10.0,0.5209056890401143
0.0,FW_diminishing,diminishing,618.0,0.014362812042236328,15.627176290915838,0.016917374948983266,10.0,0.5209058763638612
0.0,FW_diminishing,diminishing,619.0,0.014384984970092773,15.627183121528061,0.008509189345502932,10.0,0.5209061040509354
0.0,FW_diminishing,diminishing,620.0,0.014406919479370117,15.627158562127715,0.019896769300451922,10.0,0.5209052854042572
0.0,FW_diminishing,diminishing,621.0,0.014427900314331055,15.627172624015277,0.01151371830679615,10.0,0.5209057541338425
0.0,FW_diminishing,diminishing,622.0,0.014448881149291992,15.627175447641044,0.011311048851442962,10.0,0.5209058482547014
0.0,FW_diminishing,diminishing,623.0,0.014470815658569336,15.627165591605767,0.017600627912694122,10.0,0.5209055197201923
0.0,FW_diminishing,diminishing,624.0,0.014493942260742188,15.627153663392274,0.014297246733830704,10.0,0.5209051221130758
0.0,FW_diminishing,diminishing,625.0,0.014514923095703125,15.627152918485123,0.012370653860596548,10.0,0.5209050972828374
0.0,FW_diminishing,diminishing,626.0,0.014535903930664062,15.627166761573136,0.011420443008464787,10.0,0.5209055587191045
0.0,FW_diminishing,diminishing,627.0,0.014558076858520508,15.627184906221695,0.00808977147558565,10.0,0.5209061635407232
0.0,FW_diminishing,diminishing,628.0,0.014579057693481445,15.627173166026092,0.014194418559357658,10.0,0.5209057722008698
0.0,FW_diminishing,diminishing,629.0,0.014601945877075195,15.627143792638252,0.021355907938044538,10.0,0.5209047930879417
0.0,FW_diminishing,diminishing,630.0,0.01462411880493164,15.627160487224167,0.012595627860481073,10.0,0.5209053495741389
0.0,FW_diminishing,diminishing,631.0,0.014646053314208984,15.627174448042918,0.00758835096780075,10.0,0.520905814934764
0.0,FW_diminishing,diminishing,632.0,0.014667034149169922,15.627153370879547,0.01712075964362647,10.0,0.5209051123626516
0.0,FW_diminishing,diminishing,633.0,0.01468801498413086,15.6271625962629,0.01074525173203611,10.0,0.52090541987543
0.0,FW_diminishing,diminishing,634.0,0.014708995819091797,15.627173042331194,0.012249570596678083,10.0,0.5209057680777065
0.0,FW_diminishing,diminishing,635.0,0.01473093032836914,15.627158650975737,0.01654327646978615,10.0,0.5209052883658579
0.0,FW_diminishing,diminishing,636.0,0.014753103256225586,15.62713808308054,0.016934472822974556,10.0,0.5209046027693514
0.0,FW_diminishing,diminishing,637.0,0.01477503776550293,15.627158093323443,0.005494452629111635,10.0,0.5209052697774481
0.0,FW_diminishing,diminishing,638.0,0.014795064926147461,15.627163574448161,0.013724763075904534,10.0,0.5209054524816054
0.0,FW_diminishing,diminishing,639.0,0.014816999435424805,15.627171323643939,0.011656039733994206,10.0,0.5209057107881313
0.0,FW_diminishing,diminishing,640.0,0.014837980270385742,15.627172996788076,0.009749180175925076,10.0,0.5209057665596025
0.0,FW_diminishing,diminishing,641.0,0.014860153198242188,15.627141278535799,0.02206261706313839,10.0,0.5209047092845266
0.0,FW_diminishing,diminishing,642.0,0.014882087707519531,15.627162868092787,0.010993959462929581,10.0,0.5209054289364262
0.0,FW_diminishing,diminishing,643.0,0.014904022216796875,15.627165504371918,0.009387119908607744,10.0,0.5209055168123973
0.0,FW_diminishing,diminishing,644.0,0.014937877655029297,15.627158025768175,0.014201371395675011,10.0,0.5209052675256058
0.0,FW_diminishing,diminishing,645.0,0.014961004257202148,15.627148653790405,0.016470208928859975,10.0,0.5209049551263468
0.0,FW_diminishing,diminishing,646.0,0.014983892440795898,15.62716538175358,0.012008166637388129,10.0,0.5209055127251193
0.0,FW_diminishing,diminishing,647.0,0.015006065368652344,15.627178827513701,0.0058000128014352725,10.0,0.5209059609171234
0.0,FW_diminishing,diminishing,648.0,0.015027999877929688,15.62716024843679,0.01776237041687523,10.0,0.5209053416145596
0.0,FW_diminishing,diminishing,649.0,0.015049934387207031,15.627163810363843,0.012766472378091365,10.0,0.5209054603454615
0.0,FW_diminishing,diminishing,650.0,0.015073060989379883,15.627177817124203,0.010618087420192879,10.0,0.5209059272374734
0.0,FW_diminishing,diminishing,651.0,0.015093088150024414,15.627148259971744,0.021331652786535926,10.0,0.5209049419990581
0.0,FW_diminishing,diminishing,652.0,0.015115022659301758,15.627144325266096,0.011389255538199805,10.0,0.5209048108422032
0.0,FW_diminishing,diminishing,653.0,0.015136957168579102,15.627147648675255,0.010524260689544818,10.0,0.5209049216225085
0.0,FW_diminishing,diminishing,654.0,0.015160083770751953,15.62715693151019,0.012051353282412691,10.0,0.5209052310503396
0.0,FW_diminishing,diminishing,655.0,0.015182018280029297,15.627158041230148,0.012858297817171405,10.0,0.5209052680410049
0.0,FW_diminishing,diminishing,656.0,0.015202999114990234,15.627154196002191,0.011305989949029538,10.0,0.5209051398667397
0.0,FW_diminishing,diminishing,657.0,0.01522517204284668,15.627131248886899,0.019129350659417454,10.0,0.5209043749628967
0.0,FW_diminishing,diminishing,658.0,0.015246152877807617,15.627160304841698,0.00750910763936119,10.0,0.5209053434947233
0.0,FW_diminishing,diminishing,659.0,0.015268802642822266,15.62717694459397,0.0059940735610855,10.0,0.5209058981531324
0.0,FW_diminishing,diminishing,660.0,0.015290975570678711,15.627171568995061,0.015481959528242939,10.0,0.5209057189665021
0.0,FW_diminishing,diminishing,661.0,0.015311956405639648,15.627161374460114,0.013350802540150752,10.0,0.5209053791486704
0.0,FW_diminishing,diminishing,662.0,0.015333890914916992,15.627182083239697,0.008026763717078111,10.0,0.5209060694413232
0.0,FW_diminishing,diminishing,663.0,0.01535487174987793,15.627150447557673,0.02199128848050691,10.0,0.5209050149185891
0.0,FW_diminishing,diminishing,664.0,0.015377998352050781,15.627158469309803,0.007236858149985537,10.0,0.5209052823103267
0.0,FW_diminishing,diminishing,665.0,0.015399932861328125,15.627161274636233,0.01208670272902701,10.0,0.5209053758212078
0.0,FW_diminishing,diminishing,666.0,0.015420913696289062,15.627148947511603,0.015518844698377166,10.0,0.5209049649170534
0.0,FW_diminishing,diminishing,667.0,0.01544189453125,15.627157934900058,0.014278692067136944,10.0,0.5209052644966686
0.0,FW_diminishing,diminishing,668.0,0.015463829040527344,15.627148913129805,0.012888088794241526,10.0,0.5209049637709935
0.0,FW_diminishing,diminishing,669.0,0.015486955642700195,15.62715884384851,0.007996468611263907,10.0,0.5209052947949504
0.0,FW_diminishing,diminishing,670.0,0.015508890151977539,15.627157508433031,0.015194713157253403,10.0,0.520905250281101
0.0,FW_diminishing,diminishing,671.0,0.015530109405517578,15.627164019215224,0.010711218536402,10.0,0.5209054673071741
0.0,FW_diminishing,diminishing,672.0,0.015552997589111328,15.627155193647537,0.012781125899000045,10.0,0.5209051731215846
0.0,FW_diminishing,diminishing,673.0,0.015574932098388672,15.627139983737308,0.0164193773783321,10.0,0.520904666124577
0.0,FW_diminishing,diminishing,674.0,0.015598058700561523,15.627168144536258,0.007173527718142836,10.0,0.5209056048178753
0.0,FW_diminishing,diminishing,675.0,0.015619754791259766,15.627184887077043,0.007708745061377087,10.0,0.5209061629025681
0.0,FW_diminishing,diminishing,676.0,0.0156400203704834,15.627173794203033,0.01499228145307363,10.0,0.5209057931401011
0.0,FW_diminishing,diminishing,677.0,0.015662193298339844,15.627158988267501,0.014767129871936291,10.0,0.5209052996089167
0.0,FW_diminishing,diminishing,678.0,0.015683889389038086,15.627168917659272,0.011184743390112217,10.0,0.5209056305886424
0.0,FW_diminishing,diminishing,679.0,0.015706777572631836,15.627145461824625,0.01918137926040764,10.0,0.5209048487274875
0.0,FW_diminishing,diminishing,680.0,0.01572895050048828,15.627148137735158,0.008767671795315124,10.0,0.5209049379245053
0.0,FW_diminishing,diminishing,681.0,0.01574993133544922,15.627156006653777,0.010023972723848473,10.0,0.5209052002217925
0.0,FW_diminishing,diminishing,682.0,0.015771865844726562,15.627150827082938,0.01289864856572187,10.0,0.5209050275694312
0.0,FW_diminishing,diminishing,683.0,0.015794038772583008,15.627147117270525,0.015738383720496074,10.0,0.5209049039090174
0.0,FW_diminishing,diminishing,684.0,0.015816926956176758,15.627157550276964,0.010367741661411856,10.0,0.5209052516758989
0.0,FW_diminishing,diminishing,685.0,0.015839099884033203,15.62716356920836,0.008999786964405843,10.0,0.5209054523069453
0.0,FW_diminishing,diminishing,686.0,0.01586008071899414,15.627160141235281,0.010780759412178043,10.0,0.520905338041176
0.0,FW_diminishing,diminishing,687.0,0.015881061553955078,15.627163102335302,0.011584912990350915,10.0,0.5209054367445101
0.0,FW_diminishing,diminishing,688.0,0.015902996063232422,15.62718638010007,0.008711903602671711,10.0,0.5209062126700024
0.0,FW_diminishing,diminishing,689.0,0.015926122665405273,15.627201361394285,0.005817894419795522,10.0,0.5209067120464762
0.0,FW_diminishing,diminishing,690.0,0.015948057174682617,15.627181950128557,0.016278113483885193,10.0,0.5209060650042853
0.0,FW_diminishing,diminishing,691.0,0.015969038009643555,15.62719013065353,0.010239980931928017,10.0,0.520906337688451
0.0,FW_diminishing,diminishing,692.0,0.0159909725189209,15.627211697765885,0.00877964328902614,10.0,0.5209070565921962
0.0,FW_diminishing,diminishing,693.0,0.016011953353881836,15.627196289901331,0.01631502479064295,10.0,0.520906542996711
0.0,FW_diminishing,diminishing,694.0,0.016035079956054688,15.627195858325189,0.01438528528206362,10.0,0.5209065286108396
0.0,FW_diminishing,diminishing,695.0,0.01605701446533203,15.6272023811549,0.008634139972913957,10.0,0.5209067460384966
0.0,FW_diminishing,diminishing,696.0,0.01607799530029297,15.627173616417197,0.019527824313612996,10.0,0.5209057872139066
0.0,FW_diminishing,diminishing,697.0,0.016100168228149414,15.627174767533175,0.012023584284930777,10.0,0.5209058255844392
0.0,FW_diminishing,diminishing,698.0,0.016121864318847656,15.627183831940535,0.006251423369022291,10.0,0.5209061277313511
0.0,FW_diminishing,diminishing,699.0,0.016144990921020508,15.627174007436027,0.014304809290919707,10.0,0.5209058002478676
0.0,FW_diminishing,diminishing,700.0,0.01616692543029785,15.627156997993618,0.020100088549250827,10.0,0.5209052332664539
0.0,FW_diminishing,diminishing,701.0,0.01618790626525879,15.627168749413801,0.006678175297421873,10.0,0.52090562498046
0.0,FW_diminishing,diminishing,702.0,0.016208887100219727,15.627169163759467,0.012731509294820142,10.0,0.5209056387919823
0.0,FW_diminishing,diminishing,703.0,0.01623082160949707,15.62716333894616,0.011425068903976765,10.0,0.5209054446315386
0.0,FW_diminishing,diminishing,704.0,0.016253948211669922,15.627172027404209,0.007698717147295753,10.0,0.520905734246807
0.0,FW_diminishing,diminishing,705.0,0.016275882720947266,15.62715544923993,0.01988963792289944,10.0,0.520905181641331
0.0,FW_diminishing,diminishing,706.0,0.016296863555908203,15.62716570562607,0.0056851747592165935,10.0,0.5209055235208689
0.0,FW_diminishing,diminishing,707.0,0.01631903648376465,15.627162653636121,0.011813721295947488,10.0,0.5209054217878707
0.0,FW_diminishing,diminishing,708.0,0.016340970993041992,15.627170731770287,0.013041275785056428,10.0,0.5209056910590095
0.0,FW_diminishing,diminishing,709.0,0.01636195182800293,15.627153760499802,0.018267036725371,10.0,0.5209051253499933
0.0,FW_diminishing,diminishing,710.0,0.016384124755859375,15.627189762348246,0.0063316030353917085,10.0,0.5209063254116082
0.0,FW_diminishing,diminishing,711.0,0.01640605926513672,15.627179600129322,0.014301325876834525,10.0,0.5209059866709774
0.0,FW_diminishing,diminishing,712.0,0.016427993774414062,15.62717018290063,0.012618955631815254,10.0,0.5209056727633543
0.0,FW_diminishing,diminishing,713.0,0.016450166702270508,15.627193290116768,0.005571410548286693,10.0,0.5209064430038922
0.0,FW_diminishing,diminishing,714.0,0.016471147537231445,15.627171833591827,0.018326421892806977,10.0,0.5209057277863942
0.0,FW_diminishing,diminishing,715.0,0.016492128372192383,15.627177410459995,0.010638724807174427,10.0,0.5209059136819998
0.0,FW_diminishing,diminishing,716.0,0.016514062881469727,15.62718523627789,0.007776522898824467,10.0,0.5209061745425964
0.0,FW_diminishing,diminishing,717.0,0.016537189483642578,15.627161733101401,0.01765601839302633,10.0,0.5209053911033801
0.0,FW_diminishing,diminishing,718.0,0.01655888557434082,15.627184516583014,0.005534049402360353,10.0,0.5209061505527671
0.0,FW_diminishing,diminishing,719.0,0.016579151153564453,15.627180961846536,0.011834664168706155,10.0,0.5209060320615512
0.0,FW_diminishing,diminishing,720.0,0.016601085662841797,15.627173053441995,0.01200767125447122,10.0,0.5209057684480665
0.0,FW_diminishing,diminishing,721.0,0.01662278175354004,15.627161226505732,0.01630069190574268,10.0,0.5209053742168578
0.0,FW_diminishing,diminishing,722.0,0.016644954681396484,15.627172387770067,0.011556906344180717,10.0,0.5209057462590022
0.0,FW_diminishing,diminishing,723.0,0.016666889190673828,15.627160027823253,0.014984159659542584,10.0,0.5209053342607751
0.0,FW_diminishing,diminishing,724.0,0.016687870025634766,15.627160977829435,0.008748536002194385,10.0,0.5209053659276478
0.0,FW_diminishing,diminishing,725.0,0.01670980453491211,15.627168425417112,0.009232480964861622,10.0,0.5209056141805705
0.0,FW_diminishing,diminishing,726.0,0.016731977462768555,15.627172036354182,0.009129941323115176,10.0,0.5209057345451394
0.0,FW_diminishing,diminishing,727.0,0.0167539119720459,15.627154747091529,0.019907863570063355,10.0,0.5209051582363843
0.0,FW_diminishing,diminishing,728.0,0.01677703857421875,15.627155764155901,0.008672138123559492,10.0,0.52090519213853
0.0,FW_diminishing,diminishing,729.0,0.0167999267578125,15.627148470421588,0.013078156021720133,10.0,0.5209049490140529
0.0,FW_diminishing,diminishing,730.0,0.01682305335998535,15.627164664219679,0.00758964328395173,10.0,0.5209054888073227
0.0,FW_diminishing,diminishing,731.0,0.016844987869262695,15.627177012308472,0.005838533814859659,10.0,0.5209059004102824
0.0,FW_diminishing,diminishing,732.0,0.0169069766998291,15.627166876791033,0.01607987238504549,10.0,0.5209055625597011
0.0,FW_diminishing,diminishing,733.0,0.01697993278503418,15.627154253242516,0.013634471140280269,10.0,0.5209051417747506
0.0,FW_diminishing,diminishing,734.0,0.0171201229095459,15.627174216080203,0.008349025364807972,10.0,0.5209058072026734
0.0,FW_diminishing,diminishing,735.0,0.01716303825378418,15.62717639691108,0.009514170600912308,10.0,0.520905879897036
0.0,FW_diminishing,diminishing,736.0,0.01718616485595703,15.62716457070454,0.013321747656172889,10.0,0.5209054856901514
0.0,FW_diminishing,diminishing,737.0,0.017221927642822266,15.627157845476258,0.01424432665447739,10.0,0.5209052615158752
0.0,FW_diminishing,diminishing,738.0,0.017246007919311523,15.627169437171636,0.010969539829449815,10.0,0.5209056479057212
0.0,FW_diminishing,diminishing,739.0,0.017274856567382812,15.627163059454384,0.012633486463874632,10.0,0.5209054353151461
0.0,FW_diminishing,diminishing,740.0,0.017297983169555664,15.62715974230148,0.01013168813151033,10.0,0.5209053247433827
0.0,FW_diminishing,diminishing,741.0,0.0173189640045166,15.627171356375534,0.007362908528508072,10.0,0.5209057118791844
0.0,FW_diminishing,diminishing,742.0,0.01733994483947754,15.627182158937485,0.009284505650501984,10.0,0.5209060719645828
0.0,FW_diminishing,diminishing,743.0,0.017361879348754883,15.62715532766547,0.020230407463719402,10.0,0.520905177588849
0.0,FW_diminishing,diminishing,744.0,0.01738286018371582,15.627152120998975,0.01004918387149445,10.0,0.5209050706999658
0.0,FW_diminishing,diminishing,745.0,0.017403841018676758,15.627150585525385,0.010756568438587522,10.0,0.5209050195175128
0.0,FW_diminishing,diminishing,746.0,0.017426013946533203,15.627157811739231,0.010532708343580666,10.0,0.5209052603913077
0.0,FW_diminishing,diminishing,747.0,0.017447948455810547,15.627166240272125,0.008937097564572838,10.0,0.5209055413424042
0.0,FW_diminishing,diminishing,748.0,0.01746988296508789,15.62715613776492,0.013939226413791417,10.0,0.520905204592164
0.0,FW_diminishing,diminishing,749.0,0.017493009567260742,15.627139964497864,0.01488008006891306,10.0,0.5209046654832622
0.0,FW_diminishing,diminishing,750.0,0.017514944076538086,15.6271613656721,0.006957516710386358,10.0,0.5209053788557366
0.0,FW_diminishing,diminishing,751.0,0.01753711700439453,15.627152876533634,0.013304833438770203,10.0,0.5209050958844544
0.0,FW_diminishing,diminishing,752.0,0.017559051513671875,15.627160840353488,0.009011236617892493,10.0,0.5209053613451162
0.0,FW_diminishing,diminishing,753.0,0.017579078674316406,15.627168667409247,0.005781530465208462,10.0,0.5209056222469749
0.0,FW_diminishing,diminishing,754.0,0.01759791374206543,15.627157730175318,0.014205196045782742,10.0,0.5209052576725106
0.0,FW_diminishing,diminishing,755.0,0.01762104034423828,15.627150389625141,0.015870438913578866,10.0,0.5209050129875047
0.0,FW_diminishing,diminishing,756.0,0.017642974853515625,15.627157992777684,0.007144172009654781,10.0,0.5209052664259228
0.0,FW_diminishing,diminishing,757.0,0.017667055130004883,15.627151127057424,0.011310320161822318,10.0,0.5209050375685808
0.0,FW_diminishing,diminishing,758.0,0.017687082290649414,15.627144041324048,0.014126729860199916,10.0,0.5209048013774683
0.0,FW_diminishing,diminishing,759.0,0.017709016799926758,15.627154215832377,0.011316158081850602,10.0,0.520905140527746
0.0,FW_diminishing,diminishing,760.0,0.017732858657836914,15.627162624432266,0.005451464316267973,10.0,0.5209054208144088
0.0,FW_diminishing,diminishing,761.0,0.017760038375854492,15.627149450218676,0.015006606852212556,10.0,0.5209049816739558
0.0,FW_diminishing,diminishing,762.0,0.017783164978027344,15.627159527855774,0.009104740472533734,10.0,0.5209053175951924
0.0,FW_diminishing,diminishing,763.0,0.017805099487304688,15.6271649048446,0.009290053066992598,10.0,0.5209054968281533
0.0,FW_diminishing,diminishing,764.0,0.017826080322265625,15.627160426268459,0.01164807537710999,10.0,0.5209053475422819
0.0,FW_diminishing,diminishing,765.0,0.01784801483154297,15.627140853358613,0.016132765723014586,10.0,0.5209046951119538
0.0,FW_diminishing,diminishing,766.0,0.017870187759399414,15.627161970836527,0.006581674839406304,10.0,0.5209053990278842
0.0,FW_diminishing,diminishing,767.0,0.017892122268676758,15.62715896654089,0.011047628920444197,10.0,0.5209052988846963
0.0,FW_diminishing,diminishing,768.0,0.017913818359375,15.627157574952296,0.012308273046134133,10.0,0.5209052524984099
0.0,FW_diminishing,diminishing,769.0,0.017934799194335938,15.627161114199136,0.007194240552308884,10.0,0.5209053704733045
0.0,FW_diminishing,diminishing,770.0,0.017956018447875977,15.627155741894427,0.011930032835724802,10.0,0.520905191396481
0.0,FW_diminishing,diminishing,771.0,0.01797795295715332,15.627141188896319,0.018452473529666946,10.0,0.520904706296544
0.0,FW_diminishing,diminishing,772.0,0.017998933792114258,15.627153568219246,0.0050222586507970846,10.0,0.5209051189406415
0.0,FW_diminishing,diminishing,773.0,0.0180208683013916,15.627143084360169,0.012590879227964535,10.0,0.5209047694786723
0.0,FW_diminishing,diminishing,774.0,0.018042802810668945,15.627140448897359,0.01221605135219761,10.0,0.520904681629912
0.0,FW_diminishing,diminishing,775.0,0.01806497573852539,15.62714843040826,0.009638237002548067,10.0,0.5209049476802753
0.0,FW_diminishing,diminishing,776.0,0.018086910247802734,15.62714179575721,0.012362333621254606,10.0,0.5209047265252403
0.0,FW_diminishing,diminishing,777.0,0.018108844757080078,15.627131548964535,0.01247545201512068,10.0,0.5209043849654845
0.0,FW_diminishing,diminishing,778.0,0.018131017684936523,15.627147910001414,0.0033525105029177382,10.0,0.5209049303333805
0.0,FW_diminishing,diminishing,779.0,0.018152952194213867,15.627156163582923,0.01123512842650598,10.0,0.5209052054527641
0.0,FW_diminishing,diminishing,780.0,0.01817488670349121,15.627150392113617,0.013852460082894424,10.0,0.5209050130704539
0.0,FW_diminishing,diminishing,781.0,0.01819896697998047,15.62716240024119,0.0037174092229363964,10.0,0.520905413341373
0.0,FW_diminishing,diminishing,782.0,0.018221139907836914,15.627154770574974,0.012698246733716445,10.0,0.5209051590191658
0.0,FW_diminishing,diminishing,783.0,0.01824212074279785,15.62714604868597,0.016048866992992572,10.0,0.5209048682895323
0.0,FW_diminishing,diminishing,784.0,0.0182650089263916,15.627150585681411,0.009260513742367138,10.0,0.5209050195227137
0.0,FW_diminishing,diminishing,785.0,0.018286943435668945,15.627151205880894,0.009418059042589633,10.0,0.5209050401960298
0.0,FW_diminishing,diminishing,786.0,0.018309831619262695,15.62713665628187,0.014124126651053004,10.0,0.5209045552093957
0.0,FW_diminishing,diminishing,787.0,0.01833200454711914,15.627145996951583,0.010962811878673762,10.0,0.5209048665650527
0.0,FW_diminishing,diminishing,788.0,0.018352985382080078,15.6271584698246,0.0034164604468536197,10.0,0.5209052823274867
0.0,FW_diminishing,diminishing,789.0,0.018375873565673828,15.627148725939199,0.013477197373825689,10.0,0.5209049575313066
0.0,FW_diminishing,diminishing,790.0,0.018398046493530273,15.627150141198324,0.010402323654078671,10.0,0.5209050047066108
0.0,FW_diminishing,diminishing,791.0,0.018420934677124023,15.627150699595072,0.012267225627722311,10.0,0.5209050233198357
0.0,FW_diminishing,diminishing,792.0,0.01844310760498047,15.627149037255228,0.010238941577469518,10.0,0.5209049679085076
0.0,FW_diminishing,diminishing,793.0,0.018464088439941406,15.627135407734874,0.013734455960333847,10.0,0.5209045135911625
0.0,FW_diminishing,diminishing,794.0,0.018486976623535156,15.627156320599541,0.003041437719435436,10.0,0.5209052106866514
0.0,FW_diminishing,diminishing,795.0,0.0185091495513916,15.627152392511512,0.011110452176442465,10.0,0.5209050797503837
0.0,FW_diminishing,diminishing,796.0,0.01853203773498535,15.627150395948403,0.014956089424099872,10.0,0.5209050131982801
0.0,FW_diminishing,diminishing,797.0,0.018553972244262695,15.627158196754271,0.005137140434035459,10.0,0.5209052732251424
0.0,FW_diminishing,diminishing,798.0,0.018574953079223633,15.627155597021607,0.010547796673938237,10.0,0.5209051865673869
0.0,FW_diminishing,diminishing,799.0,0.018597841262817383,15.627140343556452,0.018488432324746285,10.0,0.5209046781185483
0.0,FW_diminishing,diminishing,800.0,0.018620014190673828,15.627148437513755,0.007573362680975748,10.0,0.5209049479171252
0.0,FW_diminishing,diminishing,801.0,0.018642902374267578,15.627155513024654,0.00907018932423398,10.0,0.5209051837674885
0.0,FW_diminishing,diminishing,802.0,0.018665075302124023,15.627152555085297,0.01064995302466265,10.0,0.52090508516951
0.0,FW_diminishing,diminishing,803.0,0.018687009811401367,15.627157827229976,0.01017522227012968,10.0,0.5209052609076659
0.0,FW_diminishing,diminishing,804.0,0.01870894432067871,15.627158131696834,0.008066431444293087,10.0,0.5209052710565611
0.0,FW_diminishing,diminishing,805.0,0.018731117248535156,15.62714622417829,0.014239263597527696,10.0,0.5209048741392763
0.0,FW_diminishing,diminishing,806.0,0.018754005432128906,15.627150777334268,0.008902500530973967,10.0,0.5209050259111423
0.0,FW_diminishing,diminishing,807.0,0.018777132034301758,15.627154094142728,0.0068140362285546985,10.0,0.5209051364714242
0.0,FW_diminishing,diminishing,808.0,0.018798112869262695,15.6271550803685,0.008987257593016551,10.0,0.5209051693456167
0.0,FW_diminishing,diminishing,809.0,0.018820762634277344,15.627147661955318,0.01522690022084916,10.0,0.5209049220651772
0.0,FW_diminishing,diminishing,810.0,0.01884293556213379,15.627171259311426,0.0043085918198624285,10.0,0.5209057086437142
0.0,FW_diminishing,diminishing,811.0,0.018864870071411133,15.627168333959311,0.010544987298601427,10.0,0.5209056111319771
0.0,FW_diminishing,diminishing,812.0,0.018886804580688477,15.627156309923622,0.016039085592744584,10.0,0.5209052103307874
0.0,FW_diminishing,diminishing,813.0,0.018908977508544922,15.627152428547543,0.009684334248934334,10.0,0.5209050809515847
0.0,FW_diminishing,diminishing,814.0,0.018930912017822266,15.627147472315226,0.011345586417618847,10.0,0.5209049157438409
0.0,FW_diminishing,diminishing,815.0,0.01895308494567871,15.627157378671674,0.008064739198607285,10.0,0.5209052459557225
0.0,FW_diminishing,diminishing,816.0,0.01897597312927246,15.627168279230062,0.00614555920934734,10.0,0.5209056093076687
0.0,FW_diminishing,diminishing,817.0,0.018997907638549805,15.62716444196496,0.009634308666990776,10.0,0.520905481398832
0.0,FW_diminishing,diminishing,818.0,0.019019126892089844,15.627142597642633,0.01825094861894172,10.0,0.5209047532547545
0.0,FW_diminishing,diminishing,819.0,0.019042015075683594,15.627158969735484,0.007347218158896496,10.0,0.5209052989911828
0.0,FW_diminishing,diminishing,820.0,0.01906418800354004,15.627155793373896,0.009338308858293232,10.0,0.5209051931124632
0.0,FW_diminishing,diminishing,821.0,0.019086122512817383,15.627148874720259,0.012092977435589347,10.0,0.5209049624906753
0.0,FW_diminishing,diminishing,822.0,0.01910877227783203,15.62714749669936,0.011566981755704475,10.0,0.5209049165566453
0.0,FW_diminishing,diminishing,823.0,0.01912975311279297,15.627162650146316,0.002950596935532346,10.0,0.5209054216715439
0.0,FW_diminishing,diminishing,824.0,0.01915287971496582,15.627160818114424,0.01274745117155085,10.0,0.5209053606038141
0.0,FW_diminishing,diminishing,825.0,0.019174814224243164,15.627146964872319,0.013723173606575045,10.0,0.5209048988290773
0.0,FW_diminishing,diminishing,826.0,0.019197940826416016,15.62715343621351,0.006497488822811093,10.0,0.5209051145404503
0.0,FW_diminishing,diminishing,827.0,0.01921987533569336,15.627163893321159,0.009281812392210043,10.0,0.5209054631107053
0.0,FW_diminishing,diminishing,828.0,0.019242048263549805,15.627153704890526,0.014699372987317716,10.0,0.5209051234963509
0.0,FW_diminishing,diminishing,829.0,0.01926398277282715,15.627146693919519,0.010862565760149323,10.0,0.5209048897973173
0.0,FW_diminishing,diminishing,830.0,0.019285917282104492,15.627146279304268,0.009311751342471197,10.0,0.5209048759768089
0.0,FW_diminishing,diminishing,831.0,0.019309043884277344,15.627149151164826,0.0106890259780279,10.0,0.5209049717054942
0.0,FW_diminishing,diminishing,832.0,0.019330978393554688,15.627153719678763,0.006004201812981336,10.0,0.5209051239892921
0.0,FW_diminishing,diminishing,833.0,0.019353151321411133,15.62714489754649,0.012798009406155941,10.0,0.5209048299182163
0.0,FW_diminishing,diminishing,834.0,0.019374847412109375,15.627139782225566,0.012982954513072187,10.0,0.5209046594075188
0.0,FW_diminishing,diminishing,835.0,0.01939678192138672,15.627152446081011,0.0037716309581501406,10.0,0.5209050815360337
0.0,FW_diminishing,diminishing,836.0,0.01941990852355957,15.627165076789575,0.010988016340512274,10.0,0.5209055025596525
0.0,FW_diminishing,diminishing,837.0,0.019441843032836914,15.62716461489718,0.008060765322287722,10.0,0.5209054871632394
0.0,FW_diminishing,diminishing,838.0,0.01946401596069336,15.627172114155071,0.007178921569286345,10.0,0.5209057371385024
0.0,FW_diminishing,diminishing,839.0,0.019485950469970703,15.627174726662528,0.007939584048113346,10.0,0.5209058242220842
0.0,FW_diminishing,diminishing,840.0,0.019507884979248047,15.627164503749158,0.016074688921504432,10.0,0.5209054834583052
0.0,FW_diminishing,diminishing,841.0,0.0195310115814209,15.627177114211936,0.008071946363909177,10.0,0.5209059038070645
0.0,FW_diminishing,diminishing,842.0,0.01955413818359375,15.627176133072727,0.00942356276523526,10.0,0.5209058711024243
0.0,FW_diminishing,diminishing,843.0,0.019575119018554688,15.62715640087544,0.016167155004223943,10.0,0.5209052133625147
0.0,FW_diminishing,diminishing,844.0,0.019598007202148438,15.627163992983375,0.007043595172667949,10.0,0.5209054664327791
0.0,FW_diminishing,diminishing,845.0,0.019620180130004883,15.627170026698577,0.005230738543335889,10.0,0.5209056675566193
0.0,FW_diminishing,diminishing,846.0,0.019641876220703125,15.627157946164257,0.01410021738676015,10.0,0.5209052648721418
0.0,FW_diminishing,diminishing,847.0,0.019665002822875977,15.62715241798772,0.014015691934654129,10.0,0.5209050805995906
0.0,FW_diminishing,diminishing,848.0,0.019685983657836914,15.627155106227882,0.007799660485448001,10.0,0.5209051702075961
0.0,FW_diminishing,diminishing,849.0,0.019708871841430664,15.62714949184998,0.010149919533525065,10.0,0.520904983061666
0.0,FW_diminishing,diminishing,850.0,0.01973104476928711,15.627158875347353,0.00662879655605586,10.0,0.5209052958449117
0.0,FW_diminishing,diminishing,851.0,0.019752979278564453,15.627170202505207,0.00871233729148102,10.0,0.5209056734168402
0.0,FW_diminishing,diminishing,852.0,0.019776105880737305,15.627165381820548,0.01096608510413688,10.0,0.5209055127273516
0.0,FW_diminishing,diminishing,853.0,0.019797086715698242,15.627161728696214,0.009284354860149335,10.0,0.5209053909565404
0.0,FW_diminishing,diminishing,854.0,0.019819974899291992,15.62717220452566,0.005648327340997739,10.0,0.5209057401508553
0.0,FW_diminishing,diminishing,855.0,0.019842147827148438,15.62718314849053,0.006853816298400872,10.0,0.5209061049496844
0.0,FW_diminishing,diminishing,856.0,0.01986408233642578,15.627162883508271,0.017575178259921387,10.0,0.5209054294502757
0.0,FW_diminishing,diminishing,857.0,0.01988697052001953,15.627159306809876,0.009222737429825045,10.0,0.5209053102269958
0.0,FW_diminishing,diminishing,858.0,0.01990795135498047,15.627158098594457,0.009361332327321392,10.0,0.5209052699531486
0.0,FW_diminishing,diminishing,859.0,0.01993083953857422,15.627156709359364,0.01371858050816499,10.0,0.5209052236453121
0.0,FW_diminishing,diminishing,860.0,0.019953012466430664,15.627164751912526,0.0070374841154965395,10.0,0.5209054917304176
0.0,FW_diminishing,diminishing,861.0,0.01997685432434082,15.627166057547559,0.008245082386611813,10.0,0.5209055352515853
0.0,FW_diminishing,diminishing,862.0,0.019999027252197266,15.62716578995707,0.01157632815645826,10.0,0.5209055263319023
0.0,FW_diminishing,diminishing,863.0,0.020020008087158203,15.627155952034926,0.011894300022401438,10.0,0.5209051984011642
0.0,FW_diminishing,diminishing,864.0,0.020042896270751953,15.627149494309876,0.011581871072241512,10.0,0.5209049831436625
0.0,FW_diminishing,diminishing,865.0,0.0200650691986084,15.627158101171718,0.006273830074020381,10.0,0.5209052700390573
0.0,FW_diminishing,diminishing,866.0,0.020087003707885742,15.627150989373341,0.010696774179812962,10.0,0.5209050329791114
0.0,FW_diminishing,diminishing,867.0,0.020110130310058594,15.627155693700745,0.00670009159678564,10.0,0.5209051897900249
0.0,FW_diminishing,diminishing,868.0,0.02013111114501953,15.62714456168958,0.016234847476372494,10.0,0.520904818722986
0.0,FW_diminishing,diminishing,869.0,0.02015376091003418,15.627148112884816,0.006026803883015575,10.0,0.5209049370961606
0.0,FW_diminishing,diminishing,870.0,0.020175933837890625,15.62714509871752,0.010035873282166818,10.0,0.5209048366239173
0.0,FW_diminishing,diminishing,871.0,0.02019786834716797,15.62715141964474,0.010172986348280233,10.0,0.5209050473214913
0.0,FW_diminishing,diminishing,872.0,0.02022099494934082,15.627149613624054,0.010724184379879986,10.0,0.5209049871208018
0.0,FW_diminishing,diminishing,873.0,0.020241975784301758,15.627159054937339,0.003402143048118589,10.0,0.5209053018312446
0.0,FW_diminishing,diminishing,874.0,0.020264863967895508,15.627149902514525,0.012696682360230582,10.0,0.5209049967504842
0.0,FW_diminishing,diminishing,875.0,0.020287036895751953,15.627143196400578,0.014237580483520418,10.0,0.5209047732133526
0.0,FW_diminishing,diminishing,876.0,0.020307064056396484,15.627147863797818,0.00660530407333404,10.0,0.5209049287932606
0.0,FW_diminishing,diminishing,877.0,0.020329952239990234,15.627144841226881,0.011639590172887182,10.0,0.520904828040896
0.0,FW_diminishing,diminishing,878.0,0.02035212516784668,15.62714467816379,0.00757115170467948,10.0,0.5209048226054597
0.0,FW_diminishing,diminishing,879.0,0.02037501335144043,15.62715520266663,0.008476386924078483,10.0,0.520905173422221
0.0,FW_diminishing,diminishing,880.0,0.020396947860717773,15.627152823692116,0.009671095418168463,10.0,0.5209050941230705
0.0,FW_diminishing,diminishing,881.0,0.020418167114257812,15.62715311381436,0.007345306062397583,10.0,0.520905103793812
0.0,FW_diminishing,diminishing,882.0,0.020441055297851562,15.627154291352074,0.00929886678659031,10.0,0.5209051430450692
0.0,FW_diminishing,diminishing,883.0,0.020462751388549805,15.627163106588933,0.007278350900541852,10.0,0.5209054368862978
0.0,FW_diminishing,diminishing,884.0,0.02048492431640625,15.627146233771658,0.01607213179569733,10.0,0.5209048744590553
0.0,FW_diminishing,diminishing,885.0,0.0205078125,15.627146563697288,0.007293268647556417,10.0,0.5209048854565762
0.0,FW_diminishing,diminishing,886.0,0.020528793334960938,15.627147517857209,0.008136627562839394,10.0,0.5209049172619069
0.0,FW_diminishing,diminishing,887.0,0.020550966262817383,15.627154135046334,0.009757041128212407,10.0,0.5209051378348778
0.0,FW_diminishing,diminishing,888.0,0.020573854446411133,15.62715155854479,0.011329561215347894,10.0,0.5209050519514931
0.0,FW_diminishing,diminishing,889.0,0.020596027374267578,15.627154851464772,0.007062032923021988,10.0,0.5209051617154924
0.0,FW_diminishing,diminishing,890.0,0.020618915557861328,15.627153159388634,0.011856294048032012,10.0,0.5209051053129544
0.0,FW_diminishing,diminishing,891.0,0.020639896392822266,15.62714752009489,0.00991340191800738,10.0,0.5209049173364964
0.0,FW_diminishing,diminishing,892.0,0.02066206932067871,15.627143487850685,0.010310096428170823,10.0,0.5209047829283562
0.0,FW_diminishing,diminishing,893.0,0.020684003829956055,15.627143228401678,0.009815934248127434,10.0,0.520904774280056
0.0,FW_diminishing,diminishing,894.0,0.020707130432128906,15.62714011994089,0.008760735369865102,10.0,0.5209046706646964
0.0,FW_diminishing,diminishing,895.0,0.020729780197143555,15.627146554138822,0.005582968343126993,10.0,0.5209048851379607
0.0,FW_diminishing,diminishing,896.0,0.020750761032104492,15.627134685733184,0.016366429857537668,10.0,0.5209044895244395
0.0,FW_diminishing,diminishing,897.0,0.020773887634277344,15.627141528974505,0.004257520891799871,10.0,0.5209047176324835
0.0,FW_diminishing,diminishing,898.0,0.02079486846923828,15.62714067998959,0.008829732203242457,10.0,0.5209046893329864
0.0,FW_diminishing,diminishing,899.0,0.020817995071411133,15.627143106473872,0.008960336653572654,10.0,0.5209047702157957
0.0,FW_diminishing,diminishing,900.0,0.020840883255004883,15.627148412702827,0.010123079462148965,10.0,0.5209049470900943
0.0,FW_diminishing,diminishing,901.0,0.02086186408996582,15.627149853176137,0.00776688058900632,10.0,0.5209049951058712
0.0,FW_diminishing,diminishing,902.0,0.020884037017822266,15.627152259185122,0.00986234495056948,10.0,0.5209050753061707
0.0,FW_diminishing,diminishing,903.0,0.02090597152709961,15.62715731961647,0.007297219577445446,10.0,0.5209052439872157
0.0,FW_diminishing,diminishing,904.0,0.02092909812927246,15.627148468678147,0.011301872361674015,10.0,0.5209049489559382
0.0,FW_diminishing,diminishing,905.0,0.020951032638549805,15.627136071532451,0.014016018238564243,10.0,0.5209045357177484
0.0,FW_diminishing,diminishing,906.0,0.02097296714782715,15.62713939252768,0.0057564351014587345,10.0,0.5209046464175893
0.0,FW_diminishing,diminishing,907.0,0.020995140075683594,15.627149174899628,0.008261979011042087,10.0,0.5209049724966542
0.0,FW_diminishing,diminishing,908.0,0.021017074584960938,15.627148895938088,0.008481001502296692,10.0,0.5209049631979362
0.0,FW_diminishing,diminishing,909.0,0.021039962768554688,15.627150280234739,0.00931332120124928,10.0,0.5209050093411579
0.0,FW_diminishing,diminishing,910.0,0.021062850952148438,15.627155232005087,0.004972549068405385,10.0,0.5209051744001696
0.0,FW_diminishing,diminishing,911.0,0.02108287811279297,15.627153208053265,0.00925223377781137,10.0,0.5209051069351088
0.0,FW_diminishing,diminishing,912.0,0.021107912063598633,15.62714399141275,0.015053415861787656,10.0,0.5209047997137584
0.0,FW_diminishing,diminishing,913.0,0.02112889289855957,15.62715173693394,0.005935754344195132,10.0,0.520905057897798
0.0,FW_diminishing,diminishing,914.0,0.0211489200592041,15.627158423764849,0.007375359746029986,10.0,0.5209052807921616
0.0,FW_diminishing,diminishing,915.0,0.021170854568481445,15.627156094342157,0.009360240217002769,10.0,0.5209052031447385
0.0,FW_diminishing,diminishing,916.0,0.021191835403442383,15.627163298933667,0.008988634284310848,10.0,0.5209054432977889
0.0,FW_diminishing,diminishing,917.0,0.021214008331298828,15.62716786620982,0.005077017004119,10.0,0.5209055955403273
0.0,FW_diminishing,diminishing,918.0,0.021235942840576172,15.627166497210002,0.008893865662862765,10.0,0.5209055499070001
0.0,FW_diminishing,diminishing,919.0,0.02126288414001465,15.627160905318844,0.013330306911747414,10.0,0.5209053635106281
0.0,FW_diminishing,diminishing,920.0,0.02129197120666504,15.627152894373577,0.013115945734350376,10.0,0.5209050964791192
0.0,FW_diminishing,diminishing,921.0,0.021314144134521484,15.62715749442729,0.00610833693670898,10.0,0.520905249814243
0.0,FW_diminishing,diminishing,922.0,0.021338939666748047,15.627142857159534,0.013918418460107773,10.0,0.5209047619053178
0.0,FW_diminishing,diminishing,923.0,0.02136087417602539,15.627153112634568,0.005949667653858626,10.0,0.5209051037544856
0.0,FW_diminishing,diminishing,924.0,0.021382808685302734,15.627150848762732,0.009259572885257583,10.0,0.5209050282920911
0.0,FW_diminishing,diminishing,925.0,0.02140498161315918,15.627145658133449,0.009529243554160516,10.0,0.520904855271115
0.0,FW_diminishing,diminishing,926.0,0.02142786979675293,15.627141623027821,0.011230233884944596,10.0,0.5209047207675941
0.0,FW_diminishing,diminishing,927.0,0.021448850631713867,15.627149134144302,0.004686148544049473,10.0,0.5209049711381434
0.0,FW_diminishing,diminishing,928.0,0.02147197723388672,15.627151884098245,0.009363936983604049,10.0,0.5209050628032749
0.0,FW_diminishing,diminishing,929.0,0.021493911743164062,15.627146786967316,0.009465356547387671,10.0,0.5209048928989105
0.0,FW_diminishing,diminishing,930.0,0.021517038345336914,15.62714747713692,0.007833872227298144,10.0,0.520904915904564
0.0,FW_diminishing,diminishing,931.0,0.021538972854614258,15.627144691839543,0.011012379811310424,10.0,0.5209048230613181
0.0,FW_diminishing,diminishing,932.0,0.021559953689575195,15.627146702776356,0.01115045761816269,10.0,0.5209048900925451
0.0,FW_diminishing,diminishing,933.0,0.021582841873168945,15.62714954257991,0.006799503377415306,10.0,0.5209049847526637
0.0,FW_diminishing,diminishing,934.0,0.02160477638244629,15.627141317498658,0.010907177898085152,10.0,0.5209047105832886
0.0,FW_diminishing,diminishing,935.0,0.02162790298461914,15.627147322774952,0.006444382718914454,10.0,0.5209049107591651
0.0,FW_diminishing,diminishing,936.0,0.021649837493896484,15.627156869491277,0.007836840386699961,10.0,0.5209052289830426
0.0,FW_diminishing,diminishing,937.0,0.021669864654541016,15.627158688434784,0.006171193988048884,10.0,0.5209052896144928
0.0,FW_diminishing,diminishing,938.0,0.02169179916381836,15.62714787443999,0.013180009819848237,10.0,0.5209049291479997
0.0,FW_diminishing,diminishing,939.0,0.02171492576599121,15.627152619186491,0.008283559303395194,10.0,0.5209050873062163
0.0,FW_diminishing,diminishing,940.0,0.021734952926635742,15.627153789456468,0.007517032685100844,10.0,0.5209051263152156
0.0,FW_diminishing,diminishing,941.0,0.021757841110229492,15.627150228428835,0.011289636286234028,10.0,0.5209050076142945
0.0,FW_diminishing,diminishing,942.0,0.021780014038085938,15.627143817204537,0.010022249236406822,10.0,0.5209047939068179
0.0,FW_diminishing,diminishing,943.0,0.02180194854736328,15.627143406789957,0.008238081966311483,10.0,0.5209047802263319
0.0,FW_diminishing,diminishing,944.0,0.021824121475219727,15.62714813193115,0.00822527577355281,10.0,0.5209049377310383
0.0,FW_diminishing,diminishing,945.0,0.02184605598449707,15.627150696683831,0.005750560786484726,10.0,0.5209050232227944
0.0,FW_diminishing,diminishing,946.0,0.02186894416809082,15.627143759543344,0.01131338292390005,10.0,0.5209047919847781
0.0,FW_diminishing,diminishing,947.0,0.02189016342163086,15.62714117193283,0.010376893852944491,10.0,0.5209047057310944
0.0,FW_diminishing,diminishing,948.0,0.02190995216369629,15.627143591976242,0.010735564710625312,10.0,0.5209047863992081
0.0,FW_diminishing,diminishing,949.0,0.02193307876586914,15.627149668126238,0.005097595824921086,10.0,0.5209049889375412
0.0,FW_diminishing,diminishing,950.0,0.021955013275146484,15.627139150510413,0.01194779174795535,10.0,0.5209046383503471
0.0,FW_diminishing,diminishing,951.0,0.02197718620300293,15.627147335331207,0.006479713056799952,10.0,0.5209049111777069
0.0,FW_diminishing,diminishing,952.0,0.021999835968017578,15.627146914602003,0.008168807989559213,10.0,0.5209048971534
0.0,FW_diminishing,diminishing,953.0,0.022020816802978516,15.627140534053455,0.012539193346842836,10.0,0.5209046844684485
0.0,FW_diminishing,diminishing,954.0,0.02204298973083496,15.627140063551852,0.007127197021192799,10.0,0.5209046687850617
0.0,FW_diminishing,diminishing,955.0,0.022064924240112305,15.62713811050003,0.008879176793435306,10.0,0.5209046036833344
0.0,FW_diminishing,diminishing,956.0,0.022088050842285156,15.627146208017601,0.0064468285498353595,10.0,0.5209048736005867
0.0,FW_diminishing,diminishing,957.0,0.0221099853515625,15.62714847934887,0.007959520549798427,10.0,0.520904949311629
0.0,FW_diminishing,diminishing,958.0,0.022130966186523438,15.627148013936898,0.007096855666464563,10.0,0.5209049337978966
0.0,FW_diminishing,diminishing,959.0,0.02215409278869629,15.627133741581183,0.014781707790536558,10.0,0.5209044580527061
0.0,FW_diminishing,diminishing,960.0,0.022175073623657227,15.6271423161531,0.007605970551940899,10.0,0.52090474387177
0.0,FW_diminishing,diminishing,961.0,0.022197961807250977,15.627146735637453,0.005760679149979353,10.0,0.520904891187915
0.0,FW_diminishing,diminishing,962.0,0.022220134735107422,15.627142117305455,0.009075081190863088,10.0,0.5209047372435152
0.0,FW_diminishing,diminishing,963.0,0.02224111557006836,15.627140680702386,0.009689117134168868,10.0,0.5209046893567462
0.0,FW_diminishing,diminishing,964.0,0.022263050079345703,15.627149536795963,0.007679510367081477,10.0,0.5209049845598654
0.0,FW_diminishing,diminishing,965.0,0.022284984588623047,15.627154376349619,0.004478359672621224,10.0,0.5209051458783206
0.0,FW_diminishing,diminishing,966.0,0.0223081111907959,15.627145892299687,0.011966991859255316,10.0,0.5209048630766563
0.0,FW_diminishing,diminishing,967.0,0.02232980728149414,15.627148902928377,0.008754422052501099,10.0,0.5209049634309459
0.0,FW_diminishing,diminishing,968.0,0.022350788116455078,15.627153448954774,0.0071297099883746995,10.0,0.5209051149651591
0.0,FW_diminishing,diminishing,969.0,0.022372961044311523,15.627139966859938,0.014386968709985126,10.0,0.5209046655619979
0.0,FW_diminishing,diminishing,970.0,0.022394895553588867,15.627136989270264,0.008238074697583642,10.0,0.5209045663090088
0.0,FW_diminishing,diminishing,971.0,0.02241802215576172,15.627138350946082,0.007147992498616418,10.0,0.5209046116982027
0.0,FW_diminishing,diminishing,972.0,0.02244091033935547,15.627141357244334,0.008696472396975352,10.0,0.5209047119081445
0.0,FW_diminishing,diminishing,973.0,0.022461891174316406,15.627146185855162,0.006543290740026464,10.0,0.5209048728618387
0.0,FW_diminishing,diminishing,974.0,0.02248406410217285,15.627143250395608,0.008195538643994027,10.0,0.520904775013187
0.0,FW_diminishing,diminishing,975.0,0.022505998611450195,15.627132658805014,0.012964356282779477,10.0,0.5209044219601672
0.0,FW_diminishing,diminishing,976.0,0.02252793312072754,15.627141299219012,0.007312672223608985,10.0,0.5209047099739671
0.0,FW_diminishing,diminishing,977.0,0.022550106048583984,15.62714875787518,0.004105343042470011,10.0,0.5209049585958393
0.0,FW_diminishing,diminishing,978.0,0.022571086883544922,15.627141816677717,0.01014058113974059,10.0,0.5209047272225906
0.0,FW_diminishing,diminishing,979.0,0.022593975067138672,15.627141386138444,0.009445780044460506,10.0,0.5209047128712815
0.0,FW_diminishing,diminishing,980.0,0.02261495590209961,15.627149728270549,0.005976232143735771,10.0,0.5209049909423517
0.0,FW_diminishing,diminishing,981.0,0.02263808250427246,15.627135147631462,0.014913149655688684,10.0,0.5209045049210487
0.0,FW_diminishing,diminishing,982.0,0.022659778594970703,15.62713764834087,0.005472188503000908,10.0,0.520904588278029
0.0,FW_diminishing,diminishing,983.0,0.022680997848510742,15.627137542968656,0.007768449409063294,10.0,0.5209045847656218
0.0,FW_diminishing,diminishing,984.0,0.022703886032104492,15.6271373812046,0.008882481492900496,10.0,0.5209045793734867
0.0,FW_diminishing,diminishing,985.0,0.022725820541381836,15.627139134947667,0.00916218633831356,10.0,0.5209046378315889
0.0,FW_diminishing,diminishing,986.0,0.02274799346923828,15.627141625960478,0.005444777865086792,10.0,0.5209047208653492
0.0,FW_diminishing,diminishing,987.0,0.02277088165283203,15.627129866998024,0.013511757337209218,10.0,0.5209043288999341
0.0,FW_diminishing,diminishing,988.0,0.02279186248779297,15.627146245783868,0.005662472133572294,10.0,0.5209048748594622
0.0,FW_diminishing,diminishing,989.0,0.02281498908996582,15.627149855561713,0.005877354982956717,10.0,0.5209049951853905
0.0,FW_diminishing,diminishing,990.0,0.022835969924926758,15.627147695747736,0.007724263362391071,10.0,0.5209049231915912
0.0,FW_diminishing,diminishing,991.0,0.02285909652709961,15.627151201023286,0.0069964899822316795,10.0,0.5209050400341095
0.0,FW_diminishing,diminishing,992.0,0.022881031036376953,15.627150727686514,0.0115959443194118,10.0,0.5209050242562171
0.0,FW_diminishing,diminishing,993.0,0.02290201187133789,15.627149531064697,0.008235231608844984,10.0,0.5209049843688233
0.0,FW_diminishing,diminishing,994.0,0.022925138473510742,15.627151512532652,0.008949825304286563,10.0,0.520905050417755
0.0,FW_diminishing,diminishing,995.0,0.022947072982788086,15.627152023406069,0.006362224560572116,10.0,0.5209050674468689
0.0,FW_diminishing,diminishing,996.0,0.02296900749206543,15.62714496516656,0.01114483637737429,10.0,0.5209048321722186
0.0,FW_diminishing,diminishing,997.0,0.022990942001342773,15.627141637983058,0.01073270962536732,10.0,0.520904721266102
0.0,FW_diminishing,diminishing,998.0,0.023012161254882812,15.62714962806679,0.00359741337126529,10.0,0.5209049876022264
0.0,FW_diminishing,diminishing,999.0,0.02303481101989746,15.627144717877568,0.00905338423430635,10.0,0.5209048239292523
0.0,FW_exact,exact,0.0,5.1975250244140625e-05,18.919311425263782,18.580688574736218,1.0,0.6306437141754594
0.0,FW_exact,exact,1.0,8.296966552734375e-05,16.484849442471486,10.73971096916316,2.0,0.5494949814157162
0.0,FW_exact,exact,2.0,0.00011110305786132812,15.980911982161695,4.048212016133748,3.0,0.5326970660720565
0.0,FW_exact,exact,3.0,0.0001380443572998047,15.763268607237773,2.3462612641898417,4.0,0.5254422869079257
0.0,FW_exact,exact,4.0,0.000164031982421875,15.742912719063453,0.7190834313132619,5.0,0.5247637573021151
0.0,FW_exact,exact,5.0,0.00018906593322753906,15.714666344614441,0.7035037141866969,6.0,0.523822211487148
0.0,FW_exact,exact,6.0,0.00021409988403320312,15.700983600153823,0.5790448126026888,7.0,0.5233661200051274
0.0,FW_exact,exact,7.0,0.0002391338348388672,15.687077572756433,0.5259025071175376,8.0,0.5229025857585478
0.0,FW_exact,exact,8.0,0.00026488304138183594,15.681078540506073,0.3115212969900476,8.0,0.5227026180168691
0.0,FW_exact,exact,9.0,0.0002932548522949219,15.67960681219191,0.1842222792404531,8.0,0.522653560406397
0.0,FW_exact,exact,10.0,0.0003190040588378906,15.677594402935084,0.16556318972932438,8.0,0.5225864800978361
0.0,FW_exact,exact,11.0,0.0003440380096435547,15.676346933943316,0.15185805112388095,8.0,0.5225448977981105
0.0,FW_exact,exact,12.0,0.00037097930908203125,15.67361083782957,0.20795534283200645,8.0,0.522453694594319
0.0,FW_exact,exact,13.0,0.0003981590270996094,15.673181059940925,0.10869645156304131,9.0,0.5224393686646975
0.0,FW_exact,exact,14.0,0.0004329681396484375,15.672502095470795,0.09526145765405225,9.0,0.5224167365156932
0.0,FW_exact,exact,15.0,0.0004589557647705078,15.671995959527214,0.08811873739817955,9.0,0.5223998653175738
0.0,FW_exact,exact,16.0,0.00048613548278808594,15.671150016346653,0.12476164125983402,9.0,0.5223716672115551
0.0,FW_exact,exact,17.0,0.0005121231079101562,15.670470776974303,0.12461212471342975,9.0,0.5223490258991434
0.0,FW_exact,exact,18.0,0.0005381107330322266,15.669985060023166,0.08632563717296371,9.0,0.5223328353341056
0.0,FW_exact,exact,19.0,0.0005629062652587891,15.669142014055145,0.13019761702032717,9.0,0.5223047338018382
0.0,FW_exact,exact,20.0,0.0005891323089599609,15.668601277834405,0.08493316818663565,9.0,0.5222867092611468
0.0,FW_exact,exact,21.0,0.0006132125854492188,15.667747615638648,0.11489674511782866,9.0,0.5222582538546215
0.0,FW_exact,exact,22.0,0.0006389617919921875,15.667149012550391,0.10476965078179035,9.0,0.5222383004183464
0.0,FW_exact,exact,23.0,0.0006620883941650391,15.666887345017054,0.07213624406937136,9.0,0.5222295781672351
0.0,FW_exact,exact,24.0,0.0006861686706542969,15.666477835896343,0.07922840872294046,9.0,0.5222159278632115
0.0,FW_exact,exact,25.0,0.0007109642028808594,15.665709973304645,0.10150209639394525,9.0,0.5221903324434882
0.0,FW_exact,exact,26.0,0.0007350444793701172,15.66532667715387,0.08189281169049778,9.0,0.5221775559051289
0.0,FW_exact,exact,27.0,0.0007600784301757812,15.664963487856312,0.091961826992776,9.0,0.5221654495952104
0.0,FW_exact,exact,28.0,0.0007841587066650391,15.664533314141396,0.0812445475854009,9.0,0.5221511104713799
0.0,FW_exact,exact,29.0,0.0008070468902587891,15.664219915459933,0.08439506923546247,9.0,0.5221406638486644
0.0,FW_exact,exact,30.0,0.0008320808410644531,15.663801455099447,0.07465566835805326,9.0,0.5221267151699815
0.0,FW_exact,exact,31.0,0.0008549690246582031,15.663479346584221,0.07502976039294218,9.0,0.5221159782194741
0.0,FW_exact,exact,32.0,0.0008790493011474609,15.663049275444575,0.08125063814248179,9.0,0.5221016425148192
0.0,FW_exact,exact,33.0,0.0009028911590576172,15.662271514385845,0.1250774216331969,9.0,0.5220757171461948
0.0,FW_exact,exact,34.0,0.000926971435546875,15.661954956864776,0.0648558739019176,9.0,0.5220651652288258
0.0,FW_exact,exact,35.0,0.0009531974792480469,15.661302377051618,0.10035466850583852,9.0,0.5220434125683873
0.0,FW_exact,exact,36.0,0.0009779930114746094,15.660949130524516,0.08032499386209757,9.0,0.5220316376841505
0.0,FW_exact,exact,37.0,0.0010039806365966797,15.660770941378669,0.0635401214770237,9.0,0.5220256980459557
0.0,FW_exact,exact,38.0,0.0010271072387695312,15.66059447658241,0.05186457752558482,9.0,0.5220198158860804
0.0,FW_exact,exact,39.0,0.0010502338409423828,15.660269822688388,0.0804707889009233,9.0,0.522008994089613
0.0,FW_exact,exact,40.0,0.0010750293731689453,15.659824709434503,0.07707003323074524,9.0,0.52199415698115
0.0,FW_exact,exact,41.0,0.0010991096496582031,15.65933718168345,0.08660954046604097,9.0,0.5219779060561149
0.0,FW_exact,exact,42.0,0.0011241436004638672,15.658930694924486,0.08441956412066709,9.0,0.5219643564974829
0.0,FW_exact,exact,43.0,0.0011479854583740234,15.658680695235564,0.07055667560231704,9.0,0.5219560231745188
0.0,FW_exact,exact,44.0,0.0011708736419677734,15.658339136648172,0.06743079394077967,9.0,0.5219446378882724
0.0,FW_exact,exact,45.0,0.0011949539184570312,15.657823767015765,0.08909421177034105,9.0,0.5219274589005255
0.0,FW_exact,exact,46.0,0.001219034194946289,15.6576455366766,0.0635651347198749,9.0,0.52192151788922
0.0,FW_exact,exact,47.0,0.0012438297271728516,15.657429646552217,0.06269932150643776,9.0,0.5219143215517406
0.0,FW_exact,exact,48.0,0.0012679100036621094,15.657298716384691,0.044652005045762166,9.0,0.5219099572128231
0.0,FW_exact,exact,49.0,0.001291036605834961,15.657050722504659,0.07028264254376815,9.0,0.5219016907501552
0.0,FW_exact,exact,50.0,0.0013151168823242188,15.65670458891708,0.06790232026633447,9.0,0.5218901529639026
0.0,FW_exact,exact,51.0,0.0013391971588134766,15.656326216765743,0.0762281433438794,9.0,0.5218775405588582
0.0,FW_exact,exact,52.0,0.0013649463653564453,15.656058489664888,0.06841024546917751,9.0,0.521868616322163
0.0,FW_exact,exact,53.0,0.001390218734741211,15.655868850696868,0.06635820968450012,9.0,0.5218622950232289
0.0,FW_exact,exact,54.0,0.001413106918334961,15.655511333439053,0.06903384184970562,9.0,0.5218503777813017
0.0,FW_exact,exact,55.0,0.0014390945434570312,15.65528706455044,0.05856073331752931,9.0,0.5218429021516813
0.0,FW_exact,exact,56.0,0.001463174819946289,15.654988128737578,0.07723373964233815,9.0,0.5218329376245859
0.0,FW_exact,exact,57.0,0.0014889240264892578,15.65483161774517,0.052216526400474805,9.0,0.5218277205915057
0.0,FW_exact,exact,58.0,0.0015120506286621094,15.654668306645313,0.04650681095458964,9.0,0.5218222768881771
0.0,FW_exact,exact,59.0,0.0015361309051513672,15.654304281253756,0.07477467943821381,9.0,0.5218101427084585
0.0,FW_exact,exact,60.0,0.0015611648559570312,15.654082580527897,0.07096261043958307,9.0,0.5218027526842632
0.0,FW_exact,exact,61.0,0.0015859603881835938,15.653896783189799,0.05815935588194421,9.0,0.52179655943966
0.0,FW_exact,exact,62.0,0.0016109943389892578,15.653765530743433,0.044728111449032326,9.0,0.5217921843581145
0.0,FW_exact,exact,63.0,0.0016350746154785156,15.653554715523388,0.0647877683350373,9.0,0.5217851571841129
0.0,FW_exact,exact,64.0,0.0016591548919677734,15.65328384396903,0.060028681759732194,9.0,0.521776128132301
0.0,FW_exact,exact,65.0,0.001683950424194336,15.6529754086532,0.06878762823684426,9.0,0.5217658469551066
0.0,FW_exact,exact,66.0,0.0017080307006835938,15.652812503852306,0.053291308270726034,9.0,0.5217604167950769
0.0,FW_exact,exact,67.0,0.001734018325805664,15.652661306300711,0.05481768586203373,9.0,0.5217553768766904
0.0,FW_exact,exact,68.0,0.001756906509399414,15.652465473424735,0.05097845604753992,9.0,0.5217488491141579
0.0,FW_exact,exact,69.0,0.0017809867858886719,15.652173394234191,0.06692983210374592,9.0,0.5217391131411397
0.0,FW_exact,exact,70.0,0.0018050670623779297,15.652028184034169,0.05737278745769281,9.0,0.5217342728011389
0.0,FW_exact,exact,71.0,0.0018301010131835938,15.651873790915808,0.05299874231831936,9.0,0.5217291263638603
0.0,FW_exact,exact,72.0,0.0018551349639892578,15.651798250960791,0.04180767979375233,9.0,0.5217266083653597
0.0,FW_exact,exact,73.0,0.0018801689147949219,15.651680995148727,0.04227404313259875,9.0,0.5217226998382909
0.0,FW_exact,exact,74.0,0.0019042491912841797,15.65139663925919,0.061535942843296,9.0,0.5217132213086396
0.0,FW_exact,exact,75.0,0.0019299983978271484,15.651261371719192,0.048543185271849865,9.0,0.5217087123906398
0.0,FW_exact,exact,76.0,0.0019562244415283203,15.65113880838196,0.049335180790118116,9.0,0.5217046269460653
0.0,FW_exact,exact,77.0,0.0019791126251220703,15.650822723627012,0.0696628107942292,9.0,0.5216940907875671
0.0,FW_exact,exact,78.0,0.0020029544830322266,15.650631641114938,0.05036566407401999,9.0,0.5216877213704979
0.0,FW_exact,exact,79.0,0.0020279884338378906,15.650515737848005,0.04797248468867288,9.0,0.5216838579282669
0.0,FW_exact,exact,80.0,0.0020532608032226562,15.650319014171721,0.054855934192893585,9.0,0.5216773004723907
0.0,FW_exact,exact,81.0,0.0020780563354492188,15.65017258524229,0.05161555490841785,9.0,0.5216724195080763
0.0,FW_exact,exact,82.0,0.0021021366119384766,15.650059811732993,0.05053888593814193,9.0,0.5216686603910997
0.0,FW_exact,exact,83.0,0.0021271705627441406,15.649973493374988,0.036250486076674804,9.0,0.5216657831124996
0.0,FW_exact,exact,84.0,0.002151012420654297,15.649811332665664,0.04637579063092723,9.0,0.5216603777555221
0.0,FW_exact,exact,85.0,0.0021750926971435547,15.649677735093135,0.048249760422194754,9.0,0.5216559245031045
0.0,FW_exact,exact,86.0,0.0021991729736328125,15.64952885835587,0.05878951102815044,9.0,0.5216509619451957
0.0,FW_exact,exact,87.0,0.0022249221801757812,15.649418705325644,0.040978903838986724,9.0,0.5216472901775214
0.0,FW_exact,exact,88.0,0.002248048782348633,15.649268753439445,0.0546089010811599,9.0,0.5216422917813148
0.0,FW_exact,exact,89.0,0.0022721290588378906,15.649100316083352,0.047276227630675294,9.0,0.5216366772027784
0.0,FW_exact,exact,90.0,0.0022962093353271484,15.648894494348035,0.0561298099773353,9.0,0.5216298164782678
0.0,FW_exact,exact,91.0,0.002321004867553711,15.648759661221183,0.04952605228172935,9.0,0.5216253220407061
0.0,FW_exact,exact,92.0,0.002348184585571289,15.648692123562158,0.0365848024772486,9.0,0.5216230707854053
0.0,FW_exact,exact,93.0,0.002373218536376953,15.64859190628017,0.03908165898956639,9.0,0.521619730209339
0.0,FW_exact,exact,94.0,0.0023970603942871094,15.648396179528415,0.05099602311205764,9.0,0.5216132059842805
0.0,FW_exact,exact,95.0,0.002421140670776367,15.648281796185623,0.044634180121381206,9.0,0.5216093932061875
0.0,FW_exact,exact,96.0,0.0024471282958984375,15.648172946811854,0.04965622989025498,9.0,0.5216057648937285
0.0,FW_exact,exact,97.0,0.002471923828125,15.647992618975515,0.05252028706546952,9.0,0.5215997539658505
0.0,FW_exact,exact,98.0,0.002496957778930664,15.64783934135956,0.055222479733968655,9.0,0.5215946447119854
0.0,FW_exact,exact,99.0,0.002521038055419922,15.647731820313277,0.03772576920490067,9.0,0.5215910606771093
0.0,FW_exact,exact,100.0,0.002544879913330078,15.647564156483693,0.05063295332243811,9.0,0.5215854718827898
0.0,FW_exact,exact,101.0,0.002568960189819336,15.64743524512275,0.047403596943032866,9.0,0.521581174837425
0.0,FW_exact,exact,102.0,0.002593994140625,15.647349899256303,0.041150675575849505,9.0,0.5215783299752101
0.0,FW_exact,exact,103.0,0.002618074417114258,15.647255586098813,0.04253383194527949,10.0,0.5215751862032938
0.0,FW_exact,exact,104.0,0.002640962600708008,15.647180887976587,0.03372352082378782,10.0,0.5215726962658862
0.0,FW_exact,exact,105.0,0.002665996551513672,15.647044654409848,0.04250006822628016,10.0,0.521568155146995
0.0,FW_exact,exact,106.0,0.0026891231536865234,15.64696139159004,0.03805844479952647,10.0,0.521565379719668
0.0,FW_exact,exact,107.0,0.0027151107788085938,15.646874861121859,0.04425770362854742,10.0,0.5215624953707286
0.0,FW_exact,exact,108.0,0.00273895263671875,15.646742813693404,0.04490572479593702,10.0,0.5215580937897801
0.0,FW_exact,exact,109.0,0.002763986587524414,15.646649517817185,0.0505281437742795,10.0,0.5215549839272395
0.0,FW_exact,exact,110.0,0.0027892589569091797,15.6465923902286,0.033644514991568286,10.0,0.5215530796742867
0.0,FW_exact,exact,111.0,0.0028128623962402344,15.646529919683331,0.03083106298305971,10.0,0.5215509973227778
0.0,FW_exact,exact,112.0,0.002838134765625,15.64636839809965,0.046307864187317804,10.0,0.5215456132699884
0.0,FW_exact,exact,113.0,0.002862215042114258,15.646270765491526,0.04123015528526075,10.0,0.5215423588497176
0.0,FW_exact,exact,114.0,0.002885103225708008,15.646190396154482,0.03499062464698177,10.0,0.521539679871816
0.0,FW_exact,exact,115.0,0.0029098987579345703,15.64606013987042,0.050893879165517575,10.0,0.5215353379956806
0.0,FW_exact,exact,116.0,0.002933979034423828,15.645989710395675,0.030507836345874395,10.0,0.5215329903465225
0.0,FW_exact,exact,117.0,0.0029609203338623047,15.64586229568676,0.04411148622348193,10.0,0.5215287431895587
0.0,FW_exact,exact,118.0,0.0029859542846679688,15.645725106284415,0.04997604573538972,10.0,0.5215241702094805
0.0,FW_exact,exact,119.0,0.0030121803283691406,15.645620002305648,0.04880177451443224,10.0,0.5215206667435216
0.0,FW_exact,exact,120.0,0.003036022186279297,15.645539722951547,0.03497394216206651,10.0,0.5215179907650516
0.0,FW_exact,exact,121.0,0.003058910369873047,15.645467394419732,0.03787740579668508,10.0,0.5215155798139911
0.0,FW_exact,exact,122.0,0.0030841827392578125,15.645349526834083,0.03952410416116514,10.0,0.5215116508944695
0.0,FW_exact,exact,123.0,0.0031070709228515625,15.645227155371797,0.043228300384448914,10.0,0.5215075718457266
0.0,FW_exact,exact,124.0,0.003133058547973633,15.645127376903526,0.042589020490130025,10.0,0.5215042458967842
0.0,FW_exact,exact,125.0,0.003155946731567383,15.645055750454173,0.04073025403107167,10.0,0.5215018583484724
0.0,FW_exact,exact,126.0,0.0031800270080566406,15.644987118546881,0.03011879961688102,10.0,0.5214995706182294
0.0,FW_exact,exact,127.0,0.0032041072845458984,15.64488218397322,0.0400152173834325,10.0,0.5214960727991074
0.0,FW_exact,exact,128.0,0.0032279491424560547,15.644801367809853,0.040049619357178656,10.0,0.5214933789269951
0.0,FW_exact,exact,129.0,0.0032529830932617188,15.644697540694159,0.042532018134552985,10.0,0.5214899180231386
0.0,FW_exact,exact,130.0,0.0032761096954345703,15.644615610788103,0.03292331770969348,10.0,0.5214871870262701
0.0,FW_exact,exact,131.0,0.0032989978790283203,15.644471891642283,0.0468742554969932,10.0,0.5214823963880761
0.0,FW_exact,exact,132.0,0.003323078155517578,15.644386054659307,0.044089036354622024,10.0,0.5214795351553102
0.0,FW_exact,exact,133.0,0.003348112106323242,15.644337806806577,0.02894957368392781,10.0,0.5214779268935525
0.0,FW_exact,exact,134.0,0.0033731460571289062,15.644292116788565,0.030084810232727577,10.0,0.5214764038929521
0.0,FW_exact,exact,135.0,0.003397226333618164,15.64422369113494,0.03228303926962006,10.0,0.5214741230378314
0.0,FW_exact,exact,136.0,0.0034198760986328125,15.644052745965004,0.04766586530099204,10.0,0.5214684248655002
0.0,FW_exact,exact,137.0,0.003445148468017578,15.643996188058377,0.029339813674878812,10.0,0.5214665396019459
0.0,FW_exact,exact,138.0,0.003468036651611328,15.64390236778715,0.04316908505223083,10.0,0.5214634122595717
0.0,FW_exact,exact,139.0,0.0034942626953125,15.643839921092665,0.03366437294425495,10.0,0.5214613307030889
0.0,FW_exact,exact,140.0,0.0035190582275390625,15.64375670470458,0.03561929394236252,10.0,0.5214585568234861
0.0,FW_exact,exact,141.0,0.0035419464111328125,15.64365955743538,0.0358717739233807,10.0,0.5214553185811793
0.0,FW_exact,exact,142.0,0.0035660266876220703,15.643602224653952,0.036431387970456086,10.0,0.521453407488465
0.0,FW_exact,exact,143.0,0.0035898685455322266,15.643523443483334,0.037030298015512386,10.0,0.5214507814494445
0.0,FW_exact,exact,144.0,0.0036149024963378906,15.643460196909757,0.031035312109683133,10.0,0.5214486732303253
0.0,FW_exact,exact,145.0,0.0036389827728271484,15.64339248231529,0.03914566467123848,10.0,0.5214464160771763
0.0,FW_exact,exact,146.0,0.003662109375,15.643323538152673,0.030195183054800623,10.0,0.5214441179384225
0.0,FW_exact,exact,147.0,0.0036869049072265625,15.643264420465433,0.030001902130727842,10.0,0.5214421473488478
0.0,FW_exact,exact,148.0,0.0037109851837158203,15.643161025104575,0.045331653131729155,10.0,0.5214387008368192
0.0,FW_exact,exact,149.0,0.0037360191345214844,15.643093069690295,0.034383329030344356,10.0,0.5214364356563431
0.0,FW_exact,exact,150.0,0.003759145736694336,15.643042009052508,0.02787565069472997,10.0,0.5214347336350836
0.0,FW_exact,exact,151.0,0.003782987594604492,15.642915327236695,0.040999396912082986,10.0,0.5214305109078898
0.0,FW_exact,exact,152.0,0.00380706787109375,15.642873224303827,0.025304714110621518,10.0,0.5214291074767943
0.0,FW_exact,exact,153.0,0.003832101821899414,15.64278609476967,0.04159945732675219,10.0,0.521426203158989
0.0,FW_exact,exact,154.0,0.003857851028442383,15.64272208285103,0.034089449069726996,10.0,0.5214240694283677
0.0,FW_exact,exact,155.0,0.0038819313049316406,15.642641721283294,0.03500529793136664,10.0,0.5214213907094432
0.0,FW_exact,exact,156.0,0.003907203674316406,15.642586903578916,0.03521140295503322,10.0,0.5214195634526305
0.0,FW_exact,exact,157.0,0.003931999206542969,15.6425135788785,0.03114795391655356,10.0,0.52141711929595
0.0,FW_exact,exact,158.0,0.0039560794830322266,15.642463019330195,0.029643745497500262,10.0,0.5214154339776732
0.0,FW_exact,exact,159.0,0.003980159759521484,15.642386829936303,0.034081521111192004,10.0,0.5214128943312101
0.0,FW_exact,exact,160.0,0.004004240036010742,15.642307507401046,0.03968632261403471,10.0,0.5214102502467015
0.0,FW_exact,exact,161.0,0.004029989242553711,15.642252771390767,0.02689552183548294,10.0,0.5214084257130256
0.0,FW_exact,exact,162.0,0.0040531158447265625,15.642166073550412,0.03636788487357556,10.0,0.5214055357850137
0.0,FW_exact,exact,163.0,0.0040760040283203125,15.642100220430525,0.034580469779434964,10.0,0.5214033406810175
0.0,FW_exact,exact,164.0,0.004101276397705078,15.642044648551694,0.0358706474890802,10.0,0.5214014882850565
0.0,FW_exact,exact,165.0,0.004124879837036133,15.641994434772464,0.0257571203951521,10.0,0.5213998144924155
0.0,FW_exact,exact,166.0,0.0041501522064208984,15.641920486175906,0.03357643625162865,10.0,0.5213973495391968
0.0,FW_exact,exact,167.0,0.0041730403900146484,15.64186631174532,0.03277612997218249,10.0,0.521395543724844
0.0,FW_exact,exact,168.0,0.004197120666503906,15.641819550870704,0.028506790413802108,10.0,0.5213939850290235
0.0,FW_exact,exact,169.0,0.0042209625244140625,15.641787444574412,0.026929689843173676,10.0,0.5213929148191471
0.0,FW_exact,exact,170.0,0.00424504280090332,15.641733756192629,0.02859153034059503,10.0,0.521391125206421
0.0,FW_exact,exact,171.0,0.004270076751708984,15.64161456698536,0.039768928129721104,10.0,0.5213871522328454
0.0,FW_exact,exact,172.0,0.004296064376831055,15.641574987517476,0.024536388633773498,10.0,0.5213858329172492
0.0,FW_exact,exact,173.0,0.0043201446533203125,15.641516839133903,0.03396224542959736,10.0,0.5213838946377968
0.0,FW_exact,exact,174.0,0.0043451786041259766,15.641459324824497,0.03162775379621863,10.0,0.5213819774941499
0.0,FW_exact,exact,175.0,0.004369020462036133,15.641422568532134,0.022026466022923685,10.0,0.5213807522844045
0.0,FW_exact,exact,176.0,0.004394054412841797,15.641339827836942,0.03552817878228964,10.0,0.5213779942612314
0.0,FW_exact,exact,177.0,0.0044171810150146484,15.641295126846321,0.03179070041545806,10.0,0.5213765042282107
0.0,FW_exact,exact,178.0,0.004441022872924805,15.641237800035617,0.03225909744546129,10.0,0.5213745933345205
0.0,FW_exact,exact,179.0,0.004464864730834961,15.641203618277576,0.02279791299025824,10.0,0.5213734539425858
0.0,FW_exact,exact,180.0,0.004488945007324219,15.64114770009732,0.03330362510039997,10.0,0.5213715900032441
0.0,FW_exact,exact,181.0,0.004513978958129883,15.641079899844895,0.02995270465219413,10.0,0.5213693299948299
0.0,FW_exact,exact,182.0,0.004537105560302734,15.640999216950199,0.03508312484742149,10.0,0.5213666405650066
0.0,FW_exact,exact,183.0,0.004560947418212891,15.640961525080497,0.026140770848623873,10.0,0.5213653841693499
0.0,FW_exact,exact,184.0,0.0045850276947021484,15.640920843296339,0.03068030167531255,10.0,0.5213640281098779
0.0,FW_exact,exact,185.0,0.004609107971191406,15.640876135755008,0.024302699139338912,10.0,0.5213625378585003
0.0,FW_exact,exact,186.0,0.0046350955963134766,15.640821900060342,0.02874089883075115,10.0,0.5213607300020114
0.0,FW_exact,exact,187.0,0.0046579837799072266,15.640771879514968,0.031493915894420965,10.0,0.5213590626504989
0.0,FW_exact,exact,188.0,0.004682064056396484,15.640719454993754,0.03019348225862828,10.0,0.5213573151664584
0.0,FW_exact,exact,189.0,0.004706144332885742,15.640676556042244,0.02380498830092037,10.0,0.5213558852014082
0.0,FW_exact,exact,190.0,0.004730224609375,15.640595479334312,0.0351709053688527,10.0,0.521353182644477
0.0,FW_exact,exact,191.0,0.004755973815917969,15.640542285637531,0.03469058048069229,10.0,0.521351409521251
0.0,FW_exact,exact,192.0,0.00477910041809082,15.640514588729136,0.02192601786093107,10.0,0.5213504862909712
0.0,FW_exact,exact,193.0,0.00480198860168457,15.640490009327465,0.022056561458542845,10.0,0.5213496669775821
0.0,FW_exact,exact,194.0,0.004827260971069336,15.640450548963624,0.02450295752418974,10.0,0.5213483516321208
0.0,FW_exact,exact,195.0,0.004851102828979492,15.640352860603674,0.03599012966093085,10.0,0.5213450953534557
0.0,FW_exact,exact,196.0,0.004876136779785156,15.640320368381227,0.0222282674204326,10.0,0.5213440122793742
0.0,FW_exact,exact,197.0,0.004900217056274414,15.640266040096309,0.03282810742834741,10.0,0.5213422013365436
0.0,FW_exact,exact,198.0,0.004923105239868164,15.640228033861206,0.026252001867947072,10.0,0.5213409344620402
0.0,FW_exact,exact,199.0,0.00494694709777832,15.640178669605856,0.027417352383254823,10.0,0.5213392889868619
0.0,FW_exact,exact,200.0,0.004971027374267578,15.640121603622385,0.027473239566621288,10.0,0.5213373867874128
0.0,FW_exact,exact,201.0,0.00499725341796875,15.640090245927794,0.02692913336045244,10.0,0.5213363415309265
0.0,FW_exact,exact,202.0,0.0050199031829833984,15.640045924684895,0.027756470238584185,10.0,0.5213348641561631
0.0,FW_exact,exact,203.0,0.005043983459472656,15.640009080902603,0.023675446512241294,10.0,0.5213336360300868
0.0,FW_exact,exact,204.0,0.005068063735961914,15.639967731378338,0.030576040217658473,10.0,0.5213322577126113
0.0,FW_exact,exact,205.0,0.005092144012451172,15.639928424679205,0.022785592144334288,10.0,0.5213309474893069
0.0,FW_exact,exact,206.0,0.005116939544677734,15.639893711672704,0.02297889428869837,10.0,0.5213297903890901
0.0,FW_exact,exact,207.0,0.005140066146850586,15.639831883627034,0.03503004349411398,10.0,0.5213277294542344
0.0,FW_exact,exact,208.0,0.005164146423339844,15.639791480258781,0.026498243670127763,10.0,0.5213263826752927
0.0,FW_exact,exact,209.0,0.0051882266998291016,15.639760813824456,0.024226615417271447,10.0,0.5213253604608152
0.0,FW_exact,exact,210.0,0.005211830139160156,15.639720094067679,0.02489456409335311,10.0,0.5213240031355892
0.0,FW_exact,exact,211.0,0.005238056182861328,15.639686055245123,0.024841673933176267,10.0,0.5213228685081708
0.0,FW_exact,exact,212.0,0.00526118278503418,15.639642332925748,0.02403695315227594,10.0,0.521321411097525
0.0,FW_exact,exact,213.0,0.00528407096862793,15.639599880668921,0.025420794552745818,10.0,0.5213199960222974
0.0,FW_exact,exact,214.0,0.005307912826538086,15.639528847857372,0.03755786282835416,10.0,0.5213176282619124
0.0,FW_exact,exact,215.0,0.005331993103027344,15.639505943208377,0.018656092859179907,10.0,0.5213168647736126
0.0,FW_exact,exact,216.0,0.005358219146728516,15.63945682043324,0.025484506420735187,10.0,0.5213152273477747
0.0,FW_exact,exact,217.0,0.005381107330322266,15.639421569537559,0.024747116044313344,10.0,0.5213140523179186
0.0,FW_exact,exact,218.0,0.005404949188232422,15.63938388703254,0.02918670438132409,10.0,0.5213127962344181
0.0,FW_exact,exact,219.0,0.005429983139038086,15.639332019070466,0.028109714532698504,10.0,0.5213110673023489
0.0,FW_exact,exact,220.0,0.0054552555084228516,15.639302446189081,0.028417237300606857,10.0,0.521310081539636
0.0,FW_exact,exact,221.0,0.00548100471496582,15.639284371928907,0.018910261034651654,10.0,0.5213094790642969
0.0,FW_exact,exact,222.0,0.005505084991455078,15.639257306347183,0.018898395311614635,10.0,0.5213085768782394
0.0,FW_exact,exact,223.0,0.0055310726165771484,15.639201687506153,0.029112681129108253,10.0,0.5213067229168717
0.0,FW_exact,exact,224.0,0.0055539608001708984,15.63914941370622,0.03080676041842878,10.0,0.521304980456874
0.0,FW_exact,exact,225.0,0.00557708740234375,15.639133370294797,0.019027569781114195,10.0,0.5213044456764933
0.0,FW_exact,exact,226.0,0.005602121353149414,15.639110808987242,0.01851636040216853,10.0,0.5213036936329081
0.0,FW_exact,exact,227.0,0.005626201629638672,15.639077641493419,0.025634626770305147,10.0,0.5213025880497806
0.0,FW_exact,exact,228.0,0.005654096603393555,15.639031343189794,0.024739819835453147,10.0,0.5213010447729931
0.0,FW_exact,exact,229.0,0.005686044692993164,15.638979513354945,0.02810064822825531,10.0,0.5212993171118315
0.0,FW_exact,exact,230.0,0.005711078643798828,15.638930273714326,0.029264866230654718,10.0,0.5212976757904776
0.0,FW_exact,exact,231.0,0.005734920501708984,15.63890212747996,0.02361021647499939,10.0,0.5212967375826654
0.0,FW_exact,exact,232.0,0.005761146545410156,15.638862585822851,0.022857527788673337,10.0,0.5212954195274284
0.0,FW_exact,exact,233.0,0.0057871341705322266,15.638801301704483,0.030566841671596734,10.0,0.5212933767234827
0.0,FW_exact,exact,234.0,0.005811929702758789,15.638777370424133,0.02324843469955873,10.0,0.5212925790141377
0.0,FW_exact,exact,235.0,0.005836009979248047,15.638750966977563,0.021873932248936967,10.0,0.5212916988992521
0.0,FW_exact,exact,236.0,0.005869150161743164,15.63873338824474,0.020153059131303053,10.0,0.5212911129414913
0.0,FW_exact,exact,237.0,0.0058939456939697266,15.638707396384937,0.018520226733091505,10.0,0.5212902465461646
0.0,FW_exact,exact,238.0,0.005918025970458984,15.638651480621172,0.02919270035785182,10.0,0.5212883826873724
0.0,FW_exact,exact,239.0,0.005942106246948242,15.638616085450593,0.0264850065909652,10.0,0.5212872028483531
0.0,FW_exact,exact,240.0,0.0059661865234375,15.638579977192599,0.025049550174159663,10.0,0.5212859992397533
0.0,FW_exact,exact,241.0,0.0059909820556640625,15.63854123161805,0.022626577703556805,10.0,0.5212847077206016
0.0,FW_exact,exact,242.0,0.00601506233215332,15.638477580856986,0.03115517657896305,10.0,0.5212825860285661
0.0,FW_exact,exact,243.0,0.00603795051574707,15.638446195379302,0.02493630999088481,10.0,0.5212815398459767
0.0,FW_exact,exact,244.0,0.006062030792236328,15.638421910029813,0.017901026946589127,10.0,0.5212807303343271
0.0,FW_exact,exact,245.0,0.006085872650146484,15.638385451850898,0.023555885643643748,10.0,0.5212795150616966
0.0,FW_exact,exact,246.0,0.006112098693847656,15.638349282530221,0.02561324797604314,10.0,0.5212783094176741
0.0,FW_exact,exact,247.0,0.006134986877441406,15.63832242811468,0.024631403693712528,10.0,0.5212774142704893
0.0,FW_exact,exact,248.0,0.006165981292724609,15.63830123623266,0.017946179896927816,10.0,0.521276707874422
0.0,FW_exact,exact,249.0,0.006190061569213867,15.638279980806391,0.02051239775927982,10.0,0.5212759993602131
0.0,FW_exact,exact,250.0,0.00621485710144043,15.638246284046625,0.02109701680140752,10.0,0.5212748761348875
0.0,FW_exact,exact,251.0,0.006240129470825195,15.638204829136482,0.02684682560932572,10.0,0.5212734943045494
0.0,FW_exact,exact,252.0,0.006264209747314453,15.63815510344571,0.02752524250287358,10.0,0.5212718367815237
0.0,FW_exact,exact,253.0,0.006287097930908203,15.638128933311041,0.0246002591390706,10.0,0.5212709644437014
0.0,FW_exact,exact,254.0,0.006311893463134766,15.638078030877058,0.02594926247941487,10.0,0.5212692676959019
0.0,FW_exact,exact,255.0,0.006335020065307617,15.638056266780415,0.018188017526911793,10.0,0.5212685422260138
0.0,FW_exact,exact,256.0,0.006359100341796875,15.63802067921143,0.026558684276185573,10.0,0.5212673559737143
0.0,FW_exact,exact,257.0,0.0063822269439697266,15.637987709029131,0.0239348870165923,10.0,0.5212662569676377
0.0,FW_exact,exact,258.0,0.006407022476196289,15.637968659318206,0.01701364152515339,10.0,0.5212656219772736
0.0,FW_exact,exact,259.0,0.006432056427001953,15.637918722888223,0.025701516318655138,10.0,0.5212639574296074
0.0,FW_exact,exact,260.0,0.006457090377807617,15.637899231698015,0.020978603354574688,10.0,0.5212633077232671
0.0,FW_exact,exact,261.0,0.006516933441162109,15.637867462982713,0.021985785814553793,10.0,0.5212622487660904
0.0,FW_exact,exact,262.0,0.006566286087036133,15.637830104180459,0.026033699370927366,10.0,0.521261003472682
0.0,FW_exact,exact,263.0,0.006594181060791016,15.637802811451705,0.023251223014455036,10.0,0.5212600937150568
0.0,FW_exact,exact,264.0,0.006619930267333984,15.63776928773008,0.022586976473109033,10.0,0.5212589762576694
0.0,FW_exact,exact,265.0,0.0066471099853515625,15.637728914695886,0.02310138401869999,10.0,0.5212576304898628
0.0,FW_exact,exact,266.0,0.006672859191894531,15.637710920806018,0.02039187317707203,10.0,0.5212570306935339
0.0,FW_exact,exact,267.0,0.006700038909912109,15.63768378028017,0.02171121565380396,10.0,0.521256126009339
0.0,FW_exact,exact,268.0,0.0067250728607177734,15.637658793814401,0.019492363550769554,10.0,0.5212552931271467
0.0,FW_exact,exact,269.0,0.006751060485839844,15.637630794319438,0.02355147426875348,10.0,0.5212543598106479
0.0,FW_exact,exact,270.0,0.006776094436645508,15.637598120810896,0.02077525649851175,10.0,0.5212532706936965
0.0,FW_exact,exact,271.0,0.0068018436431884766,15.637558301692218,0.024623835914013625,10.0,0.5212519433897406
0.0,FW_exact,exact,272.0,0.006827116012573242,15.637532063805427,0.02434810995547032,10.0,0.5212510687935142
0.0,FW_exact,exact,273.0,0.0068531036376953125,15.637501218623221,0.023650210084124268,10.0,0.5212500406207741
0.0,FW_exact,exact,274.0,0.006877899169921875,15.637482115790414,0.017038493698127155,10.0,0.5212494038596804
0.0,FW_exact,exact,275.0,0.006901979446411133,15.637459878980355,0.02098332760561128,10.0,0.5212486626326785
0.0,FW_exact,exact,276.0,0.006926059722900391,15.637425681322213,0.021256392553389958,10.0,0.5212475227107405
0.0,FW_exact,exact,277.0,0.006950855255126953,15.637388944419314,0.023649142050450322,10.0,0.5212462981473105
0.0,FW_exact,exact,278.0,0.006976127624511719,15.637355119880908,0.024245645774350066,10.0,0.5212451706626969
0.0,FW_exact,exact,279.0,0.0070002079010009766,15.637335115226138,0.02125471187094874,10.0,0.5212445038408713
0.0,FW_exact,exact,280.0,0.007025957107543945,15.637313243863119,0.016988567735115367,10.0,0.5212437747954373
0.0,FW_exact,exact,281.0,0.007050991058349609,15.637285460340532,0.02055832743328523,10.0,0.5212428486780177
0.0,FW_exact,exact,282.0,0.0070760250091552734,15.637243126356518,0.028976214145213675,10.0,0.5212414375452172
0.0,FW_exact,exact,283.0,0.00709986686706543,15.63722613144627,0.017172390613994892,10.0,0.521240871048209
0.0,FW_exact,exact,284.0,0.00714111328125,15.637206795384863,0.017143047007541767,10.0,0.5212402265128288
0.0,FW_exact,exact,285.0,0.00720524787902832,15.637157273338703,0.025597200058614433,10.0,0.5212385757779567
0.0,FW_exact,exact,286.0,0.007303953170776367,15.63714036420882,0.01976756807302671,10.0,0.521238012140294
0.0,FW_exact,exact,287.0,0.00733494758605957,15.63712013934357,0.01753371940873194,10.0,0.521237337978119
0.0,FW_exact,exact,288.0,0.007359981536865234,15.637087812837489,0.024214050869083792,10.0,0.5212362604279163
0.0,FW_exact,exact,289.0,0.0073850154876708984,15.637072773749516,0.01725052705183039,10.0,0.5212357591249839
0.0,FW_exact,exact,290.0,0.0074100494384765625,15.637049404272032,0.01885102004987793,10.0,0.5212349801424011
0.0,FW_exact,exact,291.0,0.007436037063598633,15.637006708735287,0.02376151927348502,10.0,0.5212335569578429
0.0,FW_exact,exact,292.0,0.007461071014404297,15.636992560521085,0.01566601556121583,10.0,0.5212330853507028
0.0,FW_exact,exact,293.0,0.007483959197998047,15.63697551168194,0.019619509426123116,10.0,0.5212325170560647
0.0,FW_exact,exact,294.0,0.0075070858001708984,15.636941132599338,0.022876673412524084,10.0,0.5212313710866446
0.0,FW_exact,exact,295.0,0.007531166076660156,15.636907833835489,0.025691076239471755,10.0,0.5212302611278496
0.0,FW_exact,exact,296.0,0.0075550079345703125,15.63688848314294,0.015978231764004036,10.0,0.5212296161047647
0.0,FW_exact,exact,297.0,0.0075800418853759766,15.636854571913684,0.022720272643667272,10.0,0.5212284857304561
0.0,FW_exact,exact,298.0,0.007605075836181641,15.63682897994105,0.02153894991987748,10.0,0.5212276326647017
0.0,FW_exact,exact,299.0,0.007630109786987305,15.63681893928987,0.01522702892169292,10.0,0.521227297976329
0.0,FW_exact,exact,300.0,0.0076520442962646484,15.636802516558653,0.014717226486073542,10.0,0.5212267505519551
0.0,FW_exact,exact,301.0,0.0076751708984375,15.636777330614965,0.01957249132106398,10.0,0.5212259110204989
0.0,FW_exact,exact,302.0,0.007699012756347656,15.636751999542382,0.022400513404601696,10.0,0.5212250666514128
0.0,FW_exact,exact,303.0,0.007722139358520508,15.63672671147492,0.02095767513000979,10.0,0.5212242237158307
0.0,FW_exact,exact,304.0,0.007747173309326172,15.636710292276984,0.017720698961745995,10.0,0.5212236764092328
0.0,FW_exact,exact,305.0,0.00777125358581543,15.636691454360118,0.016921437720064603,10.0,0.5212230484786706
0.0,FW_exact,exact,306.0,0.007796049118041992,15.636671015524296,0.02148583231335266,10.0,0.5212223671841432
0.0,FW_exact,exact,307.0,0.007821083068847656,15.636646679198812,0.017924689848605624,10.0,0.5212215559732937
0.0,FW_exact,exact,308.0,0.007849931716918945,15.636623853142407,0.019909188331899585,10.0,0.5212207951047468
0.0,FW_exact,exact,309.0,0.007880926132202148,15.636596262571558,0.020488484730925904,10.0,0.5212198754190519
0.0,FW_exact,exact,310.0,0.00790715217590332,15.636561668055482,0.026188388432338172,10.0,0.5212187222685161
0.0,FW_exact,exact,311.0,0.007931232452392578,15.636540237622041,0.016817986431515664,10.0,0.5212180079207347
0.0,FW_exact,exact,312.0,0.007955074310302734,15.636504044314878,0.023475717450672562,10.0,0.5212168014771625
0.0,FW_exact,exact,313.0,0.007979154586791992,15.636484367157058,0.018881795081373554,10.0,0.5212161455719019
0.0,FW_exact,exact,314.0,0.008005142211914062,15.636470709850391,0.017557532632311634,10.0,0.5212156903283464
0.0,FW_exact,exact,315.0,0.008029937744140625,15.636459434060818,0.013085450889924743,10.0,0.521215314468694
0.0,FW_exact,exact,316.0,0.008054018020629883,15.636440418127819,0.019403160702035294,10.0,0.5212146806042607
0.0,FW_exact,exact,317.0,0.008076190948486328,15.636413075683457,0.0190032959683073,10.0,0.5212137691894486
0.0,FW_exact,exact,318.0,0.008099079132080078,15.636382783542365,0.021471511887140693,10.0,0.5212127594514121
0.0,FW_exact,exact,319.0,0.008123159408569336,15.63635320901979,0.02266982750788138,10.0,0.521211773633993
0.0,FW_exact,exact,320.0,0.008147954940795898,15.636340831638888,0.01837488432139267,10.0,0.5212113610546296
0.0,FW_exact,exact,321.0,0.008172988891601562,15.636321333136962,0.016040670496012766,10.0,0.5212107111045654
0.0,FW_exact,exact,322.0,0.008198976516723633,15.636298318093385,0.018709021065623332,10.0,0.5212099439364462
0.0,FW_exact,exact,323.0,0.008224010467529297,15.636265015129052,0.02569437151807108,10.0,0.521208833837635
0.0,FW_exact,exact,324.0,0.008248090744018555,15.63625422765785,0.012798834008279414,10.0,0.5212084742552616
0.0,FW_exact,exact,325.0,0.008274078369140625,15.636229117937688,0.018209214787825445,10.0,0.5212076372645896
0.0,FW_exact,exact,326.0,0.008296966552734375,15.636209009071939,0.018684933005658877,10.0,0.5212069669690647
0.0,FW_exact,exact,327.0,0.008320093154907227,15.636190236819116,0.020590477688942954,10.0,0.5212063412273039
0.0,FW_exact,exact,328.0,0.00834512710571289,15.636163383352681,0.020213369904787726,10.0,0.521205446111756
0.0,FW_exact,exact,329.0,0.008368968963623047,15.636143523655482,0.01983041043199485,10.0,0.5212047841218495
0.0,FW_exact,exact,330.0,0.008394002914428711,15.636130510797475,0.015349574438440428,10.0,0.5212043503599159
0.0,FW_exact,exact,331.0,0.008417129516601562,15.636112816999757,0.016399653230529054,10.0,0.5212037605666586
0.0,FW_exact,exact,332.0,0.00844120979309082,15.63607187368174,0.02327039422831234,10.0,0.5212023957893913
0.0,FW_exact,exact,333.0,0.008465051651000977,15.636055078875426,0.01970236929208191,10.0,0.5212018359625142
0.0,FW_exact,exact,334.0,0.008488893508911133,15.636038043663234,0.016091057458156754,10.0,0.5212012681221078
0.0,FW_exact,exact,335.0,0.008515119552612305,15.63601638883279,0.01981099844894274,10.0,0.5212005462944264
0.0,FW_exact,exact,336.0,0.008538246154785156,15.636007662315432,0.01403084077133876,10.0,0.5212002554105144
0.0,FW_exact,exact,337.0,0.008560895919799805,15.635997443292402,0.01245691306811203,10.0,0.5211999147764134
0.0,FW_exact,exact,338.0,0.008585929870605469,15.63597280087623,0.018039214994859165,10.0,0.521199093362541
0.0,FW_exact,exact,339.0,0.008610010147094727,15.635955020379575,0.018761986760720717,10.0,0.5211985006793192
0.0,FW_exact,exact,340.0,0.008635282516479492,15.635927240968106,0.020560482733118945,10.0,0.5211975746989369
0.0,FW_exact,exact,341.0,0.008658885955810547,15.635896530139552,0.023103594758273616,10.0,0.5211965510046518
0.0,FW_exact,exact,342.0,0.008682012557983398,15.635874010406484,0.017242961912666388,10.0,0.5211958003468828
0.0,FW_exact,exact,343.0,0.008706092834472656,15.63585866743618,0.017426386168269303,10.0,0.5211952889145394
0.0,FW_exact,exact,344.0,0.008730173110961914,15.63582374160434,0.023061809831784075,10.0,0.5211941247201447
0.0,FW_exact,exact,345.0,0.008755922317504883,15.635810437935172,0.01732939152062407,10.0,0.5211936812645057
0.0,FW_exact,exact,346.0,0.008779048919677734,15.63579657866444,0.015507074204181848,10.0,0.5211932192888147
0.0,FW_exact,exact,347.0,0.008802175521850586,15.63577771153576,0.015779507105893487,10.0,0.5211925903845253
0.0,FW_exact,exact,348.0,0.00882720947265625,15.635758035810598,0.017296606817646776,10.0,0.52119193452702
0.0,FW_exact,exact,349.0,0.008851051330566406,15.635726987182233,0.024808621064204672,10.0,0.5211908995727411
0.0,FW_exact,exact,350.0,0.00887608528137207,15.63571693028392,0.01235799942978133,10.0,0.5211905643427973
0.0,FW_exact,exact,351.0,0.008900165557861328,15.635699078814898,0.01798431019796709,10.0,0.52118996929383
0.0,FW_exact,exact,352.0,0.008924007415771484,15.63567816750789,0.016614699630915553,10.0,0.521189272250263
0.0,FW_exact,exact,353.0,0.008949041366577148,15.635662207116612,0.019206528897029784,10.0,0.5211887402372204
0.0,FW_exact,exact,354.0,0.008973121643066406,15.63563707401101,0.019554835806209425,10.0,0.5211879024670336
0.0,FW_exact,exact,355.0,0.008998870849609375,15.635621155510304,0.014491633111278546,10.0,0.5211873718503435
0.0,FW_exact,exact,356.0,0.009021997451782227,15.635601040243145,0.018689224816101913,10.0,0.5211867013414382
0.0,FW_exact,exact,357.0,0.009046077728271484,15.635587009864564,0.01666348385356997,10.0,0.5211862336621521
0.0,FW_exact,exact,358.0,0.009070158004760742,15.635559962003931,0.020288209053758166,10.0,0.5211853320667977
0.0,FW_exact,exact,359.0,0.009093999862670898,15.63554147475619,0.020434467088787045,10.0,0.5211847158252063
0.0,FW_exact,exact,360.0,0.009119987487792969,15.635524889502278,0.014792904040135113,10.0,0.5211841629834093
0.0,FW_exact,exact,361.0,0.00914311408996582,15.635509866515376,0.015109955538438413,10.0,0.5211836622171792
0.0,FW_exact,exact,362.0,0.00916600227355957,15.635487058810215,0.020333874109422112,10.0,0.5211829019603405
0.0,FW_exact,exact,363.0,0.009191036224365234,15.635471310052232,0.017656427710429412,10.0,0.5211823770017411
0.0,FW_exact,exact,364.0,0.009215116500854492,15.635451375521896,0.017410954366132714,10.0,0.5211817125173965
0.0,FW_exact,exact,365.0,0.009240150451660156,15.635427464836324,0.01777011431930653,10.0,0.5211809154945442
0.0,FW_exact,exact,366.0,0.009263038635253906,15.635413312947458,0.015670911299075385,10.0,0.5211804437649152
0.0,FW_exact,exact,367.0,0.009286880493164062,15.63539894746118,0.018220495318054475,10.0,0.5211799649153727
0.0,FW_exact,exact,368.0,0.00931096076965332,15.635384004089087,0.01507003509986582,10.0,0.5211794668029696
0.0,FW_exact,exact,369.0,0.009345054626464844,15.635369262007575,0.017081987723061687,10.0,0.5211789754002525
0.0,FW_exact,exact,370.0,0.009369134902954102,15.635349174912301,0.016283974557888214,10.0,0.52117830583041
0.0,FW_exact,exact,371.0,0.009393930435180664,15.635326339235554,0.018638183201003855,10.0,0.5211775446411852
0.0,FW_exact,exact,372.0,0.009420156478881836,15.635310938074815,0.01670285915584202,10.0,0.5211770312691605
0.0,FW_exact,exact,373.0,0.009444236755371094,15.635295333619466,0.018771419231967457,10.0,0.5211765111206489
0.0,FW_exact,exact,374.0,0.009467840194702148,15.635285033175078,0.01250769757612602,10.0,0.5211761677725026
0.0,FW_exact,exact,375.0,0.009491920471191406,15.635272600972444,0.015684694338432337,10.0,0.5211757533657482
0.0,FW_exact,exact,376.0,0.009516000747680664,15.635253367542884,0.0159335855216991,10.0,0.5211751122514294
0.0,FW_exact,exact,377.0,0.009541988372802734,15.635230934071775,0.019740019272589393,10.0,0.5211743644690592
0.0,FW_exact,exact,378.0,0.009564876556396484,15.635202427782696,0.020830460035297094,10.0,0.5211734142594232
0.0,FW_exact,exact,379.0,0.009588956832885742,15.635187570959818,0.01714876592476955,10.0,0.5211729190319939
0.0,FW_exact,exact,380.0,0.009614229202270508,15.635166861007852,0.01653559780778302,10.0,0.5211722287002617
0.0,FW_exact,exact,381.0,0.009638071060180664,15.63514357113196,0.018823536137299257,10.0,0.5211714523710653
0.0,FW_exact,exact,382.0,0.009660959243774414,15.635132413851265,0.01586889722148399,10.0,0.5211710804617088
0.0,FW_exact,exact,383.0,0.009687185287475586,15.63511395024934,0.017904896448866836,10.0,0.5211704650083113
0.0,FW_exact,exact,384.0,0.00971221923828125,15.635100534617726,0.013302337046162904,10.0,0.5211700178205908
0.0,FW_exact,exact,385.0,0.009737014770507812,15.635084287988201,0.015715403269593864,10.0,0.5211694762662734
0.0,FW_exact,exact,386.0,0.00976109504699707,15.635058155961676,0.022756609660524063,10.0,0.5211686051987225
0.0,FW_exact,exact,387.0,0.00978708267211914,15.635049686040963,0.011340595892974648,10.0,0.521168322868032
0.0,FW_exact,exact,388.0,0.009812116622924805,15.635034969106012,0.016327437927641242,10.0,0.5211678323035337
0.0,FW_exact,exact,389.0,0.009838104248046875,15.635017513806726,0.015178005811963047,10.0,0.5211672504602242
0.0,FW_exact,exact,390.0,0.009861230850219727,15.634999937961236,0.016347179919717902,10.0,0.5211666645987079
0.0,FW_exact,exact,391.0,0.009883880615234375,15.634983234824785,0.018185417740996357,10.0,0.5211661078274928
0.0,FW_exact,exact,392.0,0.009907960891723633,15.634976268597434,0.012535574622084766,10.0,0.5211658756199145
0.0,FW_exact,exact,393.0,0.00993204116821289,15.634964905649785,0.014040206756487095,10.0,0.5211654968549928
0.0,FW_exact,exact,394.0,0.009958982467651367,15.634950229849606,0.014935093543686051,10.0,0.5211650076616535
0.0,FW_exact,exact,395.0,0.009983062744140625,15.634919325084466,0.020211585358266504,10.0,0.5211639775028155
0.0,FW_exact,exact,396.0,0.010007143020629883,15.634904947419681,0.01822900969143859,10.0,0.5211634982473227
0.0,FW_exact,exact,397.0,0.010032892227172852,15.63489189822288,0.01408165149910623,10.0,0.521163063274096
0.0,FW_exact,exact,398.0,0.010056018829345703,15.634875037593144,0.0174786953404773,10.0,0.5211625012531048
0.0,FW_exact,exact,399.0,0.010080099105834961,15.63486897556339,0.011693006122804661,10.0,0.5211622991854463
0.0,FW_exact,exact,400.0,0.010105133056640625,15.634861299708021,0.010795412177515118,10.0,0.5211620433236007
0.0,FW_exact,exact,401.0,0.010129928588867188,15.634841983291976,0.01596900360336484,10.0,0.5211613994430658
0.0,FW_exact,exact,402.0,0.010154962539672852,15.634829312436393,0.015835473518238885,10.0,0.5211609770812131
0.0,FW_exact,exact,403.0,0.010180234909057617,15.634808426941564,0.017823878161154383,10.0,0.5211602808980521
0.0,FW_exact,exact,404.0,0.01020503044128418,15.63478775717812,0.01894740337017886,10.0,0.5211595919059373
0.0,FW_exact,exact,405.0,0.010230064392089844,15.63477575756413,0.015148154980993311,10.0,0.5211591919188043
0.0,FW_exact,exact,406.0,0.010255098342895508,15.634764731314544,0.014770600735378281,10.0,0.5211588243771514
0.0,FW_exact,exact,407.0,0.01027989387512207,15.634754466862335,0.012486663828386924,10.0,0.5211584822287445
0.0,FW_exact,exact,408.0,0.010306119918823242,15.634733224907402,0.01674827477385854,10.0,0.5211577741635801
0.0,FW_exact,exact,409.0,0.0103302001953125,15.634721539075686,0.014239014613135481,10.0,0.5211573846358563
0.0,FW_exact,exact,410.0,0.010354042053222656,15.634712310289016,0.014431144614986735,10.0,0.5211570770096339
0.0,FW_exact,exact,411.0,0.010378122329711914,15.634693670534343,0.016836437651004843,10.0,0.5211564556844781
0.0,FW_exact,exact,412.0,0.010403156280517578,15.634676660684582,0.018352501618187134,10.0,0.521155888689486
0.0,FW_exact,exact,413.0,0.010426044464111328,15.634665043800819,0.01237756178975502,10.0,0.5211555014600273
0.0,FW_exact,exact,414.0,0.010449886322021484,15.634646371141859,0.016851429541164364,10.0,0.5211548790380619
0.0,FW_exact,exact,415.0,0.010473966598510742,15.634628392304675,0.018050618984521094,10.0,0.5211542797434892
0.0,FW_exact,exact,416.0,0.010499000549316406,15.634619123853293,0.01463181483101117,10.0,0.5211539707951097
0.0,FW_exact,exact,417.0,0.010524988174438477,15.634608999739905,0.011553625842068982,10.0,0.5211536333246635
0.0,FW_exact,exact,418.0,0.010548114776611328,15.634591998910066,0.016077841405735427,10.0,0.5211530666303356
0.0,FW_exact,exact,419.0,0.010571956634521484,15.63457857489656,0.01630048973300724,10.0,0.5211526191632186
0.0,FW_exact,exact,420.0,0.010596036911010742,15.634564728177303,0.015502242862726945,10.0,0.52115215760591
0.0,FW_exact,exact,421.0,0.010619878768920898,15.634551923208054,0.012996538110838785,10.0,0.5211517307736018
0.0,FW_exact,exact,422.0,0.01064610481262207,15.634529011093084,0.0186713893463466,10.0,0.5211509670364362
0.0,FW_exact,exact,423.0,0.01066899299621582,15.634513559717583,0.01868026118254207,10.0,0.5211504519905861
0.0,FW_exact,exact,424.0,0.010692119598388672,15.634508252127011,0.012028608707309374,10.0,0.5211502750709004
0.0,FW_exact,exact,425.0,0.010716915130615234,15.634500267859343,0.011766712145249159,10.0,0.5211500089286447
0.0,FW_exact,exact,426.0,0.010740995407104492,15.63449073219954,0.01121245019207251,10.0,0.521149691073318
0.0,FW_exact,exact,427.0,0.010766029357910156,15.634470324839272,0.01761898434278031,10.0,0.5211490108279757
0.0,FW_exact,exact,428.0,0.010789155960083008,15.634449683321389,0.020221231352460123,10.0,0.5211483227773797
0.0,FW_exact,exact,429.0,0.010812997817993164,15.634443593108234,0.010497228849828844,10.0,0.5211481197702744
0.0,FW_exact,exact,430.0,0.010837078094482422,15.634429697550742,0.014532885312192434,10.0,0.5211476565850247
0.0,FW_exact,exact,431.0,0.01086115837097168,15.634405253448564,0.017970560237346334,10.0,0.5211468417816189
0.0,FW_exact,exact,432.0,0.010885953903198242,15.634397058644465,0.01115558254008242,10.0,0.5211465686214821
0.0,FW_exact,exact,433.0,0.0109100341796875,15.634381743580793,0.01741310575292232,10.0,0.5211460581193598
0.0,FW_exact,exact,434.0,0.01093292236328125,15.634369882877673,0.014345916083531307,10.0,0.5211456627625891
0.0,FW_exact,exact,435.0,0.010957002639770508,15.63436192972939,0.013395893971505757,10.0,0.5211453976576463
0.0,FW_exact,exact,436.0,0.010981082916259766,15.634347433015543,0.014844689761581265,10.0,0.5211449144338515
0.0,FW_exact,exact,437.0,0.011007070541381836,15.634324616815869,0.01736047169458388,10.0,0.5211441538938623
0.0,FW_exact,exact,438.0,0.011029958724975586,15.634317385015027,0.011198027418927836,10.0,0.5211439128338342
0.0,FW_exact,exact,439.0,0.011053085327148438,15.634309013686018,0.013905166188372675,10.0,0.5211436337895339
0.0,FW_exact,exact,440.0,0.011077880859375,15.634296586028038,0.01374266735909302,10.0,0.5211432195342679
0.0,FW_exact,exact,441.0,0.011101961135864258,15.634286535184888,0.014101885251665891,10.0,0.521142884506163
0.0,FW_exact,exact,442.0,0.011126995086669922,15.634272662195157,0.013529347221899357,10.0,0.5211424220731719
0.0,FW_exact,exact,443.0,0.01115107536315918,15.634256957008747,0.01545246312101689,10.0,0.5211418985669583
0.0,FW_exact,exact,444.0,0.011174201965332031,15.634234254379571,0.020289685677552072,10.0,0.5211411418126524
0.0,FW_exact,exact,445.0,0.011198043823242188,15.634225428389852,0.014112913862406984,10.0,0.5211408476129951
0.0,FW_exact,exact,446.0,0.011222124099731445,15.63421487235363,0.012663971955555908,10.0,0.521140495745121
0.0,FW_exact,exact,447.0,0.011248111724853516,15.63420423833936,0.014505939849982497,10.0,0.5211401412779787
0.0,FW_exact,exact,448.0,0.011270999908447266,15.634188502057695,0.014411405750044182,10.0,0.5211396167352566
0.0,FW_exact,exact,449.0,0.011295080184936523,15.634171254085222,0.0161954284397563,10.0,0.5211390418028408
0.0,FW_exact,exact,450.0,0.011319160461425781,15.634156545164808,0.01597922616259595,10.0,0.5211385515054936
0.0,FW_exact,exact,451.0,0.011343240737915039,15.634147244770375,0.013564668223024157,10.0,0.5211382414923459
0.0,FW_exact,exact,452.0,0.011368989944458008,15.634134373242167,0.01303116486232625,10.0,0.5211378124414056
0.0,FW_exact,exact,453.0,0.01139211654663086,15.634114434105216,0.017416039132378103,10.0,0.5211371478035072
0.0,FW_exact,exact,454.0,0.01141500473022461,15.634105675368781,0.014059123720535638,10.0,0.5211368558456261
0.0,FW_exact,exact,455.0,0.011440277099609375,15.634093705192594,0.014724074590928282,10.0,0.5211364568397532
0.0,FW_exact,exact,456.0,0.01146388053894043,15.634086698547234,0.010314489636648716,10.0,0.5211362232849078
0.0,FW_exact,exact,457.0,0.011489152908325195,15.634075996664107,0.014552413310587653,10.0,0.5211358665554703
0.0,FW_exact,exact,458.0,0.011512041091918945,15.634060333693858,0.014378003618377377,10.0,0.5211353444564619
0.0,FW_exact,exact,459.0,0.011536121368408203,15.63404308418578,0.016196424499090867,10.0,0.5211347694728593
0.0,FW_exact,exact,460.0,0.01155996322631836,15.634032185977238,0.013751111485527545,10.0,0.5211344061992412
0.0,FW_exact,exact,461.0,0.011584997177124023,15.634022625629061,0.014861495579657102,10.0,0.5211340875209687
0.0,FW_exact,exact,462.0,0.011611223220825195,15.634005734387568,0.014932492735974634,10.0,0.5211335244795856
0.0,FW_exact,exact,463.0,0.011635065078735352,15.6339950418503,0.012746094822766452,10.0,0.5211331680616766
0.0,FW_exact,exact,464.0,0.011657953262329102,15.633980903796491,0.016730130282038402,10.0,0.5211326967932164
0.0,FW_exact,exact,465.0,0.011683225631713867,15.633973016510513,0.011695646479005006,10.0,0.5211324338836838
0.0,FW_exact,exact,466.0,0.011706113815307617,15.63396821721237,0.010403778523523144,10.0,0.5211322739070791
0.0,FW_exact,exact,467.0,0.011732101440429688,15.633956706098,0.013225893284790402,10.0,0.5211318902032667
0.0,FW_exact,exact,468.0,0.011754989624023438,15.633935125936627,0.01688346325520307,10.0,0.5211311708645543
0.0,FW_exact,exact,469.0,0.011779069900512695,15.633927708788327,0.011586543119173953,10.0,0.5211309236262776
0.0,FW_exact,exact,470.0,0.011803150177001953,15.633912133513073,0.015388989860205982,10.0,0.5211304044504358
0.0,FW_exact,exact,471.0,0.01182699203491211,15.633895806264356,0.017981235641819637,10.0,0.5211298602088118
0.0,FW_exact,exact,472.0,0.01185297966003418,15.63389050351846,0.008971758704795718,10.0,0.5211296834506153
0.0,FW_exact,exact,473.0,0.011876106262207031,15.63387634287344,0.013670004462447594,10.0,0.5211292114291147
0.0,FW_exact,exact,474.0,0.011899948120117188,15.63386590533714,0.013457143277255668,10.0,0.521128863511238
0.0,FW_exact,exact,475.0,0.011924028396606445,15.633856899613527,0.014256535311464091,10.0,0.5211285633204509
0.0,FW_exact,exact,476.0,0.011948108673095703,15.633842570651872,0.014759365357923215,10.0,0.5211280856883957
0.0,FW_exact,exact,477.0,0.011973857879638672,15.633831992234159,0.014468459921879173,10.0,0.5211277330744719
0.0,FW_exact,exact,478.0,0.011996984481811523,15.633825286459517,0.011016343336159196,10.0,0.5211275095486506
0.0,FW_exact,exact,479.0,0.012021064758300781,15.633815967230074,0.011898401332793185,10.0,0.5211271989076691
0.0,FW_exact,exact,480.0,0.012045145034790039,15.633794102702849,0.0169949865816168,10.0,0.5211264700900949
0.0,FW_exact,exact,481.0,0.012070178985595703,15.633785452002899,0.014136209343369899,10.0,0.52112618173343
0.0,FW_exact,exact,482.0,0.012094974517822266,15.633776357373765,0.011753984902558301,10.0,0.5211258785791255
0.0,FW_exact,exact,483.0,0.012118101119995117,15.63376490897544,0.014399596920767976,10.0,0.521125496965848
0.0,FW_exact,exact,484.0,0.012142181396484375,15.63376020695119,0.010297898399239003,10.0,0.5211253402317063
0.0,FW_exact,exact,485.0,0.012166023254394531,15.633754762708472,0.009090975691508518,10.0,0.5211251587569491
0.0,FW_exact,exact,486.0,0.012190103530883789,15.633741678193969,0.01313953396790346,10.0,0.5211247226064656
0.0,FW_exact,exact,487.0,0.01221609115600586,15.63373206228334,0.013793737925668736,10.0,0.5211244020761113
0.0,FW_exact,exact,488.0,0.012239217758178711,15.63371715362489,0.015055794324041472,10.0,0.5211239051208296
0.0,FW_exact,exact,489.0,0.012262105941772461,15.633700743841377,0.016880471617131576,10.0,0.5211233581280459
0.0,FW_exact,exact,490.0,0.012286901473999023,15.633688624996022,0.012644531602303388,10.0,0.5211229541665341
0.0,FW_exact,exact,491.0,0.012310981750488281,15.633680356470274,0.012789661525939522,10.0,0.5211226785490092
0.0,FW_exact,exact,492.0,0.012336254119873047,15.63366151564286,0.01692950823012218,10.0,0.5211220505214287
0.0,FW_exact,exact,493.0,0.01236104965209961,15.633655580110437,0.012721717818060085,10.0,0.5211218526703479
0.0,FW_exact,exact,494.0,0.012385129928588867,15.633650183668482,0.011032970141769738,10.0,0.5211216727889494
0.0,FW_exact,exact,495.0,0.012409210205078125,15.63364334945199,0.010886313402760806,10.0,0.521121444981733
0.0,FW_exact,exact,496.0,0.012433052062988281,15.633636549432191,0.011400211318322917,10.0,0.5211212183144064
0.0,FW_exact,exact,497.0,0.012459039688110352,15.633629866732441,0.010073514513551984,10.0,0.521120995557748
0.0,FW_exact,exact,498.0,0.012482166290283203,15.633621584632365,0.012800245258445031,10.0,0.5211207194877455
0.0,FW_exact,exact,499.0,0.012506246566772461,15.633608543562563,0.013117923969549139,10.0,0.5211202847854187
0.0,FW_exact,exact,500.0,0.012529850006103516,15.633594626201997,0.014545905323592123,10.0,0.5211198208733999
0.0,FW_exact,exact,501.0,0.012553930282592773,15.63358181746882,0.015232799559109722,10.0,0.5211193939156273
0.0,FW_exact,exact,502.0,0.012580156326293945,15.633576811595159,0.010625901731222243,10.0,0.5211192270531719
0.0,FW_exact,exact,503.0,0.012605905532836914,15.633570824029448,0.009534606572422888,10.0,0.5211190274676483
0.0,FW_exact,exact,504.0,0.01263117790222168,15.633562225735693,0.013042697752496224,10.0,0.5211187408578565
0.0,FW_exact,exact,505.0,0.012655258178710938,15.633550305831063,0.01254038233221344,10.0,0.5211183435277021
0.0,FW_exact,exact,506.0,0.012677907943725586,15.633536836690745,0.01430942134027724,10.0,0.5211178945563582
0.0,FW_exact,exact,507.0,0.012701988220214844,15.63352092575635,0.016621762457070588,10.0,0.5211173641918784
0.0,FW_exact,exact,508.0,0.012726068496704102,15.633513294579584,0.01228643915584371,10.0,0.5211171098193195
0.0,FW_exact,exact,509.0,0.012752056121826172,15.633502192728436,0.012101701210280424,10.0,0.5211167397576145
0.0,FW_exact,exact,510.0,0.012774944305419922,15.633484724981995,0.016299978172515495,10.0,0.5211161574993999
0.0,FW_exact,exact,511.0,0.012798070907592773,15.633477557712341,0.012717067495986,10.0,0.5211159185904114
0.0,FW_exact,exact,512.0,0.012823104858398438,15.633470489265932,0.011071752934233459,10.0,0.521115682975531
0.0,FW_exact,exact,513.0,0.012847185134887695,15.633465639401999,0.010581581893209346,10.0,0.5211155213134
0.0,FW_exact,exact,514.0,0.012871980667114258,15.633453308361451,0.012755420059262335,10.0,0.521115110278715
0.0,FW_exact,exact,515.0,0.012896060943603516,15.633439881302179,0.014287191237579933,10.0,0.5211146627100727
0.0,FW_exact,exact,516.0,0.012919187545776367,15.633427582665298,0.015602992549263561,10.0,0.5211142527555099
0.0,FW_exact,exact,517.0,0.012944221496582031,15.633419654406154,0.01198029653330579,10.0,0.5211139884802052
0.0,FW_exact,exact,518.0,0.012968063354492188,15.633408765600905,0.012863735428293666,10.0,0.5211136255200302
0.0,FW_exact,exact,519.0,0.012994050979614258,15.633391657791595,0.015029533394384842,10.0,0.5211130552597198
0.0,FW_exact,exact,520.0,0.013018131256103516,15.633386050821418,0.009859663927048956,10.0,0.5211128683607139
0.0,FW_exact,exact,521.0,0.013041019439697266,15.63337935722027,0.012433361690519007,10.0,0.5211126452406757
0.0,FW_exact,exact,522.0,0.01306605339050293,15.633369934690393,0.011964971650462175,10.0,0.5211123311563465
0.0,FW_exact,exact,523.0,0.013090133666992188,15.633361580897121,0.012855938112373622,10.0,0.5211120526965707
0.0,FW_exact,exact,524.0,0.013115167617797852,15.633350840810717,0.011902810165331346,10.0,0.5211116946936906
0.0,FW_exact,exact,525.0,0.013139009475708008,15.633338273981165,0.013821287512303826,10.0,0.5211112757993722
0.0,FW_exact,exact,526.0,0.01316213607788086,15.633327082210185,0.01423772574049842,10.0,0.5211109027403394
0.0,FW_exact,exact,527.0,0.013185977935791016,15.63331852995732,0.013893181411093636,10.0,0.521110617665244
0.0,FW_exact,exact,528.0,0.013210058212280273,15.63331187213045,0.010055147146452725,10.0,0.5211103957376817
0.0,FW_exact,exact,529.0,0.013236045837402344,15.633304537377795,0.012045410641707832,10.0,0.5211101512459265
0.0,FW_exact,exact,530.0,0.013258934020996094,15.63329321799891,0.01222029182986617,10.0,0.5211097739332969
0.0,FW_exact,exact,531.0,0.013283014297485352,15.633282319728668,0.013752340897998039,10.0,0.5211094106576223
0.0,FW_exact,exact,532.0,0.01330709457397461,15.633265934010872,0.0157864525638427,10.0,0.5211088644670291
0.0,FW_exact,exact,533.0,0.013330936431884766,15.633257557244749,0.012873761369254666,10.0,0.5211085852414916
0.0,FW_exact,exact,534.0,0.01335597038269043,15.633246139230133,0.012273606040954732,10.0,0.5211082046410044
0.0,FW_exact,exact,535.0,0.013380050659179688,15.633233139536152,0.014057940719995443,10.0,0.5211077713178718
0.0,FW_exact,exact,536.0,0.013403177261352539,15.63322693038662,0.011835917462745371,10.0,0.5211075643462206
0.0,FW_exact,exact,537.0,0.013427972793579102,15.63321655052022,0.013420863249553605,10.0,0.521107218350674
0.0,FW_exact,exact,538.0,0.013451099395751953,15.633209021529211,0.009963130248907603,10.0,0.5211069673843071
0.0,FW_exact,exact,539.0,0.013477087020874023,15.633199906217232,0.011768257777559299,10.0,0.5211066635405744
0.0,FW_exact,exact,540.0,0.01350092887878418,15.633185218027169,0.017054451601637766,10.0,0.521106173934239
0.0,FW_exact,exact,541.0,0.013525962829589844,15.63318075859401,0.008982272422693782,10.0,0.521106025286467
0.0,FW_exact,exact,542.0,0.013549089431762695,15.633170775373575,0.012316709614527355,10.0,0.5211056925124525
0.0,FW_exact,exact,543.0,0.013573884963989258,15.633156873302614,0.013545844499191162,10.0,0.5211052291100872
0.0,FW_exact,exact,544.0,0.01360011100769043,15.633149915669573,0.012676728338863796,10.0,0.5211049971889857
0.0,FW_exact,exact,545.0,0.013625144958496094,15.633143609264035,0.010457575219401605,10.0,0.5211047869754678
0.0,FW_exact,exact,546.0,0.01364898681640625,15.633135404346127,0.011164331817049344,10.0,0.5211045134782043
0.0,FW_exact,exact,547.0,0.013674020767211914,15.633128338349735,0.01262719237122134,10.0,0.5211042779449911
0.0,FW_exact,exact,548.0,0.013699054718017578,15.633120292805549,0.01029990282701121,10.0,0.521104009760185
0.0,FW_exact,exact,549.0,0.013723134994506836,15.633113614295201,0.010071037900896584,10.0,0.5211037871431734
0.0,FW_exact,exact,550.0,0.013747930526733398,15.633100536373746,0.016091054388173376,10.0,0.5211033512124582
0.0,FW_exact,exact,551.0,0.013773202896118164,15.633090999741853,0.013141579201631615,10.0,0.5211030333247284
0.0,FW_exact,exact,552.0,0.013798236846923828,15.63307884792783,0.013591202910772537,10.0,0.521102628264261
0.0,FW_exact,exact,553.0,0.013819217681884766,15.633065751248887,0.01314700194995666,10.0,0.5211021917082962
0.0,FW_exact,exact,554.0,0.013846158981323242,15.633059743572698,0.010206690759991588,10.0,0.5211019914524233
0.0,FW_exact,exact,555.0,0.013871192932128906,15.633055045181717,0.010415247447021159,10.0,0.5211018348393905
0.0,FW_exact,exact,556.0,0.013895988464355469,15.633047525562416,0.01068738205113462,10.0,0.5211015841854139
0.0,FW_exact,exact,557.0,0.013920068740844727,15.633038800028377,0.013139672157715054,10.0,0.5211012933342792
0.0,FW_exact,exact,558.0,0.01395416259765625,15.633029802201424,0.010893544994733162,10.0,0.5211009934067141
0.0,FW_exact,exact,559.0,0.013979911804199219,15.633018102284517,0.013335755615729639,10.0,0.5211006034094839
0.0,FW_exact,exact,560.0,0.014003992080688477,15.633008552022408,0.013151100691372264,10.0,0.5211002850674136
0.0,FW_exact,exact,561.0,0.014028072357177734,15.633001076121893,0.01298884849023807,10.0,0.5211000358707297
0.0,FW_exact,exact,562.0,0.014052152633666992,15.632995336341192,0.009335698929122671,10.0,0.5210998445447064
0.0,FW_exact,exact,563.0,0.014077901840209961,15.632988669541593,0.01148356683641616,10.0,0.5210996223180531
0.0,FW_exact,exact,564.0,0.014101028442382812,15.632978413558607,0.011631640326585924,10.0,0.5210992804519535
0.0,FW_exact,exact,565.0,0.01412510871887207,15.632967347600593,0.012968887428069564,10.0,0.5210989115866864
0.0,FW_exact,exact,566.0,0.014149188995361328,15.632954092319444,0.01516978945890024,10.0,0.5210984697439814
0.0,FW_exact,exact,567.0,0.014173030853271484,15.632947781646626,0.011172338318152342,10.0,0.5210982593882209
0.0,FW_exact,exact,568.0,0.014198064804077148,15.632938608914825,0.010999240952326517,10.0,0.5210979536304942
0.0,FW_exact,exact,569.0,0.01422119140625,15.632924142680679,0.014831827526498031,10.0,0.5210974714226893
0.0,FW_exact,exact,570.0,0.01424407958984375,15.63291781965638,0.011944400736588534,10.0,0.5210972606552127
0.0,FW_exact,exact,571.0,0.014268875122070312,15.632911533896523,0.010666426803192408,10.0,0.5210970511298841
0.0,FW_exact,exact,572.0,0.01429295539855957,15.632907329938208,0.007988337884913932,10.0,0.5210969109979403
0.0,FW_exact,exact,573.0,0.014319181442260742,15.63290006087749,0.011991773835411834,10.0,0.5210966686959163
0.0,FW_exact,exact,574.0,0.014343976974487305,15.63288938613425,0.011867312757669168,10.0,0.5210963128711417
0.0,FW_exact,exact,575.0,0.014370203018188477,15.63287763371558,0.013365943328974339,10.0,0.5210959211238527
0.0,FW_exact,exact,576.0,0.014394044876098633,15.632868759857129,0.01240816639807285,10.0,0.5210956253285709
0.0,FW_exact,exact,577.0,0.014419078826904297,15.63286252445602,0.01110552917827512,10.0,0.5210954174818673
0.0,FW_exact,exact,578.0,0.014443159103393555,15.63285403153884,0.010583273824813944,10.0,0.521095134384628
0.0,FW_exact,exact,579.0,0.014466047286987305,15.632840941715035,0.014107409460496712,10.0,0.5210946980571678
0.0,FW_exact,exact,580.0,0.014490127563476562,15.632834348412098,0.01219737556544409,10.0,0.5210944782804032
0.0,FW_exact,exact,581.0,0.014513969421386719,15.632830593037355,0.010117796761415221,10.0,0.5210943531012452
0.0,FW_exact,exact,582.0,0.014539003372192383,15.632824964024016,0.009879688165376876,10.0,0.5210941654674672
0.0,FW_exact,exact,583.0,0.01456308364868164,15.63282031219691,0.009427947374135215,10.0,0.5210940104065637
0.0,FW_exact,exact,584.0,0.014586210250854492,15.632814679509032,0.009248309862755377,10.0,0.521093822650301
0.0,FW_exact,exact,585.0,0.014610052108764648,15.632808013461554,0.0114831282849579,10.0,0.5210936004487184
0.0,FW_exact,exact,586.0,0.014634132385253906,15.632798873777991,0.010979608623273407,10.0,0.5210932957925997
0.0,FW_exact,exact,587.0,0.01465916633605957,15.632788486774208,0.012564363675796386,10.0,0.5210929495591403
0.0,FW_exact,exact,588.0,0.01468205451965332,15.632778253715337,0.013614146302524333,10.0,0.5210926084571779
0.0,FW_exact,exact,589.0,0.014705896377563477,15.632773536485855,0.010436380432421899,10.0,0.5210924512161952
0.0,FW_exact,exact,590.0,0.014729976654052734,15.632768022327967,0.008525138774276186,10.0,0.5210922674109323
0.0,FW_exact,exact,591.0,0.014754056930541992,15.632758595914371,0.011968405647859726,10.0,0.5210919531971457
0.0,FW_exact,exact,592.0,0.014780044555664062,15.632750750617669,0.012458793892013986,10.0,0.5210916916872557
0.0,FW_exact,exact,593.0,0.014802932739257812,15.632742766593042,0.011768920867730515,10.0,0.5210914255531014
0.0,FW_exact,exact,594.0,0.014826059341430664,15.63273554976316,0.009754794844448966,10.0,0.5210911849921053
0.0,FW_exact,exact,595.0,0.014851093292236328,15.632722364081884,0.01415928718526338,10.0,0.5210907454693962
0.0,FW_exact,exact,596.0,0.014875173568725586,15.632713521788299,0.014127854277880658,10.0,0.5210904507262766
0.0,FW_exact,exact,597.0,0.014899969100952148,15.632708880095608,0.008970685223683716,10.0,0.5210902960031869
0.0,FW_exact,exact,598.0,0.014923095703125,15.632704869086526,0.008905211956514947,10.0,0.5210901623028842
0.0,FW_exact,exact,599.0,0.014947175979614258,15.632698315453364,0.00997685970377482,10.0,0.5210899438484454
0.0,FW_exact,exact,600.0,0.014971256256103516,15.632682010769367,0.014673299792871575,10.0,0.5210894003589789
0.0,FW_exact,exact,601.0,0.014995098114013672,15.632676542066493,0.009112695249637426,10.0,0.5210892180688831
0.0,FW_exact,exact,602.0,0.015020132064819336,15.632667366554033,0.013475183765425669,10.0,0.5210889122184678
0.0,FW_exact,exact,603.0,0.015044212341308594,15.632660818951237,0.010886889751580142,10.0,0.5210886939650412
0.0,FW_exact,exact,604.0,0.015067100524902344,15.632652352147796,0.011342090795942283,10.0,0.5210884117382598
0.0,FW_exact,exact,605.0,0.015091896057128906,15.632642550397788,0.01137127415586825,10.0,0.5210880850132596
0.0,FW_exact,exact,606.0,0.015115022659301758,15.632637407595839,0.010897547029527388,10.0,0.521087913586528
0.0,FW_exact,exact,607.0,0.01514124870300293,15.632629892149778,0.011418030426261438,10.0,0.5210876630716592
0.0,FW_exact,exact,608.0,0.015163898468017578,15.632623543242545,0.009819685780207976,10.0,0.5210874514414182
0.0,FW_exact,exact,609.0,0.015187978744506836,15.632616220127618,0.012855723219388437,10.0,0.5210872073375873
0.0,FW_exact,exact,610.0,0.015212059020996094,15.632609498779987,0.009413669546255221,10.0,0.5210869832926662
0.0,FW_exact,exact,611.0,0.015236139297485352,15.632603450150484,0.009584386114864785,10.0,0.5210867816716828
0.0,FW_exact,exact,612.0,0.01526188850402832,15.632592513458418,0.014713638490970737,10.0,0.5210864171152806
0.0,FW_exact,exact,613.0,0.015285015106201172,15.632585378237762,0.011125130160552388,10.0,0.5210861792745921
0.0,FW_exact,exact,614.0,0.015308141708374023,15.632579909472833,0.009112863134099314,10.0,0.5210859969824277
0.0,FW_exact,exact,615.0,0.015333175659179688,15.6325664051217,0.013351476248555372,10.0,0.5210855468373901
0.0,FW_exact,exact,616.0,0.015357017517089844,15.632561870783503,0.008297009511277764,10.0,0.5210853956927834
0.0,FW_exact,exact,617.0,0.015382051467895508,15.63255240030479,0.013690521198249428,10.0,0.5210850800101597
0.0,FW_exact,exact,618.0,0.015406131744384766,15.6325452292334,0.011394218484872098,10.0,0.5210848409744467
0.0,FW_exact,exact,619.0,0.015429258346557617,15.63253627949219,0.011661743898581989,10.0,0.5210845426497397
0.0,FW_exact,exact,620.0,0.015452861785888672,15.632530167800901,0.011743291299158187,10.0,0.5210843389266967
0.0,FW_exact,exact,621.0,0.01547694206237793,15.632521959097062,0.010404926696109484,10.0,0.5210840653032354
0.0,FW_exact,exact,622.0,0.015503168106079102,15.63251553638076,0.00987681478052238,10.0,0.521083851212692
0.0,FW_exact,exact,623.0,0.015526294708251953,15.6325073413075,0.012181716451822311,10.0,0.5210835780435833
0.0,FW_exact,exact,624.0,0.015548944473266602,15.63250182234578,0.010447749132564965,10.0,0.5210833940781927
0.0,FW_exact,exact,625.0,0.015573978424072266,15.63249472399605,0.010384040963476338,10.0,0.521083157466535
0.0,FW_exact,exact,626.0,0.015598058700561523,15.632485410197452,0.011084401052467996,10.0,0.5210828470065817
0.0,FW_exact,exact,627.0,0.015622854232788086,15.632480228233906,0.010939148153358502,10.0,0.5210826742744635
0.0,FW_exact,exact,628.0,0.015646934509277344,15.632470758040078,0.0128195056537308,10.0,0.5210823586013359
0.0,FW_exact,exact,629.0,0.015670061111450195,15.632464351650938,0.009864303140158626,10.0,0.5210821450550313
0.0,FW_exact,exact,630.0,0.015694141387939453,15.632457970970396,0.011234765023766968,10.0,0.5210819323656799
0.0,FW_exact,exact,631.0,0.01571822166442871,15.632448703980673,0.011056527104244651,10.0,0.5210816234660224
0.0,FW_exact,exact,632.0,0.01574397087097168,15.632438447874405,0.012485389875273256,10.0,0.5210812815958135
0.0,FW_exact,exact,633.0,0.01576709747314453,15.63243285245789,0.011235944228069172,10.0,0.5210810950819297
0.0,FW_exact,exact,634.0,0.015790224075317383,15.632425385574031,0.01138130117965197,10.0,0.5210808461858011
0.0,FW_exact,exact,635.0,0.015815019607543945,15.632419661329628,0.00868669413888945,10.0,0.5210806553776542
0.0,FW_exact,exact,636.0,0.015839099884033203,15.632412435889405,0.010476829006259791,10.0,0.5210804145296468
0.0,FW_exact,exact,637.0,0.015865087509155273,15.632401194758634,0.014917615897232395,10.0,0.5210800398252878
0.0,FW_exact,exact,638.0,0.015888214111328125,15.63239754259756,0.007445610851608109,10.0,0.5210799180865854
0.0,FW_exact,exact,639.0,0.01591205596923828,15.632390696863162,0.01113262092892775,10.0,0.5210796898954387
0.0,FW_exact,exact,640.0,0.01593613624572754,15.632383024910103,0.010058682077547232,10.0,0.5210794341636701
0.0,FW_exact,exact,641.0,0.015960216522216797,15.632375095424102,0.010976170919535733,10.0,0.52107916984747
0.0,FW_exact,exact,642.0,0.015985965728759766,15.632367699432109,0.012096799292118376,10.0,0.5210789233144036
0.0,FW_exact,exact,643.0,0.016009092330932617,15.632364601930085,0.008357782405413516,10.0,0.5210788200643361
0.0,FW_exact,exact,644.0,0.016031980514526367,15.63235979366728,0.009130762020694405,10.0,0.5210786597889093
0.0,FW_exact,exact,645.0,0.01605701446533203,15.63235331565577,0.00991950755582316,10.0,0.5210784438551923
0.0,FW_exact,exact,646.0,0.016080856323242188,15.632339580523807,0.01346577254350656,10.0,0.5210779860174602
0.0,FW_exact,exact,647.0,0.016106128692626953,15.6323342834682,0.011060216598448136,10.0,0.52107780944894
0.0,FW_exact,exact,648.0,0.01612997055053711,15.632328576018722,0.00931015483778097,10.0,0.521077619200624
0.0,FW_exact,exact,649.0,0.01615309715270996,15.632321181627665,0.011570787982448039,10.0,0.5210773727209221
0.0,FW_exact,exact,650.0,0.016177892684936523,15.632318294758269,0.008068438182357696,10.0,0.5210772764919424
0.0,FW_exact,exact,651.0,0.01620197296142578,15.632314834439788,0.007247309436156257,10.0,0.521077161147993
0.0,FW_exact,exact,652.0,0.0162351131439209,15.632306616393109,0.010411196109778587,10.0,0.5210768872131036
0.0,FW_exact,exact,653.0,0.016260147094726562,15.632300642377217,0.01087062755693502,10.0,0.5210766880792406
0.0,FW_exact,exact,654.0,0.01628589630126953,15.632291315003688,0.011906000225039293,10.0,0.5210763771667896
0.0,FW_exact,exact,655.0,0.016311168670654297,15.632282264495819,0.01253208664632055,10.0,0.521076075483194
0.0,FW_exact,exact,656.0,0.016336917877197266,15.632274949657745,0.009821594458811589,10.0,0.5210758316552582
0.0,FW_exact,exact,657.0,0.016363143920898438,15.632269879238471,0.010013989640563992,10.0,0.5210756626412824
0.0,FW_exact,exact,658.0,0.016392946243286133,15.632258576590651,0.013108311781820703,10.0,0.521075285886355
0.0,FW_exact,exact,659.0,0.016419172286987305,15.632254342421167,0.009773004161873544,10.0,0.5210751447473723
0.0,FW_exact,exact,660.0,0.016443252563476562,15.63224981761427,0.009048868990378267,10.0,0.5210749939204756
0.0,FW_exact,exact,661.0,0.01646709442138672,15.63224639121465,0.006718871390685166,10.0,0.521074879707155
0.0,FW_exact,exact,662.0,0.016490936279296875,15.632238631219707,0.010858257386216152,10.0,0.5210746210406569
0.0,FW_exact,exact,663.0,0.016517162322998047,15.632230003214149,0.013067004630361367,10.0,0.5210743334404716
0.0,FW_exact,exact,664.0,0.016540050506591797,15.632225594273983,0.008743138383874083,10.0,0.5210741864757994
0.0,FW_exact,exact,665.0,0.016571998596191406,15.63222011975757,0.008495107281682124,10.0,0.5210740039919189
0.0,FW_exact,exact,666.0,0.01659703254699707,15.632208659052763,0.013199892776796673,10.0,0.5210736219684254
0.0,FW_exact,exact,667.0,0.016622066497802734,15.632203770294735,0.01154579946701162,10.0,0.5210734590098245
0.0,FW_exact,exact,668.0,0.016646862030029297,15.632200956101382,0.007966241351725856,10.0,0.5210733652033794
0.0,FW_exact,exact,669.0,0.016670942306518555,15.632198268890654,0.006824273387655566,10.0,0.5210732756296885
0.0,FW_exact,exact,670.0,0.016697168350219727,15.632194748198227,0.008201478383069727,10.0,0.5210731582732743
0.0,FW_exact,exact,671.0,0.016720056533813477,15.632190771315733,0.0077701093567554835,10.0,0.5210730257105244
0.0,FW_exact,exact,672.0,0.016743898391723633,15.632184581538814,0.011065539006372305,10.0,0.5210728193846271
0.0,FW_exact,exact,673.0,0.0167691707611084,15.632177580677974,0.009608326418996782,10.0,0.5210725860225991
0.0,FW_exact,exact,674.0,0.01679205894470215,15.632168871812656,0.01150405765066509,10.0,0.5210722957270886
0.0,FW_exact,exact,675.0,0.01681804656982422,15.632162373446219,0.010846427998203012,10.0,0.521072079114874
0.0,FW_exact,exact,676.0,0.01684093475341797,15.632158739741609,0.009159174437201045,10.0,0.521071957991387
0.0,FW_exact,exact,677.0,0.016863107681274414,15.632154151865203,0.007776046755957111,10.0,0.5210718050621734
0.0,FW_exact,exact,678.0,0.016885995864868164,15.632147268152131,0.010226097386707877,10.0,0.521071575605071
0.0,FW_exact,exact,679.0,0.016910076141357422,15.63214098133061,0.011152092186440754,10.0,0.5210713660443537
0.0,FW_exact,exact,680.0,0.01693415641784668,15.632133790154413,0.01116930581806308,10.0,0.5210711263384804
0.0,FW_exact,exact,681.0,0.01696014404296875,15.632128156485463,0.008617986180672332,10.0,0.5210709385495155
0.0,FW_exact,exact,682.0,0.0169830322265625,15.63211753440666,0.012707104406153746,10.0,0.521070584480222
0.0,FW_exact,exact,683.0,0.017017126083374023,15.632110353745583,0.012730499904920478,10.0,0.5210703451248527
0.0,FW_exact,exact,684.0,0.017041921615600586,15.632106638705288,0.008025129250922802,10.0,0.5210702212901762
0.0,FW_exact,exact,685.0,0.017065048217773438,15.6321033647517,0.00804530248577251,10.0,0.5210701121583899
0.0,FW_exact,exact,686.0,0.017089128494262695,15.632098039942317,0.008992551642457158,10.0,0.5210699346647439
0.0,FW_exact,exact,687.0,0.017113208770751953,15.632084864784991,0.013188375556500986,10.0,0.521069495492833
0.0,FW_exact,exact,688.0,0.017138004302978516,15.632080443573873,0.008193262580443061,10.0,0.5210693481191291
0.0,FW_exact,exact,689.0,0.017160892486572266,15.632073003499581,0.012133201995112586,10.0,0.5210691001166528
0.0,FW_exact,exact,690.0,0.017184019088745117,15.632067994833694,0.009319616100043504,10.0,0.5210689331611231
0.0,FW_exact,exact,691.0,0.01720905303955078,15.632064245095876,0.00754484925585075,10.0,0.5210688081698626
0.0,FW_exact,exact,692.0,0.017232179641723633,15.632054693525612,0.011225969542888237,10.0,0.5210684897841871
0.0,FW_exact,exact,693.0,0.0172579288482666,15.632050669201154,0.009639402878800496,10.0,0.5210683556400385
0.0,FW_exact,exact,694.0,0.017281055450439453,15.63204648522643,0.0087012549262937,10.0,0.5210682161742144
0.0,FW_exact,exact,695.0,0.017304182052612305,15.632037793217767,0.01149310049801322,10.0,0.5210679264405923
0.0,FW_exact,exact,696.0,0.017328262329101562,15.632032423966953,0.011006691876017882,10.0,0.5210677474655651
0.0,FW_exact,exact,697.0,0.017351865768432617,15.632029375833957,0.007425812326054881,10.0,0.5210676458611319
0.0,FW_exact,exact,698.0,0.01737809181213379,15.632025579270925,0.007073111625683026,10.0,0.5210675193090308
0.0,FW_exact,exact,699.0,0.01740121841430664,15.632017978822251,0.010746208087825337,10.0,0.5210672659607417
0.0,FW_exact,exact,700.0,0.01742410659790039,15.632007616712627,0.014322198691585797,10.0,0.5210669205570876
0.0,FW_exact,exact,701.0,0.017447948455810547,15.6320045120995,0.007335751670590085,10.0,0.5210668170699834
0.0,FW_exact,exact,702.0,0.01747298240661621,15.631999956345823,0.00831721735857549,10.0,0.5210666652115274
0.0,FW_exact,exact,703.0,0.017499208450317383,15.631987816943708,0.012658540660716255,10.0,0.5210662605647902
0.0,FW_exact,exact,704.0,0.017524003982543945,15.631983741859415,0.007865772150196904,10.0,0.5210661247286471
0.0,FW_exact,exact,705.0,0.017547130584716797,15.631976009906875,0.012369324735997722,10.0,0.5210658669968958
0.0,FW_exact,exact,706.0,0.01757216453552246,15.631972207207594,0.008119470729361922,10.0,0.5210657402402531
0.0,FW_exact,exact,707.0,0.017596006393432617,15.63196926654103,0.008143575641641476,10.0,0.5210656422180343
0.0,FW_exact,exact,708.0,0.01762104034423828,15.631962903269766,0.009831658416080913,10.0,0.5210654301089922
0.0,FW_exact,exact,709.0,0.017646074295043945,15.631952810771597,0.011540195551267729,10.0,0.5210650936923866
0.0,FW_exact,exact,710.0,0.0176699161529541,15.631949880490872,0.007280789698974388,10.0,0.5210649960163624
0.0,FW_exact,exact,711.0,0.01769399642944336,15.63194294831078,0.010262359286185685,10.0,0.5210647649436927
0.0,FW_exact,exact,712.0,0.017719030380249023,15.631935118456756,0.01244753791769071,10.0,0.5210645039485585
0.0,FW_exact,exact,713.0,0.017744064331054688,15.63193257147648,0.0062171956711392085,10.0,0.521064419049216
0.0,FW_exact,exact,714.0,0.017766952514648438,15.631926025118387,0.00929111017950568,10.0,0.5210642008372796
0.0,FW_exact,exact,715.0,0.017791032791137695,15.631920284666645,0.009978157868342663,10.0,0.5210640094888882
0.0,FW_exact,exact,716.0,0.017815113067626953,15.631914408848901,0.01164979991795434,10.0,0.5210638136282967
0.0,FW_exact,exact,717.0,0.017840862274169922,15.631909801167431,0.008364635578187674,10.0,0.5210636600389144
0.0,FW_exact,exact,718.0,0.01786494255065918,15.631905696617302,0.009622421531554792,10.0,0.5210635232205767
0.0,FW_exact,exact,719.0,0.017889022827148438,15.631901030031647,0.009190040081486828,10.0,0.5210633676677215
0.0,FW_exact,exact,720.0,0.01791524887084961,15.631895716394874,0.008369606398392904,10.0,0.5210631905464959
0.0,FW_exact,exact,721.0,0.017940044403076172,15.631886408635758,0.011894090276122427,10.0,0.5210628802878586
0.0,FW_exact,exact,722.0,0.017962932586669922,15.631878931416574,0.012163728141681318,10.0,0.5210626310472192
0.0,FW_exact,exact,723.0,0.01798701286315918,15.63187521182707,0.0070011258263633636,10.0,0.5210625070609024
0.0,FW_exact,exact,724.0,0.01801013946533203,15.631868047792253,0.010432902767131935,10.0,0.5210622682597418
0.0,FW_exact,exact,725.0,0.018033981323242188,15.631861462601405,0.010688086783614992,10.0,0.5210620487533801
0.0,FW_exact,exact,726.0,0.018059968948364258,15.631857350299825,0.00963155230113344,10.0,0.5210619116766608
0.0,FW_exact,exact,727.0,0.01808619499206543,15.631853063318749,0.00751677528674044,10.0,0.5210617687772916
0.0,FW_exact,exact,728.0,0.018107175827026367,15.631847517723063,0.009177616553849077,10.0,0.5210615839241021
0.0,FW_exact,exact,729.0,0.018130064010620117,15.631839378382258,0.01269159317972779,10.0,0.5210613126127419
0.0,FW_exact,exact,730.0,0.018153905868530273,15.63183556459205,0.008307244554085713,10.0,0.5210611854864017
0.0,FW_exact,exact,731.0,0.01817917823791504,15.631829165612356,0.009859415302917895,10.0,0.5210609721870785
0.0,FW_exact,exact,732.0,0.018203258514404297,15.631820580602023,0.010642261618384552,10.0,0.5210606860200674
0.0,FW_exact,exact,733.0,0.018227100372314453,15.631817766946035,0.008059136090958319,10.0,0.5210605922315346
0.0,FW_exact,exact,734.0,0.018252134323120117,15.6318128112371,0.009270437025412193,10.0,0.5210604270412367
0.0,FW_exact,exact,735.0,0.018278121948242188,15.631807730893048,0.008783794134718192,10.0,0.5210602576964349
0.0,FW_exact,exact,736.0,0.01830291748046875,15.631802260995517,0.010401892204511043,10.0,0.5210600753665172
0.0,FW_exact,exact,737.0,0.0183260440826416,15.631796070023952,0.009035222756242689,10.0,0.5210598690007984
0.0,FW_exact,exact,738.0,0.018351078033447266,15.631788370040315,0.010816772245048512,10.0,0.5210596123346771
0.0,FW_exact,exact,739.0,0.018374919891357422,15.631783446488285,0.009440058371708915,10.0,0.5210594482162761
0.0,FW_exact,exact,740.0,0.018399953842163086,15.631778486242574,0.010579006531541424,10.0,0.5210592828747524
0.0,FW_exact,exact,741.0,0.018424034118652344,15.63177519319968,0.0070703062028663055,10.0,0.521059173106656
0.0,FW_exact,exact,742.0,0.018447160720825195,15.631771034934124,0.009068213208530906,10.0,0.5210590344978041
0.0,FW_exact,exact,743.0,0.018471956253051758,15.63176462253923,0.009195645342945369,10.0,0.5210588207513076
0.0,FW_exact,exact,744.0,0.018496036529541016,15.631757703966398,0.01025251903506863,10.0,0.5210585901322132
0.0,FW_exact,exact,745.0,0.018522262573242188,15.63175050925413,0.011172549407858057,10.0,0.521058350308471
0.0,FW_exact,exact,746.0,0.018545866012573242,15.631746646991433,0.008739229636031354,10.0,0.521058221566381
0.0,FW_exact,exact,747.0,0.018568992614746094,15.631741148801986,0.008514097976854984,10.0,0.5210580382933995
0.0,FW_exact,exact,748.0,0.018594026565551758,15.63173253,0.01144498641932934,10.0,0.5210577510000001
0.0,FW_exact,exact,749.0,0.018618106842041016,15.631728942536892,0.008995555888395401,10.0,0.5210576314178964
0.0,FW_exact,exact,750.0,0.018640995025634766,15.631724792557433,0.008666107968442915,10.0,0.5210574930852477
0.0,FW_exact,exact,751.0,0.01866602897644043,15.631722910804022,0.006589958249394456,10.0,0.5210574303601341
0.0,FW_exact,exact,752.0,0.01868915557861328,15.631719816992627,0.00685294408972581,10.0,0.5210573272330875
0.0,FW_exact,exact,753.0,0.01871514320373535,15.631711528990476,0.010456429452181837,10.0,0.5210570509663491
0.0,FW_exact,exact,754.0,0.0187380313873291,15.63170757669293,0.008278044185434652,10.0,0.5210569192230977
0.0,FW_exact,exact,755.0,0.01876091957092285,15.631703555766736,0.008917127923647072,10.0,0.5210567851922245
0.0,FW_exact,exact,756.0,0.018786191940307617,15.631693645364734,0.012274024614201906,10.0,0.5210564548454911
0.0,FW_exact,exact,757.0,0.018809080123901367,15.631687562965164,0.008955685797156221,10.0,0.5210562520988388
0.0,FW_exact,exact,758.0,0.018835067749023438,15.631683801567988,0.008624314008537581,10.0,0.521056126718933
0.0,FW_exact,exact,759.0,0.018857955932617188,15.631677371507966,0.009883559149630017,10.0,0.5210559123835988
0.0,FW_exact,exact,760.0,0.018882036209106445,15.631672723733175,0.009171711826635232,10.0,0.5210557574577724
0.0,FW_exact,exact,761.0,0.01890707015991211,15.631669095487984,0.009046630821549329,10.0,0.5210556365162662
0.0,FW_exact,exact,762.0,0.01892995834350586,15.631666299487534,0.006514522733571226,10.0,0.5210555433162511
0.0,FW_exact,exact,763.0,0.01895618438720703,15.631660846487836,0.008479095322325492,10.0,0.5210553615495945
0.0,FW_exact,exact,764.0,0.01897907257080078,15.631656163944816,0.009011209287477229,10.0,0.5210552054648272
0.0,FW_exact,exact,765.0,0.01900315284729004,15.631651259936865,0.010642212619913494,10.0,0.5210550419978955
0.0,FW_exact,exact,766.0,0.019026994705200195,15.631647432607167,0.0076230078530006296,10.0,0.5210549144202389
0.0,FW_exact,exact,767.0,0.019051074981689453,15.63164205068071,0.010317987264620854,10.0,0.5210547350226904
0.0,FW_exact,exact,768.0,0.019077062606811523,15.631636075839628,0.008876110724417074,10.0,0.5210545358613209
0.0,FW_exact,exact,769.0,0.019099950790405273,15.631628575822967,0.010675419840705302,10.0,0.5210542858607655
0.0,FW_exact,exact,770.0,0.019123077392578125,15.631623560546013,0.009326249809715748,10.0,0.5210541186848671
0.0,FW_exact,exact,771.0,0.01914811134338379,15.631619679532076,0.008760549746583024,10.0,0.5210539893177358
0.0,FW_exact,exact,772.0,0.019172191619873047,15.631615936961726,0.008456701317225424,10.0,0.5210538645653908
0.0,FW_exact,exact,773.0,0.01919698715209961,15.631612673547629,0.00703854845432339,10.0,0.521053755784921
0.0,FW_exact,exact,774.0,0.01922011375427246,15.63160637045244,0.009117048603400235,10.0,0.521053545681748
0.0,FW_exact,exact,775.0,0.019243955612182617,15.631602707893741,0.007968654348990967,10.0,0.521053423596458
0.0,FW_exact,exact,776.0,0.019268035888671875,15.63159890488225,0.009262183240165811,10.0,0.5210532968294083
0.0,FW_exact,exact,777.0,0.01929187774658203,15.631592805633831,0.00962573998746663,10.0,0.5210530935211277
0.0,FW_exact,exact,778.0,0.019318103790283203,15.631587103343273,0.010621026292913172,10.0,0.5210529034447757
0.0,FW_exact,exact,779.0,0.019340991973876953,15.63158375665714,0.0077816728581936445,10.0,0.5210527918885713
0.0,FW_exact,exact,780.0,0.019364118576049805,15.631578878452528,0.008607332902091258,10.0,0.5210526292817509
0.0,FW_exact,exact,781.0,0.019388914108276367,15.631569004672995,0.011414912115814246,10.0,0.5210523001557665
0.0,FW_exact,exact,782.0,0.019412994384765625,15.631565688354483,0.007095468426914664,10.0,0.5210521896118161
0.0,FW_exact,exact,783.0,0.01943802833557129,15.631559993235358,0.010614367422080662,10.0,0.5210519997745119
0.0,FW_exact,exact,784.0,0.01946115493774414,15.631556393599414,0.007899886662432465,10.0,0.5210518797866471
0.0,FW_exact,exact,785.0,0.019484996795654297,15.631553879715469,0.007529345269638554,10.0,0.5210517959905157
0.0,FW_exact,exact,786.0,0.019509077072143555,15.63154884416758,0.008745236424260838,10.0,0.5210516281389194
0.0,FW_exact,exact,787.0,0.01953411102294922,15.63154057900974,0.010442257146488387,10.0,0.521051352633658
0.0,FW_exact,exact,788.0,0.01955723762512207,15.631538475771682,0.007571180543161304,10.0,0.5210512825257227
0.0,FW_exact,exact,789.0,0.01957988739013672,15.631533589900535,0.008614152949483866,10.0,0.5210511196633512
0.0,FW_exact,exact,790.0,0.01960301399230957,15.631527402673298,0.010584017792771405,10.0,0.5210509134224433
0.0,FW_exact,exact,791.0,0.019628047943115234,15.631524013457565,0.008186294517972925,10.0,0.5210508004485855
0.0,FW_exact,exact,792.0,0.019652128219604492,15.631519167348847,0.008579005915953175,10.0,0.5210506389116282
0.0,FW_exact,exact,793.0,0.019676923751831055,15.631512894441157,0.009095289164019249,10.0,0.5210504298147052
0.0,FW_exact,exact,794.0,0.019700050354003906,15.631509968944473,0.008218079794904298,10.0,0.5210503322981491
0.0,FW_exact,exact,795.0,0.019724130630493164,15.631505783775875,0.00851886161466986,10.0,0.5210501927925292
0.0,FW_exact,exact,796.0,0.019748210906982422,15.631501858241883,0.007720433667762094,10.0,0.5210500619413961
0.0,FW_exact,exact,797.0,0.019772052764892578,15.63149657728849,0.010916245127521762,10.0,0.5210498859096163
0.0,FW_exact,exact,798.0,0.01979804039001465,15.631492662739813,0.007182876577243036,10.0,0.5210497554246605
0.0,FW_exact,exact,799.0,0.0198211669921875,15.631488822184924,0.007636339937821646,10.0,0.5210496274061641
0.0,FW_exact,exact,800.0,0.01984405517578125,15.631481820171276,0.011770863759629435,10.0,0.5210493940057092
0.0,FW_exact,exact,801.0,0.019868850708007812,15.631477225151457,0.008926693362779403,10.0,0.5210492408383819
0.0,FW_exact,exact,802.0,0.019894123077392578,15.631473715782208,0.007299353603755776,10.0,0.5210491238594069
0.0,FW_exact,exact,803.0,0.01992011070251465,15.63146506769938,0.01068192323245043,10.0,0.5210488355899794
0.0,FW_exact,exact,804.0,0.0199429988861084,15.631462832209913,0.006647513163168028,10.0,0.5210487610736637
0.0,FW_exact,exact,805.0,0.01996588706970215,15.631456296831681,0.00996456812258728,10.0,0.5210485432277226
0.0,FW_exact,exact,806.0,0.019991159439086914,15.631450004289487,0.010673911969556471,10.0,0.5210483334763162
0.0,FW_exact,exact,807.0,0.020015239715576172,15.631446882004928,0.008391858590059087,10.0,0.5210482294001643
0.0,FW_exact,exact,808.0,0.020040035247802734,15.631443692892443,0.0069580412175156425,10.0,0.5210481230964148
0.0,FW_exact,exact,809.0,0.0200650691986084,15.631438009925956,0.008656566782539343,10.0,0.5210479336641985
0.0,FW_exact,exact,810.0,0.020089149475097656,15.63143401033194,0.008893663844895983,10.0,0.521047800344398
0.0,FW_exact,exact,811.0,0.020112991333007812,15.631427649124221,0.009830755687829651,10.0,0.5210475883041407
0.0,FW_exact,exact,812.0,0.02013707160949707,15.631422694713015,0.009269639320679701,10.0,0.5210474231571005
0.0,FW_exact,exact,813.0,0.02016305923461914,15.631418001416389,0.007865863948664398,10.0,0.5210472667138796
0.0,FW_exact,exact,814.0,0.020186185836791992,15.631414002424622,0.009609520535708072,10.0,0.5210471334141541
0.0,FW_exact,exact,815.0,0.02020883560180664,15.631410589228684,0.007198604823658528,10.0,0.5210470196409561
0.0,FW_exact,exact,816.0,0.020234107971191406,15.631406502234015,0.008990425466821605,10.0,0.5210468834078005
0.0,FW_exact,exact,817.0,0.020258188247680664,15.63140296061911,0.008005446440453312,10.0,0.5210467653539703
0.0,FW_exact,exact,818.0,0.020283222198486328,15.63139886134513,0.007889715861681523,10.0,0.5210466287115043
0.0,FW_exact,exact,819.0,0.020307064056396484,15.631390775044068,0.010328711813293978,10.0,0.5210463591681356
0.0,FW_exact,exact,820.0,0.020329952239990234,15.631388675186097,0.006881149175514523,10.0,0.5210462891728699
0.0,FW_exact,exact,821.0,0.020355224609375,15.63138400923928,0.008417997937886668,10.0,0.5210461336413094
0.0,FW_exact,exact,822.0,0.020380020141601562,15.63137877924222,0.009524286968277451,10.0,0.5210459593080741
0.0,FW_exact,exact,823.0,0.020406007766723633,15.631373362805181,0.010351331517640006,10.0,0.5210457787601727
0.0,FW_exact,exact,824.0,0.020431041717529297,15.631369822148987,0.006831001245181767,10.0,0.5210456607382995
0.0,FW_exact,exact,825.0,0.02045607566833496,15.631361945509202,0.010940942545378363,10.0,0.52104539818364
0.0,FW_exact,exact,826.0,0.02048206329345703,15.631359337570482,0.00766913115336898,10.0,0.5210453112523494
0.0,FW_exact,exact,827.0,0.02050614356994629,15.63135523980163,0.00861172155762091,10.0,0.5210451746600543
0.0,FW_exact,exact,828.0,0.02053093910217285,15.631352962399141,0.005879162735753951,10.0,0.5210450987466381
0.0,FW_exact,exact,829.0,0.020554065704345703,15.63134886304453,0.009004074584289867,10.0,0.5210449621014843
0.0,FW_exact,exact,830.0,0.020576953887939453,15.631342976799344,0.008810360666149819,10.0,0.5210447658933115
0.0,FW_exact,exact,831.0,0.02060222625732422,15.631336422417194,0.009979222048322356,10.0,0.5210445474139065
0.0,FW_exact,exact,832.0,0.020626068115234375,15.631332410354808,0.008340819017842449,10.0,0.5210444136784936
0.0,FW_exact,exact,833.0,0.02065110206604004,15.63132902592214,0.008180672673955058,10.0,0.5210443008640714
0.0,FW_exact,exact,834.0,0.02067399024963379,15.631324535167538,0.007694173052064102,10.0,0.5210441511722512
0.0,FW_exact,exact,835.0,0.020698070526123047,15.631317676446285,0.010208608536069974,10.0,0.5210439225482095
0.0,FW_exact,exact,836.0,0.020721912384033203,15.631314231147845,0.00881569906960955,10.0,0.5210438077049282
0.0,FW_exact,exact,837.0,0.02074599266052246,15.631311029456759,0.007611322287731426,10.0,0.521043700981892
0.0,FW_exact,exact,838.0,0.020772218704223633,15.631309199109372,0.006499504322260208,10.0,0.5210436399703124
0.0,FW_exact,exact,839.0,0.020795106887817383,15.631306546484103,0.00634545628644112,10.0,0.5210435515494701
0.0,FW_exact,exact,840.0,0.02081894874572754,15.631299645506633,0.0095407102066698,10.0,0.5210433215168878
0.0,FW_exact,exact,841.0,0.020843029022216797,15.631295992145185,0.007958915457638938,10.0,0.5210431997381728
0.0,FW_exact,exact,842.0,0.020867109298706055,15.631292943708385,0.007763685904306428,10.0,0.5210430981236128
0.0,FW_exact,exact,843.0,0.020891904830932617,15.631284865876008,0.011080108442953929,10.0,0.5210428288625336
0.0,FW_exact,exact,844.0,0.020915985107421875,15.631279785618634,0.008184277466288137,10.0,0.5210426595206211
0.0,FW_exact,exact,845.0,0.020939111709594727,15.631276712110598,0.007795583876097467,10.0,0.5210425570703533
0.0,FW_exact,exact,846.0,0.020963191986083984,15.631271390824342,0.008990552460252488,10.0,0.5210423796941447
0.0,FW_exact,exact,847.0,0.020987272262573242,15.631267659338448,0.008217551900679965,10.0,0.5210422553112816
0.0,FW_exact,exact,848.0,0.021012067794799805,15.631264648588571,0.008240630723797437,10.0,0.5210421549529524
0.0,FW_exact,exact,849.0,0.021036148071289062,15.63126237292334,0.005876988399576177,10.0,0.5210420790974447
0.0,FW_exact,exact,850.0,0.021059036254882812,15.6312578879474,0.007689293122350449,10.0,0.5210419295982467
0.0,FW_exact,exact,851.0,0.021083831787109375,15.631253993031828,0.008218104701271045,10.0,0.5210417997677276
0.0,FW_exact,exact,852.0,0.021107912063598633,15.631249693296304,0.00996476053676254,10.0,0.5210416564432101
0.0,FW_exact,exact,853.0,0.021134138107299805,15.6312465129031,0.006948694750633422,10.0,0.5210415504301034
0.0,FW_exact,exact,854.0,0.021158218383789062,15.631242177220448,0.009260320365317654,10.0,0.5210414059073483
0.0,FW_exact,exact,855.0,0.02118086814880371,15.631237150492426,0.008141044811518228,10.0,0.5210412383497476
0.0,FW_exact,exact,856.0,0.02120494842529297,15.631230968028214,0.00969172820883557,10.0,0.5210410322676071
0.0,FW_exact,exact,857.0,0.021229028701782227,15.631226752279003,0.008550234277491242,10.0,0.5210408917426335
0.0,FW_exact,exact,858.0,0.021255016326904297,15.631223538394304,0.007971805411367328,10.0,0.5210407846131434
0.0,FW_exact,exact,859.0,0.021282196044921875,15.631219183444673,0.007576926621835511,10.0,0.5210406394481557
0.0,FW_exact,exact,860.0,0.02130603790283203,15.631212517253523,0.010064254857102384,10.0,0.5210404172417841
0.0,FW_exact,exact,861.0,0.021331071853637695,15.631209301001526,0.008517476292219328,10.0,0.5210403100333842
0.0,FW_exact,exact,862.0,0.021355152130126953,15.631205174385636,0.008642152683838944,10.0,0.5210401724795212
0.0,FW_exact,exact,863.0,0.021381139755249023,15.631202693611161,0.006136384108529569,10.0,0.5210400897870388
0.0,FW_exact,exact,864.0,0.021404027938842773,15.631199092831102,0.008438424971416225,10.0,0.5210399697610367
0.0,FW_exact,exact,865.0,0.021426916122436523,15.631193741221901,0.008400392330761619,10.0,0.5210397913740634
0.0,FW_exact,exact,866.0,0.02145099639892578,15.631187871670651,0.009443024864319582,10.0,0.521039595722355
0.0,FW_exact,exact,867.0,0.021477222442626953,15.63118408883241,0.008098956579825511,10.0,0.5210394696277469
0.0,FW_exact,exact,868.0,0.021502017974853516,15.631181818711898,0.00786619313496928,10.0,0.5210393939570632
0.0,FW_exact,exact,869.0,0.021526098251342773,15.631179107385336,0.007197299471448204,10.0,0.5210393035795112
0.0,FW_exact,exact,870.0,0.02155017852783203,15.631177618506577,0.0057937792694087165,10.0,0.5210392539502192
0.0,FW_exact,exact,871.0,0.021574974060058594,15.631175104654202,0.006177214647330231,10.0,0.5210391701551401
0.0,FW_exact,exact,872.0,0.02159905433654785,15.63117163644374,0.008281521583649365,10.0,0.5210390545481247
0.0,FW_exact,exact,873.0,0.0216219425201416,15.631167359256162,0.007508956751745899,10.0,0.5210389119752054
0.0,FW_exact,exact,874.0,0.02164602279663086,15.631162246289534,0.008812733403416928,10.0,0.5210387415429845
0.0,FW_exact,exact,875.0,0.021670103073120117,15.631156927457395,0.009812766938392059,10.0,0.5210385642485799
0.0,FW_exact,exact,876.0,0.02169489860534668,15.63115526410109,0.005733752236869449,10.0,0.5210385088033697
0.0,FW_exact,exact,877.0,0.021718978881835938,15.631152009830368,0.00702909911870897,10.0,0.5210384003276789
0.0,FW_exact,exact,878.0,0.02174210548400879,15.63114647338044,0.008544480335743287,10.0,0.521038215779348
0.0,FW_exact,exact,879.0,0.021765947341918945,15.631142525181954,0.008274286035794276,10.0,0.5210380841727318
0.0,FW_exact,exact,880.0,0.021790027618408203,15.631139544066007,0.008296154937212918,10.0,0.5210379848022002
0.0,FW_exact,exact,881.0,0.021815061569213867,15.631135991381985,0.0073446324900316995,10.0,0.5210378663793995
0.0,FW_exact,exact,882.0,0.021839141845703125,15.631132799408402,0.008485300958779973,10.0,0.52103775998028
0.0,FW_exact,exact,883.0,0.021862268447875977,15.63112899341565,0.007082864210108397,10.0,0.521037633113855
0.0,FW_exact,exact,884.0,0.021886110305786133,15.63112595082803,0.007262778365287659,10.0,0.5210375316942677
0.0,FW_exact,exact,885.0,0.02190995216369629,15.63112170816463,0.008026955824892212,10.0,0.5210373902721543
0.0,FW_exact,exact,886.0,0.02193617820739746,15.631114193554378,0.012195084678495505,10.0,0.521037139785146
0.0,FW_exact,exact,887.0,0.02195906639099121,15.631110899812134,0.006588527921117304,10.0,0.5210370299937378
0.0,FW_exact,exact,888.0,0.02198195457458496,15.631104070006367,0.01018732463545291,10.0,0.5210368023335455
0.0,FW_exact,exact,889.0,0.022006988525390625,15.631100652234831,0.007864373793712076,10.0,0.5210366884078277
0.0,FW_exact,exact,890.0,0.022031068801879883,15.631098663369833,0.006696883475331816,10.0,0.5210366221123278
0.0,FW_exact,exact,891.0,0.022055864334106445,15.631096825689259,0.0052809377249651845,10.0,0.5210365608563087
0.0,FW_exact,exact,892.0,0.022079944610595703,15.631093259580986,0.008397755418135588,10.0,0.5210364419860328
0.0,FW_exact,exact,893.0,0.02210402488708496,15.631088242743374,0.008133205897999929,10.0,0.5210362747581124
0.0,FW_exact,exact,894.0,0.02213001251220703,15.631082602425051,0.009256693194855004,10.0,0.5210360867475017
0.0,FW_exact,exact,895.0,0.022151947021484375,15.63107740467315,0.009495179048393254,10.0,0.5210359134891049
0.0,FW_exact,exact,896.0,0.022176027297973633,15.631074323588571,0.007805353952912597,10.0,0.5210358107862857
0.0,FW_exact,exact,897.0,0.02220010757446289,15.631070000422769,0.007549365896267091,10.0,0.521035666680759
0.0,FW_exact,exact,898.0,0.02222418785095215,15.631063270731307,0.01011233847358639,10.0,0.5210354423577103
0.0,FW_exact,exact,899.0,0.022249937057495117,15.631060866021073,0.007364251480060702,10.0,0.5210353622007025
0.0,FW_exact,exact,900.0,0.02227306365966797,15.631058144015416,0.007017761082963148,10.0,0.5210352714671805
0.0,FW_exact,exact,901.0,0.02229619026184082,15.63105641920408,0.005116108157199761,10.0,0.5210352139734693
0.0,FW_exact,exact,902.0,0.022320985794067383,15.631053027622114,0.008189544512299918,10.0,0.5210351009207371
0.0,FW_exact,exact,903.0,0.022352933883666992,15.631048197106454,0.00798061003887085,10.0,0.5210349399035484
0.0,FW_exact,exact,904.0,0.022379159927368164,15.631042795722237,0.009058317626234214,10.0,0.5210347598574079
0.0,FW_exact,exact,905.0,0.022405147552490234,15.631038745488771,0.008380725083341645,10.0,0.5210346248496257
0.0,FW_exact,exact,906.0,0.022431135177612305,15.631036009649032,0.007947371779836843,10.0,0.5210345336549678
0.0,FW_exact,exact,907.0,0.022454023361206055,15.631030594380677,0.00845048055769304,10.0,0.5210343531460225
0.0,FW_exact,exact,908.0,0.022478103637695312,15.631027104978676,0.007278967108531376,10.0,0.5210342368326225
0.0,FW_exact,exact,909.0,0.02250218391418457,15.631022332826767,0.009715922451620784,10.0,0.5210340777608923
0.0,FW_exact,exact,910.0,0.022526025772094727,15.631019835673614,0.006579227879017324,10.0,0.5210339945224538
0.0,FW_exact,exact,911.0,0.02256011962890625,15.631017181796139,0.005913515612023801,10.0,0.5210339060598713
0.0,FW_exact,exact,912.0,0.022584199905395508,15.631011135592157,0.009584473531985438,10.0,0.5210337045197385
0.0,FW_exact,exact,913.0,0.02260899543762207,15.631007397982001,0.00918261262945208,10.0,0.5210335799327334
0.0,FW_exact,exact,914.0,0.022633075714111328,15.63100432509773,0.007456771075611712,10.0,0.5210334775032577
0.0,FW_exact,exact,915.0,0.022655963897705078,15.631002088379137,0.005826642020403838,10.0,0.5210334029459712
0.0,FW_exact,exact,916.0,0.02268695831298828,15.630998409939917,0.008529187969108065,10.0,0.5210332803313306
0.0,FW_exact,exact,917.0,0.022711992263793945,15.63099358579791,0.007975403040866524,10.0,0.521033119526597
0.0,FW_exact,exact,918.0,0.02273702621459961,15.630987985594865,0.009223791551715266,10.0,0.5210329328531622
0.0,FW_exact,exact,919.0,0.022761106491088867,15.630984905124148,0.007308009741240795,10.0,0.5210328301708049
0.0,FW_exact,exact,920.0,0.022784948348999023,15.63098205968069,0.007500780483869818,10.0,0.5210327353226897
0.0,FW_exact,exact,921.0,0.02280902862548828,15.630978322344024,0.007018782077791386,10.0,0.5210326107448008
0.0,FW_exact,exact,922.0,0.022832870483398438,15.630972647269683,0.009285338954178712,10.0,0.5210324215756561
0.0,FW_exact,exact,923.0,0.02285909652709961,15.630969795743878,0.008019820078740025,10.0,0.5210323265247959
0.0,FW_exact,exact,924.0,0.02288198471069336,15.630966771287486,0.007397761810802095,10.0,0.5210322257095829
0.0,FW_exact,exact,925.0,0.022906064987182617,15.630965273769496,0.005878805558221956,10.0,0.5210321757923165
0.0,FW_exact,exact,926.0,0.022929906845092773,15.630962925168225,0.005970734892652985,10.0,0.5210320975056075
0.0,FW_exact,exact,927.0,0.02295398712158203,15.630957098048466,0.008766455088625946,10.0,0.5210319032682822
0.0,FW_exact,exact,928.0,0.022979021072387695,15.63095425363904,0.007022210736579382,10.0,0.5210318084546347
0.0,FW_exact,exact,929.0,0.023003101348876953,15.630951659765293,0.007161307556978969,10.0,0.5210317219921764
0.0,FW_exact,exact,930.0,0.023025989532470703,15.630944879313443,0.01015061349469093,10.0,0.5210314959771147
0.0,FW_exact,exact,931.0,0.02305006980895996,15.630940680213326,0.007440274939753522,10.0,0.5210313560071109
0.0,FW_exact,exact,932.0,0.02307415008544922,15.630938101997156,0.007139654863824063,10.0,0.5210312700665719
0.0,FW_exact,exact,933.0,0.023099184036254883,15.630933674000097,0.008200794538327116,10.0,0.5210311224666699
0.0,FW_exact,exact,934.0,0.023123979568481445,15.630930359147195,0.007745103353268945,10.0,0.5210310119715732
0.0,FW_exact,exact,935.0,0.02316904067993164,15.630927762648415,0.007652573665245299,10.0,0.5210309254216139
0.0,FW_exact,exact,936.0,0.02320098876953125,15.630925765151188,0.005506070802873353,10.0,0.521030858838373
0.0,FW_exact,exact,937.0,0.023227930068969727,15.630921962778693,0.0070797138060179066,10.0,0.5210307320926231
0.0,FW_exact,exact,938.0,0.0232541561126709,15.63091877040881,0.007439728452057537,10.0,0.5210306256802937
0.0,FW_exact,exact,939.0,0.02328014373779297,15.63091520525557,0.009073277067404462,10.0,0.5210305068418524
0.0,FW_exact,exact,940.0,0.02330493927001953,15.63091253201044,0.006370422988146274,10.0,0.5210304177336813
0.0,FW_exact,exact,941.0,0.023331165313720703,15.630908860381352,0.00852135941429566,10.0,0.5210302953460451
0.0,FW_exact,exact,942.0,0.023356914520263672,15.63090467019344,0.007432406841688888,10.0,0.5210301556731146
0.0,FW_exact,exact,943.0,0.02338099479675293,15.630899475756653,0.008883056567654535,10.0,0.5210299825252218
0.0,FW_exact,exact,944.0,0.023405075073242188,15.630896037322742,0.007888309509043623,10.0,0.5210298679107581
0.0,FW_exact,exact,945.0,0.02342987060546875,15.630894287262693,0.005881535365661605,10.0,0.5210298095754231
0.0,FW_exact,exact,946.0,0.023456096649169922,15.630891681699191,0.006289212356589857,10.0,0.5210297227233064
0.0,FW_exact,exact,947.0,0.023481130599975586,15.63088652362388,0.0082472921263399,10.0,0.5210295507874627
0.0,FW_exact,exact,948.0,0.023506879806518555,15.630883466027795,0.007280888098101457,10.0,0.5210294488675932
0.0,FW_exact,exact,949.0,0.02353215217590332,15.630880528595211,0.008139879643072945,10.0,0.5210293509531737
0.0,FW_exact,exact,950.0,0.023556232452392578,15.630875603312782,0.008649615394789478,10.0,0.5210291867770928
0.0,FW_exact,exact,951.0,0.02358102798461914,15.63087136431254,0.009156736744763805,10.0,0.5210290454770846
0.0,FW_exact,exact,952.0,0.023606061935424805,15.630868342218172,0.006310958250569598,10.0,0.5210289447406057
0.0,FW_exact,exact,953.0,0.023632049560546875,15.630863581302947,0.008503913162678955,10.0,0.5210287860434316
0.0,FW_exact,exact,954.0,0.02365589141845703,15.630859867919868,0.00802449251040116,10.0,0.5210286622639956
0.0,FW_exact,exact,955.0,0.023682117462158203,15.630857387401365,0.007003035659261414,10.0,0.5210285795800454
0.0,FW_exact,exact,956.0,0.023707151412963867,15.63085390906662,0.006771084416110185,10.0,0.521028463635554
0.0,FW_exact,exact,957.0,0.02373194694519043,15.630848581435712,0.008996418373872217,10.0,0.5210282860478571
0.0,FW_exact,exact,958.0,0.023756980895996094,15.630846323968699,0.007844420266980734,10.0,0.5210282107989567
0.0,FW_exact,exact,959.0,0.023782968521118164,15.630844288535972,0.006775030785147962,10.0,0.521028142951199
0.0,FW_exact,exact,960.0,0.023807048797607422,15.63084224688897,0.006077285512297692,10.0,0.521028074896299
0.0,FW_exact,exact,961.0,0.023832082748413086,15.630839251984726,0.00674319702999604,10.0,0.5210279750661575
0.0,FW_exact,exact,962.0,0.023855209350585938,15.630834825241676,0.0076396439917711945,10.0,0.5210278275080559
0.0,FW_exact,exact,963.0,0.023879051208496094,15.630832491097364,0.006793144191540534,10.0,0.5210277497032455
0.0,FW_exact,exact,964.0,0.02390313148498535,15.630828116763668,0.00815100983171746,10.0,0.5210276038921223
0.0,FW_exact,exact,965.0,0.023928165435791016,15.630824333526572,0.008099720326834259,10.0,0.5210274777842191
0.0,FW_exact,exact,966.0,0.023952960968017578,15.630821920222633,0.007377563570567958,10.0,0.5210273973407544
0.0,FW_exact,exact,967.0,0.02397894859313965,15.630819748014694,0.006441861371513369,10.0,0.5210273249338232
0.0,FW_exact,exact,968.0,0.024003028869628906,15.630818581728299,0.004800900484779547,10.0,0.52102728605761
0.0,FW_exact,exact,969.0,0.024029016494750977,15.630815600057163,0.006728290757703093,10.0,0.5210271866685721
0.0,FW_exact,exact,970.0,0.02405405044555664,15.630811057967708,0.007738679989556019,10.0,0.5210270352655902
0.0,FW_exact,exact,971.0,0.024079084396362305,15.630807220471223,0.00815766742595514,10.0,0.5210269073490408
0.0,FW_exact,exact,972.0,0.024105072021484375,15.630805157108624,0.006901370363776138,10.0,0.5210268385702874
0.0,FW_exact,exact,973.0,0.024140119552612305,15.630802194449469,0.006706798576765038,10.0,0.5210267398149823
0.0,FW_exact,exact,974.0,0.02416515350341797,15.630799281554218,0.007589371765513775,10.0,0.5210266427184739
0.0,FW_exact,exact,975.0,0.024188995361328125,15.630795253664733,0.007287006171807775,10.0,0.5210265084554911
0.0,FW_exact,exact,976.0,0.024214982986450195,15.630790687198175,0.008328328985840017,10.0,0.5210263562399392
0.0,FW_exact,exact,977.0,0.02424025535583496,15.630785450615077,0.009736918367574177,10.0,0.5210261816871692
0.0,FW_exact,exact,978.0,0.024263858795166016,15.630784075941326,0.005567221949158707,10.0,0.5210261358647109
0.0,FW_exact,exact,979.0,0.02428913116455078,15.63078190276324,0.005743388059601173,10.0,0.5210260634254413
0.0,FW_exact,exact,980.0,0.024314165115356445,15.630778885143217,0.0077247157290116775,10.0,0.5210259628381072
0.0,FW_exact,exact,981.0,0.024339914321899414,15.630774776172839,0.007360088363478567,10.0,0.521025825872428
0.0,FW_exact,exact,982.0,0.024363994598388672,15.630770085607066,0.008440884423839279,10.0,0.5210256695202355
0.0,FW_exact,exact,983.0,0.024389266967773438,15.630766154579291,0.00825661558782187,10.0,0.5210255384859763
0.0,FW_exact,exact,984.0,0.024415016174316406,15.63076362954825,0.007065702263707507,10.0,0.521025454318275
0.0,FW_exact,exact,985.0,0.02444005012512207,15.630760129419654,0.006792382316071155,10.0,0.5210253376473218
0.0,FW_exact,exact,986.0,0.024464845657348633,15.630754706360872,0.009076840310303425,10.0,0.5210251568786958
0.0,FW_exact,exact,987.0,0.0244901180267334,15.630752572648001,0.0069368235096440856,10.0,0.5210250857549333
0.0,FW_exact,exact,988.0,0.02451610565185547,15.63074985711415,0.007009646035166739,10.0,0.5210249952371383
0.0,FW_exact,exact,989.0,0.02454400062561035,15.630748217726898,0.004987926016941202,10.0,0.5210249405908967
0.0,FW_exact,exact,990.0,0.024569034576416016,15.63074538144546,0.007488865158070013,10.0,0.521024846048182
0.0,FW_exact,exact,991.0,0.024592876434326172,15.630741288284241,0.007345937405613512,10.0,0.5210247096094747
0.0,FW_exact,exact,992.0,0.02466106414794922,15.630736737055543,0.008314465861527509,10.0,0.5210245579018514
0.0,FW_exact,exact,993.0,0.02479100227355957,15.630733612181253,0.00736075020564364,10.0,0.5210244537393751
0.0,FW_exact,exact,994.0,0.024821996688842773,15.630730954464024,0.0078332100720786,10.0,0.5210243651488008
0.0,FW_exact,exact,995.0,0.024849891662597656,15.630726348520858,0.007793050517580724,10.0,0.5210242116173619
0.0,FW_exact,exact,996.0,0.024877071380615234,15.630723393378611,0.006698346955497314,10.0,0.5210241131126204
0.0,FW_exact,exact,997.0,0.02490401268005371,15.630719582727354,0.008681493100656468,10.0,0.5210239860909118
0.0,FW_exact,exact,998.0,0.02493000030517578,15.630717408461939,0.006139057943849835,10.0,0.5210239136153979
0.0,FW_exact,exact,999.0,0.024955272674560547,15.630715154299141,0.005449884844708208,10.0,0.521023838476638
0.0,AFW_diminishing,diminishing,0.0,4.00543212890625e-05,20.02424955274294,10.73971096916316,1.0,0.6674749850914313
0.0,AFW_diminishing,diminishing,1.0,7.796287536621094e-05,17.296768766446505,13.35841380448009,2.0,0.5765589588815502
0.0,AFW_diminishing,diminishing,2.0,0.00010800361633300781,16.440945159427507,5.045837086893256,3.0,0.5480315053142503
0.0,AFW_diminishing,diminishing,3.0,0.00013494491577148438,15.954963627191418,4.010807507181493,4.0,0.5318321209063807
0.0,AFW_diminishing,diminishing,4.0,0.0001628398895263672,15.888069921669691,2.3971736597184385,5.0,0.5296023307223231
0.0,AFW_diminishing,diminishing,5.0,0.0001900196075439453,15.999490229409782,1.6035409793959534,6.0,0.5333163409803261
0.0,AFW_diminishing,diminishing,6.0,0.00021791458129882812,15.870061303345018,1.8303814771168856,6.0,0.5290020434448339
0.0,AFW_diminishing,diminishing,7.0,0.0002429485321044922,15.780657118733322,1.3884813886587644,6.0,0.5260219039577774
0.0,AFW_diminishing,diminishing,8.0,0.00026798248291015625,15.765608999459637,1.138386926847998,7.0,0.5255202999819879
0.0,AFW_diminishing,diminishing,9.0,0.0002949237823486328,15.783437086779056,1.1310633893893733,8.0,0.5261145695593019
0.0,AFW_diminishing,diminishing,10.0,0.0003249645233154297,15.72816427573337,0.7662634105464399,8.0,0.5242721425244457
0.0,AFW_diminishing,diminishing,11.0,0.00035309791564941406,15.747982727412483,0.7274783321163838,8.0,0.5249327575804161
0.0,AFW_diminishing,diminishing,12.0,0.0003750324249267578,15.662510323349569,1.3099894858990773,8.0,0.5220836774449856
0.0,AFW_diminishing,diminishing,13.0,0.0003998279571533203,15.644882266466366,0.6535968156299337,8.0,0.5214960755488789
0.0,AFW_diminishing,diminishing,14.0,0.00042510032653808594,15.656051006771389,0.43715574253375244,8.0,0.5218683668923796
0.0,AFW_diminishing,diminishing,15.0,0.00045299530029296875,15.647814269081229,0.5689404621606222,7.0,0.5215938089693742
0.0,AFW_diminishing,diminishing,16.0,0.0004799365997314453,15.658701023226483,0.504622916371142,7.0,0.5219567007742161
0.0,AFW_diminishing,diminishing,17.0,0.0005059242248535156,15.64063049779774,0.3153091127742442,7.0,0.5213543499265914
0.0,AFW_diminishing,diminishing,18.0,0.0005309581756591797,15.635767145796432,0.3527308640548732,7.0,0.5211922381932144
0.0,AFW_diminishing,diminishing,19.0,0.0005559921264648438,15.64255392627214,0.3195539105769445,7.0,0.5214184642090713
0.0,AFW_diminishing,diminishing,20.0,0.0005810260772705078,15.632309211489478,0.3733138211773177,7.0,0.5210769737163159
0.0,AFW_diminishing,diminishing,21.0,0.0006101131439208984,15.644258852367637,0.21020215486651495,7.0,0.5214752950789212
0.0,AFW_diminishing,diminishing,22.0,0.0006358623504638672,15.630496719350937,0.3905491474247995,7.0,0.5210165573116979
0.0,AFW_diminishing,diminishing,23.0,0.0006620883941650391,15.6394619662961,0.1219562203792588,7.0,0.5213153988765367
0.0,AFW_diminishing,diminishing,24.0,0.0006868839263916016,15.63095684424186,0.3931012571778858,7.0,0.521031894808062
0.0,AFW_diminishing,diminishing,25.0,0.0007131099700927734,15.636370440518204,0.13514961116718105,7.0,0.5212123480172735
0.0,AFW_diminishing,diminishing,26.0,0.0007398128509521484,15.631398693908249,0.3274925630997565,7.0,0.5210466231302749
0.0,AFW_diminishing,diminishing,27.0,0.0007638931274414062,15.63414767340468,0.14655314564802602,7.0,0.521138255780156
0.0,AFW_diminishing,diminishing,28.0,0.0007910728454589844,15.631817064773163,0.27211076385356314,7.0,0.5210605688257721
0.0,AFW_diminishing,diminishing,29.0,0.0008149147033691406,15.632540185626048,0.156507077839521,7.0,0.5210846728542016
0.0,AFW_diminishing,diminishing,30.0,0.0008389949798583984,15.632210130393402,0.22475102527971025,7.0,0.5210736710131134
0.0,AFW_diminishing,diminishing,31.0,0.0008640289306640625,15.631376553840656,0.1652707507339457,7.0,0.5210458851280219
0.0,AFW_diminishing,diminishing,32.0,0.000888824462890625,15.632577873447277,0.1837970940694138,7.0,0.5210859291149093
0.0,AFW_diminishing,diminishing,33.0,0.0009160041809082031,15.630538103942413,0.1730452441834185,7.0,0.5210179367980804
0.0,AFW_diminishing,diminishing,34.0,0.0009438991546630859,15.632921221329065,0.14803784047335178,7.0,0.5210973740443021
0.0,AFW_diminishing,diminishing,35.0,0.0009701251983642578,15.629941001649112,0.17998883536186838,7.0,0.5209980333883037
0.0,AFW_diminishing,diminishing,36.0,0.0009968280792236328,15.636866271665918,0.12613244787701383,8.0,0.5212288757221972
0.0,AFW_diminishing,diminishing,37.0,0.0010230541229248047,15.629510603254777,0.19284125815190478,8.0,0.5209836867751593
0.0,AFW_diminishing,diminishing,38.0,0.0010480880737304688,15.63291307944464,0.10151633400342952,8.0,0.5210971026481547
0.0,AFW_diminishing,diminishing,39.0,0.0010728836059570312,15.629184594439725,0.17992370098451715,8.0,0.5209728198146575
0.0,AFW_diminishing,diminishing,40.0,0.0010979175567626953,15.63703658733986,0.08675229551807284,8.0,0.5212345529113287
0.0,AFW_diminishing,diminishing,41.0,0.0011248588562011719,15.629300608429368,0.44881662458586113,8.0,0.5209766869476457
0.0,AFW_diminishing,diminishing,42.0,0.0011510848999023438,15.63567435985708,0.08873894350782408,8.0,0.5211891453285694
0.0,AFW_diminishing,diminishing,43.0,0.0011761188507080078,15.629418127446483,0.40899369478988845,8.0,0.5209806042482161
0.0,AFW_diminishing,diminishing,44.0,0.0012030601501464844,15.634539575700577,0.09057263532935522,8.0,0.5211513191900192
0.0,AFW_diminishing,diminishing,45.0,0.0012290477752685547,15.629535514953758,0.37292329385361,8.0,0.5209845171651253
0.0,AFW_diminishing,diminishing,46.0,0.0012559890747070312,15.633590199896828,0.09227000848973077,8.0,0.5211196733298943
0.0,AFW_diminishing,diminishing,47.0,0.001280069351196289,15.629651627799698,0.3401003762290902,8.0,0.5209883875933232
0.0,AFW_diminishing,diminishing,48.0,0.0013041496276855469,15.632793096089554,0.09384543656042332,8.0,0.5210931032029851
0.0,AFW_diminishing,diminishing,49.0,0.0013298988342285156,15.629765676863428,0.3101064243131777,8.0,0.520992189228781
0.0,AFW_diminishing,diminishing,50.0,0.0013539791107177734,15.632121898197013,0.09531138786052651,8.0,0.5210707299399004
0.0,AFW_diminishing,diminishing,51.0,0.00138092041015625,15.629877128535771,0.28259171515233916,8.0,0.5209959042845257
0.0,AFW_diminishing,diminishing,52.0,0.0014069080352783203,15.631555447515249,0.09667872149689671,8.0,0.5210518482505083
0.0,AFW_diminishing,diminishing,53.0,0.0014338493347167969,15.629985634364521,0.2572617693470729,8.0,0.5209995211454841
0.0,AFW_diminishing,diminishing,54.0,0.0014579296112060547,15.631076630839912,0.09795693215214563,8.0,0.5210358876946637
0.0,AFW_diminishing,diminishing,55.0,0.0014829635620117188,15.630090980365917,0.2338668766049672,8.0,0.5210030326788639
0.0,AFW_diminishing,diminishing,56.0,0.0015079975128173828,15.630671506885694,0.09915435304757736,8.0,0.5210223835628565
0.0,AFW_diminishing,diminishing,57.0,0.0015330314636230469,15.630193050222795,0.21219391382379982,8.0,0.5210064350074265
0.0,AFW_diminishing,diminishing,58.0,0.0015590190887451172,15.630328642577709,0.10027832477989485,8.0,0.5210109547525903
0.0,AFW_diminishing,diminishing,59.0,0.0015838146209716797,15.630291798388264,0.19205989168239945,8.0,0.5210097266129421
0.0,AFW_diminishing,diminishing,60.0,0.0016078948974609375,15.63003860390081,0.101335336275719,8.0,0.5210012867966937
0.0,AFW_diminishing,diminishing,61.0,0.0016331672668457031,15.630387230320082,0.17330681873925435,8.0,0.5210129076773361
0.0,AFW_diminishing,diminishing,62.0,0.0016579627990722656,15.629793561798257,0.10233114291282064,8.0,0.5209931187266086
0.0,AFW_diminishing,diminishing,63.0,0.0016851425170898438,15.630479387890787,0.1557975799346174,8.0,0.5210159795963596
0.0,AFW_diminishing,diminishing,64.0,0.0017099380493164062,15.629586984568085,0.10327086588779366,8.0,0.5209862328189362
0.0,AFW_diminishing,diminishing,65.0,0.0017349720001220703,15.63056833858259,0.13941260346547324,8.0,0.5210189446194197
0.0,AFW_diminishing,diminishing,66.0,0.0017600059509277344,15.629413395897421,0.10415907612981101,8.0,0.520980446529914
0.0,AFW_diminishing,diminishing,67.0,0.0017840862274169922,15.630654167468268,0.12404714572782005,8.0,0.5210218055822756
0.0,AFW_diminishing,diminishing,68.0,0.0018110275268554688,15.62926818313955,0.10499986543445594,8.0,0.5209756061046517
0.0,AFW_diminishing,diminishing,69.0,0.0018351078033447266,15.631515928323891,0.11523518986549419,9.0,0.5210505309441297
0.0,AFW_diminishing,diminishing,70.0,0.0018608570098876953,15.629142468428435,0.09475430852625344,9.0,0.5209714156142812
0.0,AFW_diminishing,diminishing,71.0,0.0018858909606933594,15.630515517100543,0.10713900220077477,9.0,0.5210171839033514
0.0,AFW_diminishing,diminishing,72.0,0.001911163330078125,15.629030550114997,0.10250384673436841,9.0,0.5209676850038333
0.0,AFW_diminishing,diminishing,73.0,0.0019378662109375,15.631366068531594,0.09655478845520449,9.0,0.5210455356177198
0.0,AFW_diminishing,diminishing,74.0,0.001965045928955078,15.628936564606198,0.09330548660103943,9.0,0.5209645521535399
0.0,AFW_diminishing,diminishing,75.0,0.0019898414611816406,15.63040617048,0.09212163383800309,9.0,0.521013539016
0.0,AFW_diminishing,diminishing,76.0,0.0020182132720947266,15.628850248575311,0.10029230314230553,9.0,0.5209616749525103
0.0,AFW_diminishing,diminishing,77.0,0.0020439624786376953,15.62969679027919,0.08962806746626484,9.0,0.5209898930093063
0.0,AFW_diminishing,diminishing,78.0,0.0020689964294433594,15.62876953995977,0.08924140119839308,9.0,0.5209589846653256
0.0,AFW_diminishing,diminishing,79.0,0.002093791961669922,15.628777439607159,0.08297682249807181,9.0,0.5209592479869053
0.0,AFW_diminishing,diminishing,80.0,0.0021209716796875,15.630023018497928,0.09180245845328727,9.0,0.5210007672832643
0.0,AFW_diminishing,diminishing,81.0,0.002149820327758789,15.628701061317916,0.11428967928808298,9.0,0.5209567020439305
0.0,AFW_diminishing,diminishing,82.0,0.0021791458129882812,15.630077754318874,0.08140259458816423,9.0,0.5210025918106291
0.0,AFW_diminishing,diminishing,83.0,0.00220489501953125,15.628636785001177,0.11510813636037831,9.0,0.5209545595000392
0.0,AFW_diminishing,diminishing,84.0,0.002231121063232422,15.628570252541836,0.07151489215787521,9.0,0.5209523417513945
0.0,AFW_diminishing,diminishing,85.0,0.002254962921142578,15.628657753410938,0.07353335654497606,9.0,0.5209552584470313
0.0,AFW_diminishing,diminishing,86.0,0.002279996871948242,15.628514690803776,0.07217580433832005,9.0,0.5209504896934593
0.0,AFW_diminishing,diminishing,87.0,0.0023059844970703125,15.629388103119187,0.06993696807158045,9.0,0.5209796034373062
0.0,AFW_diminishing,diminishing,88.0,0.0023298263549804688,15.628465020261308,0.08979129540649922,9.0,0.5209488340087103
0.0,AFW_diminishing,diminishing,89.0,0.002357006072998047,15.629709150042482,0.06871227955593362,9.0,0.5209903050014161
0.0,AFW_diminishing,diminishing,90.0,0.0023839473724365234,15.628418704624565,0.09952711029371386,9.0,0.5209472901541522
0.0,AFW_diminishing,diminishing,91.0,0.0024111270904541016,15.630168329521666,0.06650676843265124,9.0,0.5210056109840555
0.0,AFW_diminishing,diminishing,92.0,0.0024390220642089844,15.628376297147424,0.06383021226394447,9.0,0.5209458765715808
0.0,AFW_diminishing,diminishing,93.0,0.002466917037963867,15.628506695123646,0.0644456923497394,9.0,0.5209502231707882
0.0,AFW_diminishing,diminishing,94.0,0.0024929046630859375,15.628335350959944,0.06256052093211473,9.0,0.5209445116986647
0.0,AFW_diminishing,diminishing,95.0,0.0025200843811035156,15.629016401479618,0.061409077075243346,9.0,0.520967213382654
0.0,AFW_diminishing,diminishing,96.0,0.002544879913330078,15.628298415515491,0.09317291600690503,9.0,0.5209432805171831
0.0,AFW_diminishing,diminishing,97.0,0.002569913864135742,15.629058608940078,0.05998732341008761,9.0,0.5209686202980026
0.0,AFW_diminishing,diminishing,98.0,0.0025949478149414062,15.628263834414598,0.0816207846637873,9.0,0.52094212781382
0.0,AFW_diminishing,diminishing,99.0,0.0026199817657470703,15.629331054818866,0.05882582766813371,9.0,0.5209777018272955
0.0,AFW_diminishing,diminishing,100.0,0.0026471614837646484,15.628231504466969,0.09033452858533941,9.0,0.520941050148899
0.0,AFW_diminishing,diminishing,101.0,0.002672910690307617,15.628847520393824,0.057132828722178175,9.0,0.5209615840131275
0.0,AFW_diminishing,diminishing,102.0,0.0027000904083251953,15.62820093895503,0.08479690684945851,9.0,0.520940031298501
0.0,AFW_diminishing,diminishing,103.0,0.002724885940551758,15.628332941614305,0.05684035255711706,9.0,0.5209444313871435
0.0,AFW_diminishing,diminishing,104.0,0.002749919891357422,15.62817127020716,0.059580136589541866,9.0,0.5209390423402387
0.0,AFW_diminishing,diminishing,105.0,0.0027751922607421875,15.62834527136931,0.053202006260738344,9.0,0.520944842378977
0.0,AFW_diminishing,diminishing,106.0,0.00279998779296875,15.62814454871822,0.06001511419054317,9.0,0.5209381516239406
0.0,AFW_diminishing,diminishing,107.0,0.002827167510986328,15.629485289514303,0.05284342436993228,9.0,0.5209828429838101
0.0,AFW_diminishing,diminishing,108.0,0.0028591156005859375,15.628119823407943,0.05192883028728268,9.0,0.5209373274469314
0.0,AFW_diminishing,diminishing,109.0,0.0028901100158691406,15.628719225676067,0.05118325466164997,9.0,0.5209573075225356
0.0,AFW_diminishing,diminishing,110.0,0.0029168128967285156,15.628715632757059,0.12400275037062514,9.0,0.5209571877585686
0.0,AFW_diminishing,diminishing,111.0,0.0029439926147460938,15.628661996227434,0.07134244698849734,9.0,0.5209553998742478
0.0,AFW_diminishing,diminishing,112.0,0.002969980239868164,15.628091532633078,0.12127498049388485,9.0,0.5209363844211026
0.0,AFW_diminishing,diminishing,113.0,0.0029969215393066406,15.628607552502075,0.050709796943211316,9.0,0.5209535850834025
0.0,AFW_diminishing,diminishing,114.0,0.003023862838745117,15.628099926568952,0.11659071530418608,9.0,0.5209366642189651
0.0,AFW_diminishing,diminishing,115.0,0.0030510425567626953,15.62855699717906,0.050288467293013284,9.0,0.5209518999059687
0.0,AFW_diminishing,diminishing,116.0,0.003075838088989258,15.628625875507469,0.11326345937414928,9.0,0.5209541958502489
0.0,AFW_diminishing,diminishing,117.0,0.003103017807006836,15.628509864735491,0.06936649570320519,9.0,0.5209503288245164
0.0,AFW_diminishing,diminishing,118.0,0.0031287670135498047,15.627683175323389,0.11012735346707281,9.0,0.5209227725107797
0.0,AFW_diminishing,diminishing,119.0,0.003155946731567383,15.628096895182045,0.07147382529649704,9.0,0.5209365631727348
0.0,AFW_diminishing,diminishing,120.0,0.0031828880310058594,15.627655089381449,0.03856724035496484,9.0,0.5209218363127149
0.0,AFW_diminishing,diminishing,121.0,0.0032091140747070312,15.628112925802442,0.06670061157781326,9.0,0.5209370975267481
0.0,AFW_diminishing,diminishing,122.0,0.0032329559326171875,15.62762975276823,0.038938285122691596,9.0,0.520920991758941
0.0,AFW_diminishing,diminishing,123.0,0.0032567977905273438,15.628128634539978,0.06208629625103157,9.0,0.5209376211513326
0.0,AFW_diminishing,diminishing,124.0,0.0032830238342285156,15.62760694679965,0.039297838651865646,9.0,0.5209202315599883
0.0,AFW_diminishing,diminishing,125.0,0.0033080577850341797,15.62814402771571,0.057623078760741464,9.0,0.5209381342571903
0.0,AFW_diminishing,diminishing,126.0,0.0033349990844726562,15.62758647194345,0.03964642606357671,9.0,0.5209195490647817
0.0,AFW_diminishing,diminishing,127.0,0.0033609867095947266,15.628159111801182,0.053303660677995524,9.0,0.5209386370600394
0.0,AFW_diminishing,diminishing,128.0,0.0033888816833496094,15.6275681459242,0.03998454099833815,9.0,0.5209189381974734
0.0,AFW_diminishing,diminishing,129.0,0.0034160614013671875,15.628173893366217,0.04912120595505165,9.0,0.5209391297788739
0.0,AFW_diminishing,diminishing,130.0,0.00344085693359375,15.627551802038969,0.040312647937602364,9.0,0.520918393401299
0.0,AFW_diminishing,diminishing,131.0,0.003464937210083008,15.627824852378634,0.0450693048950761,9.0,0.5209274950792878
0.0,AFW_diminishing,diminishing,132.0,0.0034890174865722656,15.627594205131787,0.08416391266157497,9.0,0.5209198068377262
0.0,AFW_diminishing,diminishing,133.0,0.003513813018798828,15.627484761336769,0.05076335478426408,9.0,0.5209161587112257
0.0,AFW_diminishing,diminishing,134.0,0.0035409927368164062,15.627722387506626,0.041159837285272616,9.0,0.5209240795835542
0.0,AFW_diminishing,diminishing,135.0,0.003567934036254883,15.627490134838625,0.08310122653112906,9.0,0.5209163378279542
0.0,AFW_diminishing,diminishing,136.0,0.003593921661376953,15.62769647810242,0.04113803907691249,9.0,0.5209232159367473
0.0,AFW_diminishing,diminishing,137.0,0.0036199092864990234,15.627495452317806,0.08015439291935955,9.0,0.5209165150772602
0.0,AFW_diminishing,diminishing,138.0,0.0036458969116210938,15.627672201786817,0.0411170653760653,9.0,0.5209224067262272
0.0,AFW_diminishing,diminishing,139.0,0.0036728382110595703,15.627500712021583,0.07729413526330475,9.0,0.5209166904007194
0.0,AFW_diminishing,diminishing,140.0,0.0037000179290771484,15.627649451836648,0.041096872823962016,9.0,0.5209216483945549
0.0,AFW_diminishing,diminishing,141.0,0.0037250518798828125,15.627505912523471,0.07451669501967295,9.0,0.5209168637507824
0.0,AFW_diminishing,diminishing,142.0,0.003751993179321289,15.627628129552951,0.041077420943871346,9.0,0.5209209376517651
0.0,AFW_diminishing,diminishing,143.0,0.0037779808044433594,15.627511052685206,0.07181852802070487,9.0,0.5209170350895068
0.0,AFW_diminishing,diminishing,144.0,0.003804922103881836,15.62760814356789,0.041058671911304856,9.0,0.520920271452263
0.0,AFW_diminishing,diminishing,145.0,0.003831148147583008,15.627516131623079,0.06919628941019695,9.0,0.5209172043874359
0.0,AFW_diminishing,diminishing,146.0,0.0038568973541259766,15.627589409219494,0.04104059034545848,9.0,0.5209196469739832
0.0,AFW_diminishing,diminishing,147.0,0.0038840770721435547,15.62752114867809,0.06664681983195386,9.0,0.520917371622603
0.0,AFW_diminishing,diminishing,148.0,0.003911018371582031,15.62757184798684,0.04102314311971611,9.0,0.5209190615995614
0.0,AFW_diminishing,diminishing,149.0,0.0039370059967041016,15.627526103389503,0.06416713275046959,9.0,0.5209175367796501
0.0,AFW_diminishing,diminishing,150.0,0.003962993621826172,15.62755538697909,0.041006299189181306,9.0,0.520918512899303
0.0,AFW_diminishing,diminishing,151.0,0.00399017333984375,15.627530995471332,0.06175440279736577,9.0,0.5209176998490445
0.0,AFW_diminishing,diminishing,152.0,0.004016876220703125,15.627539958472688,0.04099002943355501,9.0,0.5209179986157563
0.0,AFW_diminishing,diminishing,153.0,0.004042148590087891,15.62753582479149,0.05940595504794288,9.0,0.520917860826383
0.0,AFW_diminishing,diminishing,154.0,0.004066944122314453,15.627525499491645,0.04097430651377998,9.0,0.5209175166497215
0.0,AFW_diminishing,diminishing,155.0,0.004091978073120117,15.627540591353204,0.05711925514244065,9.0,0.5209180197117734
0.0,AFW_diminishing,diminishing,156.0,0.004116058349609375,15.627511951426383,0.04095910474107889,9.0,0.5209170650475461
0.0,AFW_diminishing,diminishing,157.0,0.004140138626098633,15.627545295278562,0.05489190017534007,9.0,0.5209181765092854
0.0,AFW_diminishing,diminishing,158.0,0.004164934158325195,15.627499259687264,0.04094439995720123,9.0,0.5209166419895754
0.0,AFW_diminishing,diminishing,159.0,0.0041921138763427734,15.627414217885676,0.052721610284081066,9.0,0.5209138072628559
0.0,AFW_diminishing,diminishing,160.0,0.004217863082885742,15.627292300442088,0.04009302756826649,9.0,0.5209097433480696
0.0,AFW_diminishing,diminishing,161.0,0.00424504280090332,15.627419546822498,0.05085875919367844,9.0,0.5209139848940832
0.0,AFW_diminishing,diminishing,162.0,0.004270792007446289,15.62728113658372,0.040475207169647476,9.0,0.5209093712194574
0.0,AFW_diminishing,diminishing,163.0,0.004297018051147461,15.627424800423489,0.04860774895489328,9.0,0.5209141600141163
0.0,AFW_diminishing,diminishing,164.0,0.0043239593505859375,15.627270728018974,0.04084822951202227,9.0,0.5209090242672991
0.0,AFW_diminishing,diminishing,165.0,0.00436091423034668,15.627429979483745,0.04641227797054093,9.0,0.5209143326494582
0.0,AFW_diminishing,diminishing,166.0,0.004387855529785156,15.627261030407345,0.041212419775559894,9.0,0.5209087010135781
0.0,AFW_diminishing,diminishing,167.0,0.00441288948059082,15.62743508485014,0.044270316409907196,9.0,0.520914502828338
0.0,AFW_diminishing,diminishing,168.0,0.004438161849975586,15.627252002312046,0.04156808792610356,9.0,0.5209084000770682
0.0,AFW_diminishing,diminishing,169.0,0.004461765289306641,15.627440117413148,0.042179932138447285,9.0,0.5209146705804383
0.0,AFW_diminishing,diminishing,170.0,0.004487037658691406,15.627243604983706,0.041915529594589884,9.0,0.5209081201661235
0.0,AFW_diminishing,diminishing,171.0,0.0045130252838134766,15.627445078099534,0.040139284911555606,9.0,0.5209148359366511
0.0,AFW_diminishing,diminishing,172.0,0.004539966583251953,15.62723580216221,0.04225502689613947,9.0,0.5209078600720737
0.0,AFW_diminishing,diminishing,173.0,0.004567146301269531,15.627449967865932,0.03814662097743948,9.0,0.5209149989288644
0.0,AFW_diminishing,diminishing,174.0,0.0045909881591796875,15.627228559895094,0.04258684919362565,9.0,0.5209076186631698
0.0,AFW_diminishing,diminishing,175.0,0.004617929458618164,15.627454787693113,0.03620026805587884,9.0,0.5209151595897704
0.0,AFW_diminishing,diminishing,176.0,0.004643917083740234,15.627221846370832,0.042911253810084204,9.0,0.5209073948790277
0.0,AFW_diminishing,diminishing,177.0,0.0046689510345458984,15.627459538580917,0.03429863066267558,9.0,0.5209153179526972
0.0,AFW_diminishing,diminishing,178.0,0.0046939849853515625,15.627215631765752,0.04322848669388435,9.0,0.520907187725525
0.0,AFW_diminishing,diminishing,179.0,0.004719972610473633,15.627464221543747,0.032440185752419026,9.0,0.5209154740514582
0.0,AFW_diminishing,diminishing,180.0,0.004747152328491211,15.627209888103275,0.043538783040277806,9.0,0.5209069962701092
0.0,AFW_diminishing,diminishing,181.0,0.00477290153503418,15.627682938603277,0.03149056536265782,9.0,0.5209227646201092
0.0,AFW_diminishing,diminishing,182.0,0.0047991275787353516,15.627204494052513,0.031989134415532305,9.0,0.5209068164684171
0.0,AFW_diminishing,diminishing,183.0,0.00482487678527832,15.627462513751876,0.029855072558307327,9.0,0.5209154171250625
0.0,AFW_diminishing,diminishing,184.0,0.004851102828979492,15.627199439372413,0.04391963245687691,9.0,0.5209066479790805
0.0,AFW_diminishing,diminishing,185.0,0.004877805709838867,15.627679068180178,0.028295878032412958,9.0,0.5209226356060059
0.0,AFW_diminishing,diminishing,186.0,0.004904031753540039,15.62719480936928,0.03261584989996891,9.0,0.5209064936456427
0.0,AFW_diminishing,diminishing,187.0,0.004930019378662109,15.627461223467915,0.027382731252712844,9.0,0.5209153741155972
0.0,AFW_diminishing,diminishing,188.0,0.00495600700378418,15.62719037280212,0.04428500734720586,9.0,0.5209063457600707
0.0,AFW_diminishing,diminishing,189.0,0.00498199462890625,15.627465477001662,0.025718679758465868,9.0,0.5209155159000554
0.0,AFW_diminishing,diminishing,190.0,0.0050089359283447266,15.627186297815483,0.04456362206984288,9.0,0.5209062099271827
0.0,AFW_diminishing,diminishing,191.0,0.0050351619720458984,15.627666015789991,0.0245357392263017,9.0,0.5209222005263331
0.0,AFW_diminishing,diminishing,192.0,0.005060911178588867,15.627182541533319,0.03358411757085378,9.0,0.5209060847177773
0.0,AFW_diminishing,diminishing,193.0,0.005087137222290039,15.62746458009909,0.023402207548514298,9.0,0.5209154860033031
0.0,AFW_diminishing,diminishing,194.0,0.005113840103149414,15.627178990024513,0.04490718979009145,9.0,0.5209059663341504
0.0,AFW_diminishing,diminishing,195.0,0.005140066146850586,15.627468612391866,0.02184058545772416,9.0,0.5209156204130622
0.0,AFW_diminishing,diminishing,196.0,0.0051670074462890625,15.62717574784207,0.04516908675591935,9.0,0.5209058582614023
0.0,AFW_diminishing,diminishing,197.0,0.0051920413970947266,15.627654626997618,0.021009177609467855,9.0,0.5209218208999206
0.0,AFW_diminishing,diminishing,198.0,0.0052187442779541016,15.627172735885367,0.034495862835393964,9.0,0.5209057578628455
0.0,AFW_diminishing,diminishing,199.0,0.0052449703216552734,15.627468046886419,0.019665698608610782,9.0,0.5209156015628806
0.0,AFW_diminishing,diminishing,200.0,0.0052721500396728516,15.627169938063558,0.04549274225245625,9.0,0.5209056646021186
0.0,AFW_diminishing,diminishing,201.0,0.00529789924621582,15.627652340996828,0.018314403430160553,9.0,0.5209217446998943
0.0,AFW_diminishing,diminishing,202.0,0.0053250789642333984,15.627167427919156,0.03502887365644902,9.0,0.5209055809306385
0.0,AFW_diminishing,diminishing,203.0,0.005349874496459961,15.62746775218342,0.01757808331546329,9.0,0.5209155917394473
0.0,AFW_diminishing,diminishing,204.0,0.005377054214477539,15.627165030506097,0.04580423283236357,9.0,0.5209055010168699
0.0,AFW_diminishing,diminishing,205.0,0.005403041839599609,15.627471438708275,0.016167203819810183,9.0,0.5209157146236092
0.0,AFW_diminishing,diminishing,206.0,0.005429983139038086,15.62716287378643,0.046041407356433695,9.0,0.5209054291262143
0.0,AFW_diminishing,diminishing,207.0,0.005455970764160156,15.627643111317788,0.015131655327989435,9.0,0.5209214370439262
0.0,AFW_diminishing,diminishing,208.0,0.005483150482177734,15.627160932766222,0.035856554560224296,9.0,0.5209053644255407
0.0,AFW_diminishing,diminishing,209.0,0.005508899688720703,15.627471389249322,0.014201009397369901,9.0,0.5209157129749774
0.0,AFW_diminishing,diminishing,210.0,0.005535125732421875,15.627159117077639,0.04633567537329242,9.0,0.5209053039025879
0.0,AFW_diminishing,diminishing,211.0,0.005560874938964844,15.627474895630328,0.012870391274848458,9.0,0.5209158298543443
0.0,AFW_diminishing,diminishing,212.0,0.005588054656982422,15.627157508743982,0.04655967250354465,9.0,0.5209052502914661
0.0,AFW_diminishing,diminishing,213.0,0.005613088607788086,15.627635037312963,0.01213151237571175,9.0,0.5209211679104321
0.0,AFW_diminishing,diminishing,214.0,0.0056400299072265625,15.627156055250122,0.0366394024468395,9.0,0.5209052018416708
0.0,AFW_diminishing,diminishing,215.0,0.005666971206665039,15.627330696602682,0.011015327612629022,9.0,0.5209110232200894
0.0,AFW_diminishing,diminishing,216.0,0.005692958831787109,15.627156538424087,0.04964031526440671,9.0,0.5209052179474696
0.0,AFW_diminishing,diminishing,217.0,0.005719184875488281,15.627324510809629,0.01103621541045996,9.0,0.5209108170269876
0.0,AFW_diminishing,diminishing,218.0,0.00574493408203125,15.627157024223735,0.04879426241995688,9.0,0.5209052341407912
0.0,AFW_diminishing,diminishing,219.0,0.005772113800048828,15.627318540181495,0.011056746251471239,9.0,0.5209106180060499
0.0,AFW_diminishing,diminishing,220.0,0.005797863006591797,15.627157512272477,0.047963797746414016,9.0,0.5209052504090825
0.0,AFW_diminishing,diminishing,221.0,0.005824089050292969,15.627312776152458,0.011076929171913719,9.0,0.5209104258717486
0.0,AFW_diminishing,diminishing,222.0,0.005851030349731445,15.627158002218,0.047148494440749644,9.0,0.5209052667406
0.0,AFW_diminishing,diminishing,223.0,0.005876064300537109,15.62730721055997,0.01109677290694222,9.0,0.520910240351999
0.0,AFW_diminishing,diminishing,224.0,0.005903005599975586,15.627158493730716,0.046347941137591775,9.0,0.5209052831243572
0.0,AFW_diminishing,diminishing,225.0,0.0059299468994140625,15.627301835622637,0.011116285902993184,9.0,0.5209100611874212
0.0,AFW_diminishing,diminishing,226.0,0.005955934524536133,15.627158986502295,0.045561741217643004,9.0,0.5209052995500765
0.0,AFW_diminishing,diminishing,227.0,0.005981922149658203,15.627296643919522,0.011135476329583227,9.0,0.5209098881306508
0.0,AFW_diminishing,diminishing,228.0,0.006006002426147461,15.627159480244355,0.04478951215289051,9.0,0.5209053160081452
0.0,AFW_diminishing,diminishing,229.0,0.0060307979583740234,15.627291628370674,0.011154352090450459,9.0,0.5209097209456891
0.0,AFW_diminishing,diminishing,230.0,0.006054878234863281,15.627159974687187,0.044030884886391064,9.0,0.5209053324895729
0.0,AFW_diminishing,diminishing,231.0,0.006080150604248047,15.627286782218919,0.011172920834308542,9.0,0.5209095594072973
0.0,AFW_diminishing,diminishing,232.0,0.006104946136474609,15.627160469578596,0.04328550324454916,9.0,0.5209053489859532
0.0,AFW_diminishing,diminishing,233.0,0.006133079528808594,15.627282099012692,0.011191189964927517,9.0,0.5209094033004231
0.0,AFW_diminishing,diminishing,234.0,0.006157875061035156,15.627160964682815,0.04255302337991118,9.0,0.5209053654894272
0.0,AFW_diminishing,diminishing,235.0,0.006185054779052734,15.627277572589998,0.011209166650852254,9.0,0.5209092524196666
0.0,AFW_diminishing,diminishing,236.0,0.006211996078491211,15.627161459779469,0.04183311324254291,9.0,0.5209053819926489
0.0,AFW_diminishing,diminishing,237.0,0.006237983703613281,15.627273197063271,0.011226857834630621,9.0,0.5209091065687758
0.0,AFW_diminishing,diminishing,238.0,0.006264209747314453,15.627161954662636,0.04112545207848228,9.0,0.5209053984887545
0.0,AFW_diminishing,diminishing,239.0,0.006289958953857422,15.627268966805158,0.011244270241611787,9.0,0.520908965560172
0.0,AFW_diminishing,diminishing,240.0,0.006317138671875,15.627162449139975,0.040429729953491034,9.0,0.5209054149713325
0.0,AFW_diminishing,diminishing,241.0,0.006342887878417969,15.62726487643515,0.011261410388316406,9.0,0.520908829214505
0.0,AFW_diminishing,diminishing,242.0,0.006369113922119141,15.62716294303186,0.03974564730072139,9.0,0.5209054314343954
0.0,AFW_diminishing,diminishing,243.0,0.006394863128662109,15.62726092080699,0.011278284590472865,9.0,0.5209086973602329
0.0,AFW_diminishing,diminishing,244.0,0.0064198970794677734,15.627163436170632,0.03907291449087147,9.0,0.5209054478723544
0.0,AFW_diminishing,diminishing,245.0,0.006445884704589844,15.627257094996814,0.011294898970657385,9.0,0.5209085698332271
0.0,AFW_diminishing,diminishing,246.0,0.006470918655395508,15.627163928399858,0.03841125142355928,9.0,0.5209054642799953
0.0,AFW_diminishing,diminishing,247.0,0.00649714469909668,15.627253394292005,0.011311259465578871,9.0,0.5209084464764001
0.0,AFW_diminishing,diminishing,248.0,0.006520986557006836,15.627164419573651,0.03776038713869845,9.0,0.520905480652455
0.0,AFW_diminishing,diminishing,249.0,0.0065460205078125,15.627249814180631,0.011327371833056432,9.0,0.5209083271393544
0.0,AFW_diminishing,diminishing,250.0,0.006573200225830078,15.627164909556056,0.03712005944671404,9.0,0.5209054969852018
0.0,AFW_diminishing,diminishing,251.0,0.006597995758056641,15.627246350341538,0.011343241658702041,9.0,0.5209082116780512
0.0,AFW_diminishing,diminishing,252.0,0.006625175476074219,15.627165398220406,0.03649001457658585,9.0,0.5209055132740136
0.0,AFW_diminishing,diminishing,253.0,0.006649971008300781,15.62724299863498,0.011358874362255023,9.0,0.5209080999544994
0.0,AFW_diminishing,diminishing,254.0,0.006677150726318359,15.627165885448818,0.035870006840687196,9.0,0.5209055295149606
0.0,AFW_diminishing,diminishing,255.0,0.006701946258544922,15.627239755093775,0.011374275203685613,9.0,0.5209079918364592
0.0,AFW_diminishing,diminishing,256.0,0.0067288875579833984,15.627166371131622,0.035259798315539825,9.0,0.5209055457043874
0.0,AFW_diminishing,diminishing,257.0,0.006754159927368164,15.62723661591495,0.011389449289030296,9.0,0.520907887197165
0.0,AFW_diminishing,diminishing,258.0,0.006780862808227539,15.627166855166902,0.03465915853751511,9.0,0.5209055618388967
0.0,AFW_diminishing,diminishing,259.0,0.006806135177612305,15.627233577451852,0.011404401575942913,9.0,0.5209077859150617
0.0,AFW_diminishing,diminishing,260.0,0.00683283805847168,15.62716733746002,0.03406786421281005,9.0,0.520905577915334
0.0,AFW_diminishing,diminishing,261.0,0.0068590641021728516,15.627230636206713,0.011419136879048608,9.0,0.5209076878735571
0.0,AFW_diminishing,diminishing,262.0,0.00688481330871582,15.627167817923185,0.03348569894078146,9.0,0.5209055939307728
0.0,AFW_diminishing,diminishing,263.0,0.006911039352416992,15.627227788823577,0.011433659875027757,9.0,0.5209075929607859
0.0,AFW_diminishing,diminishing,264.0,0.006936788558959961,15.627168296475054,0.032912452950057514,9.0,0.5209056098825018
0.0,AFW_diminishing,diminishing,265.0,0.006963014602661133,15.62722503208163,0.011447975107508057,9.0,0.5209075010693877
0.0,AFW_diminishing,diminishing,266.0,0.006989002227783203,15.62716877304034,0.03234792284659527,9.0,0.5209056257680114
0.0,AFW_diminishing,diminishing,267.0,0.007014036178588867,15.627222362888917,0.011462086991768317,9.0,0.5209074120962972
0.0,AFW_diminishing,diminishing,268.0,0.007040977478027344,15.627169247549455,0.03179191137324011,9.0,0.5209056415849819
0.0,AFW_diminishing,diminishing,269.0,0.007066965103149414,15.627219778276336,0.011475999819190008,9.0,0.5209073259425445
0.0,AFW_diminishing,diminishing,270.0,0.007094144821166992,15.627169719938193,0.031244227179969997,9.0,0.5209056573312731
0.0,AFW_diminishing,diminishing,271.0,0.007119894027709961,15.627217275392006,0.011489717761602236,9.0,0.5209072425130669
0.0,AFW_diminishing,diminishing,272.0,0.007158041000366211,15.627170190147382,0.03070468460448872,9.0,0.5209056730049128
0.0,AFW_diminishing,diminishing,273.0,0.0071828365325927734,15.627214851495886,0.0115032448753567,9.0,0.5209071617165295
0.0,AFW_diminishing,diminishing,274.0,0.0072100162506103516,15.62717065812261,0.030173103462464823,9.0,0.520905688604087
0.0,AFW_diminishing,diminishing,275.0,0.007236003875732422,15.627212503954706,0.011516585105322719,9.0,0.5209070834651569
0.0,AFW_diminishing,diminishing,276.0,0.007261991500854492,15.627171123813946,0.029649308846991573,9.0,0.5209057041271316
0.0,AFW_diminishing,diminishing,277.0,0.007290840148925781,15.627210230237152,0.011529742288649558,9.0,0.5209070076745718
0.0,AFW_diminishing,diminishing,278.0,0.007317066192626953,15.627171587175663,0.02913313093679548,9.0,0.5209057195725221
0.0,AFW_diminishing,diminishing,279.0,0.007342815399169922,15.627208027909289,0.011542720158445263,9.0,0.520906934263643
0.0,AFW_diminishing,diminishing,280.0,0.0073699951171875,15.627172048165995,0.02862440481276529,9.0,0.5209057349388665
0.0,AFW_diminishing,diminishing,281.0,0.0073947906494140625,15.627205894630226,0.01155552234722812,9.0,0.5209068631543409
0.0,AFW_diminishing,diminishing,282.0,0.007420063018798828,15.627172506746911,0.028122970282341342,9.0,0.520905750224897
0.0,AFW_diminishing,diminishing,283.0,0.007447004318237305,15.627203828148007,0.011568152390307063,9.0,0.5209067942716002
0.0,AFW_diminishing,diminishing,284.0,0.007472991943359375,15.627172962883893,0.02762867171141714,9.0,0.5209057654294631
0.0,AFW_diminishing,diminishing,285.0,0.007498979568481445,15.627201826295698,0.011580613728987998,9.0,0.5209067275431899
0.0,AFW_diminishing,diminishing,286.0,0.007524967193603516,15.627173416545725,0.027141357863341042,9.0,0.5209057805515241
0.0,AFW_diminishing,diminishing,287.0,0.007552146911621094,15.627199886987682,0.011592909713703747,9.0,0.5209066628995894
0.0,AFW_diminishing,diminishing,288.0,0.0075778961181640625,15.627173867704307,0.02666088174471959,9.0,0.5209057955901436
0.0,AFW_diminishing,diminishing,289.0,0.007605075836181641,15.627198008216116,0.011605043606932597,9.0,0.5209066002738705
0.0,AFW_diminishing,diminishing,290.0,0.0076291561126708984,15.62717431633446,0.026187100457661927,9.0,0.5209058105444819
0.0,AFW_diminishing,diminishing,291.0,0.007654905319213867,15.627196188047593,0.011617018586102645,9.0,0.5209065396015864
0.0,AFW_diminishing,diminishing,292.0,0.007678985595703125,15.627174762413773,0.025719875058117125,9.0,0.5209058254137925
0.0,AFW_diminishing,diminishing,293.0,0.007704019546508789,15.627194424619955,0.011628837746309628,9.0,0.5209064808206652
0.0,AFW_diminishing,diminishing,294.0,0.007730960845947266,15.627175205922407,0.025259070420101892,9.0,0.5209058401974136
0.0,AFW_diminishing,diminishing,295.0,0.00775599479675293,15.62719271613925,0.011640504103002769,9.0,0.5209064238713084
0.0,AFW_diminishing,diminishing,296.0,0.007781028747558594,15.62717564684298,0.024804555105452764,9.0,0.520905854894766
0.0,AFW_diminishing,diminishing,297.0,0.007806062698364258,15.627191060876857,0.011652020594441481,9.0,0.5209063686958952
0.0,AFW_diminishing,diminishing,298.0,0.007830142974853516,15.627176085160404,0.02435620123887894,9.0,0.5209058695053468
0.0,AFW_diminishing,diminishing,299.0,0.007855892181396484,15.627189457166736,0.011663390084242664,9.0,0.5209063152388912
0.0,AFW_diminishing,diminishing,300.0,0.007879018783569336,15.627176520861743,0.023913884388067075,9.0,0.5209058840287247
0.0,AFW_diminishing,diminishing,301.0,0.007904052734375,15.627187903402806,0.011674615363670426,9.0,0.5209062634467602
0.0,AFW_diminishing,diminishing,302.0,0.007928848266601562,15.627176953936097,0.023477483448589354,9.0,0.5209058984645366
0.0,AFW_diminishing,diminishing,303.0,0.007953882217407227,15.627186398036473,0.011685699153895612,9.0,0.5209062132678824
0.0,AFW_diminishing,diminishing,304.0,0.007980108261108398,15.627177384374468,0.023046880533408753,9.0,0.5209059128124822
0.0,AFW_diminishing,diminishing,305.0,0.008003950119018555,15.627184939574244,0.011696644108230458,9.0,0.5209061646524747
0.0,AFW_diminishing,diminishing,306.0,0.008028030395507812,15.627177812169666,0.022621960866725743,9.0,0.5209059270723222
0.0,AFW_diminishing,diminishing,307.0,0.008053064346313477,15.62718352657546,0.011707452814155417,9.0,0.5209061175525153
0.0,AFW_diminishing,diminishing,308.0,0.008080005645751953,15.627178237316171,0.022202612682026057,9.0,0.5209059412438724
0.0,AFW_diminishing,diminishing,309.0,0.00810694694519043,15.627182157650164,0.011718127795409927,9.0,0.5209060719216722
0.0,AFW_diminishing,diminishing,310.0,0.0081329345703125,15.627178659810067,0.02178872712414126,9.0,0.5209059553270022
0.0,AFW_diminishing,diminishing,311.0,0.008160114288330078,15.627180831457029,0.011728671513894895,9.0,0.5209060277152343
0.0,AFW_diminishing,diminishing,312.0,0.00818490982055664,15.627179079648906,0.021380198155025454,9.0,0.5209059693216302
0.0,AFW_diminishing,diminishing,313.0,0.008209943771362305,15.627179546701395,0.011739086371562735,9.0,0.5209059848900465
0.0,AFW_diminishing,diminishing,314.0,0.008234977722167969,15.627179496831658,0.02097692246324634,9.0,0.520905983227722
0.0,AFW_diminishing,diminishing,315.0,0.008259057998657227,15.627178302133416,0.011749374712239913,9.0,0.5209059434044472
0.0,AFW_diminishing,diminishing,316.0,0.008285999298095703,15.627179911358592,0.020578799376908208,9.0,0.5209059970452864
0.0,AFW_diminishing,diminishing,317.0,0.008312225341796875,15.627177096546262,0.011759538823355342,9.0,0.5209059032182087
0.0,AFW_diminishing,diminishing,318.0,0.008337020874023438,15.627180323231212,0.020185730779887834,9.0,0.5209060107743737
0.0,AFW_diminishing,diminishing,319.0,0.008363008499145508,15.627175928774411,0.01176958093763325,9.0,0.5209058642924804
0.0,AFW_diminishing,diminishing,320.0,0.00838780403137207,15.62718073245218,0.019797621031266033,9.0,0.5209060244150726
0.0,AFW_diminishing,diminishing,321.0,0.008411884307861328,15.627174797692028,0.01177950323470256,9.0,0.5209058265897343
0.0,AFW_diminishing,diminishing,322.0,0.008439064025878906,15.627181139025238,0.01941437688773462,9.0,0.5209060379675079
0.0,AFW_diminishing,diminishing,323.0,0.008463859558105469,15.627173702211431,0.011789307842668961,9.0,0.5209057900737144
0.0,AFW_diminishing,diminishing,324.0,0.008491039276123047,15.62718154295514,0.019035907428982313,9.0,0.520906051431838
0.0,AFW_diminishing,diminishing,325.0,0.008517026901245117,15.627172641281566,0.011798996839651466,9.0,0.5209057547093855
0.0,AFW_diminishing,diminishing,326.0,0.008543014526367188,15.627181944247594,0.018662123985778933,9.0,0.5209060648082532
0.0,AFW_diminishing,diminishing,327.0,0.008568763732910156,15.627171613886615,0.0118085722551875,9.0,0.5209057204628872
0.0,AFW_diminishing,diminishing,328.0,0.008594036102294922,15.627182342909197,0.018292940070748998,9.0,0.5209060780969732
0.0,AFW_diminishing,diminishing,329.0,0.00861811637878418,15.627170619044644,0.011818036071680638,9.0,0.5209056873014881
0.0,AFW_diminishing,diminishing,330.0,0.008643150329589844,15.627182738947381,0.017928271311667743,9.0,0.520906091298246
0.0,AFW_diminishing,diminishing,331.0,0.008667945861816406,15.62716965580628,0.011827390225747081,9.0,0.5209056551935427
0.0,AFW_diminishing,diminishing,332.0,0.00869297981262207,15.627183132370346,0.017568035387213854,9.0,0.5209061044123449
0.0,AFW_diminishing,diminishing,333.0,0.008717060089111328,15.627168723253495,0.011836636609524831,9.0,0.5209056241084499
0.0,AFW_diminishing,diminishing,334.0,0.008740901947021484,15.627183523187021,0.017212151965029676,9.0,0.5209061174395674
0.0,AFW_diminishing,diminishing,335.0,0.008767127990722656,15.627167820498407,0.011845777071943786,9.0,0.5209055940166135
0.0,AFW_diminishing,diminishing,336.0,0.008792877197265625,15.627235376031937,0.01692694122556837,9.0,0.5209078458677312
0.0,AFW_diminishing,diminishing,337.0,0.008817911148071289,15.627166947266439,0.016891972977061798,9.0,0.5209055649088813
0.0,AFW_diminishing,diminishing,338.0,0.008842945098876953,15.627198567299633,0.01668043751807957,9.0,0.5209066189099878
0.0,AFW_diminishing,diminishing,339.0,0.008867979049682617,15.627167238798934,0.027748086276885076,9.0,0.5209055746266311
0.0,AFW_diminishing,diminishing,340.0,0.008893013000488281,15.627197149820736,0.01675152924384804,9.0,0.5209065716606912
0.0,AFW_diminishing,diminishing,341.0,0.008918046951293945,15.62716752913961,0.027353581069608168,9.0,0.5209055843046537
0.0,AFW_diminishing,diminishing,342.0,0.008944034576416016,15.627195768744006,0.016821796327549876,9.0,0.5209065256248002
0.0,AFW_diminishing,diminishing,343.0,0.00896906852722168,15.627167818271015,0.026963716249753134,9.0,0.5209055939423671
0.0,AFW_diminishing,diminishing,344.0,0.008994102478027344,15.627194423092766,0.01689125303443184,9.0,0.5209064807697589
0.0,AFW_diminishing,diminishing,345.0,0.009018898010253906,15.627168106176988,0.026578410427744004,9.0,0.520905603539233
0.0,AFW_diminishing,diminishing,346.0,0.009042978286743164,15.627193111920747,0.01695991330259794,9.0,0.5209064370640248
0.0,AFW_diminishing,diminishing,347.0,0.009068012237548828,15.62716839284256,0.026197584106171234,9.0,0.520905613094752
0.0,AFW_diminishing,diminishing,348.0,0.009093999862670898,15.627191834310949,0.017027790752367267,9.0,0.5209063944770317
0.0,AFW_diminishing,diminishing,349.0,0.009118080139160156,15.627168678253932,0.025821159625127876,9.0,0.5209056226084644
0.0,AFW_diminishing,diminishing,350.0,0.00914311408996582,15.62719058937465,0.017094898695242833,9.0,0.520906352979155
0.0,AFW_diminishing,diminishing,351.0,0.009170055389404297,15.627168962398416,0.025449061109437565,9.0,0.5209056320799472
0.0,AFW_diminishing,diminishing,352.0,0.009196996688842773,15.627189376250342,0.017161250142629925,9.0,0.5209063125416781
0.0,AFW_diminishing,diminishing,353.0,0.00922393798828125,15.627169245264355,0.02508121441765887,9.0,0.5209056415088118
0.0,AFW_diminishing,diminishing,354.0,0.009250164031982422,15.62718819410281,0.017226857814245378,9.0,0.5209062731367603
0.0,AFW_diminishing,diminishing,355.0,0.00927591323852539,15.627169526841103,0.02471754709287488,9.0,0.5209056508947034
0.0,AFW_diminishing,diminishing,356.0,0.009303092956542969,15.627187042122179,0.01729173414624796,9.0,0.5209062347374059
0.0,AFW_diminishing,diminishing,357.0,0.009328842163085938,15.627169807118953,0.02435798831510283,9.0,0.5209056602372985
0.0,AFW_diminishing,diminishing,358.0,0.00935506820678711,15.627185919523024,0.01735589129907744,9.0,0.5209061973174341
0.0,AFW_diminishing,diminishing,359.0,0.009380817413330078,15.627170086089107,0.0240024688553504,9.0,0.5209056695363036
0.0,AFW_diminishing,diminishing,360.0,0.009407997131347656,15.627184825543534,0.017419341165080482,9.0,0.5209061608514511
0.0,AFW_diminishing,diminishing,361.0,0.009434938430786133,15.62717036374363,0.02365092103117661,9.0,0.5209056787914543
0.0,AFW_diminishing,diminishing,362.0,0.009459972381591797,15.627183759444682,0.01748209537583989,9.0,0.5209061253148227
0.0,AFW_diminishing,diminishing,363.0,0.009485006332397461,15.627170640075397,0.023303278663755478,9.0,0.5209056880025132
0.0,AFW_diminishing,diminishing,364.0,0.009510993957519531,15.627182720509424,0.01754416530930314,9.0,0.5209060906836475
0.0,AFW_diminishing,diminishing,365.0,0.009539127349853516,15.627170915078072,0.022959477036353704,9.0,0.520905697169269
0.0,AFW_diminishing,diminishing,366.0,0.009566068649291992,15.62718170804197,0.01760556209660713,9.0,0.5209060569347324
0.0,AFW_diminishing,diminishing,367.0,0.009592056274414062,15.627171188746049,0.022619452854161892,9.0,0.520905706291535
0.0,AFW_diminishing,diminishing,368.0,0.009618043899536133,15.627180721367036,0.01766629662881769,9.0,0.5209060240455679
0.0,AFW_diminishing,diminishing,369.0,0.009644031524658203,15.627171461074434,0.022283144205490046,9.0,0.5209057153691478
0.0,AFW_diminishing,diminishing,370.0,0.009670019149780273,15.627179759829145,0.01772637956327827,9.0,0.5209059919943049
0.0,AFW_diminishing,diminishing,371.0,0.00969696044921875,15.627171732058994,0.02195049052415854,9.0,0.5209057244019665
0.0,AFW_diminishing,diminishing,372.0,0.009723901748657227,15.627178822791974,0.017785821329907137,9.0,0.5209059607597325
0.0,AFW_diminishing,diminishing,373.0,0.00974893569946289,15.627172001696147,0.02162143255317517,9.0,0.5209057333898716
0.0,AFW_diminishing,diminishing,374.0,0.009775876998901367,15.627177909637698,0.017844632137212102,9.0,0.5209059303212566
0.0,AFW_diminishing,diminishing,375.0,0.009803056716918945,15.627172269982909,0.021295912309533094,9.0,0.5209057423327637
0.0,AFW_diminishing,diminishing,376.0,0.009828805923461914,15.627177019766355,0.017902821978124095,9.0,0.5209059006588785
0.0,AFW_diminishing,diminishing,377.0,0.009855031967163086,15.627172536916863,0.020973873050177616,9.0,0.520905751230562
0.0,AFW_diminishing,diminishing,378.0,0.009880781173706055,15.62717615259528,0.017960400635676166,9.0,0.520905871753176
0.0,AFW_diminishing,diminishing,379.0,0.009907960891723633,15.627172802496156,0.020655259239021007,9.0,0.5209057600832052
0.0,AFW_diminishing,diminishing,380.0,0.009933948516845703,15.627175307558497,0.018017377688471115,9.0,0.5209058435852832
0.0,AFW_diminishing,diminishing,381.0,0.009959936141967773,15.627173066719447,0.020340016515032033,9.0,0.5209057688906482
0.0,AFW_diminishing,diminishing,382.0,0.009987115859985352,15.627174484106206,0.018073762516008784,9.0,0.5209058161368735
0.0,AFW_diminishing,diminishing,383.0,0.01001286506652832,15.627221777814135,0.0200280916613238,9.0,0.5209073925938045
0.0,AFW_diminishing,diminishing,384.0,0.010039091110229492,15.627174755126898,0.038469517911565276,9.0,0.5209058251708966
0.0,AFW_diminishing,diminishing,385.0,0.010066032409667969,15.627220241819588,0.020072416677702876,9.0,0.5209073413939863
0.0,AFW_diminishing,diminishing,386.0,0.010092020034790039,15.627175025356042,0.038012267979643966,9.0,0.5209058341785348
0.0,AFW_diminishing,diminishing,387.0,0.01011800765991211,15.627218739682284,0.020116288740096522,9.0,0.5209072913227428
0.0,AFW_diminishing,diminishing,388.0,0.01014399528503418,15.627175294775157,0.037559768009058914,9.0,0.5209058431591719
0.0,AFW_diminishing,diminishing,389.0,0.010170936584472656,15.627217270605504,0.020159714755724423,9.0,0.5209072423535168
0.0,AFW_diminishing,diminishing,390.0,0.010196924209594727,15.627175563366771,0.03711194437177845,9.0,0.5209058521122257
0.0,AFW_diminishing,diminishing,391.0,0.010222911834716797,15.627215833814386,0.020202701492097574,9.0,0.5209071944604795
0.0,AFW_diminishing,diminishing,392.0,0.010248899459838867,15.627175831114373,0.03666872495362661,9.0,0.5209058610371458
0.0,AFW_diminishing,diminishing,393.0,0.010275840759277344,15.627214428555229,0.020245255580514154,9.0,0.5209071476185076
0.0,AFW_diminishing,diminishing,394.0,0.010302066802978516,15.627176098002373,0.0362300391154875,9.0,0.5209058699334125
0.0,AFW_diminishing,diminishing,395.0,0.010328054428100586,15.627213054094826,0.02028738351948256,9.0,0.5209071018031609
0.0,AFW_diminishing,diminishing,396.0,0.010354995727539062,15.627176364016039,0.035795817655870366,9.0,0.5209058788005346
0.0,AFW_diminishing,diminishing,397.0,0.010380983352661133,15.627211709719818,0.020329091678014777,9.0,0.5209070569906606
0.0,AFW_diminishing,diminishing,398.0,0.01040792465209961,15.627176629141523,0.03536599277446939,9.0,0.5209058876380508
0.0,AFW_diminishing,diminishing,399.0,0.010432958602905273,15.627210394736068,0.02037038629885224,9.0,0.5209070131578689
0.0,AFW_diminishing,diminishing,400.0,0.010457992553710938,15.627176893365752,0.03494049803689592,9.0,0.5209058964455251
0.0,AFW_diminishing,diminishing,401.0,0.010484933853149414,15.627209108468062,0.02041127350157268,9.0,0.5209069702822687
0.0,AFW_diminishing,diminishing,402.0,0.010510921478271484,15.62717715667645,0.03451926834046226,9.0,0.5209059052225483
0.0,AFW_diminishing,diminishing,403.0,0.010536909103393555,15.62720785025833,0.020451759285597504,9.0,0.5209069283419443
0.0,AFW_diminishing,diminishing,404.0,0.010560035705566406,15.627177419062077,0.03410223988097272,9.0,0.5209059139687359
0.0,AFW_diminishing,diminishing,405.0,0.010584831237792969,15.627206619466882,0.0204918495331583,9.0,0.5209068873155628
0.0,AFW_diminishing,diminishing,406.0,0.010612010955810547,15.62717768051182,0.0336893501205342,9.0,0.5209059226837274
0.0,AFW_diminishing,diminishing,407.0,0.010637044906616211,15.627205415470687,0.020531550012112376,9.0,0.5209068471823562
0.0,AFW_diminishing,diminishing,408.0,0.010663032531738281,15.627177941015534,0.03328053775624085,9.0,0.5209059313671844
0.0,AFW_diminishing,diminishing,409.0,0.010685920715332031,15.627204237663122,0.020570866378724517,9.0,0.5209068079221041
0.0,AFW_diminishing,diminishing,410.0,0.010711193084716797,15.627178200563744,0.032875742689910226,9.0,0.5209059400187914
0.0,AFW_diminishing,diminishing,411.0,0.01073598861694336,15.62720308545349,0.02060980418035463,9.0,0.5209067695151163
0.0,AFW_diminishing,diminishing,412.0,0.01076197624206543,15.627178459147597,0.03247490599859759,9.0,0.5209059486382532
0.0,AFW_diminishing,diminishing,413.0,0.010788917541503906,15.62720195826655,0.02064836885805832,9.0,0.5209067319422184
0.0,AFW_diminishing,diminishing,414.0,0.010814905166625977,15.627178716758856,0.03207796990601253,9.0,0.5209059572252952
0.0,AFW_diminishing,diminishing,415.0,0.010841846466064453,15.627200855542013,0.020686565749127084,9.0,0.5209066951847338
0.0,AFW_diminishing,diminishing,416.0,0.010869026184082031,15.627178973389853,0.03168487775476336,9.0,0.5209059657796618
0.0,AFW_diminishing,diminishing,417.0,0.010893821716308594,15.627199776734122,0.02072440008953791,9.0,0.5209066592244708
0.0,AFW_diminishing,diminishing,418.0,0.010921001434326172,15.627179229033478,0.03129557397940985,9.0,0.520905974301116
0.0,AFW_diminishing,diminishing,419.0,0.010947227478027344,15.627198721311203,0.02076187701636556,9.0,0.5209066240437068
0.0,AFW_diminishing,diminishing,420.0,0.010973930358886719,15.62717948368316,0.030910004080283215,9.0,0.5209059827894387
0.0,AFW_diminishing,diminishing,421.0,0.011000871658325195,15.627197688755242,0.020799001570091846,9.0,0.5209065896251748
0.0,AFW_diminishing,diminishing,422.0,0.011027097702026367,15.62717973733283,0.030528114598025624,9.0,0.5209059912444276
0.0,AFW_diminishing,diminishing,423.0,0.011053085327148438,15.627196678561484,0.020835778696875806,9.0,0.5209065559520495
0.0,AFW_diminishing,diminishing,424.0,0.011079072952270508,15.627179989976916,0.03014985308898055,9.0,0.5209059996658972
0.0,AFW_diminishing,diminishing,425.0,0.011106014251708984,15.627195690238047,0.02087221325073152,9.0,0.5209065230079349
0.0,AFW_diminishing,diminishing,426.0,0.011132001876831055,15.627180241610315,0.029775168101043192,9.0,0.5209060080536771
0.0,AFW_diminishing,diminishing,427.0,0.011159181594848633,15.627194723305523,0.020908309995675722,9.0,0.5209064907768508
0.0,AFW_diminishing,diminishing,428.0,0.011185884475708008,15.62718049222837,0.029404009150454158,9.0,0.5209060164076124
0.0,AFW_diminishing,diminishing,429.0,0.01121211051940918,15.627193777296636,0.020944073607820357,9.0,0.5209064592432212
0.0,AFW_diminishing,diminishing,430.0,0.011237859725952148,15.62718074182686,0.029036326699095838,9.0,0.520906024727562
0.0,AFW_diminishing,diminishing,431.0,0.011263132095336914,15.627192851755858,0.020979508677360315,9.0,0.520906428391862
0.0,AFW_diminishing,diminishing,432.0,0.011288166046142578,15.627180990401985,0.028672072132426507,9.0,0.5209060330133995
0.0,AFW_diminishing,diminishing,433.0,0.011312007904052734,15.627191946239098,0.02101461971054519,9.0,0.5209063982079699
0.0,AFW_diminishing,diminishing,434.0,0.011338949203491211,15.627181237950326,0.028311197738075222,9.0,0.5209060412650108
0.0,AFW_diminishing,diminishing,435.0,0.011364936828613281,15.627191060313349,0.021049411131610185,9.0,0.5209063686771116
0.0,AFW_diminishing,diminishing,436.0,0.011389017105102539,15.627181484468858,0.02795365668502292,9.0,0.5209060494822952
0.0,AFW_diminishing,diminishing,437.0,0.011414051055908203,15.627190193556386,0.021083887284609304,9.0,0.5209063397852128
0.0,AFW_diminishing,diminishing,438.0,0.011438846588134766,15.627181729954913,0.027599403003341294,9.0,0.5209060576651637
0.0,AFW_diminishing,diminishing,439.0,0.01146388053894043,15.627189345556431,0.021118052435234347,9.0,0.5209063115185477
0.0,AFW_diminishing,diminishing,440.0,0.011487960815429688,15.62718197440617,0.02724839156447878,9.0,0.520906065813539
0.0,AFW_diminishing,diminishing,441.0,0.011512994766235352,15.627188515911874,0.021151910772580607,9.0,0.5209062838637292
0.0,AFW_diminishing,diminishing,442.0,0.011538028717041016,15.627182217820653,0.026900578062099,9.0,0.5209060739273551
0.0,AFW_diminishing,diminishing,443.0,0.011564016342163086,15.62718770423098,0.02118546641082908,9.0,0.5209062568076993
0.0,AFW_diminishing,diminishing,444.0,0.011590957641601562,15.627182460196698,0.026555918993473426,9.0,0.5209060820065566
0.0,AFW_diminishing,diminishing,445.0,0.011617183685302734,15.62718691013161,0.02121872339095887,9.0,0.5209062303377203
0.0,AFW_diminishing,diminishing,446.0,0.011642932891845703,15.627182701532954,0.026214371641316347,9.0,0.5209060900510984
0.0,AFW_diminishing,diminishing,447.0,0.011668920516967773,15.627186133240935,0.021251685682321053,9.0,0.5209062044413645
0.0,AFW_diminishing,diminishing,448.0,0.01169586181640625,15.627182941828357,0.025875894056143878,9.0,0.5209060980609452
0.0,AFW_diminishing,diminishing,449.0,0.011722087860107422,15.627185373195196,0.0212843571842658,9.0,0.5209061791065065
0.0,AFW_diminishing,diminishing,450.0,0.01174783706665039,15.627183181082128,0.025540445039091253,9.0,0.5209061060360709
0.0,AFW_diminishing,diminishing,451.0,0.011775016784667969,15.627184629639435,0.021316741727629207,9.0,0.5209061543213145
0.0,AFW_diminishing,diminishing,452.0,0.011801958084106445,15.627183419293766,0.025207984125229288,9.0,0.5209061139764589
0.0,AFW_diminishing,diminishing,453.0,0.011827945709228516,15.627183902227248,0.02134884307626983,9.0,0.5209061300742416
0.0,AFW_diminishing,diminishing,454.0,0.011853218078613281,15.627183656463016,0.024878471567264526,9.0,0.5209061218821005
0.0,AFW_diminishing,diminishing,455.0,0.011876821517944336,15.627183190620565,0.02138066492850399,9.0,0.5209061063540188
0.0,AFW_diminishing,diminishing,456.0,0.011902093887329102,15.627183892589873,0.024551868319720782,9.0,0.5209061297529958
0.0,AFW_diminishing,diminishing,457.0,0.011927127838134766,15.627182494489393,0.021412210918546393,9.0,0.5209060831496465
0.0,AFW_diminishing,diminishing,458.0,0.011954069137573242,15.627184127674573,0.02422813602348839,9.0,0.5209061375891524
0.0,AFW_diminishing,diminishing,459.0,0.011980056762695312,15.62718181351161,0.021443484617874375,9.0,0.520906060450387
0.0,AFW_diminishing,diminishing,460.0,0.012006998062133789,15.627184361717578,0.023907236990867275,9.0,0.520906145390586
0.0,AFW_diminishing,diminishing,461.0,0.012032032012939453,15.62718114737275,0.021474489536576158,9.0,0.5209060382457583
0.0,AFW_diminishing,diminishing,462.0,0.01205897331237793,15.627184594719559,0.023589134190869387,9.0,0.5209061531573186
0.0,AFW_diminishing,diminishing,463.0,0.0120849609375,15.627180495765792,0.021505229124676006,9.0,0.5209060165255264
0.0,AFW_diminishing,diminishing,464.0,0.012111902236938477,15.627184826681404,0.023273791235025598,9.0,0.5209061608893801
0.0,AFW_diminishing,diminishing,465.0,0.01214289665222168,15.627179858390937,0.021535706773414987,9.0,0.5209059952796979
0.0,AFW_diminishing,diminishing,466.0,0.012166976928710938,15.62718505760419,0.022961172363501703,9.0,0.5209061685868064
0.0,AFW_diminishing,diminishing,467.0,0.012192964553833008,15.627179234955452,0.021565925816473097,9.0,0.5209059744985151
0.0,AFW_diminishing,diminishing,468.0,0.012216806411743164,15.627185287489198,0.022651242431583896,9.0,0.52090617624964
0.0,AFW_diminishing,diminishing,469.0,0.012240886688232422,15.627178625173435,0.021595889531216272,9.0,0.5209059541724479
0.0,AFW_diminishing,diminishing,470.0,0.012265920639038086,15.627185516337867,0.022343966896482215,9.0,0.5209061838779289
0.0,AFW_diminishing,diminishing,471.0,0.012291908264160156,15.627178028765668,0.021625601139865225,9.0,0.5209059342921889
0.0,AFW_diminishing,diminishing,472.0,0.012319087982177734,15.627185744151827,0.022039311804544326,9.0,0.5209061914717276
0.0,AFW_diminishing,diminishing,473.0,0.01234579086303711,15.627177445459404,0.021655063810644748,9.0,0.5209059148486468
0.0,AFW_diminishing,diminishing,474.0,0.012371063232421875,15.62718597093287,0.02173724377872155,9.0,0.5209061990310957
0.0,AFW_diminishing,diminishing,475.0,0.012395143508911133,15.627176874988232,0.021684280658925914,9.0,0.520905895832941
0.0,AFW_diminishing,diminishing,476.0,0.012421846389770508,15.62718619668294,0.021437730006374167,9.0,0.520906206556098
0.0,AFW_diminishing,diminishing,477.0,0.01244807243347168,15.627176317091871,0.0217132547483061,9.0,0.5209058772363957
0.0,AFW_diminishing,diminishing,478.0,0.012472152709960938,15.627186421404138,0.021140738227414246,9.0,0.5209062140468046
0.0,AFW_diminishing,diminishing,479.0,0.0124969482421875,15.627175771516027,0.02174198909169256,9.0,0.5209058590505342
0.0,AFW_diminishing,diminishing,480.0,0.012524127960205078,15.627186645098696,0.02084623672272734,9.0,0.5209062215032899
0.0,AFW_diminishing,diminishing,481.0,0.012549877166748047,15.627175238012244,0.021770486652346932,9.0,0.5209058412670748
0.0,AFW_diminishing,diminishing,482.0,0.012577056884765625,15.627186867769005,0.020554194302823348,9.0,0.5209062289256335
0.0,AFW_diminishing,diminishing,483.0,0.012603044509887695,15.62717471633772,0.021798750344888873,9.0,0.520905823877924
0.0,AFW_diminishing,diminishing,484.0,0.01263284683227539,15.627187089417564,0.020264580296920798,9.0,0.5209062363139189
0.0,AFW_diminishing,diminishing,485.0,0.012657880783081055,15.627174206255189,0.021826783036306807,9.0,0.520905806875173
0.0,AFW_diminishing,diminishing,486.0,0.012684106826782227,15.62718731004701,0.019977364542141274,9.0,0.5209062436682337
0.0,AFW_diminishing,diminishing,487.0,0.012711048126220703,15.627173707532757,0.021854587546920712,9.0,0.5209057902510918
0.0,AFW_diminishing,diminishing,488.0,0.012737035751342773,15.627187529660095,0.019692517373052,9.0,0.5209062509886698
0.0,AFW_diminishing,diminishing,489.0,0.012763023376464844,15.627173219943774,0.02188216665132714,9.0,0.5209057739981258
0.0,AFW_diminishing,diminishing,490.0,0.012789011001586914,15.627165501280135,0.019410009611469548,9.0,0.5209055167093378
0.0,AFW_diminishing,diminishing,491.0,0.01281595230102539,15.62717338040464,0.01569076582543616,9.0,0.5209057793468214
0.0,AFW_diminishing,diminishing,492.0,0.012841939926147461,15.627165117354169,0.019432967972534243,9.0,0.5209055039118057
0.0,AFW_diminishing,diminishing,493.0,0.012867212295532227,15.627173540148013,0.015476218909887152,9.0,0.5209057846716004
0.0,AFW_diminishing,diminishing,494.0,0.012892961502075195,15.62716474174312,0.019455741969819584,9.0,0.5209054913914374
0.0,AFW_diminishing,diminishing,495.0,0.012919187545776367,15.6271736991756,0.015263416131764629,9.0,0.52090578997252
0.0,AFW_diminishing,diminishing,496.0,0.012944936752319336,15.627164374283938,0.019478333815120763,9.0,0.520905479142798
0.0,AFW_diminishing,diminishing,497.0,0.012972116470336914,15.62717385748918,0.015052336309738124,9.0,0.5209057952496393
0.0,AFW_diminishing,diminishing,498.0,0.012997865676879883,15.627164014817183,0.01950074568498472,9.0,0.5209054671605727
0.0,AFW_diminishing,diminishing,499.0,0.013024091720581055,15.627174015090612,0.01484295860404572,9.0,0.5209058005030204
0.0,AFW_diminishing,diminishing,500.0,0.013049840927124023,15.627163663186934,0.019522979721434908,9.0,0.5209054554395645
0.0,AFW_diminishing,diminishing,501.0,0.013076066970825195,15.627174171981837,0.014635262509674618,9.0,0.5209058057327279
0.0,AFW_diminishing,diminishing,502.0,0.013103008270263672,15.62716331924071,0.019545038032637407,9.0,0.5209054439746903
0.0,AFW_diminishing,diminishing,503.0,0.013128042221069336,15.627174328164868,0.014429227849625192,9.0,0.5209058109388289
0.0,AFW_diminishing,diminishing,504.0,0.013154029846191406,15.62716298282937,0.019566922693543987,9.0,0.520905432760979
0.0,AFW_diminishing,diminishing,505.0,0.013178825378417969,15.627174483641781,0.01422483476838643,9.0,0.5209058161213928
0.0,AFW_diminishing,diminishing,506.0,0.01320505142211914,15.627162653807039,0.019588635746606187,9.0,0.5209054217935679
0.0,AFW_diminishing,diminishing,507.0,0.01323080062866211,15.62717463841472,0.014022063725599665,9.0,0.5209058212804907
0.0,AFW_diminishing,diminishing,508.0,0.013257026672363281,15.627162332031022,0.01961017920234731,9.0,0.5209054110677007
0.0,AFW_diminishing,diminishing,509.0,0.013288021087646484,15.627174792485906,0.013820895489763174,9.0,0.5209058264161969
0.0,AFW_diminishing,diminishing,510.0,0.013312101364135742,15.627162017361725,0.019631555040007242,9.0,0.5209054005787241
0.0,AFW_diminishing,diminishing,511.0,0.013337850570678711,15.627174945857597,0.013621311132219205,9.0,0.5209058315285866
0.0,AFW_diminishing,diminishing,512.0,0.013361930847167969,15.627161709662582,0.019652765208157064,9.0,0.520905390322086
0.0,AFW_diminishing,diminishing,513.0,0.013386964797973633,15.627175098532124,0.013423292021156996,9.0,0.5209058366177375
0.0,AFW_diminishing,diminishing,514.0,0.013411998748779297,15.627161408799966,0.01967381162527282,9.0,0.5209053802933322
0.0,AFW_diminishing,diminishing,515.0,0.013435840606689453,15.627175250511865,0.013226819815882251,9.0,0.5209058416837288
0.0,AFW_diminishing,diminishing,516.0,0.013461112976074219,15.627161114643135,0.019694696180335924,9.0,0.5209053704881045
0.0,AFW_diminishing,diminishing,517.0,0.013485193252563477,15.627175401799246,0.013031876461093717,9.0,0.5209058467266415
0.0,AFW_diminishing,diminishing,518.0,0.013508796691894531,15.627160827064142,0.019715420733380284,9.0,0.520905360902138
0.0,AFW_diminishing,diminishing,519.0,0.013534069061279297,15.627175552396752,0.012838444181367592,9.0,0.5209058517465583
0.0,AFW_diminishing,diminishing,520.0,0.013559103012084961,15.627160545937786,0.01973598711605007,9.0,0.5209053515312595
0.0,AFW_diminishing,diminishing,521.0,0.013583898544311523,15.6271757023069,0.012646505475798264,9.0,0.5209058567435634
0.0,AFW_diminishing,diminishing,522.0,0.013607978820800781,15.62716027114153,0.019756397132130843,9.0,0.5209053423713843
0.0,AFW_diminishing,diminishing,523.0,0.013632059097290039,15.627175851532266,0.012456043112669235,9.0,0.5209058617177422
0.0,AFW_diminishing,diminishing,524.0,0.013657808303833008,15.627160002555437,0.019776652558102015,9.0,0.5209053334185145
0.0,AFW_diminishing,diminishing,525.0,0.01368403434753418,15.627176000075455,0.012267040124312345,9.0,0.5209058666691818
0.0,AFW_diminishing,diminishing,526.0,0.013710975646972656,15.627159740062117,0.019796755143630662,9.0,0.5209053246687373
0.0,AFW_diminishing,diminishing,527.0,0.013736963272094727,15.627176147939108,0.012079479802078907,9.0,0.5209058715979703
0.0,AFW_diminishing,diminishing,528.0,0.013763904571533203,15.627159483546654,0.019816706612072466,9.0,0.5209053161182218
0.0,AFW_diminishing,diminishing,529.0,0.013789892196655273,15.627176295125919,0.01189334569139966,9.0,0.5209058765041973
0.0,AFW_diminishing,diminishing,530.0,0.01381683349609375,15.627159232896554,0.019836508660970864,9.0,0.5209053077632185
0.0,AFW_diminishing,diminishing,531.0,0.013843059539794922,15.627176441638605,0.011708621587006363,9.0,0.5209058813879535
0.0,AFW_diminishing,diminishing,532.0,0.013869762420654297,15.62715898800168,0.019856162962554436,9.0,0.520905299600056
0.0,AFW_diminishing,diminishing,533.0,0.013900995254516602,15.627176587479909,0.011525291528185377,9.0,0.5209058862493303
0.0,AFW_diminishing,diminishing,534.0,0.013952970504760742,15.627158748754207,0.019875671164180986,9.0,0.5209052916251402
0.0,AFW_diminishing,diminishing,535.0,0.013988971710205078,15.627176732652623,0.011343339794199991,9.0,0.5209058910884208
0.0,AFW_diminishing,diminishing,536.0,0.014017105102539062,15.627158515048546,0.019895034888801177,9.0,0.5209052838349515
0.0,AFW_diminishing,diminishing,537.0,0.014053821563720703,15.627176877159547,0.011162750899822882,9.0,0.5209058959053182
0.0,AFW_diminishing,diminishing,538.0,0.014081001281738281,15.627158286781315,0.019914255735443476,9.0,0.5209052762260439
0.0,AFW_diminishing,diminishing,539.0,0.014107942581176758,15.627177021003526,0.010983509590891671,9.0,0.5209059007001176
0.0,AFW_diminishing,diminishing,540.0,0.014136791229248047,15.627158063851263,0.01993333527959784,9.0,0.5209052687950421
0.0,AFW_diminishing,diminishing,541.0,0.014163017272949219,15.62717716418741,0.010805600840052776,9.0,0.5209059054729137
0.0,AFW_diminishing,diminishing,542.0,0.014188051223754883,15.627157846159248,0.019952275073702452,9.0,0.5209052615386416
0.0,AFW_diminishing,diminishing,543.0,0.014212846755981445,15.627177306714096,0.010629009842574533,9.0,0.5209059102238032
0.0,AFW_diminishing,diminishing,544.0,0.014239072799682617,15.62715763360816,0.019971076647513186,9.0,0.5209052544536054
0.0,AFW_diminishing,diminishing,545.0,0.014264822006225586,15.627177448586483,0.010453722012165656,9.0,0.5209059149528827
0.0,AFW_diminishing,diminishing,546.0,0.014291048049926758,15.627157426102883,0.01998974150856725,9.0,0.5209052475367628
0.0,AFW_diminishing,diminishing,547.0,0.014317035675048828,15.627177589807502,0.010279722977076133,9.0,0.52090591966025
0.0,AFW_diminishing,diminishing,548.0,0.01434183120727539,15.627157223550247,0.020008271142524237,9.0,0.5209052407850082
0.0,AFW_diminishing,diminishing,549.0,0.014369010925292969,15.62717773038009,0.01010699857604358,9.0,0.520905924346003
0.0,AFW_diminishing,diminishing,550.0,0.014393806457519531,15.627157025859,0.020026667013627986,9.0,0.5209052341953
0.0,AFW_diminishing,diminishing,551.0,0.014420032501220703,15.627194546910138,0.010040273438260527,9.0,0.5209064848970046
0.0,AFW_diminishing,diminishing,552.0,0.014445781707763672,15.627156831388593,0.019973923988587217,9.0,0.5209052277129531
0.0,AFW_diminishing,diminishing,553.0,0.014471054077148438,15.627177204528746,0.009989099056520345,9.0,0.5209059068176248
0.0,AFW_diminishing,diminishing,554.0,0.014496088027954102,15.627156638802628,0.01978758970700767,9.0,0.520905221293421
0.0,AFW_diminishing,diminishing,555.0,0.014520883560180664,15.627193965452452,0.009872164165688702,9.0,0.5209064655150818
0.0,AFW_diminishing,diminishing,556.0,0.014545917510986328,15.627156450327531,0.019786964547131802,9.0,0.5209052150109177
0.0,AFW_diminishing,diminishing,557.0,0.014573097229003906,15.627176691431261,0.00987290955260356,9.0,0.5209058897143753
0.0,AFW_diminishing,diminishing,558.0,0.014596939086914062,15.627156262689308,0.019551937345561043,9.0,0.5209052087563103
0.0,AFW_diminishing,diminishing,559.0,0.014621973037719727,15.62719339658426,0.009706478494042159,9.0,0.5209064465528087
0.0,AFW_diminishing,diminishing,560.0,0.014648199081420898,15.627156080013552,0.019602674162300104,9.0,0.5209052026671184
0.0,AFW_diminishing,diminishing,561.0,0.014673948287963867,15.627176190705647,0.009758393133260768,9.0,0.5209058730235215
0.0,AFW_diminishing,diminishing,562.0,0.014698982238769531,15.627155897171367,0.019319636856492295,9.0,0.5209051965723789
0.0,AFW_diminishing,diminishing,563.0,0.014724969863891602,15.627176322713899,0.009594174043472847,9.0,0.5209058774237966
0.0,AFW_diminishing,diminishing,564.0,0.014750003814697266,15.627155718690416,0.01933713252857494,9.0,0.5209051906230139
0.0,AFW_diminishing,diminishing,565.0,0.014775991439819336,15.627192102124926,0.009594502395680493,9.0,0.5209064034041642
0.0,AFW_diminishing,diminishing,566.0,0.014801979064941406,15.627155541901008,0.019222999038749577,9.0,0.5209051847300336
0.0,AFW_diminishing,diminishing,567.0,0.014955997467041016,15.627175836747847,0.009482103440824119,9.0,0.5209058612249282
0.0,AFW_diminishing,diminishing,568.0,0.015105009078979492,15.62715536797059,0.019109719472258035,9.0,0.520905178932353
0.0,AFW_diminishing,diminishing,569.0,0.01513981819152832,15.627191565984207,0.009434645456554591,9.0,0.5209063855328069
0.0,AFW_diminishing,diminishing,570.0,0.015166044235229492,15.627155196556908,0.019045143397603326,9.0,0.5209051732185636
0.0,AFW_diminishing,diminishing,571.0,0.015211105346679688,15.62717536230143,0.009371618088506395,9.0,0.5209058454100476
0.0,AFW_diminishing,diminishing,572.0,0.015238046646118164,15.627155027039393,0.01888548458864925,9.0,0.5209051675679798
0.0,AFW_diminishing,diminishing,573.0,0.01526498794555664,15.627191041196483,0.00927703644286737,9.0,0.5209063680398828
0.0,AFW_diminishing,diminishing,574.0,0.015290975570678711,15.627154860829409,0.01886976496014192,9.0,0.5209051620276469
0.0,AFW_diminishing,diminishing,575.0,0.015316963195800781,15.627174899037719,0.009262684591103465,9.0,0.520905829967924
0.0,AFW_diminishing,diminishing,576.0,0.015343904495239258,15.627154695592148,0.01866436171673236,9.0,0.5209051565197382
0.0,AFW_diminishing,diminishing,577.0,0.015367984771728516,15.627190527446695,0.009121628272737325,9.0,0.5209063509148898
0.0,AFW_diminishing,diminishing,578.0,0.015394926071166992,15.627154534420226,0.018696812330558643,9.0,0.5209051511473409
0.0,AFW_diminishing,diminishing,579.0,0.015419960021972656,15.627174446631702,0.009155270484603406,9.0,0.5209058148877234
0.0,AFW_diminishing,diminishing,580.0,0.015444040298461914,15.627154373335333,0.01844628651920921,9.0,0.5209051457778444
0.0,AFW_diminishing,diminishing,581.0,0.015469789505004883,15.627174568517736,0.009001092540186661,9.0,0.5209058189505912
0.0,AFW_diminishing,diminishing,582.0,0.015495061874389648,15.627154216060493,0.01846271856702053,9.0,0.5209051405353498
0.0,AFW_diminishing,diminishing,583.0,0.015521049499511719,15.627189354587555,0.009016625447451077,9.0,0.5209063118195851
0.0,AFW_diminishing,diminishing,584.0,0.015545845031738281,15.627154059976704,0.018340297249062942,9.0,0.5209051353325568
0.0,AFW_diminishing,diminishing,585.0,0.015570878982543945,15.627180795232958,0.008895901374314619,9.0,0.5209060265077653
0.0,AFW_diminishing,diminishing,586.0,0.015596151351928711,15.627154112015853,0.024729810389059637,9.0,0.5209051370671951
0.0,AFW_diminishing,diminishing,587.0,0.01562976837158203,15.627180368293331,0.008902285493704198,9.0,0.5209060122764444
0.0,AFW_diminishing,diminishing,588.0,0.015655040740966797,15.62715416402993,0.024557382108515213,9.0,0.5209051388009976
0.0,AFW_diminishing,diminishing,589.0,0.015681028366088867,15.627179947197828,0.00890862698639161,9.0,0.5209059982399276
0.0,AFW_diminishing,diminishing,590.0,0.015707015991210938,15.62715421601588,0.02438612873249113,9.0,0.5209051405338626
0.0,AFW_diminishing,diminishing,591.0,0.015733003616333008,15.627179531857417,0.008914926277801882,9.0,0.5209059843952473
0.0,AFW_diminishing,diminishing,592.0,0.015759944915771484,15.627154267970727,0.02421603829358432,9.0,0.520905142265691
0.0,AFW_diminishing,diminishing,593.0,0.01578807830810547,15.627179122184678,0.00892118378768636,9.0,0.5209059707394893
0.0,AFW_diminishing,diminishing,594.0,0.015813827514648438,15.627154319891591,0.024047098986365256,9.0,0.5209051439963864
0.0,AFW_diminishing,diminishing,595.0,0.015842199325561523,15.627178718093745,0.008927399930259483,9.0,0.5209059572697915
0.0,AFW_diminishing,diminishing,596.0,0.015867948532104492,15.627154371775658,0.02387929916465481,9.0,0.5209051457258552
0.0,AFW_diminishing,diminishing,597.0,0.015892982482910156,15.627178319500295,0.00893357511430004,9.0,0.5209059439833432
0.0,AFW_diminishing,diminishing,598.0,0.015918970108032227,15.627154423620206,0.023712627338840164,9.0,0.5209051474540068
0.0,AFW_diminishing,diminishing,599.0,0.015944957733154297,15.6271779263215,0.00893970974318492,9.0,0.5209059308773833
0.0,AFW_diminishing,diminishing,600.0,0.01596999168395996,15.627154475422586,0.023547072173263572,9.0,0.5209051491807528
0.0,AFW_diminishing,diminishing,601.0,0.015995025634765625,15.627177538476,0.008945804215047204,9.0,0.5209059179491999
0.0,AFW_diminishing,diminishing,602.0,0.016021013259887695,15.62715452718022,0.023382622483630655,9.0,0.5209051509060073
0.0,AFW_diminishing,diminishing,603.0,0.016045808792114258,15.627177155883881,0.008951858922808142,9.0,0.5209059051961293
0.0,AFW_diminishing,diminishing,604.0,0.016070842742919922,15.62715457889061,0.023219267234519947,9.0,0.520905152629687
0.0,AFW_diminishing,diminishing,605.0,0.016093969345092773,15.627176778466628,0.008957874254278408,9.0,0.5209058926155543
0.0,AFW_diminishing,diminishing,606.0,0.016120195388793945,15.62715463055133,0.02305699553690843,9.0,0.520905154351711
0.0,AFW_diminishing,diminishing,607.0,0.016145944595336914,15.62717640614712,0.00896385059224869,9.0,0.520905880204904
0.0,AFW_diminishing,diminishing,608.0,0.016172170639038086,15.627154682160013,0.022895796645713062,9.0,0.5209051560720004
0.0,AFW_diminishing,diminishing,609.0,0.01619696617126465,15.627176038849578,0.008969788314566074,9.0,0.5209058679616526
0.0,AFW_diminishing,diminishing,610.0,0.01622295379638672,15.627154733714368,0.022735659957476173,9.0,0.520905157790479
0.0,AFW_diminishing,diminishing,611.0,0.016248226165771484,15.627175676499544,0.008975687794219311,9.0,0.5209058558833182
0.0,AFW_diminishing,diminishing,612.0,0.016273021697998047,15.627154785212179,0.022576575008018906,9.0,0.5209051595070726
0.0,AFW_diminishing,diminishing,613.0,0.016297101974487305,15.627175319023872,0.008981549399392108,9.0,0.5209058439674624
0.0,AFW_diminishing,diminishing,614.0,0.01632213592529297,15.627154836651272,0.022418531470140834,9.0,0.520905161221709
0.0,AFW_diminishing,diminishing,615.0,0.01634693145751953,15.62717496635068,0.008987373493578588,9.0,0.5209058322116893
0.0,AFW_diminishing,diminishing,616.0,0.016391992568969727,15.627154888029557,0.022261519151417275,9.0,0.5209051629343185
0.0,AFW_diminishing,diminishing,617.0,0.016424894332885742,15.627174618409322,0.00899316043561349,9.0,0.5209058206136441
0.0,AFW_diminishing,diminishing,618.0,0.01645183563232422,15.627154939344996,0.022105527991984175,9.0,0.5209051646448332
0.0,AFW_diminishing,diminishing,619.0,0.016479969024658203,15.627174275130391,0.008998910579798292,9.0,0.520905809171013
0.0,AFW_diminishing,diminishing,620.0,0.016507863998413086,15.627154990595614,0.021950548062406483,9.0,0.5209051663531871
0.0,AFW_diminishing,diminishing,621.0,0.01653599739074707,15.627173936445661,0.009004624275922524,9.0,0.520905797881522
0.0,AFW_diminishing,diminishing,622.0,0.01656198501586914,15.627155041779487,0.021796569561564283,9.0,0.5209051680593162
0.0,AFW_diminishing,diminishing,623.0,0.01658916473388672,15.627173602288085,0.009010301869359694,9.0,0.5209057867429362
0.0,AFW_diminishing,diminishing,624.0,0.016614913940429688,15.627155092894757,0.021643582814585116,9.0,0.5209051697631586
0.0,AFW_diminishing,diminishing,625.0,0.016642093658447266,15.627173272591753,0.009015943701159657,9.0,0.5209057757530584
0.0,AFW_diminishing,diminishing,626.0,0.016667842864990234,15.62715514393962,0.02149157827082071,9.0,0.520905171464654
0.0,AFW_diminishing,diminishing,627.0,0.016694068908691406,15.627172947291896,0.009021550108046839,9.0,0.5209057649097298
0.0,AFW_diminishing,diminishing,628.0,0.01671886444091797,15.627155194912323,0.02134054650185746,9.0,0.5209051731637441
0.0,AFW_diminishing,diminishing,629.0,0.016743898391723633,15.627172626324844,0.009027121422564122,9.0,0.5209057542108282
0.0,AFW_diminishing,diminishing,630.0,0.01677393913269043,15.627155245811167,0.021190478199567764,9.0,0.5209051748603722
0.0,AFW_diminishing,diminishing,631.0,0.016798973083496094,15.627172309627994,0.00903265797311903,9.0,0.5209057436542665
0.0,AFW_diminishing,diminishing,632.0,0.01682591438293457,15.6271552966345,0.021041364174207544,9.0,0.5209051765544833
0.0,AFW_diminishing,diminishing,633.0,0.01685190200805664,15.627171997139824,0.009038160083978397,9.0,0.5209057332379942
0.0,AFW_diminishing,diminishing,634.0,0.016877174377441406,15.627155347380736,0.020893195352511995,9.0,0.5209051782460246
0.0,AFW_diminishing,diminishing,635.0,0.01690196990966797,15.627171688799834,0.009043628075456667,9.0,0.5209057229599945
0.0,AFW_diminishing,diminishing,636.0,0.016927003860473633,15.62715539804831,0.020745962775899685,9.0,0.5209051799349437
0.0,AFW_diminishing,diminishing,637.0,0.01695108413696289,15.627171384548552,0.009049062263859042,9.0,0.520905712818285
0.0,AFW_diminishing,diminishing,638.0,0.016975879669189453,15.627155448635737,0.020599657598619814,9.0,0.5209051816211913
0.0,AFW_diminishing,diminishing,639.0,0.017000913619995117,15.627171084327504,0.009054462961625376,9.0,0.5209057028109167
0.0,AFW_diminishing,diminishing,640.0,0.017027854919433594,15.627155499141548,0.020454271086023823,9.0,0.5209051833047182
0.0,AFW_diminishing,diminishing,641.0,0.017055034637451172,15.627170788079187,0.009059830477337272,9.0,0.5209056929359729
0.0,AFW_diminishing,diminishing,642.0,0.01708078384399414,15.627155549564343,0.020309794612794363,9.0,0.5209051849854781
0.0,AFW_diminishing,diminishing,643.0,0.017107009887695312,15.627170495747068,0.009065165115803353,9.0,0.5209056831915689
0.0,AFW_diminishing,diminishing,644.0,0.01713395118713379,15.627155599902759,0.02016621966124177,9.0,0.5209051866634253
0.0,AFW_diminishing,diminishing,645.0,0.01715993881225586,15.627170207275546,0.009070467178121433,9.0,0.5209056735758515
0.0,AFW_diminishing,diminishing,646.0,0.017186880111694336,15.627155650155467,0.020023537819669812,9.0,0.5209051883385156
0.0,AFW_diminishing,diminishing,647.0,0.0172119140625,15.627169922609943,0.009075736961712266,9.0,0.5209056640869981
0.0,AFW_diminishing,diminishing,648.0,0.017239093780517578,15.627155700321188,0.019881740780681056,9.0,0.5209051900107062
0.0,AFW_diminishing,diminishing,649.0,0.017266035079956055,15.6271696416965,0.009080974760394156,9.0,0.5209056547232167
0.0,AFW_diminishing,diminishing,650.0,0.017292022705078125,15.627155750398689,0.019740820339583465,9.0,0.5209051916799563
0.0,AFW_diminishing,diminishing,651.0,0.017318010330200195,15.627169364482336,0.009086180864416704,9.0,0.5209056454827445
0.0,AFW_diminishing,diminishing,652.0,0.017342090606689453,15.627155800386767,0.019600768392828982,9.0,0.5209051933462255
0.0,AFW_diminishing,diminishing,653.0,0.017368793487548828,15.627169090915434,0.009091355560562064,9.0,0.5209056363638478
0.0,AFW_diminishing,diminishing,654.0,0.01739501953125,15.627155850284266,0.019461576936437908,9.0,0.5209051950094755
0.0,AFW_diminishing,diminishing,655.0,0.017420053482055664,15.627168820944641,0.009096499132125402,9.0,0.5209056273648214
0.0,AFW_diminishing,diminishing,656.0,0.017444849014282227,15.62715590009006,0.01932323806447478,9.0,0.5209051966696686
0.0,AFW_diminishing,diminishing,657.0,0.01746988296508789,15.627168554519637,0.009101611859025027,9.0,0.5209056184839879
0.0,AFW_diminishing,diminishing,658.0,0.017496824264526367,15.627155949803072,0.019185743967561564,9.0,0.5209051983267691
0.0,AFW_diminishing,diminishing,659.0,0.017520904541015625,15.627168291590925,0.009106694017834371,9.0,0.5209056097196975
0.0,AFW_diminishing,diminishing,660.0,0.01754593849182129,15.627155999422243,0.01904908693139795,9.0,0.5209051999807415
0.0,AFW_diminishing,diminishing,661.0,0.017570972442626953,15.627168032109818,0.009111745881826394,9.0,0.5209056010703272
0.0,AFW_diminishing,diminishing,662.0,0.017596006393432617,15.62715604894657,0.018913259335329613,9.0,0.5209052016315524
0.0,AFW_diminishing,diminishing,663.0,0.017623186111450195,15.627167776028417,0.009116767721032204,9.0,0.5209055925342806
0.0,AFW_diminishing,diminishing,664.0,0.01764988899230957,15.627156098375066,0.018778253650914678,9.0,0.5209052032791689
0.0,AFW_diminishing,diminishing,665.0,0.01767706871032715,15.627167523299592,0.009121759802278362,9.0,0.5209055841099864
0.0,AFW_diminishing,diminishing,666.0,0.01770305633544922,15.627156147706792,0.01864406244056127,9.0,0.5209052049235597
0.0,AFW_diminishing,diminishing,667.0,0.017729997634887695,15.627167273876985,0.009126722389229514,9.0,0.5209055757958995
0.0,AFW_diminishing,diminishing,668.0,0.017755985260009766,15.627156196940838,0.01851067835612774,9.0,0.5209052065646946
0.0,AFW_diminishing,diminishing,669.0,0.017783164978027344,15.627167027714977,0.009131655742464773,9.0,0.5209055675904992
0.0,AFW_diminishing,diminishing,670.0,0.01780986785888672,15.62715624607632,0.018378094137606382,9.0,0.5209052082025439
0.0,AFW_diminishing,diminishing,671.0,0.01783609390258789,15.627166784768692,0.00913656011950259,9.0,0.5209055594922897
0.0,AFW_diminishing,diminishing,672.0,0.017860889434814453,15.627156295112387,0.018246302611800047,9.0,0.5209052098370796
0.0,AFW_diminishing,diminishing,673.0,0.017887115478515625,15.627166544993958,0.009141435774822071,9.0,0.5209055514997986
0.0,AFW_diminishing,diminishing,674.0,0.01791214942932129,15.627156344048228,0.018115296691020077,9.0,0.5209052114682743
0.0,AFW_diminishing,diminishing,675.0,0.01793694496154785,15.627166308347324,0.009146282959966001,9.0,0.5209055436115775
0.0,AFW_diminishing,diminishing,676.0,0.017963171005249023,15.627156392883045,0.017985069371837525,9.0,0.5209052130961015
0.0,AFW_diminishing,diminishing,677.0,0.0179898738861084,15.627166074786022,0.009151101923519533,9.0,0.5209055358262007
0.0,AFW_diminishing,diminishing,678.0,0.018017053604125977,15.627156441616087,0.017855613733791742,9.0,0.5209052147205362
0.0,AFW_diminishing,diminishing,679.0,0.01804184913635254,15.62716584426797,0.009155892911202557,9.0,0.5209055281422657
0.0,AFW_diminishing,diminishing,680.0,0.018066883087158203,15.627156490246612,0.017726922938216205,9.0,0.5209052163415537
0.0,AFW_diminishing,diminishing,681.0,0.01809215545654297,15.62716561675175,0.009160656165869696,9.0,0.5209055205583917
0.0,AFW_diminishing,diminishing,682.0,0.01811695098876953,15.627156538773926,0.017598990227012834,9.0,0.5209052179591309
0.0,AFW_diminishing,diminishing,683.0,0.0181429386138916,15.627165392196606,0.009165391927597355,9.0,0.5209055130732202
0.0,AFW_diminishing,diminishing,684.0,0.018169879913330078,15.627156587197348,0.0174718089214565,9.0,0.520905219573245
0.0,AFW_diminishing,diminishing,685.0,0.018197059631347656,15.62716517056241,0.00917010043368549,9.0,0.5209055056854137
0.0,AFW_diminishing,diminishing,686.0,0.01822185516357422,15.627156635516227,0.017345372421035066,9.0,0.5209052211838743
0.0,AFW_diminishing,diminishing,687.0,0.018245935440063477,15.627164951809677,0.009174781918716235,9.0,0.5209054983936559
0.0,AFW_diminishing,diminishing,688.0,0.01827096939086914,15.627156683729936,0.017219674202337387,9.0,0.5209052227909978
0.0,AFW_diminishing,diminishing,689.0,0.018296003341674805,15.627164735899552,0.009179436614576986,9.0,0.5209054911966517
0.0,AFW_diminishing,diminishing,690.0,0.018321990966796875,15.627156731837875,0.01709470781789868,9.0,0.5209052243945959
0.0,AFW_diminishing,diminishing,691.0,0.018346071243286133,15.627164522793759,0.009184064750531462,9.0,0.5209054840931253
0.0,AFW_diminishing,diminishing,692.0,0.01837015151977539,15.627156779839469,0.01697046689510806,9.0,0.520905225994649
0.0,AFW_diminishing,diminishing,693.0,0.01839590072631836,15.62716431245464,0.009188666553225033,9.0,0.5209054770818213
0.0,AFW_diminishing,diminishing,694.0,0.018419981002807617,15.627156827734165,0.016846945135135627,9.0,0.5209052275911389
0.0,AFW_diminishing,diminishing,695.0,0.018446922302246094,15.627164104845132,0.009193242246716693,9.0,0.5209054701615045
0.0,AFW_diminishing,diminishing,696.0,0.018474102020263672,15.627156875521436,0.016724136311855986,9.0,0.5209052291840479
0.0,AFW_diminishing,diminishing,697.0,0.018500804901123047,15.627163899928727,0.009197792052548337,9.0,0.5209054633309576
0.0,AFW_diminishing,diminishing,698.0,0.018527984619140625,15.62715692320077,0.016602034270794874,9.0,0.520905230773359
0.0,AFW_diminishing,diminishing,699.0,0.018553972244262695,15.627163697669493,0.009202316189769633,9.0,0.5209054565889831
0.0,AFW_diminishing,diminishing,700.0,0.01857900619506836,15.627156970771686,0.016480632928125516,9.0,0.5209052323590562
0.0,AFW_diminishing,diminishing,701.0,0.018604040145874023,15.627163498032054,0.009206814874938019,9.0,0.5209054499344018
0.0,AFW_diminishing,diminishing,702.0,0.018628835678100586,15.627157018233719,0.016359926269638336,9.0,0.520905233941124
0.0,AFW_diminishing,diminishing,703.0,0.018655061721801758,15.627163300981579,0.009211288322212852,9.0,0.5209054433660526
0.0,AFW_diminishing,diminishing,704.0,0.018680810928344727,15.62715706558643,0.016239908349753307,9.0,0.5209052355195476
0.0,AFW_diminishing,diminishing,705.0,0.018707990646362305,15.627163106483767,0.009215736743334091,9.0,0.5209054368827922
0.0,AFW_diminishing,diminishing,706.0,0.01873302459716797,15.627162567704111,0.016153472365008525,9.0,0.5209054189234704
0.0,AFW_diminishing,diminishing,707.0,0.01875901222229004,15.627162914210944,0.013954522710161399,9.0,0.5209054304736981
0.0,AFW_diminishing,diminishing,708.0,0.018784046173095703,15.627156924457953,0.01608565082446134,9.0,0.5209052308152651
0.0,AFW_diminishing,diminishing,709.0,0.01881098747253418,15.627162723722432,0.009244018434509726,9.0,0.520905424124081
0.0,AFW_diminishing,diminishing,710.0,0.018838167190551758,15.627162412258613,0.015983470689441504,9.0,0.5209054137419538
0.0,AFW_diminishing,diminishing,711.0,0.018863916397094727,15.627162535602695,0.013956190864634621,9.0,0.5209054178534231
0.0,AFW_diminishing,diminishing,712.0,0.01888895034790039,15.627156786369046,0.01593313547708952,9.0,0.5209052262123015
0.0,AFW_diminishing,diminishing,713.0,0.018913984298706055,15.6271623490258,0.009271986473313731,9.0,0.5209054116341933
0.0,AFW_diminishing,diminishing,714.0,0.01893901824951172,15.627156832524069,0.015816468529617822,9.0,0.5209052277508023
0.0,AFW_diminishing,diminishing,715.0,0.018964052200317383,15.627162164848786,0.009276311413351834,9.0,0.5209054054949596
0.0,AFW_diminishing,diminishing,716.0,0.01899099349975586,15.627162048248989,0.015781247131776865,9.0,0.5209054016082997
0.0,AFW_diminishing,diminishing,717.0,0.019017934799194336,15.627161982195203,0.013948618277991542,9.0,0.5209053994065067
0.0,AFW_diminishing,diminishing,718.0,0.019044876098632812,15.62715669812693,0.01566651240097272,9.0,0.5209052232708976
0.0,AFW_diminishing,diminishing,719.0,0.01906895637512207,15.627161801783265,0.009303817286832938,9.0,0.5209053933927755
0.0,AFW_diminishing,diminishing,720.0,0.019093990325927734,15.627161900850693,0.01561596881109395,9.0,0.5209053966950231
0.0,AFW_diminishing,diminishing,721.0,0.019118785858154297,15.627161623037917,0.013950247256007131,9.0,0.5209053874345972
0.0,AFW_diminishing,diminishing,722.0,0.019144058227539062,15.627156566594051,0.015518226296132198,9.0,0.5209052188864683
0.0,AFW_diminishing,diminishing,723.0,0.019170761108398438,15.627161446300402,0.009331022282205836,9.0,0.5209053815433468
0.0,AFW_diminishing,diminishing,724.0,0.01919698715209961,15.627161756278502,0.01545252538481634,9.0,0.5209053918759501
0.0,AFW_diminishing,diminishing,725.0,0.019224166870117188,15.627161271367804,0.013951860395106763,9.0,0.5209053757122601
0.0,AFW_diminishing,diminishing,726.0,0.01924896240234375,15.627156437855676,0.015371582472436529,9.0,0.5209052145951892
0.0,AFW_diminishing,diminishing,727.0,0.019273042678833008,15.627161098216659,0.009357931309072143,9.0,0.5209053699405553
0.0,AFW_diminishing,diminishing,728.0,0.019298076629638672,15.627161614466376,0.015290886466308606,9.0,0.5209053871488792
0.0,AFW_diminishing,diminishing,729.0,0.019322872161865234,15.627160927004097,0.013953457921246581,9.0,0.5209053642334699
0.0,AFW_diminishing,diminishing,730.0,0.019350051879882812,15.627156311844065,0.015226553798308728,9.0,0.5209052103948022
0.0,AFW_diminishing,diminishing,731.0,0.01937389373779297,15.627160757353794,0.00938454917079845,9.0,0.5209053585784598
0.0,AFW_diminishing,diminishing,732.0,0.019398927688598633,15.627161475350123,0.015131022336154487,9.0,0.5209053825116707
0.0,AFW_diminishing,diminishing,733.0,0.019423961639404297,15.627160589771215,0.013955040056194079,9.0,0.5209053529923738
0.0,AFW_diminishing,diminishing,734.0,0.019448041915893555,15.627156188493412,0.015083113736519493,9.0,0.5209052062831138
0.0,AFW_diminishing,diminishing,735.0,0.01947498321533203,15.627160423538653,0.009410880567372715,9.0,0.5209053474512885
0.0,AFW_diminishing,diminishing,736.0,0.01949906349182129,15.627156231992503,0.01497334070034917,9.0,0.5209052077330835
0.0,AFW_diminishing,diminishing,737.0,0.01952385902404785,15.627160259409644,0.009414950923741117,9.0,0.5209053419803215
0.0,AFW_diminishing,diminishing,738.0,0.019548892974853516,15.627161146961944,0.014940799378591052,9.0,0.5209053715653982
0.0,AFW_diminishing,diminishing,739.0,0.01957416534423828,15.627160096602108,0.013947937891856554,9.0,0.5209053365534035
0.0,AFW_diminishing,diminishing,740.0,0.01959991455078125,15.627156111869098,0.014832235744883349,9.0,0.52090520372897
0.0,AFW_diminishing,diminishing,741.0,0.019627094268798828,15.62715993576602,0.009440859992992046,9.0,0.5209053311922006
0.0,AFW_diminishing,diminishing,742.0,0.019654035568237305,15.627161014902509,0.014785245230042321,9.0,0.520905367163417
0.0,AFW_diminishing,diminishing,743.0,0.019678115844726562,15.627159776379886,0.013949483731755308,9.0,0.5209053258793295
0.0,AFW_diminishing,diminishing,744.0,0.019703149795532227,15.627155994257153,0.014692655546667766,9.0,0.5209051998085718
0.0,AFW_diminishing,diminishing,745.0,0.01972794532775879,15.627159618759439,0.009466493925849306,9.0,0.5209053206253146
0.0,AFW_diminishing,diminishing,746.0,0.019752979278564453,15.627160885321835,0.014631366861655337,9.0,0.5209053628440612
0.0,AFW_diminishing,diminishing,747.0,0.01977992057800293,15.627159462713236,0.013951014911835813,9.0,0.5209053154237745
0.0,AFW_diminishing,diminishing,748.0,0.019805908203125,15.627155879097074,0.014554575524774904,9.0,0.5209051959699025
0.0,AFW_diminishing,diminishing,749.0,0.019832849502563477,15.627159308233313,0.009491857081503241,9.0,0.5209053102744438
0.0,AFW_diminishing,diminishing,750.0,0.019856929779052734,15.627160758163496,0.014479137339447945,9.0,0.5209053586054498
0.0,AFW_diminishing,diminishing,751.0,0.0198819637298584,15.627159155447863,0.013952531636389764,9.0,0.5209053051815954
0.0,AFW_diminishing,diminishing,752.0,0.019907236099243164,15.627155766330935,0.014417971623794656,9.0,0.5209051922110312
0.0,AFW_diminishing,diminishing,753.0,0.019932031631469727,15.62715900403544,0.009516953727530364,9.0,0.5209053001345146
0.0,AFW_diminishing,diminishing,754.0,0.019958972930908203,15.627160633372602,0.014328530303535203,9.0,0.5209053544457534
0.0,AFW_diminishing,diminishing,755.0,0.019984960556030273,15.627158854433779,0.01395403410600693,9.0,0.5209052951477926
0.0,AFW_diminishing,diminishing,756.0,0.020013093948364258,15.627155655902428,0.014282820299872157,9.0,0.5209051885300809
0.0,AFW_diminishing,diminishing,757.0,0.020038843154907227,15.627158706017852,0.009541788042321642,9.0,0.5209052902005951
0.0,AFW_diminishing,diminishing,758.0,0.020066022872924805,15.627160510895772,0.014179519952930875,9.0,0.5209053503631924
0.0,AFW_diminishing,diminishing,759.0,0.02008986473083496,15.627158559525169,0.013955522517662189,9.0,0.5209052853175057
0.0,AFW_diminishing,diminishing,760.0,0.020116090774536133,15.627155547756812,0.014149098507209246,9.0,0.5209051849252271
0.0,AFW_diminishing,diminishing,761.0,0.020143985748291016,15.627158414036703,0.009566364117373993,9.0,0.5209052804678901
0.0,AFW_diminishing,diminishing,762.0,0.020169973373413086,15.627155588378788,0.014046712801102146,9.0,0.5209051862792929
0.0,AFW_diminishing,diminishing,763.0,0.02019476890563965,15.627158270356786,0.009570161504688812,9.0,0.5209052756785595
0.0,AFW_diminishing,diminishing,764.0,0.020220041275024414,15.627160218975645,0.014002151617855674,9.0,0.5209053406325215
0.0,AFW_diminishing,diminishing,765.0,0.020246028900146484,15.627158127950555,0.013948921590383634,9.0,0.5209052709316851
0.0,AFW_diminishing,diminishing,766.0,0.02027297019958496,15.62715548299649,0.013915093747742802,9.0,0.5209051827665496
0.0,AFW_diminishing,diminishing,767.0,0.02030014991760254,15.62715798709422,0.00959435664218411,9.0,0.520905266236474
0.0,AFW_diminishing,diminishing,768.0,0.020323991775512695,15.627160102570503,0.013857022607014713,9.0,0.5209053367523501
0.0,AFW_diminishing,diminishing,769.0,0.02034902572631836,15.627157847623453,0.013950376775307305,9.0,0.5209052615874484
0.0,AFW_diminishing,diminishing,770.0,0.020376205444335938,15.627155379772566,0.013784848698815466,9.0,0.5209051793257522
0.0,AFW_diminishing,diminishing,771.0,0.020401954650878906,15.62715770952634,0.009618303414155704,9.0,0.5209052569842113
0.0,AFW_diminishing,diminishing,772.0,0.02042698860168457,15.627159988298423,0.013713404181403988,9.0,0.5209053329432808
0.0,AFW_diminishing,diminishing,773.0,0.020450830459594727,15.627157572923128,0.013951818553120887,9.0,0.5209052524307709
0.0,AFW_diminishing,diminishing,774.0,0.020474910736083984,15.627155278657288,0.013655956251225732,9.0,0.5209051759552429
0.0,AFW_diminishing,diminishing,775.0,0.02049994468688965,15.627157437522621,0.009642005625071448,9.0,0.5209052479174207
0.0,AFW_diminishing,diminishing,776.0,0.020525217056274414,15.62715987611228,0.01357127287908888,9.0,0.5209053292037427
0.0,AFW_diminishing,diminishing,777.0,0.020550012588500977,15.627157303720908,0.013953247105614963,9.0,0.5209052434573637
0.0,AFW_diminishing,diminishing,778.0,0.020574092864990234,15.627155179602267,0.013528395444092567,9.0,0.520905172653409
0.0,AFW_diminishing,diminishing,779.0,0.0205991268157959,15.627157170956094,0.009665467002102801,9.0,0.5209052390318698
0.0,AFW_diminishing,diminishing,780.0,0.02062392234802246,15.627155218431362,0.013430696021426769,9.0,0.5209051739477121
0.0,AFW_diminishing,diminishing,781.0,0.020650148391723633,15.627157039823986,0.009669091262962226,9.0,0.5209052346607995
0.0,AFW_diminishing,diminishing,782.0,0.020676851272583008,15.627159606856427,0.013402055313099126,9.0,0.5209053202285475
0.0,AFW_diminishing,diminishing,783.0,0.02070307731628418,15.627156909702531,0.013946963521377143,9.0,0.5209052303234177
0.0,AFW_diminishing,diminishing,784.0,0.02072882652282715,15.627155121867016,0.013305094855791566,9.0,0.5209051707289005
0.0,AFW_diminishing,diminishing,785.0,0.02075505256652832,15.627156781114357,0.009692197242843648,9.0,0.5209052260371452
0.0,AFW_diminishing,diminishing,786.0,0.020781755447387695,15.627159500152455,0.013263541376085541,9.0,0.5209053166717486
0.0,AFW_diminishing,diminishing,787.0,0.020808935165405273,15.627156653641077,0.013948360768862855,9.0,0.5209052217880359
0.0,AFW_diminishing,diminishing,788.0,0.02083420753479004,15.627155027252789,0.013180774783920768,9.0,0.520905167575093
0.0,AFW_diminishing,diminishing,789.0,0.020860910415649414,15.627156527539963,0.009715071391051211,9.0,0.5209052175846655
0.0,AFW_diminishing,diminishing,790.0,0.02089095115661621,15.627159395374374,0.013126436181252643,9.0,0.5209053131791458
0.0,AFW_diminishing,diminishing,791.0,0.02091693878173828,15.627156402654784,0.013949745392560331,9.0,0.5209052134218262
0.0,AFW_diminishing,diminishing,792.0,0.02094292640686035,15.627154934544624,0.013057716305604927,9.0,0.5209051644848208
0.0,AFW_diminishing,diminishing,793.0,0.020968914031982422,15.627156278985364,0.009737717179032046,9.0,0.5209052092995121
0.0,AFW_diminishing,diminishing,794.0,0.0209958553314209,15.62715929248046,0.01299071834656118,9.0,0.5209053097493487
0.0,AFW_diminishing,diminishing,795.0,0.02102208137512207,15.62715615662981,0.01395111756049694,9.0,0.5209052052209937
0.0,AFW_diminishing,diminishing,796.0,0.02104806900024414,15.62715484369964,0.012935900314362314,9.0,0.5209051614566547
0.0,AFW_diminishing,diminishing,797.0,0.021075010299682617,15.627156035338185,0.009760138009298203,9.0,0.5209052011779395
0.0,AFW_diminishing,diminishing,798.0,0.021100997924804688,15.62715919143008,0.012856366920509288,9.0,0.5209053063810026
0.0,AFW_diminishing,diminishing,799.0,0.021127939224243164,15.627155915455345,0.013952477437769062,9.0,0.5209051971818448
0.0,AFW_diminishing,diminishing,800.0,0.021154165267944336,15.627154754676093,0.01281530808760678,9.0,0.5209051584892032
0.0,AFW_diminishing,diminishing,801.0,0.021183013916015625,15.627155796489037,0.00978233721708932,9.0,0.5209051932163012
0.0,AFW_diminishing,diminishing,802.0,0.02120804786682129,15.62715909218366,0.012723361371369535,9.0,0.5209053030727887
0.0,AFW_diminishing,diminishing,803.0,0.02123713493347168,15.627155679023499,0.013953825186643343,9.0,0.5209051893007833
0.0,AFW_diminishing,diminishing,804.0,0.02126288414001465,15.627154667433336,0.012695921277009248,9.0,0.5209051555811112
0.0,AFW_diminishing,diminishing,805.0,0.02128911018371582,15.627155562331403,0.009804318072038853,9.0,0.5209051854110468
0.0,AFW_diminishing,diminishing,806.0,0.021315813064575195,15.627154703829637,0.012604442549479344,9.0,0.5209051567943213
0.0,AFW_diminishing,diminishing,807.0,0.021342039108276367,15.627155447053514,0.009807712326994178,9.0,0.5209051815684504
0.0,AFW_diminishing,diminishing,808.0,0.021368026733398438,15.627158851544129,0.012564960692110105,9.0,0.520905295051471
0.0,AFW_diminishing,diminishing,809.0,0.021404027938842773,15.627155332760408,0.013947960285200622,9.0,0.5209051777586803
0.0,AFW_diminishing,diminishing,810.0,0.021430015563964844,15.627154618734993,0.012486830732230558,9.0,0.5209051539578331
0.0,AFW_diminishing,diminishing,811.0,0.021456003189086914,15.627155219679647,0.009829370792010295,9.0,0.5209051739893216
0.0,AFW_diminishing,diminishing,812.0,0.02148294448852539,15.627158757049575,0.012435231846218642,9.0,0.5209052919016525
0.0,AFW_diminishing,diminishing,813.0,0.02150893211364746,15.62715510767508,0.01394927926824252,9.0,0.5209051702558359
0.0,AFW_diminishing,diminishing,814.0,0.02153801918029785,15.627154535328538,0.012370380032713513,9.0,0.5209051511776179
0.0,AFW_diminishing,diminishing,815.0,0.021564006805419922,15.627154996743643,0.00985081881002614,9.0,0.5209051665581215
0.0,AFW_diminishing,diminishing,816.0,0.021589040756225586,15.627158664224286,0.012306780181484456,9.0,0.5209052888074762
0.0,AFW_diminishing,diminishing,817.0,0.02161383628845215,15.627154886977074,0.013950586660669728,9.0,0.5209051628992358
0.0,AFW_diminishing,diminishing,818.0,0.021638870239257812,15.627154453573164,0.012255073341153278,9.0,0.5209051484524388
0.0,AFW_diminishing,diminishing,819.0,0.02166295051574707,15.627154778148384,0.009872059433289948,9.0,0.5209051592716128
0.0,AFW_diminishing,diminishing,820.0,0.021687030792236328,15.6271585730331,0.012179586929889297,9.0,0.52090528576777
0.0,AFW_diminishing,diminishing,821.0,0.0217130184173584,15.627154670570585,0.01395188261273006,9.0,0.5209051556856862
0.0,AFW_diminishing,diminishing,822.0,0.021741867065429688,15.627154373432715,0.012140893882286008,9.0,0.5209051457810905
0.0,AFW_diminishing,diminishing,823.0,0.02176690101623535,15.62715456379927,0.009893095655302275,9.0,0.5209051521266423
0.0,AFW_diminishing,diminishing,824.0,0.02179098129272461,15.627158483441734,0.012053633689317778,9.0,0.5209052827813911
0.0,AFW_diminishing,diminishing,825.0,0.021816015243530273,15.62715445836228,0.013953167272120481,9.0,0.520905148612076
0.0,AFW_diminishing,diminishing,826.0,0.021841049194335938,15.627154294871984,0.012027825207230336,9.0,0.5209051431623994
0.0,AFW_diminishing,diminishing,827.0,0.021867036819458008,15.627154353604116,0.009913930412237093,9.0,0.5209051451201372
0.0,AFW_diminishing,diminishing,828.0,0.021893978118896484,15.627154329397694,0.01194115768946169,9.0,0.5209051443132565
0.0,AFW_diminishing,diminishing,829.0,0.021921157836914062,15.627154250102006,0.009917146757890904,9.0,0.5209051416700669
0.0,AFW_diminishing,diminishing,830.0,0.021945953369140625,15.627158264263171,0.011903595699012115,9.0,0.5209052754754391
0.0,AFW_diminishing,diminishing,831.0,0.021973133087158203,15.627154147472105,0.013947625154280274,9.0,0.5209051382490701
0.0,AFW_diminishing,diminishing,832.0,0.021999835968017578,15.627154252738926,0.011829725470759556,9.0,0.5209051417579642
0.0,AFW_diminishing,diminishing,833.0,0.02202606201171875,15.627154045916376,0.009937683935387298,9.0,0.5209051348638792
0.0,AFW_diminishing,diminishing,834.0,0.022050857543945312,15.627158178894039,0.011780663559001425,9.0,0.5209052726298012
0.0,AFW_diminishing,diminishing,835.0,0.02207803726196289,15.62715394531574,0.013948882987774525,9.0,0.5209051315105246
0.0,AFW_diminishing,diminishing,836.0,0.022104978561401367,15.627154177579563,0.011719364286172151,9.0,0.5209051392526521
0.0,AFW_diminishing,diminishing,837.0,0.022130966186523438,15.62715384566496,0.009958026753572824,9.0,0.5209051281888321
0.0,AFW_diminishing,diminishing,838.0,0.02215719223022461,15.6271580950079,0.011658909785571936,9.0,0.5209052698335966
0.0,AFW_diminishing,diminishing,839.0,0.022182941436767578,15.627153747049757,0.013950130018843154,9.0,0.5209051249016585
0.0,AFW_diminishing,diminishing,840.0,0.022210121154785156,15.627154103887374,0.011610058768477316,9.0,0.5209051367962458
0.0,AFW_diminishing,diminishing,841.0,0.022235870361328125,15.62715364926354,0.009978177958375412,9.0,0.520905121642118
0.0,AFW_diminishing,diminishing,842.0,0.022263050079345703,15.627158012574201,0.01153831751697787,9.0,0.5209052670858066
0.0,AFW_diminishing,diminishing,843.0,0.022289037704467773,15.627153552591038,0.013951366384484132,9.0,0.5209051184197012
0.0,AFW_diminishing,diminishing,844.0,0.022315025329589844,15.627154031630944,0.011501793843027741,9.0,0.5209051343876981
0.0,AFW_diminishing,diminishing,845.0,0.022341012954711914,15.62715345663001,0.009998140244233511,9.0,0.5209051152210004
0.0,AFW_diminishing,diminishing,846.0,0.022367000579833984,15.62715793156317,0.01141887021167598,9.0,0.520905264385439
0.0,AFW_diminishing,diminishing,847.0,0.02239394187927246,15.627153361858554,0.01395259221939149,9.0,0.5209051120619518
0.0,AFW_diminishing,diminishing,848.0,0.02241992950439453,15.627153960779646,0.011394554720826733,9.0,0.5209051320259882
0.0,AFW_diminishing,diminishing,849.0,0.022446870803833008,15.627153267684323,0.010017916255284476,9.0,0.5209051089228107
0.0,AFW_diminishing,diminishing,850.0,0.022471904754638672,15.627153993575151,0.011312328599196064,9.0,0.5209051331191717
0.0,AFW_diminishing,diminishing,851.0,0.02249884605407715,15.627153174628699,0.010020968320954893,9.0,0.5209051058209566
0.0,AFW_diminishing,diminishing,852.0,0.02252507209777832,15.627157731543809,0.011276549741307207,9.0,0.520905257718127
0.0,AFW_diminishing,diminishing,853.0,0.022552013397216797,15.62715308234754,0.013947347014115152,9.0,0.520905102744918
0.0,AFW_diminishing,diminishing,854.0,0.022578001022338867,15.627153924412275,0.011206601446028586,9.0,0.5209051308137425
0.0,AFW_diminishing,diminishing,855.0,0.022603988647460938,15.62715299102067,0.010040469081237902,9.0,0.520905099700689
0.0,AFW_diminishing,diminishing,856.0,0.022630929946899414,15.62715765429453,0.01115989384204319,9.0,0.520905255143151
0.0,AFW_diminishing,diminishing,857.0,0.022657155990600586,15.6271529005436,0.013948547796017507,9.0,0.5209050966847867
0.0,AFW_diminishing,diminishing,858.0,0.022682905197143555,15.627153856584647,0.01110186432600635,9.0,0.5209051285528216
0.0,AFW_diminishing,diminishing,859.0,0.022709131240844727,15.627152810909461,0.010059789971133881,9.0,0.520905093696982
0.0,AFW_diminishing,diminishing,860.0,0.0227358341217041,15.627157578366212,0.011044327430921541,9.0,0.5209052526122071
0.0,AFW_diminishing,diminishing,861.0,0.02276897430419922,15.627152722198318,0.013949738494936526,9.0,0.520905090739944
0.0,AFW_diminishing,diminishing,862.0,0.022796154022216797,15.627153790064177,0.010998103398161874,9.0,0.5209051263354726
0.0,AFW_diminishing,diminishing,863.0,0.022821903228759766,15.627152634221758,0.010078933467683626,9.0,0.520905087807392
0.0,AFW_diminishing,diminishing,864.0,0.02284693717956543,15.627157503732231,0.010929835316511927,9.0,0.5209052501244077
0.0,AFW_diminishing,diminishing,865.0,0.022872209548950195,15.627152547239334,0.013950919235986348,9.0,0.5209050849079778
0.0,AFW_diminishing,diminishing,866.0,0.022897005081176758,15.627153724823481,0.010895305078321371,9.0,0.5209051241607827
0.0,AFW_diminishing,diminishing,867.0,0.022921085357666016,15.627152460886084,0.01009790200269478,9.0,0.5209050820295361
0.0,AFW_diminishing,diminishing,868.0,0.02294611930847168,15.627153756311712,0.010816463848895452,9.0,0.5209051252103903
0.0,AFW_diminishing,diminishing,869.0,0.022970914840698242,15.627152375552004,0.010100828871493661,9.0,0.5209050791850668
0.0,AFW_diminishing,diminishing,870.0,0.02299809455871582,15.627157318013056,0.010793394685142843,9.0,0.5209052439337686
0.0,AFW_diminishing,diminishing,871.0,0.023022890090942383,15.627152290832287,0.013945899875736245,9.0,0.5209050763610762
0.0,AFW_diminishing,diminishing,872.0,0.02305006980895996,15.62715369260635,0.010715084872209957,9.0,0.5209051230868783
0.0,AFW_diminishing,diminishing,873.0,0.02307581901550293,15.627152207069642,0.010119538793260219,9.0,0.5209050735689881
0.0,AFW_diminishing,diminishing,874.0,0.0231020450592041,15.627157246806894,0.010681523066049081,9.0,0.5209052415602298
0.0,AFW_diminishing,diminishing,875.0,0.02313089370727539,15.627152123991955,0.013947056899342059,9.0,0.5209050707997318
0.0,AFW_diminishing,diminishing,876.0,0.02315807342529297,15.62715363011821,0.010614635624843771,9.0,0.5209051210039404
0.0,AFW_diminishing,diminishing,877.0,0.023185014724731445,15.627152041768538,0.010138079647370901,9.0,0.5209050680589512
0.0,AFW_diminishing,diminishing,878.0,0.023211002349853516,15.627157176804088,0.010570674751031461,9.0,0.520905239226803
0.0,AFW_diminishing,diminishing,879.0,0.023237943649291992,15.627151960298729,0.013948204381394547,9.0,0.520905065343291
0.0,AFW_diminishing,diminishing,880.0,0.023263931274414062,15.62715356882213,0.010515103375851709,9.0,0.5209051189607377
0.0,AFW_diminishing,diminishing,881.0,0.023292064666748047,15.627151879583108,0.010156453715000069,9.0,0.5209050626527703
0.0,AFW_diminishing,diminishing,882.0,0.02331709861755371,15.62715710798081,0.010460835763824505,9.0,0.5209052369326936
0.0,AFW_diminishing,diminishing,883.0,0.023343801498413086,15.627151799687859,0.013949342438257517,9.0,0.5209050599895952
0.0,AFW_diminishing,diminishing,884.0,0.02336907386779785,15.62715350869356,0.010416475625655508,9.0,0.520905116956452
0.0,AFW_diminishing,diminishing,885.0,0.023396968841552734,15.627151720449362,0.01017466323649785,9.0,0.520905057348312
0.0,AFW_diminishing,diminishing,886.0,0.0234220027923584,15.627157040313794,0.010351992381492536,9.0,0.5209052346771265
0.0,AFW_diminishing,diminishing,887.0,0.02344822883605957,15.627151642096157,0.013950471184424273,9.0,0.5209050547365386
0.0,AFW_diminishing,diminishing,888.0,0.023474931716918945,15.627153449708524,0.01031874010082845,9.0,0.5209051149902841
0.0,AFW_diminishing,diminishing,889.0,0.023501157760620117,15.627151564304848,0.010192710412248118,9.0,0.5209050521434949
0.0,AFW_diminishing,diminishing,890.0,0.023526906967163086,15.627156973780323,0.010244131128763101,9.0,0.5209052324593441
0.0,AFW_diminishing,diminishing,891.0,0.023553133010864258,15.627151487461957,0.01395159073256913,9.0,0.5209050495820652
0.0,AFW_diminishing,diminishing,892.0,0.023579835891723633,15.627153391843644,0.010221884748977672,9.0,0.5209051130614548
0.0,AFW_diminishing,diminishing,893.0,0.0236051082611084,15.627151411088606,0.010210597403570887,9.0,0.5209050470362869
0.0,AFW_diminishing,diminishing,894.0,0.023631811141967773,15.62715342154739,0.010147575290636368,9.0,0.5209051140515797
0.0,AFW_diminishing,diminishing,895.0,0.023663997650146484,15.627151335609145,0.010213356533977702,9.0,0.5209050445203048
0.0,AFW_diminishing,diminishing,896.0,0.023689985275268555,15.627156806308442,0.010115561060981548,9.0,0.5209052268769481
0.0,AFW_diminishing,diminishing,897.0,0.02371692657470703,15.62715126074045,0.013946872161088919,9.0,0.5209050420246817
0.0,AFW_diminishing,diminishing,898.0,0.023741960525512695,15.627153365022766,0.010052018386293327,9.0,0.5209051121674255
0.0,AFW_diminishing,diminishing,899.0,0.023769855499267578,15.627151186634672,0.010231006654127128,9.0,0.5209050395544891
0.0,AFW_diminishing,diminishing,900.0,0.023794889450073242,15.62715674278341,0.010010097208400737,9.0,0.520905224759447
0.0,AFW_diminishing,diminishing,901.0,0.023821115493774414,15.627151113202313,0.013947969767283297,9.0,0.5209050371067437
0.0,AFW_diminishing,diminishing,902.0,0.023846864700317383,15.627153309564862,0.009957312456096545,9.0,0.5209051103188288
0.0,AFW_diminishing,diminishing,903.0,0.02387404441833496,15.627151040442717,0.010248501832906598,9.0,0.5209050346814239
0.0,AFW_diminishing,diminishing,904.0,0.023900985717773438,15.627156680314112,0.009905570198036173,9.0,0.520905222677137
0.0,AFW_diminishing,diminishing,905.0,0.023926973342895508,15.627150968417507,0.013949058550894122,9.0,0.5209050322805836
0.0,AFW_diminishing,diminishing,906.0,0.023952960968017578,15.627153255152143,0.009863446183221214,9.0,0.5209051085050714
0.0,AFW_diminishing,diminishing,907.0,0.023981094360351562,15.627150896977229,0.010265844101532196,9.0,0.5209050298992409
0.0,AFW_diminishing,diminishing,908.0,0.024005889892578125,15.627156618880148,0.009801967602220074,9.0,0.5209052206293383
0.0,AFW_diminishing,diminishing,909.0,0.024032115936279297,15.627150826330688,0.013950138616888097,9.0,0.5209050275443563
0.0,AFW_diminishing,diminishing,910.0,0.024055004119873047,15.627153201763582,0.00977040845064181,9.0,0.5209051067254528
0.0,AFW_diminishing,diminishing,911.0,0.02407979965209961,15.627150756183504,0.010283035455874057,9.0,0.5209050252061168
0.0,AFW_diminishing,diminishing,912.0,0.024105072021484375,15.627156558461586,0.009699277212147805,9.0,0.5209052186153862
0.0,AFW_diminishing,diminishing,913.0,0.02413177490234375,15.627150686887799,0.01395121006857103,9.0,0.52090502289626
0.0,AFW_diminishing,diminishing,914.0,0.024157047271728516,15.62715314937864,0.00967818833668943,9.0,0.520905104979288
0.0,AFW_diminishing,diminishing,915.0,0.02418208122253418,15.627150618008102,0.010300077857198886,9.0,0.5209050206002701
0.0,AFW_diminishing,diminishing,916.0,0.024209022521972656,15.62715317769747,0.009607415178599865,9.0,0.520905105923249
0.0,AFW_diminishing,diminishing,917.0,0.024235963821411133,15.627150549930285,0.010302706087209401,9.0,0.5209050183310094
0.0,AFW_diminishing,diminishing,918.0,0.024260997772216797,15.627156404835285,0.009576846824350227,9.0,0.5209052134945095
0.0,AFW_diminishing,diminishing,919.0,0.024285078048706055,15.627150482398212,0.013946725611321042,9.0,0.5209050160799404
0.0,AFW_diminishing,diminishing,920.0,0.02430891990661621,15.627153126510622,0.009516401717128531,9.0,0.5209051042170207
0.0,AFW_diminishing,diminishing,921.0,0.024335861206054688,15.627150415549034,0.01031952815092474,9.0,0.5209050138516345
0.0,AFW_diminishing,diminishing,922.0,0.02436208724975586,15.627156347116568,0.009476384433764196,9.0,0.5209052115705523
0.0,AFW_diminishing,diminishing,923.0,0.024389982223510742,15.627150349302898,0.013947776487876595,9.0,0.52090501164343
0.0,AFW_diminishing,diminishing,924.0,0.024415969848632812,15.627153076280473,0.009426179394722567,9.0,0.5209051025426824
0.0,AFW_diminishing,diminishing,925.0,0.024440765380859375,15.62715028365821,0.010336206022797612,9.0,0.5209050094552736
0.0,AFW_diminishing,diminishing,926.0,0.02446603775024414,15.627156290344889,0.009376793177626297,9.0,0.520905209678163
0.0,AFW_diminishing,diminishing,927.0,0.024500131607055664,15.627150218672371,0.013948819094810716,9.0,0.5209050072890791
0.0,AFW_diminishing,diminishing,928.0,0.02452397346496582,15.627153026988072,0.009336737940671469,9.0,0.5209051008996024
0.0,AFW_diminishing,diminishing,929.0,0.024550914764404297,15.627150154208604,0.010352741548780742,9.0,0.5209050051402868
0.0,AFW_diminishing,diminishing,930.0,0.02457594871520996,15.62715623450231,0.009278061774297797,9.0,0.5209052078167437
0.0,AFW_diminishing,diminishing,931.0,0.024603843688964844,15.627150090458011,0.013949853528496092,9.0,0.520905003015267
0.0,AFW_diminishing,diminishing,932.0,0.024630069732666016,15.62715297861492,0.009248067261300008,9.0,0.520905099287164
0.0,AFW_diminishing,diminishing,933.0,0.024655818939208984,15.627150027152123,0.010369136543435076,9.0,0.5209050009050707
0.0,AFW_diminishing,diminishing,934.0,0.024689912796020508,15.627156179571294,0.00918017913606839,9.0,0.5209052059857098
0.0,AFW_diminishing,diminishing,935.0,0.02471613883972168,15.627149964612315,0.013950879883832812,9.0,0.5209049988204105
0.0,AFW_diminishing,diminishing,936.0,0.02474188804626465,15.627152931142936,0.009160157436129523,9.0,0.5209050977047646
0.0,AFW_diminishing,diminishing,937.0,0.024766921997070312,15.627149902441792,0.010385392790592363,9.0,0.5209049967480597
0.0,AFW_diminishing,diminishing,938.0,0.02479386329650879,15.627152958171385,0.009092674023703395,9.0,0.5209050986057128
0.0,AFW_diminishing,diminishing,939.0,0.024818897247314453,15.62714984099218,0.010387899219137964,9.0,0.5209049946997394
0.0,AFW_diminishing,diminishing,940.0,0.02484583854675293,15.627156038429098,0.009063458926881651,9.0,0.52090520128097
0.0,AFW_diminishing,diminishing,941.0,0.024870872497558594,15.627149780031166,0.013946612573869643,9.0,0.5209049926677055
0.0,AFW_diminishing,diminishing,942.0,0.024898052215576172,15.627152911772624,0.009005887508644506,9.0,0.5209050970590875
0.0,AFW_diminishing,diminishing,943.0,0.024922847747802734,15.627149719682736,0.010403950158675457,9.0,0.5209049906560912
0.0,AFW_diminishing,diminishing,944.0,0.024950027465820312,15.627155985926244,0.008967650478643563,9.0,0.5209051995308748
0.0,AFW_diminishing,diminishing,945.0,0.024976015090942383,15.627149659875405,0.013947619611398565,9.0,0.5209049886625136
0.0,AFW_diminishing,diminishing,946.0,0.025002002716064453,15.627152866233704,0.008919837778169182,9.0,0.5209050955411235
0.0,AFW_diminishing,diminishing,947.0,0.025027990341186523,15.627149600606915,0.010419866684122425,9.0,0.5209049866868971
0.0,AFW_diminishing,diminishing,948.0,0.025053024291992188,15.627155934274722,0.008872653460901603,9.0,0.5209051978091573
0.0,AFW_diminishing,diminishing,949.0,0.025080204010009766,15.627149541930685,0.013948618887532405,9.0,0.5209049847310229
0.0,AFW_diminishing,diminishing,950.0,0.025104999542236328,15.627152821537907,0.008834515489562378,9.0,0.5209050940512635
0.0,AFW_diminishing,diminishing,951.0,0.025132179260253906,15.627149483721377,0.010435650476805947,9.0,0.5209049827907125
0.0,AFW_diminishing,diminishing,952.0,0.02515697479248047,15.627145488694454,0.008778457608901391,9.0,0.5209048496231484
0.0,AFW_diminishing,diminishing,953.0,0.02518296241760254,15.627136971358583,0.01015968014975499,9.0,0.5209045657119528
0.0,AFW_diminishing,diminishing,954.0,0.02520895004272461,15.627146594723477,0.005397118790215316,9.0,0.5209048864907826
0.0,AFW_diminishing,diminishing,955.0,0.025233983993530273,15.62713693616898,0.008114483228686353,9.0,0.520904564538966
0.0,AFW_diminishing,diminishing,956.0,0.02526116371154785,15.627146626522785,0.00533440614337799,9.0,0.5209048875507595
0.0,AFW_diminishing,diminishing,957.0,0.02528691291809082,15.627136901534795,0.008121848337470539,9.0,0.5209045633844932
0.0,AFW_diminishing,diminishing,958.0,0.0253140926361084,15.627146658234606,0.005271956161708502,9.0,0.5209048886078202
0.0,AFW_diminishing,diminishing,959.0,0.025339841842651367,15.627136867449995,0.008129182848326977,9.0,0.5209045622483331
0.0,AFW_diminishing,diminishing,960.0,0.02536606788635254,15.627146689859204,0.005209767198456561,9.0,0.5209048896619735
0.0,AFW_diminishing,diminishing,961.0,0.025393962860107422,15.62713683390864,0.008136486951521249,9.0,0.520904561130288
0.0,AFW_diminishing,diminishing,962.0,0.025418996810913086,15.627146721396844,0.005147837620606666,9.0,0.5209048907132281
0.0,AFW_diminishing,diminishing,963.0,0.02544689178466797,15.627136800904847,0.008143760835764624,9.0,0.5209045600301615
0.0,AFW_diminishing,diminishing,964.0,0.025470972061157227,15.627146752847796,0.0050861658087359984,9.0,0.5209048917615932
0.0,AFW_diminishing,diminishing,965.0,0.02549600601196289,15.627136768432807,0.008151004688206953,9.0,0.5209045589477602
0.0,AFW_diminishing,diminishing,966.0,0.025522947311401367,15.627146784212318,0.0050247501568740915,9.0,0.5209048928070773
0.0,AFW_diminishing,diminishing,967.0,0.02554917335510254,15.627136736486786,0.008158218694441999,9.0,0.5209045578828929
0.0,AFW_diminishing,diminishing,968.0,0.025575876235961914,15.627146815490681,0.004963589072369601,9.0,0.5209048938496894
0.0,AFW_diminishing,diminishing,969.0,0.025603055953979492,15.627136705061107,0.008165403038564278,9.0,0.5209045568353702
0.0,AFW_diminishing,diminishing,970.0,0.025627851486206055,15.627146846683157,0.004902680975728657,9.0,0.5209048948894386
0.0,AFW_diminishing,diminishing,971.0,0.025654077529907227,15.627136674150165,0.008172557903121103,9.0,0.5209045558050055
0.0,AFW_diminishing,diminishing,972.0,0.025679826736450195,15.627146877789997,0.004842024300526049,9.0,0.5209048959263333
0.0,AFW_diminishing,diminishing,973.0,0.02570509910583496,15.627136643748424,0.008179683469206722,9.0,0.5209045547916141
0.0,AFW_diminishing,diminishing,974.0,0.025730133056640625,15.62714690881148,0.004781617493213375,9.0,0.5209048969603827
0.0,AFW_diminishing,diminishing,975.0,0.0257570743560791,15.6271366138504,0.008186779916400155,9.0,0.5209045537950133
0.0,AFW_diminishing,diminishing,976.0,0.025783061981201172,15.627146939747865,0.004721459013035556,9.0,0.5209048979915955
0.0,AFW_diminishing,diminishing,977.0,0.025809049606323242,15.627136584450689,0.00819384742283269,9.0,0.520904552815023
0.0,AFW_diminishing,diminishing,978.0,0.025835037231445312,15.62714697059942,0.004661547331870963,9.0,0.5209048990199806
0.0,AFW_diminishing,diminishing,979.0,0.02586197853088379,15.627136555543942,0.008200886165171895,9.0,0.5209045518514647
0.0,AFW_diminishing,diminishing,980.0,0.02588796615600586,15.627147001366406,0.004601880934096414,9.0,0.5209049000455469
0.0,AFW_diminishing,diminishing,981.0,0.02591395378112793,15.627136527124868,0.008207896318674912,9.0,0.5209045509041623
0.0,AFW_diminishing,diminishing,982.0,0.02593994140625,15.627147032049097,0.004542458316503684,9.0,0.5209049010683032
0.0,AFW_diminishing,diminishing,983.0,0.025964021682739258,15.627136499188243,0.008214878057160035,9.0,0.5209045499729414
0.0,AFW_diminishing,diminishing,984.0,0.025990009307861328,15.62714706264775,0.004483277988123646,9.0,0.5209049020882583
0.0,AFW_diminishing,diminishing,985.0,0.026014089584350586,15.62713647172891,0.00822183155304046,9.0,0.5209045490576304
0.0,AFW_diminishing,diminishing,986.0,0.02604079246520996,15.627147093162636,0.004424338470114364,9.0,0.5209049031054211
0.0,AFW_diminishing,diminishing,987.0,0.026066064834594727,15.627136444741756,0.008228756977340268,9.0,0.5209045481580585
0.0,AFW_diminishing,diminishing,988.0,0.026093006134033203,15.627147123594021,0.004365638295661611,9.0,0.5209049041198007
0.0,AFW_diminishing,diminishing,989.0,0.026118040084838867,15.627136418221742,0.008235654499706868,9.0,0.5209045472740581
0.0,AFW_diminishing,diminishing,990.0,0.026144027709960938,15.627147153942165,0.004307176009831437,9.0,0.5209049051314055
0.0,AFW_diminishing,diminishing,991.0,0.026170015335083008,15.627136392163875,0.008242524288418096,9.0,0.5209045464054625
0.0,AFW_diminishing,diminishing,992.0,0.026196002960205078,15.627147184207331,0.004248950169442267,9.0,0.5209049061402443
0.0,AFW_diminishing,diminishing,993.0,0.026221036911010742,15.627136366563231,0.00824936651040531,9.0,0.5209045455521077
0.0,AFW_diminishing,diminishing,994.0,0.02624797821044922,15.627147214389796,0.004190959343000955,9.0,0.5209049071463265
0.0,AFW_diminishing,diminishing,995.0,0.026273012161254883,15.627136341414936,0.008256181331262269,9.0,0.5209045447138312
0.0,AFW_diminishing,diminishing,996.0,0.02629995346069336,15.627147244489812,0.004133202110505607,9.0,0.5209049081496604
0.0,AFW_diminishing,diminishing,997.0,0.026324987411499023,15.627136316714171,0.008262968915270008,9.0,0.5209045438904724
0.0,AFW_diminishing,diminishing,998.0,0.0263519287109375,15.627141304177426,0.004075677063402949,9.0,0.5209047101392476
0.0,AFW_diminishing,diminishing,999.0,0.026376962661743164,15.627138679122114,0.010872438933752449,9.0,0.5209046226374038
0.0,AFW_exact,exact,0.0,3.790855407714844e-05,16.484849442471486,10.73971096916316,2.0,0.5494949814157162
0.0,AFW_exact,exact,1.0,7.295608520507812e-05,15.980911982161695,4.048212016133748,3.0,0.5326970660720565
0.0,AFW_exact,exact,2.0,0.0001049041748046875,15.763268607237773,2.3462612641898417,4.0,0.5254422869079257
0.0,AFW_exact,exact,3.0,0.00013494491577148438,15.742912719063453,0.7190834313132619,5.0,0.5247637573021151
0.0,AFW_exact,exact,4.0,0.0001628398895263672,15.714666344614441,0.7035037141866969,6.0,0.523822211487148
0.0,AFW_exact,exact,5.0,0.0001919269561767578,15.700983600153823,0.5790448126026888,7.0,0.5233661200051274
0.0,AFW_exact,exact,6.0,0.0002219676971435547,15.687077572756433,0.5259025071175376,8.0,0.5229025857585478
0.0,AFW_exact,exact,7.0,0.00025200843811035156,15.681078540506073,0.3115212969900476,8.0,0.5227026180168691
0.0,AFW_exact,exact,8.0,0.0002849102020263672,15.675909558414663,0.1842222792404531,8.0,0.522530318613822
0.0,AFW_exact,exact,9.0,0.00031375885009765625,15.671433979826602,0.26799540578600833,8.0,0.5223811326608867
0.0,AFW_exact,exact,10.0,0.0003440380096435547,15.666982605485966,0.18787114938407257,8.0,0.5222327535161989
0.0,AFW_exact,exact,11.0,0.0003731250762939453,15.66310655454702,0.24909025486192782,8.0,0.522103551818234
0.0,AFW_exact,exact,12.0,0.0004019737243652344,15.659268012858316,0.19302529292465032,8.0,0.5219756004286106
0.0,AFW_exact,exact,13.0,0.00043082237243652344,15.655908206429121,0.23162717829091406,8.0,0.5218636068809707
0.0,AFW_exact,exact,14.0,0.0004611015319824219,15.65259406269571,0.19932346776017873,8.0,0.5217531354231904
0.0,AFW_exact,exact,15.0,0.0004889965057373047,15.64967936943302,0.21548303552338943,8.0,0.5216559789811007
0.0,AFW_exact,exact,16.0,0.0005190372467041016,15.646814765259125,0.2064710089720947,8.0,0.5215604921753042
0.0,AFW_exact,exact,17.0,0.0005478858947753906,15.644284316412723,0.2005467340908993,8.0,0.5214761438804241
0.0,AFW_exact,exact,18.0,0.0005769729614257812,15.64231692061182,0.21422781577858174,8.0,0.521410564020394
0.0,AFW_exact,exact,19.0,0.0006048679351806641,15.640857642862642,0.09553767345536102,8.0,0.5213619214287547
0.0,AFW_exact,exact,20.0,0.0006339550018310547,15.63831358612571,0.20125380217265665,8.0,0.5212771195375236
0.0,AFW_exact,exact,21.0,0.0006620883941650391,15.635821186641888,0.11003667204652956,8.0,0.5211940395547295
0.0,AFW_exact,exact,22.0,0.0006918907165527344,15.633610580984008,0.18739344428072258,8.0,0.521120352699467
0.0,AFW_exact,exact,23.0,0.000720977783203125,15.631595911246828,0.11805471518812105,7.0,0.521053197041561
0.0,AFW_exact,exact,24.0,0.0007507801055908203,15.630679213341567,0.12859510295725052,7.0,0.5210226404447189
0.0,AFW_exact,exact,25.0,0.0007789134979248047,15.629632709987968,0.09802253729725408,7.0,0.520987756999599
0.0,AFW_exact,exact,26.0,0.0008080005645751953,15.628965068742353,0.11118254241112879,7.0,0.5209655022914118
0.0,AFW_exact,exact,27.0,0.0008349418640136719,15.628537696440423,0.08135986157608777,7.0,0.5209512565480141
0.0,AFW_exact,exact,28.0,0.0008640289306640625,15.62828268926411,0.07027851104455962,8.0,0.5209427563088036
0.0,AFW_exact,exact,29.0,0.0008969306945800781,15.628156863783895,0.04794312936646605,8.0,0.5209385621261299
0.0,AFW_exact,exact,30.0,0.000926971435546875,15.627959970641664,0.036953988290079565,8.0,0.5209319990213888
0.0,AFW_exact,exact,31.0,0.0009548664093017578,15.62783313010616,0.037094036445848744,8.0,0.5209277710035386
0.0,AFW_exact,exact,32.0,0.00098419189453125,15.627698715995283,0.03885128018739259,8.0,0.5209232905331761
0.0,AFW_exact,exact,33.0,0.001013040542602539,15.627547103059806,0.06456807102870066,9.0,0.5209182367686602
0.0,AFW_exact,exact,34.0,0.001043081283569336,15.627500172266531,0.032616048019466604,9.0,0.5209166724088844
0.0,AFW_exact,exact,35.0,0.001071929931640625,15.62744050187167,0.023977073087111833,9.0,0.5209146833957223
0.0,AFW_exact,exact,36.0,0.0011010169982910156,15.62740370393157,0.022316880531311867,9.0,0.520913456797719
0.0,AFW_exact,exact,37.0,0.0011289119720458984,15.62734841742319,0.031726426609296254,9.0,0.5209116139141063
0.0,AFW_exact,exact,38.0,0.0011589527130126953,15.627274261505185,0.02135946153426005,9.0,0.5209091420501728
0.0,AFW_exact,exact,39.0,0.0011878013610839844,15.62722502408391,0.01482151472971438,9.0,0.520907500802797
0.0,AFW_exact,exact,40.0,0.0012171268463134766,15.6272036622684,0.019695384708949604,9.0,0.52090678874228
0.0,AFW_exact,exact,41.0,0.0012459754943847656,15.627197182120057,0.009921358580623263,9.0,0.5209065727373352
0.0,AFW_exact,exact,42.0,0.0012748241424560547,15.62718615781432,0.01478062313469053,9.0,0.5209062052604774
0.0,AFW_exact,exact,43.0,0.001302957534790039,15.627176456948265,0.011538514497750896,9.0,0.5209058818982755
0.0,AFW_exact,exact,44.0,0.0013320446014404297,15.627164928428137,0.009459440797494167,9.0,0.5209054976142712
0.0,AFW_exact,exact,45.0,0.0013630390167236328,15.627155197956638,0.007099280580336043,9.0,0.5209051732652212
0.0,AFW_exact,exact,46.0,0.0013918876647949219,15.627148010873116,0.014006844936668372,9.0,0.5209049336957705
0.0,AFW_exact,exact,47.0,0.0014200210571289062,15.627145054085386,0.00816937879887547,9.0,0.5209048351361795
0.0,AFW_exact,exact,48.0,0.0014500617980957031,15.627141980653139,0.006715499033379757,9.0,0.520904732688438
0.0,AFW_exact,exact,49.0,0.0014798641204833984,15.627139355914954,0.005987595975730287,9.0,0.5209046451971652
0.0,AFW_exact,exact,50.0,0.0015099048614501953,15.627135154870068,0.004907504278325092,9.0,0.5209045051623356
0.0,AFW_exact,exact,51.0,0.0015387535095214844,15.627133324989488,0.0059144674916282725,9.0,0.5209044441663163
0.0,AFW_exact,exact,52.0,0.0015680789947509766,15.627131874734163,0.005123584410117843,9.0,0.5209043958244721
0.0,AFW_exact,exact,53.0,0.0015969276428222656,15.627131238644692,0.003250442644210594,9.0,0.5209043746214898
0.0,AFW_exact,exact,54.0,0.0016269683837890625,15.627130511642696,0.0027192104393343186,9.0,0.5209043503880898
0.0,AFW_exact,exact,55.0,0.0016551017761230469,15.627129813915404,0.004361144570587783,9.0,0.5209043271305135
0.0,AFW_exact,exact,56.0,0.001683950424194336,15.62712858191693,0.0035859091308374502,9.0,0.5209042860638976
0.0,AFW_exact,exact,57.0,0.001712799072265625,15.627128147145159,0.0020543812927495964,9.0,0.5209042715715053
0.0,AFW_exact,exact,58.0,0.0017428398132324219,15.627127701737704,0.003169319109051827,9.0,0.5209042567245902
0.0,AFW_exact,exact,59.0,0.001772165298461914,15.62712747509358,0.0017187059712178154,9.0,0.5209042491697861
0.0,AFW_exact,exact,60.0,0.0018010139465332031,15.627127265767376,0.001945858277890622,9.0,0.5209042421922458
0.0,AFW_exact,exact,61.0,0.0018320083618164062,15.627126939001977,0.0022271351560494423,9.0,0.5209042313000659
0.0,AFW_exact,exact,62.0,0.001859903335571289,15.627126775617702,0.002110042156660441,9.0,0.5209042258539234
0.0,AFW_exact,exact,63.0,0.0018889904022216797,15.627126655501105,0.0011748522558292507,9.0,0.5209042218500368
0.0,AFW_exact,exact,64.0,0.001920938491821289,15.62712658107574,0.001192203787953261,9.0,0.5209042193691913
0.0,AFW_exact,exact,65.0,0.0019500255584716797,15.627126506017495,0.0008683742286770268,9.0,0.5209042168672499
0.0,AFW_exact,exact,66.0,0.0019788742065429688,15.627126445362023,0.0009671078306912051,9.0,0.5209042148454007
0.0,AFW_exact,exact,67.0,0.002007007598876953,15.627126337749303,0.0013950983054336064,9.0,0.5209042112583101
0.0,AFW_exact,exact,68.0,0.0020360946655273438,15.627126302076913,0.0008967386103098107,9.0,0.5209042100692305
0.0,AFW_exact,exact,69.0,0.0020639896392822266,15.627126271455166,0.0006816400404439094,9.0,0.5209042090485055
0.0,AFW_exact,exact,70.0,0.002093791961669922,15.627126245220902,0.0008454348727457983,9.0,0.52090420817403
0.0,AFW_exact,exact,71.0,0.0021219253540039062,15.627126215857237,0.00039350802677162733,9.0,0.5209042071952412
0.0,AFW_exact,exact,72.0,0.002151012420654297,15.62712618882538,0.00047290877906824846,9.0,0.5209042062941793
0.0,AFW_exact,exact,73.0,0.002179861068725586,15.627126165763443,0.0006457805160398067,9.0,0.5209042055254481
0.0,AFW_exact,exact,74.0,0.0022089481353759766,15.627126156775166,0.0003734515575590791,9.0,0.5209042052258389
0.0,AFW_exact,exact,75.0,0.0022437572479248047,15.627126142850367,0.0002958628889651038,9.0,0.5209042047616789
0.0,AFW_exact,exact,76.0,0.002274036407470703,15.627126138899758,0.00032806599167578554,9.0,0.520904204629992
0.0,AFW_exact,exact,77.0,0.0023009777069091797,15.62712613212798,0.00024914754382798776,9.0,0.520904204404266
0.0,AFW_exact,exact,78.0,0.002331972122192383,15.627126125512497,0.0003861542843086596,9.0,0.5209042041837499
0.0,AFW_exact,exact,79.0,0.002360820770263672,15.627126123005947,0.000218768038468653,9.0,0.5209042041001982
0.0,AFW_exact,exact,80.0,0.0023870468139648438,15.627126119982082,0.00023382910729452533,9.0,0.5209042039994027
0.0,AFW_exact,exact,81.0,0.0024149417877197266,15.62712611403148,0.0003004683678913267,9.0,0.5209042038010493
0.0,AFW_exact,exact,82.0,0.002443075180053711,15.627126111965875,0.00023721908217311238,9.0,0.5209042037321958
0.0,AFW_exact,exact,83.0,0.0024797916412353516,15.627126110961612,0.0001285372233290616,9.0,0.5209042036987204
0.0,AFW_exact,exact,84.0,0.0025081634521484375,15.627126108460587,0.00021265494006073027,9.0,0.520904203615353
0.0,AFW_exact,exact,85.0,0.0025360584259033203,15.62712610724566,0.0001357636932688422,9.0,0.5209042035748553
0.0,AFW_exact,exact,86.0,0.002563953399658203,15.627126105898293,0.0001742667279067689,9.0,0.5209042035299432
0.0,AFW_exact,exact,87.0,0.0025839805603027344,15.627126105898293,9.450429787527526e-05,9.0,0.5209042035299432
0.0,PFW_diminishing,diminishing,0.0,3.0994415283203125e-05,20.02424955274294,10.73971096916316,1.0,0.6674749850914313
0.0,PFW_diminishing,diminishing,1.0,6.103515625e-05,17.296768766446505,13.358413804480087,2.0,0.5765589588815502
0.0,PFW_diminishing,diminishing,2.0,8.702278137207031e-05,16.089648661092006,5.045837086893254,3.0,0.5363216220364002
0.0,PFW_diminishing,diminishing,3.0,0.00011396408081054688,16.211306815421867,2.640555861856015,4.0,0.5403768938473956
0.0,PFW_diminishing,diminishing,4.0,0.00013899803161621094,15.896237885002455,2.7725413887326287,4.0,0.5298745961667485
0.0,PFW_diminishing,diminishing,5.0,0.0001652240753173828,16.035468109967344,1.5434268763087076,4.0,0.5345156036655782
0.0,PFW_diminishing,diminishing,6.0,0.0001900196075439453,16.01289392073454,2.0505868491529817,5.0,0.5337631306911513
0.0,PFW_diminishing,diminishing,7.0,0.0002129077911376953,15.866656541553061,1.7820618644366473,6.0,0.528888551385102
0.0,PFW_diminishing,diminishing,8.0,0.00023698806762695312,15.770668669697159,1.1000331669200136,6.0,0.5256889556565719
0.0,PFW_diminishing,diminishing,9.0,0.00026106834411621094,15.884471105209501,0.7661689215498892,6.0,0.5294823701736501
0.0,PFW_diminishing,diminishing,10.0,0.00028586387634277344,15.755869576996158,1.430834384434359,6.0,0.5251956525665386
0.0,PFW_diminishing,diminishing,11.0,0.00032782554626464844,15.88338513287424,0.6758315350144635,7.0,0.529446171095808
0.0,PFW_diminishing,diminishing,12.0,0.0003631114959716797,15.747012629314371,1.3788856879996203,7.0,0.5249004209771457
0.0,PFW_diminishing,diminishing,13.0,0.00039124488830566406,15.864138464033106,0.5779222410633977,7.0,0.5288046154677702
0.0,PFW_diminishing,diminishing,14.0,0.0004169940948486328,15.703410611003157,1.8990930321269097,8.0,0.5234470203667719
0.0,PFW_diminishing,diminishing,15.0,0.0004420280456542969,15.767313801409138,0.4976488672268111,8.0,0.5255771267136379
0.0,PFW_diminishing,diminishing,16.0,0.0004668235778808594,15.698650088563292,0.8774108996824577,8.0,0.5232883362854431
0.0,PFW_diminishing,diminishing,17.0,0.000492095947265625,15.756655395183175,0.39715255480714085,8.0,0.5252218465061058
0.0,PFW_diminishing,diminishing,18.0,0.0005171298980712891,15.70942494001383,0.8070599294231258,8.0,0.5236474980004611
0.0,PFW_diminishing,diminishing,19.0,0.0005419254302978516,15.717107111249408,0.5958006557883593,8.0,0.5239035703749803
0.0,PFW_diminishing,diminishing,20.0,0.0005660057067871094,15.705121672428122,0.5856798397528404,8.0,0.5235040557476041
0.0,PFW_diminishing,diminishing,21.0,0.0005910396575927734,15.712522800638007,0.5311921844436807,8.0,0.5237507600212669
0.0,PFW_diminishing,diminishing,22.0,0.0006158351898193359,15.70186064041725,0.5341897158820483,8.0,0.523395354680575
0.0,PFW_diminishing,diminishing,23.0,0.0006399154663085938,15.708943809239043,0.477798934711684,8.0,0.5236314603079681
0.0,PFW_diminishing,diminishing,24.0,0.0006630420684814453,15.699334988635131,0.4913405991843298,8.0,0.5233111662878377
0.0,PFW_diminishing,diminishing,25.0,0.0006861686706542969,15.70609306707824,0.4329431780519837,8.0,0.5235364355692746
0.0,PFW_diminishing,diminishing,26.0,0.0007119178771972656,15.697342430644348,0.45513387221331136,8.0,0.5232447476881449
0.0,PFW_diminishing,diminishing,27.0,0.0007369518280029297,15.682066163810715,0.41498901774985697,8.0,0.5227355387936905
0.0,PFW_diminishing,diminishing,28.0,0.0007622241973876953,15.70698089588988,0.2476172475238112,8.0,0.5235660298629959
0.0,PFW_diminishing,diminishing,29.0,0.0007841587066650391,15.664122701946757,0.8867990647711572,8.0,0.5221374233982252
0.0,PFW_diminishing,diminishing,30.0,0.0008068084716796875,15.688307483902861,0.2159677758826657,8.0,0.522943582796762
0.0,PFW_diminishing,diminishing,31.0,0.0008299350738525391,15.64966248509291,0.8107922746894385,8.0,0.5216554161697636
0.0,PFW_diminishing,diminishing,32.0,0.0008540153503417969,15.657766326805762,0.20749914799332458,8.0,0.5219255442268588
0.0,PFW_diminishing,diminishing,33.0,0.0008790493011474609,15.65746311819866,0.2801105090276934,8.0,0.5219154372732887
0.0,PFW_diminishing,diminishing,34.0,0.0009021759033203125,15.656715409308033,0.33788671507743295,8.0,0.5218905136436011
0.0,PFW_diminishing,diminishing,35.0,0.0009241104125976562,15.656483418436178,0.2610128959847202,8.0,0.5218827806145393
0.0,PFW_diminishing,diminishing,36.0,0.0009479522705078125,15.655824233257686,0.31650322057344127,8.0,0.5218608077752562
0.0,PFW_diminishing,diminishing,37.0,0.0009710788726806641,15.655648363809954,0.24399961903347211,8.0,0.5218549454603318
0.0,PFW_diminishing,diminishing,38.0,0.0009951591491699219,15.655062022821944,0.2973750178580712,8.0,0.5218354007607314
0.0,PFW_diminishing,diminishing,39.0,0.001020193099975586,15.654930797271104,0.22874783896975792,8.0,0.5218310265757035
0.0,PFW_diminishing,diminishing,40.0,0.0010449886322021484,15.654405068764504,0.28016372959009495,8.0,0.5218135022921502
0.0,PFW_diminishing,diminishing,41.0,0.0010690689086914062,15.64644188691333,0.21908811227275216,8.0,0.521548062897111
0.0,PFW_diminishing,diminishing,42.0,0.0010941028594970703,15.654676640169098,0.14985122339764523,8.0,0.5218225546723033
0.0,PFW_diminishing,diminishing,43.0,0.0011179447174072266,15.639495075131618,0.48271447660656897,8.0,0.5213165025043873
0.0,PFW_diminishing,diminishing,44.0,0.0011429786682128906,15.634261035092223,0.230888657759877,7.0,0.5211420345030741
0.0,PFW_diminishing,diminishing,45.0,0.0011670589447021484,15.641257152772315,0.18300894687715186,7.0,0.5213752384257438
0.0,PFW_diminishing,diminishing,46.0,0.001190185546875,15.63399348904811,0.34011375969998525,7.0,0.5211331163016036
0.0,PFW_diminishing,diminishing,47.0,0.0012140274047851562,15.639556193334071,0.17211102030657877,7.0,0.5213185397778024
0.0,PFW_diminishing,diminishing,48.0,0.0012369155883789062,15.637716681968188,0.426095859508699,7.0,0.5212572227322729
0.0,PFW_diminishing,diminishing,49.0,0.0012590885162353516,15.634883778775645,0.3305549389461291,7.0,0.5211627926258549
0.0,PFW_diminishing,diminishing,50.0,0.0012819766998291016,15.63730969434891,0.28117934637499964,7.0,0.521243656478297
0.0,PFW_diminishing,diminishing,51.0,0.0013051033020019531,15.634596744393967,0.32112437653383274,7.0,0.5211532248131322
0.0,PFW_diminishing,diminishing,52.0,0.0013298988342285156,15.636944909142029,0.2712579727504085,7.0,0.5212314969714009
0.0,PFW_diminishing,diminishing,53.0,0.0013530254364013672,15.634341841963112,0.31241046328821653,7.0,0.5211447280654371
0.0,PFW_diminishing,diminishing,54.0,0.001374959945678711,15.63661658233142,0.2620743725359773,7.0,0.5212205527443807
0.0,PFW_diminishing,diminishing,55.0,0.0013980865478515625,15.634114566591975,0.3043345923992291,7.0,0.5211371522197326
0.0,PFW_diminishing,diminishing,56.0,0.0014209747314453125,15.636319921999021,0.25354927912527714,7.0,0.5212106640666341
0.0,PFW_diminishing,diminishing,57.0,0.0014469623565673828,15.63391116866243,0.29682923628834956,7.0,0.5211303722887476
0.0,PFW_diminishing,diminishing,58.0,0.0014688968658447266,15.63605090435216,0.24561437917572526,7.0,0.5212016968117387
0.0,PFW_diminishing,diminishing,59.0,0.0014939308166503906,15.633728507510595,0.28983606280683816,7.0,0.5211242835836865
0.0,PFW_diminishing,diminishing,60.0,0.0015192031860351562,15.6358061300126,0.2382104852333704,7.0,0.5211935376670866
0.0,PFW_diminishing,diminishing,61.0,0.0015439987182617188,15.632558033709437,0.2833044228572952,7.0,0.5210852677903145
0.0,PFW_diminishing,diminishing,62.0,0.0015668869018554688,15.63309532991988,0.2543305203270414,7.0,0.521103177663996
0.0,PFW_diminishing,diminishing,63.0,0.0015909671783447266,15.632377981610873,0.2318542384917226,7.0,0.5210792660536957
0.0,PFW_diminishing,diminishing,64.0,0.0016298294067382812,15.632904616266096,0.24722323862156337,7.0,0.5210968205422032
0.0,PFW_diminishing,diminishing,65.0,0.0016582012176513672,15.63221396971229,0.22614577592728935,7.0,0.5210737989904096
0.0,PFW_diminishing,diminishing,66.0,0.0016818046569824219,15.63273009583607,0.2405478022430465,7.0,0.5210910031945357
0.0,PFW_diminishing,diminishing,67.0,0.0017070770263671875,15.632064163146957,0.22078071635522,7.0,0.5210688054382319
0.0,PFW_diminishing,diminishing,68.0,0.0017311573028564453,15.632569972515821,0.23426603684580982,7.0,0.5210856657505274
0.0,PFW_diminishing,diminishing,69.0,0.0017561912536621094,15.631926981275095,0.2157290036170032,7.0,0.5210642327091698
0.0,PFW_diminishing,diminishing,70.0,0.0018191337585449219,15.632422693208667,0.22834413619369087,7.0,0.521080756440289
0.0,PFW_diminishing,diminishing,71.0,0.0018429756164550781,15.631801056623388,0.21096398701130425,7.0,0.5210600352207796
0.0,PFW_diminishing,diminishing,72.0,0.0018858909606933594,15.632286909363541,0.22275205507240514,7.0,0.521076230312118
0.0,PFW_diminishing,diminishing,73.0,0.0019109249114990234,15.631685201351367,0.20646195259540434,7.0,0.5210561733783788
0.0,PFW_diminishing,diminishing,74.0,0.001936197280883789,15.63216144543151,0.2174630006662479,7.0,0.5210720481810504
0.0,PFW_diminishing,diminishing,75.0,0.0019600391387939453,15.631578379709017,0.2022017297748615,7.0,0.5210526126569672
0.0,PFW_diminishing,diminishing,76.0,0.0019850730895996094,15.632045272859605,0.21245300426556746,7.0,0.5210681757619868
0.0,PFW_diminishing,diminishing,77.0,0.0020110607147216797,15.631479685293483,0.19816435944756705,7.0,0.5210493228431161
0.0,PFW_diminishing,diminishing,78.0,0.002034902572631836,15.631937488537798,0.2077005588887797,7.0,0.5210645829512599
0.0,PFW_diminishing,diminishing,79.0,0.0020589828491210938,15.63138832217303,0.19433281275776437,7.0,0.5210462774057677
0.0,PFW_diminishing,diminishing,80.0,0.0020999908447265625,15.631791463099065,0.2031863112844885,7.0,0.5210597154366355
0.0,PFW_diminishing,diminishing,81.0,0.0021309852600097656,15.630092127788402,0.17559333948802447,7.0,0.5210030709262801
0.0,PFW_diminishing,diminishing,82.0,0.002156972885131836,15.631075895498325,0.17237918559604815,8.0,0.5210358631832775
0.0,PFW_diminishing,diminishing,83.0,0.002183198928833008,15.630008634203277,0.14381183963401512,8.0,0.5210002878067759
0.0,PFW_diminishing,diminishing,84.0,0.0022089481353759766,15.630971708754572,0.16732650631836066,8.0,0.521032390291819
0.0,PFW_diminishing,diminishing,85.0,0.0022330284118652344,15.629931067761103,0.1404827388395713,8.0,0.5209977022587035
0.0,PFW_diminishing,diminishing,86.0,0.002257108688354492,15.630874245823376,0.16250900486317477,8.0,0.5210291415274458
0.0,PFW_diminishing,diminishing,87.0,0.0022809505462646484,15.629858892835308,0.1373081216744545,8.0,0.5209952964278436
0.0,PFW_diminishing,diminishing,88.0,0.0023059844970703125,15.630782930334828,0.15791064050096892,8.0,0.5210260976778276
0.0,PFW_diminishing,diminishing,89.0,0.0023310184478759766,15.629791632451914,0.13427748612635426,8.0,0.5209930544150638
0.0,PFW_diminishing,diminishing,90.0,0.002354860305786133,15.630697246814012,0.1535167984097523,8.0,0.5210232415604671
0.0,PFW_diminishing,diminishing,91.0,0.0023801326751708984,15.629728860779668,0.1313812604352158,8.0,0.5209909620259889
0.0,PFW_diminishing,diminishing,92.0,0.0024061203002929688,15.630616733093294,0.14931413472315214,8.0,0.5210205577697765
0.0,PFW_diminishing,diminishing,93.0,0.0024290084838867188,15.6296701967159,0.12861070238136385,8.0,0.5209890065571966
0.0,PFW_diminishing,diminishing,94.0,0.002454042434692383,15.630540973807356,0.14529044134957658,8.0,0.5210180324602453
0.0,PFW_diminishing,diminishing,95.0,0.0024781227111816406,15.629615298389401,0.12595781137377848,8.0,0.52098717661298
0.0,PFW_diminishing,diminishing,96.0,0.0025010108947753906,15.630469594797773,0.14143452768121811,8.0,0.5210156531599258
0.0,PFW_diminishing,diminishing,97.0,0.002524852752685547,15.629563858433764,0.12341525148066168,8.0,0.5209854619477922
0.0,PFW_diminishing,diminishing,98.0,0.0025489330291748047,15.630402258284375,0.13773611678179698,8.0,0.5210134086094792
0.0,PFW_diminishing,diminishing,99.0,0.0025720596313476562,15.629515599910322,0.12097628384641723,8.0,0.520983853330344
0.0,PFW_diminishing,diminishing,100.0,0.002595186233520508,15.630338658685563,0.13418575402726596,8.0,0.5210112886228521
0.0,PFW_diminishing,diminishing,101.0,0.002618074417114258,15.629470272780775,0.11863470718677505,8.0,0.5209823424260258
0.0,PFW_diminishing,diminishing,102.0,0.0026428699493408203,15.630278518989542,0.13077472649127841,8.0,0.5210092839663181
0.0,PFW_diminishing,diminishing,103.0,0.002669095993041992,15.629427650846658,0.11638480525797945,8.0,0.5209809216948886
0.0,PFW_diminishing,diminishing,104.0,0.00269317626953125,15.630221587594965,0.12749499162971567,8.0,0.5210073862531656
0.0,PFW_diminishing,diminishing,105.0,0.0027179718017578125,15.629387529086278,0.1142213003651733,8.0,0.5209795843028759
0.0,PFW_diminishing,diminishing,106.0,0.0027420520782470703,15.630167635552747,0.12433911403674713,8.0,0.5210055878517582
0.0,PFW_diminishing,diminishing,107.0,0.0027670860290527344,15.629349721331495,0.112139312115481,8.0,0.5209783240443832
0.0,PFW_diminishing,diminishing,108.0,0.0027909278869628906,15.628616646403648,0.12138080801050855,9.0,0.5209538882134549
0.0,PFW_diminishing,diminishing,109.0,0.0028159618377685547,15.629804631647465,0.061766888109058726,9.0,0.5209934877215822
0.0,PFW_diminishing,diminishing,110.0,0.0028400421142578125,15.628898036095494,0.16349294611272924,9.0,0.5209632678698498
0.0,PFW_diminishing,diminishing,111.0,0.0028641223907470703,15.629758355144048,0.09043088906110874,9.0,0.5209919451714683
0.0,PFW_diminishing,diminishing,112.0,0.002888917922973633,15.628547761763558,0.16220221601979112,9.0,0.5209515920587853
0.0,PFW_diminishing,diminishing,113.0,0.0029129981994628906,15.629714131920178,0.05846055225048019,9.0,0.520990471064006
0.0,PFW_diminishing,diminishing,114.0,0.0029380321502685547,15.628524986802091,0.15989521650418403,9.0,0.520950832893403
0.0,PFW_diminishing,diminishing,115.0,0.002961874008178711,15.628092226270455,0.05759298565991067,9.0,0.5209364075423485
0.0,PFW_diminishing,diminishing,116.0,0.0029859542846679688,15.628503293727224,0.029139644382070173,9.0,0.5209501097909075
0.0,PFW_diminishing,diminishing,117.0,0.0030090808868408203,15.628078106887495,0.05646683980687328,9.0,0.5209359368962498
0.0,PFW_diminishing,diminishing,118.0,0.003033161163330078,15.62848261367471,0.028084693648406045,9.0,0.5209494204558236
0.0,PFW_diminishing,diminishing,119.0,0.003057241439819336,15.62951773630722,0.056053087659130085,9.0,0.520983924543574
0.0,PFW_diminishing,diminishing,120.0,0.0030820369720458984,15.628690318949525,0.15332703628957667,9.0,0.5209563439649841
0.0,PFW_diminishing,diminishing,121.0,0.0031049251556396484,15.629481369458382,0.08239887649096467,9.0,0.5209827123152794
0.0,PFW_diminishing,diminishing,122.0,0.0031290054321289062,15.628667771749152,0.15127859749596873,9.0,0.5209555923916384
0.0,PFW_diminishing,diminishing,123.0,0.003152132034301758,15.629446624573498,0.08071071761991,9.0,0.52098155415245
0.0,PFW_diminishing,diminishing,124.0,0.0031769275665283203,15.62839811319852,0.1494407722070914,9.0,0.520946603773284
0.0,PFW_diminishing,diminishing,125.0,0.003198862075805664,15.6280053357245,0.0570628282950878,9.0,0.5209335111908167
0.0,PFW_diminishing,diminishing,126.0,0.0032219886779785156,15.628872955217426,0.029243419445226237,9.0,0.5209624318405809
0.0,PFW_diminishing,diminishing,127.0,0.003245115280151367,15.627994406762696,0.07304578097095771,9.0,0.5209331468920898
0.0,PFW_diminishing,diminishing,128.0,0.003269195556640625,15.62834885611585,0.02797848858365981,9.0,0.5209449618705283
0.0,PFW_diminishing,diminishing,129.0,0.0032939910888671875,15.627983949510591,0.053770791447167454,9.0,0.5209327983170197
0.0,PFW_diminishing,diminishing,130.0,0.0033180713653564453,15.628803589606376,0.02711100394139976,9.0,0.5209601196535458
0.0,PFW_diminishing,diminishing,131.0,0.003342151641845703,15.627974006786054,0.06979390014442366,9.0,0.5209324668928684
0.0,PFW_diminishing,diminishing,132.0,0.003366231918334961,15.628304041929852,0.02592196718498485,9.0,0.5209434680643283
0.0,PFW_diminishing,diminishing,133.0,0.003392934799194336,15.629140145116583,0.05071138686002641,9.0,0.5209713381705527
0.0,PFW_diminishing,diminishing,134.0,0.0034182071685791016,15.628467269471312,0.13840255281410663,9.0,0.520948908982377
0.0,PFW_diminishing,diminishing,135.0,0.0034418106079101562,15.629113801431519,0.07443577467343943,9.0,0.5209704600477173
0.0,PFW_diminishing,diminishing,136.0,0.003464937210083008,15.628450985967753,0.13675865512466956,9.0,0.520948366198925
0.0,PFW_diminishing,diminishing,137.0,0.0034880638122558594,15.629088514844575,0.07307770151477122,9.0,0.5209696171614858
0.0,PFW_diminishing,diminishing,138.0,0.0035130977630615234,15.62843545919561,0.13516249594986718,9.0,0.5209478486398537
0.0,PFW_diminishing,diminishing,139.0,0.003535032272338867,15.629064227920058,0.07175887719447616,9.0,0.5209688075973352
0.0,PFW_diminishing,diminishing,140.0,0.0035581588745117188,15.628221017999419,0.13403489783104305,9.0,0.5209407005999807
0.0,PFW_diminishing,diminishing,141.0,0.003580808639526367,15.62790971037769,0.05245857202849891,9.0,0.5209303236792563
0.0,PFW_diminishing,diminishing,142.0,0.0036039352416992188,15.628507879161143,0.02771910164757685,9.0,0.5209502626387048
0.0,PFW_diminishing,diminishing,143.0,0.003628969192504883,15.627901414835971,0.0600186805053724,9.0,0.5209300471611991
0.0,PFW_diminishing,diminishing,144.0,0.003651142120361328,15.628491558509648,0.026719482769532732,9.0,0.5209497186169882
0.0,PFW_diminishing,diminishing,145.0,0.003674030303955078,15.627893509808205,0.05917925006918168,9.0,0.5209297836602735
0.0,PFW_diminishing,diminishing,146.0,0.0036971569061279297,15.628475838554838,0.025747302368657188,9.0,0.5209491946184946
0.0,PFW_diminishing,diminishing,147.0,0.0037200450897216797,15.627885973066869,0.05836275197102658,9.0,0.5209295324355623
0.0,PFW_diminishing,diminishing,148.0,0.0037429332733154297,15.628460689012714,0.02480144617459068,9.0,0.5209486896337572
0.0,PFW_diminishing,diminishing,149.0,0.0037670135498046875,15.627878783899687,0.057568259331992166,9.0,0.5209292927966562
0.0,PFW_diminishing,diminishing,150.0,0.003790140151977539,15.628446081515932,0.023880859436188118,9.0,0.5209482027171978
0.0,PFW_diminishing,diminishing,151.0,0.0038149356842041016,15.627871922988978,0.05679489454975162,9.0,0.5209290640996326
0.0,PFW_diminishing,diminishing,152.0,0.0038390159606933594,15.62843198946878,0.02298454300040298,9.0,0.5209477329822927
0.0,PFW_diminishing,diminishing,153.0,0.003860950469970703,15.627865372301944,0.056041826067463774,9.0,0.5209288457433982
0.0,PFW_diminishing,diminishing,154.0,0.003885984420776367,15.62841838791489,0.02211154969706719,9.0,0.520947279597163
0.0,PFW_diminishing,diminishing,155.0,0.0039081573486328125,15.627859114990855,0.055308265393522404,9.0,0.5209286371663618
0.0,PFW_diminishing,diminishing,156.0,0.003932952880859375,15.62806705190578,0.021260981002074075,9.0,0.5209355683968594
0.0,PFW_diminishing,diminishing,157.0,0.003957033157348633,15.628315397797763,0.04477679133987955,9.0,0.5209438465932588
0.0,PFW_diminishing,diminishing,158.0,0.003981113433837891,15.62862662741531,0.051795686560787146,9.0,0.5209542209138437
0.0,PFW_diminishing,diminishing,159.0,0.0040051937103271484,15.628177932703302,0.11585875422895242,9.0,0.5209392644234434
0.0,PFW_diminishing,diminishing,160.0,0.004030942916870117,15.628610910056322,0.06459482133205618,9.0,0.5209536970018774
0.0,PFW_diminishing,diminishing,161.0,0.004057168960571289,15.628167878692993,0.11469061869549257,9.0,0.5209389292897665
0.0,PFW_diminishing,diminishing,162.0,0.0040819644927978516,15.62859572989306,0.06362568584415307,9.0,0.5209531909964353
0.0,PFW_diminishing,diminishing,163.0,0.004106998443603516,15.628265482828224,0.11375922463017751,9.0,0.5209421827609408
0.0,PFW_diminishing,diminishing,164.0,0.0041310787200927734,15.62801253952517,0.05111220619478196,9.0,0.5209337513175056
0.0,PFW_diminishing,diminishing,165.0,0.0041561126708984375,15.628374961510024,0.04377807317130156,9.0,0.5209458320503342
0.0,PFW_diminishing,diminishing,166.0,0.004179954528808594,15.628141801541592,0.0727762298510406,9.0,0.5209380600513864
0.0,PFW_diminishing,diminishing,167.0,0.004203081130981445,15.628361557401679,0.08865103516546391,9.0,0.5209453852467226
0.0,PFW_diminishing,diminishing,168.0,0.004229068756103516,15.628131281123832,0.07194593767358626,9.0,0.5209377093707944
0.0,PFW_diminishing,diminishing,169.0,0.004253864288330078,15.628348604096855,0.08741579865827376,9.0,0.5209449534698952
0.0,PFW_diminishing,diminishing,170.0,0.004279136657714844,15.628121139626655,0.07113528677038872,9.0,0.5209373713208885
0.0,PFW_diminishing,diminishing,171.0,0.0043032169342041016,15.628336081282972,0.08620947453624161,9.0,0.5209445360427657
0.0,PFW_diminishing,diminishing,172.0,0.00432896614074707,15.628111359433998,0.07034358848051525,9.0,0.5209370453144666
0.0,PFW_diminishing,diminishing,173.0,0.004353046417236328,15.628323969786171,0.08503105953505319,9.0,0.5209441323262057
0.0,PFW_diminishing,diminishing,174.0,0.00437617301940918,15.628101923933812,0.0695701859593747,9.0,0.5209367307977938
0.0,PFW_diminishing,diminishing,175.0,0.004400014877319336,15.62831225149535,0.08387959627341779,9.0,0.5209437417165117
0.0,PFW_diminishing,diminishing,176.0,0.0044231414794921875,15.628092817450417,0.06881445236264838,9.0,0.5209364272483472
0.0,PFW_diminishing,diminishing,177.0,0.00444793701171875,15.628300909291976,0.0827541706599213,9.0,0.5209433636430659
0.0,PFW_diminishing,diminishing,178.0,0.004472017288208008,15.628084025182137,0.06807578915313961,9.0,0.5209361341727379
0.0,PFW_diminishing,diminishing,179.0,0.004495143890380859,15.628289926985346,0.08165390947385553,9.0,0.5209429975661782
0.0,PFW_diminishing,diminishing,180.0,0.004519939422607422,15.628075533143672,0.06735362452103999,9.0,0.5209358511047891
0.0,PFW_diminishing,diminishing,181.0,0.0045430660247802734,15.628279289252642,0.08057797810632472,9.0,0.5209426429750881
0.0,PFW_diminishing,diminishing,182.0,0.0045659542083740234,15.628067328112891,0.066647411908761,9.0,0.5209355776037631
0.0,PFW_diminishing,diminishing,183.0,0.004590034484863281,15.628268981583535,0.07952557844962804,9.0,0.5209422993861178
0.0,PFW_diminishing,diminishing,184.0,0.004613161087036133,15.628059397581577,0.06595662863241714,9.0,0.5209353132527192
0.0,PFW_diminishing,diminishing,185.0,0.004637956619262695,15.628258990228824,0.07849594692356376,9.0,0.5209419663409608
0.0,PFW_diminishing,diminishing,186.0,0.004662036895751953,15.628051729709874,0.06528077459260118,9.0,0.5209350576569958
0.0,PFW_diminishing,diminishing,187.0,0.004683971405029297,15.628249302152879,0.0774883526283574,9.0,0.520941643405096
0.0,PFW_diminishing,diminishing,188.0,0.004708051681518555,15.62804431328404,0.06461937106782223,9.0,0.5209348104428013
0.0,PFW_diminishing,diminishing,189.0,0.004731178283691406,15.628239904989494,0.07650209561496624,9.0,0.5209413301663165
0.0,PFW_diminishing,diminishing,190.0,0.004756927490234375,15.628037137677298,0.06397195958443369,9.0,0.5209345712559099
0.0,PFW_diminishing,diminishing,191.0,0.0047800540924072266,15.628230787000897,0.0755365052640915,9.0,0.5209410262333632
0.0,PFW_diminishing,diminishing,192.0,0.004803180694580078,15.628030192813533,0.06333810085752312,9.0,0.5209343397604511
0.0,PFW_diminishing,diminishing,193.0,0.004827022552490234,15.628221937039685,0.07459093876590117,9.0,0.5209407312346561
0.0,PFW_diminishing,diminishing,194.0,0.004850864410400391,15.628023469133506,0.0627173737975415,9.0,0.5209341156377836
0.0,PFW_diminishing,diminishing,195.0,0.0048749446868896484,15.628213344513407,0.07366477969346441,9.0,0.5209404448171135
0.0,PFW_diminishing,diminishing,196.0,0.0048999786376953125,15.628016957563519,0.06210937457804988,9.0,0.5209338985854506
0.0,PFW_diminishing,diminishing,197.0,0.004922151565551758,15.627859831063155,0.07275743666303214,9.0,0.5209286610354386
0.0,PFW_diminishing,diminishing,198.0,0.004945993423461914,15.627789020700632,0.03975850618768817,9.0,0.5209263006900211
0.0,PFW_diminishing,diminishing,199.0,0.004968881607055664,15.6276515539694,0.06771876597834137,9.0,0.5209217184656467
0.0,PFW_diminishing,diminishing,200.0,0.00499415397644043,15.627783141081204,0.04192910302122144,9.0,0.5209261047027068
0.0,PFW_diminishing,diminishing,201.0,0.005017995834350586,15.627647079672249,0.06712398110209605,9.0,0.5209215693224083
0.0,PFW_diminishing,diminishing,202.0,0.0050411224365234375,15.627777426688825,0.04145756653537802,9.0,0.5209259142229609
0.0,PFW_diminishing,diminishing,203.0,0.005064964294433594,15.627642741711208,0.06654093039787057,9.0,0.520921424723707
0.0,PFW_diminishing,diminishing,204.0,0.0050890445709228516,15.62777187127768,0.040995306704141754,9.0,0.5209257290425894
0.0,PFW_diminishing,diminishing,205.0,0.005114078521728516,15.627638534733869,0.06596927003901598,9.0,0.520921284491129
0.0,PFW_diminishing,diminishing,206.0,0.005137920379638672,15.627472224008509,0.04103253815186214,9.0,0.5209157408002836
0.0,PFW_diminishing,diminishing,207.0,0.005159854888916016,15.627634424451687,0.0413937783430498,9.0,0.5209211474817229
0.0,PFW_diminishing,diminishing,208.0,0.0051839351654052734,15.6274697290547,0.04076402586462535,9.0,0.5209156576351567
0.0,PFW_diminishing,diminishing,209.0,0.005208015441894531,15.627502940873358,0.04110660963066337,9.0,0.5209167646957786
0.0,PFW_diminishing,diminishing,210.0,0.005233049392700195,15.62744181316985,0.047652859876308185,9.0,0.5209147271056617
0.0,PFW_diminishing,diminishing,211.0,0.005255937576293945,15.627498699285388,0.035973426382867046,9.0,0.5209166233095129
0.0,PFW_diminishing,diminishing,212.0,0.005279064178466797,15.627438179655035,0.04719937274063746,9.0,0.5209146059885011
0.0,PFW_diminishing,diminishing,213.0,0.005303144454956055,15.627494572701602,0.03557254611108718,9.0,0.5209164857567201
0.0,PFW_diminishing,diminishing,214.0,0.005326032638549805,15.62743464887612,0.046754375412980664,9.0,0.5209144882958706
0.0,PFW_diminishing,diminishing,215.0,0.005350828170776367,15.62749055695805,0.035179143493756726,9.0,0.5209163518986016
0.0,PFW_diminishing,diminishing,216.0,0.005374908447265625,15.62743121704329,0.04631763171377834,9.0,0.520914373901443
0.0,PFW_diminishing,diminishing,217.0,0.0053980350494384766,15.627486648078358,0.034793011261673,9.0,0.520916221602612
0.0,PFW_diminishing,diminishing,218.0,0.005422115325927734,15.62742788053905,0.045888914142789616,9.0,0.520914262684635
0.0,PFW_diminishing,diminishing,219.0,0.005445003509521484,15.62748284226363,0.034413949735066396,9.0,0.520916094742121
0.0,PFW_diminishing,diminishing,220.0,0.005470991134643555,15.627424635908934,0.045468003484009145,9.0,0.5209141545302978
0.0,PFW_diminishing,diminishing,221.0,0.005494117736816406,15.62747913588303,0.03404176647941881,9.0,0.520915971196101
0.0,PFW_diminishing,diminishing,222.0,0.005517005920410156,15.62742147985279,0.04505468843206728,9.0,0.5209140493284263
0.0,PFW_diminishing,diminishing,223.0,0.005541086196899414,15.627475525464908,0.03367627597980949,9.0,0.5209158508488303
0.0,PFW_diminishing,diminishing,224.0,0.005564212799072266,15.627418409216595,0.04464876523856276,9.0,0.5209139469738865
0.0,PFW_diminishing,diminishing,225.0,0.005589008331298828,15.627472007688473,0.03331729933272065,9.0,0.5209157335896157
0.0,PFW_diminishing,diminishing,226.0,0.005613088607788086,15.627415420984777,0.04425003737729938,9.0,0.5209138473661592
0.0,PFW_diminishing,diminishing,227.0,0.005635976791381836,15.627468579376005,0.03296466395411635,9.0,0.5209156193125335
0.0,PFW_diminishing,diminishing,228.0,0.005660057067871094,15.627412512273017,0.04385831522709438,9.0,0.5209137504091006
0.0,PFW_diminishing,diminishing,229.0,0.005682945251464844,15.62746523748547,0.03261820330288856,9.0,0.5209155079161824
0.0,PFW_diminishing,diminishing,230.0,0.0057070255279541016,15.627409680321453,0.04347341577116559,9.0,0.520913656010715
0.0,PFW_diminishing,diminishing,231.0,0.005731105804443359,15.627461979103632,0.032277756618679376,9.0,0.5209153993034544
0.0,PFW_diminishing,diminishing,232.0,0.005753993988037109,15.627406922488307,0.04309516231210253,9.0,0.5209135640829435
0.0,PFW_diminishing,diminishing,233.0,0.005777835845947266,15.627458801439541,0.031943168673249644,9.0,0.520915293381318
0.0,PFW_diminishing,diminishing,234.0,0.0058019161224365234,15.62740423624391,0.042723384201487136,9.0,0.5209134745414636
0.0,PFW_diminishing,diminishing,235.0,0.0058269500732421875,15.627455701818413,0.03161428953455925,9.0,0.5209151900606137
0.0,PFW_diminishing,diminishing,236.0,0.005850076675415039,15.627401619165026,0.042357916583245725,9.0,0.5209133873055009
0.0,PFW_diminishing,diminishing,237.0,0.005873203277587891,15.62745267767586,0.03129097434280759,9.0,0.520915089255862
0.0,PFW_diminishing,diminishing,238.0,0.005897045135498047,15.627399068929567,0.041998600149959486,9.0,0.5209133022976522
0.0,PFW_diminishing,diminishing,239.0,0.005919933319091797,15.627449726552465,0.03097308309777347,9.0,0.5209149908850822
0.0,PFW_diminishing,diminishing,240.0,0.005944967269897461,15.627396583311558,0.04164528091136788,9.0,0.5209132194437186
0.0,PFW_diminishing,diminishing,241.0,0.0059680938720703125,15.62744684608864,0.030660480456733197,9.0,0.5209148948696213
0.0,PFW_diminishing,diminishing,242.0,0.0059909820556640625,15.627394160176415,0.04129780997444321,9.0,0.5209131386725472
0.0,PFW_diminishing,diminishing,243.0,0.0060138702392578125,15.627444034019799,0.030353035542395546,9.0,0.5209148011339934
0.0,PFW_diminishing,diminishing,244.0,0.00603795051574707,15.627391797476513,0.04095604333416247,9.0,0.5209130599158838
0.0,PFW_diminishing,diminishing,245.0,0.006062030792236328,15.627441288171799,0.030050621760256746,9.0,0.5209147096057266
0.0,PFW_diminishing,diminishing,246.0,0.006086111068725586,15.627389493246962,0.04061984167459798,9.0,0.5209129831082321
0.0,PFW_diminishing,diminishing,247.0,0.006109952926635742,15.627438606456609,0.029753116624855025,9.0,0.5209146202152203
0.0,PFW_diminishing,diminishing,248.0,0.006134033203125,15.627387245601641,0.04028907017961458,9.0,0.5209129081867213
0.0,PFW_diminishing,diminishing,249.0,0.0061571598052978516,15.627435986868267,0.029460401594404217,9.0,0.520914532895609
0.0,PFW_diminishing,diminishing,250.0,0.006182193756103516,15.627385052729453,0.03996359835264229,9.0,0.5209128350909817
0.0,PFW_diminishing,diminishing,251.0,0.006206035614013672,15.627433427479016,0.029172361913339273,9.0,0.5209144475826338
0.0,PFW_diminishing,diminishing,252.0,0.006228923797607422,15.627382912890779,0.039643299845089075,9.0,0.520912763763026
0.0,PFW_diminishing,diminishing,253.0,0.0062520503997802734,15.627430926435656,0.028888886462389962,9.0,0.5209143642145219
0.0,PFW_diminishing,diminishing,254.0,0.006276130676269531,15.627380824414134,0.03932805229278813,9.0,0.5209126941471378
0.0,PFW_diminishing,diminishing,255.0,0.006300210952758789,15.62742848195612,0.02860986761566764,9.0,0.5209142827318707
0.0,PFW_diminishing,diminishing,256.0,0.006324052810668945,15.627378785692986,0.03901773716023271,9.0,0.5209126261897662
0.0,PFW_diminishing,diminishing,257.0,0.006346940994262695,15.627426092326196,0.028335201104461305,9.0,0.5209142030775399
0.0,PFW_diminishing,diminishing,258.0,0.006371021270751953,15.62737679518278,0.03871223959196968,9.0,0.520912559839426
0.0,PFW_diminishing,diminishing,259.0,0.006394147872924805,15.627423755896464,0.02806478588738237,9.0,0.5209141251965488
0.0,PFW_diminishing,diminishing,260.0,0.006418943405151367,15.627374851398075,0.0384114482708835,9.0,0.5209124950466025
0.0,PFW_diminishing,diminishing,261.0,0.006443023681640625,15.627421471079348,0.027798524026440674,9.0,0.5209140490359783
0.0,PFW_diminishing,diminishing,262.0,0.0064661502838134766,15.62737295290987,0.038115255283015514,9.0,0.5209124317636623
0.0,PFW_diminishing,diminishing,263.0,0.006489992141723633,15.627419236346364,0.027536320568822603,9.0,0.5209139745448789
0.0,PFW_diminishing,diminishing,264.0,0.006513118743896484,15.627371098343065,0.037823555988492075,9.0,0.5209123699447689
0.0,PFW_diminishing,diminishing,265.0,0.006537914276123047,15.627417050225477,0.02727808343402849,9.0,0.5209139016741825
0.0,PFW_diminishing,diminishing,266.0,0.006561994552612305,15.62736928637403,0.037536248898287994,9.0,0.520912309545801
0.0,PFW_diminishing,diminishing,267.0,0.00658416748046875,15.62741491129864,0.02702372330607261,9.0,0.5209138303766213
0.0,PFW_diminishing,diminishing,268.0,0.006608009338378906,15.627367515728327,0.03725323555654292,9.0,0.5209122505242776
0.0,PFW_diminishing,diminishing,269.0,0.006630897521972656,15.627412818199392,0.026773153530520233,9.0,0.5209137606066464
0.0,PFW_diminishing,diminishing,270.0,0.00665593147277832,15.627365785178535,0.036974420428080634,9.0,0.5209121928392845
0.0,PFW_diminishing,diminishing,271.0,0.006679058074951172,15.627410769610647,0.02652629001608453,9.0,0.5209136923203549
0.0,PFW_diminishing,diminishing,272.0,0.0067021846771240234,15.627364093542196,0.036699710790916384,9.0,0.5209121364514065
0.0,PFW_diminishing,diminishing,273.0,0.00672602653503418,15.627408764262546,0.026283051140573832,9.0,0.5209136254754182
0.0,PFW_diminishing,diminishing,274.0,0.00674891471862793,15.627362439679851,0.036429016633451994,9.0,0.5209120813226618
0.0,PFW_diminishing,diminishing,275.0,0.006773948669433594,15.627406800930435,0.02604335766090138,9.0,0.5209135600310145
0.0,PFW_diminishing,diminishing,276.0,0.006797075271606445,15.62736082249319,0.03616225055619715,9.0,0.5209120274164396
0.0,PFW_diminishing,diminishing,277.0,0.006820201873779297,15.627404878432953,0.025807132627065243,9.0,0.5209134959477651
0.0,PFW_diminishing,diminishing,278.0,0.006844043731689453,15.627359240923278,0.0358993276776669,9.0,0.5209119746974425
0.0,PFW_diminishing,diminishing,279.0,0.006866931915283203,15.627402995630192,0.02557430129979643,9.0,0.520913433187673
0.0,PFW_diminishing,diminishing,280.0,0.006891965866088867,15.627357693948893,0.03564016554436655,9.0,0.5209119231316298
0.0,PFW_diminishing,diminishing,281.0,0.006915092468261719,15.62740115142196,0.025344791071736594,9.0,0.5209133717140654
0.0,PFW_diminishing,diminishing,282.0,0.00693821907043457,15.627356180584906,0.03538468404461348,9.0,0.5209118726861636
0.0,PFW_diminishing,diminishing,283.0,0.006961822509765625,15.627399344746141,0.025118531391957077,9.0,0.5209133114915381
0.0,PFW_diminishing,diminishing,284.0,0.0069849491119384766,15.6273546998808,0.03513280532596319,9.0,0.52091182332936
0.0,PFW_diminishing,diminishing,285.0,0.007009983062744141,15.627397574577097,0.024895453693677183,9.0,0.5209132524859033
0.0,PFW_diminishing,diminishing,286.0,0.0070340633392333984,15.627353250919194,0.03488445371615079,9.0,0.5209117750306398
0.0,PFW_diminishing,diminishing,287.0,0.007056236267089844,15.627395839924192,0.024675491325011123,9.0,0.5209131946641398
0.0,PFW_diminishing,diminishing,288.0,0.0070798397064208984,15.627351832814485,0.03463955564729382,9.0,0.5209117277604828
0.0,PFW_diminishing,diminishing,289.0,0.00710296630859375,15.627394139830342,0.024458579482578457,9.0,0.5209131379943447
0.0,PFW_diminishing,diminishing,290.0,0.007128000259399414,15.627350444711546,0.03439803958324639,9.0,0.5209116814903848
0.0,PFW_diminishing,diminishing,291.0,0.007152080535888672,15.627392473370692,0.02424465514786256,9.0,0.5209130824456898
0.0,PFW_diminishing,diminishing,292.0,0.007174253463745117,15.627349085784463,0.034159835949965967,9.0,0.5209116361928154
0.0,PFW_diminishing,diminishing,293.0,0.007197856903076172,15.627390839651282,0.024033657026192756,9.0,0.520913027988376
0.0,PFW_diminishing,diminishing,294.0,0.0072209835052490234,15.627347755235363,0.03392487706867442,9.0,0.5209115918411787
0.0,PFW_diminishing,diminishing,295.0,0.0072460174560546875,15.627389237807826,0.023825525488197385,9.0,0.5209129745935942
0.0,PFW_diminishing,diminishing,296.0,0.007270097732543945,15.627346452293287,0.033693097091767044,9.0,0.5209115484097763
0.0,PFW_diminishing,diminishing,297.0,0.007292985916137695,15.627387667004543,0.023620202513642496,9.0,0.5209129222334847
0.0,PFW_diminishing,diminishing,298.0,0.007317066192626953,15.627345176213094,0.03346443194133464,9.0,0.5209115058737698
0.0,PFW_diminishing,diminishing,299.0,0.007339954376220703,15.62738612643302,0.023417631637496328,9.0,0.5209128708811007
0.0,PFW_diminishing,diminishing,300.0,0.007365226745605469,15.627343926274445,0.03323881925006411,9.0,0.5209114642091481
0.0,PFW_diminishing,diminishing,301.0,0.007388114929199219,15.627384615311156,0.02321775789820535,9.0,0.5209128205103719
0.0,PFW_diminishing,diminishing,302.0,0.007411003112792969,15.627342701780826,0.03301619830455316,9.0,0.5209114233926943
0.0,PFW_diminishing,diminishing,303.0,0.0074350833892822266,15.627383132882121,0.02302052778795627,9.0,0.5209127710960707
0.0,PFW_diminishing,diminishing,304.0,0.0074579715728759766,15.627341502058604,0.032796509990852485,9.0,0.5209113834019534
0.0,PFW_diminishing,diminishing,305.0,0.007483243942260742,15.627381678413387,0.022825889204932892,9.0,0.5209127226137796
0.0,PFW_diminishing,diminishing,306.0,0.007506847381591797,15.627340326456139,0.032579696742159214,9.0,0.5209113442152046
0.0,PFW_diminishing,diminishing,307.0,0.007529020309448242,15.6273802511958,0.022633791407470127,9.0,0.52091267503986
0.0,PFW_diminishing,diminishing,308.0,0.007554054260253906,15.627339174342922,0.03236570248849624,9.0,0.5209113058114307
0.0,PFW_diminishing,diminishing,309.0,0.00757908821105957,15.627378850542675,0.022444184969911518,9.0,0.5209126283514225
0.0,PFW_diminishing,diminishing,310.0,0.007603883743286133,15.627338045108772,0.03215447260838111,9.0,0.5209112681702924
0.0,PFW_diminishing,diminishing,311.0,0.007627964019775391,15.627377475788958,0.022257021740266225,9.0,0.5209125825262986
0.0,PFW_diminishing,diminishing,312.0,0.007652997970581055,15.627336938163054,0.031945953882411615,9.0,0.5209112312721018
0.0,PFW_diminishing,diminishing,313.0,0.007676124572753906,15.627376126290402,0.02207225479940078,9.0,0.5209125375430134
0.0,PFW_diminishing,diminishing,314.0,0.0076999664306640625,15.62733585293393,0.031740094448482026,9.0,0.5209111950977977
0.0,PFW_diminishing,diminishing,315.0,0.007723093032836914,15.627374801422794,0.02188983842189174,9.0,0.5209124933807598
0.0,PFW_diminishing,diminishing,316.0,0.007745981216430664,15.627334788867653,0.031536843758853905,9.0,0.5209111596289218
0.0,PFW_diminishing,diminishing,317.0,0.007771015167236328,15.627373500581205,0.021709728038253218,9.0,0.5209124500193735
0.0,PFW_diminishing,diminishing,318.0,0.007794857025146484,15.627333745427892,0.03133615253873856,9.0,0.5209111248475964
0.0,PFW_diminishing,diminishing,319.0,0.00781702995300293,15.627372223179279,0.021531880198665476,9.0,0.5209124074393093
0.0,PFW_diminishing,diminishing,320.0,0.007841110229492188,15.627332722095067,0.031137972746513753,9.0,0.5209110907365022
0.0,PFW_diminishing,diminishing,321.0,0.007863998413085938,15.627370968648558,0.021356252538030418,9.0,0.5209123656216186
0.0,PFW_diminishing,diminishing,322.0,0.007889032363891602,15.627331718365738,0.030942257535375717,9.0,0.5209110572788579
0.0,PFW_diminishing,diminishing,323.0,0.007912874221801758,15.627369736437807,0.021182803742338052,9.0,0.5209123245479269
0.0,PFW_diminishing,diminishing,324.0,0.00793600082397461,15.627330733752006,0.030748961216380266,9.0,0.5209110244584002
0.0,PFW_diminishing,diminishing,325.0,0.007959127426147461,15.627368526012415,0.021011493516262192,9.0,0.5209122842004138
0.0,PFW_diminishing,diminishing,326.0,0.007982015609741211,15.627329767780946,0.030558039222981392,9.0,0.5209109922593649
0.0,PFW_diminishing,diminishing,327.0,0.008007049560546875,15.627367336853785,0.0208422825519623,9.0,0.5209122445617929
0.0,PFW_diminishing,diminishing,328.0,0.008030891418457031,15.627328819994062,0.030369448076703165,9.0,0.5209109606664687
0.0,PFW_diminishing,diminishing,329.0,0.008053064346313477,15.627366168458757,0.02067513249902042,9.0,0.5209122056152918
0.0,PFW_diminishing,diminishing,330.0,0.008077144622802734,15.627327889946747,0.030183145354156338,9.0,0.5209109296648916
0.0,PFW_diminishing,diminishing,331.0,0.008099079132080078,15.62736502033905,0.02051000593546526,9.0,0.520912167344635
0.0,PFW_diminishing,diminishing,332.0,0.00812220573425293,15.627326977207808,0.029999089655241562,9.0,0.5209108992402602
0.0,PFW_diminishing,diminishing,333.0,0.008145809173583984,15.627363892020767,0.020346866339853165,9.0,0.5209121297340256
0.0,PFW_diminishing,diminishing,334.0,0.008168935775756836,15.627473743312196,0.02981832463619405,9.0,0.5209157914437399
0.0,PFW_diminishing,diminishing,335.0,0.008193016052246094,15.627362784324944,0.04166653916670526,9.0,0.5209120928108315
0.0,PFW_diminishing,diminishing,336.0,0.008217096328735352,15.627324555789034,0.029809851537304866,9.0,0.5209108185263012
0.0,PFW_diminishing,diminishing,337.0,0.008240222930908203,15.627361692332716,0.020087978993428734,9.0,0.5209120564110905
0.0,PFW_diminishing,diminishing,338.0,0.008263111114501953,15.62732369441374,0.029632294468017406,9.0,0.5209107898137914
0.0,PFW_diminishing,diminishing,339.0,0.008285999298095703,15.627360618823758,0.01993059357753424,9.0,0.5209120206274586
0.0,PFW_diminishing,diminishing,340.0,0.008311033248901367,15.627322848724573,0.029456828502317123,9.0,0.5209107616241524
0.0,PFW_diminishing,diminishing,341.0,0.008334159851074219,15.627359563376368,0.019775057480332592,9.0,0.5209119854458789
0.0,PFW_diminishing,diminishing,342.0,0.008357048034667969,15.627462520073463,0.029348475815437425,9.0,0.5209154173357821
0.0,PFW_diminishing,diminishing,343.0,0.008380889892578125,15.627358525668122,0.04059519202801454,9.0,0.520911950855604
0.0,PFW_diminishing,diminishing,344.0,0.008404016494750977,15.62732059954007,0.029276405352840484,9.0,0.5209106866513357
0.0,PFW_diminishing,diminishing,345.0,0.008428096771240234,15.627357503387355,0.019528176871814296,9.0,0.5209119167795785
0.0,PFW_diminishing,diminishing,346.0,0.008452177047729492,15.627319800457514,0.02910699227499869,9.0,0.5209106600152504
0.0,PFW_diminishing,diminishing,347.0,0.008475065231323242,15.627453128668163,0.019422168335498924,9.0,0.5209151042889387
0.0,PFW_diminishing,diminishing,348.0,0.008498907089233398,15.627319015689878,0.04041966516397011,9.0,0.5209106338563293
0.0,PFW_diminishing,diminishing,349.0,0.00852203369140625,15.627354861572275,0.019375451917731823,9.0,0.5209118287190758
0.0,PFW_diminishing,diminishing,350.0,0.008547067642211914,15.627452667426,0.028826865381597955,9.0,0.5209150889142
0.0,PFW_diminishing,diminishing,351.0,0.008570194244384766,15.627353891390142,0.039720098014431215,9.0,0.5209117963796713
0.0,PFW_diminishing,diminishing,352.0,0.00859379768371582,15.627316921148003,0.02879827865177198,9.0,0.5209105640382667
0.0,PFW_diminishing,diminishing,353.0,0.008617877960205078,15.627352934662921,0.01913975784847466,9.0,0.5209117644887641
0.0,PFW_diminishing,diminishing,354.0,0.00864100456237793,15.627316176895125,0.028636465469434214,9.0,0.5209105392298375
0.0,PFW_diminishing,diminishing,355.0,0.008666038513183594,15.627444221463184,0.0190609591863673,9.0,0.5209148073821062
0.0,PFW_diminishing,diminishing,356.0,0.00868988037109375,15.627315445340411,0.03969487657697002,9.0,0.5209105148446803
0.0,PFW_diminishing,diminishing,357.0,0.008711814880371094,15.627350461751876,0.018993904142849516,9.0,0.5209116820583959
0.0,PFW_diminishing,diminishing,358.0,0.008735895156860352,15.627314725087892,0.02834787864850874,9.0,0.5209104908362631
0.0,PFW_diminishing,diminishing,359.0,0.008759021759033203,15.627349552019274,0.018853639134546185,9.0,0.5209116517339758
0.0,PFW_diminishing,diminishing,360.0,0.008784055709838867,15.627440814577835,0.028267604817013847,9.0,0.5209146938192611
0.0,PFW_diminishing,diminishing,361.0,0.008806943893432617,15.62734865653366,0.038632449486105,9.0,0.5209116218844554
0.0,PFW_diminishing,diminishing,362.0,0.008829832077026367,15.627312803308056,0.028185188692329888,9.0,0.5209104267769352
0.0,PFW_diminishing,diminishing,363.0,0.008853912353515625,15.627435881821423,0.01871632736257567,9.0,0.5209145293940475
0.0,PFW_diminishing,diminishing,364.0,0.008877038955688477,15.627312120303971,0.03900050105001185,9.0,0.5209104040101323
0.0,PFW_diminishing,diminishing,365.0,0.008901119232177734,15.627346338269595,0.018628626035900098,9.0,0.5209115446089865
0.0,PFW_diminishing,diminishing,366.0,0.00892496109008789,15.627311447979478,0.027909192177284936,9.0,0.5209103815993159
0.0,PFW_diminishing,diminishing,367.0,0.00894784927368164,15.627345484618647,0.018494435169024825,9.0,0.5209115161539549
0.0,PFW_diminishing,diminishing,368.0,0.008970975875854492,15.62743236675024,0.027795864767703904,9.0,0.520914412225008
0.0,PFW_diminishing,diminishing,369.0,0.008994102478027344,15.62725081742641,0.03784361882420306,9.0,0.5209083605808803
0.0,PFW_diminishing,diminishing,370.0,0.009019136428833008,15.627472572226923,0.027529788881389905,9.0,0.520915752407564
0.0,PFW_diminishing,diminishing,371.0,0.009042978286743164,15.627250297166816,0.05299479213976532,9.0,0.5209083432388939
0.0,PFW_diminishing,diminishing,372.0,0.009065866470336914,15.627470872058217,0.02727734415880967,9.0,0.5209156957352739
0.0,PFW_diminishing,diminishing,373.0,0.009088993072509766,15.627249788347239,0.052827863561798694,9.0,0.5209083262782414
0.0,PFW_diminishing,diminishing,374.0,0.009112119674682617,15.62733225077026,0.027027600375996386,9.0,0.5209110750256754
0.0,PFW_diminishing,diminishing,375.0,0.009137153625488281,15.627277830437171,0.02904193058320459,9.0,0.5209092610145724
0.0,PFW_diminishing,diminishing,376.0,0.009160995483398438,15.627403232784603,0.029482578946446125,9.0,0.5209134410928201
0.0,PFW_diminishing,diminishing,377.0,0.009182929992675781,15.627277098693598,0.037467066150810524,9.0,0.5209092366231199
0.0,PFW_diminishing,diminishing,378.0,0.009207010269165039,15.627401846606693,0.029237618637759866,9.0,0.5209133948868898
0.0,PFW_diminishing,diminishing,379.0,0.00923013687133789,15.627276380156475,0.03730589554049146,9.0,0.5209092126718825
0.0,PFW_diminishing,diminishing,380.0,0.009254932403564453,15.627400480401034,0.02899523777538171,9.0,0.5209133493467012
0.0,PFW_diminishing,diminishing,381.0,0.009279012680053711,15.62727567453306,0.03714642131846091,9.0,0.520909189151102
0.0,PFW_diminishing,diminishing,382.0,0.009301900863647461,15.627399133770945,0.028755395830916797,9.0,0.5209133044590315
0.0,PFW_diminishing,diminishing,383.0,0.009325027465820312,15.627274981538449,0.036988616843270705,9.0,0.5209091660512816
0.0,PFW_diminishing,diminishing,384.0,0.009348154067993164,15.627397806329718,0.028518053120601294,9.0,0.5209132602109906
0.0,PFW_diminishing,diminishing,385.0,0.009372949600219727,15.627274300895344,0.03683245602842433,9.0,0.5209091433631782
0.0,PFW_diminishing,diminishing,386.0,0.009397029876708984,15.627396497700314,0.028283170783355516,9.0,0.5209132165900104
0.0,PFW_diminishing,diminishing,387.0,0.009422063827514648,15.62727363233383,0.03667791332797776,9.0,0.5209091210777943
0.0,PFW_diminishing,diminishing,388.0,0.0094451904296875,15.62739520751504,0.02805071075963106,9.0,0.5209131735838347
0.0,PFW_diminishing,diminishing,389.0,0.009467124938964844,15.627272975591106,0.03652496372261815,9.0,0.5209090991863702
0.0,PFW_diminishing,diminishing,390.0,0.009490013122558594,15.627393935415311,0.02782063577082461,9.0,0.5209131311805104
0.0,PFW_diminishing,diminishing,391.0,0.009515047073364258,15.627272330411298,0.03637358270616886,9.0,0.5209090776803766
0.0,PFW_diminishing,diminishing,392.0,0.009536981582641602,15.6272656208636,0.02767442535735043,9.0,0.5209088540287866
0.0,PFW_diminishing,diminishing,393.0,0.009562015533447266,15.627302036308713,0.02360709338327993,9.0,0.520910067876957
0.0,PFW_diminishing,diminishing,394.0,0.009585857391357422,15.627264928021335,0.0345554974840141,9.0,0.5209088309340445
0.0,PFW_diminishing,diminishing,395.0,0.009608030319213867,15.627301163957016,0.023459619032426104,9.0,0.5209100387985672
0.0,PFW_diminishing,diminishing,396.0,0.009632110595703125,15.627264246047577,0.034389890148011304,9.0,0.5209088082015859
0.0,PFW_diminishing,diminishing,397.0,0.009654998779296875,15.627300304214568,0.02331363279725629,9.0,0.5209100101404857
0.0,PFW_diminishing,diminishing,398.0,0.009680032730102539,15.627263574721168,0.034225948699939224,9.0,0.5209087858240389
0.0,PFW_diminishing,diminishing,399.0,0.009702920913696289,15.62729945683532,0.023169112267339642,9.0,0.5209099818945107
0.0,PFW_diminishing,diminishing,400.0,0.009727001190185547,15.627262913826486,0.0340636481297345,9.0,0.5209087637942162
0.0,PFW_diminishing,diminishing,401.0,0.009751081466674805,15.62729862157924,0.0230260354799956,9.0,0.5209099540526413
0.0,PFW_diminishing,diminishing,402.0,0.009773969650268555,15.6272622631533,0.033902963925507734,9.0,0.52090874210511
0.0,PFW_diminishing,diminishing,403.0,0.009798049926757812,15.627297798212131,0.02288438090914191,9.0,0.520909926607071
0.0,PFW_diminishing,diminishing,404.0,0.009821891784667969,15.627261622496599,0.0337438720611285,9.0,0.5209087207498866
0.0,PFW_diminishing,diminishing,405.0,0.00984501838684082,15.627296986505474,0.022744127454492613,9.0,0.5209098995501825
0.0,PFW_diminishing,diminishing,406.0,0.009869098663330078,15.627260991656446,0.033586348984295356,9.0,0.5209086997218815
0.0,PFW_diminishing,diminishing,407.0,0.009891986846923828,15.627296186236238,0.022605254431111277,9.0,0.5209098728745413
0.0,PFW_diminishing,diminishing,408.0,0.009916067123413086,15.627314265440168,0.03345994109583117,9.0,0.5209104755146723
0.0,PFW_diminishing,diminishing,409.0,0.009939908981323242,15.62729539715571,0.02248120821992039,9.0,0.520909846571857
0.0,PFW_diminishing,diminishing,410.0,0.009963035583496094,15.627259314572372,0.03336716141760476,9.0,0.5209086438190791
0.0,PFW_diminishing,diminishing,411.0,0.009986162185668945,15.627294618038311,0.022330451300923926,9.0,0.520909820601277
0.0,PFW_diminishing,diminishing,412.0,0.010010004043579102,15.627258713100687,0.03321420580511969,9.0,0.5209086237700229
0.0,PFW_diminishing,diminishing,413.0,0.010033845901489258,15.627293849731085,0.022195601604186876,9.0,0.5209097949910362
0.0,PFW_diminishing,diminishing,414.0,0.010057926177978516,15.627310302278902,0.033127222897102016,9.0,0.5209103434092968
0.0,PFW_diminishing,diminishing,415.0,0.010081052780151367,15.627293091589648,0.022073453812764043,9.0,0.520909769719655
0.0,PFW_diminishing,diminishing,416.0,0.010105133056640625,15.627257111548008,0.03300134391824905,9.0,0.5209085703849337
0.0,PFW_diminishing,diminishing,417.0,0.010128021240234375,15.62729234328477,0.0219287142078759,9.0,0.520909744776159
0.0,PFW_diminishing,diminishing,418.0,0.010153055191040039,15.627307980587638,0.03286404051023872,9.0,0.5209102660195879
0.0,PFW_diminishing,diminishing,419.0,0.010175943374633789,15.627291605368725,0.021808523679052172,9.0,0.5209097201789575
0.0,PFW_diminishing,diminishing,420.0,0.01019906997680664,15.627255559439476,0.03279254861978664,9.0,0.5209085186479825
0.0,PFW_diminishing,diminishing,421.0,0.01022195816040039,15.62729087634997,0.02166691851725311,9.0,0.5209096958783324
0.0,PFW_diminishing,diminishing,422.0,0.010247230529785156,15.627255003478334,0.03264677514078329,9.0,0.5209085001159445
0.0,PFW_diminishing,diminishing,423.0,0.010272026062011719,15.627290157192784,0.02153839686893022,9.0,0.5209096719064261
0.0,PFW_diminishing,diminishing,424.0,0.01029515266418457,15.627304302404735,0.03254700054202608,9.0,0.5209101434134912
0.0,PFW_diminishing,diminishing,425.0,0.01031804084777832,15.627289447500662,0.021419999240496423,9.0,0.5209096482500221
0.0,PFW_diminishing,diminishing,426.0,0.010342121124267578,15.627253519788821,0.032443864112440934,9.0,0.5209084506596274
0.0,PFW_diminishing,diminishing,427.0,0.010370016098022461,15.62728874660645,0.021283965489013568,9.0,0.5209096248868816
0.0,PFW_diminishing,diminishing,428.0,0.010395050048828125,15.627252988864015,0.03230216009868059,9.0,0.5209084329621338
0.0,PFW_diminishing,diminishing,429.0,0.010417938232421875,15.627288055053377,0.0211590288132264,9.0,0.5209096018351126
0.0,PFW_diminishing,diminishing,430.0,0.010442972183227539,15.627300784274082,0.03223884152322931,9.0,0.5209100261424694
0.0,PFW_diminishing,diminishing,431.0,0.010468006134033203,15.627287372108604,0.021042370625320217,9.0,0.5209095790702868
0.0,PFW_diminishing,diminishing,432.0,0.010491132736206055,15.627251569744503,0.032104888063075876,9.0,0.5209083856581501
0.0,PFW_diminishing,diminishing,433.0,0.010514974594116211,15.627286697863248,0.020911655333842205,9.0,0.5209095565954416
0.0,PFW_diminishing,diminishing,434.0,0.010537862777709961,15.627298721527813,0.03199483177070839,9.0,0.5209099573842605
0.0,PFW_diminishing,diminishing,435.0,0.010564088821411133,15.627286032431918,0.020796775321477057,9.0,0.5209095344143972
0.0,PFW_diminishing,diminishing,436.0,0.010587215423583984,15.627250192975625,0.03191124609970508,9.0,0.5209083397658542
0.0,PFW_diminishing,diminishing,437.0,0.010609865188598633,15.627285374897722,0.02066882784236057,9.0,0.5209095124965908
0.0,PFW_diminishing,diminishing,438.0,0.010632991790771484,15.627249700959805,0.031775955036700054,9.0,0.5209083233653268
0.0,PFW_diminishing,diminishing,439.0,0.010655879974365234,15.627284725914809,0.02054954194084857,9.0,0.520909490863827
0.0,PFW_diminishing,diminishing,440.0,0.01068115234375,15.627295447831575,0.03170066632288382,9.0,0.5209098482610525
0.0,PFW_diminishing,diminishing,441.0,0.010705232620239258,15.627284084969183,0.020436308701215822,9.0,0.5209094694989728
0.0,PFW_diminishing,diminishing,442.0,0.010727882385253906,15.627248382886592,0.031587572686650134,9.0,0.5209082794295531
0.0,PFW_diminishing,diminishing,443.0,0.010751962661743164,15.627283451843427,0.020313298289204695,9.0,0.5209094483947809
0.0,PFW_diminishing,diminishing,444.0,0.010776042938232422,15.62729352749615,0.03146759470101124,9.0,0.5209097842498717
0.0,PFW_diminishing,diminishing,445.0,0.010801076889038086,15.627282826945573,0.020201740965784865,9.0,0.5209094275648524
0.0,PFW_diminishing,diminishing,446.0,0.010824918746948242,15.627247103355408,0.031402578893724,9.0,0.5209082367785136
0.0,PFW_diminishing,diminishing,447.0,0.0108489990234375,15.62728220914295,0.02008129861791197,9.0,0.5209094069714316
0.0,PFW_diminishing,diminishing,448.0,0.010873079299926758,15.627246646711153,0.03127327510025246,9.0,0.5209082215570384
0.0,PFW_diminishing,diminishing,449.0,0.01089620590209961,15.627281599184654,0.01996728862470576,9.0,0.5209093866394885
0.0,PFW_diminishing,diminishing,450.0,0.010918855667114258,15.62729047654133,0.03118649087583414,9.0,0.5209096825513776
0.0,PFW_diminishing,diminishing,451.0,0.01094198226928711,15.62728099674827,0.019857292541063387,9.0,0.5209093665582757
0.0,PFW_diminishing,diminishing,452.0,0.010967016220092773,15.627245420645814,0.031093194823366588,9.0,0.5209081806881938
0.0,PFW_diminishing,diminishing,453.0,0.010991096496582031,15.627280401347656,0.019741440253818965,9.0,0.5209093467115885
0.0,PFW_diminishing,diminishing,454.0,0.011022090911865234,15.627244983544232,0.03096729485721461,9.0,0.5209081661181411
0.0,PFW_diminishing,diminishing,455.0,0.011046171188354492,15.627279813401382,0.01963042922211855,9.0,0.5209093271133793
0.0,PFW_diminishing,diminishing,456.0,0.011070966720581055,15.627287551246843,0.030912810849377692,9.0,0.5209095850415614
0.0,PFW_diminishing,diminishing,457.0,0.011095046997070312,15.627279232319507,0.019521950712057645,9.0,0.5209093077439836
0.0,PFW_diminishing,diminishing,458.0,0.011118173599243164,15.627243808098907,0.030791934912754115,9.0,0.5209081269366302
0.0,PFW_diminishing,diminishing,459.0,0.011143207550048828,15.627278658213363,0.019410490718613005,9.0,0.5209092886071122
0.0,PFW_diminishing,diminishing,460.0,0.011167049407958984,15.62728583408856,0.030695769849607757,9.0,0.520909527802952
0.0,PFW_diminishing,diminishing,461.0,0.011188983917236328,15.62727809114694,0.019303544188966626,9.0,0.5209092697048979
0.0,PFW_diminishing,diminishing,462.0,0.011213064193725586,15.627242665950643,0.03061961975837235,9.0,0.5209080888650214
0.0,PFW_diminishing,diminishing,463.0,0.011236190795898438,15.627277530431313,0.01919436626839932,9.0,0.5209092510143771
0.0,PFW_diminishing,diminishing,464.0,0.011260986328125,15.62724225934956,0.030499100977298355,9.0,0.520908075311652
0.0,PFW_diminishing,diminishing,465.0,0.01128387451171875,15.627276976575008,0.019088097395993486,9.0,0.5209092325525002
0.0,PFW_diminishing,diminishing,466.0,0.011307001113891602,15.627283101500408,0.030433825079155596,9.0,0.5209094367166803
0.0,PFW_diminishing,diminishing,467.0,0.01133108139038086,15.627276429158753,0.018982592694131384,9.0,0.5209092143052918
0.0,PFW_diminishing,diminishing,468.0,0.011354207992553711,15.627241163455073,0.030331206071489092,9.0,0.5209080387818358
0.0,PFW_diminishing,diminishing,469.0,0.011379003524780273,15.627275888047313,0.018877507689998296,9.0,0.5209091962682437
0.0,PFW_diminishing,diminishing,470.0,0.011401891708374023,15.627281496850618,0.030225977643087987,9.0,0.5209093832283539
0.0,PFW_diminishing,diminishing,471.0,0.011425018310546875,15.627275353538675,0.018773452243220135,9.0,0.5209091784512891
0.0,PFW_diminishing,diminishing,472.0,0.011449098587036133,15.627240098017161,0.030166164419867414,9.0,0.5209080032672387
0.0,PFW_diminishing,diminishing,473.0,0.011471033096313477,15.627274824767055,0.018670492443446207,9.0,0.5209091608255685
0.0,PFW_diminishing,diminishing,474.0,0.011497020721435547,15.627239719283843,0.03005068905651065,9.0,0.5209079906427948
0.0,PFW_diminishing,diminishing,475.0,0.011519908905029297,15.627274302318813,0.01856866824003056,9.0,0.5209091434106271
0.0,PFW_diminishing,diminishing,476.0,0.011543035507202148,15.627278940759348,0.0299750292168941,9.0,0.5209092980253116
0.0,PFW_diminishing,diminishing,477.0,0.011566162109375,15.627273785925208,0.018465984354154585,9.0,0.520909126197507
0.0,PFW_diminishing,diminishing,478.0,0.01158905029296875,15.627238696187733,0.029889792475811916,9.0,0.5209079565395911
0.0,PFW_diminishing,diminishing,479.0,0.011613845825195312,15.627273275234487,0.0183668437013349,9.0,0.5209091091744829
0.0,PFW_diminishing,diminishing,480.0,0.01163792610168457,15.627238332910158,0.02977719290570313,9.0,0.5209079444303386
0.0,PFW_diminishing,diminishing,481.0,0.011660099029541016,15.627272770570041,0.018267553515846302,9.0,0.5209090923523347
0.0,PFW_diminishing,diminishing,482.0,0.011684179306030273,15.627276484638156,0.0297303495479877,9.0,0.5209092161546052
0.0,PFW_diminishing,diminishing,483.0,0.011707067489624023,15.627272271447799,0.018166205067430496,9.0,0.5209090757149266
0.0,PFW_diminishing,diminishing,484.0,0.011731863021850586,15.627237350016719,0.02962028718155807,9.0,0.5209079116672239
0.0,PFW_diminishing,diminishing,485.0,0.011755943298339844,15.627271777993037,0.01807072688281508,9.0,0.5209090592664346
0.0,PFW_diminishing,diminishing,486.0,0.011775970458984375,15.627275041529172,0.02953604146600064,9.0,0.5209091680509724
0.0,PFW_diminishing,diminishing,487.0,0.011797904968261719,15.627271290230055,0.017970710459435324,9.0,0.5209090430076685
0.0,PFW_diminishing,diminishing,488.0,0.011823177337646484,15.627236393637062,0.02946596031575588,9.0,0.5209078797879021
0.0,PFW_diminishing,diminishing,489.0,0.011846065521240234,15.627270807640683,0.01787713142587677,9.0,0.5209090269213561
0.0,PFW_diminishing,diminishing,490.0,0.011868953704833984,15.627236054573194,0.029357920145544725,9.0,0.5209078684857731
0.0,PFW_diminishing,diminishing,491.0,0.011892080307006836,15.627264488596795,0.017878321964882815,9.0,0.5209088162865598
0.0,PFW_diminishing,diminishing,492.0,0.011915922164916992,15.627235719083375,0.020422661441552137,9.0,0.5209078573027791
0.0,PFW_diminishing,diminishing,493.0,0.011941194534301758,15.627269425874113,0.017776531698798337,9.0,0.5209089808624704
0.0,PFW_diminishing,diminishing,494.0,0.011964082717895508,15.627271967963456,0.029211140040256822,9.0,0.5209090655987818
0.0,PFW_diminishing,diminishing,495.0,0.011986970901489258,15.627268960061595,0.017677987947681828,9.0,0.5209089653353866
0.0,PFW_diminishing,diminishing,496.0,0.012011051177978516,15.627234809206811,0.029082690891337748,9.0,0.5209078269735604
0.0,PFW_diminishing,diminishing,497.0,0.012033939361572266,15.627262463780308,0.017767651184682265,9.0,0.5209087487926769
0.0,PFW_diminishing,diminishing,498.0,0.012058019638061523,15.627234485457242,0.020255627949719468,9.0,0.5209078161819081
0.0,PFW_diminishing,diminishing,499.0,0.012081146240234375,15.627262031143426,0.017663304709541805,9.0,0.5209087343714475
0.0,PFW_diminishing,diminishing,500.0,0.012104034423828125,15.627234165785957,0.020169274930095682,9.0,0.5209078055261985
0.0,PFW_diminishing,diminishing,501.0,0.012126922607421875,15.627266763919934,0.017578814564565448,9.0,0.5209088921306645
0.0,PFW_diminishing,diminishing,502.0,0.012151002883911133,15.627269151981924,0.02885087029468103,9.0,0.5209089717327308
0.0,PFW_diminishing,diminishing,503.0,0.012174129486083984,15.627266319763752,0.017481917173535422,9.0,0.5209088773254584
0.0,PFW_diminishing,diminishing,504.0,0.012198209762573242,15.627268700157504,0.02871292461297692,9.0,0.5209089566719168
0.0,PFW_diminishing,diminishing,505.0,0.012222051620483398,15.627265880868586,0.01739173822781126,9.0,0.5209088626956195
0.0,PFW_diminishing,diminishing,506.0,0.012245893478393555,15.62723275407862,0.028652014883054022,9.0,0.5209077584692873
0.0,PFW_diminishing,diminishing,507.0,0.012269973754882812,15.627259416535294,0.01754064596098992,9.0,0.5209086472178431
0.0,PFW_diminishing,diminishing,508.0,0.01229405403137207,15.627232449176487,0.02000018085970723,9.0,0.5209077483058829
0.0,PFW_diminishing,diminishing,509.0,0.012319087982177734,15.62725900867436,0.01744036785474634,9.0,0.5209086336224786
0.0,PFW_diminishing,diminishing,510.0,0.012341022491455078,15.62723214804115,0.019917193769350305,9.0,0.5209077382680384
0.0,PFW_diminishing,diminishing,511.0,0.012366056442260742,15.62725860536679,0.017340875178790682,9.0,0.5209086201788931
0.0,PFW_diminishing,diminishing,512.0,0.012390851974487305,15.627231850612565,0.019834855872460366,9.0,0.5209077283537522
0.0,PFW_diminishing,diminishing,513.0,0.012413978576660156,15.627263005655186,0.01729258803223388,9.0,0.5209087668551728
0.0,PFW_diminishing,diminishing,514.0,0.012437105178833008,15.627265360018383,0.02828355517337755,9.0,0.5209088453339461
0.0,PFW_diminishing,diminishing,515.0,0.012462139129638672,15.627262591880427,0.017198669223374097,9.0,0.5209087530626809
0.0,PFW_diminishing,diminishing,516.0,0.012487173080444336,15.627231042389077,0.028162789599431193,9.0,0.5209077014129693
0.0,PFW_diminishing,diminishing,517.0,0.012511014938354492,15.62725680494288,0.017238745738701766,9.0,0.5209085601647626
0.0,PFW_diminishing,diminishing,518.0,0.012533903121948242,15.627230754976605,0.01968064953867099,9.0,0.5209076918325535
0.0,PFW_diminishing,diminishing,519.0,0.0125579833984375,15.627256419924858,0.017142302770457363,9.0,0.5209085473308286
0.0,PFW_diminishing,diminishing,520.0,0.01258397102355957,15.627230471048017,0.019600835207853606,9.0,0.5209076823682672
0.0,PFW_diminishing,diminishing,521.0,0.012608051300048828,15.627260640017191,0.017109993045993477,9.0,0.520908688000573
0.0,PFW_diminishing,diminishing,522.0,0.012632131576538086,15.627262857089573,0.027950712645209208,9.0,0.5209087619029857
0.0,PFW_diminishing,diminishing,523.0,0.012656211853027344,15.627260244757,0.017017579836391405,9.0,0.5209086748252333
0.0,PFW_diminishing,diminishing,524.0,0.012679815292358398,15.627262454915506,0.027823117902183725,9.0,0.5209087484971835
0.0,PFW_diminishing,diminishing,525.0,0.01270294189453125,15.627259854001478,0.016934166338831602,9.0,0.5209086618000492
0.0,PFW_diminishing,diminishing,526.0,0.012726068496704102,15.627229214429176,0.027764736919468902,9.0,0.5209076404809726
0.0,PFW_diminishing,diminishing,527.0,0.012751102447509766,15.627254090140035,0.01702898372627004,9.0,0.5209084696713345
0.0,PFW_diminishing,diminishing,528.0,0.012774944305419922,15.627228943135568,0.019444547652991417,9.0,0.5209076314378522
0.0,PFW_diminishing,diminishing,529.0,0.012797832489013672,15.62725372634895,0.016936159887452007,9.0,0.5209084575449651
0.0,PFW_diminishing,diminishing,530.0,0.01282191276550293,15.627228675069459,0.01936772768429229,9.0,0.5209076225023153
0.0,PFW_diminishing,diminishing,531.0,0.012845039367675781,15.627258008093113,0.016849806201797435,9.0,0.5209086002697705
0.0,PFW_diminishing,diminishing,532.0,0.012870073318481445,15.627260089294877,0.027502823532360665,9.0,0.5209086696431625
0.0,PFW_diminishing,diminishing,533.0,0.012892961502075195,15.627257634498312,0.016759928011730096,9.0,0.5209085878166104
0.0,PFW_diminishing,diminishing,534.0,0.012915849685668945,15.627227946864528,0.027418438338809636,9.0,0.5209075982288176
0.0,PFW_diminishing,diminishing,535.0,0.012939929962158203,15.627252102068512,0.016840901677406706,9.0,0.5209084034022837
0.0,PFW_diminishing,diminishing,536.0,0.012963056564331055,15.627227687528357,0.01922384695010315,9.0,0.5209075895842786
0.0,PFW_diminishing,diminishing,537.0,0.012987136840820312,15.62725175422943,0.016750828289994857,9.0,0.5209083918076477
0.0,PFW_diminishing,diminishing,538.0,0.013010978698730469,15.627227431231956,0.01914930296294237,9.0,0.5209075810410652
0.0,PFW_diminishing,diminishing,539.0,0.013032913208007812,15.627255870047346,0.016679387229975973,9.0,0.5209085290015782
0.0,PFW_diminishing,diminishing,540.0,0.01305699348449707,15.627257828801916,0.027192068109107126,9.0,0.5209085942933972
0.0,PFW_diminishing,diminishing,541.0,0.013080120086669922,15.627255512619504,0.016590899403000847,9.0,0.5209085170873168
0.0,PFW_diminishing,diminishing,542.0,0.013105154037475586,15.627226734442223,0.02708240934032169,9.0,0.5209075578147407
0.0,PFW_diminishing,diminishing,543.0,0.013128042221069336,15.627250200319558,0.016658401654847665,9.0,0.5209083400106519
0.0,PFW_diminishing,diminishing,544.0,0.013150930404663086,15.627226486371596,0.0190096802383124,9.0,0.5209075495457198
0.0,PFW_diminishing,diminishing,545.0,0.013174057006835938,15.627249867512692,0.01657095825912336,9.0,0.5209083289170897
0.0,PFW_diminishing,diminishing,546.0,0.013196945190429688,15.627226241166461,0.01893731256560116,9.0,0.5209075413722154
0.0,PFW_diminishing,diminishing,547.0,0.013222217559814453,15.627253824914096,0.016513990486583197,9.0,0.5209084608304698
0.0,PFW_diminishing,diminishing,548.0,0.013244867324829102,15.627255667334326,0.02689043178275874,9.0,0.5209085222444776
0.0,PFW_diminishing,diminishing,549.0,0.013267993927001953,15.627253482730453,0.016426850337843746,9.0,0.5209084494243484
0.0,PFW_diminishing,diminishing,550.0,0.013291120529174805,15.627255319724888,0.026774638220130598,9.0,0.5209085106574963
0.0,PFW_diminishing,diminishing,551.0,0.013314008712768555,15.62725314426255,0.01635115144773991,9.0,0.520908438142085
0.0,PFW_diminishing,diminishing,552.0,0.013339042663574219,15.62722515502868,0.026721500230875606,9.0,0.5209075051676227
0.0,PFW_diminishing,diminishing,553.0,0.013362884521484375,15.627247851823483,0.016468269164738203,9.0,0.5209082617274494
0.0,PFW_diminishing,diminishing,554.0,0.01338505744934082,15.627224920234221,0.018795614148189088,9.0,0.5209074973411407
0.0,PFW_diminishing,diminishing,555.0,0.013409137725830078,15.627247536520324,0.016383954561526082,9.0,0.5209082512173441
0.0,PFW_diminishing,diminishing,556.0,0.013432025909423828,15.627224688103933,0.018725835225668064,9.0,0.5209074896034644
0.0,PFW_diminishing,diminishing,557.0,0.013457059860229492,15.62724722444688,0.016300245786645462,9.0,0.520908240814896
0.0,PFW_diminishing,diminishing,558.0,0.013479948043823242,15.627224458598816,0.01865655711933023,9.0,0.5209074819532938
0.0,PFW_diminishing,diminishing,559.0,0.013503074645996094,15.627250922858954,0.016273825143574783,9.0,0.5209083640952985
0.0,PFW_diminishing,diminishing,560.0,0.013525962829589844,15.627252742171093,0.02641384899522592,9.0,0.5209084247390364
0.0,PFW_diminishing,diminishing,561.0,0.013549089431762695,15.62725060220209,0.016189101311995913,9.0,0.5209083534067364
0.0,PFW_diminishing,diminishing,562.0,0.01357412338256836,15.62722383354023,0.026310081375731542,9.0,0.5209074611180077
0.0,PFW_diminishing,diminishing,563.0,0.01359701156616211,15.62719404970534,0.016214371447448528,9.0,0.5209064683235113
0.0,PFW_diminishing,diminishing,564.0,0.01361989974975586,15.627217829216825,0.016468446553227878,9.0,0.5209072609738942
0.0,PFW_diminishing,diminishing,565.0,0.013643980026245117,15.62721880488948,0.019016278553607435,9.0,0.520907293496316
0.0,PFW_diminishing,diminishing,566.0,0.013667106628417969,15.62721751552949,0.029939740532578085,9.0,0.5209072505176496
0.0,PFW_diminishing,diminishing,567.0,0.013692140579223633,15.627218488879393,0.01894481717300245,9.0,0.5209072829626464
0.0,PFW_diminishing,diminishing,568.0,0.013715028762817383,15.627217205142399,0.029831173162373048,9.0,0.5209072401714133
0.0,PFW_diminishing,diminishing,569.0,0.013737916946411133,15.627218176174258,0.018873859036835583,9.0,0.5209072725391419
0.0,PFW_diminishing,diminishing,570.0,0.013761043548583984,15.62721689800947,0.02972336785335017,9.0,0.520907229933649
0.0,PFW_diminishing,diminishing,571.0,0.013784170150756836,15.627217866728099,0.018803398847943242,9.0,0.52090726222427
0.0,PFW_diminishing,diminishing,572.0,0.0138092041015625,15.627216594085422,0.029616316610001192,9.0,0.5209072198028474
0.0,PFW_diminishing,diminishing,573.0,0.013833045959472656,15.627217560495744,0.01873343138326078,9.0,0.5209072520165248
0.0,PFW_diminishing,diminishing,574.0,0.01385498046875,15.627216293325752,0.02951001154826116,9.0,0.520907209777525
0.0,PFW_diminishing,diminishing,575.0,0.013879060745239258,15.627217257432791,0.018663951492500885,9.0,0.5209072419144264
0.0,PFW_diminishing,diminishing,576.0,0.01390218734741211,15.627215995686731,0.029404444893614823,9.0,0.5209071998562244
0.0,PFW_diminishing,diminishing,577.0,0.013926982879638672,15.627216957495609,0.01859495409691725,9.0,0.5209072319165203
0.0,PFW_diminishing,diminishing,578.0,0.013952016830444336,15.627215701125383,0.029299608979167502,9.0,0.5209071900375127
0.0,PFW_diminishing,diminishing,579.0,0.013975143432617188,15.627216660641322,0.018526434188039786,9.0,0.5209072220213774
0.0,PFW_diminishing,diminishing,580.0,0.013998985290527344,15.627215409599462,0.029195496243804797,9.0,0.5209071803199821
0.0,PFW_diminishing,diminishing,581.0,0.014023065567016602,15.62721636682777,0.01845838682649159,9.0,0.5209072122275924
0.0,PFW_diminishing,diminishing,582.0,0.014048099517822266,15.627215121067449,0.029092099230352275,9.0,0.5209071707022483
0.0,PFW_diminishing,diminishing,583.0,0.014070987701416016,15.62721607601353,0.018390807140781007,9.0,0.5209072025337843
0.0,PFW_diminishing,diminishing,584.0,0.014094114303588867,15.627214835488546,0.0289894105838151,9.0,0.5209071611829516
0.0,PFW_diminishing,diminishing,585.0,0.01411890983581543,15.627215788157867,0.01832369032614345,9.0,0.5209071929385956
0.0,PFW_diminishing,diminishing,586.0,0.014142990112304688,15.627214552822611,0.028887423049642535,9.0,0.5209071517607538
0.0,PFW_diminishing,diminishing,587.0,0.014164924621582031,15.627215503220748,0.01825703164341519,9.0,0.5209071834406916
0.0,PFW_diminishing,diminishing,588.0,0.014189004898071289,15.627214273030225,0.02878612947200132,9.0,0.5209071424343408
0.0,PFW_diminishing,diminishing,589.0,0.01421213150024414,15.627215221162805,0.018190826417894712,9.0,0.5209071740387602
0.0,PFW_diminishing,diminishing,590.0,0.014236927032470703,15.627213996072602,0.028685522792102347,9.0,0.5209071332024201
0.0,PFW_diminishing,diminishing,591.0,0.014261007308959961,15.627214941945336,0.018125070038276903,9.0,0.5209071647315112
0.0,PFW_diminishing,diminishing,592.0,0.014284133911132812,15.627213721911616,0.02858559604656108,9.0,0.5209071240637205
0.0,PFW_diminishing,diminishing,593.0,0.014307975769042969,15.627214665530294,0.018059757955557032,9.0,0.5209071555176765
0.0,PFW_diminishing,diminishing,594.0,0.01433110237121582,15.627213450509783,0.028486342365811268,9.0,0.5209071150169928
0.0,PFW_diminishing,diminishing,595.0,0.014355897903442383,15.627214391880253,0.01799488568200225,9.0,0.5209071463960084
0.0,PFW_diminishing,diminishing,596.0,0.01437997817993164,15.627213181830252,0.02838775497252044,9.0,0.5209071060610084
0.0,PFW_diminishing,diminishing,597.0,0.014402151107788086,15.627214120958422,0.01793044879011063,9.0,0.5209071373652807
0.0,PFW_diminishing,diminishing,598.0,0.014425992965698242,15.627212915836763,0.028289827180008942,9.0,0.5209070971945587
0.0,PFW_diminishing,diminishing,599.0,0.014449119567871094,15.627213852728609,0.017866442911614655,9.0,0.520907128424287
0.0,PFW_diminishing,diminishing,600.0,0.01447606086730957,15.627212652493677,0.02819255239080931,9.0,0.5209070884164559
0.0,PFW_diminishing,diminishing,601.0,0.014500141143798828,15.627213587155236,0.017802863736473995,9.0,0.5209071195718412
0.0,PFW_diminishing,diminishing,602.0,0.014525890350341797,15.62721239176594,0.028095924095131508,9.0,0.5209070797255314
0.0,PFW_diminishing,diminishing,603.0,0.014549970626831055,15.627213324203304,0.017739707011944716,9.0,0.5209071108067768
0.0,PFW_diminishing,diminishing,604.0,0.014574050903320312,15.627212133619068,0.02799993586942051,9.0,0.5209070711206356
0.0,PFW_diminishing,diminishing,605.0,0.01459813117980957,15.627213063838376,0.017676968541580962,9.0,0.5209071021279459
0.0,PFW_diminishing,diminishing,606.0,0.01462101936340332,15.62721187801915,0.02790458137494234,9.0,0.5209070626006383
0.0,PFW_diminishing,diminishing,607.0,0.014646053314208984,15.6272128060266,0.017614644184360984,9.0,0.52090709353422
0.0,PFW_diminishing,diminishing,608.0,0.014668941497802734,15.627211624932828,0.02780985435639849,9.0,0.5209070541644276
0.0,PFW_diminishing,diminishing,609.0,0.0146942138671875,15.627212550734654,0.017552729853720805,9.0,0.5209070850244885
0.0,PFW_diminishing,diminishing,610.0,0.014719009399414062,15.627211374327292,0.027715748640513738,9.0,0.5209070458109097
0.0,PFW_diminishing,diminishing,611.0,0.014744043350219727,15.62721229792979,0.017491221516715783,9.0,0.5209070765976597
0.0,PFW_diminishing,diminishing,612.0,0.01476907730102539,15.627211126170252,0.027622258134766042,9.0,0.5209070375390084
0.0,PFW_diminishing,diminishing,613.0,0.014791250228881836,15.627212047579752,0.017430115193091567,9.0,0.5209070682526584
0.0,PFW_diminishing,diminishing,614.0,0.014816045761108398,15.62721088042996,0.027529376826006313,9.0,0.5209070293476653
0.0,PFW_diminishing,diminishing,615.0,0.014840126037597656,15.627211799652835,0.01736940695447231,9.0,0.5209070599884279
0.0,PFW_diminishing,diminishing,616.0,0.014862060546875,15.62721063707517,0.0274370987791972,9.0,0.520907021235839
0.0,PFW_diminishing,diminishing,617.0,0.014886140823364258,15.62721155411783,0.017309092923486702,9.0,0.5209070518039277
0.0,PFW_diminishing,diminishing,618.0,0.014909029006958008,15.627210396075137,0.02734541813615543,9.0,0.5209070132025045
0.0,PFW_diminishing,diminishing,619.0,0.014934062957763672,15.627211310944029,0.017249169272961495,9.0,0.5209070436981343
0.0,PFW_diminishing,diminishing,620.0,0.014956951141357422,15.627210157399613,0.027254329114287046,9.0,0.5209070052466538
0.0,PFW_diminishing,diminishing,621.0,0.014980077743530273,15.627211070101225,0.017189632225091955,9.0,0.5209070356700408
0.0,PFW_diminishing,diminishing,622.0,0.015004158020019531,15.627209921018835,0.027163826005404346,9.0,0.5209069973672945
0.0,PFW_diminishing,diminishing,623.0,0.015027046203613281,15.627210831559685,0.017130478050679798,9.0,0.5209070277186562
0.0,PFW_diminishing,diminishing,624.0,0.015052080154418945,15.627209686903518,0.027073903174512637,9.0,0.5209069895634506
0.0,PFW_diminishing,diminishing,625.0,0.015074968338012695,15.62721059529015,0.01707170306831074,9.0,0.520907019843005
0.0,PFW_diminishing,diminishing,626.0,0.015098094940185547,15.62720945502483,0.02698455505864139,9.0,0.5209069818341611
0.0,PFW_diminishing,diminishing,627.0,0.015121221542358398,15.627210361263826,0.0170133036436404,9.0,0.5209070120421275
0.0,PFW_diminishing,diminishing,628.0,0.015143871307373047,15.627209225354415,0.02689577616569494,9.0,0.5209069741784805
0.0,PFW_diminishing,diminishing,629.0,0.015168905258178711,15.627210129452374,0.01695527618860382,9.0,0.5209070043150791
0.0,PFW_diminishing,diminishing,630.0,0.015194177627563477,15.627208997864345,0.026807561073342256,9.0,0.5209069665954782
0.0,PFW_diminishing,diminishing,631.0,0.015217065811157227,15.627209899827896,0.016897617160704925,9.0,0.5209069966609299
0.0,PFW_diminishing,diminishing,632.0,0.015240907669067383,15.627208772527137,0.02671990442791561,9.0,0.5209069590842379
0.0,PFW_diminishing,diminishing,633.0,0.015263080596923828,15.627209672362943,0.016840323062281115,9.0,0.5209069890787648
0.0,PFW_diminishing,diminishing,634.0,0.015288114547729492,15.627208549315755,0.026632800943279022,9.0,0.5209069516438585
0.0,PFW_diminishing,diminishing,635.0,0.01531219482421875,15.627209447030488,0.0167833904398087,9.0,0.5209069815676829
0.0,PFW_diminishing,diminishing,636.0,0.015334129333496094,15.62720832820357,0.026546245399837076,9.0,0.5209069442734523
0.0,PFW_diminishing,diminishing,637.0,0.01535797119140625,15.627209223803922,0.016726815883203017,9.0,0.5209069741267974
0.0,PFW_diminishing,diminishing,638.0,0.015381097793579102,15.62720810916437,0.02646023264344599,9.0,0.5209069369721456
0.0,PFW_diminishing,diminishing,639.0,0.015406131744384766,15.627209002657063,0.016670596025134543,9.0,0.5209069667552354
0.0,PFW_diminishing,diminishing,640.0,0.015430212020874023,15.627207892172356,0.026374757584404662,9.0,0.5209069297390785
0.0,PFW_diminishing,diminishing,641.0,0.015452146530151367,15.627208783564116,0.01661472754036808,9.0,0.5209069594521372
0.0,PFW_diminishing,diminishing,642.0,0.015475988388061523,15.627207677202122,0.02628981519642437,9.0,0.5209069225734041
0.0,PFW_diminishing,diminishing,643.0,0.015499114990234375,15.627208566499705,0.01655920714508774,9.0,0.5209069522166568
0.0,PFW_diminishing,diminishing,644.0,0.015524148941040039,15.627207464228665,0.02620540051570508,9.0,0.5209069154742888
0.0,PFW_diminishing,diminishing,645.0,0.015547037124633789,15.627208351438831,0.016504031596294766,9.0,0.5209069450479611
0.0,PFW_diminishing,diminishing,646.0,0.015569925308227539,15.627207253227352,0.026121508639905144,9.0,0.5209069084409117
0.0,PFW_diminishing,diminishing,647.0,0.015594005584716797,15.627208138356883,0.016449197691127182,9.0,0.5209069379452295
0.0,PFW_diminishing,diminishing,648.0,0.015617132186889648,15.62720704417395,0.026038134727226492,9.0,0.520906901472465
0.0,PFW_diminishing,diminishing,649.0,0.015642166137695312,15.627207927229634,0.01639470226628248,9.0,0.5209069309076545
0.0,PFW_diminishing,diminishing,650.0,0.015665054321289062,15.627206837044572,0.02595527399548203,9.0,0.5209068945681524
0.0,PFW_diminishing,diminishing,651.0,0.015687942504882812,15.627207718033207,0.016340542197371022,9.0,0.5209069239344403
0.0,PFW_diminishing,diminishing,652.0,0.01571202278137207,15.627206631815715,0.02587292172113642,9.0,0.5209068877271905
0.0,PFW_diminishing,diminishing,653.0,0.015735149383544922,15.627180786566079,0.016341017570272953,9.0,0.5209060262188693
0.0,PFW_diminishing,diminishing,654.0,0.015758991241455078,15.627206428149751,0.014045635486860775,9.0,0.520906880938325
0.0,PFW_diminishing,diminishing,655.0,0.015782833099365234,15.627180662075967,0.016296213090832623,9.0,0.5209060220691989
0.0,PFW_diminishing,diminishing,656.0,0.015805959701538086,15.627206226217954,0.013982216915101375,9.0,0.5209068742072651
0.0,PFW_diminishing,diminishing,657.0,0.015829086303710938,15.627206742196215,0.016262745025313663,9.0,0.5209068914065405
0.0,PFW_diminishing,diminishing,658.0,0.015851974487304688,15.627206026009432,0.025592612026077433,9.0,0.5209068675336478
0.0,PFW_diminishing,diminishing,659.0,0.01587700843811035,15.627180318844594,0.016257415052651325,9.0,0.5209060106281531
0.0,PFW_diminishing,diminishing,660.0,0.015900850296020508,15.627197162089265,0.013873944809018823,9.0,0.5209065720696422
0.0,PFW_diminishing,diminishing,661.0,0.01592397689819336,15.627180197714251,0.015930533918474765,9.0,0.520906006590475
0.0,PFW_diminishing,diminishing,662.0,0.01594710350036621,15.627196990666963,0.013819768432764334,9.0,0.5209065663555654
0.0,PFW_diminishing,diminishing,663.0,0.015969038009643555,15.627180077750687,0.015887102704375877,9.0,0.5209060025916895
0.0,PFW_diminishing,diminishing,664.0,0.015992164611816406,15.627196820709537,0.013765918561503554,9.0,0.5209065606903179
0.0,PFW_diminishing,diminishing,665.0,0.016017913818359375,15.627179958939475,0.015843933014455303,9.0,0.5209059986313158
0.0,PFW_diminishing,diminishing,666.0,0.01604294776916504,15.627204820006371,0.013712392252511307,9.0,0.5209068273335457
0.0,PFW_diminishing,diminishing,667.0,0.016067028045654297,15.627204792439299,0.016135810412421847,9.0,0.5209068264146433
0.0,PFW_diminishing,diminishing,668.0,0.016091108322143555,15.627173992109505,0.025148451157916085,9.0,0.5209057997369835
0.0,PFW_diminishing,diminishing,669.0,0.01611495018005371,15.627189597624264,0.01331797625659803,9.0,0.5209063199208088
0.0,PFW_diminishing,diminishing,670.0,0.01613903045654297,15.627173864264702,0.025963026661912636,9.0,0.5209057954754901
0.0,PFW_diminishing,diminishing,671.0,0.016170024871826172,15.627189423851757,0.013277941403879723,9.0,0.520906314128392
0.0,PFW_diminishing,diminishing,672.0,0.016195058822631836,15.627173737624334,0.02590112452864446,9.0,0.5209057912541445
0.0,PFW_diminishing,diminishing,673.0,0.016219139099121094,15.627189251551886,0.013238144862764756,9.0,0.5209063083850629
0.0,PFW_diminishing,diminishing,674.0,0.016242027282714844,15.627173612173777,0.02583958983797885,9.0,0.5209057870724593
0.0,PFW_diminishing,diminishing,675.0,0.016264915466308594,15.627189080707694,0.013198584511737721,9.0,0.5209063026902565
0.0,PFW_diminishing,diminishing,676.0,0.016289949417114258,15.627173487898617,0.025778419327973978,9.0,0.5209057829299539
0.0,PFW_diminishing,diminishing,677.0,0.016314029693603516,15.627188911302454,0.013159258254381356,9.0,0.5209062970434152
0.0,PFW_diminishing,diminishing,678.0,0.01633620262145996,15.627173364784662,0.025717609775204764,9.0,0.5209057788261554
0.0,PFW_diminishing,diminishing,679.0,0.01636815071105957,15.62718874331971,0.01312016401902838,9.0,0.5209062914439904
0.0,PFW_diminishing,diminishing,680.0,0.016391992568969727,15.627173242817923,0.025657157994155355,9.0,0.5209057747605974
0.0,PFW_diminishing,diminishing,681.0,0.016419172286987305,15.627188576743219,0.013081299758372467,9.0,0.5209062858914406
0.0,PFW_diminishing,diminishing,682.0,0.01644420623779297,15.627173121984628,0.025597060836702212,9.0,0.520905770732821
0.0,PFW_diminishing,diminishing,683.0,0.01646900177001953,15.627188411556983,0.01304266344912719,9.0,0.5209062803852328
0.0,PFW_diminishing,diminishing,684.0,0.016492128372192383,15.627173002271206,0.025537315191531462,9.0,0.5209057667423735
0.0,PFW_diminishing,diminishing,685.0,0.016515016555786133,15.627172626762928,0.013004253091684959,9.0,0.520905754225431
0.0,PFW_diminishing,diminishing,686.0,0.01653909683227539,15.627166375418115,0.023116994390932177,9.0,0.5209055458472706
0.0,PFW_diminishing,diminishing,687.0,0.01656198501586914,15.627172487133109,0.017536058264262522,9.0,0.5209057495711036
0.0,PFW_diminishing,diminishing,688.0,0.01658797264099121,15.627166254286008,0.023066777559719753,9.0,0.5209055418095336
0.0,PFW_diminishing,diminishing,689.0,0.016611099243164062,15.627172348687216,0.017495915957811192,9.0,0.5209057449562405
0.0,PFW_diminishing,diminishing,690.0,0.016634225845336914,15.627166134227647,0.023016851961100926,9.0,0.5209055378075882
0.0,PFW_diminishing,diminishing,691.0,0.016657114028930664,15.627172211411766,0.017456006268050217,9.0,0.5209057403803922
0.0,PFW_diminishing,diminishing,692.0,0.016680002212524414,15.62716601523053,0.022967215068929292,9.0,0.5209055338410177
0.0,PFW_diminishing,diminishing,693.0,0.016705036163330078,15.627172075293462,0.017416327178882085,9.0,0.5209057358431154
0.0,PFW_diminishing,diminishing,694.0,0.016729116439819336,15.627165897282344,0.022917864386172937,9.0,0.5209055299094115
0.0,PFW_diminishing,diminishing,695.0,0.01675105094909668,15.627171940319188,0.017376876697461796,9.0,0.520905731343973
0.0,PFW_diminishing,diminishing,696.0,0.016782045364379883,15.627165780370945,0.022868797444511202,9.0,0.5209055260123648
0.0,PFW_diminishing,diminishing,697.0,0.01680612564086914,15.627171806476037,0.017337652853814944,9.0,0.5209057268825346
0.0,PFW_diminishing,diminishing,698.0,0.016829967498779297,15.62719631393531,0.02282001180392612,9.0,0.5209065437978436
0.0,PFW_diminishing,diminishing,699.0,0.01685309410095215,15.627171673705368,0.022824262443119636,9.0,0.5209057224568456
0.0,PFW_diminishing,diminishing,700.0,0.0168759822845459,15.627165445792025,0.02274865630610101,9.0,0.5209055148597341
0.0,PFW_diminishing,diminishing,701.0,0.01689910888671875,15.627171541938797,0.017200396736889445,9.0,0.5209057180646266
0.0,PFW_diminishing,diminishing,702.0,0.0169219970703125,15.627165332067062,0.02270042576357767,9.0,0.520905511068902
0.0,PFW_diminishing,diminishing,703.0,0.01694512367248535,15.627171411266495,0.017161841505297204,9.0,0.5209057137088832
0.0,PFW_diminishing,diminishing,704.0,0.01698613166809082,15.627195334888494,0.022652469369553785,9.0,0.5209065111629498
0.0,PFW_diminishing,diminishing,705.0,0.01703190803527832,15.627171281609566,0.02259625813023014,9.0,0.5209057093869855
0.0,PFW_diminishing,diminishing,706.0,0.017060041427612305,15.627165006353252,0.022582322445259706,9.0,0.5209055002117751
0.0,PFW_diminishing,diminishing,707.0,0.017086029052734375,15.627171152946662,0.01702691322479133,9.0,0.5209057050982221
0.0,PFW_diminishing,diminishing,708.0,0.017110109329223633,15.627194757917652,0.022534907096840584,9.0,0.5209064919305884
0.0,PFW_diminishing,diminishing,709.0,0.017136096954345703,15.627171025396386,0.02246094861924064,9.0,0.5209057008465462
0.0,PFW_diminishing,diminishing,710.0,0.017160892486572266,15.62716468660807,0.02246554908302656,9.0,0.5209054895536024
0.0,PFW_diminishing,diminishing,711.0,0.017184972763061523,15.627170898700145,0.016893504545357985,9.0,0.5209056966233382
0.0,PFW_diminishing,diminishing,712.0,0.017210006713867188,15.627164577997066,0.022418665675473903,9.0,0.5209054859332355
0.0,PFW_diminishing,diminishing,713.0,0.01723504066467285,15.627170773040344,0.016856026373087474,9.0,0.5209056924346781
0.0,PFW_diminishing,diminishing,714.0,0.01725912094116211,15.627193820179482,0.022372045025342402,9.0,0.5209064606726493
0.0,PFW_diminishing,diminishing,715.0,0.017282962799072266,15.627170648437975,0.022239318862949276,9.0,0.5209056882812658
0.0,PFW_diminishing,diminishing,716.0,0.017307043075561523,15.627164266615301,0.022303845403275346,9.0,0.5209054755538434
0.0,PFW_diminishing,diminishing,717.0,0.017329931259155273,15.627170524682121,0.01672484874762148,9.0,0.5209056841560707
0.0,PFW_diminishing,diminishing,718.0,0.01735401153564453,15.627164160905398,0.022257743414538567,9.0,0.5209054720301799
0.0,PFW_diminishing,diminishing,719.0,0.017377138137817383,15.627170401929712,0.016687995234084596,9.0,0.5209056800643237
0.0,PFW_diminishing,diminishing,720.0,0.017400026321411133,15.627192906427462,0.022211897649798473,9.0,0.5209064302142488
0.0,PFW_diminishing,diminishing,721.0,0.01742410659790039,15.627170280181922,0.022021386958050115,9.0,0.5209056760060641
0.0,PFW_diminishing,diminishing,722.0,0.017447948455810547,15.627163857604971,0.022144827639477782,9.0,0.5209054619201657
0.0,PFW_diminishing,diminishing,723.0,0.01747298240661621,15.62717015927325,0.01655899316093823,9.0,0.520905671975775
0.0,PFW_diminishing,diminishing,724.0,0.017498016357421875,15.627163754697605,0.02209948769501935,9.0,0.5209054584899202
0.0,PFW_diminishing,diminishing,725.0,0.01752185821533203,15.627170039336352,0.016522748818452726,9.0,0.5209056679778784
0.0,PFW_diminishing,diminishing,726.0,0.017548084259033203,15.627192015862814,0.022054397655949742,9.0,0.5209064005287605
0.0,PFW_diminishing,diminishing,727.0,0.017573118209838867,15.627169920353525,0.021807061125286964,9.0,0.5209056640117842
0.0,PFW_diminishing,diminishing,728.0,0.01759791374206543,15.627163459208141,0.02198842942294199,9.0,0.5209054486402713
0.0,PFW_diminishing,diminishing,729.0,0.017622947692871094,15.627169802202557,0.016395868621762233,9.0,0.5209056600734185
0.0,PFW_diminishing,diminishing,730.0,0.01764702796936035,15.627163359008833,0.02194383278345491,9.0,0.5209054453002945
0.0,PFW_diminishing,diminishing,731.0,0.017686128616333008,15.627169684992946,0.016360218470428123,9.0,0.5209056561664316
0.0,PFW_diminishing,diminishing,732.0,0.017713069915771484,15.627191147719548,0.021899479936827504,9.0,0.5209063715906516
0.0,PFW_diminishing,diminishing,733.0,0.017739057540893555,15.627169568689018,0.021596252597662513,9.0,0.5209056522896339
0.0,PFW_diminishing,diminishing,734.0,0.017763137817382812,15.627163071071049,0.021834586553708846,9.0,0.5209054357023682
0.0,PFW_diminishing,diminishing,735.0,0.01778721809387207,15.6271694532098,0.016235408225639958,9.0,0.5209056484403267
0.0,PFW_diminishing,diminishing,736.0,0.017810821533203125,15.627162973489222,0.02179071508931507,9.0,0.5209054324496407
0.0,PFW_diminishing,diminishing,737.0,0.017834901809692383,15.627169338642712,0.01620033777272667,9.0,0.5209056446214237
0.0,PFW_diminishing,diminishing,738.0,0.017872095108032227,15.627190301262853,0.02174708150297633,9.0,0.5209063433754284
0.0,PFW_diminishing,diminishing,739.0,0.017910003662109375,15.62716922493499,0.021388875497857285,9.0,0.5209056408311663
0.0,PFW_diminishing,diminishing,740.0,0.017965078353881836,15.627162692854403,0.021683236912700465,9.0,0.5209054230951468
0.0,PFW_diminishing,diminishing,741.0,0.0179901123046875,15.627169112044944,0.01607754723576882,9.0,0.5209056370681648
0.0,PFW_diminishing,diminishing,742.0,0.018013954162597656,15.627162597803174,0.021640073078373234,9.0,0.5209054199267725
0.0,PFW_diminishing,diminishing,743.0,0.018038034439086914,15.62716900003895,0.01604304245602961,9.0,0.5209056333346317
0.0,PFW_diminishing,diminishing,744.0,0.018061161041259766,15.627189475787612,0.021597141397096564,9.0,0.520906315859587
0.0,PFW_diminishing,diminishing,745.0,0.018084049224853516,15.627168888847951,0.021184846721586936,9.0,0.520905629628265
0.0,PFW_diminishing,diminishing,746.0,0.018107175827026367,15.627162324232673,0.02153432037811065,9.0,0.5209054108077558
0.0,PFW_diminishing,diminishing,747.0,0.018131017684936523,15.6271687784677,0.01592222299586865,9.0,0.5209056259489233
0.0,PFW_diminishing,diminishing,748.0,0.018156051635742188,15.627188989014037,0.021491847190260316,9.0,0.5209062996338012
0.0,PFW_diminishing,diminishing,749.0,0.018180131912231445,15.627168668981447,0.02106367313754376,9.0,0.5209056222993815
0.0,PFW_diminishing,diminishing,750.0,0.018204927444458008,15.627162055426718,0.021429695076790267,9.0,0.5209054018475573
0.0,PFW_diminishing,diminishing,751.0,0.01822805404663086,15.62716856019426,0.015802691702743843,9.0,0.520905618673142
0.0,PFW_diminishing,diminishing,752.0,0.01825094223022461,15.62716196444703,0.021387673076631586,9.0,0.5209053988149009
0.0,PFW_diminishing,diminishing,753.0,0.018275022506713867,15.627168452246913,0.015769099830272637,9.0,0.5209056150748971
0.0,PFW_diminishing,diminishing,754.0,0.018296003341674805,15.627188196597055,0.021345874089675476,9.0,0.5209062732199018
0.0,PFW_diminishing,diminishing,755.0,0.018316984176635742,15.627168345150555,0.020865046566475698,9.0,0.5209056115050185
0.0,PFW_diminishing,diminishing,756.0,0.018339157104492188,15.627161702325798,0.021284705276505278,9.0,0.5209053900775266
0.0,PFW_diminishing,diminishing,757.0,0.01836419105529785,15.627168238748206,0.01565146196791467,9.0,0.5209056079582736
0.0,PFW_diminishing,diminishing,758.0,0.018388032913208008,15.627161613661205,0.021243346805677632,9.0,0.5209053871220402
0.0,PFW_diminishing,diminishing,759.0,0.018410921096801758,15.62716813316039,0.015618400513009334,9.0,0.5209056044386797
0.0,PFW_diminishing,diminishing,760.0,0.01843714714050293,15.62718742342229,0.021202206093205334,9.0,0.5209062474474097
0.0,PFW_diminishing,diminishing,761.0,0.018461942672729492,15.627168028382338,0.020669559450100294,9.0,0.520905600946078
0.0,PFW_diminishing,diminishing,762.0,0.018486976623535156,15.62716135801064,0.021141997428648196,9.0,0.5209053786003547
0.0,PFW_diminishing,diminishing,763.0,0.01851201057434082,15.62716792429329,0.015502611446194692,9.0,0.520905597476443
0.0,PFW_diminishing,diminishing,764.0,0.01853489875793457,15.62716127158639,0.02110128689466073,9.0,0.5209053757195463
0.0,PFW_diminishing,diminishing,765.0,0.018556833267211914,15.627167820994437,0.015470067944468369,9.0,0.5209055940331478
0.0,PFW_diminishing,diminishing,766.0,0.018580913543701172,15.627186668881693,0.021060789027977478,9.0,0.5209062222960564
0.0,PFW_diminishing,diminishing,767.0,0.018604040145874023,15.627167718465792,0.020477137941044887,9.0,0.5209055906155264
0.0,PFW_diminishing,diminishing,768.0,0.018627166748046875,15.627161022200857,0.021001518081471104,9.0,0.5209053674066952
0.0,PFW_diminishing,diminishing,769.0,0.018650054931640625,15.627167616621215,0.015356084429974715,9.0,0.5209055872207071
0.0,PFW_diminishing,diminishing,770.0,0.018673181533813477,15.627160937945149,0.020961440376558116,9.0,0.5209053645981716
0.0,PFW_diminishing,diminishing,771.0,0.018698930740356445,15.627167515543398,0.015324046804556346,9.0,0.5209055838514466
0.0,PFW_diminishing,diminishing,772.0,0.018723011016845703,15.627185932390883,0.02092157040539533,9.0,0.5209061977463628
0.0,PFW_diminishing,diminishing,773.0,0.01874518394470215,15.627167415197857,0.020287710489958144,9.0,0.5209055805065952
0.0,PFW_diminishing,diminishing,774.0,0.01876997947692871,15.627160694627035,0.0208632154396593,9.0,0.5209053564875679
0.0,PFW_diminishing,diminishing,775.0,0.01879405975341797,15.627167315531482,0.015211826937322925,9.0,0.5209055771843827
0.0,PFW_diminishing,diminishing,776.0,0.018815994262695312,15.62716061247087,0.020823755922142695,9.0,0.520905353749029
0.0,PFW_diminishing,diminishing,777.0,0.01884007453918457,15.62716721660933,0.015180283483877233,9.0,0.5209055738869777
0.0,PFW_diminishing,diminishing,778.0,0.018863201141357422,15.627185213388074,0.02078449935622828,9.0,0.5209061737796025
0.0,PFW_diminishing,diminishing,779.0,0.018887996673583984,15.627167118383039,0.02010120775681301,9.0,0.520905570612768
0.0,PFW_diminishing,diminishing,780.0,0.018912076950073242,15.627160375030206,0.020727039300698635,9.0,0.5209053458343402
0.0,PFW_diminishing,diminishing,781.0,0.018934965133666992,15.627167020831083,0.015069786645636185,9.0,0.5209055673610361
0.0,PFW_diminishing,diminishing,782.0,0.018958091735839844,15.627160294907277,0.020688183777108904,9.0,0.520905343163576
0.0,PFW_diminishing,diminishing,783.0,0.018981218338012695,15.627166924001617,0.015038726018133275,9.0,0.5209055641333873
0.0,PFW_diminishing,diminishing,784.0,0.019006967544555664,15.627184511333017,0.020649526568647047,9.0,0.5209061503777672
0.0,PFW_diminishing,diminishing,785.0,0.019030094146728516,15.627166827833088,0.01991756252629706,9.0,0.5209055609277696
0.0,PFW_diminishing,diminishing,786.0,0.019052982330322266,15.6271600631614,0.02059294099407083,9.0,0.5209053354387133
0.0,PFW_diminishing,diminishing,787.0,0.019076108932495117,15.627166732334096,0.014929912828403502,9.0,0.5209055577444699
0.0,PFW_diminishing,diminishing,788.0,0.019100189208984375,15.62718409712891,0.02055467570213665,9.0,0.5209061365709637
0.0,PFW_diminishing,diminishing,789.0,0.019124984741210938,15.627166637560867,0.01980842010671857,9.0,0.5209055545853623
0.0,PFW_diminishing,diminishing,790.0,0.01914811134338379,15.627159835262532,0.02049866218401597,9.0,0.5209053278420844
0.0,PFW_diminishing,diminishing,791.0,0.01917099952697754,15.627166543366988,0.01482220108000476,9.0,0.5209055514455663
0.0,PFW_diminishing,diminishing,792.0,0.019195079803466797,15.627159758418298,0.020460782878686246,9.0,0.52090532528061
0.0,PFW_diminishing,diminishing,793.0,0.019217967987060547,15.62716644986132,0.014791920940185221,9.0,0.5209055483287107
0.0,PFW_diminishing,diminishing,794.0,0.01924300193786621,15.627183421833756,0.020423094470189085,9.0,0.5209061140611252
0.0,PFW_diminishing,diminishing,795.0,0.019266128540039062,15.627166357047459,0.01962939284711851,9.0,0.5209055452349153
0.0,PFW_diminishing,diminishing,796.0,0.019289016723632812,15.627159535922877,0.020367922742508426,9.0,0.5209053178640959
0.0,PFW_diminishing,diminishing,797.0,0.019312143325805664,15.627166264809548,0.014685829826186492,9.0,0.5209055421603183
0.0,PFW_diminishing,diminishing,798.0,0.019335269927978516,15.627159460946775,0.020330611647056074,9.0,0.5209053153648925
0.0,PFW_diminishing,diminishing,799.0,0.019360065460205078,15.627166173240177,0.014656003905450632,9.0,0.5209055391080059
0.0,PFW_diminishing,diminishing,800.0,0.019384145736694336,15.627182762148877,0.0202934871741558,9.0,0.5209060920716292
0.0,PFW_diminishing,diminishing,801.0,0.01940608024597168,15.627166082329998,0.019453053644266305,9.0,0.5209055360776665
0.0,PFW_diminishing,diminishing,802.0,0.019430160522460938,15.627159243690077,0.020239138402486034,9.0,0.5209053081230025
0.0,PFW_diminishing,diminishing,803.0,0.019452810287475586,15.627165991992383,0.014551497123150625,9.0,0.5209055330664127
0.0,PFW_diminishing,diminishing,804.0,0.01947808265686035,15.627159170524621,0.020202382827021026,9.0,0.520905305684154
0.0,PFW_diminishing,diminishing,805.0,0.0195009708404541,15.627165902304334,0.014522115277422643,9.0,0.5209055300768112
0.0,PFW_diminishing,diminishing,806.0,0.019524097442626953,15.627182117604914,0.02016580972645876,9.0,0.5209060705868305
0.0,PFW_diminishing,diminishing,807.0,0.019547224044799805,15.627165813244142,0.019279342409440403,9.0,0.5209055271081381
0.0,PFW_diminishing,diminishing,808.0,0.01957082748413086,15.627158958348085,0.020112265634070425,9.0,0.5209052986116028
0.0,PFW_diminishing,diminishing,809.0,0.019594907760620117,15.627165724753139,0.014419157600304544,9.0,0.5209055241584379
0.0,PFW_diminishing,diminishing,810.0,0.019618988037109375,15.627158886937961,0.020076053263768046,9.0,0.5209052962312654
0.0,PFW_diminishing,diminishing,811.0,0.019642114639282227,15.627165636893418,0.014390209985331026,9.0,0.5209055212297806
0.0,PFW_diminishing,diminishing,812.0,0.019665241241455078,15.627181487749917,0.020040019342742355,9.0,0.5209060495916639
0.0,PFW_diminishing,diminishing,813.0,0.019687891006469727,15.627165549631428,0.019108200831610134,9.0,0.5209055183210476
0.0,PFW_diminishing,diminishing,814.0,0.01971292495727539,15.62715867968891,0.019987262190138466,9.0,0.5209052893229636
0.0,PFW_diminishing,diminishing,815.0,0.01973700523376465,15.627165462935272,0.0142887672234977,9.0,0.5209055154311757
0.0,PFW_diminishing,diminishing,816.0,0.019759178161621094,15.627158609980855,0.019951581071500968,9.0,0.5209052869993618
0.0,PFW_diminishing,diminishing,817.0,0.01978325843811035,15.627165376852757,0.014260244283855528,9.0,0.5209055125617585
0.0,PFW_diminishing,diminishing,818.0,0.019805908203125,15.62718087214854,0.01991607449404853,9.0,0.520906029071618
0.0,PFW_diminishing,diminishing,819.0,0.019830942153930664,15.627165291339008,0.01893957231216703,9.0,0.5209055097113002
0.0,PFW_diminishing,diminishing,820.0,0.019854068756103516,15.627158407512251,0.01986408705935183,9.0,0.5209052802504084
0.0,PFW_diminishing,diminishing,821.0,0.019877195358276367,15.627165206387753,0.01416028324619667,9.0,0.5209055068795918
0.0,PFW_diminishing,diminishing,822.0,0.019901037216186523,15.62718050882495,0.01982892558703142,9.0,0.5209060169608316
0.0,PFW_diminishing,diminishing,823.0,0.019923925399780273,15.627165122060347,0.018839301434647737,9.0,0.5209055040686782
0.0,PFW_diminishing,diminishing,824.0,0.019948959350585938,15.627158208277049,0.01977744207248655,9.0,0.520905273609235
0.0,PFW_diminishing,diminishing,825.0,0.01997208595275879,15.627165038219706,0.01406129231285469,9.0,0.5209055012739902
0.0,PFW_diminishing,diminishing,826.0,0.01999521255493164,15.627158141318462,0.019742620698295354,9.0,0.520905271377282
0.0,PFW_diminishing,diminishing,827.0,0.02001786231994629,15.627164954964798,0.01403345673395684,9.0,0.5209054984988266
0.0,PFW_diminishing,diminishing,828.0,0.020041942596435547,15.627179915766707,0.019707967601805265,9.0,0.5209059971922235
0.0,PFW_diminishing,diminishing,829.0,0.020066022872924805,15.627164872305544,0.018674739448854893,9.0,0.5209054957435181
0.0,PFW_diminishing,diminishing,830.0,0.020090103149414062,15.627157946628678,0.019657226200420652,9.0,0.5209052648876226
0.0,PFW_diminishing,diminishing,831.0,0.020113229751586914,15.627164790130793,0.013935894324513143,9.0,0.5209054930043597
0.0,PFW_diminishing,diminishing,832.0,0.020135879516601562,15.627157881239178,0.01962290587084503,9.0,0.5209052627079725
0.0,PFW_diminishing,diminishing,833.0,0.020159006118774414,15.627164708525736,0.013908459272613527,9.0,0.5209054902841912
0.0,PFW_diminishing,diminishing,834.0,0.020184040069580078,15.627179335881229,0.019588750204022176,9.0,0.5209059778627076
0.0,PFW_diminishing,diminishing,835.0,0.020208120346069336,15.627164627489197,0.018512547505945776,9.0,0.5209054875829733
0.0,PFW_diminishing,diminishing,836.0,0.02023005485534668,15.627157690961651,0.01953873498482217,9.0,0.5209052563653883
0.0,PFW_diminishing,diminishing,837.0,0.020253896713256836,15.627164546934903,0.013812294686623261,9.0,0.5209054848978301
0.0,PFW_diminishing,diminishing,838.0,0.020277023315429688,15.627157627094805,0.019504904962893477,9.0,0.5209052542364935
0.0,PFW_diminishing,diminishing,839.0,0.020301103591918945,15.627164466934813,0.01378525157879018,9.0,0.5209054822311604
0.0,PFW_diminishing,diminishing,840.0,0.020325183868408203,15.627178768788124,0.019471236091570532,9.0,0.5209059589596041
0.0,PFW_diminishing,diminishing,841.0,0.020348072052001953,15.627164387477123,0.018352674772325273,9.0,0.5209054795825707
0.0,PFW_diminishing,diminishing,842.0,0.020370960235595703,15.627157441101165,0.01942193157633021,9.0,0.5209052480367055
0.0,PFW_diminishing,diminishing,843.0,0.02039504051208496,15.627164308499406,0.013690454989253809,9.0,0.5209054769499802
0.0,PFW_diminishing,diminishing,844.0,0.020420074462890625,15.627157378712216,0.019388581429685914,9.0,0.5209052459570739
0.0,PFW_diminishing,diminishing,845.0,0.020443201065063477,15.627164230060929,0.013663795486051455,9.0,0.5209054743353643
0.0,PFW_diminishing,diminishing,846.0,0.020465850830078125,15.62717821412053,0.0193553890206708,9.0,0.5209059404706843
0.0,PFW_diminishing,diminishing,847.0,0.020488977432250977,15.627164152139715,0.018195071857796563,9.0,0.5209054717379905
0.0,PFW_diminishing,diminishing,848.0,0.020512104034423828,15.627157196878668,0.019306780167964277,9.0,0.5209052398959556
0.0,PFW_diminishing,diminishing,849.0,0.020537137985229492,15.627164074696191,0.013570337908573649,9.0,0.5209054691565397
0.0,PFW_diminishing,diminishing,850.0,0.02056121826171875,15.627157135924465,0.01927389975810101,9.0,0.5209052378641489
0.0,PFW_diminishing,diminishing,851.0,0.020582914352416992,15.62716399777746,0.013544053905480524,9.0,0.520905466592582
0.0,PFW_diminishing,diminishing,852.0,0.02060699462890625,15.627177671524567,0.019241173768604014,9.0,0.5209059223841522
0.0,PFW_diminishing,diminishing,853.0,0.0206301212310791,15.627163921351777,0.01803969076467027,9.0,0.5209054640450592
0.0,PFW_diminishing,diminishing,854.0,0.02065300941467285,15.627156958131609,0.019193245958463834,9.0,0.5209052319377203
0.0,PFW_diminishing,diminishing,855.0,0.020678043365478516,15.62716384540151,0.013451907168725796,9.0,0.5209054615133837
0.0,PFW_diminishing,diminishing,856.0,0.020700931549072266,15.627156898570538,0.01916082543050024,9.0,0.5209052299523512
0.0,PFW_diminishing,diminishing,857.0,0.02072596549987793,15.627163769962065,0.013425990787917286,9.0,0.5209054589987355
0.0,PFW_diminishing,diminishing,858.0,0.020750045776367188,15.627177140658757,0.019128556097996352,9.0,0.5209059046886252
0.0,PFW_diminishing,diminishing,859.0,0.02077317237854004,15.627163694992358,0.01788648483905675,9.0,0.5209054564997453
0.0,PFW_diminishing,diminishing,860.0,0.020797014236450195,15.627156724703173,0.01908129511727097,9.0,0.5209052241567724
0.0,PFW_diminishing,diminishing,861.0,0.020821094512939453,15.627163620495777,0.013335127505305522,9.0,0.5209054540165259
0.0,PFW_diminishing,diminishing,862.0,0.020846128463745117,15.627176827243263,0.019049324890069386,9.0,0.5209058942414421
0.0,PFW_diminishing,diminishing,863.0,0.020869016647338867,15.627163546514883,0.017795332792841734,9.0,0.5209054515504961
0.0,PFW_diminishing,diminishing,864.0,0.02089214324951172,15.627156553494585,0.019002500839585323,9.0,0.5209052184498195
0.0,PFW_diminishing,diminishing,865.0,0.020915985107421875,15.627163472944767,0.013245105226788567,9.0,0.520905449098159
0.0,PFW_diminishing,diminishing,866.0,0.020939111709594727,15.627156496188176,0.018970825578263018,9.0,0.5209052165396059
0.0,PFW_diminishing,diminishing,867.0,0.02096414566040039,15.627163399863335,0.01321978467702678,9.0,0.5209054466621111
0.0,PFW_diminishing,diminishing,868.0,0.02098703384399414,15.627176314962384,0.018939296334410827,9.0,0.5209058771654128
0.0,PFW_diminishing,diminishing,869.0,0.02100992202758789,15.627163327274848,0.017645651496460246,9.0,0.520905444242495
0.0,PFW_diminishing,diminishing,870.0,0.021033048629760742,15.627156328720524,0.018893116289804723,9.0,0.5209052109573508
0.0,PFW_diminishing,diminishing,871.0,0.02105712890625,15.627163255095681,0.013131001876173443,9.0,0.5209054418365227
0.0,PFW_diminishing,diminishing,872.0,0.021080970764160156,15.627156272703008,0.018861875944139683,9.0,0.5209052090901003
0.0,PFW_diminishing,diminishing,873.0,0.021105051040649414,15.627163183392437,0.01310602899009261,9.0,0.5209054394464145
0.0,PFW_diminishing,diminishing,874.0,0.021127939224243164,15.627175813561227,0.01883077862209781,9.0,0.5209058604520409
0.0,PFW_diminishing,diminishing,875.0,0.021152019500732422,15.627163112160222,0.017498027184304377,9.0,0.5209054370720074
0.0,PFW_diminishing,diminishing,876.0,0.021175146102905273,15.627156108871505,0.01878522938794802,9.0,0.5209052036290501
0.0,PFW_diminishing,diminishing,877.0,0.021200180053710938,15.627163041335837,0.013018460243392482,9.0,0.5209054347111945
0.0,PFW_diminishing,diminishing,878.0,0.021222829818725586,15.627156054106385,0.0187544150616894,9.0,0.5209052018035462
0.0,PFW_diminishing,diminishing,879.0,0.021245956420898438,15.62716297097505,0.01299382790949899,9.0,0.520905432365835
0.0,PFW_diminishing,diminishing,880.0,0.021270036697387695,15.627175322739559,0.01872374084649131,9.0,0.5209058440913187
0.0,PFW_diminishing,diminishing,881.0,0.021293163299560547,15.62716290106414,0.01735241774444063,9.0,0.5209054300354714
0.0,PFW_diminishing,diminishing,882.0,0.021317005157470703,15.627155893809828,0.018678809585415124,9.0,0.5209051964603276
0.0,PFW_diminishing,diminishing,883.0,0.02134084701538086,15.627162831559572,0.01290744848399683,9.0,0.5209054277186523
0.0,PFW_diminishing,diminishing,884.0,0.02136397361755371,15.627155840261851,0.018648412623299748,9.0,0.5209051946753951
0.0,PFW_diminishing,diminishing,885.0,0.02138805389404297,15.62716276250666,0.012883149783450065,9.0,0.5209054254168887
0.0,PFW_diminishing,diminishing,886.0,0.02141118049621582,15.627174842207369,0.01861815293824698,9.0,0.520905828073579
0.0,PFW_diminishing,diminishing,887.0,0.021436214447021484,15.627162693883248,0.017208782206656892,9.0,0.5209054231294415
0.0,PFW_diminishing,diminishing,888.0,0.021458864212036133,15.627155683402512,0.018573827158848033,9.0,0.5209051894467503
0.0,PFW_diminishing,diminishing,889.0,0.021481990814208984,15.627162625664653,0.012797935613491518,9.0,0.5209054208554884
0.0,PFW_diminishing,diminishing,890.0,0.021506071090698242,15.627155631037645,0.01854383913850377,9.0,0.5209051877012548
0.0,PFW_diminishing,diminishing,891.0,0.021529197692871094,15.627162557886168,0.012773963813611289,9.0,0.5209054185962055
0.0,PFW_diminishing,diminishing,892.0,0.021553993225097656,15.627174371684431,0.01851398563712081,9.0,0.5209058123894811
0.0,PFW_diminishing,diminishing,893.0,0.021578073501586914,15.627162490517529,0.0170670807040203,9.0,0.5209054163505843
0.0,PFW_diminishing,diminishing,894.0,0.021600961685180664,15.627155477521093,0.018470253182412577,9.0,0.5209051825840364
0.0,PFW_diminishing,diminishing,895.0,0.021625041961669922,15.62716242355217,0.01268989147845545,9.0,0.5209054141184056
0.0,PFW_diminishing,diminishing,896.0,0.021648168563842773,15.627174093835604,0.01844066590654414,9.0,0.5209058031278535
0.0,PFW_diminishing,diminishing,897.0,0.021672964096069336,15.627162357036214,0.016982735991065923,9.0,0.5209054119012071
0.0,PFW_diminishing,diminishing,898.0,0.021697044372558594,15.627155326271108,0.018397322475504296,9.0,0.5209051775423703
0.0,PFW_diminishing,diminishing,899.0,0.021720170974731445,15.627162290870396,0.01260656784158698,9.0,0.5209054096956799
0.0,PFW_diminishing,diminishing,900.0,0.0217440128326416,15.627155275823826,0.01836799787979615,9.0,0.5209051758607942
0.0,PFW_diminishing,diminishing,901.0,0.021767139434814453,15.627162225126334,0.012583126437123227,9.0,0.5209054075042111
0.0,PFW_diminishing,diminishing,902.0,0.021791934967041016,15.627173639192893,0.018338803368296297,9.0,0.5209057879730964
0.0,PFW_diminishing,diminishing,903.0,0.021816015243530273,15.627162159812489,0.016844171758407356,9.0,0.520905405327083
0.0,PFW_diminishing,diminishing,904.0,0.02183818817138672,15.627155127765086,0.018296033712521975,9.0,0.5209051709255028
0.0,PFW_diminishing,diminishing,905.0,0.021862030029296875,15.627162094847888,0.01250090697342543,9.0,0.5209054031615963
0.0,PFW_diminishing,diminishing,906.0,0.021884918212890625,15.627155078415454,0.018267096679721817,9.0,0.5209051692805151
0.0,PFW_diminishing,diminishing,907.0,0.02190995216369629,15.627162030294468,0.012477775378913591,9.0,0.5209054010098156
0.0,PFW_diminishing,diminishing,908.0,0.021934032440185547,15.627173193859855,0.018238287163400813,9.0,0.5209057731286618
0.0,PFW_diminishing,diminishing,909.0,0.0219571590423584,15.627161966152721,0.016707440372398352,9.0,0.5209053988717574
0.0,PFW_diminishing,diminishing,910.0,0.021981000900268555,15.62715493346175,0.018196079964519996,9.0,0.520905164448725
0.0,PFW_diminishing,diminishing,911.0,0.022003889083862305,15.627161902359319,0.012396638284904782,9.0,0.5209053967453107
0.0,PFW_diminishing,diminishing,912.0,0.02202916145324707,15.627154885179769,0.018167522861885388,9.0,0.5209051628393256
0.0,PFW_diminishing,diminishing,913.0,0.02205204963684082,15.62716183896684,0.01237381039889307,9.0,0.520905394632228
0.0,PFW_diminishing,diminishing,914.0,0.022075176239013672,15.627172757588905,0.01813909077515241,9.0,0.5209057585862968
0.0,PFW_diminishing,diminishing,915.0,0.022099018096923828,15.627161775968139,0.016572505706738738,9.0,0.5209053925322713
0.0,PFW_diminishing,diminishing,916.0,0.022121906280517578,15.627154743247761,0.018097435010513863,9.0,0.5209051581082587
0.0,PFW_diminishing,diminishing,917.0,0.022147178649902344,15.627161713316848,0.012293734441357174,9.0,0.520905390443895
0.0,PFW_diminishing,diminishing,918.0,0.022170066833496094,15.627154696004423,0.018069250404419535,9.0,0.5209051565334808
0.0,PFW_diminishing,diminishing,919.0,0.022193193435668945,15.62716165105655,0.012271204321578466,9.0,0.5209053883685517
0.0,PFW_diminishing,diminishing,920.0,0.0222170352935791,15.627172330140594,0.01804118837860713,9.0,0.5209057443380198
0.0,PFW_diminishing,diminishing,921.0,0.02223992347717285,15.62716158917276,0.016439332578347177,9.0,0.5209053863057587
0.0,PFW_diminishing,diminishing,922.0,0.022265195846557617,15.627154557013515,0.018000073311723597,9.0,0.5209051519004505
0.0,PFW_diminishing,diminishing,923.0,0.022289037704467773,15.627161527635414,0.01219216881909091,9.0,0.5209053842545138
0.0,PFW_diminishing,diminishing,924.0,0.022311925888061523,15.627154510780779,0.017972253961223927,9.0,0.5209051503593592
0.0,PFW_diminishing,diminishing,925.0,0.022335052490234375,15.627161466479441,0.012169930677272234,9.0,0.5209053822159814
0.0,PFW_diminishing,diminishing,926.0,0.022359132766723633,15.627171911283254,0.017944554818233982,9.0,0.5209057303761084
0.0,PFW_diminishing,diminishing,927.0,0.022384166717529297,15.627161405683287,0.016307886716759867,9.0,0.5209053801894429
0.0,PFW_diminishing,diminishing,928.0,0.022407054901123047,15.627154374652989,0.017903969989532698,9.0,0.5209051458217663
0.0,PFW_diminishing,diminishing,929.0,0.022430896759033203,15.627161345232588,0.01209191548238131,9.0,0.5209053781744196
0.0,PFW_diminishing,diminishing,930.0,0.02245497703552246,15.627154329403737,0.017876508840146244,9.0,0.5209051443134579
0.0,PFW_diminishing,diminishing,931.0,0.022478103637695312,15.627161285153953,0.012069963679312679,9.0,0.5209053761717984
0.0,PFW_diminishing,diminishing,932.0,0.022502899169921875,15.627171500792725,0.017849165586332205,9.0,0.5209057166930908
0.0,PFW_diminishing,diminishing,933.0,0.022526025772094727,15.627161225419012,0.016178134734760263,9.0,0.5209053741806338
0.0,PFW_diminishing,diminishing,934.0,0.022548913955688477,15.627154196063644,0.017809100804297984,9.0,0.5209051398687882
0.0,PFW_diminishing,diminishing,935.0,0.022572994232177734,15.627161166028523,0.011992949161395927,9.0,0.5209053722009508
0.0,PFW_diminishing,diminishing,936.0,0.022596120834350586,15.627171258348833,0.017781990982030038,9.0,0.5209057086116278
0.0,PFW_diminishing,diminishing,937.0,0.02262091636657715,15.627161107015196,0.016100865621508476,9.0,0.5209053702338399
0.0,PFW_diminishing,diminishing,938.0,0.022644996643066406,15.627154064616006,0.01774226742115026,9.0,0.5209051354872002
0.0,PFW_diminishing,diminishing,939.0,0.02266693115234375,15.627161048301865,0.011916591252708386,9.0,0.5209053682767288
0.0,PFW_diminishing,diminishing,940.0,0.022691011428833008,15.627154020963333,0.017715388053893832,9.0,0.5209051340321111
0.0,PFW_diminishing,diminishing,941.0,0.022715091705322266,15.627160989945754,0.011895104569788373,9.0,0.5209053663315252
0.0,PFW_diminishing,diminishing,942.0,0.022739887237548828,15.627170861152457,0.01768862285912931,9.0,0.5209056953717486
0.0,PFW_diminishing,diminishing,943.0,0.02276301383972168,15.627160931951035,0.015973864544395866,9.0,0.5209053643983679
0.0,PFW_diminishing,diminishing,944.0,0.02278614044189453,15.62715389218209,0.017649402930981495,9.0,0.520905129739403
0.0,PFW_diminishing,diminishing,945.0,0.02281022071838379,15.627160874255813,0.011819715722580781,9.0,0.5209053624751937
0.0,PFW_diminishing,diminishing,946.0,0.02283310890197754,15.627153849444626,0.017622863820221824,9.0,0.5209051283148208
0.0,PFW_diminishing,diminishing,947.0,0.0228579044342041,15.627160816909235,0.011798501033174702,9.0,0.5209053605636412
0.0,PFW_diminishing,diminishing,948.0,0.022881031036376953,15.627170471761788,0.01759643672302147,9.0,0.5209056823920596
0.0,PFW_diminishing,diminishing,949.0,0.022904157638549805,15.62716075990881,0.015848472425007643,9.0,0.520905358663627
0.0,PFW_diminishing,diminishing,950.0,0.022928237915039062,15.62715372326065,0.017557710910059754,9.0,0.5209051241086883
0.0,PFW_diminishing,diminishing,951.0,0.02295088768005371,15.627146885699728,0.011736138463135148,9.0,0.5209048961899909
0.0,PFW_diminishing,diminishing,952.0,0.022975921630859375,15.627174497337569,0.012390868010383471,9.0,0.5209058165779189
0.0,PFW_diminishing,diminishing,953.0,0.023000001907348633,15.62714684830026,0.019290152267920746,9.0,0.520904894943342
0.0,PFW_diminishing,diminishing,954.0,0.023022174835205078,15.627174402311754,0.0123525043405035,9.0,0.5209058134103918
0.0,PFW_diminishing,diminishing,955.0,0.023046255111694336,15.62714681119518,0.01926497534186211,9.0,0.5209048937065061
0.0,PFW_diminishing,diminishing,956.0,0.023068904876708984,15.627174307820068,0.0123143012127791,9.0,0.520905810260669
0.0,PFW_diminishing,diminishing,957.0,0.02309393882751465,15.627146774381787,0.019239903758894172,9.0,0.5209048924793929
0.0,PFW_diminishing,diminishing,958.0,0.023118019104003906,15.627174213858325,0.012276257621579134,9.0,0.5209058071286108
0.0,PFW_diminishing,diminishing,959.0,0.02314019203186035,15.6271467378574,0.01921493685924247,9.0,0.5209048912619133
0.0,PFW_diminishing,diminishing,960.0,0.02316427230834961,15.627174120422369,0.012238372569632006,9.0,0.5209058040140789
0.0,PFW_diminishing,diminishing,961.0,0.023186922073364258,15.627146701619386,0.01919007398864636,9.0,0.5209048900539796
0.0,PFW_diminishing,diminishing,962.0,0.023211956024169922,15.627174027508087,0.012200645068002558,9.0,0.5209058009169362
0.0,PFW_diminishing,diminishing,963.0,0.02323603630065918,15.627146665665116,0.019165314498273744,9.0,0.5209048888555039
0.0,PFW_diminishing,diminishing,964.0,0.023258209228515625,15.62717393511141,0.012163074135914442,9.0,0.5209057978370469
0.0,PFW_diminishing,diminishing,965.0,0.02328181266784668,15.627146629992016,0.019140657744683764,9.0,0.5209048876664005
0.0,PFW_diminishing,diminishing,966.0,0.02330493927001953,15.627173843228308,0.012125658800766104,9.0,0.5209057947742769
0.0,PFW_diminishing,diminishing,967.0,0.023329973220825195,15.627146594597518,0.019116103089761083,9.0,0.520904886486584
0.0,PFW_diminishing,diminishing,968.0,0.023353099822998047,15.627173751854798,0.012088398097954922,9.0,0.5209057917284933
0.0,PFW_diminishing,diminishing,969.0,0.0233762264251709,15.627146559479101,0.01909164990067147,9.0,0.52090488531597
0.0,PFW_diminishing,diminishing,970.0,0.023399829864501953,15.627173660986921,0.012051291070850567,9.0,0.520905788699564
0.0,PFW_diminishing,diminishing,971.0,0.023422956466674805,15.627146524634254,0.019067297549783646,9.0,0.5209048841544751
0.0,PFW_diminishing,diminishing,972.0,0.02344799041748047,15.627173570620778,0.01201433677070085,9.0,0.5209057856873592
0.0,PFW_diminishing,diminishing,973.0,0.023472070693969727,15.627146490060507,0.019043045414651516,9.0,0.5209048830020169
0.0,PFW_diminishing,diminishing,974.0,0.023495197296142578,15.627173480752484,0.011977534256544686,9.0,0.5209057826917495
0.0,PFW_diminishing,diminishing,975.0,0.023519039154052734,15.627146455755401,0.019018892877920024,9.0,0.5209048818585134
0.0,PFW_diminishing,diminishing,976.0,0.023541927337646484,15.62717339137821,0.011940882595130375,9.0,0.520905779712607
0.0,PFW_diminishing,diminishing,977.0,0.02356719970703125,15.627146421716525,0.018994839327319823,9.0,0.5209048807238842
0.0,PFW_diminishing,diminishing,978.0,0.023590087890625,15.62717330249416,0.011904380860837449,9.0,0.5209057767498053
0.0,PFW_diminishing,diminishing,979.0,0.02361297607421875,15.627146387941476,0.018970884155571355,9.0,0.5209048795980492
0.0,PFW_diminishing,diminishing,980.0,0.023637056350708008,15.627173214096578,0.011868028135632258,9.0,0.5209057738032192
0.0,PFW_diminishing,diminishing,981.0,0.023659944534301758,15.627146354427879,0.018947026760351093,9.0,0.5209048784809293
0.0,PFW_diminishing,diminishing,982.0,0.023685216903686523,15.627173126181736,0.01183182350891343,9.0,0.5209057708727245
0.0,PFW_diminishing,diminishing,983.0,0.023708105087280273,15.627146321173395,0.0189232665442578,9.0,0.5209048773724465
0.0,PFW_diminishing,diminishing,984.0,0.023730993270874023,15.627173038745953,0.011795766077526082,9.0,0.5209057679581984
0.0,PFW_diminishing,diminishing,985.0,0.02375507354736328,15.627146288175696,0.018899602914732583,9.0,0.5209048762725232
0.0,PFW_diminishing,diminishing,986.0,0.02377796173095703,15.627172951785571,0.011759854945614379,9.0,0.520905765059519
0.0,PFW_diminishing,diminishing,987.0,0.023803234100341797,15.627146255432494,0.018876035284026926,9.0,0.5209048751810832
0.0,PFW_diminishing,diminishing,988.0,0.023825883865356445,15.62717286529698,0.011724089224601997,9.0,0.520905762176566
0.0,PFW_diminishing,diminishing,989.0,0.023849010467529297,15.627146222941512,0.018852563069156503,9.0,0.5209048740980504
0.0,PFW_diminishing,diminishing,990.0,0.023873090744018555,15.627172779276602,0.011688468033064225,9.0,0.5209057593092201
0.0,PFW_diminishing,diminishing,991.0,0.023897171020507812,15.627146190700508,0.018829185691847883,9.0,0.5209048730233502
0.0,PFW_diminishing,diminishing,992.0,0.02392292022705078,15.627172693720889,0.011652990496727966,9.0,0.5209057564573629
0.0,PFW_diminishing,diminishing,993.0,0.023946046829223633,15.627146158707257,0.018805902578488798,9.0,0.5209048719569086
0.0,PFW_diminishing,diminishing,994.0,0.023967981338500977,15.627172608626331,0.011617655748311861,9.0,0.5209057536208778
0.0,PFW_diminishing,diminishing,995.0,0.023992061614990234,15.627146126959556,0.0187827131600784,9.0,0.5209048708986519
0.0,PFW_diminishing,diminishing,996.0,0.024015188217163086,15.627172523989447,0.011582462927535175,9.0,0.5209057507996483
0.0,PFW_diminishing,diminishing,997.0,0.02403998374938965,15.627146095455227,0.018759616872198848,9.0,0.5209048698485076
0.0,PFW_diminishing,diminishing,998.0,0.0240628719329834,15.6271724398068,0.011547411181005884,9.0,0.52090574799356
0.0,PFW_diminishing,diminishing,999.0,0.02408599853515625,15.627146064192123,0.018736613154938908,9.0,0.5209048688064041
0.0,PFW_exact,exact,0.0,3.790855407714844e-05,16.484849442471486,10.73971096916316,2.0,0.5494949814157162
0.0,PFW_exact,exact,1.0,7.081031799316406e-05,16.190117600250332,4.048212016133748,3.0,0.5396705866750111
0.0,PFW_exact,exact,2.0,9.989738464355469e-05,15.775275577640537,2.870221305098841,4.0,0.5258425192546846
0.0,PFW_exact,exact,3.0,0.00012683868408203125,15.74080146243068,1.0837366274325273,5.0,0.5246933820810227
0.0,PFW_exact,exact,4.0,0.00015473365783691406,15.720142228096185,0.7455601983425684,6.0,0.5240047409365395
0.0,PFW_exact,exact,5.0,0.0001819133758544922,15.709011621483983,0.4358946373125434,7.0,0.5236337207161328
0.0,PFW_exact,exact,6.0,0.000209808349609375,15.70127863258784,0.4256383227224916,8.0,0.5233759544195947
0.0,PFW_exact,exact,7.0,0.00023698806762695312,15.695601755450687,0.3803011750687979,8.0,0.5231867251816895
0.0,PFW_exact,exact,8.0,0.00026488304138183594,15.691434293882706,0.3104397708093032,8.0,0.5230478097960902
0.0,PFW_exact,exact,9.0,0.00029277801513671875,15.686674618866927,0.3536202889720954,8.0,0.5228891539622309
0.0,PFW_exact,exact,10.0,0.0003199577331542969,15.684340503958001,0.15317819731878224,8.0,0.5228113501319334
0.0,PFW_exact,exact,11.0,0.00034689903259277344,15.680903944448133,0.25082698368149536,8.0,0.5226967981482711
0.0,PFW_exact,exact,12.0,0.0003750324249267578,15.678851317084394,0.12584870765037515,8.0,0.5226283772361465
0.0,PFW_exact,exact,13.0,0.0004029273986816406,15.675597548286767,0.2339525931610904,8.0,0.5225199182762256
0.0,PFW_exact,exact,14.0,0.00043082237243652344,15.673208918748449,0.12504193050599355,8.0,0.522440297291615
0.0,PFW_exact,exact,15.0,0.00045800209045410156,15.67167140441122,0.2173741738481869,8.0,0.5223890468137073
0.0,PFW_exact,exact,16.0,0.0004858970642089844,15.670336367271245,0.08895285870486447,9.0,0.5223445455757082
0.0,PFW_exact,exact,17.0,0.0005140304565429688,15.63161211244238,0.1948400782090154,8.0,0.5210537370814127
0.0,PFW_exact,exact,18.0,0.0005419254302978516,15.629652168679582,0.17285908211662182,8.0,0.5209884056226527
0.0,PFW_exact,exact,19.0,0.0005691051483154297,15.628440351841055,0.1343128805964362,8.0,0.5209480117280352
0.0,PFW_exact,exact,20.0,0.0005960464477539062,15.627978554369642,0.07343154545326236,8.0,0.5209326184789881
0.0,PFW_exact,exact,21.0,0.0006299018859863281,15.627728439553774,0.06882110507359229,9.0,0.5209242813184591
0.0,PFW_exact,exact,22.0,0.0006568431854248047,15.627471383059007,0.05013143945434351,9.0,0.5209157127686336
0.0,PFW_exact,exact,23.0,0.0006849765777587891,15.62737015168665,0.03716870933394567,9.0,0.520912338389555
0.0,PFW_exact,exact,24.0,0.0007119178771972656,15.627305901004156,0.026237295695523244,9.0,0.5209101967001385
0.0,PFW_exact,exact,25.0,0.0007407665252685547,15.627261248823862,0.03200066074945873,9.0,0.5209087082941287
0.0,PFW_exact,exact,26.0,0.0007688999176025391,15.627215768138548,0.024395305655891875,9.0,0.5209071922712849
0.0,PFW_exact,exact,27.0,0.0007967948913574219,15.627180449906989,0.023547431000356056,9.0,0.5209060149968996
0.0,PFW_exact,exact,28.0,0.000823974609375,15.627163369028125,0.014364791684466027,9.0,0.5209054456342709
0.0,PFW_exact,exact,29.0,0.0008518695831298828,15.627153276007245,0.012038872326826322,9.0,0.5209051092002415
0.0,PFW_exact,exact,30.0,0.0008780956268310547,15.627147023870766,0.007333429587852436,9.0,0.5209049007956922
0.0,PFW_exact,exact,31.0,0.0009059906005859375,15.627141749083869,0.009563384914915929,9.0,0.5209047249694623
0.0,PFW_exact,exact,32.0,0.0009329319000244141,15.627137337344287,0.008545460852086961,9.0,0.5209045779114763
0.0,PFW_exact,exact,33.0,0.0009610652923583984,15.627133311185798,0.0063373041693299825,9.0,0.5209044437061933
0.0,PFW_exact,exact,34.0,0.0009868144989013672,15.627130276060258,0.007076416663712948,9.0,0.5209043425353419
0.0,PFW_exact,exact,35.0,0.0010149478912353516,15.627129563709273,0.0032646482727667347,9.0,0.5209043187903091
0.0,PFW_exact,exact,36.0,0.0010418891906738281,15.627128082251927,0.004177876598062014,9.0,0.5209042694083975
0.0,PFW_exact,exact,37.0,0.0010690689086914062,15.62712751765031,0.0023523234641817936,9.0,0.5209042505883437
0.0,PFW_exact,exact,38.0,0.0010960102081298828,15.62712712071226,0.0018905114829586012,9.0,0.5209042373570754
0.0,PFW_exact,exact,39.0,0.0011239051818847656,15.627126754934741,0.002442234337665994,9.0,0.5209042251644914
0.0,PFW_exact,exact,40.0,0.0011508464813232422,15.627126582511984,0.0017815460925518778,9.0,0.5209042194170661
0.0,PFW_exact,exact,41.0,0.001178741455078125,15.627126443733683,0.0012412806452601899,9.0,0.5209042147911228
0.0,PFW_exact,exact,42.0,0.0012059211730957031,15.627126365427266,0.0008706714400101845,9.0,0.5209042121809089
0.0,PFW_exact,exact,43.0,0.0012328624725341797,15.627126279977986,0.0008429867115005152,9.0,0.5209042093325995
0.0,PFW_exact,exact,44.0,0.0012600421905517578,15.627126236445328,0.0005367119899961637,9.0,0.5209042078815109
0.0,PFW_exact,exact,45.0,0.0012879371643066406,15.627126188456229,0.00037920782856026847,9.0,0.5209042062818743
0.0,PFW_exact,exact,46.0,0.001313924789428711,15.62712616425215,0.0006505923026018934,9.0,0.5209042054750717
0.0,PFW_exact,exact,47.0,0.0013418197631835938,15.627126136610194,0.0006569696733009778,9.0,0.5209042045536731
0.0,PFW_exact,exact,48.0,0.0013687610626220703,15.627126125036055,0.0003093668521394477,9.0,0.5209042041678685
0.0,PFW_exact,exact,49.0,0.0013959407806396484,15.62712611928284,0.0002566486716197858,9.0,0.5209042039760947
0.0,PFW_exact,exact,50.0,0.001422882080078125,15.627126115439333,0.00025551233726872624,9.0,0.5209042038479778
0.0,PFW_exact,exact,51.0,0.0014500617980957031,15.62712611163641,0.00018286398400491066,9.0,0.5209042037212137
0.0,PFW_exact,exact,52.0,0.001477956771850586,15.627126108784902,0.00021267854640960593,9.0,0.5209042036261634
0.0,PFW_exact,exact,53.0,0.0015048980712890625,15.627126105598643,0.00023792707388636813,9.0,0.5209042035199548
0.0,PFW_exact,exact,54.0,0.0015327930450439453,15.627126104109351,0.00012064044281956399,9.0,0.5209042034703117
0.0,PFW_exact,exact,55.0,0.0015599727630615234,15.627126103147916,0.00013183389156701253,9.0,0.5209042034382638
0.0,PFW_exact,exact,56.0,0.001580953598022461,15.627126103147916,8.921482796253599e-05,9.0,0.5209042034382638
