run,algorithm,step_size,iter,time,loss,gap,spars,mse
0.0,FW_exact,exact,0.0,4.8160552978515625e-05,21.32455829554014,23.050441704459853,1.0,0.6006917829729617
0.0,FW_exact,exact,1.0,7.796287536621094e-05,18.724638212448475,11.714683521583215,2.0,0.5274545975337599
0.0,FW_exact,exact,2.0,0.00010704994201660156,18.27475063447221,4.167148682514211,3.0,0.5147817080133017
0.0,FW_exact,exact,3.0,0.00013303756713867188,18.0756898064193,2.3497071695727367,4.0,0.5091743607442056
0.0,FW_exact,exact,4.0,0.0001590251922607422,18.070363712705873,0.3282782905968773,4.0,0.5090243299353767
0.0,FW_exact,exact,5.0,0.0001819133758544922,18.068545918573008,0.2412514147587821,5.0,0.5089731244668453
0.0,FW_exact,exact,6.0,0.00020694732666015625,18.067637104004863,0.13722685266094992,6.0,0.508947524056475
0.0,FW_exact,exact,7.0,0.0002319812774658203,18.06681917784735,0.13977876157047753,7.0,0.5089244838830239
0.0,FW_exact,exact,8.0,0.0002579689025878906,18.066429946952542,0.08715947547463365,7.0,0.508913519632466
0.0,FW_exact,exact,9.0,0.0002830028533935547,18.066262801280182,0.056626374504087806,7.0,0.508908811303667
0.0,FW_exact,exact,10.0,0.00030684471130371094,18.06596083054406,0.06334152431420748,7.0,0.5089003050857482
0.0,FW_exact,exact,11.0,0.000331878662109375,18.06583570053729,0.04895823264994981,7.0,0.5088967802968251
0.0,FW_exact,exact,12.0,0.0003571510314941406,18.065731192304355,0.044972260609249304,7.0,0.5088938364029396
0.0,FW_exact,exact,13.0,0.0003819465637207031,18.065636694658412,0.04386141017580769,7.0,0.50889117449742
0.0,FW_exact,exact,14.0,0.00040793418884277344,18.065604621077295,0.020511769522956413,7.0,0.5088902710162618
0.0,FW_exact,exact,15.0,0.0004341602325439453,18.06554145913237,0.034733052400858,7.0,0.5088884918065456
0.0,FW_exact,exact,16.0,0.00045990943908691406,18.065490438191716,0.03137949908806448,7.0,0.5088870545969497
0.0,FW_exact,exact,17.0,0.0004839897155761719,18.06543408987952,0.027215917705660786,7.0,0.5088854673205498
0.0,FW_exact,exact,18.0,0.0005080699920654297,18.065395374024163,0.03454911177531805,8.0,0.5088843767330751
0.0,FW_exact,exact,19.0,0.0005340576171875,18.065359848830234,0.026025351958432807,8.0,0.5088833760233868
0.0,FW_exact,exact,20.0,0.0005581378936767578,18.06532624787106,0.02099692460773106,8.0,0.5088824295174946
0.0,FW_exact,exact,21.0,0.0005838871002197266,18.06528307098237,0.028859826017139767,8.0,0.508881213267109
0.0,FW_exact,exact,22.0,0.0006089210510253906,18.06525724188433,0.02218262762359835,8.0,0.5088804856868825
0.0,FW_exact,exact,23.0,0.0006330013275146484,18.065227169909843,0.019860600758340397,8.0,0.5088796385890096
0.0,FW_exact,exact,24.0,0.000659942626953125,18.065211339248812,0.022074765539464636,8.0,0.5088791926548961
0.0,FW_exact,exact,25.0,0.0006859302520751953,18.065199190156036,0.015287383275603972,8.0,0.5088788504269306
0.0,FW_exact,exact,26.0,0.0007112026214599609,18.06518263124589,0.017753174645154246,8.0,0.5088783839787574
0.0,FW_exact,exact,27.0,0.0007338523864746094,18.06515722593317,0.018250382429123135,8.0,0.5088776683361457
0.0,FW_exact,exact,28.0,0.0007579326629638672,18.06514630105773,0.01441510895265452,8.0,0.5088773605931755
0.0,FW_exact,exact,29.0,0.000782012939453125,18.065136139658247,0.01778981879135344,8.0,0.5088770743565704
0.0,FW_exact,exact,30.0,0.0008170604705810547,18.06512668915025,0.013480642994224468,8.0,0.5088768081450775
0.0,FW_exact,exact,31.0,0.0008440017700195312,18.065115985562123,0.0118345740717416,8.0,0.5088765066355527
0.0,FW_exact,exact,32.0,0.0008690357208251953,18.06510261434043,0.015950239259485244,8.0,0.5088761299814205
0.0,FW_exact,exact,33.0,0.0008959770202636719,18.065100122719926,0.008750134469581283,8.0,0.5088760597949274
0.0,FW_exact,exact,34.0,0.0009210109710693359,18.065091777726888,0.01044745705497796,8.0,0.508875824724701
0.0,FW_exact,exact,35.0,0.0009469985961914062,18.065082554315932,0.013317522704937801,8.0,0.5088755649103079
0.0,FW_exact,exact,36.0,0.0009739398956298828,18.06507668135022,0.010564913182367519,8.0,0.5088753994746541
0.0,FW_exact,exact,37.0,0.0010101795196533203,18.06506991466303,0.009406283399250981,8.0,0.5088752088637474
0.0,FW_exact,exact,38.0,0.0010349750518798828,18.065063488593573,0.012259285072108383,8.0,0.5088750278477063
0.0,FW_exact,exact,39.0,0.0010600090026855469,18.0650618936862,0.006999921035388823,8.0,0.508874982920738
0.0,FW_exact,exact,40.0,0.0010859966278076172,18.06505972244828,0.0064568783230978255,8.0,0.5088749217591064
0.0,FW_exact,exact,41.0,0.0011119842529296875,18.065055723663523,0.007228537490306053,8.0,0.5088748091172823
0.0,FW_exact,exact,42.0,0.0011360645294189453,18.06504920614968,0.011130258299614226,8.0,0.5088746255253431
0.0,FW_exact,exact,43.0,0.001161813735961914,18.065046383774078,0.006071802324443709,8.0,0.508874546021805
0.0,FW_exact,exact,44.0,0.0011849403381347656,18.065043374482443,0.007602449592711835,8.0,0.5088744612530266
0.0,FW_exact,exact,45.0,0.0012090206146240234,18.0650409668258,0.008601387745351019,8.0,0.5088743934317127
0.0,FW_exact,exact,46.0,0.0012331008911132812,18.065039079552278,0.005986144050583064,8.0,0.5088743402690783
0.0,FW_exact,exact,47.0,0.0012578964233398438,18.065035227538413,0.0070945165766467255,8.0,0.5088742317616455
0.0,FW_exact,exact,48.0,0.0012819766998291016,18.065033555468826,0.0056343144710080395,8.0,0.5088741846610937
0.0,FW_exact,exact,49.0,0.0013051033020019531,18.06503144912296,0.006359611985795155,8.0,0.5088741253274073
0.0,FW_exact,exact,50.0,0.001329183578491211,18.065029665219498,0.004826299145378243,8.0,0.5088740750766055
0.0,FW_exact,exact,51.0,0.0013539791107177734,18.065028382934816,0.0062762195876349125,8.0,0.5088740389559103
0.0,FW_exact,exact,52.0,0.0013780593872070312,18.06502714318622,0.0048511555713464105,8.0,0.5088740040334147
0.0,FW_exact,exact,53.0,0.0014030933380126953,18.06502596497248,0.003921757284832239,8.0,0.5088739708442952
0.0,FW_exact,exact,54.0,0.001425027847290039,18.065024469317557,0.005358417240509894,8.0,0.5088739287131706
0.0,FW_exact,exact,55.0,0.0014488697052001953,18.06502354519397,0.004188063447180923,8.0,0.5088739026815203
0.0,FW_exact,exact,56.0,0.0014729499816894531,18.065022921774148,0.004402656750718492,8.0,0.5088738851203986
0.0,FW_exact,exact,57.0,0.0014979839324951172,18.06502178992057,0.0038437832130409078,8.0,0.5088738532371992
0.0,FW_exact,exact,58.0,0.001522064208984375,18.065020933843304,0.004030859278550736,8.0,0.5088738291223466
0.0,FW_exact,exact,59.0,0.001544952392578125,18.065020413454015,0.0031599902102836808,8.0,0.5088738144634933
0.0,FW_exact,exact,60.0,0.0015690326690673828,18.065019689102993,0.0030745904893567655,8.0,0.5088737940592393
0.0,FW_exact,exact,61.0,0.0015931129455566406,18.065019150154757,0.004068340364877798,8.0,0.5088737788775988
0.0,FW_exact,exact,62.0,0.0016171932220458984,18.065018702460858,0.0029146121185448237,8.0,0.508873766266503
0.0,FW_exact,exact,63.0,0.0016407966613769531,18.065018254144192,0.002418586544534307,8.0,0.5088737536378646
0.0,FW_exact,exact,64.0,0.0016870498657226562,18.065017665700726,0.003360339260352063,8.0,0.5088737370619922
0.0,FW_exact,exact,65.0,0.0017180442810058594,18.065017310304654,0.0025967611678030522,8.0,0.5088737270508353
0.0,FW_exact,exact,66.0,0.001744985580444336,18.065016888348445,0.0023463790299018683,8.0,0.5088737151647449
0.0,FW_exact,exact,67.0,0.0017719268798828125,18.065016661720577,0.0026379103256406466,8.0,0.5088737087808614
0.0,FW_exact,exact,68.0,0.0017991065979003906,18.06501648693506,0.001831109482989035,8.0,0.5088737038573257
0.0,FW_exact,exact,69.0,0.0018239021301269531,18.06501624817093,0.0021283294294818234,8.0,0.5088736971315755
0.0,FW_exact,exact,70.0,0.0018510818481445312,18.065015875891067,0.0022038896052336554,8.0,0.5088736866448188
0.0,FW_exact,exact,71.0,0.0018780231475830078,18.065015732600006,0.0018290107736742556,8.0,0.5088736826084509
0.0,FW_exact,exact,72.0,0.0019040107727050781,18.065015643714343,0.0012984708633076991,8.0,0.5088736801046294
0.0,FW_exact,exact,73.0,0.0019288063049316406,18.065015521752706,0.0015295356894746703,8.0,0.5088736766690903
0.0,FW_exact,exact,74.0,0.0019559860229492188,18.06501529007094,0.0017384814244909563,8.0,0.5088736701428433
0.0,FW_exact,exact,75.0,0.001981973648071289,18.065015195329117,0.0017054849436490827,8.0,0.5088736674740596
0.0,FW_exact,exact,76.0,0.0020089149475097656,18.065015056590646,0.0016222943691843739,8.0,0.5088736635659337
0.0,FW_exact,exact,77.0,0.00203704833984375,18.065014973448484,0.0012628349395971128,8.0,0.508873661223901
0.0,FW_exact,exact,78.0,0.0020639896392822266,18.06501478161065,0.0015819066736444398,8.0,0.5088736558200183
0.0,FW_exact,exact,79.0,0.002090930938720703,18.065014660982524,0.0015126919675569894,8.0,0.508873652422043
0.0,FW_exact,exact,80.0,0.0021181106567382812,18.06501455356571,0.0018272119562467992,8.0,0.5088736493962172
0.0,FW_exact,exact,81.0,0.002145051956176758,18.065014508990036,0.0009246334151651325,8.0,0.5088736481405643
0.0,FW_exact,exact,82.0,0.0021810531616210938,18.065014413323713,0.0011170236318864823,8.0,0.5088736454457384
0.0,FW_exact,exact,83.0,0.0022058486938476562,18.065014297929007,0.001479509061994122,8.0,0.5088736421951833
0.0,FW_exact,exact,84.0,0.0022308826446533203,18.06501424759112,0.0008102329419745757,8.0,0.5088736407772146
0.0,FW_exact,exact,85.0,0.0022580623626708984,18.065014186672315,0.001080944592086297,8.0,0.508873639061192
0.0,FW_exact,exact,86.0,0.002285003662109375,18.065014138257354,0.0012191385842736935,8.0,0.5088736376973902
0.0,FW_exact,exact,87.0,0.002311229705810547,18.065014103386808,0.0008132490951826554,8.0,0.5088736367151213
0.0,FW_exact,exact,88.0,0.0023369789123535156,18.065014028154902,0.0009905478286693636,8.0,0.5088736345959127
0.0,FW_exact,exact,89.0,0.0023779869079589844,18.065013995327842,0.000789058345825211,8.0,0.5088736336712069
0.0,FW_exact,exact,90.0,0.002407073974609375,18.065013953966993,0.0008906638156300772,8.0,0.5088736325061125
0.0,FW_exact,exact,91.0,0.0024330615997314453,18.065013918740956,0.0006777749274000655,8.0,0.5088736315138297
0.0,FW_exact,exact,92.0,0.002460002899169922,18.0650138932347,0.0008848655439273045,8.0,0.5088736307953436
0.0,FW_exact,exact,93.0,0.002485990524291992,18.06501386863114,0.0006831045058710572,8.0,0.5088736301022857
0.0,FW_exact,exact,94.0,0.0025119781494140625,18.06501384512993,0.0005535928151534364,8.0,0.5088736294402797
0.0,FW_exact,exact,95.0,0.002538919448852539,18.065013815240338,0.0007571345792865003,8.0,0.5088736285983194
0.0,FW_exact,exact,96.0,0.002565145492553711,18.06501379671231,0.0005927869741668701,8.0,0.5088736280764031
0.0,FW_exact,exact,97.0,0.0025899410247802734,18.06501378151585,0.0006872144692451343,8.0,0.5088736276483339
0.0,FW_exact,exact,98.0,0.0026159286499023438,18.065013758631462,0.0005462789467713947,8.0,0.5088736270037032
0.0,FW_exact,exact,99.0,0.0026421546936035156,18.065013740433095,0.0005874895388284784,8.0,0.508873626491073
0.0,FW_exact,exact,100.0,0.002666950225830078,18.065013729767312,0.000452267691073871,8.0,0.5088736261906285
0.0,FW_exact,exact,101.0,0.002691984176635742,18.065013714474347,0.00044656440987012047,8.0,0.5088736257598407
0.0,FW_exact,exact,102.0,0.0027179718017578125,18.065013704447352,0.0005547914142542965,8.0,0.5088736254773902
0.0,FW_exact,exact,103.0,0.0027430057525634766,18.06501369495304,0.000424334476647914,8.0,0.5088736252099448
0.0,FW_exact,exact,104.0,0.0027680397033691406,18.0650136858268,0.00034496690980567735,8.0,0.5088736249528676
0.0,FW_exact,exact,105.0,0.002792835235595703,18.06501367371721,0.0004819091370791284,8.0,0.5088736246117525
0.0,FW_exact,exact,106.0,0.002819061279296875,18.065013666441033,0.0003714718207579182,8.0,0.5088736244067896
0.0,FW_exact,exact,107.0,0.002844095230102539,18.065013657761227,0.00033642307576720043,8.0,0.5088736241622881
0.0,FW_exact,exact,108.0,0.0028688907623291016,18.06501365310708,0.00037797195754762924,8.0,0.5088736240311853
0.0,FW_exact,exact,109.0,0.0029020309448242188,18.06501364950646,0.0002627720040919712,8.0,0.5088736239297594
0.0,FW_exact,exact,110.0,0.002928018569946289,18.06501364457953,0.0003056748275245269,8.0,0.5088736237909727
0.0,FW_exact,exact,111.0,0.0029540061950683594,18.065013636892633,0.0003165957734907465,8.0,0.5088736235744403
0.0,FW_exact,exact,112.0,0.0029790401458740234,18.06501363353654,0.00025228112691877413,8.0,0.5088736234799026
0.0,FW_exact,exact,113.0,0.0030040740966796875,18.06501363016294,0.000323785884384975,8.0,0.5088736233848715
0.0,FW_exact,exact,114.0,0.00302886962890625,18.065013627220637,0.00023753842529217195,8.0,0.5088736233019898
0.0,FW_exact,exact,115.0,0.003053903579711914,18.06501362384573,0.0002097748768807861,8.0,0.508873623206922
0.0,FW_exact,exact,116.0,0.0030791759490966797,18.065013619516577,0.00028653064904027303,8.0,0.508873623084974
0.0,FW_exact,exact,117.0,0.003103971481323242,18.06501361679392,0.0002586409805136469,8.0,0.5088736230082794
0.0,FW_exact,exact,118.0,0.0031299591064453125,18.065013614138945,0.00018605915198044443,8.0,0.5088736229334914
0.0,FW_exact,exact,119.0,0.0031540393829345703,18.065013610924176,0.0002469124671335976,8.0,0.5088736228429346
0.0,FW_exact,exact,120.0,0.0031800270080566406,18.065013606858916,0.0002792130520603564,8.0,0.5088736227284202
0.0,FW_exact,exact,121.0,0.0032050609588623047,18.065013603402438,0.0002122949420986231,8.0,0.5088736226310546
0.0,FW_exact,exact,122.0,0.0032308101654052734,18.06501360137753,0.00024930935293276946,8.0,0.5088736225740149
0.0,FW_exact,exact,123.0,0.0032548904418945312,18.065013598935273,0.00021521005132996152,8.0,0.508873622505219
0.0,FW_exact,exact,124.0,0.003281116485595703,18.065013596943114,0.00022123819618791174,8.0,0.5088736224491018
0.0,FW_exact,exact,125.0,0.003320932388305664,18.065013594076305,0.00019333982694291763,8.0,0.5088736223683467
0.0,FW_exact,exact,126.0,0.0033462047576904297,18.065013590796088,0.00025080813375844,8.0,0.5088736222759461
0.0,FW_exact,exact,127.0,0.0033719539642333984,18.065013586400283,0.00028872810429803053,8.0,0.5088736221521206
0.0,FW_exact,exact,128.0,0.0033969879150390625,18.06501358243545,0.00022737166023389932,8.0,0.5088736220404353
0.0,FW_exact,exact,129.0,0.003422975540161133,18.06501357999612,0.0002448133848371725,8.0,0.5088736219717217
0.0,FW_exact,exact,130.0,0.0034470558166503906,18.065013576021222,0.0002745569439035478,8.0,0.5088736218597527
0.0,FW_exact,exact,131.0,0.0034711360931396484,18.065013573580092,0.00021636341298858497,8.0,0.5088736217909885
0.0,FW_exact,exact,132.0,0.003495931625366211,18.065013569249643,0.00023762429001550345,8.0,0.5088736216690041
0.0,FW_exact,exact,133.0,0.003520965576171875,18.06501356636734,0.00025936907425005984,8.0,0.5088736215878125
0.0,FW_exact,exact,134.0,0.003545999526977539,18.065013565187424,0.00017026402621667103,8.0,0.5088736215545754
0.0,FW_exact,exact,135.0,0.0035719871520996094,18.065013562323433,0.000233052500165698,8.0,0.5088736214738995
0.0,FW_exact,exact,136.0,0.0035970211029052734,18.065013558165937,0.0002328304479419785,8.0,0.5088736213567869
0.0,FW_exact,exact,137.0,0.0036220550537109375,18.065013555237233,0.00023698831170371193,8.0,0.5088736212742883
0.0,FW_exact,exact,138.0,0.0036468505859375,18.065013552373323,0.00023304918411071185,8.0,0.5088736211936147
0.0,FW_exact,exact,139.0,0.0036721229553222656,18.065013548904407,0.00029194352200434537,8.0,0.5088736210958987
0.0,FW_exact,exact,140.0,0.003698110580444336,18.06501354499185,0.0002258674184734133,8.0,0.5088736209856859
0.0,FW_exact,exact,141.0,0.0037238597869873047,18.065013540516432,0.0002913312371184418,8.0,0.5088736208596178
0.0,FW_exact,exact,142.0,0.0037491321563720703,18.06501353822157,0.0002097814364443451,8.0,0.5088736207949738
0.0,FW_exact,exact,143.0,0.003773212432861328,18.06501353459414,0.0002174814410675907,8.0,0.5088736206927926
0.0,FW_exact,exact,144.0,0.003798961639404297,18.06501353207559,0.00024875755184794457,8.0,0.5088736206218476
0.0,FW_exact,exact,145.0,0.003823995590209961,18.065013527000435,0.00031023824231724006,8.0,0.5088736204788855
0.0,FW_exact,exact,146.0,0.0038499832153320312,18.065013523995624,0.0001979385905723774,8.0,0.5088736203942429
0.0,FW_exact,exact,147.0,0.0038750171661376953,18.065013520954107,0.00024150949578860548,8.0,0.5088736203085664
0.0,FW_exact,exact,148.0,0.003901243209838867,18.065013519197105,0.00020777130622207096,8.0,0.5088736202590733
0.0,FW_exact,exact,149.0,0.003926992416381836,18.06501351490224,0.00028539402511462697,8.0,0.5088736201380912
0.0,FW_exact,exact,150.0,0.0039501190185546875,18.06501351024852,0.0002463344036609527,8.0,0.5088736200070005
0.0,FW_exact,exact,151.0,0.003974199295043945,18.06501350821659,0.00019629982628543985,8.0,0.5088736199497631
0.0,FW_exact,exact,152.0,0.003998994827270508,18.06501350478941,0.0002901819505378711,8.0,0.5088736198532228
0.0,FW_exact,exact,153.0,0.004024028778076172,18.065013502315953,0.00021779119036935413,8.0,0.508873619783548
0.0,FW_exact,exact,154.0,0.004050016403198242,18.06501349924081,0.00020024166046361813,8.0,0.5088736196969242
0.0,FW_exact,exact,155.0,0.0040738582611083984,18.065013494045072,0.00031390270012288113,8.0,0.5088736195505654
0.0,FW_exact,exact,156.0,0.00410008430480957,18.065013492269877,0.00020884375468455119,8.0,0.5088736195005599
0.0,FW_exact,exact,157.0,0.004124164581298828,18.065013489339893,0.00019545836206802392,8.0,0.5088736194180251
0.0,FW_exact,exact,158.0,0.004148960113525391,18.065013486417616,0.0002354117248568599,8.0,0.5088736193357075
0.0,FW_exact,exact,159.0,0.004173994064331055,18.06501348231904,0.0002803550963115242,8.0,0.5088736192202546
0.0,FW_exact,exact,160.0,0.004199028015136719,18.06501348094906,0.00020633081474308312,8.0,0.5088736191816636
0.0,FW_exact,exact,161.0,0.004223823547363281,18.06501347756195,0.00021015357554610148,8.0,0.5088736190862522
0.0,FW_exact,exact,162.0,0.004249095916748047,18.06501347373516,0.0002693935959126037,8.0,0.5088736189784552
0.0,FW_exact,exact,163.0,0.004274129867553711,18.06501347054577,0.0002799331770635405,8.0,0.5088736188886133
0.0,FW_exact,exact,164.0,0.00429987907409668,18.065013468086697,0.00017906345125595635,8.0,0.5088736188193436
0.0,FW_exact,exact,165.0,0.0043239593505859375,18.065013464805304,0.0002494576945313298,8.0,0.50887361872691
0.0,FW_exact,exact,166.0,0.004348039627075195,18.065013460950354,0.00027189467663646383,8.0,0.5088736186183198
0.0,FW_exact,exact,167.0,0.004374027252197266,18.06501345751416,0.00021167113848719055,8.0,0.5088736185215256
0.0,FW_exact,exact,168.0,0.00439906120300293,18.065013454887453,0.0002231891320292334,8.0,0.5088736184475339
0.0,FW_exact,exact,169.0,0.004423856735229492,18.065013450443498,0.00033043650065600616,8.0,0.508873618322352
0.0,FW_exact,exact,170.0,0.00444793701171875,18.065013448494202,0.00015942524375489597,8.0,0.5088736182674423
0.0,FW_exact,exact,171.0,0.004474163055419922,18.06501344511716,0.00025306786043799434,8.0,0.5088736181723144
0.0,FW_exact,exact,172.0,0.004498004913330078,18.065013441578515,0.00026050077811312633,8.0,0.5088736180726342
0.0,FW_exact,exact,173.0,0.004524946212768555,18.065013438180014,0.00021050684554779764,8.0,0.5088736179769018
0.0,FW_exact,exact,174.0,0.004549980163574219,18.065013435628348,0.000219977617906153,8.0,0.5088736179050238
0.0,FW_exact,exact,175.0,0.004575014114379883,18.06501343131257,0.00032563611227409694,8.0,0.5088736177834526
0.0,FW_exact,exact,176.0,0.004599094390869141,18.065013429419086,0.0001571264646624826,8.0,0.5088736177301151
0.0,FW_exact,exact,177.0,0.004624128341674805,18.06501342613908,0.0002494056001349776,8.0,0.5088736176377205
0.0,FW_exact,exact,178.0,0.004648923873901367,18.065013422681265,0.000257508314460253,8.0,0.5088736175403173
0.0,FW_exact,exact,179.0,0.0046749114990234375,18.065013419373575,0.0002076752882320676,8.0,0.508873617447143
0.0,FW_exact,exact,180.0,0.004698991775512695,18.06501341671866,0.00024892745893367874,8.0,0.5088736173723566
0.0,FW_exact,exact,181.0,0.004724025726318359,18.065013415280106,0.0001880017237745335,8.0,0.508873617331834
0.0,FW_exact,exact,182.0,0.0047490596771240234,18.06501341256764,0.00022680329636948215,8.0,0.5088736172554265
0.0,FW_exact,exact,183.0,0.0047740936279296875,18.06501340858301,0.00022793849667301913,8.0,0.5088736171431834
0.0,FW_exact,exact,184.0,0.004797935485839844,18.065013405998354,0.00022263363644903222,8.0,0.5088736170703761
0.0,FW_exact,exact,185.0,0.004822969436645508,18.06501340329853,0.00022627412642250988,8.0,0.5088736169943248
0.0,FW_exact,exact,186.0,0.00484919548034668,18.06501340002211,0.00028372702279710893,8.0,0.5088736169020313
0.0,FW_exact,exact,187.0,0.004873991012573242,18.065013396401614,0.0002172737998691332,8.0,0.5088736168000455
0.0,FW_exact,exact,188.0,0.0048999786376953125,18.065013392227574,0.0002813506958077028,8.0,0.5088736166824669
0.0,FW_exact,exact,189.0,0.0049250125885009766,18.065013390087838,0.00020256661107254104,8.0,0.5088736166221927
0.0,FW_exact,exact,190.0,0.004950046539306641,18.06501338670491,0.00021002408987769172,8.0,0.5088736165268989
0.0,FW_exact,exact,191.0,0.004976034164428711,18.06501338472009,0.00024682925406516176,8.0,0.5088736164709884
0.0,FW_exact,exact,192.0,0.0050008296966552734,18.065013382649962,0.00019813620399133924,8.0,0.508873616412675
0.0,FW_exact,exact,193.0,0.005027055740356445,18.065013380440078,0.00023301543170894945,8.0,0.5088736163504247
0.0,FW_exact,exact,194.0,0.005052089691162109,18.065013377820737,0.0001848063395009092,8.0,0.5088736162766405
0.0,FW_exact,exact,195.0,0.005076885223388672,18.065013374738825,0.0002431082425555786,8.0,0.5088736161898261
0.0,FW_exact,exact,196.0,0.005103111267089844,18.065013370459518,0.00028487648178199265,8.0,0.5088736160692822
0.0,FW_exact,exact,197.0,0.0051288604736328125,18.06501336664095,0.00022313811814989037,8.0,0.5088736159617169
0.0,FW_exact,exact,198.0,0.0051538944244384766,18.065013364300373,0.00023980685208613295,8.0,0.5088736158957852
0.0,FW_exact,exact,199.0,0.005177021026611328,18.06501336047695,0.00026927446513624886,8.0,0.5088736157880831
0.0,FW_exact,exact,200.0,0.005201101303100586,18.065013358120186,0.0002125919750071148,8.0,0.5088736157216954
0.0,FW_exact,exact,201.0,0.005226850509643555,18.065013353952068,0.00023312765671335,8.0,0.5088736156042836
0.0,FW_exact,exact,202.0,0.0052509307861328125,18.065013351201316,0.00022839856216450016,8.0,0.5088736155267977
0.0,FW_exact,exact,203.0,0.005276918411254883,18.06501334738194,0.00030633617769382226,8.0,0.5088736154192095
0.0,FW_exact,exact,204.0,0.005301952362060547,18.065013345429076,0.0001595713793740572,8.0,0.5088736153641993
0.0,FW_exact,exact,205.0,0.005326032638549805,18.06501334228986,0.0002439941777900856,8.0,0.5088736152757707
0.0,FW_exact,exact,206.0,0.005351066589355469,18.06501333855846,0.00026750169474176744,8.0,0.5088736151706609
0.0,FW_exact,exact,207.0,0.005375862121582031,18.06501333525741,0.0002074665556381916,8.0,0.5088736150776736
0.0,FW_exact,exact,208.0,0.005398988723754883,18.065013332729343,0.00021895834505869516,8.0,0.5088736150064603
0.0,FW_exact,exact,209.0,0.005424976348876953,18.065013328551217,0.00032040084501083754,8.0,0.5088736148887667
0.0,FW_exact,exact,210.0,0.005450010299682617,18.06501332668526,0.00015597982735826577,8.0,0.5088736148362045
0.0,FW_exact,exact,211.0,0.005486011505126953,18.06501332348134,0.0002464955551246817,8.0,0.5088736147459533
0.0,FW_exact,exact,212.0,0.005511045455932617,18.065013320095847,0.00025480142404177286,8.0,0.5088736146505872
0.0,FW_exact,exact,213.0,0.00553584098815918,18.065013318184334,0.0002437227273528464,8.0,0.5088736145967419
0.0,FW_exact,exact,214.0,0.0055620670318603516,18.065013314806215,0.00020987491989110652,8.0,0.5088736145015835
0.0,FW_exact,exact,215.0,0.005586147308349609,18.065013310895424,0.0002723339234638189,8.0,0.5088736143914204
0.0,FW_exact,exact,216.0,0.005610942840576172,18.065013308049465,0.00026443233755912843,8.0,0.5088736143112526
0.0,FW_exact,exact,217.0,0.005637168884277344,18.06501330559398,0.00017893249762934715,8.0,0.5088736142420839
0.0,FW_exact,exact,218.0,0.005661964416503906,18.06501330246894,0.00024344223981920265,8.0,0.5088736141540546
0.0,FW_exact,exact,219.0,0.00568699836730957,18.06501329866709,0.0002700154863770621,8.0,0.5088736140469603
0.0,FW_exact,exact,220.0,0.005712985992431641,18.065013295353594,0.00020785739792472668,8.0,0.5088736139536224
0.0,FW_exact,exact,221.0,0.005738019943237305,18.06501329280666,0.0002197736273288342,8.0,0.5088736138818778
0.0,FW_exact,exact,222.0,0.005763053894042969,18.065013288511846,0.00032484430114188,8.0,0.508873613760897
0.0,FW_exact,exact,223.0,0.0057888031005859375,18.0650132866232,0.0001569257251397005,8.0,0.5088736137076957
0.0,FW_exact,exact,224.0,0.005812883377075195,18.06501328335532,0.00024894368275951706,8.0,0.5088736136156429
0.0,FW_exact,exact,225.0,0.005839109420776367,18.065013279932952,0.00025618521155479357,8.0,0.5088736135192381
0.0,FW_exact,exact,226.0,0.00586390495300293,18.065013276644915,0.0002070573374890472,8.0,0.5088736134266173
0.0,FW_exact,exact,227.0,0.005889892578125,18.0650132741764,0.0002163639721199928,8.0,0.5088736133570817
0.0,FW_exact,exact,228.0,0.005915164947509766,18.065013270000133,0.0003203292791180701,8.0,0.5088736132394404
0.0,FW_exact,exact,229.0,0.005940914154052734,18.065013268168226,0.0001545504453854818,8.0,0.5088736131878373
0.0,FW_exact,exact,230.0,0.005964994430541992,18.065013264994555,0.0002453292684165831,8.0,0.5088736130984381
0.0,FW_exact,exact,231.0,0.005991220474243164,18.06501326164908,0.0002532905295726806,8.0,0.5088736130041995
0.0,FW_exact,exact,232.0,0.0060160160064697266,18.06501325844869,0.00020427894558139315,8.0,0.5088736129140476
0.0,FW_exact,exact,233.0,0.006043195724487305,18.06501325623775,0.00022716203148043235,8.0,0.5088736128517677
0.0,FW_exact,exact,234.0,0.006066799163818359,18.065013254818002,0.00018676814966411825,8.0,0.5088736128117747
0.0,FW_exact,exact,235.0,0.006093025207519531,18.065013252071928,0.00022820423593294947,8.0,0.5088736127344206
0.0,FW_exact,exact,236.0,0.006117105484008789,18.065013248314273,0.00022135127458966508,8.0,0.5088736126285711
0.0,FW_exact,exact,237.0,0.006142854690551758,18.065013245802056,0.0002194911511743669,8.0,0.5088736125578044
0.0,FW_exact,exact,238.0,0.006166934967041016,18.065013243240703,0.0002203956189603673,8.0,0.5088736124856535
0.0,FW_exact,exact,239.0,0.0061931610107421875,18.065013240050774,0.0002799566703348688,8.0,0.5088736123957964
0.0,FW_exact,exact,240.0,0.006217002868652344,18.065013236579038,0.00021276297800376653,8.0,0.5088736122980011
0.0,FW_exact,exact,241.0,0.006242990493774414,18.065013232552968,0.0002763187058949512,8.0,0.5088736121845906
0.0,FW_exact,exact,242.0,0.006268024444580078,18.065013230500917,0.00019837268472322478,8.0,0.5088736121267864
0.0,FW_exact,exact,243.0,0.0062940120697021484,18.065013227242876,0.0002061107680830787,8.0,0.5088736120350106
0.0,FW_exact,exact,244.0,0.0063228607177734375,18.065013224984355,0.0002355655150036995,8.0,0.5088736119713902
0.0,FW_exact,exact,245.0,0.006346940994262695,18.065013220430888,0.00029386051937763114,8.0,0.5088736118431236
0.0,FW_exact,exact,246.0,0.006373167037963867,18.06501321912194,0.0002016831340156955,8.0,0.5088736118062519
0.0,FW_exact,exact,247.0,0.006398916244506836,18.065013216317,0.0001912418911071967,8.0,0.5088736117272394
0.0,FW_exact,exact,248.0,0.006425142288208008,18.06501321361001,0.00022784126805674987,8.0,0.5088736116509861
0.0,FW_exact,exact,249.0,0.0064890384674072266,18.0650132105023,0.00024276615295093507,8.0,0.5088736115634451
0.0,FW_exact,exact,250.0,0.006515979766845703,18.0650132079768,0.00024910006755618497,8.0,0.5088736114923043
0.0,FW_exact,exact,251.0,0.006541013717651367,18.06501320413368,0.0002238542058687898,8.0,0.5088736113840474
0.0,FW_exact,exact,252.0,0.006566047668457031,18.065013200192524,0.0002733892676403116,8.0,0.5088736112730289
0.0,FW_exact,exact,253.0,0.006617069244384766,18.065013197989092,0.0002055599471226799,8.0,0.5088736112109603
0.0,FW_exact,exact,254.0,0.006741046905517578,18.065013194719103,0.0002064880850891626,8.0,0.508873611118848
0.0,FW_exact,exact,255.0,0.006933927536010742,18.065013192434535,0.00023692027150090667,8.0,0.5088736110544939
0.0,FW_exact,exact,256.0,0.0071849822998046875,18.06501318781083,0.0002961185088885543,8.0,0.5088736109242488
0.0,FW_exact,exact,257.0,0.007294893264770508,18.06501318507494,0.00018887313213156176,8.0,0.5088736108471814
0.0,FW_exact,exact,258.0,0.007328033447265625,18.06501318231565,0.00023003186065118086,8.0,0.5088736107694549
0.0,FW_exact,exact,259.0,0.007360935211181641,18.065013180715503,0.00019827971303065794,8.0,0.5088736107243804
0.0,FW_exact,exact,260.0,0.007421016693115234,18.06501317680711,0.00027225045873002784,8.0,0.5088736106142848
0.0,FW_exact,exact,261.0,0.00745701789855957,18.065013172575313,0.0002349019224503479,8.0,0.5088736104950792
0.0,FW_exact,exact,262.0,0.007482051849365234,18.065013170727592,0.00018719049507431862,8.0,0.5088736104430308
0.0,FW_exact,exact,263.0,0.007508993148803711,18.065013167609944,0.00027676726421077547,8.0,0.5088736103552097
0.0,FW_exact,exact,264.0,0.007534980773925781,18.065013165360067,0.0002077149214869678,8.0,0.5088736102918329
0.0,FW_exact,exact,265.0,0.007595062255859375,18.065013162563243,0.00019096482951219684,8.0,0.5088736102130491
0.0,FW_exact,exact,266.0,0.0076258182525634766,18.065013157837264,0.0002993757036531264,8.0,0.5088736100799229
0.0,FW_exact,exact,267.0,0.0076541900634765625,18.06501315622258,0.00019917835436444875,8.0,0.5088736100344389
0.0,FW_exact,exact,268.0,0.007682085037231445,18.065013153557473,0.00018641400410324138,8.0,0.5088736099593655
0.0,FW_exact,exact,269.0,0.007708072662353516,18.065013150899375,0.00022451899010178522,8.0,0.5088736098844895
0.0,FW_exact,exact,270.0,0.007735013961791992,18.065013147171367,0.00026738016143390553,8.0,0.5088736097794752
0.0,FW_exact,exact,271.0,0.00776219367980957,18.065013144202112,0.00019676364608933739,8.0,0.5088736096958342
0.0,FW_exact,exact,272.0,0.007835149765014648,18.065013142235312,0.00024570656702671556,8.0,0.5088736096404313
0.0,FW_exact,exact,273.0,0.007863044738769531,18.065013140113244,0.00020060666888532808,8.0,0.5088736095806548
0.0,FW_exact,exact,274.0,0.007889032363891602,18.06501313847439,0.00020066339058111282,8.0,0.5088736095344899
0.0,FW_exact,exact,275.0,0.007913827896118164,18.065013135925714,0.00018229660666513325,8.0,0.5088736094626961
0.0,FW_exact,exact,276.0,0.007940053939819336,18.06501313302757,0.00023574872729881236,8.0,0.5088736093810583
0.0,FW_exact,exact,277.0,0.007965803146362305,18.06501312921012,0.0002690642905296414,8.0,0.5088736092735244
0.0,FW_exact,exact,278.0,0.007992029190063477,18.06501312574872,0.00021244600489467302,8.0,0.5088736091760203
0.0,FW_exact,exact,279.0,0.00801706314086914,18.06501312361774,0.00022881704901855926,8.0,0.5088736091159927
0.0,FW_exact,exact,280.0,0.008041858673095703,18.065013120146745,0.0002565640992422402,8.0,0.5088736090182182
0.0,FW_exact,exact,281.0,0.008082866668701172,18.065013118018356,0.00020202865970730954,8.0,0.5088736089582636
0.0,FW_exact,exact,282.0,0.008128881454467773,18.065013114238088,0.00022201626770446126,8.0,0.5088736088517771
0.0,FW_exact,exact,283.0,0.00815892219543457,18.065013111745245,0.00021742754314324486,8.0,0.5088736087815562
0.0,FW_exact,exact,284.0,0.008185148239135742,18.065013108281278,0.000291734773135488,8.0,0.5088736086839797
0.0,FW_exact,exact,285.0,0.008267879486083984,18.0650131065112,0.00015192024220844758,8.0,0.5088736086341182
0.0,FW_exact,exact,286.0,0.008376121520996094,18.065013103664946,0.00023232941083861647,8.0,0.5088736085539421
0.0,FW_exact,exact,287.0,0.008423805236816406,18.065013100281824,0.0002547117558791001,8.0,0.5088736084586429
0.0,FW_exact,exact,288.0,0.008453130722045898,18.065013098667634,0.00022396814927816422,8.0,0.5088736084131728
0.0,FW_exact,exact,289.0,0.008482933044433594,18.065013095546863,0.00020172173242727354,8.0,0.5088736083252637
0.0,FW_exact,exact,290.0,0.008509159088134766,18.06501309194261,0.0002614427667850805,8.0,0.5088736082237355
0.0,FW_exact,exact,291.0,0.008538961410522461,18.065013089271883,0.000256162605182908,8.0,0.5088736081485037
0.0,FW_exact,exact,292.0,0.008568048477172852,18.065013087001997,0.0001720366900208603,8.0,0.5088736080845633
0.0,FW_exact,exact,293.0,0.008594036102294922,18.065013084095046,0.00023479383881408467,8.0,0.5088736080026773
0.0,FW_exact,exact,294.0,0.00868082046508789,18.065013080573795,0.0002598596448777357,8.0,0.5088736079034872
0.0,FW_exact,exact,295.0,0.008713006973266602,18.065013077496285,0.0002003187422836561,8.0,0.5088736078167968
0.0,FW_exact,exact,296.0,0.008741140365600586,18.065013075287442,0.00022705443153725469,8.0,0.5088736077545758
0.0,FW_exact,exact,297.0,0.008765935897827148,18.06501307389776,0.00018478026989043883,8.0,0.5088736077154299
0.0,FW_exact,exact,298.0,0.008790969848632812,18.06501307121319,0.0002256341574362608,8.0,0.5088736076398082
0.0,FW_exact,exact,299.0,0.008812904357910156,18.065013067511913,0.00021968414166551042,8.0,0.5088736075355469
0.0,FW_exact,exact,300.0,0.008836984634399414,18.065013065065205,0.00021661044846510435,8.0,0.5088736074666255
0.0,FW_exact,exact,301.0,0.008861780166625977,18.065013062547948,0.00021848982107641746,8.0,0.5088736073957169
0.0,FW_exact,exact,302.0,0.008888006210327148,18.06501305941958,0.0002772425907586751,8.0,0.5088736073075938
0.0,FW_exact,exact,303.0,0.00891423225402832,18.065013056017445,0.00021061945089861922,8.0,0.508873607211759
0.0,FW_exact,exact,304.0,0.008937835693359375,18.065013052070913,0.0002735757431047148,8.0,0.5088736071005892
0.0,FW_exact,exact,305.0,0.008961915969848633,18.065013050058425,0.00019645090888253947,8.0,0.5088736070438993
0.0,FW_exact,exact,306.0,0.008988142013549805,18.065013046864323,0.00020407806084854485,8.0,0.5088736069539246
0.0,FW_exact,exact,307.0,0.009019136428833008,18.06501304465044,0.00023322617071031004,8.0,0.5088736068915617
0.0,FW_exact,exact,308.0,0.009046077728271484,18.065013040186304,0.00029096349777901764,8.0,0.5088736067658114
0.0,FW_exact,exact,309.0,0.00907588005065918,18.065013037543455,0.0001856338979528971,8.0,0.5088736066913649
0.0,FW_exact,exact,310.0,0.009099006652832031,18.06501303486716,0.00022654584443770887,8.0,0.5088736066159764
0.0,FW_exact,exact,311.0,0.009124994277954102,18.06501303332164,0.00019486588756478795,8.0,0.5088736065724406
0.0,FW_exact,exact,312.0,0.009158134460449219,18.06501302954368,0.0002676687896379093,8.0,0.5088736064660192
0.0,FW_exact,exact,313.0,0.009183883666992188,18.065013025449637,0.00023104686283303977,8.0,0.508873606350694
0.0,FW_exact,exact,314.0,0.00921010971069336,18.065013023662065,0.00018411878039437113,8.0,0.5088736063003398
0.0,FW_exact,exact,315.0,0.009234905242919922,18.065013020647122,0.0002721698138685724,8.0,0.5088736062154119
0.0,FW_exact,exact,316.0,0.009266138076782227,18.065013018471152,0.00020427513182497137,8.0,0.5088736061541169
0.0,FW_exact,exact,317.0,0.009288787841796875,18.06501301576577,0.00018781670221201807,8.0,0.5088736060779091
0.0,FW_exact,exact,318.0,0.009311914443969727,18.065013011194814,0.00029442457534401,8.0,0.5088736059491497
0.0,FW_exact,exact,319.0,0.009338140487670898,18.065013009876026,0.0002024399416633571,8.0,0.5088736059120007
0.0,FW_exact,exact,320.0,0.009362936019897461,18.06501300778583,0.0001650869871347993,8.0,0.5088736058531219
0.0,FW_exact,exact,321.0,0.009387016296386719,18.06501300569254,0.00020035590089939603,8.0,0.508873605794156
0.0,FW_exact,exact,322.0,0.009412050247192383,18.065013003219,0.00021658394136991888,8.0,0.5088736057244789
0.0,FW_exact,exact,323.0,0.009436845779418945,18.0650130000367,0.0002796223435552747,8.0,0.5088736056348366
0.0,FW_exact,exact,324.0,0.009463071823120117,18.06501299680236,0.00020535988426928498,8.0,0.5088736055437284
0.0,FW_exact,exact,325.0,0.009487152099609375,18.065012992949978,0.00027029239783971093,8.0,0.5088736054352107
0.0,FW_exact,exact,326.0,0.009510993957519531,18.065012991000273,0.00019336238284495266,8.0,0.5088736053802894
0.0,FW_exact,exact,327.0,0.009534835815429688,18.0650129878886,0.0002014275490314077,8.0,0.5088736052926366
0.0,FW_exact,exact,328.0,0.009560108184814453,18.065012985739866,0.00022976859492729318,8.0,0.5088736052321089
0.0,FW_exact,exact,329.0,0.009586811065673828,18.065012981399132,0.000286913912361797,8.0,0.5088736051098347
0.0,FW_exact,exact,330.0,0.009612083435058594,18.06501297882999,0.00018302683169579836,8.0,0.5088736050374645
0.0,FW_exact,exact,331.0,0.00963592529296875,18.065012976226285,0.0002234523410873379,8.0,0.5088736049641207
0.0,FW_exact,exact,332.0,0.009661197662353516,18.0650129747235,0.0001921524351509163,8.0,0.5088736049217888
0.0,FW_exact,exact,333.0,0.009685993194580078,18.065012971050166,0.00026393660287915566,8.0,0.5088736048183146
0.0,FW_exact,exact,334.0,0.009711980819702148,18.065012967068835,0.00022784414038667933,8.0,0.5088736047061644
0.0,FW_exact,exact,335.0,0.009735822677612305,18.06501296533047,0.00018156684800807454,8.0,0.5088736046571963
0.0,FW_exact,exact,336.0,0.009758949279785156,18.065012962398757,0.00026838697508502207,8.0,0.5088736045746128
0.0,FW_exact,exact,337.0,0.00978398323059082,18.065012960282775,0.00020143890963275624,8.0,0.5088736045150077
0.0,FW_exact,exact,338.0,0.009808063507080078,18.06501295765194,0.00018521133499760367,8.0,0.5088736044408998
0.0,FW_exact,exact,339.0,0.009833812713623047,18.065012953207003,0.00029033754606189177,8.0,0.5088736043156902
0.0,FW_exact,exact,340.0,0.009857892990112305,18.065012951688292,0.00019316832061910816,8.0,0.5088736042729096
0.0,FW_exact,exact,341.0,0.009881973266601562,18.065012949181636,0.0001807872648029729,8.0,0.5088736042022995
0.0,FW_exact,exact,342.0,0.00990605354309082,18.06501294668155,0.0002177434490686636,8.0,0.5088736041318747
0.0,FW_exact,exact,343.0,0.009930849075317383,18.065012943175038,0.0002593154685239796,8.0,0.5088736040330997
0.0,FW_exact,exact,344.0,0.009956121444702148,18.065012940382232,0.0001908276327835523,8.0,0.508873603954429
0.0,FW_exact,exact,345.0,0.009980201721191406,18.065012937997203,0.000235935985854141,8.0,0.5088736038872451
0.0,FW_exact,exact,346.0,0.010003805160522461,18.0650129367472,0.00017524784868605536,8.0,0.5088736038520337
0.0,FW_exact,exact,347.0,0.010029077529907227,18.0650129343747,0.00021211443455548817,8.0,0.5088736037852029
0.0,FW_exact,exact,348.0,0.010053157806396484,18.065012930857534,0.00021415055043760844,8.0,0.5088736036861278
0.0,FW_exact,exact,349.0,0.010077953338623047,18.06501292862063,0.00020711476950729946,8.0,0.5088736036231163
0.0,FW_exact,exact,350.0,0.010102987289428711,18.065012926246723,0.00021217732532541334,8.0,0.5088736035562457
0.0,FW_exact,exact,351.0,0.010126113891601562,18.065012923371707,0.0002657791691174083,8.0,0.5088736034752593
0.0,FW_exact,exact,352.0,0.010151863098144531,18.065012920203344,0.00020325429319356658,8.0,0.5088736033860097
0.0,FW_exact,exact,353.0,0.010178089141845703,18.06501291654671,0.0002633357189871788,8.0,0.5088736032830059
0.0,FW_exact,exact,354.0,0.010204076766967773,18.06501291467127,0.00018964360179829498,8.0,0.5088736032301766
0.0,FW_exact,exact,355.0,0.010228872299194336,18.065012911707242,0.00019659082727940813,8.0,0.5088736031466828
0.0,FW_exact,exact,356.0,0.01025390625,18.065012909996305,0.00022916742685019642,8.0,0.5088736030984875
0.0,FW_exact,exact,357.0,0.010277986526489258,18.065012908180893,0.0001855465644915455,8.0,0.5088736030473491
0.0,FW_exact,exact,358.0,0.010301828384399414,18.065012906230276,0.0002189197160511469,8.0,0.5088736029924021
0.0,FW_exact,exact,359.0,0.01032710075378418,18.0650129039417,0.00017274372079612021,8.0,0.5088736029279352
0.0,FW_exact,exact,360.0,0.010350942611694336,18.0650129012485,0.00022726014696772268,8.0,0.5088736028520705
0.0,FW_exact,exact,361.0,0.010376930236816406,18.06501289749748,0.00026671304190273304,8.0,0.5088736027464078
0.0,FW_exact,exact,362.0,0.010401010513305664,18.06501289415332,0.0002088168398195478,8.0,0.5088736026522062
0.0,FW_exact,exact,363.0,0.010423898696899414,18.065012892103407,0.00022442271131239977,8.0,0.5088736025944621
0.0,FW_exact,exact,364.0,0.01044917106628418,18.065012888754893,0.00025199656818308824,8.0,0.5088736025001378
0.0,FW_exact,exact,365.0,0.010473966598510742,18.065012886690344,0.0001989760697842513,8.0,0.5088736024419815
0.0,FW_exact,exact,366.0,0.010499954223632812,18.065012883039635,0.00021817827137837753,8.0,0.5088736023391447
0.0,FW_exact,exact,367.0,0.01052403450012207,18.06501288063024,0.0002137574689466959,8.0,0.5088736022712743
0.0,FW_exact,exact,368.0,0.01054692268371582,18.065012877284946,0.00028669362686883915,8.0,0.5088736021770407
0.0,FW_exact,exact,369.0,0.010571956634521484,18.065012875574407,0.0001493431091379449,8.0,0.5088736021288566
0.0,FW_exact,exact,370.0,0.010596036911010742,18.06501287282474,0.0002283534311313673,8.0,0.5088736020514012
0.0,FW_exact,exact,371.0,0.010621786117553711,18.065012869556348,0.0002503555667097146,8.0,0.5088736019593337
0.0,FW_exact,exact,372.0,0.010645866394042969,18.065012868258354,0.0002008372487711796,8.0,0.5088736019227705
0.0,FW_exact,exact,373.0,0.010669946670532227,18.06501286525436,0.00019791154729276172,8.0,0.508873601838151
0.0,FW_exact,exact,374.0,0.010694026947021484,18.06501286189488,0.00025240878506593845,8.0,0.5088736017435177
0.0,FW_exact,exact,375.0,0.010718822479248047,18.065012859227505,0.0002560015051784603,8.0,0.5088736016683804
0.0,FW_exact,exact,376.0,0.010745048522949219,18.065012857086806,0.0001670694006872253,8.0,0.508873601608079
0.0,FW_exact,exact,377.0,0.01076817512512207,18.065012854278535,0.0002307742776945787,8.0,0.5088736015289729
0.0,FW_exact,exact,378.0,0.010791778564453125,18.06501285091609,0.0002539324076042959,8.0,0.5088736014342561
0.0,FW_exact,exact,379.0,0.01081705093383789,18.06501284795533,0.00019648204664868274,8.0,0.5088736013508544
0.0,FW_exact,exact,380.0,0.010841131210327148,18.06501284568524,0.00020748580869778266,8.0,0.5088736012869082
0.0,FW_exact,exact,381.0,0.010866880416870117,18.065012841855324,0.0003067582858307105,8.0,0.5088736011790232
0.0,FW_exact,exact,382.0,0.010890960693359375,18.06501284017174,0.00014816163152175932,8.0,0.5088736011315983
0.0,FW_exact,exact,383.0,0.010915040969848633,18.065012837258116,0.00023506330895273209,8.0,0.5088736010495244
0.0,FW_exact,exact,384.0,0.010940074920654297,18.065012834204765,0.0002419792561152434,8.0,0.5088736009635145
0.0,FW_exact,exact,385.0,0.010963916778564453,18.06501283127247,0.00019553539488370575,8.0,0.5088736008809146
0.0,FW_exact,exact,386.0,0.010989904403686523,18.065012829070785,0.00020433553713594677,8.0,0.5088736008188953
0.0,FW_exact,exact,387.0,0.011013984680175781,18.065012825346585,0.00030249505855373116,8.0,0.5088736007139883
0.0,FW_exact,exact,388.0,0.011037826538085938,18.065012823712742,0.00014595671049555392,8.0,0.5088736006679646
0.0,FW_exact,exact,389.0,0.011063098907470703,18.065012820882366,0.00023168061873768409,8.0,0.5088736005882356
0.0,FW_exact,exact,390.0,0.01108694076538086,18.065012817898648,0.0002392038989800227,8.0,0.5088736005041873
0.0,FW_exact,exact,391.0,0.01111292839050293,18.065012815044366,0.00019291681999611399,8.0,0.5088736004237849
0.0,FW_exact,exact,392.0,0.011137008666992188,18.065012812899266,0.00020169268865188883,8.0,0.5088736003633596
0.0,FW_exact,exact,393.0,0.011161088943481445,18.065012809276368,0.0002983524793407355,8.0,0.5088736002613061
0.0,FW_exact,exact,394.0,0.01118612289428711,18.06501280768508,0.0001440433336075131,8.0,0.5088736002164811
0.0,FW_exact,exact,395.0,0.011209964752197266,18.065012804930042,0.00022857624238703522,8.0,0.5088736001388744
0.0,FW_exact,exact,396.0,0.011235952377319336,18.06501280202491,0.00023603282162021344,8.0,0.5088736000570397
0.0,FW_exact,exact,397.0,0.011261940002441406,18.06501280081708,0.00019373607185002584,8.0,0.5088736000230163
0.0,FW_exact,exact,398.0,0.01128697395324707,18.065012797932088,0.00019395155188028923,8.0,0.508873599941749
0.0,FW_exact,exact,399.0,0.011311054229736328,18.065012794771867,0.0002448091550686371,8.0,0.5088735998527286
0.0,FW_exact,exact,400.0,0.011349916458129883,18.065012792185975,0.00025206023686585866,8.0,0.5088735997798867
0.0,FW_exact,exact,401.0,0.011376142501831055,18.065012790161703,0.00016246312521062123,8.0,0.5088735997228648
0.0,FW_exact,exact,402.0,0.011399984359741211,18.065012787477926,0.0002256008409773358,8.0,0.5088735996472655
0.0,FW_exact,exact,403.0,0.011425971984863281,18.065012784276,0.00024779671403862835,8.0,0.5088735995570705
0.0,FW_exact,exact,404.0,0.011450052261352539,18.06501278145008,0.00019195571774233144,8.0,0.508873599477467
0.0,FW_exact,exact,405.0,0.01147317886352539,18.065012779535426,0.00021139341498432884,8.0,0.5088735994235332
0.0,FW_exact,exact,406.0,0.01149892807006836,18.065012778253934,0.00017744252813756134,8.0,0.5088735993874347
0.0,FW_exact,exact,407.0,0.011528968811035156,18.065012775755832,0.0002176562777869151,8.0,0.5088735993170657
0.0,FW_exact,exact,408.0,0.011551856994628906,18.065012772396305,0.00020929640597522337,8.0,0.5088735992224311
0.0,FW_exact,exact,409.0,0.011578083038330078,18.065012770149462,0.00020757446278274472,8.0,0.5088735991591398
0.0,FW_exact,exact,410.0,0.011602163314819336,18.065012767859287,0.00020840168207847398,8.0,0.5088735990946278
0.0,FW_exact,exact,411.0,0.011626005172729492,18.065012764987117,0.0002656476996385493,8.0,0.5088735990137216
0.0,FW_exact,exact,412.0,0.011651039123535156,18.06501276187945,0.00020129777852417874,8.0,0.5088735989261818
0.0,FW_exact,exact,413.0,0.01167607307434082,18.06501275826737,0.0002617265973103855,8.0,0.508873598824433
0.0,FW_exact,exact,414.0,0.011699914932250977,18.06501275642914,0.00018775321861497218,8.0,0.5088735987726518
0.0,FW_exact,exact,415.0,0.01172494888305664,18.065012753507254,0.0001951879182104932,8.0,0.5088735986903452
0.0,FW_exact,exact,416.0,0.011751174926757812,18.065012751482094,0.00022306379209879879,8.0,0.5088735986332984
0.0,FW_exact,exact,417.0,0.011775970458984375,18.06501274739923,0.0002782608449489743,8.0,0.5088735985182882
0.0,FW_exact,exact,418.0,0.011800050735473633,18.065012744982006,0.00017753284911670164,8.0,0.5088735984501973
0.0,FW_exact,exact,419.0,0.011822938919067383,18.06501274253402,0.0002166673171402067,8.0,0.50887359838124
0.0,FW_exact,exact,420.0,0.011847972869873047,18.06501274112045,0.00018636147654760293,8.0,0.5088735983414212
0.0,FW_exact,exact,421.0,0.011873960494995117,18.06501273766496,0.0002559904781982425,8.0,0.5088735982440834
0.0,FW_exact,exact,422.0,0.011898994445800781,18.065012733920273,0.00022096887775724383,8.0,0.5088735981385992
0.0,FW_exact,exact,423.0,0.011924028396606445,18.065012732285215,0.00017608859200990423,8.0,0.5088735980925413
0.0,FW_exact,exact,424.0,0.011947870254516602,18.065012729527545,0.00026029875987809703,8.0,0.5088735980148604
0.0,FW_exact,exact,425.0,0.011973142623901367,18.065012727537216,0.00019536632470718018,8.0,0.5088735979587948
0.0,FW_exact,exact,426.0,0.011996984481811523,18.065012725062644,0.00017962636556489997,8.0,0.5088735978890886
0.0,FW_exact,exact,427.0,0.01202082633972168,18.065012720881636,0.00028158575429593213,8.0,0.5088735977713137
0.0,FW_exact,exact,428.0,0.012047052383422852,18.065012719712243,0.0001906284109303158,8.0,0.508873597738373
0.0,FW_exact,exact,429.0,0.012073993682861328,18.06501271780168,0.0001578335223584304,8.0,0.5088735976845543
0.0,FW_exact,exact,430.0,0.012099981307983398,18.06501271588665,0.0001916352274555777,8.0,0.5088735976306098
0.0,FW_exact,exact,431.0,0.012124776840209961,18.0650127136394,0.0002064391146046063,8.0,0.5088735975673071
0.0,FW_exact,exact,432.0,0.012148857116699219,18.06501271071425,0.000268086841908044,8.0,0.5088735974849085
0.0,FW_exact,exact,433.0,0.012171030044555664,18.06501270776497,0.00019610073293563346,8.0,0.5088735974018301
0.0,FW_exact,exact,434.0,0.012195110321044922,18.06501270424097,0.0002585156856049764,8.0,0.5088735973025625
0.0,FW_exact,exact,435.0,0.01221919059753418,18.06501270246212,0.00018469560708389565,8.0,0.5088735972524541
0.0,FW_exact,exact,436.0,0.012243986129760742,18.06501269961763,0.0001925855862729975,8.0,0.5088735971723276
0.0,FW_exact,exact,437.0,0.012266874313354492,18.065012697653668,0.0002196669844334309,8.0,0.5088735971170048
0.0,FW_exact,exact,438.0,0.012293100357055664,18.065012693686825,0.00027427898016441077,8.0,0.5088735970052627
0.0,FW_exact,exact,439.0,0.012317895889282227,18.0650126913389,0.0001749696829875802,8.0,0.5088735969391239
0.0,FW_exact,exact,440.0,0.012344121932983398,18.06501268895912,0.00021362729952834059,8.0,0.5088735968720879
0.0,FW_exact,exact,441.0,0.012370109558105469,18.065012687585735,0.00018369351109370768,8.0,0.5088735968334009
0.0,FW_exact,exact,442.0,0.012393951416015625,18.065012684228574,0.0002523213014367087,8.0,0.508873596738833
0.0,FW_exact,exact,443.0,0.012418031692504883,18.065012680589838,0.00021782050192697966,8.0,0.5088735966363335
0.0,FW_exact,exact,444.0,0.01244211196899414,18.065012679001036,0.000173579939200863,8.0,0.5088735965915785
0.0,FW_exact,exact,445.0,0.012466907501220703,18.06501267632159,0.00025657989368532697,8.0,0.5088735965161011
0.0,FW_exact,exact,446.0,0.012492895126342773,18.065012674387674,0.00019257807219119627,8.0,0.5088735964616247
0.0,FW_exact,exact,447.0,0.012519121170043945,18.065012671983173,0.00017706509746062693,8.0,0.5088735963938922
0.0,FW_exact,exact,448.0,0.012542963027954102,18.065012667920623,0.00027756783220667103,8.0,0.5088735962794542
0.0,FW_exact,exact,449.0,0.012567996978759766,18.065012666532542,0.00018467350573381225,8.0,0.5088735962403533
0.0,FW_exact,exact,450.0,0.012592077255249023,18.065012664241504,0.0001728369659410589,8.0,0.508873596175817
0.0,FW_exact,exact,451.0,0.012617826461791992,18.06501266195644,0.0002081687662407461,8.0,0.508873596111449
0.0,FW_exact,exact,452.0,0.01264190673828125,18.065012658751506,0.00024791325346207316,8.0,0.5088735960211692
0.0,FW_exact,exact,453.0,0.012665987014770508,18.065012656198874,0.0001824376300110231,8.0,0.5088735959492641
0.0,FW_exact,exact,454.0,0.01269078254699707,18.06501265423624,0.0002454455856621962,8.0,0.5088735958939786
0.0,FW_exact,exact,455.0,0.012714862823486328,18.065012652425654,0.00018529992743232526,8.0,0.5088735958429762
0.0,FW_exact,exact,456.0,0.0127410888671875,18.065012651132992,0.0001782136794847844,8.0,0.5088735958065632
0.0,FW_exact,exact,457.0,0.012765884399414062,18.0650126488816,0.00017133472208641365,8.0,0.5088735957431436
0.0,FW_exact,exact,458.0,0.012789011001586914,18.0650126463245,0.00022144303080295913,8.0,0.5088735956711127
0.0,FW_exact,exact,459.0,0.012814044952392578,18.06501264305775,0.0002489009933217545,8.0,0.5088735955790915
0.0,FW_exact,exact,460.0,0.012839078903198242,18.065012640067625,0.00019745431864492957,8.0,0.5088735954948627
0.0,FW_exact,exact,461.0,0.012865066528320312,18.06501263807275,0.00021577625135371648,8.0,0.5088735954386691
0.0,FW_exact,exact,462.0,0.01288914680480957,18.06501263660077,0.00019017362371265278,8.0,0.5088735953972048
0.0,FW_exact,exact,463.0,0.01291203498840332,18.065012634965065,0.00017612355830998183,8.0,0.5088735953511286
0.0,FW_exact,exact,464.0,0.012936830520629883,18.06501263221314,0.00018942591922410656,8.0,0.5088735952736095
0.0,FW_exact,exact,465.0,0.01296091079711914,18.065012629104427,0.00024416311876329644,8.0,0.5088735951860401
0.0,FW_exact,exact,466.0,0.012988090515136719,18.065012626997234,0.00019990267625225044,8.0,0.5088735951266826
0.0,FW_exact,exact,467.0,0.013011932373046875,18.065012624679706,0.0002386232410174216,8.0,0.5088735950614002
0.0,FW_exact,exact,468.0,0.013035058975219727,18.06501262149757,0.0002036954614332842,8.0,0.5088735949717625
0.0,FW_exact,exact,469.0,0.01306009292602539,18.065012618113485,0.00025333145316430716,8.0,0.5088735948764362
0.0,FW_exact,exact,470.0,0.013084173202514648,18.065012616344067,0.00018420504509109037,8.0,0.5088735948265934
0.0,FW_exact,exact,471.0,0.013109922409057617,18.06501261358679,0.00018961015586427266,8.0,0.5088735947489237
0.0,FW_exact,exact,472.0,0.013134002685546875,18.06501261165149,0.0002180584334805502,8.0,0.5088735946944082
0.0,FW_exact,exact,473.0,0.013158082962036133,18.06501260777331,0.0002711963538857276,8.0,0.5088735945851636
0.0,FW_exact,exact,474.0,0.013182878494262695,18.06501260547528,0.00017310011319615626,8.0,0.5088735945204305
0.0,FW_exact,exact,475.0,0.01320791244506836,18.065012603154294,0.00021097207398490525,8.0,0.5088735944550505
0.0,FW_exact,exact,476.0,0.013234138488769531,18.065012601811492,0.0001816366580609241,8.0,0.5088735944172251
0.0,FW_exact,exact,477.0,0.013257980346679688,18.065012598528607,0.00024951495829306225,8.0,0.5088735943247495
0.0,FW_exact,exact,478.0,0.013282060623168945,18.065012594972938,0.00021531960967280384,8.0,0.5088735942245898
0.0,FW_exact,exact,479.0,0.01330709457397461,18.06501259400216,0.00017368650787652484,8.0,0.5088735941972439
0.0,FW_exact,exact,480.0,0.013330936431884766,18.06501259167512,0.0002100723449167674,8.0,0.5088735941316935
0.0,FW_exact,exact,481.0,0.01335597038269043,18.065012589814977,0.00021378231969571004,8.0,0.5088735940792951
0.0,FW_exact,exact,482.0,0.013379096984863281,18.065012587843643,0.00019443202748625765,8.0,0.5088735940237646
0.0,FW_exact,exact,483.0,0.013403177261352539,18.06501258489745,0.00019599826422478372,8.0,0.5088735939407733
0.0,FW_exact,exact,484.0,0.013426780700683594,18.06501258086011,0.0002767051334888748,8.0,0.5088735938270453
0.0,FW_exact,exact,485.0,0.013453006744384766,18.065012579416166,0.00018835314929965818,8.0,0.5088735937863709
0.0,FW_exact,exact,486.0,0.01347804069519043,18.065012577126694,0.00017277786150415864,8.0,0.5088735937218787
0.0,FW_exact,exact,487.0,0.0135040283203125,18.06501257475324,0.00021334292752861472,8.0,0.5088735936550208
0.0,FW_exact,exact,488.0,0.013529062271118164,18.06501257139682,0.00025229407049032204,8.0,0.5088735935604738
0.0,FW_exact,exact,489.0,0.013554096221923828,18.06501256841804,0.0001970792592995707,8.0,0.5088735934765646
0.0,FW_exact,exact,490.0,0.013580083847045898,18.06501256655241,0.00021409736333666274,8.0,0.5088735934240116
0.0,FW_exact,exact,491.0,0.013603925704956055,18.065012563547775,0.00023870635815370633,8.0,0.508873593339374
0.0,FW_exact,exact,492.0,0.013627052307128906,18.065012561701174,0.0001881801920387005,8.0,0.508873593287357
0.0,FW_exact,exact,493.0,0.013653039932250977,18.065012558422584,0.00020675953989446327,8.0,0.5088735931950024
0.0,FW_exact,exact,494.0,0.013675928115844727,18.06501255626039,0.00020249474558831082,8.0,0.5088735931340954
0.0,FW_exact,exact,495.0,0.013700008392333984,18.06501255325842,0.00027158411157479634,8.0,0.508873593049533
0.0,FW_exact,exact,496.0,0.013724803924560547,18.06501255172337,0.00014147491154048453,8.0,0.5088735930062921
0.0,FW_exact,exact,497.0,0.013750076293945312,18.065012549255812,0.00021632176731145591,8.0,0.5088735929367835
0.0,FW_exact,exact,498.0,0.013775110244750977,18.065012546321917,0.00023719843508729355,8.0,0.5088735928541385
0.0,FW_exact,exact,499.0,0.013799905776977539,18.06501254372682,0.0001839493712321172,8.0,0.5088735927810372
0.0,FW_exact,exact,500.0,0.01382303237915039,18.065012541739247,0.00019414517455729197,8.0,0.5088735927250492
0.0,FW_exact,exact,501.0,0.013848066329956055,18.0650125384546,0.00028408326081397206,8.0,0.508873592632524
0.0,FW_exact,exact,502.0,0.013873100280761719,18.065012536987567,0.0001383049689742677,8.0,0.508873592591199
0.0,FW_exact,exact,503.0,0.013898849487304688,18.06501253446864,0.00021856221050953195,8.0,0.5088735925202433
0.0,FW_exact,exact,504.0,0.013922929763793945,18.065012531806886,0.0002259297008020411,8.0,0.5088735924452644
0.0,FW_exact,exact,505.0,0.013946056365966797,18.0650125306699,0.00018796763371931036,8.0,0.5088735924132366
0.0,FW_exact,exact,506.0,0.01397085189819336,18.06501252802882,0.00018557175574862583,8.0,0.50887359233884
0.0,FW_exact,exact,507.0,0.013994932174682617,18.065012525121006,0.0002348287296101148,8.0,0.5088735922569297
0.0,FW_exact,exact,508.0,0.014021158218383789,18.06501252276446,0.0002406236534326922,8.0,0.5088735921905482
0.0,FW_exact,exact,509.0,0.014044761657714844,18.065012520904954,0.00015571022685634262,8.0,0.5088735921381677
0.0,FW_exact,exact,510.0,0.014068841934204102,18.065012518447954,0.0002158585056850626,8.0,0.5088735920689564
0.0,FW_exact,exact,511.0,0.01409292221069336,18.065012515512333,0.0002372684556863902,8.0,0.5088735919862629
0.0,FW_exact,exact,512.0,0.014118194580078125,18.065012512923836,0.00018371487777280038,8.0,0.5088735919133475
0.0,FW_exact,exact,513.0,0.014142990112304688,18.06501251113294,0.00020444751856807386,8.0,0.5088735918628997
0.0,FW_exact,exact,514.0,0.014167070388793945,18.065012509961804,0.00016962961125699394,8.0,0.50887359182991
0.0,FW_exact,exact,515.0,0.014189958572387695,18.06501250768635,0.00020773062294310307,8.0,0.5088735917658127
0.0,FW_exact,exact,516.0,0.01421499252319336,18.065012504597803,0.00020067753591668236,8.0,0.5088735916788113
0.0,FW_exact,exact,517.0,0.014238834381103516,18.065012502540593,0.00019862185056318538,8.0,0.5088735916208618
0.0,FW_exact,exact,518.0,0.014264106750488281,18.06501250043683,0.0001997395808803759,8.0,0.5088735915616008
0.0,FW_exact,exact,519.0,0.014288187026977539,18.065012497807402,0.0002541738033947638,8.0,0.5088735914875324
0.0,FW_exact,exact,520.0,0.014311790466308594,18.065012494956754,0.00019279385165837937,8.0,0.5088735914072325
0.0,FW_exact,exact,521.0,0.014338970184326172,18.06501249164591,0.00025057507104797594,8.0,0.5088735913139693
0.0,FW_exact,exact,522.0,0.014364004135131836,18.065012489959695,0.0001798224184543784,8.0,0.5088735912664702
0.0,FW_exact,exact,523.0,0.0143890380859375,18.065012487280924,0.00018689137458416383,8.0,0.5088735911910119
0.0,FW_exact,exact,524.0,0.014412879943847656,18.065012485424216,0.00021358461746245894,8.0,0.5088735911387103
0.0,FW_exact,exact,525.0,0.014439105987548828,18.06501248168072,0.00026644533017972094,8.0,0.5088735910332598
0.0,FW_exact,exact,526.0,0.014464855194091797,18.065012479464414,0.00016999450563837115,8.0,0.5088735909708285
0.0,FW_exact,exact,527.0,0.014491081237792969,18.06501247721994,0.0002074651591641441,8.0,0.508873590907604
0.0,FW_exact,exact,528.0,0.01451420783996582,18.06501247592385,0.00017844952211554244,8.0,0.5088735908710944
0.0,FW_exact,exact,529.0,0.014537811279296875,18.06501247275554,0.0002451219403933891,8.0,0.5088735907818462
0.0,FW_exact,exact,530.0,0.01456308364868164,18.06501246932206,0.00021158753454564305,8.0,0.5088735906851285
0.0,FW_exact,exact,531.0,0.014587163925170898,18.065012467822875,0.00016861342239593569,8.0,0.5088735906428978
0.0,FW_exact,exact,532.0,0.014612913131713867,18.065012465294345,0.0002492493624082215,8.0,0.5088735905716717
0.0,FW_exact,exact,533.0,0.014636039733886719,18.065012463469397,0.00018707390131034174,8.0,0.5088735905202647
0.0,FW_exact,exact,534.0,0.014660120010375977,18.06501246120043,0.00017200233761549555,8.0,0.5088735904563501
0.0,FW_exact,exact,535.0,0.014684200286865234,18.065012457366763,0.0002696349376467566,8.0,0.5088735903483596
0.0,FW_exact,exact,536.0,0.014707803726196289,18.06501245629622,0.00018239320868751463,8.0,0.5088735903182033
0.0,FW_exact,exact,537.0,0.014734029769897461,18.06501245454443,0.00015113305272151933,8.0,0.5088735902688571
0.0,FW_exact,exact,538.0,0.014757156372070312,18.06501245278846,0.00018350428971025678,8.0,0.5088735902193932
0.0,FW_exact,exact,539.0,0.01478123664855957,18.06501245072858,0.0001976454290595342,8.0,0.5088735901613685
0.0,FW_exact,exact,540.0,0.014806032180786133,18.065012448045703,0.00025674409213394256,8.0,0.5088735900857945
0.0,FW_exact,exact,541.0,0.01483011245727539,18.065012445341804,0.00018776601450909425,8.0,0.5088735900096283
0.0,FW_exact,exact,542.0,0.01485586166381836,18.06501244211044,0.0002475489715845214,8.0,0.508873589918604
0.0,FW_exact,exact,543.0,0.014878988265991211,18.065012440479514,0.0001768495075804566,8.0,0.5088735898726624
0.0,FW_exact,exact,544.0,0.014903068542480469,18.065012437871303,0.00018441362523269333,8.0,0.5088735897991916
0.0,FW_exact,exact,545.0,0.014927148818969727,18.065012436070475,0.00021034567141242633,8.0,0.5088735897484641
0.0,FW_exact,exact,546.0,0.014951944351196289,18.06501243243314,0.0002626398778922123,8.0,0.5088735896460039
0.0,FW_exact,exact,547.0,0.014976978302001953,18.065012430280223,0.00016754570054189344,8.0,0.5088735895853584
0.0,FW_exact,exact,548.0,0.015001058578491211,18.065012428098086,0.0002045641714634172,8.0,0.5088735895238897
0.0,FW_exact,exact,549.0,0.015024185180664062,18.06501242681711,0.0001982919978349429,8.0,0.5088735894878059
0.0,FW_exact,exact,550.0,0.015048980712890625,18.065012425353103,0.00016662356292229674,8.0,0.5088735894465662
0.0,FW_exact,exact,551.0,0.015073060989379883,18.065012422644354,0.00018793394112570638,8.0,0.5088735893702635
0.0,FW_exact,exact,552.0,0.015099048614501953,18.065012420785077,0.00021373274106295526,8.0,0.5088735893178895
0.0,FW_exact,exact,553.0,0.01512289047241211,18.065012417964475,0.00023128016877294044,8.0,0.508873589238436
0.0,FW_exact,exact,554.0,0.015146970748901367,18.065012416035195,0.0001923469368207975,8.0,0.50887358918409
0.0,FW_exact,exact,555.0,0.015172004699707031,18.06501241284981,0.00020379928419700377,8.0,0.5088735890943609
0.0,FW_exact,exact,556.0,0.015196084976196289,18.065012410720037,0.0002009712311092926,8.0,0.5088735890343672
0.0,FW_exact,exact,557.0,0.01522207260131836,18.06501240782393,0.0002667522901482755,8.0,0.5088735889527867
0.0,FW_exact,exact,558.0,0.015245914459228516,18.065012406318626,0.00014009728089270368,8.0,0.5088735889103838
0.0,FW_exact,exact,559.0,0.015269041061401367,18.06501240391769,0.00021338139965543235,8.0,0.5088735888427519
0.0,FW_exact,exact,560.0,0.01529383659362793,18.065012401054126,0.00023433818682505603,8.0,0.5088735887620881
0.0,FW_exact,exact,561.0,0.015317916870117188,18.065012398526285,0.00018154966111616488,8.0,0.5088735886908813
0.0,FW_exact,exact,562.0,0.01534414291381836,18.065012396589285,0.00019165965838752186,8.0,0.5088735886363179
0.0,FW_exact,exact,563.0,0.01536703109741211,18.065012393388034,0.00028045396086717744,8.0,0.5088735885461418
0.0,FW_exact,exact,564.0,0.015390872955322266,18.065012391958287,0.00013653541877012287,8.0,0.5088735885058673
0.0,FW_exact,exact,565.0,0.01541590690612793,18.065012389503355,0.00021576812236645537,8.0,0.5088735884367143
0.0,FW_exact,exact,566.0,0.015439987182617188,18.065012386909686,0.0002230212240181828,8.0,0.5088735883636532
0.0,FW_exact,exact,567.0,0.015465021133422852,18.06501238443209,0.000179736223673288,8.0,0.5088735882938618
0.0,FW_exact,exact,568.0,0.015491008758544922,18.065012382470513,0.00021396854627475648,8.0,0.508873588238606
0.0,FW_exact,exact,569.0,0.01551675796508789,18.065012381389778,0.00016295082090422852,8.0,0.5088735882081628
0.0,FW_exact,exact,570.0,0.015539884567260742,18.06501237934779,0.00019678534583889018,8.0,0.508873588150642
0.0,FW_exact,exact,571.0,0.01556396484375,18.065012376368774,0.0001970870472902675,8.0,0.508873588066726
0.0,FW_exact,exact,572.0,0.015588998794555664,18.065012374431042,0.0001927678095494656,8.0,0.508873588012142
0.0,FW_exact,exact,573.0,0.015613079071044922,18.065012372411413,0.00019570519042133583,8.0,0.5088735879552511
0.0,FW_exact,exact,574.0,0.015639066696166992,18.065012369954207,0.0002457083222200396,8.0,0.508873587886034
0.0,FW_exact,exact,575.0,0.015661954879760742,18.065012367243042,0.00018801780959698533,8.0,0.5088735878096632
0.0,FW_exact,exact,576.0,0.01568603515625,18.065012364115464,0.00024354116081326538,8.0,0.5088735877215623
0.0,FW_exact,exact,577.0,0.015710830688476562,18.06501236251303,0.00017529828096662925,8.0,0.5088735876764234
0.0,FW_exact,exact,578.0,0.01573491096496582,18.065012359978486,0.00018179013630259533,8.0,0.5088735876050278
0.0,FW_exact,exact,579.0,0.015761137008666992,18.06501235822128,0.0002077827612581018,8.0,0.508873587555529
0.0,FW_exact,exact,580.0,0.01578378677368164,18.06501235467693,0.0002592610859615263,8.0,0.5088735874556882
0.0,FW_exact,exact,581.0,0.0158078670501709,18.065012352578634,0.0001654066040899238,8.0,0.5088735873965813
0.0,FW_exact,exact,582.0,0.015833139419555664,18.065012350454147,0.00020184358003483283,8.0,0.5088735873367365
0.0,FW_exact,exact,583.0,0.01585698127746582,18.06501234922703,0.00017363643764412018,8.0,0.5088735873021698
0.0,FW_exact,exact,584.0,0.01588296890258789,18.06501234622749,0.0002385038247503246,8.0,0.5088735872176758
0.0,FW_exact,exact,585.0,0.01590895652770996,18.065012342977038,0.00020587048341802472,8.0,0.5088735871261137
0.0,FW_exact,exact,586.0,0.01593494415283203,18.065012342020317,0.0001724249775492126,8.0,0.5088735870991639
0.0,FW_exact,exact,587.0,0.015958070755004883,18.065012339863053,0.00020226369470144334,8.0,0.5088735870383958
0.0,FW_exact,exact,588.0,0.01598191261291504,18.065012338187277,0.00020291135164463014,8.0,0.5088735869911909
0.0,FW_exact,exact,589.0,0.016007184982299805,18.06501233638254,0.0001860348137086021,8.0,0.5088735869403532
0.0,FW_exact,exact,590.0,0.01603102684020996,18.06501233366729,0.00018815920540582454,8.0,0.5088735868638673
0.0,FW_exact,exact,591.0,0.01605701446533203,18.065012329974635,0.00026462994749820723,8.0,0.5088735867598488
0.0,FW_exact,exact,592.0,0.016080141067504883,18.06501232865166,0.00018029059195789898,8.0,0.508873586722582
0.0,FW_exact,exact,593.0,0.01610589027404785,18.06501232655717,0.00016525654406507329,8.0,0.5088735866635823
0.0,FW_exact,exact,594.0,0.01612997055053711,18.06501232437985,0.0002043380531926431,8.0,0.5088735866022494
0.0,FW_exact,exact,595.0,0.016154050827026367,18.065012321306476,0.00024142123579906638,8.0,0.5088735865156754
0.0,FW_exact,exact,596.0,0.016179800033569336,18.065012318577367,0.00018863908589139555,8.0,0.5088735864387991
0.0,FW_exact,exact,597.0,0.016206026077270508,18.065012316868973,0.00020487741823416172,8.0,0.5088735863906753
0.0,FW_exact,exact,598.0,0.016231775283813477,18.06501231411661,0.0002284649983721465,8.0,0.5088735863131439
0.0,FW_exact,exact,599.0,0.016255855560302734,18.065012312425125,0.00018010312258098793,8.0,0.5088735862654965
0.0,FW_exact,exact,600.0,0.016279935836791992,18.065012309421935,0.00019788504203788193,8.0,0.5088735861808996
0.0,FW_exact,exact,601.0,0.01630401611328125,18.065012307441343,0.00019380421618997445,8.0,0.5088735861251082
0.0,FW_exact,exact,602.0,0.016327857971191406,18.06501230469144,0.000259931571855887,8.0,0.5088735860476462
0.0,FW_exact,exact,603.0,0.016355037689208984,18.065012303285297,0.00013540428728298082,8.0,0.5088735860080366
0.0,FW_exact,exact,604.0,0.01638007164001465,18.065012301024932,0.00020704070497501448,8.0,0.5088735859443643
0.0,FW_exact,exact,605.0,0.01640605926513672,18.065012298337393,0.00022702122912932055,8.0,0.5088735858686589
0.0,FW_exact,exact,606.0,0.016430139541625977,18.065012295960166,0.00017605797578035265,8.0,0.5088735858016948
0.0,FW_exact,exact,607.0,0.016453027725219727,18.065012294601942,0.00020418349697770566,8.0,0.508873585763435
0.0,FW_exact,exact,608.0,0.01647782325744629,18.0650122929373,0.0001776747323365413,8.0,0.5088735857165437
0.0,FW_exact,exact,609.0,0.016501903533935547,18.0650122916029,0.00018106735947220898,8.0,0.5088735856789549
0.0,FW_exact,exact,610.0,0.01652812957763672,18.06501228966129,0.00015911116466149622,8.0,0.5088735856242617
0.0,FW_exact,exact,611.0,0.01655101776123047,18.06501228742904,0.00020689955517028125,8.0,0.5088735855613814
0.0,FW_exact,exact,612.0,0.016574859619140625,18.06501228445885,0.00023733410546000755,8.0,0.508873585477714
0.0,FW_exact,exact,613.0,0.01659989356994629,18.065012281773907,0.00018710639170649301,8.0,0.5088735854020818
0.0,FW_exact,exact,614.0,0.016623973846435547,18.06501228012357,0.00020136533468217976,8.0,0.5088735853555936
0.0,FW_exact,exact,615.0,0.01664900779724121,18.06501227743256,0.0002259043554939666,8.0,0.5088735852797904
0.0,FW_exact,exact,616.0,0.016672849655151367,18.065012275780507,0.0001779915138317989,8.0,0.5088735852332538
0.0,FW_exact,exact,617.0,0.01669597625732422,18.06501227284912,0.00019550511403565451,8.0,0.5088735851506795
0.0,FW_exact,exact,618.0,0.016721010208129883,18.065012270915656,0.00019148453367279217,8.0,0.5088735850962156
0.0,FW_exact,exact,619.0,0.01674485206604004,18.06501226822939,0.00025690665802002854,8.0,0.5088735850205461
0.0,FW_exact,exact,620.0,0.01677107810974121,18.0650122668565,0.00013379349907083338,8.0,0.5088735849818732
0.0,FW_exact,exact,621.0,0.01679682731628418,18.065012264649027,0.00020460359158569474,8.0,0.5088735849196909
0.0,FW_exact,exact,622.0,0.016821861267089844,18.065012262025167,0.00022431568233827193,8.0,0.5088735848457794
0.0,FW_exact,exact,623.0,0.0168459415435791,18.065012261036657,0.00017526627486930124,8.0,0.508873584817934
0.0,FW_exact,exact,624.0,0.01687002182006836,18.06501225862733,0.00017724283759967818,8.0,0.5088735847500656
0.0,FW_exact,exact,625.0,0.016893863677978516,18.065012255956532,0.00022505432579933426,8.0,0.5088735846748319
0.0,FW_exact,exact,626.0,0.01691889762878418,18.065012253795917,0.00023040317826605872,8.0,0.5088735846139695
0.0,FW_exact,exact,627.0,0.01694512367248535,18.065012252088497,0.00014920677983631947,8.0,0.5088735845658732
0.0,FW_exact,exact,628.0,0.016969919204711914,18.06501224983385,0.0002067786326733767,8.0,0.508873584502362
0.0,FW_exact,exact,629.0,0.016996145248413086,18.065012247142725,0.00022717264019256334,8.0,0.5088735844265556
0.0,FW_exact,exact,630.0,0.017019987106323242,18.065012244768244,0.00017595614734133846,8.0,0.5088735843596689
0.0,FW_exact,exact,631.0,0.0170438289642334,18.065012242894174,0.0002091416042606653,8.0,0.5088735843068781
0.0,FW_exact,exact,632.0,0.017067909240722656,18.065012241837707,0.00016111045469102692,8.0,0.5088735842771185
0.0,FW_exact,exact,633.0,0.017093181610107422,18.065012239830416,0.00019510623419982664,8.0,0.5088735842205752
0.0,FW_exact,exact,634.0,0.017117977142333984,18.065012236933267,0.0001943599006946073,8.0,0.5088735841389652
0.0,FW_exact,exact,635.0,0.017142057418823242,18.065012235053498,0.00018986256224629017,8.0,0.508873584086014
0.0,FW_exact,exact,636.0,0.0171661376953125,18.065012233090336,0.0001929497903496724,8.0,0.5088735840307137
0.0,FW_exact,exact,637.0,0.017189979553222656,18.065012230691185,0.0002427888282117152,8.0,0.508873583963132
0.0,FW_exact,exact,638.0,0.017213821411132812,18.065012228055593,0.00018537890185577055,8.0,0.5088735838888899
0.0,FW_exact,exact,639.0,0.017240047454833984,18.06501222501007,0.00024032506996540803,8.0,0.5088735838031005
0.0,FW_exact,exact,640.0,0.017264127731323242,18.06501222345119,0.00017289904047856908,8.0,0.5088735837591885
0.0,FW_exact,exact,641.0,0.0172879695892334,18.065012220983782,0.0001793664917784099,8.0,0.5088735836896839
0.0,FW_exact,exact,642.0,0.017312049865722656,18.06501221927338,0.000204997061963752,8.0,0.5088735836415037
0.0,FW_exact,exact,643.0,0.017335891723632812,18.065012215823383,0.00025578655501767855,8.0,0.5088735835443207
0.0,FW_exact,exact,644.0,0.017362117767333984,18.06501221378095,0.00016319000520503835,8.0,0.5088735834867874
0.0,FW_exact,exact,645.0,0.017385005950927734,18.06501221171291,0.0001991441375626124,8.0,0.5088735834285327
0.0,FW_exact,exact,646.0,0.01740884780883789,18.06501221051845,0.00017131012739390883,8.0,0.5088735833948859
0.0,FW_exact,exact,647.0,0.017434120178222656,18.065012207598716,0.00023530929166248882,8.0,0.5088735833126399
0.0,FW_exact,exact,648.0,0.01746821403503418,18.06501220443472,0.00020311440016307358,8.0,0.5088735832235132
0.0,FW_exact,exact,649.0,0.017491817474365234,18.06501220305319,0.00016186186401334623,8.0,0.5088735831845969
0.0,FW_exact,exact,650.0,0.017515897750854492,18.06501220072305,0.0002392713386569767,8.0,0.5088735831189591
0.0,FW_exact,exact,651.0,0.017542123794555664,18.06501219904128,0.00017958519990912691,8.0,0.5088735830715854
0.0,FW_exact,exact,652.0,0.01756596565246582,18.06501219695033,0.00016511672885854978,8.0,0.5088735830126854
0.0,FW_exact,exact,653.0,0.017590045928955078,18.065012193417424,0.0002588420701545857,8.0,0.5088735829131669
0.0,FW_exact,exact,654.0,0.017614126205444336,18.065012192210304,0.00017221581846094125,8.0,0.5088735828791635
0.0,FW_exact,exact,655.0,0.01763916015625,18.065012190217917,0.00016117823417971522,8.0,0.50887358282304
0.0,FW_exact,exact,656.0,0.017663955688476562,18.065012188230707,0.00019412763880133355,8.0,0.5088735827670622
0.0,FW_exact,exact,657.0,0.0176999568939209,18.065012185443535,0.00023119113557967808,8.0,0.5088735826885503
0.0,FW_exact,exact,658.0,0.017725229263305664,18.065012184506568,0.00017063543733719655,8.0,0.5088735826621569
0.0,FW_exact,exact,659.0,0.01774883270263672,18.06501218220288,0.00017331338483295156,8.0,0.5088735825972642
0.0,FW_exact,exact,660.0,0.01777505874633789,18.065012179597634,0.00022227536862473585,8.0,0.508873582523877
0.0,FW_exact,exact,661.0,0.01780080795288086,18.065012177430507,0.00023074977782400197,8.0,0.5088735824628312
0.0,FW_exact,exact,662.0,0.01782703399658203,18.065012175756877,0.0001477232586672983,8.0,0.5088735824156867
0.0,FW_exact,exact,663.0,0.017850160598754883,18.06501217352507,0.00020572865658508022,8.0,0.5088735823528189
0.0,FW_exact,exact,664.0,0.01787400245666504,18.06501217090223,0.00022427211744613373,8.0,0.508873582278936
0.0,FW_exact,exact,665.0,0.017899036407470703,18.065012168564724,0.0001745809837672141,8.0,0.5088735822130909
0.0,FW_exact,exact,666.0,0.01792311668395996,18.065012166777713,0.00018408899559219094,8.0,0.5088735821627525
0.0,FW_exact,exact,667.0,0.01794886589050293,18.065012163754382,0.00027254875447724203,8.0,0.5088735820775883
0.0,FW_exact,exact,668.0,0.017973899841308594,18.065012162428165,0.00013149939492684837,8.0,0.50887358204023
0.0,FW_exact,exact,669.0,0.018000125885009766,18.065012160130536,0.00020874051888597478,8.0,0.508873581975508
0.0,FW_exact,exact,670.0,0.018023967742919922,18.06501215772294,0.00021487225867922177,8.0,0.5088735819076885
0.0,FW_exact,exact,671.0,0.01804804801940918,18.06501215541059,0.0001736387147150964,8.0,0.5088735818425518
0.0,FW_exact,exact,672.0,0.018073081970214844,18.065012153674385,0.00018145391454282844,8.0,0.5088735817936446
0.0,FW_exact,exact,673.0,0.018098831176757812,18.065012150737783,0.00026861084702645144,8.0,0.5088735817109235
0.0,FW_exact,exact,674.0,0.018125057220458984,18.06501214944934,0.00012961321814941584,8.0,0.5088735816746294
0.0,FW_exact,exact,675.0,0.018149137496948242,18.06501214721738,0.00020573580492211363,8.0,0.5088735816117572
0.0,FW_exact,exact,676.0,0.01817488670349121,18.065012144864376,0.00021242207623473064,8.0,0.5088735815454754
0.0,FW_exact,exact,677.0,0.01819896697998047,18.065012142613455,0.00017131682569626605,8.0,0.5088735814820692
0.0,FW_exact,exact,678.0,0.018223047256469727,18.065012140847983,0.000202990953267701,8.0,0.5088735814323375
0.0,FW_exact,exact,679.0,0.018247127532958984,18.065012139865896,0.00015533638352849266,8.0,0.5088735814046731
0.0,FW_exact,exact,680.0,0.01827096939086914,18.065012138006455,0.00018778318505852098,8.0,0.5088735813522945
0.0,FW_exact,exact,681.0,0.018296003341674805,18.065012135305604,0.00018765962216349408,8.0,0.5088735812762142
0.0,FW_exact,exact,682.0,0.01832103729248047,18.06501213354523,0.00018373445720065718,8.0,0.5088735812266262
0.0,FW_exact,exact,683.0,0.018362045288085938,18.065012131713427,0.0001863825023988852,8.0,0.5088735811750261
0.0,FW_exact,exact,684.0,0.018390893936157227,18.065012129481225,0.0002341886321950426,8.0,0.5088735811121472
0.0,FW_exact,exact,685.0,0.01841878890991211,18.06501212702047,0.00017912440090483983,8.0,0.5088735810428301
0.0,FW_exact,exact,686.0,0.018445968627929688,18.06501212418077,0.000232061658229199,8.0,0.5088735809628386
0.0,FW_exact,exact,687.0,0.018471956253051758,18.065012122726337,0.00016700704442307313,8.0,0.5088735809218686
0.0,FW_exact,exact,688.0,0.018497943878173828,18.06501212042528,0.00017321437232098447,8.0,0.5088735808570501
0.0,FW_exact,exact,689.0,0.018522977828979492,18.065012119125885,0.00019971171452759506,8.0,0.5088735808204474
0.0,FW_exact,exact,690.0,0.01854991912841797,18.06501211771528,0.0001635568598921111,8.0,0.5088735807807121
0.0,FW_exact,exact,691.0,0.018574953079223633,18.065012116185173,0.00019389120599555554,8.0,0.5088735807376105
0.0,FW_exact,exact,692.0,0.018616914749145508,18.06501211441531,0.00015191073645404174,8.0,0.5088735806877552
0.0,FW_exact,exact,693.0,0.018645048141479492,18.06501211233195,0.00019988057925246494,8.0,0.508873580629069
0.0,FW_exact,exact,694.0,0.01867198944091797,18.0650121094179,0.00023508010937689505,8.0,0.5088735805469831
0.0,FW_exact,exact,695.0,0.01869797706604004,18.065012106823186,0.00018393571089880822,8.0,0.5088735804738925
0.0,FW_exact,exact,696.0,0.018725156784057617,18.06501210523253,0.00019769049316664677,8.0,0.5088735804290854
0.0,FW_exact,exact,697.0,0.018750905990600586,18.06501210263429,0.00022197643514232368,8.0,0.5088735803558956
0.0,FW_exact,exact,698.0,0.018777132034301758,18.06501210103176,0.0001753032958475842,8.0,0.5088735803107538
0.0,FW_exact,exact,699.0,0.018802881240844727,18.065012098198682,0.00019219877325049595,8.0,0.5088735802309488
0.0,FW_exact,exact,700.0,0.0188291072845459,18.06501209632877,0.0001883110471609939,8.0,0.5088735801782752
0.0,FW_exact,exact,701.0,0.01885509490966797,18.065012093732662,0.00025255820508895965,8.0,0.5088735801051454
0.0,FW_exact,exact,702.0,0.01887989044189453,18.065012092405105,0.00013156619203336106,8.0,0.5088735800677494
0.0,FW_exact,exact,703.0,0.018904924392700195,18.0650120902711,0.00020117044716094767,8.0,0.5088735800076366
0.0,FW_exact,exact,704.0,0.01893019676208496,18.065012087734466,0.00022055561512956956,8.0,0.5088735799361821
0.0,FW_exact,exact,705.0,0.018954038619995117,18.06501208549032,0.0001710587596441826,8.0,0.5088735798729668
0.0,FW_exact,exact,706.0,0.018980026245117188,18.065012083771602,0.00018053735933776238,8.0,0.5088735798245522
0.0,FW_exact,exact,707.0,0.019005775451660156,18.065012080931055,0.00026418118512872013,8.0,0.5088735797445367
0.0,FW_exact,exact,708.0,0.019032001495361328,18.065012079662413,0.0001286133012357027,8.0,0.5088735797088003
0.0,FW_exact,exact,709.0,0.019058942794799805,18.065012077484067,0.00020324977563568325,8.0,0.5088735796474385
0.0,FW_exact,exact,710.0,0.019083023071289062,18.065012075182214,0.00021010064303084164,8.0,0.5088735795825976
0.0,FW_exact,exact,711.0,0.019108057022094727,18.065012073856384,0.00020297917228973006,8.0,0.5088735795452503
0.0,FW_exact,exact,712.0,0.01912999153137207,18.06501207155844,0.00017309693129341497,8.0,0.5088735794805194
0.0,FW_exact,exact,713.0,0.019154071807861328,18.065012068887956,0.00022504138048695665,8.0,0.5088735794052945
0.0,FW_exact,exact,714.0,0.0191800594329834,18.06501206696053,0.00021761445313828176,8.0,0.5088735793510009
0.0,FW_exact,exact,715.0,0.019205093383789062,18.065012065286012,0.00014776252982606763,8.0,0.5088735793038314
0.0,FW_exact,exact,716.0,0.01922893524169922,18.065012063160893,0.00020075071634373387,8.0,0.5088735792439688
0.0,FW_exact,exact,717.0,0.01925492286682129,18.0650120605719,0.00022282032440834598,8.0,0.5088735791710394
0.0,FW_exact,exact,718.0,0.019279956817626953,18.06501205831739,0.00017145337449697706,8.0,0.5088735791075321
0.0,FW_exact,exact,719.0,0.019305944442749023,18.065012056584017,0.0001813057695496667,8.0,0.5088735790587047
0.0,FW_exact,exact,720.0,0.019330978393554688,18.065012053661082,0.00026798478807599224,8.0,0.5088735789763685
0.0,FW_exact,exact,721.0,0.019356966018676758,18.06501205237565,0.00012946169420047227,8.0,0.5088735789401592
0.0,FW_exact,exact,722.0,0.019381999969482422,18.065012050151484,0.00020537630514461114,8.0,0.5088735788775066
0.0,FW_exact,exact,723.0,0.019418001174926758,18.06501204782226,0.0002113459090526959,8.0,0.5088735788118947
0.0,FW_exact,exact,724.0,0.019443988800048828,18.065012045584304,0.0001708230646251252,8.0,0.5088735787488536
0.0,FW_exact,exact,725.0,0.019468069076538086,18.065012043904094,0.0001785034035801658,8.0,0.5088735787015237
0.0,FW_exact,exact,726.0,0.01949310302734375,18.06501204106141,0.00026427984739463284,8.0,0.5088735786214482
0.0,FW_exact,exact,727.0,0.019517898559570312,18.06501203981446,0.0001275100374460436,8.0,0.5088735785863228
0.0,FW_exact,exact,728.0,0.01954197883605957,18.06501203765411,0.00020240824426842607,8.0,0.5088735785254679
0.0,FW_exact,exact,729.0,0.019566059112548828,18.06501203537677,0.0002089786533563398,8.0,0.5088735784613175
0.0,FW_exact,exact,730.0,0.019590139389038086,18.065012033198116,0.00016854411859235086,8.0,0.508873578399947
0.0,FW_exact,exact,731.0,0.019615888595581055,18.065012031697826,0.0001871254719549853,8.0,0.5088735783576852
0.0,FW_exact,exact,732.0,0.01964092254638672,18.065012030730916,0.0001541310671751006,8.0,0.5088735783304483
0.0,FW_exact,exact,733.0,0.01966691017150879,18.06501202885971,0.0001883767732824282,8.0,0.5088735782777383
0.0,FW_exact,exact,734.0,0.01969289779663086,18.065012026302842,0.00018258911160984326,8.0,0.5088735782057139
0.0,FW_exact,exact,735.0,0.019718170166015625,18.065012024592296,0.00018111488279259902,8.0,0.5088735781575294
0.0,FW_exact,exact,736.0,0.019742965698242188,18.065012022849128,0.00018181710280629204,8.0,0.5088735781084262
0.0,FW_exact,exact,737.0,0.01976799964904785,18.065012020677,0.00023101629859034745,8.0,0.5088735780472394
0.0,FW_exact,exact,738.0,0.01979207992553711,18.065012018313624,0.00017554420604426468,8.0,0.5088735779806655
0.0,FW_exact,exact,739.0,0.019817829132080078,18.06501201557249,0.00022799907808135345,8.0,0.5088735779034503
0.0,FW_exact,exact,740.0,0.019843101501464844,18.06501201417546,0.0001636772320363633,8.0,0.5088735778640974
0.0,FW_exact,exact,741.0,0.019868135452270508,18.065012011957176,0.00017007030235660636,8.0,0.5088735778016106
0.0,FW_exact,exact,742.0,0.019893884658813477,18.0650120104194,0.00019437673478250872,8.0,0.508873577758293
0.0,FW_exact,exact,743.0,0.01992011070251465,18.065012007319012,0.00024248030159768064,8.0,0.5088735776709581
0.0,FW_exact,exact,744.0,0.01994490623474121,18.06501200642308,0.00016685743047517576,8.0,0.5088735776457205
0.0,FW_exact,exact,745.0,0.019971132278442383,18.06501200451293,0.00015781635569567243,8.0,0.5088735775919135
0.0,FW_exact,exact,746.0,0.019996166229248047,18.065012002669672,0.00018800992321210686,8.0,0.5088735775399907
0.0,FW_exact,exact,747.0,0.020021915435791016,18.0650120005513,0.00020043186606066854,8.0,0.5088735774803183
0.0,FW_exact,exact,748.0,0.020045995712280273,18.065011998833103,0.0002054636434927204,8.0,0.5088735774319184
0.0,FW_exact,exact,749.0,0.020071029663085938,18.065011996214714,0.0001847727301811375,8.0,0.508873577358161
0.0,FW_exact,exact,750.0,0.020094871520996094,18.06501199353077,0.00022560796791992743,8.0,0.5088735772825569
0.0,FW_exact,exact,751.0,0.02011704444885254,18.06501199202953,0.0001696722472228629,8.0,0.5088735772402684
0.0,FW_exact,exact,752.0,0.020142078399658203,18.065011989802283,0.00017041375535065129,8.0,0.5088735771775291
0.0,FW_exact,exact,753.0,0.02016615867614746,18.065011988246145,0.00019553407748773566,8.0,0.5088735771336942
0.0,FW_exact,exact,754.0,0.020192861557006836,18.06501198509654,0.0002443971352121821,8.0,0.5088735770449729
0.0,FW_exact,exact,755.0,0.0202181339263916,18.065011983232818,0.00015588677161737508,8.0,0.5088735769924737
0.0,FW_exact,exact,756.0,0.02024388313293457,18.06501198135315,0.00018985793119874472,8.0,0.5088735769395253
0.0,FW_exact,exact,757.0,0.020270109176635742,18.065011980263062,0.00016365387192252,8.0,0.5088735769088186
0.0,FW_exact,exact,758.0,0.020295143127441406,18.065011977600474,0.00022470857007306222,8.0,0.5088735768338162
0.0,FW_exact,exact,759.0,0.020320892333984375,18.065011974717468,0.0001938851560794319,8.0,0.5088735767526047
0.0,FW_exact,exact,760.0,0.020347118377685547,18.065011973458617,0.0001545077668119177,8.0,0.5088735767171442
0.0,FW_exact,exact,761.0,0.020372867584228516,18.065011971334552,0.00022844603955185505,8.0,0.5088735766573114
0.0,FW_exact,exact,762.0,0.020399093627929688,18.06501196980165,0.0001714524713403165,8.0,0.5088735766141309
0.0,FW_exact,exact,763.0,0.020423173904418945,18.065011967896062,0.0001576281049082695,8.0,0.5088735765604524
0.0,FW_exact,exact,764.0,0.020448923110961914,18.065011964675985,0.00024711640227792486,8.0,0.5088735764697461
0.0,FW_exact,exact,765.0,0.020473957061767578,18.065011963575756,0.00016441368751785035,8.0,0.5088735764387537
0.0,FW_exact,exact,766.0,0.020498991012573242,18.065011961759772,0.00015387753751205935,8.0,0.5088735763875992
0.0,FW_exact,exact,767.0,0.020524024963378906,18.06501195994851,0.00018533458223579657,8.0,0.5088735763365777
0.0,FW_exact,exact,768.0,0.020550012588500977,18.065011957408156,0.00022071681803303989,8.0,0.5088735762650185
0.0,FW_exact,exact,769.0,0.02057480812072754,18.065011955384765,0.00016242729333448835,8.0,0.5088735762080215
0.0,FW_exact,exact,770.0,0.020600080490112305,18.065011954070105,0.0002008825360668709,8.0,0.5088735761709888
0.0,FW_exact,exact,771.0,0.02062511444091797,18.065011952622598,0.00016568130060790054,8.0,0.508873576130214
0.0,FW_exact,exact,772.0,0.02064990997314453,18.065011951494025,0.00016651895862018762,8.0,0.5088735760984232
0.0,FW_exact,exact,773.0,0.020676136016845703,18.06501194976297,0.0001502358744183141,8.0,0.5088735760496611
0.0,FW_exact,exact,774.0,0.020700931549072266,18.065011947794233,0.00019430373913209564,8.0,0.5088735759942037
0.0,FW_exact,exact,775.0,0.020726919174194336,18.065011945191014,0.00022218897212411548,8.0,0.5088735759208737
0.0,FW_exact,exact,776.0,0.020751953125,18.06501194283327,0.00017533512781220395,8.0,0.5088735758544582
0.0,FW_exact,exact,777.0,0.020776987075805664,18.06501194138161,0.00018885556299608197,8.0,0.5088735758135664
0.0,FW_exact,exact,778.0,0.020802021026611328,18.06501193901717,0.00021175395572115008,8.0,0.5088735757469626
0.0,FW_exact,exact,779.0,0.020827054977416992,18.065011937566826,0.00016677130318498712,8.0,0.5088735757061078
0.0,FW_exact,exact,780.0,0.020851850509643555,18.065011934991357,0.00018325227985549475,8.0,0.5088735756335594
0.0,FW_exact,exact,781.0,0.020878076553344727,18.065011933292876,0.000179471829184763,8.0,0.5088735755857148
0.0,FW_exact,exact,782.0,0.020915985107421875,18.06501193093282,0.00024080239618307075,8.0,0.5088735755192343
0.0,FW_exact,exact,783.0,0.02094411849975586,18.06501192972673,0.00012540240027902883,8.0,0.50887357548526
0.0,FW_exact,exact,784.0,0.020969867706298828,18.06501192778738,0.00019177565166295096,8.0,0.5088735754306305
0.0,FW_exact,exact,785.0,0.020994901657104492,18.06501192548217,0.00021025377353112162,8.0,0.508873575365695
0.0,FW_exact,exact,786.0,0.02102184295654297,18.065011924373742,0.00018559268004736396,8.0,0.5088735753344716
0.0,FW_exact,exact,787.0,0.021045923233032227,18.06501192224687,0.00016652919958559664,8.0,0.5088735752745598
0.0,FW_exact,exact,788.0,0.021069049835205078,18.06501191978696,0.00021598650373277906,8.0,0.5088735752052665
0.0,FW_exact,exact,789.0,0.021095991134643555,18.065011917969663,0.00021130608037900345,8.0,0.508873575154075
0.0,FW_exact,exact,790.0,0.02112102508544922,18.06501191642117,0.00014209283138910678,8.0,0.5088735751104555
0.0,FW_exact,exact,791.0,0.021145105361938477,18.065011914440117,0.00019382703550263614,8.0,0.5088735750546511
0.0,FW_exact,exact,792.0,0.02117013931274414,18.065011912039147,0.0002145762313112698,8.0,0.5088735749870182
0.0,FW_exact,exact,793.0,0.021194934844970703,18.06501190994137,0.0001653865240918151,8.0,0.5088735749279258
0.0,FW_exact,exact,794.0,0.021219968795776367,18.065011908435377,0.00018748031691373512,8.0,0.5088735748855036
0.0,FW_exact,exact,795.0,0.021245956420898438,18.065011907488017,0.00015256519468387353,8.0,0.5088735748588173
0.0,FW_exact,exact,796.0,0.02128291130065918,18.06501190565789,0.00018629716994666978,8.0,0.5088735748072645
0.0,FW_exact,exact,797.0,0.021308183670043945,18.06501190313445,0.000181391399159736,8.0,0.5088735747361817
0.0,FW_exact,exact,798.0,0.02138495445251465,18.06501190146638,0.0001788522199301923,8.0,0.5088735746891938
0.0,FW_exact,exact,799.0,0.021469831466674805,18.06501189975011,0.00018040915727723927,8.0,0.5088735746408481
0.0,FW_exact,exact,800.0,0.021509170532226562,18.06501189761719,0.00022892191698886677,8.0,0.5088735745807659
0.0,FW_exact,exact,801.0,0.02156805992126465,18.065011895297516,0.00017391343027917117,8.0,0.508873574515423
0.0,FW_exact,exact,802.0,0.02159404754638672,18.06501189260659,0.00022590091620955377,8.0,0.5088735744396223
0.0,FW_exact,exact,803.0,0.021619796752929688,18.065011891234327,0.000162220069370278,8.0,0.5088735744009669
0.0,FW_exact,exact,804.0,0.021646976470947266,18.06501188905633,0.00016851891513880446,8.0,0.5088735743396149
0.0,FW_exact,exact,805.0,0.02170395851135254,18.06501188754669,0.00019259047239827964,8.0,0.5088735742970898
0.0,FW_exact,exact,806.0,0.021730899810791016,18.065011884502546,0.00024027076921839807,8.0,0.5088735742113393
0.0,FW_exact,exact,807.0,0.021757125854492188,18.06501188270028,0.00015329529090557514,8.0,0.5088735741605712
0.0,FW_exact,exact,808.0,0.021782875061035156,18.06501188087515,0.000187082341783551,8.0,0.5088735741091591
0.0,FW_exact,exact,809.0,0.021815061569213867,18.065011879821164,0.00016092213404306221,8.0,0.5088735740794694
0.0,FW_exact,exact,810.0,0.02184605598449707,18.06501187724467,0.00022104540544631845,8.0,0.5088735740068921
0.0,FW_exact,exact,811.0,0.02187204360961914,18.065011874452516,0.0001908057312256517,8.0,0.5088735739282398
0.0,FW_exact,exact,812.0,0.02189803123474121,18.065011873233335,0.00015205398547557536,8.0,0.5088735738938968
0.0,FW_exact,exact,813.0,0.02192401885986328,18.065011871177045,0.00022477171687462771,8.0,0.5088735738359731
0.0,FW_exact,exact,814.0,0.021949052810668945,18.065011869692896,0.00016870357952392112,8.0,0.5088735737941661
0.0,FW_exact,exact,815.0,0.022013187408447266,18.06501186784764,0.00015511267208800916,8.0,0.5088735737421871
0.0,FW_exact,exact,816.0,0.02205514907836914,18.065011864729854,0.00024315975687017044,8.0,0.508873573654362
0.0,FW_exact,exact,817.0,0.0220949649810791,18.0650118638289,0.0001673233692667253,8.0,0.5088735736289831
0.0,FW_exact,exact,818.0,0.022121906280517578,18.06501186240309,0.00013634805229756353,8.0,0.5088735735888195
0.0,FW_exact,exact,819.0,0.022150039672851562,18.065011860975194,0.00016547581229886532,8.0,0.508873573548597
0.0,FW_exact,exact,820.0,0.02217698097229004,18.065011859287303,0.00017891110088896767,8.0,0.5088735735010508
0.0,FW_exact,exact,821.0,0.02220296859741211,18.065011857116996,0.00023091934474805953,8.0,0.5088735734399153
0.0,FW_exact,exact,822.0,0.02222895622253418,18.06501185491023,0.0001696279046541349,8.0,0.508873573377753
0.0,FW_exact,exact,823.0,0.02226996421813965,18.06501185228215,0.0002232477952137657,8.0,0.5088735733037225
0.0,FW_exact,exact,824.0,0.022297143936157227,18.065011850951834,0.00015972136216291233,8.0,0.5088735732662488
0.0,FW_exact,exact,825.0,0.02234792709350586,18.065011848828867,0.000166376236473198,8.0,0.508873573206447
0.0,FW_exact,exact,826.0,0.022372961044311523,18.065011847362836,0.00018978848192396924,8.0,0.5088735731651504
0.0,FW_exact,exact,827.0,0.022416114807128906,18.065011844401155,0.00023699393333664887,8.0,0.5088735730817227
0.0,FW_exact,exact,828.0,0.02244091033935547,18.065011842648154,0.00015118514357759238,8.0,0.5088735730323424
0.0,FW_exact,exact,829.0,0.02246689796447754,18.06501184087155,0.00018457940696059438,8.0,0.5088735729822972
0.0,FW_exact,exact,830.0,0.022492170333862305,18.065011839846125,0.00015872621309576118,8.0,0.508873572953412
0.0,FW_exact,exact,831.0,0.022517919540405273,18.065011837339565,0.00021802478166321748,8.0,0.5088735728828047
0.0,FW_exact,exact,832.0,0.022542953491210938,18.065011834622748,0.0001882137455506694,8.0,0.5088735728062745
0.0,FW_exact,exact,833.0,0.0225679874420166,18.06501183343647,0.0001499886098379477,8.0,0.5088735727728583
0.0,FW_exact,exact,834.0,0.022591829299926758,18.06501183143581,0.0002217099742924944,8.0,0.5088735727165017
0.0,FW_exact,exact,835.0,0.022617101669311523,18.06501182999179,0.00016640796738087715,8.0,0.508873572675825
0.0,FW_exact,exact,836.0,0.022642135620117188,18.065011828196358,0.00015300389254591096,8.0,0.5088735726252496
0.0,FW_exact,exact,837.0,0.022667884826660156,18.065011825162827,0.0002398516191401967,8.0,0.5088735725397979
0.0,FW_exact,exact,838.0,0.022691965103149414,18.0650118241263,0.00015958270444293987,8.0,0.5088735725106001
0.0,FW_exact,exact,839.0,0.022719860076904297,18.065011822415503,0.00014935458961673476,8.0,0.5088735724624085
0.0,FW_exact,exact,840.0,0.02274608612060547,18.065011820709127,0.00017988804880175735,8.0,0.5088735724143416
0.0,FW_exact,exact,841.0,0.02277088165283203,18.06501181831581,0.00021423401076070547,8.0,0.5088735723469242
0.0,FW_exact,exact,842.0,0.022795915603637695,18.065011816409566,0.00015765541341750122,8.0,0.5088735722932272
0.0,FW_exact,exact,843.0,0.02282094955444336,18.06501181478175,0.00019491668304105758,8.0,0.5088735722473733
0.0,FW_exact,exact,844.0,0.022845983505249023,18.0650118139285,0.00014478787069904797,8.0,0.5088735722233381
0.0,FW_exact,exact,845.0,0.022875070571899414,18.065011812309006,0.00017524939645774396,8.0,0.5088735721777184
0.0,FW_exact,exact,846.0,0.022900819778442383,18.065011809908164,0.0001769300373180016,8.0,0.5088735721100891
0.0,FW_exact,exact,847.0,0.02292609214782715,18.06501180838117,0.00017112178430522818,8.0,0.5088735720670752
0.0,FW_exact,exact,848.0,0.022950172424316406,18.065011806760644,0.0001753045976276013,8.0,0.5088735720214266
0.0,FW_exact,exact,849.0,0.02297496795654297,18.06501180479798,0.00021959483297173676,8.0,0.5088735719661402
0.0,FW_exact,exact,850.0,0.023002147674560547,18.065011802635006,0.00016793660955904954,8.0,0.5088735719052114
0.0,FW_exact,exact,851.0,0.023027896881103516,18.065011800138635,0.0002175814691920408,8.0,0.5088735718348911
0.0,FW_exact,exact,852.0,0.02305293083190918,18.065011798858233,0.00015669622425029672,8.0,0.5088735717988234
0.0,FW_exact,exact,853.0,0.02308511734008789,18.065011796834593,0.00016243755433364981,8.0,0.5088735717418196
0.0,FW_exact,exact,854.0,0.023110151290893555,18.06501179567712,0.00018849043832247503,8.0,0.5088735717092147
0.0,FW_exact,exact,855.0,0.023135900497436523,18.065011794437066,0.00015335007654471156,8.0,0.5088735716742835
0.0,FW_exact,exact,856.0,0.023160934448242188,18.065011793099565,0.00018127759650354847,8.0,0.5088735716366075
0.0,FW_exact,exact,857.0,0.023185014724731445,18.06501179153944,0.00014262568693368394,8.0,0.5088735715926603
0.0,FW_exact,exact,858.0,0.023209810256958008,18.065011789703274,0.00018764791974845707,8.0,0.5088735715409373
0.0,FW_exact,exact,859.0,0.023235082626342773,18.06501178714136,0.00022041908306213998,8.0,0.5088735714687707
0.0,FW_exact,exact,860.0,0.02326178550720215,18.06501178485846,0.0001725297853809593,8.0,0.5088735714044637
0.0,FW_exact,exact,861.0,0.023288965225219727,18.065011783458996,0.0001854292811316327,8.0,0.5088735713650421
0.0,FW_exact,exact,862.0,0.023314952850341797,18.065011781172988,0.00020821189654540717,8.0,0.5088735713006476
0.0,FW_exact,exact,863.0,0.02333998680114746,18.065011779763296,0.00016441763710339785,8.0,0.5088735712609379
0.0,FW_exact,exact,864.0,0.02336406707763672,18.065011777270758,0.00018027749630000756,8.0,0.5088735711907256
0.0,FW_exact,exact,865.0,0.02338886260986328,18.06501177562564,0.0001766295676510765,8.0,0.5088735711443841
0.0,FW_exact,exact,866.0,0.023413896560668945,18.065011773341542,0.00023689576320862216,8.0,0.5088735710800434
0.0,FW_exact,exact,867.0,0.02343893051147461,18.06501177217355,0.0001234061802843911,8.0,0.5088735710471423
0.0,FW_exact,exact,868.0,0.02346491813659668,18.065011770296007,0.00018869510744501383,8.0,0.5088735709942537
0.0,FW_exact,exact,869.0,0.02349090576171875,18.065011768064213,0.00020687837742094928,8.0,0.5088735709313863
0.0,FW_exact,exact,870.0,0.023514986038208008,18.065011767174525,0.00016627393105395072,8.0,0.5088735709063247
0.0,FW_exact,exact,871.0,0.023540019989013672,18.065011765123057,0.00016355077689489406,8.0,0.5088735708485368
0.0,FW_exact,exact,872.0,0.023566007614135742,18.065011762827282,0.0002086561968255296,8.0,0.5088735707838671
0.0,FW_exact,exact,873.0,0.023589134216308594,18.065011761006886,0.00021148586240471445,8.0,0.5088735707325883
0.0,FW_exact,exact,874.0,0.02361321449279785,18.065011759544266,0.00013809704225842268,8.0,0.5088735706913877
0.0,FW_exact,exact,875.0,0.023638010025024414,18.06501175762638,0.00019071150581595475,8.0,0.5088735706373628
0.0,FW_exact,exact,876.0,0.023662090301513672,18.065011755329458,0.00020987536888128488,8.0,0.5088735705726608
0.0,FW_exact,exact,877.0,0.02368783950805664,18.065011753307164,0.0001623831718671198,8.0,0.5088735705156948
0.0,FW_exact,exact,878.0,0.0237119197845459,18.065011751756515,0.00017148332299399272,8.0,0.5088735704720145
0.0,FW_exact,exact,879.0,0.023736000061035156,18.065011749140364,0.0002535311566500553,8.0,0.5088735703983202
0.0,FW_exact,exact,880.0,0.023760080337524414,18.065011747990297,0.00012245605465643905,8.0,0.5088735703659238
0.0,FW_exact,exact,881.0,0.023784875869750977,18.065011745999925,0.00019428188864623053,8.0,0.508873570309857
0.0,FW_exact,exact,882.0,0.02381110191345215,18.065011743914095,0.00019999900104750168,8.0,0.5088735702511012
0.0,FW_exact,exact,883.0,0.023835182189941406,18.065011741910883,0.00016161545093140717,8.0,0.5088735701946727
0.0,FW_exact,exact,884.0,0.02385878562927246,18.06501174040675,0.00016889175752865526,8.0,0.5088735701523028
0.0,FW_exact,exact,885.0,0.023884057998657227,18.065011737862434,0.00025002620633607364,8.0,0.5088735700806319
0.0,FW_exact,exact,886.0,0.023908138275146484,18.065011736746172,0.00012064233842501437,8.0,0.508873570049188
0.0,FW_exact,exact,887.0,0.023933887481689453,18.065011734812398,0.00019149998594691908,8.0,0.5088735699947154
0.0,FW_exact,exact,888.0,0.02395796775817871,18.06501173277382,0.000197720492716158,8.0,0.5088735699372907
0.0,FW_exact,exact,889.0,0.02398204803466797,18.065011730823606,0.00015946294467283906,8.0,0.5088735698823551
0.0,FW_exact,exact,890.0,0.024007081985473633,18.065011729357913,0.00016671978636217943,8.0,0.508873569841068
0.0,FW_exact,exact,891.0,0.02403092384338379,18.06501172688244,0.0002466202409490137,8.0,0.5088735697713364
0.0,FW_exact,exact,892.0,0.024058103561401367,18.065011725795088,0.00011906962569341317,8.0,0.5088735697407067
0.0,FW_exact,exact,893.0,0.024082183837890625,18.065011723912512,0.0001889478731538219,8.0,0.5088735696876764
0.0,FW_exact,exact,894.0,0.024104833602905273,18.065011721927327,0.00019511369388958144,8.0,0.5088735696317557
0.0,FW_exact,exact,895.0,0.02413010597229004,18.065011721101378,0.0001602084701737283,8.0,0.5088735696084895
0.0,FW_exact,exact,896.0,0.024153947830200195,18.06501171912986,0.0001603317003482374,8.0,0.5088735695529538
0.0,FW_exact,exact,897.0,0.024179935455322266,18.065011716969927,0.0002023888672493257,8.0,0.5088735694921106
0.0,FW_exact,exact,898.0,0.02420496940612793,18.065011715202953,0.00020835976860489325,8.0,0.5088735694423367
0.0,FW_exact,exact,899.0,0.02422809600830078,18.0650117138194,0.00013431209750258688,8.0,0.5088735694033634
0.0,FW_exact,exact,900.0,0.024253129959106445,18.065011711985214,0.00018650326412128493,8.0,0.5088735693516961
0.0,FW_exact,exact,901.0,0.024277925491333008,18.06501170979678,0.00020485891082699936,8.0,0.5088735692900502
0.0,FW_exact,exact,902.0,0.02430415153503418,18.065011707865335,0.00015869411975799608,8.0,0.5088735692356432
0.0,FW_exact,exact,903.0,0.02432703971862793,18.065011706555726,0.0001748299635160322,8.0,0.5088735691987528
0.0,FW_exact,exact,904.0,0.024350881576538086,18.065011705679893,0.0001466924291850802,8.0,0.5088735691740816
0.0,FW_exact,exact,905.0,0.02437591552734375,18.065011703972743,0.00017992868192173717,8.0,0.5088735691259928
0.0,FW_exact,exact,906.0,0.024399995803833008,18.065011701676116,0.00017304788227789913,8.0,0.5088735690612991
0.0,FW_exact,exact,907.0,0.024425983428955078,18.065011700140303,0.00017161500729301338,8.0,0.5088735690180367
0.0,FW_exact,exact,908.0,0.024450063705444336,18.065011698574665,0.00017231004751394607,8.0,0.5088735689739342
0.0,FW_exact,exact,909.0,0.024474143981933594,18.065011696611368,0.00021963068095587346,8.0,0.5088735689186301
0.0,FW_exact,exact,910.0,0.024498939514160156,18.06501169448687,0.0001664360281132815,8.0,0.5088735688587851
0.0,FW_exact,exact,911.0,0.024523019790649414,18.065011692017542,0.0002163994093624666,8.0,0.5088735687892265
0.0,FW_exact,exact,912.0,0.024549007415771484,18.06501169076079,0.00015524236295227922,8.0,0.5088735687538251
0.0,FW_exact,exact,913.0,0.024573087692260742,18.06501168876319,0.00016138895943029752,8.0,0.5088735686975546
0.0,FW_exact,exact,914.0,0.0245969295501709,18.065011687378625,0.00018444000041029085,8.0,0.5088735686585528
0.0,FW_exact,exact,915.0,0.024621963500976562,18.065011684587166,0.00023008227201692932,8.0,0.5088735685799202
0.0,FW_exact,exact,916.0,0.02464604377746582,18.06501168293445,0.0001467974091760027,8.0,0.5088735685333649
0.0,FW_exact,exact,917.0,0.024672985076904297,18.065011681260657,0.0001791586598915984,8.0,0.5088735684862157
0.0,FW_exact,exact,918.0,0.024697065353393555,18.06501168029413,0.0001541004335336993,8.0,0.5088735684589896
0.0,FW_exact,exact,919.0,0.024721145629882812,18.065011677931377,0.00021167769204666342,8.0,0.5088735683924331
0.0,FW_exact,exact,920.0,0.02474498748779297,18.065011675370805,0.00018272146425069025,8.0,0.5088735683203044
0.0,FW_exact,exact,921.0,0.024773120880126953,18.065011674252734,0.0001456121626777218,8.0,0.5088735682888094
0.0,FW_exact,exact,922.0,0.024798870086669922,18.065011672366996,0.00021524865199396004,8.0,0.5088735682356901
0.0,FW_exact,exact,923.0,0.02482295036315918,18.065011671005937,0.00016155663296935074,8.0,0.5088735681973503
0.0,FW_exact,exact,924.0,0.024850845336914062,18.065011669313694,0.0001485419864639681,8.0,0.5088735681496815
0.0,FW_exact,exact,925.0,0.024873971939086914,18.065011666454446,0.00023285961884944584,8.0,0.5088735680691393
0.0,FW_exact,exact,926.0,0.024898052215576172,18.06501166565469,0.0001576463089012492,8.0,0.508873568046611
0.0,FW_exact,exact,927.0,0.024923086166381836,18.06501166434806,0.0001305248184166885,8.0,0.5088735680098045
0.0,FW_exact,exact,928.0,0.024946928024291992,18.065011663038348,0.00015847995333118092,8.0,0.5088735679729112
0.0,FW_exact,exact,929.0,0.02497410774230957,18.065011661501394,0.0001707242791972874,8.0,0.5088735679296167
0.0,FW_exact,exact,930.0,0.024998188018798828,18.06501165950078,0.00022170775904406526,8.0,0.5088735678732614
0.0,FW_exact,exact,931.0,0.025021791458129883,18.065011657483595,0.00016217792782136087,8.0,0.5088735678164393
0.0,FW_exact,exact,932.0,0.02504587173461914,18.06501165507328,0.00021379849642322313,8.0,0.5088735677485431
0.0,FW_exact,exact,933.0,0.025071144104003906,18.065011653856544,0.00015275078563981026,8.0,0.5088735677142688
0.0,FW_exact,exact,934.0,0.025096893310546875,18.06501165191088,0.0001592768315727966,8.0,0.5088735676594613
0.0,FW_exact,exact,935.0,0.025120019912719727,18.0650116505675,0.00018167640959809717,8.0,0.5088735676216197
0.0,FW_exact,exact,936.0,0.025144100189208984,18.065011647854018,0.00022684582715726265,8.0,0.5088735675451836
0.0,FW_exact,exact,937.0,0.02516913414001465,18.06501164624787,0.00014471368715085475,8.0,0.5088735674999401
0.0,FW_exact,exact,938.0,0.025192975997924805,18.06501164461992,0.00017668854644625753,8.0,0.5088735674540822
0.0,FW_exact,exact,939.0,0.025218963623046875,18.06501164368041,0.00015193174081495897,8.0,0.5088735674276172
0.0,FW_exact,exact,940.0,0.025243043899536133,18.065011641383773,0.0002086950635078466,8.0,0.5088735673629232
0.0,FW_exact,exact,941.0,0.02526688575744629,18.065011638894415,0.00018016238380802463,8.0,0.5088735672928004
0.0,FW_exact,exact,942.0,0.025290966033935547,18.065011637807444,0.00014357299128064938,8.0,0.5088735672621816
0.0,FW_exact,exact,943.0,0.02531599998474121,18.065011635974297,0.00021222556551769856,8.0,0.5088735672105436
0.0,FW_exact,exact,944.0,0.02534198760986328,18.06501163465116,0.00015929001706638246,8.0,0.5088735671732721
0.0,FW_exact,exact,945.0,0.02536606788635254,18.065011633006034,0.00014645988524186748,8.0,0.5088735671269305
0.0,FW_exact,exact,946.0,0.025389909744262695,18.065011630226422,0.00022959326608607,8.0,0.5088735670486316
0.0,FW_exact,exact,947.0,0.02541518211364746,18.065011629276654,0.00015275821289861824,8.0,0.5088735670218776
0.0,FW_exact,exact,948.0,0.025439023971557617,18.065011627709048,0.00014296752012299407,8.0,0.5088735669777197
0.0,FW_exact,exact,949.0,0.025465011596679688,18.065011626145484,0.00017219577165406008,8.0,0.5088735669336756
0.0,FW_exact,exact,950.0,0.025489091873168945,18.065011623952458,0.00020507339030828575,8.0,0.5088735668719002
0.0,FW_exact,exact,951.0,0.0255129337310791,18.065011622205738,0.00015091459567528887,8.0,0.5088735668226968
0.0,FW_exact,exact,952.0,0.025537967681884766,18.065011620867637,0.00020266525009660086,8.0,0.5088735667850038
0.0,FW_exact,exact,953.0,0.02556300163269043,18.065011619628386,0.00015330057703977218,8.0,0.5088735667500954
0.0,FW_exact,exact,954.0,0.0255889892578125,18.06501161874179,0.00014759072774239712,8.0,0.5088735667251209
0.0,FW_exact,exact,955.0,0.025614023208618164,18.06501161720214,0.00014168685471638298,8.0,0.5088735666817504
0.0,FW_exact,exact,956.0,0.025638103485107422,18.065011615453336,0.0001831288548661547,8.0,0.5088735666324884
0.0,FW_exact,exact,957.0,0.025661945343017578,18.065011613217422,0.0002059181144318245,8.0,0.5088735665695049
0.0,FW_exact,exact,958.0,0.025686979293823242,18.065011611171254,0.00016333885775132728,8.0,0.5088735665118663
0.0,FW_exact,exact,959.0,0.025713205337524414,18.065011609804845,0.0001785815708092997,8.0,0.5088735664733759
0.0,FW_exact,exact,960.0,0.02573680877685547,18.06501160879761,0.00015731186357115234,8.0,0.5088735664450031
0.0,FW_exact,exact,961.0,0.025760889053344727,18.065011607678592,0.00014567415323973876,8.0,0.5088735664134815
0.0,FW_exact,exact,962.0,0.025784969329833984,18.065011605794943,0.00015671784175452785,8.0,0.5088735663604209
0.0,FW_exact,exact,963.0,0.02581000328063965,18.06501160366737,0.0002019907736556803,8.0,0.5088735663004893
0.0,FW_exact,exact,964.0,0.02583599090576172,18.06501160222501,0.0001653867041735424,8.0,0.5088735662598595
0.0,FW_exact,exact,965.0,0.025860071182250977,18.065011600638922,0.00019740654601108076,8.0,0.5088735662151809
0.0,FW_exact,exact,966.0,0.025884151458740234,18.065011598460824,0.0001685230005072924,8.0,0.5088735661538261
0.0,FW_exact,exact,967.0,0.02590799331665039,18.06501159614452,0.0002095870166716196,8.0,0.508873566088578
0.0,FW_exact,exact,968.0,0.025934934616088867,18.065011594933324,0.00015240276860239987,8.0,0.5088735660544599
0.0,FW_exact,exact,969.0,0.025960922241210938,18.065011593045934,0.0001568735381223263,8.0,0.508873566001294
0.0,FW_exact,exact,970.0,0.025986909866333008,18.06501159172117,0.00018041234801557948,8.0,0.5088735659639766
0.0,FW_exact,exact,971.0,0.026012897491455078,18.065011589066383,0.00022437894739013586,8.0,0.5088735658891939
0.0,FW_exact,exact,972.0,0.026037931442260742,18.06501158749323,0.00014322010561862442,8.0,0.5088735658448797
0.0,FW_exact,exact,973.0,0.026062965393066406,18.065011585904323,0.00017455653559572681,8.0,0.5088735658001218
0.0,FW_exact,exact,974.0,0.02608776092529297,18.065011584985054,0.00015028580196840835,8.0,0.5088735657742269
0.0,FW_exact,exact,975.0,0.026113033294677734,18.065011582737576,0.00020644981209372304,8.0,0.5088735657109176
0.0,FW_exact,exact,976.0,0.026139020919799805,18.065011580303263,0.00017815927902731232,8.0,0.5088735656423454
0.0,FW_exact,exact,977.0,0.02616286277770996,18.06501157963765,0.00014381977745436814,8.0,0.5088735656235958
0.0,FW_exact,exact,978.0,0.02618694305419922,18.065011578044,0.00017384481724391776,8.0,0.5088735655787042
0.0,FW_exact,exact,979.0,0.026211977005004883,18.06501157677077,0.00017686803936101114,8.0,0.5088735655428387
0.0,FW_exact,exact,980.0,0.026237010955810547,18.065011575421003,0.00016088565076088912,8.0,0.508873565504817
0.0,FW_exact,exact,981.0,0.026262998580932617,18.065011573403424,0.00016219350978730063,8.0,0.5088735654479838
0.0,FW_exact,exact,982.0,0.026287078857421875,18.065011570638976,0.00022896650776260685,8.0,0.508873565370112
0.0,FW_exact,exact,983.0,0.026311159133911133,18.06501156965021,0.00015586366759556824,8.0,0.5088735653422595
0.0,FW_exact,exact,984.0,0.026335954666137695,18.065011568082472,0.00014297316044320496,8.0,0.5088735652980978
0.0,FW_exact,exact,985.0,0.026360034942626953,18.065011566457112,0.0001765474337069861,8.0,0.508873565252313
0.0,FW_exact,exact,986.0,0.026386022567749023,18.065011564158638,0.0002087788607880725,8.0,0.5088735651875673
0.0,FW_exact,exact,987.0,0.02640986442565918,18.065011562118688,0.00016309097617828172,8.0,0.5088735651301038
0.0,FW_exact,exact,988.0,0.026433944702148438,18.06501156084103,0.00017717579029863373,8.0,0.5088735650941135
0.0,FW_exact,exact,989.0,0.0264589786529541,18.065011558783272,0.00019754310081054882,8.0,0.5088735650361486
0.0,FW_exact,exact,990.0,0.026484012603759766,18.06501155751859,0.0001557321095031483,8.0,0.5088735650005237
0.0,FW_exact,exact,991.0,0.026510000228881836,18.06501155527312,0.0001711093485177173,8.0,0.508873564937271
0.0,FW_exact,exact,992.0,0.026534080505371094,18.065011553792203,0.00016758282490059173,8.0,0.508873564895555
0.0,FW_exact,exact,993.0,0.02655792236328125,18.065011551736102,0.00022476176192931518,8.0,0.5088735648376367
0.0,FW_exact,exact,994.0,0.026582002639770508,18.065011550684666,0.0001170860923132011,8.0,0.5088735648080187
0.0,FW_exact,exact,995.0,0.026607036590576172,18.065011548994516,0.00017903142987307774,8.0,0.5088735647604089
0.0,FW_exact,exact,996.0,0.02663278579711914,18.0650115469849,0.00019631106492390415,8.0,0.5088735647038
0.0,FW_exact,exact,997.0,0.0266568660736084,18.065011545207273,0.00015224307433392426,8.0,0.508873564653726
0.0,FW_exact,exact,998.0,0.026680946350097656,18.065011543845777,0.00016068406826441617,8.0,0.508873564615374
0.0,FW_exact,exact,999.0,0.026706218719482422,18.06501154159575,0.00023512236190548208,8.0,0.508873564551993
0.0,FW_exact,exact,1000.0,0.026729822158813477,18.06501154059077,0.00011447069375769559,8.0,0.5088735645236837
0.0,FW_exact,exact,1001.0,0.02675604820251465,18.065011538865175,0.00018089834861712006,8.0,0.5088735644750754
0.0,FW_exact,exact,1002.0,0.026780128479003906,18.06501153704171,0.00018699802951971378,8.0,0.5088735644237101
0.0,FW_exact,exact,1003.0,0.026803970336914062,18.065011536262574,0.00015560064259823037,8.0,0.5088735644017627
0.0,FW_exact,exact,1004.0,0.026829004287719727,18.065011534453195,0.00015359755668953312,8.0,0.5088735643507942
0.0,FW_exact,exact,1005.0,0.02685403823852539,18.065011532460915,0.00019437494870722105,8.0,0.5088735642946737
0.0,FW_exact,exact,1006.0,0.02688002586364746,18.065011530846466,0.00019916412477982703,8.0,0.5088735642491962
0.0,FW_exact,exact,1007.0,0.02690410614013672,18.065011529572406,0.00012888811826528013,8.0,0.5088735642133072
0.0,FW_exact,exact,1008.0,0.026928186416625977,18.065011527888984,0.00017867420506689768,8.0,0.5088735641658869
0.0,FW_exact,exact,1009.0,0.026953935623168945,18.065011525877548,0.00019639953680439248,8.0,0.5088735641092267
0.0,FW_exact,exact,1010.0,0.026981115341186523,18.06501152410393,0.00015207175853504395,8.0,0.5088735640592656
0.0,FW_exact,exact,1011.0,0.027006864547729492,18.065011522876745,0.00016923915909394793,8.0,0.5088735640246971
0.0,FW_exact,exact,1012.0,0.027031898498535156,18.06501152207426,0.0001404149611055061,8.0,0.5088735640020918
0.0,FW_exact,exact,1013.0,0.027058839797973633,18.06501152051507,0.0001719548720799935,8.0,0.5088735639581711
0.0,FW_exact,exact,1014.0,0.027085065841674805,18.065011518398645,0.00016611995592796802,8.0,0.5088735638985534
0.0,FW_exact,exact,1015.0,0.027111053466796875,18.0650115169889,0.00016442029085617094,8.0,0.5088735638588423
0.0,FW_exact,exact,1016.0,0.02713489532470703,18.06501151554724,0.00016534737317286385,8.0,0.5088735638182321
0.0,FW_exact,exact,1017.0,0.02715897560119629,18.06501151374533,0.0002104096828681179,8.0,0.5088735637674741
0.0,FW_exact,exact,1018.0,0.027184009552001953,18.065011511791745,0.0001596007933635235,8.0,0.5088735637124435
0.0,FW_exact,exact,1019.0,0.02720785140991211,18.065011509522733,0.00020743632143549462,8.0,0.5088735636485276
0.0,FW_exact,exact,1020.0,0.02723407745361328,18.06501150836708,0.00014886739293018536,8.0,0.508873563615974
0.0,FW_exact,exact,1021.0,0.02725815773010254,18.06501150653115,0.00015472016331052885,8.0,0.5088735635642577
0.0,FW_exact,exact,1022.0,0.0272829532623291,18.065011505258614,0.0001768204215775171,8.0,0.5088735635284116
0.0,FW_exact,exact,1023.0,0.02730703353881836,18.065011502692855,0.00022058446179329394,8.0,0.5088735634561368
0.0,FW_exact,exact,1024.0,0.027332067489624023,18.065011501173768,0.00014073754006282968,8.0,0.5088735634133456
0.0,FW_exact,exact,1025.0,0.027357816696166992,18.06501149963534,0.00017176114672956544,8.0,0.5088735633700096
0.0,FW_exact,exact,1026.0,0.02738189697265625,18.06501149874695,0.00014774000072037552,8.0,0.5088735633449846
0.0,FW_exact,exact,1027.0,0.027405977249145508,18.065011496575227,0.00020294032185752542,8.0,0.5088735632838092
0.0,FW_exact,exact,1028.0,0.027431011199951172,18.065011494221665,0.00017517943212475018,8.0,0.5088735632175116
0.0,FW_exact,exact,1029.0,0.027454853057861328,18.06501149319399,0.00013960236648813407,8.0,0.508873563188563
0.0,FW_exact,exact,1030.0,0.0274810791015625,18.06501149146068,0.00020636521500705385,8.0,0.5088735631397375
0.0,FW_exact,exact,1031.0,0.027506113052368164,18.06501149020963,0.00015488953475006895,8.0,0.5088735631044966
0.0,FW_exact,exact,1032.0,0.02752995491027832,18.06501148865418,0.00014241216756616382,8.0,0.5088735630606811
0.0,FW_exact,exact,1033.0,0.02755594253540039,18.065011486026023,0.0002232508187400839,8.0,0.5088735629866485
0.0,FW_exact,exact,1034.0,0.027581214904785156,18.06501148529198,0.00015103083467593592,8.0,0.5088735629659712
0.0,FW_exact,exact,1035.0,0.02760481834411621,18.065011484090984,0.00012513731629226754,8.0,0.5088735629321404
0.0,FW_exact,exact,1036.0,0.027630090713500977,18.065011482887105,0.00015194196676304728,8.0,0.5088735628982283
0.0,FW_exact,exact,1037.0,0.027654170989990234,18.065011481474798,0.00016365475114277217,8.0,0.508873562858445
0.0,FW_exact,exact,1038.0,0.027679920196533203,18.06501147963543,0.0002125856085726241,8.0,0.5088735628066319
0.0,FW_exact,exact,1039.0,0.027704954147338867,18.06501147778151,0.0001554763550810634,8.0,0.5088735627544088
0.0,FW_exact,exact,1040.0,0.027729034423828125,18.065011475565928,0.00020497959442700164,8.0,0.508873562691998
0.0,FW_exact,exact,1041.0,0.027753829956054688,18.065011474447626,0.0001464415843237532,8.0,0.5088735626604965
0.0,FW_exact,exact,1042.0,0.027779102325439453,18.065011472659208,0.00015270515233467563,8.0,0.5088735626101185
0.0,FW_exact,exact,1043.0,0.027805805206298828,18.065011471424388,0.00017418032172500375,8.0,0.5088735625753349
0.0,FW_exact,exact,1044.0,0.02782893180847168,18.065011468930212,0.00021748565945145515,8.0,0.5088735625050764
0.0,FW_exact,exact,1045.0,0.027853012084960938,18.065011467453868,0.0001387430892787478,8.0,0.5088735624634892
0.0,FW_exact,exact,1046.0,0.0278780460357666,18.065011465957458,0.00016939951723848878,8.0,0.5088735624213369
0.0,FW_exact,exact,1047.0,0.027902841567993164,18.06501146508059,0.0001640595804950351,8.0,0.5088735623966364
0.0,FW_exact,exact,1048.0,0.027929067611694336,18.065011464076516,0.00013798896994288157,8.0,0.5088735623683526
0.0,FW_exact,exact,1049.0,0.027953147888183594,18.065011462219523,0.00015560543199022447,8.0,0.5088735623160429
0.0,FW_exact,exact,1050.0,0.02797698974609375,18.065011460943573,0.00017705739840501167,8.0,0.5088735622801006
0.0,FW_exact,exact,1051.0,0.028002023696899414,18.065011459009128,0.00019153314032749336,8.0,0.5088735622256092
0.0,FW_exact,exact,1052.0,0.028028011322021484,18.06501145768641,0.00015926501336949173,8.0,0.5088735621883496
0.0,FW_exact,exact,1053.0,0.028057098388671875,18.06501145550171,0.00016877776818624568,8.0,0.5088735621268088
0.0,FW_exact,exact,1054.0,0.02809000015258789,18.06501145404105,0.00016643316538456077,8.0,0.5088735620856634
0.0,FW_exact,exact,1055.0,0.02811598777770996,18.065011452054726,0.0002209143457854168,8.0,0.5088735620297106
0.0,FW_exact,exact,1056.0,0.02814006805419922,18.065011451022297,0.00011602384417130907,8.0,0.508873562000628
0.0,FW_exact,exact,1057.0,0.02816605567932129,18.06501144937554,0.00017671770136473697,8.0,0.5088735619542406
0.0,FW_exact,exact,1058.0,0.028189897537231445,18.06501144741141,0.0001940762968857257,8.0,0.508873561898913
0.0,FW_exact,exact,1059.0,0.028213977813720703,18.065011445677516,0.00015035909820682036,8.0,0.5088735618500709
0.0,FW_exact,exact,1060.0,0.028239011764526367,18.065011444348848,0.00015873481432748804,8.0,0.5088735618126436
0.0,FW_exact,exact,1061.0,0.02826380729675293,18.065011442152972,0.00023227597013253387,8.0,0.5088735617507879
0.0,FW_exact,exact,1062.0,0.028296947479248047,18.065011441172206,0.00011308285802869023,8.0,0.5088735617231608
0.0,FW_exact,exact,1063.0,0.028321027755737305,18.06501143948817,0.0001787069212930703,8.0,0.5088735616757231
0.0,FW_exact,exact,1064.0,0.028347015380859375,18.065011437708932,0.0001847160369674583,8.0,0.5088735616256037
0.0,FW_exact,exact,1065.0,0.02837085723876953,18.065011436009275,0.00014886741084119137,8.0,0.508873561577726
0.0,FW_exact,exact,1066.0,0.02839493751525879,18.065011434663052,0.00017725713318128555,8.0,0.5088735615398043
0.0,FW_exact,exact,1067.0,0.028419971466064453,18.065011433921665,0.00013496379094668498,8.0,0.5088735615189202
0.0,FW_exact,exact,1068.0,0.02844405174255371,18.06501143252093,0.000162982863891159,8.0,0.5088735614794628
0.0,FW_exact,exact,1069.0,0.028470993041992188,18.065011430477,0.00016325010436979426,8.0,0.5088735614218873
0.0,FW_exact,exact,1070.0,0.028495073318481445,18.065011429147564,0.00015966864921601598,8.0,0.5088735613844384
0.0,FW_exact,exact,1071.0,0.028522014617919922,18.065011427761824,0.00016210803265792606,8.0,0.5088735613454035
0.0,FW_exact,exact,1072.0,0.028548002243041992,18.065011426075962,0.00020352149296165578,8.0,0.5088735612979144
0.0,FW_exact,exact,1073.0,0.028572797775268555,18.06501142421571,0.0001557414147015379,8.0,0.508873561245513
0.0,FW_exact,exact,1074.0,0.028599023818969727,18.065011422069734,0.0002017341183364607,8.0,0.5088735611850629
0.0,FW_exact,exact,1075.0,0.028623104095458984,18.06501142097017,0.00014520988107591393,8.0,0.5088735611540892
0.0,FW_exact,exact,1076.0,0.028647184371948242,18.065011419230995,0.00015058735198003603,8.0,0.5088735611050984
0.0,FW_exact,exact,1077.0,0.028671979904174805,18.065011418025215,0.00017212043090886198,8.0,0.5088735610711328
0.0,FW_exact,exact,1078.0,0.02869701385498047,18.06501141559304,0.00021476559837019238,8.0,0.5088735610026208
0.0,FW_exact,exact,1079.0,0.02872300148010254,18.065011414153105,0.0001370213414801924,8.0,0.5088735609620593
0.0,FW_exact,exact,1080.0,0.02874588966369629,18.06501141269518,0.00016720711527362653,8.0,0.508873560920991
0.0,FW_exact,exact,1081.0,0.028769969940185547,18.065011411853057,0.0001438413225454127,8.0,0.5088735608972692
0.0,FW_exact,exact,1082.0,0.02879619598388672,18.06501140979456,0.00019757931119990246,8.0,0.5088735608392834
0.0,FW_exact,exact,1083.0,0.028819799423217773,18.065011407563798,0.00017054808855299086,8.0,0.508873560776445
0.0,FW_exact,exact,1084.0,0.028846025466918945,18.065011406906724,0.00014289310764503682,8.0,0.5088735607579359
0.0,FW_exact,exact,1085.0,0.028871774673461914,18.06501140542596,0.00016757461700755982,8.0,0.5088735607162242
0.0,FW_exact,exact,1086.0,0.02889704704284668,18.06501140427598,0.00016808989932393104,8.0,0.5088735606838305
0.0,FW_exact,exact,1087.0,0.028922080993652344,18.06501140303729,0.00015412300504102916,8.0,0.5088735606489377
0.0,FW_exact,exact,1088.0,0.028946876525878906,18.06501140117351,0.0001558892500028719,8.0,0.508873560596437
0.0,FW_exact,exact,1089.0,0.02897191047668457,18.065011398638944,0.0002192396635010141,8.0,0.5088735605250407
0.0,FW_exact,exact,1090.0,0.028995990753173828,18.06501139773083,0.0001493710118758429,8.0,0.5088735604994601
0.0,FW_exact,exact,1091.0,0.0290219783782959,18.065011396293144,0.000136914522700593,8.0,0.5088735604589618
0.0,FW_exact,exact,1092.0,0.029047012329101562,18.06501139479854,0.0001692975762193072,8.0,0.5088735604168603
0.0,FW_exact,exact,1093.0,0.029072046279907227,18.06501139268883,0.00020002166253618725,8.0,0.5088735603574318
0.0,FW_exact,exact,1094.0,0.029098987579345703,18.065011390815368,0.00015629362343894115,8.0,0.5088735603046582
0.0,FW_exact,exact,1095.0,0.029124021530151367,18.065011389642578,0.00016974949761383584,8.0,0.5088735602716219
0.0,FW_exact,exact,1096.0,0.02914881706237793,18.06501138775309,0.00018929451585059098,8.0,0.5088735602183968
0.0,FW_exact,exact,1097.0,0.0291750431060791,18.06501138659185,0.00014922643555870252,8.0,0.5088735601856859
0.0,FW_exact,exact,1098.0,0.029201030731201172,18.065011384530063,0.00016396125555040442,8.0,0.5088735601276074
0.0,FW_exact,exact,1099.0,0.029224872589111328,18.065011383170283,0.0001605826785571196,8.0,0.5088735600893037
0.0,FW_exact,exact,1100.0,0.029249906539916992,18.06501138128231,0.0002153756882083968,8.0,0.5088735600361214
0.0,FW_exact,exact,1101.0,0.029276132583618164,18.065011380316882,0.00011219604195744637,8.0,0.5088735600089263
0.0,FW_exact,exact,1102.0,0.029301881790161133,18.06501137876493,0.00017155519346623294,8.0,0.5088735599652092
0.0,FW_exact,exact,1103.0,0.02932596206665039,18.065011376919653,0.0001881127948646366,8.0,0.5088735599132297
0.0,FW_exact,exact,1104.0,0.02935004234313965,18.065011375287394,0.0001458859742662355,8.0,0.5088735598672506
0.0,FW_exact,exact,1105.0,0.02937483787536621,18.065011374355347,0.0001691418680085377,8.0,0.5088735598409957
0.0,FW_exact,exact,1106.0,0.02939891815185547,18.065011373212286,0.000147230682703281,8.0,0.5088735598087968
0.0,FW_exact,exact,1107.0,0.02942514419555664,18.06501137229573,0.0001500638018629985,8.0,0.5088735597829783
0.0,FW_exact,exact,1108.0,0.029448986053466797,18.065011370962612,0.00013184145370637168,8.0,0.5088735597454257
0.0,FW_exact,exact,1109.0,0.029473066329956055,18.065011369429907,0.00017144145121861243,8.0,0.5088735597022509
0.0,FW_exact,exact,1110.0,0.02949810028076172,18.065011367390248,0.00019667314538907021,8.0,0.5088735596447957
0.0,FW_exact,exact,1111.0,0.02952289581298828,18.06501136554647,0.0001550503652811841,8.0,0.5088735595928584
0.0,FW_exact,exact,1112.0,0.02954888343811035,18.06501136441314,0.0001668688523839279,8.0,0.5088735595609336
0.0,FW_exact,exact,1113.0,0.02957296371459961,18.065011362565134,0.00018720523863358096,8.0,0.508873559508877
0.0,FW_exact,exact,1114.0,0.029596805572509766,18.065011361430564,0.00014750297082422037,8.0,0.5088735594769173
0.0,FW_exact,exact,1115.0,0.029623031616210938,18.06501135941738,0.0001620174966614485,8.0,0.5088735594202078
0.0,FW_exact,exact,1116.0,0.029649019241333008,18.06501135808949,0.00015868828601739438,8.0,0.5088735593828025
0.0,FW_exact,exact,1117.0,0.029672861099243164,18.06501135624457,0.0002129061894837747,8.0,0.508873559330833
0.0,FW_exact,exact,1118.0,0.029697895050048828,18.065011355301635,0.00011088061345176925,8.0,0.5088735593042715
0.0,FW_exact,exact,1119.0,0.029723167419433594,18.065011353785476,0.00016956518621569217,8.0,0.5088735592615627
0.0,FW_exact,exact,1120.0,0.029748916625976562,18.065011351983298,0.0001859031792719179,8.0,0.5088735592107971
0.0,FW_exact,exact,1121.0,0.029775142669677734,18.06501135130406,0.00014528324641993606,8.0,0.5088735591916637
0.0,FW_exact,exact,1122.0,0.029799222946166992,18.065011349649158,0.0001468942903688486,8.0,0.5088735591450467
0.0,FW_exact,exact,1123.0,0.029824018478393555,18.065011347814494,0.0001865279227573069,8.0,0.5088735590933661
0.0,FW_exact,exact,1124.0,0.029848098754882812,18.06501134633045,0.00019095022776483006,8.0,0.508873559051562
0.0,FW_exact,exact,1125.0,0.029874801635742188,18.065011345157547,0.00012366585663059482,8.0,0.5088735590185225
0.0,FW_exact,exact,1126.0,0.029900074005126953,18.065011343608756,0.00017138024178464661,8.0,0.5088735589748945
0.0,FW_exact,exact,1127.0,0.029926061630249023,18.065011341760066,0.00018828686844685194,8.0,0.5088735589228187
0.0,FW_exact,exact,1128.0,0.029952049255371094,18.06501134012887,0.0001458381277519294,8.0,0.5088735588768696
0.0,FW_exact,exact,1129.0,0.02997589111328125,18.065011338841252,0.0001733561296184405,8.0,0.5088735588405987
0.0,FW_exact,exact,1130.0,0.029999971389770508,18.06501133811548,0.00013353512372660248,8.0,0.5088735588201543
0.0,FW_exact,exact,1131.0,0.030025005340576172,18.065011336736507,0.0001617118626295877,8.0,0.50887355878131
0.0,FW_exact,exact,1132.0,0.030050992965698242,18.065011334746064,0.00016109974228584178,8.0,0.5088735587252412
0.0,FW_exact,exact,1133.0,0.030077219009399414,18.065011333454585,0.0001573725410501936,8.0,0.5088735586888615
0.0,FW_exact,exact,1134.0,0.030102968215942383,18.065011332105772,0.00015993424231908193,8.0,0.5088735586508668
0.0,FW_exact,exact,1135.0,0.030126094818115234,18.065011330457406,0.0002012446806158863,8.0,0.508873558604434
0.0,FW_exact,exact,1136.0,0.030150175094604492,18.065011328646516,0.00015366128261362633,8.0,0.508873558553423
0.0,FW_exact,exact,1137.0,0.030174970626831055,18.065011326553943,0.00019920827591946022,8.0,0.5088735584944772
0.0,FW_exact,exact,1138.0,0.030199050903320312,18.065011325482793,0.00014332104977476945,8.0,0.508873558464304
0.0,FW_exact,exact,1139.0,0.030225038528442383,18.065011323787353,0.0001486825623118193,8.0,0.5088735584165451
0.0,FW_exact,exact,1140.0,0.030251026153564453,18.06501132261205,0.00016993035265677747,8.0,0.5088735583834381
0.0,FW_exact,exact,1141.0,0.030277013778686523,18.06501132024135,0.00021203387506218974,8.0,0.5088735583166577
0.0,FW_exact,exact,1142.0,0.03030085563659668,18.06501131883782,0.00013527856381223557,8.0,0.5088735582771217
0.0,FW_exact,exact,1143.0,0.030324935913085938,18.065011317416655,0.00016508492159417187,8.0,0.5088735582370889
0.0,FW_exact,exact,1144.0,0.030349016189575195,18.06501131659582,0.00014201223595655676,8.0,0.5088735582139668
0.0,FW_exact,exact,1145.0,0.03037405014038086,18.06501131458932,0.0001950675798063628,8.0,0.5088735581574456
0.0,FW_exact,exact,1146.0,0.03040003776550293,18.065011312414892,0.0001683810834087751,8.0,0.5088735580961942
0.0,FW_exact,exact,1147.0,0.030426025390625,18.065011311465422,0.00013418512809693084,8.0,0.5088735580694486
0.0,FW_exact,exact,1148.0,0.03045201301574707,18.065011309863987,0.00019835915493082723,8.0,0.5088735580243376
0.0,FW_exact,exact,1149.0,0.03047490119934082,18.065011308708126,0.00014888065141072104,8.0,0.5088735579917782
0.0,FW_exact,exact,1150.0,0.030499935150146484,18.065011307271018,0.00013688709172754443,8.0,0.5088735579512963
0.0,FW_exact,exact,1151.0,0.030524015426635742,18.065011304842805,0.0002145903798300708,8.0,0.5088735578828959
0.0,FW_exact,exact,1152.0,0.030549049377441406,18.065011304013105,0.00014277679928476061,8.0,0.508873557859524
0.0,FW_exact,exact,1153.0,0.030575037002563477,18.065011302643644,0.00013362622715362704,8.0,0.5088735578209477
0.0,FW_exact,exact,1154.0,0.03059983253479004,18.06501130127772,0.0001609453346702594,8.0,0.508873557782471
0.0,FW_exact,exact,1155.0,0.030627012252807617,18.0650112993619,0.00019167463645608507,8.0,0.5088735577285042
0.0,FW_exact,exact,1156.0,0.03065013885498047,18.065011298717753,0.00014148095336530275,8.0,0.5088735577103592
0.0,FW_exact,exact,1157.0,0.030674219131469727,18.065011297134202,0.00014369259698021608,8.0,0.5088735576657522
0.0,FW_exact,exact,1158.0,0.03069901466369629,18.065011295343268,0.0001842911147171833,8.0,0.5088735576153033
0.0,FW_exact,exact,1159.0,0.030724048614501953,18.065011293853562,0.00019131509118786028,8.0,0.5088735575733397
0.0,FW_exact,exact,1160.0,0.030749797821044922,18.065011292703012,0.00012248137220538524,8.0,0.5088735575409299
0.0,FW_exact,exact,1161.0,0.030776023864746094,18.065011291168737,0.00017057550077836936,8.0,0.5088735574977109
0.0,FW_exact,exact,1162.0,0.030802011489868164,18.06501128936559,0.0001859528114334097,8.0,0.508873557446918
0.0,FW_exact,exact,1163.0,0.030824899673461914,18.065011287758573,0.0001447534968477271,8.0,0.50887355740165
0.0,FW_exact,exact,1164.0,0.030848979949951172,18.065011286529984,0.00015263946498755843,8.0,0.5088735573670418
0.0,FW_exact,exact,1165.0,0.030874013900756836,18.06501128445138,0.0002259878087507161,8.0,0.5088735573084896
0.0,FW_exact,exact,1166.0,0.0308988094329834,18.06501128353955,0.00010903665761397008,8.0,0.5088735572828043
0.0,FW_exact,exact,1167.0,0.03092503547668457,18.06501128195981,0.00017308454923714578,8.0,0.5088735572383045
0.0,FW_exact,exact,1168.0,0.030950069427490234,18.06501128030443,0.00017817051299751085,8.0,0.508873557191674
0.0,FW_exact,exact,1169.0,0.030976057052612305,18.065011278714493,0.00014398179236252417,8.0,0.5088735571468871
0.0,FW_exact,exact,1170.0,0.03099989891052246,18.06501127752067,0.00015046443473742954,8.0,0.5088735571132583
0.0,FW_exact,exact,1171.0,0.03102397918701172,18.06501127550143,0.00022273728512089974,8.0,0.5088735570563783
0.0,FW_exact,exact,1172.0,0.031049013137817383,18.065011274615465,0.00010747970136826268,8.0,0.5088735570314216
0.0,FW_exact,exact,1173.0,0.03107285499572754,18.065011273080668,0.00017060422991299617,8.0,0.5088735569881878
0.0,FW_exact,exact,1174.0,0.03109908103942871,18.065011271462613,0.0001761503466966019,8.0,0.5088735569426088
0.0,FW_exact,exact,1175.0,0.03112483024597168,18.06501126991471,0.00014206572037700482,8.0,0.5088735568990059
0.0,FW_exact,exact,1176.0,0.03115105628967285,18.065011268700463,0.0001683450506888562,8.0,0.5088735568648017
0.0,FW_exact,exact,1177.0,0.03117513656616211,18.06501126802509,0.00012881494492766876,8.0,0.5088735568457772
0.0,FW_exact,exact,1178.0,0.031198978424072266,18.065011266746396,0.00015572124037710466,8.0,0.5088735568097577
0.0,FW_exact,exact,1179.0,0.031224966049194336,18.06501126488891,0.00015562555273085366,8.0,0.5088735567574341
0.0,FW_exact,exact,1180.0,0.031249046325683594,18.065011263678226,0.00015237070084950233,8.0,0.5088735567233303
0.0,FW_exact,exact,1181.0,0.03127598762512207,18.06501126241838,0.0001545694758373628,8.0,0.5088735566878417
0.0,FW_exact,exact,1182.0,0.031301021575927734,18.06501126088317,0.00019421476651437786,8.0,0.5088735566445963
0.0,FW_exact,exact,1183.0,0.03132486343383789,18.06501125919069,0.00014855245636091752,8.0,0.5088735565969209
0.0,FW_exact,exact,1184.0,0.031349897384643555,18.065011257237554,0.00019245636447706715,8.0,0.5088735565419029
0.0,FW_exact,exact,1185.0,0.03137397766113281,18.06501125623715,0.00013850728251973976,8.0,0.5088735565137225
0.0,FW_exact,exact,1186.0,0.03139996528625488,18.06501125465441,0.00014365571132834987,8.0,0.5088735564691383
0.0,FW_exact,exact,1187.0,0.03142595291137695,18.065011253760645,0.00016563258721369323,8.0,0.5088735564439618
0.0,FW_exact,exact,1188.0,0.031452178955078125,18.06501125279034,0.00013564903889573543,8.0,0.5088735564166293
0.0,FW_exact,exact,1189.0,0.03147602081298828,18.06501125173784,0.00016080806422102967,8.0,0.5088735563869814
0.0,FW_exact,exact,1190.0,0.03149986267089844,18.065011250520396,0.00012599192054807418,8.0,0.5088735563526872
0.0,FW_exact,exact,1191.0,0.031523942947387695,18.06501124908727,0.0001657786034670039,8.0,0.5088735563123175
0.0,FW_exact,exact,1192.0,0.03154921531677246,18.065011247082694,0.00019497426355385983,8.0,0.5088735562558505
0.0,FW_exact,exact,1193.0,0.03157496452331543,18.065011245297725,0.00015255772819955382,8.0,0.5088735562055697
0.0,FW_exact,exact,1194.0,0.031599998474121094,18.06501124420345,0.00016396824775810614,8.0,0.5088735561747451
0.0,FW_exact,exact,1195.0,0.031625986099243164,18.06501124241598,0.00018411276914598318,8.0,0.5088735561243938
0.0,FW_exact,exact,1196.0,0.03165006637573242,18.065011241313503,0.00014540291832787489,8.0,0.5088735560933381
0.0,FW_exact,exact,1197.0,0.03167414665222168,18.06501123936439,0.00015941799175323013,8.0,0.5088735560384335
0.0,FW_exact,exact,1198.0,0.03169822692871094,18.065011238077886,0.00015619585028936456,8.0,0.508873556002194
0.0,FW_exact,exact,1199.0,0.0317230224609375,18.065011236291742,0.00020948707816081935,8.0,0.5088735559518801
0.0,FW_exact,exact,1200.0,0.03174901008605957,18.06501123537834,0.00010913079679575333,8.0,0.5088735559261504
0.0,FW_exact,exact,1201.0,0.03177380561828613,18.065011233910056,0.00016686686451095056,8.0,0.5088735558847903
0.0,FW_exact,exact,1202.0,0.031800031661987305,18.065011232164707,0.00018294800269735845,8.0,0.5088735558356255
0.0,FW_exact,exact,1203.0,0.031823158264160156,18.065011230620577,0.00014189289218435874,8.0,0.5088735557921289
0.0,FW_exact,exact,1204.0,0.03184700012207031,18.06501122943794,0.00014975759382096498,8.0,0.5088735557588152
0.0,FW_exact,exact,1205.0,0.03187203407287598,18.06501122748336,0.00021914196823047405,8.0,0.5088735557037566
0.0,FW_exact,exact,1206.0,0.031896114349365234,18.065011226610387,0.00010668839044569722,8.0,0.5088735556791658
0.0,FW_exact,exact,1207.0,0.031922101974487305,18.065011225111398,0.00016860254065775848,8.0,0.5088735556369408
0.0,FW_exact,exact,1208.0,0.03194594383239746,18.065011223527385,0.00017428711156419752,8.0,0.5088735555923207
0.0,FW_exact,exact,1209.0,0.03197002410888672,18.065011222615016,0.00016838106785321827,8.0,0.5088735555666202
0.0,FW_exact,exact,1210.0,0.03199505805969238,18.065011221033643,0.00014359346469206002,8.0,0.5088735555220745
0.0,FW_exact,exact,1211.0,0.03201889991760254,18.065011219195856,0.00018668677117084087,8.0,0.5088735554703058
0.0,FW_exact,exact,1212.0,0.03204488754272461,18.06501121786939,0.00018052800403900449,8.0,0.5088735554329405
0.0,FW_exact,exact,1213.0,0.03207111358642578,18.065011216716965,0.00012258157696365402,8.0,0.5088735554004779
0.0,FW_exact,exact,1214.0,0.03209686279296875,18.065011215254398,0.00016654150329387107,8.0,0.5088735553592788
0.0,FW_exact,exact,1215.0,0.03212094306945801,18.065011213472534,0.0001848519473224286,8.0,0.5088735553090855
0.0,FW_exact,exact,1216.0,0.03214406967163086,18.065011211920837,0.00014223973754567965,8.0,0.5088735552653757
0.0,FW_exact,exact,1217.0,0.03216886520385742,18.065011210727796,0.00015041565510465205,8.0,0.5088735552317689
0.0,FW_exact,exact,1218.0,0.032196044921875,18.065011208715983,0.0002223275678225889,8.0,0.5088735551750981
0.0,FW_exact,exact,1219.0,0.03222298622131348,18.065011207831205,0.00010740692621524772,8.0,0.5088735551501747
0.0,FW_exact,exact,1220.0,0.03224802017211914,18.06501120630027,0.0001703899806919651,8.0,0.5088735551070498
0.0,FW_exact,exact,1221.0,0.03227400779724121,18.065011204696987,0.0001753442447363085,8.0,0.5088735550618869
0.0,FW_exact,exact,1222.0,0.03229999542236328,18.065011203156484,0.00014172600746498176,8.0,0.5088735550184925
0.0,FW_exact,exact,1223.0,0.03232598304748535,18.06501120199988,0.00014810030195278046,8.0,0.5088735549859121
0.0,FW_exact,exact,1224.0,0.03235197067260742,18.065011200043056,0.00021926801996663414,8.0,0.5088735549307903
0.0,FW_exact,exact,1225.0,0.03237795829772949,18.065011199184646,0.00010579454558623524,8.0,0.5088735549066098
0.0,FW_exact,exact,1226.0,0.03240203857421875,18.06501119769744,0.00016793831891703803,8.0,0.5088735548647166
0.0,FW_exact,exact,1227.0,0.032425880432128906,18.06501119612967,0.00017339133907867676,8.0,0.5088735548205541
0.0,FW_exact,exact,1228.0,0.032449960708618164,18.065011194629804,0.00013984418158052847,8.0,0.5088735547783043
0.0,FW_exact,exact,1229.0,0.03247404098510742,18.065011193596693,0.00015528124047392566,8.0,0.5088735547492026
0.0,FW_exact,exact,1230.0,0.0325009822845459,18.065011192931035,0.00012788570284349987,8.0,0.5088735547304517
0.0,FW_exact,exact,1231.0,0.03252601623535156,18.065011191642846,0.00015629829846375287,8.0,0.5088735546941646
0.0,FW_exact,exact,1232.0,0.03255176544189453,18.0650111898824,0.00015150577897138362,8.0,0.5088735546445747
0.0,FW_exact,exact,1233.0,0.03257584571838379,18.06501118870469,0.00015028138751205233,8.0,0.5088735546113997
0.0,FW_exact,exact,1234.0,0.03259992599487305,18.065011187504457,0.00015086780516604392,8.0,0.5088735545775903
0.0,FW_exact,exact,1235.0,0.032624006271362305,18.06501118600891,0.00019168978348460541,8.0,0.5088735545354622
0.0,FW_exact,exact,1236.0,0.03264784812927246,18.065011184381596,0.00014566435517870957,8.0,0.5088735544896225
0.0,FW_exact,exact,1237.0,0.03267407417297363,18.065011182494157,0.00018919202963196824,8.0,0.5088735544364551
0.0,FW_exact,exact,1238.0,0.03269815444946289,18.065011181532178,0.00013582118985944192,8.0,0.5088735544093571
0.0,FW_exact,exact,1239.0,0.03272104263305664,18.065011180004674,0.00014112641467889375,8.0,0.5088735543663289
0.0,FW_exact,exact,1240.0,0.0327458381652832,18.065011178945756,0.00016129780944140748,8.0,0.5088735543365002
0.0,FW_exact,exact,1241.0,0.03276991844177246,18.06501117681076,0.00020121701648889712,8.0,0.5088735542763594
0.0,FW_exact,exact,1242.0,0.03279614448547363,18.065011176193813,0.00013846186006460925,8.0,0.5088735542589806
0.0,FW_exact,exact,1243.0,0.03281998634338379,18.065011174878396,0.00013096313643146118,8.0,0.5088735542219267
0.0,FW_exact,exact,1244.0,0.03284406661987305,18.06501117360902,0.00015602080532239881,8.0,0.5088735541861695
0.0,FW_exact,exact,1245.0,0.03287100791931152,18.065011172150168,0.0001663298290957016,8.0,0.5088735541450752
0.0,FW_exact,exact,1246.0,0.032896995544433594,18.065011170966855,0.00017050877970881118,8.0,0.5088735541117424
0.0,FW_exact,exact,1247.0,0.03292107582092285,18.065011169163572,0.00015333827830943392,8.0,0.5088735540609457
0.0,FW_exact,exact,1248.0,0.03294515609741211,18.065011167315085,0.00018722926634850978,8.0,0.5088735540088756
0.0,FW_exact,exact,1249.0,0.03297090530395508,18.06501116628113,0.00014081092561468722,8.0,0.5088735539797502
0.0,FW_exact,exact,1250.0,0.03299713134765625,18.065011164747105,0.00014142730218225097,8.0,0.5088735539365382
0.0,FW_exact,exact,1251.0,0.03302288055419922,18.0650111636753,0.00016227642355381988,8.0,0.5088735539063465
0.0,FW_exact,exact,1252.0,0.03304696083068848,18.06501116150594,0.00020283031607881696,8.0,0.5088735538452377
0.0,FW_exact,exact,1253.0,0.033071041107177734,18.06501116022221,0.0001293759498679492,8.0,0.5088735538090763
0.0,FW_exact,exact,1254.0,0.03309512138366699,18.06501115892747,0.00015757137984273584,8.0,0.5088735537726048
0.0,FW_exact,exact,1255.0,0.03311896324157715,18.065011158176606,0.00013582430360514763,8.0,0.5088735537514537
0.0,FW_exact,exact,1256.0,0.03314495086669922,18.065011156342536,0.00018649792074931781,8.0,0.5088735536997897
0.0,FW_exact,exact,1257.0,0.03316903114318848,18.065011154356565,0.00016091820299202197,8.0,0.5088735536438469
0.0,FW_exact,exact,1258.0,0.03319287300109863,18.065011153489387,0.00012823832305031146,8.0,0.5088735536194193
0.0,FW_exact,exact,1259.0,0.0332179069519043,18.06501115202617,0.0001896063056090469,8.0,0.508873553578202
0.0,FW_exact,exact,1260.0,0.033241987228393555,18.065011150970154,0.0001423045344193241,8.0,0.5088735535484551
0.0,FW_exact,exact,1261.0,0.033267974853515625,18.065011149657384,0.00013083145313608213,8.0,0.5088735535114756
0.0,FW_exact,exact,1262.0,0.033293962478637695,18.065011147439012,0.00020510858906774843,8.0,0.5088735534489862
0.0,FW_exact,exact,1263.0,0.033319950103759766,18.06501114668102,0.00013646742794648503,8.0,0.5088735534276344
0.0,FW_exact,exact,1264.0,0.03334403038024902,18.0650111454299,0.00012772236085467625,8.0,0.5088735533923915
0.0,FW_exact,exact,1265.0,0.03336906433105469,18.065011144181998,0.00015383444852190564,8.0,0.5088735533572394
0.0,FW_exact,exact,1266.0,0.03339409828186035,18.065011142431764,0.00018320397395399368,8.0,0.508873553307937
0.0,FW_exact,exact,1267.0,0.03341794013977051,18.06501114103766,0.00013482326810532186,8.0,0.5088735532686666
0.0,FW_exact,exact,1268.0,0.03344392776489258,18.065011140131567,0.00016677153427124836,8.0,0.5088735532431428
0.0,FW_exact,exact,1269.0,0.03346991539001465,18.065011139134228,0.00013752578292702822,8.0,0.5088735532150487
0.0,FW_exact,exact,1270.0,0.03349590301513672,18.065011138356738,0.0001382112205998709,8.0,0.5088735531931475
0.0,FW_exact,exact,1271.0,0.03351902961730957,18.065011137163907,0.00012471143122994022,8.0,0.5088735531595466
0.0,FW_exact,exact,1272.0,0.03354310989379883,18.06501113580728,0.00016129350065874348,8.0,0.5088735531213318
0.0,FW_exact,exact,1273.0,0.03356790542602539,18.06501113401352,0.00018443701958759107,8.0,0.5088735530708034
0.0,FW_exact,exact,1274.0,0.03359198570251465,18.065011132388815,0.00014554760496210406,8.0,0.508873553025037
0.0,FW_exact,exact,1275.0,0.03361821174621582,18.06501113138847,0.00015677299589711424,8.0,0.5088735529968583
0.0,FW_exact,exact,1276.0,0.03364396095275879,18.065011129759096,0.00017578266384710162,8.0,0.5088735529509605
0.0,FW_exact,exact,1277.0,0.03367018699645996,18.06501112875962,0.00013844282237407413,8.0,0.5088735529228061
0.0,FW_exact,exact,1278.0,0.033693790435791016,18.065011126984743,0.00015212577516265924,8.0,0.5088735528728097
0.0,FW_exact,exact,1279.0,0.03371787071228027,18.06501112581421,0.0001489896758855025,8.0,0.5088735528398368
0.0,FW_exact,exact,1280.0,0.03374195098876953,18.065011124187738,0.00019990462309849022,8.0,0.5088735527940208
0.0,FW_exact,exact,1281.0,0.0337672233581543,18.06501112335651,0.00010410573024977055,8.0,0.5088735527706059
0.0,FW_exact,exact,1282.0,0.033792972564697266,18.065011122019904,0.00015920807085478828,8.0,0.508873552732955
0.0,FW_exact,exact,1283.0,0.033818960189819336,18.065011120431123,0.00017454959283469407,8.0,0.5088735526882007
0.0,FW_exact,exact,1284.0,0.033844947814941406,18.065011119667258,0.00015406899003700403,8.0,0.5088735526666833
0.0,FW_exact,exact,1285.0,0.03386807441711426,18.065011118201344,0.00013825225163621724,8.0,0.50887355262539
0.0,FW_exact,exact,1286.0,0.033892154693603516,18.065011116505882,0.00017931208923371855,8.0,0.5088735525776305
0.0,FW_exact,exact,1287.0,0.03391718864440918,18.06501111525325,0.0001754325012974789,8.0,0.508873552542345
0.0,FW_exact,exact,1288.0,0.033941030502319336,18.06501111418591,0.0001179685115122453,8.0,0.5088735525122792
0.0,FW_exact,exact,1289.0,0.033966064453125,18.065011112820372,0.000160922190955759,8.0,0.5088735524738133
0.0,FW_exact,exact,1290.0,0.03398895263671875,18.065011111165383,0.0001781497442401303,8.0,0.5088735524271939
0.0,FW_exact,exact,1291.0,0.034012794494628906,18.065011109719325,0.0001373125556742849,8.0,0.5088735523864598
0.0,FW_exact,exact,1292.0,0.03403806686401367,18.06501110868099,0.00015567324413012784,8.0,0.508873552357211
0.0,FW_exact,exact,1293.0,0.03406190872192383,18.065011108027946,0.00012666803711525176,8.0,0.5088735523388154
0.0,FW_exact,exact,1294.0,0.0340878963470459,18.06501110676641,0.00015467279466463424,8.0,0.5088735523032791
0.0,FW_exact,exact,1295.0,0.03411388397216797,18.065011105026766,0.00015060828919466474,8.0,0.5088735522542751
0.0,FW_exact,exact,1296.0,0.03415107727050781,18.065011103876813,0.00014849935196714625,8.0,0.508873552221882
0.0,FW_exact,exact,1297.0,0.03417706489562988,18.06501110269359,0.00014979539173332057,8.0,0.5088735521885518
0.0,FW_exact,exact,1298.0,0.03420114517211914,18.06501110122314,0.0001900740312503757,8.0,0.5088735521471307
0.0,FW_exact,exact,1299.0,0.034226179122924805,18.06501109962388,0.00014440370217094767,8.0,0.5088735521020812
0.0,FW_exact,exact,1300.0,0.03425192832946777,18.06501109776863,0.00018757127308433041,8.0,0.5088735520498205
0.0,FW_exact,exact,1301.0,0.03427696228027344,18.065011096822495,0.00013469829921497478,8.0,0.5088735520231689
0.0,FW_exact,exact,1302.0,0.034303903579711914,18.065011095320813,0.00013992873245172177,8.0,0.5088735519808679
0.0,FW_exact,exact,1303.0,0.03432893753051758,18.06501109427993,0.00015991800200509942,8.0,0.5088735519515474
0.0,FW_exact,exact,1304.0,0.034365177154541016,18.06501109218098,0.00019951129474193863,8.0,0.508873551892422
0.0,FW_exact,exact,1305.0,0.034390926361083984,18.065011090938267,0.000127292471008289,8.0,0.508873551857416
0.0,FW_exact,exact,1306.0,0.03441882133483887,18.065011089679775,0.0001553498485318272,8.0,0.5088735518219655
0.0,FW_exact,exact,1307.0,0.03444409370422363,18.065011088953003,0.0001336277028318733,8.0,0.5088735518014931
0.0,FW_exact,exact,1308.0,0.0344691276550293,18.06501108717636,0.00018355460245089716,8.0,0.5088735517514468
0.0,FW_exact,exact,1309.0,0.03449392318725586,18.065011085250948,0.00015844601630199406,8.0,0.5088735516972098
0.0,FW_exact,exact,1310.0,0.03451991081237793,18.0650110844102,0.00012626834722340163,8.0,0.5088735516735268
0.0,FW_exact,exact,1311.0,0.034545183181762695,18.065011082992182,0.00018665514252269588,8.0,0.5088735516335826
0.0,FW_exact,exact,1312.0,0.034570932388305664,18.06501108196868,0.00014009683781424087,8.0,0.5088735516047516
0.0,FW_exact,exact,1313.0,0.03459501266479492,18.06501108069613,0.0001288115393816014,8.0,0.5088735515689051
0.0,FW_exact,exact,1314.0,0.03461909294128418,18.06501107854596,0.0002019309510448153,8.0,0.5088735515083369
0.0,FW_exact,exact,1315.0,0.034642934799194336,18.065011077924606,0.00013895567530930464,8.0,0.5088735514908339
0.0,FW_exact,exact,1316.0,0.034667015075683594,18.065011076941264,0.00011323193035828183,8.0,0.5088735514631342
0.0,FW_exact,exact,1317.0,0.034693002700805664,18.06501107595646,0.00013742284653517345,8.0,0.5088735514353933
0.0,FW_exact,exact,1318.0,0.034716129302978516,18.065011074792327,0.00014858154442976002,8.0,0.5088735514026007
0.0,FW_exact,exact,1319.0,0.03473997116088867,18.06501107329546,0.00019177436562145544,8.0,0.5088735513604354
0.0,FW_exact,exact,1320.0,0.03476405143737793,18.0650110717734,0.0001408746957221041,8.0,0.5088735513175606
0.0,FW_exact,exact,1321.0,0.03478813171386719,18.065011069960708,0.00018540760842000736,8.0,0.5088735512664988
0.0,FW_exact,exact,1322.0,0.034813880920410156,18.065011069043113,0.0001326511283537002,8.0,0.508873551240651
0.0,FW_exact,exact,1323.0,0.034837961196899414,18.06501106757876,0.00013817868013532575,8.0,0.5088735511994017
0.0,FW_exact,exact,1324.0,0.034861087799072266,18.06501106656752,0.0001576245190761938,8.0,0.5088735511709161
0.0,FW_exact,exact,1325.0,0.03488612174987793,18.065011064524573,0.00019683167250761358,8.0,0.5088735511133683
0.0,FW_exact,exact,1326.0,0.034909963607788086,18.06501106331532,0.00012556659870277542,8.0,0.5088735510793049
0.0,FW_exact,exact,1327.0,0.034935951232910156,18.065011062089766,0.0001533036127234766,8.0,0.5088735510447822
0.0,FW_exact,exact,1328.0,0.034960031509399414,18.065011061382396,0.0001318318601502,8.0,0.5088735510248562
0.0,FW_exact,exact,1329.0,0.0349888801574707,18.06501105965325,0.00018108422604790064,8.0,0.508873550976148
0.0,FW_exact,exact,1330.0,0.03504776954650879,18.065011057779003,0.00015632633413176222,8.0,0.5088735509233522
0.0,FW_exact,exact,1331.0,0.03508591651916504,18.065011056960607,0.00012457926562881028,8.0,0.5088735509002988
0.0,FW_exact,exact,1332.0,0.035112857818603516,18.065011055580374,0.000184151091684015,8.0,0.5088735508614189
0.0,FW_exact,exact,1333.0,0.03513908386230469,18.065011054584126,0.00013821934733826424,8.0,0.5088735508333556
0.0,FW_exact,exact,1334.0,0.03516578674316406,18.065011053345426,0.00012708684828766081,8.0,0.5088735507984627
0.0,FW_exact,exact,1335.0,0.03519296646118164,18.065011051252483,0.0001992252718423515,8.0,0.5088735507395066
0.0,FW_exact,exact,1336.0,0.03521895408630371,18.06501105053733,0.00013255498794606524,8.0,0.5088735507193614
0.0,FW_exact,exact,1337.0,0.03524613380432129,18.065011049356944,0.00012405934313441946,8.0,0.5088735506861111
0.0,FW_exact,exact,1338.0,0.03527188301086426,18.06501104817958,0.00014942334966150383,8.0,0.5088735506529459
0.0,FW_exact,exact,1339.0,0.03529810905456543,18.06501104652823,0.00017795362003880655,8.0,0.508873550606429
0.0,FW_exact,exact,1340.0,0.0353240966796875,18.065011045212906,0.00013095843337573854,8.0,0.5088735505693777
0.0,FW_exact,exact,1341.0,0.03535103797912598,18.065011044089495,0.00016192546788573736,8.0,0.5088735505377322
0.0,FW_exact,exact,1342.0,0.03537702560424805,18.065011043500746,0.00012027049419671698,8.0,0.5088735505211478
0.0,FW_exact,exact,1343.0,0.03540301322937012,18.065011042383286,0.000145572573938324,8.0,0.5088735504896701
0.0,FW_exact,exact,1344.0,0.035430192947387695,18.065011040726542,0.00014697631138815836,8.0,0.5088735504430012
0.0,FW_exact,exact,1345.0,0.03545689582824707,18.065011039672807,0.00014215095142411371,8.0,0.5088735504133185
0.0,FW_exact,exact,1346.0,0.03548312187194824,18.065011038554484,0.00014562858561895098,8.0,0.5088735503818165
0.0,FW_exact,exact,1347.0,0.03550887107849121,18.065011037200083,0.0001824196450339599,8.0,0.5088735503436643
0.0,FW_exact,exact,1348.0,0.03553605079650879,18.06501103570739,0.0001395095785294842,8.0,0.5088735503016166
0.0,FW_exact,exact,1349.0,0.03557395935058594,18.065011033984582,0.0001807522311292331,8.0,0.5088735502530868
0.0,FW_exact,exact,1350.0,0.03560209274291992,18.065011033100912,0.00013017543133742038,8.0,0.5088735502281947
0.0,FW_exact,exact,1351.0,0.03562808036804199,18.065011031704287,0.00013494528390367577,8.0,0.5088735501888532
0.0,FW_exact,exact,1352.0,0.035653114318847656,18.065011030905065,0.00015662682032946407,8.0,0.5088735501663398
0.0,FW_exact,exact,1353.0,0.03567790985107422,18.065011030049234,0.00012739685232432407,8.0,0.5088735501422319
0.0,FW_exact,exact,1354.0,0.03570389747619629,18.065011029126314,0.00015058373518428425,8.0,0.5088735501162341
0.0,FW_exact,exact,1355.0,0.03573012351989746,18.065011028049426,0.00011849527202123511,8.0,0.5088735500858993
0.0,FW_exact,exact,1356.0,0.03575587272644043,18.065011026781992,0.00015590116056429792,8.0,0.508873550050197
0.0,FW_exact,exact,1357.0,0.0357820987701416,18.065011025013728,0.0001831211656941889,8.0,0.5088735500003867
0.0,FW_exact,exact,1358.0,0.035806894302368164,18.065011023437958,0.00014333940139188428,8.0,0.5088735499559988
0.0,FW_exact,exact,1359.0,0.035833120346069336,18.06501102247196,0.0001540582362977716,8.0,0.5088735499287876
0.0,FW_exact,exact,1360.0,0.035858869552612305,18.06501102089398,0.00017298769542684056,8.0,0.5088735498843374
0.0,FW_exact,exact,1361.0,0.03588390350341797,18.065011019920888,0.00013660359939215994,8.0,0.5088735498569265
0.0,FW_exact,exact,1362.0,0.035909175872802734,18.06501101820028,0.00014978206292859397,8.0,0.5088735498084586
0.0,FW_exact,exact,1363.0,0.03593277931213379,18.06501101706462,0.00014675333657088174,8.0,0.5088735497764681
0.0,FW_exact,exact,1364.0,0.03595685958862305,18.06501101548784,0.0001968267230303411,8.0,0.5088735497320519
0.0,FW_exact,exact,1365.0,0.03598213195800781,18.065011014681517,0.00010253455205067041,8.0,0.5088735497093385
0.0,FW_exact,exact,1366.0,0.03600597381591797,18.065011013385334,0.00015678220735537707,8.0,0.5088735496728263
0.0,FW_exact,exact,1367.0,0.03603196144104004,18.06501101184457,0.00017189157419217338,8.0,0.5088735496294245
0.0,FW_exact,exact,1368.0,0.0360569953918457,18.06501101123046,0.00013814318003291248,8.0,0.5088735496121256
0.0,FW_exact,exact,1369.0,0.03608298301696777,18.06501100981414,0.00013589337967623294,8.0,0.5088735495722293
0.0,FW_exact,exact,1370.0,0.03610801696777344,18.065011008229167,0.00017337083597901426,8.0,0.5088735495275821
0.0,FW_exact,exact,1371.0,0.03613400459289551,18.065011006972288,0.00017572952135047615,8.0,0.5088735494921771
0.0,FW_exact,exact,1372.0,0.03615880012512207,18.06501100596245,0.00011474681046586,8.0,0.508873549463731
0.0,FW_exact,exact,1373.0,0.03618502616882324,18.06501100463825,0.00015846815390396785,8.0,0.5088735494264296
0.0,FW_exact,exact,1374.0,0.03621816635131836,18.065011003052327,0.00017439249712580818,8.0,0.5088735493817557
0.0,FW_exact,exact,1375.0,0.036253929138183594,18.065011001655982,0.00013493176868450973,8.0,0.508873549342422
0.0,FW_exact,exact,1376.0,0.036360979080200195,18.06501100058527,0.00014249539290389635,8.0,0.5088735493122611
0.0,FW_exact,exact,1377.0,0.03638792037963867,18.065010998778813,0.0002106745056149606,8.0,0.5088735492613751
0.0,FW_exact,exact,1378.0,0.03641390800476074,18.065010997984654,0.00010175792061239974,8.0,0.5088735492390043
0.0,FW_exact,exact,1379.0,0.03643989562988281,18.06501099661024,0.00016144435097587007,8.0,0.5088735492002885
0.0,FW_exact,exact,1380.0,0.03646516799926758,18.065010995169885,0.00016619661857930623,8.0,0.508873549159715
0.0,FW_exact,exact,1381.0,0.03649091720581055,18.065010993786547,0.00013430192003838215,8.0,0.5088735491207478
0.0,FW_exact,exact,1382.0,0.03651595115661621,18.06501099274782,0.0001403504581389825,8.0,0.5088735490914879
0.0,FW_exact,exact,1383.0,0.036538124084472656,18.065010990990757,0.00020777465987720234,8.0,0.5088735490419931
0.0,FW_exact,exact,1384.0,0.036562204360961914,18.065010990219854,0.00010025684121650613,8.0,0.5088735490202776
0.0,FW_exact,exact,1385.0,0.03658699989318848,18.065010988884353,0.00015914226906055262,8.0,0.5088735489826578
0.0,FW_exact,exact,1386.0,0.036611080169677734,18.065010987476462,0.00016431307707698295,8.0,0.508873548942999
0.0,FW_exact,exact,1387.0,0.0366368293762207,18.065010986129565,0.00013252115999939917,8.0,0.5088735489050582
0.0,FW_exact,exact,1388.0,0.03666090965270996,18.065010985117258,0.00013855382857208554,8.0,0.5088735488765425
0.0,FW_exact,exact,1389.0,0.03668498992919922,18.065010983407536,0.0002049565399460107,8.0,0.5088735488283813
0.0,FW_exact,exact,1390.0,0.03670501708984375,18.065010983407536,9.895577575136372e-05,8.0,0.5088735488283813
0.0,AFW_exact,exact,0.0,3.504753112792969e-05,18.724638212448475,11.714683521583215,2.0,0.5274545975337599
0.0,AFW_exact,exact,1.0,6.699562072753906e-05,18.27475063447221,4.167148682514211,3.0,0.5147817080133017
0.0,AFW_exact,exact,2.0,9.799003601074219e-05,18.0756898064193,2.3497071695727367,4.0,0.5091743607442056
0.0,AFW_exact,exact,3.0,0.00012803077697753906,18.070363712705873,0.3282782905968773,4.0,0.5090243299353767
0.0,AFW_exact,exact,4.0,0.0001590251922607422,18.068545918573008,0.2412514147587821,5.0,0.5089731244668453
0.0,AFW_exact,exact,5.0,0.00019288063049316406,18.06727626067456,0.13722685266094992,5.0,0.5089373594556215
0.0,AFW_exact,exact,6.0,0.00022292137145996094,18.066334085431585,0.15015508935569066,6.0,0.5089108193079319
0.0,AFW_exact,exact,7.0,0.0002510547637939453,18.06554635302129,0.1276681685598522,7.0,0.5088886296625715
0.0,AFW_exact,exact,8.0,0.0002810955047607422,18.065258136435794,0.07491723061650823,7.0,0.5088805108855153
0.0,AFW_exact,exact,9.0,0.00030994415283203125,18.065150194291093,0.057775843939921856,8.0,0.5088774702617209
0.0,AFW_exact,exact,10.0,0.0003399848937988281,18.065103064022733,0.03093818508624757,8.0,0.5088761426485277
0.0,AFW_exact,exact,11.0,0.000370025634765625,18.065080127670495,0.019162884513120204,8.0,0.5088754965540985
0.0,AFW_exact,exact,12.0,0.0004010200500488281,18.065054865980343,0.018187638282803675,8.0,0.5088747849571927
0.0,AFW_exact,exact,13.0,0.00043010711669921875,18.06504690626809,0.015646552432412975,8.0,0.5088745607399462
0.0,AFW_exact,exact,14.0,0.00045990943908691406,18.065034355191344,0.01580847296362009,8.0,0.5088742071884885
0.0,AFW_exact,exact,15.0,0.0004889965057373047,18.06502251526654,0.01509158493932361,8.0,0.50887387366948
0.0,AFW_exact,exact,16.0,0.0005190372467041016,18.06501741070691,0.012527428311948086,8.0,0.5088737298790679
0.0,AFW_exact,exact,17.0,0.0005490779876708984,18.06501499330355,0.005880803514637378,8.0,0.5088736617831986
0.0,AFW_exact,exact,18.0,0.0005841255187988281,18.065014406753964,0.0033872667910230803,8.0,0.508873645260675
0.0,AFW_exact,exact,19.0,0.0006120204925537109,18.06501365813921,0.004795055512598623,8.0,0.5088736241729356
0.0,AFW_exact,exact,20.0,0.0006430149078369141,18.065012517105238,0.0039296889546029945,8.0,0.5088735920311335
0.0,AFW_exact,exact,21.0,0.0006709098815917969,18.06501174923444,0.001451567075807958,8.0,0.5088735704009701
0.0,AFW_exact,exact,22.0,0.0007021427154541016,18.065010901081486,0.0026042695785033487,8.0,0.5088735465093376
0.0,AFW_exact,exact,23.0,0.0007300376892089844,18.065010538478365,0.0025470713377497844,8.0,0.5088735362951652
0.0,AFW_exact,exact,24.0,0.0007610321044921875,18.0650103288867,0.002536808564908455,8.0,0.5088735303911747
0.0,AFW_exact,exact,25.0,0.0007889270782470703,18.065010008982227,0.00162349391536587,8.0,0.508873521379781
0.0,AFW_exact,exact,26.0,0.0008199214935302734,18.065009936789178,0.001488739560841168,8.0,0.508873519346174
0.0,AFW_exact,exact,27.0,0.0008480548858642578,18.065009738186607,0.0016095643446245589,8.0,0.5088735137517354
0.0,AFW_exact,exact,28.0,0.0008780956268310547,18.06500958916728,0.001460874657317035,8.0,0.5088735095540079
0.0,AFW_exact,exact,29.0,0.0009059906005859375,18.06500951343853,0.0013295932115688913,8.0,0.5088735074208036
0.0,AFW_exact,exact,30.0,0.0009369850158691406,18.065009414593575,0.0011354332973176895,8.0,0.5088735046364388
0.0,AFW_exact,exact,31.0,0.000965118408203125,18.065009388049422,0.0007179114230275729,8.0,0.5088735038887161
0.0,AFW_exact,exact,32.0,0.0009949207305908203,18.0650093452481,0.0011462779994140249,8.0,0.5088735026830451
0.0,AFW_exact,exact,33.0,0.0010249614715576172,18.065009327538842,0.0005456577567457543,8.0,0.5088735021841927
0.0,AFW_exact,exact,34.0,0.001055002212524414,18.06500931239107,0.0005004193572641924,8.0,0.5088735017574949
0.0,AFW_exact,exact,35.0,0.0010831356048583984,18.06500929892325,0.0005606714102768251,8.0,0.5088735013781197
0.0,AFW_exact,exact,36.0,0.0011141300201416016,18.065009273814272,0.0005722178631213382,8.0,0.5088735006708246
0.0,AFW_exact,exact,37.0,0.0011451244354248047,18.065009267470664,0.00035534594318598067,8.0,0.5088735004921314
0.0,AFW_exact,exact,38.0,0.0011749267578125,18.065009257080376,0.0005647534567181367,8.0,0.5088735001994472
0.0,AFW_exact,exact,39.0,0.0012040138244628906,18.06500925065606,0.00027582322465491416,8.0,0.5088735000184806
0.0,AFW_exact,exact,40.0,0.0012352466583251953,18.065009246365303,0.00025051948093768317,8.0,0.5088734998976142
0.0,AFW_exact,exact,41.0,0.0012640953063964844,18.065009241535513,0.00033603446366647916,8.0,0.5088734997615637
0.0,AFW_exact,exact,42.0,0.0012950897216796875,18.065009234006755,0.0004191951315064557,8.0,0.508873499549486
0.0,AFW_exact,exact,43.0,0.0013229846954345703,18.065009230091103,0.00022595704447603282,8.0,0.508873499439186
0.0,AFW_exact,exact,44.0,0.0013539791107177734,18.06500922824399,0.00013411240498406585,8.0,0.5088734993871546
0.0,AFW_exact,exact,45.0,0.001383066177368164,18.065009227757646,0.00012218104293637566,8.0,0.5088734993734548
0.0,AFW_exact,exact,46.0,0.001413106918334961,18.065009226764413,0.00010215536038238326,8.0,0.5088734993454764
0.0,AFW_exact,exact,47.0,0.00144195556640625,18.065009226118196,0.00012280963605881823,8.0,0.5088734993272731
0.0,AFW_exact,exact,48.0,0.0014719963073730469,18.06500922462358,0.00013959928422302426,8.0,0.5088734992851712
0.0,AFW_exact,exact,49.0,0.0015001296997070312,18.06500922427103,0.00010402619746763264,8.0,0.5088734992752403
0.0,AFW_exact,exact,50.0,0.0015311241149902344,18.065009223789975,0.00010340174451783923,8.0,0.5088734992616895
0.0,AFW_exact,exact,51.0,0.0015511512756347656,18.065009223789975,9.898575581068769e-05,8.0,0.5088734992616895
0.0,PFW_exact,exact,0.0,4.1961669921875e-05,18.724638212448475,11.714683521583215,2.0,0.5274545975337599
0.0,PFW_exact,exact,1.0,7.390975952148438e-05,18.32202863804363,4.167148682514213,3.0,0.5161134827617924
0.0,PFW_exact,exact,2.0,0.000102996826171875,18.08043520314954,2.4237227405322077,4.0,0.5093080338915363
0.0,PFW_exact,exact,3.0,0.00012993812561035156,18.07062312626548,0.28017791222109345,5.0,0.509031637359591
0.0,PFW_exact,exact,4.0,0.0001609325408935547,18.068517196262942,0.2235038488421175,5.0,0.5089723153876885
0.0,PFW_exact,exact,5.0,0.00018906593322753906,18.06680918616298,0.14615962631280865,6.0,0.5089242024271262
0.0,PFW_exact,exact,6.0,0.00021696090698242188,18.06580879887544,0.0937277370752394,7.0,0.5088960225035335
0.0,PFW_exact,exact,7.0,0.0002448558807373047,18.06542709981268,0.07480377082596767,7.0,0.5088852704172586
0.0,PFW_exact,exact,8.0,0.0002741813659667969,18.065236387462313,0.05893616696390325,8.0,0.508879898238375
0.0,PFW_exact,exact,9.0,0.0003020763397216797,18.065118878458595,0.03623727172185376,8.0,0.5088765881255942
0.0,PFW_exact,exact,10.0,0.00033092498779296875,18.065074364783754,0.030094410201995103,8.0,0.5088753342192607
0.0,PFW_exact,exact,11.0,0.0003590583801269531,18.06504996720223,0.020737145638831223,8.0,0.5088746469634431
0.0,PFW_exact,exact,12.0,0.00038695335388183594,18.065035534939746,0.023448932810492096,8.0,0.508874240420838
0.0,PFW_exact,exact,13.0,0.0004138946533203125,18.06501741772638,0.011818574001999593,8.0,0.5088737300767995
0.0,PFW_exact,exact,14.0,0.0004410743713378906,18.065013603134727,0.006378652390111483,8.0,0.5088736226235134
0.0,PFW_exact,exact,15.0,0.00046706199645996094,18.065010286284064,0.0074566373910904815,8.0,0.5088735291911004
0.0,PFW_exact,exact,16.0,0.0004940032958984375,18.065010022579717,0.0016052638710597478,8.0,0.508873521762809
0.0,PFW_exact,exact,17.0,0.0005218982696533203,18.065009800045278,0.001686486073843696,8.0,0.5088735154942332
0.0,PFW_exact,exact,18.0,0.0005478858947753906,18.065009511565975,0.0020492565411593944,8.0,0.5088735073680556
0.0,PFW_exact,exact,19.0,0.0005731582641601562,18.065009437362296,0.0008934996663914063,8.0,0.5088735052778112
0.0,PFW_exact,exact,20.0,0.000598907470703125,18.065009335755125,0.0009833721202596735,8.0,0.5088735024156373
0.0,PFW_exact,exact,21.0,0.0006277561187744141,18.06500930664243,0.0005199191859208696,8.0,0.5088735015955614
0.0,PFW_exact,exact,22.0,0.0006549358367919922,18.06500927276816,0.0006570944878561136,8.0,0.5088735006413566
0.0,PFW_exact,exact,23.0,0.0006818771362304688,18.065009251950404,0.0004720643158151461,8.0,0.5088735000549409
0.0,PFW_exact,exact,24.0,0.0007081031799316406,18.06500924278275,0.0003296404764618899,8.0,0.5088734997966972
0.0,PFW_exact,exact,25.0,0.0007369518280029297,18.06500923402538,0.00024114553055909482,8.0,0.5088734995500107
0.0,PFW_exact,exact,26.0,0.0007641315460205078,18.065009227815374,0.00017536464353007375,8.0,0.508873499375081
0.0,PFW_exact,exact,27.0,0.0007929801940917969,18.065009224717514,0.00011334712900534782,8.0,0.5088734992878173
0.0,PFW_exact,exact,28.0,0.0008199214935302734,18.065009223396174,0.00011439026636139715,8.0,0.5088734992505964
0.0,PFW_exact,exact,29.0,0.0008471012115478516,18.065009222461036,0.0001199473263131523,8.0,0.5088734992242545
0.0,PFW_exact,exact,30.0,0.0008668899536132812,18.065009222461036,3.7200135029280545e-05,8.0,0.5088734992242545
