run,algorithm,step_size,iter,time,loss,gap,spars,mse
0.0,FW_diminishing,diminishing,0.0,5.412101745605469e-05,18.919311425263782,18.580688574736218,1.0,0.6306437141754594
0.0,FW_diminishing,diminishing,1.0,9.512901306152344e-05,17.023792599884928,10.73971096916316,2.0,0.5674597533294976
0.0,FW_diminishing,diminishing,2.0,0.00012493133544921875,16.410293098952653,5.996830089660184,3.0,0.5470097699650884
0.0,FW_diminishing,diminishing,3.0,0.00015115737915039062,16.262301609150718,2.98177037106176,4.0,0.542076720305024
0.0,FW_diminishing,diminishing,4.0,0.0001761913299560547,16.154850351546713,2.5525536243943723,5.0,0.5384950117182238
0.0,FW_diminishing,diminishing,5.0,0.0002009868621826172,15.997755656457628,2.075732602807493,6.0,0.5332585218819209
0.0,FW_diminishing,diminishing,6.0,0.0002262592315673828,15.996686939458735,1.760388318500155,7.0,0.5332228979819579
0.0,FW_diminishing,diminishing,7.0,0.0002491474151611328,15.920382526862968,1.6273557178680722,8.0,0.5306794175620989
0.0,FW_diminishing,diminishing,8.0,0.0002732276916503906,15.862393756853336,1.2372771417754933,8.0,0.5287464585617779
0.0,FW_diminishing,diminishing,9.0,0.0002961158752441406,15.73121100511966,1.5611546463009258,8.0,0.5243737001706553
0.0,FW_diminishing,diminishing,10.0,0.0003170967102050781,15.730753502315734,0.9703767563275356,8.0,0.5243584500771912
0.0,FW_diminishing,diminishing,11.0,0.00034117698669433594,15.69130134083179,0.9737949389281777,8.0,0.5230433780277264
0.0,FW_diminishing,diminishing,12.0,0.00036406517028808594,15.682144461984125,0.6127828579946346,8.0,0.5227381487328041
0.0,FW_diminishing,diminishing,13.0,0.0003871917724609375,15.667923299610282,0.7808919639734739,8.0,0.5222641099870093
0.0,FW_diminishing,diminishing,14.0,0.00041031837463378906,15.690841962806921,0.6085680212755893,9.0,0.5230280654268974
0.0,FW_diminishing,diminishing,15.0,0.0004322528839111328,15.688362081706297,0.521080172058312,9.0,0.5229454027235432
0.0,FW_diminishing,diminishing,16.0,0.00045490264892578125,15.656957598484148,0.7218390605689695,9.0,0.5218985866161383
0.0,FW_diminishing,diminishing,17.0,0.0004780292510986328,15.676482479977008,0.3209634639668071,9.0,0.5225494159992335
0.0,FW_diminishing,diminishing,18.0,0.0005021095275878906,15.67094366500286,0.47746342901799466,9.0,0.5223647888334286
0.0,FW_diminishing,diminishing,19.0,0.0005240440368652344,15.654436743058792,0.7069020173838823,9.0,0.5218145581019598
0.0,FW_diminishing,diminishing,20.0,0.0005462169647216797,15.65625605456959,0.3044737989398314,9.0,0.5218752018189864
0.0,FW_diminishing,diminishing,21.0,0.0005691051483154297,15.643750612726574,0.5159390926565273,9.0,0.5214583537575525
0.0,FW_diminishing,diminishing,22.0,0.000591278076171875,15.65305182311657,0.3889723846445303,9.0,0.5217683941038856
0.0,FW_diminishing,diminishing,23.0,0.000614166259765625,15.645809134181498,0.4727495797627945,9.0,0.5215269711393833
0.0,FW_diminishing,diminishing,24.0,0.000637054443359375,15.6542717228637,0.19531543518752947,9.0,0.52180905742879
0.0,FW_diminishing,diminishing,25.0,0.0006589889526367188,15.638944801386069,0.48466969133581017,9.0,0.5212981600462023
0.0,FW_diminishing,diminishing,26.0,0.0006830692291259766,15.63695559432231,0.409043420686686,9.0,0.521231853144077
0.0,FW_diminishing,diminishing,27.0,0.0007050037384033203,15.637044640183573,0.2788218042275119,9.0,0.5212348213394524
0.0,FW_diminishing,diminishing,28.0,0.0007281303405761719,15.639289971104674,0.2860731071072582,9.0,0.5213096657034891
0.0,FW_diminishing,diminishing,29.0,0.0007512569427490234,15.63912744252038,0.22890130665765618,9.0,0.5213042480840127
0.0,FW_diminishing,diminishing,30.0,0.0007731914520263672,15.637360177014976,0.2822042913724516,9.0,0.5212453392338325
0.0,FW_diminishing,diminishing,31.0,0.0007960796356201172,15.635911604502608,0.34346054034148743,9.0,0.5211970534834203
0.0,FW_diminishing,diminishing,32.0,0.0008180141448974609,15.64350720092564,0.09929580456033626,9.0,0.5214502400308547
0.0,FW_diminishing,diminishing,33.0,0.0008420944213867188,15.636155963136636,0.3349770180132854,9.0,0.5212051987712212
0.0,FW_diminishing,diminishing,34.0,0.0008652210235595703,15.634964939448931,0.2769257385860495,9.0,0.521165497981631
0.0,FW_diminishing,diminishing,35.0,0.0008862018585205078,15.634627604698128,0.3281319439422905,9.0,0.5211542534899376
0.0,FW_diminishing,diminishing,36.0,0.0009090900421142578,15.636975171895159,0.16320402671650847,9.0,0.5212325057298386
0.0,FW_diminishing,diminishing,37.0,0.0009322166442871094,15.64224599959533,0.2592646322801997,10.0,0.521408199986511
0.0,FW_diminishing,diminishing,38.0,0.0009553432464599609,15.6409951967397,0.19880981936425712,10.0,0.52136650655799
0.0,FW_diminishing,diminishing,39.0,0.0009779930114746094,15.641365035930114,0.18581290908785242,10.0,0.5213788345310039
0.0,FW_diminishing,diminishing,40.0,0.0009999275207519531,15.640314357753397,0.2694304362909108,10.0,0.5213438119251133
0.0,FW_diminishing,diminishing,41.0,0.001024007797241211,15.63943962371428,0.23034308761520172,10.0,0.5213146541238093
0.0,FW_diminishing,diminishing,42.0,0.0010471343994140625,15.641113698009221,0.18812647414471328,10.0,0.5213704566003073
0.0,FW_diminishing,diminishing,43.0,0.001070261001586914,15.641202437021695,0.17366204747210112,10.0,0.5213734145673898
0.0,FW_diminishing,diminishing,44.0,0.001093149185180664,15.639062633897893,0.20045749276056668,10.0,0.5213020877965965
0.0,FW_diminishing,diminishing,45.0,0.0011141300201416016,15.64158392361043,0.13848100974601785,10.0,0.5213861307870143
0.0,FW_diminishing,diminishing,46.0,0.0011370182037353516,15.640879017336646,0.18192234494837223,10.0,0.5213626339112215
0.0,FW_diminishing,diminishing,47.0,0.0011601448059082031,15.637236859610876,0.3026362061010328,10.0,0.5212412286536959
0.0,FW_diminishing,diminishing,48.0,0.0011830329895019531,15.641800105404487,0.11552315247323541,10.0,0.5213933368468162
0.0,FW_diminishing,diminishing,49.0,0.0012061595916748047,15.640149085728869,0.1980223380567505,10.0,0.5213383028576289
0.0,FW_diminishing,diminishing,50.0,0.0012271404266357422,15.6367450378364,0.223211948593816,10.0,0.5212248345945467
0.0,FW_diminishing,diminishing,51.0,0.001251220703125,15.63462568891794,0.22782625821312585,10.0,0.521154189630598
0.0,FW_diminishing,diminishing,52.0,0.0012731552124023438,15.636469274984687,0.09389122739024636,10.0,0.5212156424994896
0.0,FW_diminishing,diminishing,53.0,0.0012972354888916016,15.63532864912348,0.21859447993847958,10.0,0.5211776216374493
0.0,FW_diminishing,diminishing,54.0,0.0013201236724853516,15.632858734748899,0.1933479868818857,10.0,0.5210952911582967
0.0,FW_diminishing,diminishing,55.0,0.001341104507446289,15.632748455175854,0.14096318880654835,10.0,0.5210916151725284
0.0,FW_diminishing,diminishing,56.0,0.001363992691040039,15.633375795588611,0.142390209093902,10.0,0.5211125265196204
0.0,FW_diminishing,diminishing,57.0,0.0013871192932128906,15.635098783612989,0.1495399217306037,10.0,0.5211699594537663
0.0,FW_diminishing,diminishing,58.0,0.0014102458953857422,15.633455526138045,0.16424635755510053,10.0,0.5211151842046015
0.0,FW_diminishing,diminishing,59.0,0.0014331340789794922,15.631868113260476,0.178407021930294,10.0,0.5210622704420158
0.0,FW_diminishing,diminishing,60.0,0.0014553070068359375,15.633180969859549,0.1021492846438079,10.0,0.5211060323286516
0.0,FW_diminishing,diminishing,61.0,0.0014781951904296875,15.63233200059136,0.13536131841852317,10.0,0.5210777333530453
0.0,FW_diminishing,diminishing,62.0,0.0014998912811279297,15.633993083772205,0.10430140348519679,10.0,0.5211331027924069
0.0,FW_diminishing,diminishing,63.0,0.0015230178833007812,15.629937796846866,0.2561643039631871,10.0,0.5209979265615622
0.0,FW_diminishing,diminishing,64.0,0.001547098159790039,15.63249350075643,0.08902255580038343,10.0,0.521083116691881
0.0,FW_diminishing,diminishing,65.0,0.0015680789947509766,15.632640576438716,0.11145300487771692,10.0,0.5210880192146239
0.0,FW_diminishing,diminishing,66.0,0.0015912055969238281,15.630698665033817,0.16762183129952923,10.0,0.5210232888344606
0.0,FW_diminishing,diminishing,67.0,0.0016131401062011719,15.630093565864467,0.15067231240504775,10.0,0.5210031188621489
0.0,FW_diminishing,diminishing,68.0,0.0016372203826904297,15.63249599976201,0.05863381163129411,10.0,0.521083199992067
0.0,FW_diminishing,diminishing,69.0,0.0016601085662841797,15.630380677117184,0.18704670165512738,10.0,0.5210126892372394
0.0,FW_diminishing,diminishing,70.0,0.0016813278198242188,15.628817932173645,0.1518356627135855,10.0,0.5209605977391215
0.0,FW_diminishing,diminishing,71.0,0.0017039775848388672,15.629632200835891,0.07622942214841189,10.0,0.5209877400278631
0.0,FW_diminishing,diminishing,72.0,0.0017261505126953125,15.628996336624011,0.14967037506006164,10.0,0.5209665445541337
0.0,FW_diminishing,diminishing,73.0,0.0017490386962890625,15.629605854139255,0.06666249542002767,10.0,0.5209868618046418
0.0,FW_diminishing,diminishing,74.0,0.001772165298461914,15.630627777926604,0.1159305429743398,10.0,0.5210209259308868
0.0,FW_diminishing,diminishing,75.0,0.0017940998077392578,15.63035547370593,0.11180711991721992,10.0,0.5210118491235309
0.0,FW_diminishing,diminishing,76.0,0.0018181800842285156,15.631649925345668,0.07808969126493182,10.0,0.5210549975115223
0.0,FW_diminishing,diminishing,77.0,0.0018401145935058594,15.632033613970055,0.09682342188919435,10.0,0.5210677871323351
0.0,FW_diminishing,diminishing,78.0,0.0018639564514160156,15.630953453673369,0.128603443230487,10.0,0.5210317817891122
0.0,FW_diminishing,diminishing,79.0,0.0018870830535888672,15.629000070855968,0.1770342925643913,10.0,0.5209666690285323
0.0,FW_diminishing,diminishing,80.0,0.0019080638885498047,15.630474318087156,0.07886528683740934,10.0,0.5210158106029052
0.0,FW_diminishing,diminishing,81.0,0.0019311904907226562,15.631146553532158,0.06497629704889363,10.0,0.5210382184510719
0.0,FW_diminishing,diminishing,82.0,0.001953125,15.629697592317312,0.142539815968874,10.0,0.5209899197439104
0.0,FW_diminishing,diminishing,83.0,0.001977205276489258,15.629238131503065,0.12885472530962794,10.0,0.5209746043834355
0.0,FW_diminishing,diminishing,84.0,0.0019991397857666016,15.62969844812369,0.069985911444709,10.0,0.5209899482707897
0.0,FW_diminishing,diminishing,85.0,0.002021312713623047,15.628758619526113,0.1580074565048495,10.0,0.5209586206508704
0.0,FW_diminishing,diminishing,86.0,0.0020432472229003906,15.628726755705157,0.07795909681667368,10.0,0.5209575585235052
0.0,FW_diminishing,diminishing,87.0,0.0020651817321777344,15.628434350004506,0.10046164314323924,10.0,0.5209478116668168
0.0,FW_diminishing,diminishing,88.0,0.002086162567138672,15.628283573171117,0.10533842231571278,10.0,0.5209427857723706
0.0,FW_diminishing,diminishing,89.0,0.002110004425048828,15.629097925299611,0.07308828356468666,10.0,0.5209699308433203
0.0,FW_diminishing,diminishing,90.0,0.0021309852600097656,15.629070714987368,0.07439534490398891,10.0,0.5209690238329122
0.0,FW_diminishing,diminishing,91.0,0.0021550655364990234,15.627491523527983,0.15835841454476807,10.0,0.5209163841175994
0.0,FW_diminishing,diminishing,92.0,0.002178192138671875,15.629169928048162,0.041885522421022614,10.0,0.5209723309349388
0.0,FW_diminishing,diminishing,93.0,0.0022001266479492188,15.629610317788094,0.07172478635523305,10.0,0.5209870105929365
0.0,FW_diminishing,diminishing,94.0,0.0022242069244384766,15.629402298030168,0.09083912868510957,10.0,0.5209800766010056
0.0,FW_diminishing,diminishing,95.0,0.0022461414337158203,15.628125997930017,0.13246496921702544,10.0,0.5209375332643339
0.0,FW_diminishing,diminishing,96.0,0.0022690296173095703,15.629092452968063,0.05454250294870455,10.0,0.5209697484322687
0.0,FW_diminishing,diminishing,97.0,0.002292156219482422,15.628327700417211,0.11679410986562822,10.0,0.5209442566805736
0.0,FW_diminishing,diminishing,98.0,0.0023131370544433594,15.62798025729142,0.08488962325148464,10.0,0.5209326752430473
0.0,FW_diminishing,diminishing,99.0,0.0023360252380371094,15.628386050341058,0.07039219423825926,10.0,0.5209462016780353
0.0,FW_diminishing,diminishing,100.0,0.0023581981658935547,15.627574511268238,0.11804397843584447,10.0,0.5209191503756079
0.0,FW_diminishing,diminishing,101.0,0.0023810863494873047,15.628637148257175,0.05839089956335464,10.0,0.5209545716085725
0.0,FW_diminishing,diminishing,102.0,0.0024042129516601562,15.628433823239952,0.07530323771720226,10.0,0.5209477941079984
0.0,FW_diminishing,diminishing,103.0,0.0024251937866210938,15.628569322746609,0.06636635932541246,10.0,0.5209523107582202
0.0,FW_diminishing,diminishing,104.0,0.0024483203887939453,15.628567239157324,0.08701059762469576,10.0,0.5209522413052441
0.0,FW_diminishing,diminishing,105.0,0.002470254898071289,15.629211708862304,0.05892236254453387,10.0,0.5209737236287435
0.0,FW_diminishing,diminishing,106.0,0.0024940967559814453,15.628897565280965,0.08880382675538812,10.0,0.5209632521760322
0.0,FW_diminishing,diminishing,107.0,0.002516031265258789,15.628099309429727,0.1058211832174667,10.0,0.5209366436476576
0.0,FW_diminishing,diminishing,108.0,0.002537965774536133,15.628518787190282,0.056684857577185,10.0,0.520950626239676
0.0,FW_diminishing,diminishing,109.0,0.0025620460510253906,15.629055943163467,0.07300417736479936,10.0,0.5209685314387822
0.0,FW_diminishing,diminishing,110.0,0.002584218978881836,15.628408336677058,0.10584745167158616,10.0,0.520946944555902
0.0,FW_diminishing,diminishing,111.0,0.002607107162475586,15.628050203695473,0.07989465043348076,10.0,0.520935006789849
0.0,FW_diminishing,diminishing,112.0,0.0026302337646484375,15.628852723213132,0.04162836730788122,10.0,0.5209617574404377
0.0,FW_diminishing,diminishing,113.0,0.002651214599609375,15.627820268476775,0.12751278924940657,10.0,0.5209273422825592
0.0,FW_diminishing,diminishing,114.0,0.002674102783203125,15.628203541278815,0.053348278416741834,10.0,0.5209401180426272
0.0,FW_diminishing,diminishing,115.0,0.002696990966796875,15.627882728701271,0.0763305865648114,10.0,0.5209294242900424
0.0,FW_diminishing,diminishing,116.0,0.0027201175689697266,15.627547913359457,0.08547209172198755,10.0,0.5209182637786486
0.0,FW_diminishing,diminishing,117.0,0.002743244171142578,15.627829833325913,0.06736768566176643,10.0,0.5209276611108637
0.0,FW_diminishing,diminishing,118.0,0.0027642250061035156,15.62809542299571,0.039582352214825534,10.0,0.520936514099857
0.0,FW_diminishing,diminishing,119.0,0.0027992725372314453,15.627382909364968,0.10755721743931801,10.0,0.520912763645499
0.0,FW_diminishing,diminishing,120.0,0.0028231143951416016,15.62780598530233,0.0490936520774401,10.0,0.5209268661767443
0.0,FW_diminishing,diminishing,121.0,0.0028460025787353516,15.628574842317954,0.04505794557576692,10.0,0.5209524947439318
0.0,FW_diminishing,diminishing,122.0,0.002868175506591797,15.62801793095035,0.09724531636842038,10.0,0.5209339310316783
0.0,FW_diminishing,diminishing,123.0,0.002891063690185547,15.628068171020463,0.05032590602346687,10.0,0.5209356057006821
0.0,FW_diminishing,diminishing,124.0,0.0029141902923583984,15.628410968379299,0.04789307993595315,10.0,0.5209470322793099
0.0,FW_diminishing,diminishing,125.0,0.0029439926147460938,15.62888786071208,0.06149334105437099,10.0,0.5209629286904026
0.0,FW_diminishing,diminishing,126.0,0.0029680728912353516,15.628639745463028,0.07630419116078535,10.0,0.520954658182101
0.0,FW_diminishing,diminishing,127.0,0.002990245819091797,15.628211907477015,0.07985172694674603,10.0,0.5209403969159004
0.0,FW_diminishing,diminishing,128.0,0.003013134002685547,15.628522328141223,0.05667008550067543,10.0,0.5209507442713741
0.0,FW_diminishing,diminishing,129.0,0.003036022186279297,15.62796163416139,0.09607390484616118,10.0,0.5209320544720463
0.0,FW_diminishing,diminishing,130.0,0.0030591487884521484,15.628229048346554,0.05160691957207675,10.0,0.5209409682782185
0.0,FW_diminishing,diminishing,131.0,0.0030829906463623047,15.628353119163526,0.04186885811542673,10.0,0.5209451039721176
0.0,FW_diminishing,diminishing,132.0,0.0031042098999023438,15.627753213723173,0.09824839767155424,10.0,0.5209251071241058
0.0,FW_diminishing,diminishing,133.0,0.0031261444091796875,15.628042588706094,0.05444220610753803,10.0,0.5209347529568699
0.0,FW_diminishing,diminishing,134.0,0.003149271011352539,15.62804366652293,0.05651858850706404,10.0,0.5209347888840976
0.0,FW_diminishing,diminishing,135.0,0.003171205520629883,15.627718505129321,0.07136305641322416,10.0,0.5209239501709774
0.0,FW_diminishing,diminishing,136.0,0.0031931400299072266,15.627608779961214,0.07136301271360601,10.0,0.5209202926653738
0.0,FW_diminishing,diminishing,137.0,0.003214120864868164,15.628155390430253,0.043707257546369505,10.0,0.5209385130143418
0.0,FW_diminishing,diminishing,138.0,0.0032362937927246094,15.627916081391312,0.07194537310297022,10.0,0.5209305360463771
0.0,FW_diminishing,diminishing,139.0,0.0032591819763183594,15.627843357064714,0.05255904213168172,10.0,0.5209281119021572
0.0,FW_diminishing,diminishing,140.0,0.0032813549041748047,15.628252703574901,0.04107522244169992,10.0,0.52094175678583
0.0,FW_diminishing,diminishing,141.0,0.003302335739135742,15.627740466507305,0.09092486650982678,10.0,0.5209246822169101
0.0,FW_diminishing,diminishing,142.0,0.003381013870239258,15.627653723947372,0.06732302547145785,10.0,0.5209217907982457
0.0,FW_diminishing,diminishing,143.0,0.0034151077270507812,15.627726753778953,0.061382248437919174,10.0,0.5209242251259651
0.0,FW_diminishing,diminishing,144.0,0.0034410953521728516,15.628163770278746,0.02032200225763603,10.0,0.5209387923426249
0.0,FW_diminishing,diminishing,145.0,0.0034651756286621094,15.628544672638268,0.06554082151800777,10.0,0.5209514890879423
0.0,FW_diminishing,diminishing,146.0,0.003487110137939453,15.62843118833959,0.053591873591647854,10.0,0.5209477062779864
0.0,FW_diminishing,diminishing,147.0,0.003509998321533203,15.62869692159526,0.03883924698865293,10.0,0.5209565640531754
0.0,FW_diminishing,diminishing,148.0,0.003534078598022461,15.628773604020656,0.045401841611724336,10.0,0.5209591201340219
0.0,FW_diminishing,diminishing,149.0,0.0035572052001953125,15.628421613548129,0.09321187614527027,10.0,0.5209473871182709
0.0,FW_diminishing,diminishing,150.0,0.0035800933837890625,15.628320800968753,0.05164244360250514,10.0,0.5209440266989585
0.0,FW_diminishing,diminishing,151.0,0.0036029815673828125,15.628154105842642,0.06313897476225705,10.0,0.5209384701947547
0.0,FW_diminishing,diminishing,152.0,0.003625154495239258,15.628323205433738,0.04627002651951351,10.0,0.5209441068477912
0.0,FW_diminishing,diminishing,153.0,0.003648042678833008,15.628409049209864,0.06690063730953355,10.0,0.5209469683069955
0.0,FW_diminishing,diminishing,154.0,0.003670215606689453,15.628325484042323,0.055841211348438335,10.0,0.5209441828014107
0.0,FW_diminishing,diminishing,155.0,0.003693103790283203,15.628121706472346,0.058667280926464116,10.0,0.5209373902157448
0.0,FW_diminishing,diminishing,156.0,0.0037152767181396484,15.628204558235282,0.05668493752382453,10.0,0.520940151941176
0.0,FW_diminishing,diminishing,157.0,0.003737211227416992,15.62789978357749,0.07283846262949112,10.0,0.5209299927859163
0.0,FW_diminishing,diminishing,158.0,0.0037603378295898438,15.628074999478729,0.04061671256666877,10.0,0.5209358333159576
0.0,FW_diminishing,diminishing,159.0,0.0037822723388671875,15.627890149457405,0.05646680221986955,10.0,0.5209296716485802
0.0,FW_diminishing,diminishing,160.0,0.0038039684295654297,15.627923930882767,0.044628022030870795,10.0,0.5209307976960923
0.0,FW_diminishing,diminishing,161.0,0.0038259029388427734,15.627768030400388,0.07421404638532714,10.0,0.5209256010133463
0.0,FW_diminishing,diminishing,162.0,0.0038471221923828125,15.627895858486388,0.030025028945843246,10.0,0.5209298619495463
0.0,FW_diminishing,diminishing,163.0,0.0038690567016601562,15.62771435508719,0.06168384657709325,10.0,0.5209238118362397
0.0,FW_diminishing,diminishing,164.0,0.0038909912109375,15.627763746964739,0.050966982894788515,10.0,0.520925458232158
0.0,FW_diminishing,diminishing,165.0,0.003913164138793945,15.628040414192663,0.044909870462143786,10.0,0.5209346804730888
0.0,FW_diminishing,diminishing,166.0,0.003934144973754883,15.62793091025526,0.05499266520282475,10.0,0.5209310303418421
0.0,FW_diminishing,diminishing,167.0,0.003957033157348633,15.62794561590936,0.03816022117788975,10.0,0.520931520530312
0.0,FW_diminishing,diminishing,168.0,0.003979206085205078,15.628132505511983,0.04271906774945755,10.0,0.5209377501837328
0.0,FW_diminishing,diminishing,169.0,0.004000186920166016,15.627827031639313,0.07129857651955618,10.0,0.5209275677213104
0.0,FW_diminishing,diminishing,170.0,0.004021167755126953,15.627670203329162,0.06458914111186864,10.0,0.520922340110972
0.0,FW_diminishing,diminishing,171.0,0.004043102264404297,15.627688588160824,0.03688983994428163,10.0,0.5209229529386942
0.0,FW_diminishing,diminishing,172.0,0.0040662288665771484,15.627903666228466,0.0481288303602998,10.0,0.5209301222076156
0.0,FW_diminishing,diminishing,173.0,0.0040891170501708984,15.627765318343743,0.05608201352482922,10.0,0.5209255106114581
0.0,FW_diminishing,diminishing,174.0,0.00410914421081543,15.627782019003007,0.050461751416410294,10.0,0.5209260673001003
0.0,FW_diminishing,diminishing,175.0,0.0041310787200927734,15.627843363118824,0.032126479487867954,10.0,0.5209281121039608
0.0,FW_diminishing,diminishing,176.0,0.004152059555053711,15.627667637180098,0.05890742774136726,10.0,0.5209222545726699
0.0,FW_diminishing,diminishing,177.0,0.0041751861572265625,15.62759613312177,0.06227934951244052,10.0,0.520919871104059
0.0,FW_diminishing,diminishing,178.0,0.004197120666503906,15.627755497287088,0.028104786196999854,10.0,0.5209251832429029
0.0,FW_diminishing,diminishing,179.0,0.004218101501464844,15.627558556930689,0.05479940426802443,10.0,0.5209186185643563
0.0,FW_diminishing,diminishing,180.0,0.004240274429321289,15.627496312290791,0.05384323500381072,10.0,0.5209165437430264
0.0,FW_diminishing,diminishing,181.0,0.0042612552642822266,15.627718352793472,0.04171653291804134,10.0,0.5209239450931158
0.0,FW_diminishing,diminishing,182.0,0.004283905029296875,15.627727389860139,0.04083037097437092,10.0,0.5209242463286713
0.0,FW_diminishing,diminishing,183.0,0.00430607795715332,15.627810836401444,0.04617385603190982,10.0,0.5209270278800482
0.0,FW_diminishing,diminishing,184.0,0.004327058792114258,15.627702607405379,0.045951882346075834,10.0,0.5209234202468459
0.0,FW_diminishing,diminishing,185.0,0.004348039627075195,15.627545360595024,0.055856866639199865,10.0,0.5209181786865008
0.0,FW_diminishing,diminishing,186.0,0.004369974136352539,15.62748467510121,0.05436493827611599,10.0,0.520916155836707
0.0,FW_diminishing,diminishing,187.0,0.0043909549713134766,15.627693960160688,0.015217741687367337,10.0,0.5209231320053562
0.0,FW_diminishing,diminishing,188.0,0.004413127899169922,15.627504318774223,0.05854884464260479,10.0,0.5209168106258074
0.0,FW_diminishing,diminishing,189.0,0.004435062408447266,15.627530354708945,0.049753080776879344,10.0,0.5209176784902981
0.0,FW_diminishing,diminishing,190.0,0.004456996917724609,15.627599591803778,0.038867183405979944,10.0,0.5209199863934593
0.0,FW_diminishing,diminishing,191.0,0.004479169845581055,15.627554968459735,0.044059853272042204,10.0,0.5209184989486578
0.0,FW_diminishing,diminishing,192.0,0.0045011043548583984,15.6273162610358,0.05768494384001599,10.0,0.5209105420345267
0.0,FW_diminishing,diminishing,193.0,0.00452423095703125,15.627525800360736,0.039123776418866996,10.0,0.5209175266786912
0.0,FW_diminishing,diminishing,194.0,0.004547119140625,15.627742157235195,0.017673758979633192,10.0,0.5209247385745065
0.0,FW_diminishing,diminishing,195.0,0.0045680999755859375,15.627519561116719,0.0559102816262218,10.0,0.5209173187038906
0.0,FW_diminishing,diminishing,196.0,0.004590272903442383,15.627534580176285,0.042686535513702495,10.0,0.5209178193392094
0.0,FW_diminishing,diminishing,197.0,0.0046122074127197266,15.627717658761659,0.03879962228390177,10.0,0.520923921958722
0.0,FW_diminishing,diminishing,198.0,0.00463414192199707,15.627800990809432,0.029886199063154706,10.0,0.5209266996936477
0.0,FW_diminishing,diminishing,199.0,0.004656314849853516,15.627754903526563,0.054314741445042,10.0,0.5209251634508855
0.0,FW_diminishing,diminishing,200.0,0.004677295684814453,15.627611380595052,0.047556339460738783,10.0,0.5209203793531684
0.0,FW_diminishing,diminishing,201.0,0.0046999454498291016,15.62755201735745,0.04381826246477516,10.0,0.5209184005785816
0.0,FW_diminishing,diminishing,202.0,0.004728078842163086,15.62737227650406,0.06326474671534399,10.0,0.520912409216802
0.0,FW_diminishing,diminishing,203.0,0.0047490596771240234,15.627502240112666,0.018980384096835223,10.0,0.5209167413370889
0.0,FW_diminishing,diminishing,204.0,0.004772186279296875,15.62741362145288,0.046396323189361155,10.0,0.5209137873817626
0.0,FW_diminishing,diminishing,205.0,0.0047953128814697266,15.627332579283069,0.05665712241843046,10.0,0.5209110859761023
0.0,FW_diminishing,diminishing,206.0,0.00481724739074707,15.627452576977369,0.029444409742446,10.0,0.5209150858992456
0.0,FW_diminishing,diminishing,207.0,0.00484013557434082,15.627483347736463,0.03339415347595143,10.0,0.5209161115912154
0.0,FW_diminishing,diminishing,208.0,0.004861116409301758,15.627234269471522,0.05805688411991383,10.0,0.5209078089823841
0.0,FW_diminishing,diminishing,209.0,0.004884004592895508,15.627517536712105,0.023748819770473162,10.0,0.5209172512237369
0.0,FW_diminishing,diminishing,210.0,0.004906177520751953,15.627564187221628,0.03112465887638649,10.0,0.520918806240721
0.0,FW_diminishing,diminishing,211.0,0.004929065704345703,15.627598716904687,0.0431034710988758,10.0,0.5209199572301563
0.0,FW_diminishing,diminishing,212.0,0.0049512386322021484,15.627685662246344,0.033247468522530355,10.0,0.5209228554082115
0.0,FW_diminishing,diminishing,213.0,0.004973173141479492,15.627624203377135,0.04227530740574181,10.0,0.5209208067792378
0.0,FW_diminishing,diminishing,214.0,0.004995107650756836,15.627289806229776,0.06721584624990129,10.0,0.5209096602076592
0.0,FW_diminishing,diminishing,215.0,0.0050182342529296875,15.62753145992552,0.008815575048616964,10.0,0.5209177153308506
0.0,FW_diminishing,diminishing,216.0,0.005040168762207031,15.627415530014833,0.043232807724514544,10.0,0.5209138510004945
0.0,FW_diminishing,diminishing,217.0,0.005063056945800781,15.627409885473512,0.046146438869865136,10.0,0.520913662849117
0.0,FW_diminishing,diminishing,218.0,0.005084037780761719,15.627327338602433,0.048893661457540816,10.0,0.5209109112867477
0.0,FW_diminishing,diminishing,219.0,0.005118131637573242,15.627325113001358,0.034882371238770915,10.0,0.5209108371000453
0.0,FW_diminishing,diminishing,220.0,0.005140066146850586,15.627217888420763,0.04193727608857678,10.0,0.5209072629473588
0.0,FW_diminishing,diminishing,221.0,0.0051631927490234375,15.627353034531593,0.03698919247379884,10.0,0.5209117678177198
0.0,FW_diminishing,diminishing,222.0,0.005196094512939453,15.627504860532543,0.02185714823287377,10.0,0.5209168286844181
0.0,FW_diminishing,diminishing,223.0,0.005218029022216797,15.627654669181238,0.025801138734800944,10.0,0.5209218223060412
0.0,FW_diminishing,diminishing,224.0,0.005240201950073242,15.627630648589696,0.036596750963667546,10.0,0.5209210216196565
0.0,FW_diminishing,diminishing,225.0,0.005263090133666992,15.627724136273107,0.03319699846745294,10.0,0.5209241378757702
0.0,FW_diminishing,diminishing,226.0,0.005286216735839844,15.627695327120616,0.03244239853793829,10.0,0.5209231775706872
0.0,FW_diminishing,diminishing,227.0,0.005307197570800781,15.627560543666602,0.048979042242747184,10.0,0.5209186847888867
0.0,FW_diminishing,diminishing,228.0,0.005330085754394531,15.627564418668646,0.039197018870401834,10.0,0.5209188139556216
0.0,FW_diminishing,diminishing,229.0,0.005352020263671875,15.6277112443498,0.03210100810726857,10.0,0.5209237081449933
0.0,FW_diminishing,diminishing,230.0,0.005373954772949219,15.627616027415915,0.04411564923308475,10.0,0.5209205342471972
0.0,FW_diminishing,diminishing,231.0,0.00539708137512207,15.627538985060442,0.0375526710551366,10.0,0.5209179661686814
0.0,FW_diminishing,diminishing,232.0,0.005419015884399414,15.62758808816373,0.03153698688213602,10.0,0.520919602938791
0.0,FW_diminishing,diminishing,233.0,0.005442142486572266,15.627649556651862,0.025266390053582555,10.0,0.5209216518883955
0.0,FW_diminishing,diminishing,234.0,0.005464076995849609,15.627472090530064,0.06333344794100704,10.0,0.5209157363510022
0.0,FW_diminishing,diminishing,235.0,0.005487203598022461,15.627401866073587,0.036408074116526024,10.0,0.5209133955357862
0.0,FW_diminishing,diminishing,236.0,0.005509138107299805,15.627361396508238,0.03699541942815898,10.0,0.5209120465502746
0.0,FW_diminishing,diminishing,237.0,0.00553131103515625,15.627504269164536,0.02446418598511002,10.0,0.5209168089721512
0.0,FW_diminishing,diminishing,238.0,0.005553007125854492,15.627574392650718,0.019176713908024112,10.0,0.5209191464216906
0.0,FW_diminishing,diminishing,239.0,0.005574941635131836,15.627432419119947,0.04898484193550878,10.0,0.5209144139706648
0.0,FW_diminishing,diminishing,240.0,0.0055980682373046875,15.627365966935999,0.044195798752811655,10.0,0.5209121988978667
0.0,FW_diminishing,diminishing,241.0,0.005621194839477539,15.627519032770401,0.02800712912121739,10.0,0.5209173010923467
0.0,FW_diminishing,diminishing,242.0,0.0056421756744384766,15.627578110162379,0.024073924865964713,10.0,0.520919270338746
0.0,FW_diminishing,diminishing,243.0,0.0056650638580322266,15.627447535583517,0.04321949044519968,10.0,0.5209149178527839
0.0,FW_diminishing,diminishing,244.0,0.005687236785888672,15.62742745390328,0.039537998374381544,10.0,0.5209142484634427
0.0,FW_diminishing,diminishing,245.0,0.00571131706237793,15.627462366610478,0.026610996338376935,10.0,0.5209154122203493
0.0,FW_diminishing,diminishing,246.0,0.00573420524597168,15.62735477727471,0.05360533289411862,10.0,0.5209118259091571
0.0,FW_diminishing,diminishing,247.0,0.005758047103881836,15.6273782418878,0.02371052047694633,10.0,0.5209126080629267
0.0,FW_diminishing,diminishing,248.0,0.00577998161315918,15.62731959419114,0.03797390211444984,10.0,0.5209106531397046
0.0,FW_diminishing,diminishing,249.0,0.005802154541015625,15.627544265026533,0.026278407089979083,10.0,0.5209181421675511
0.0,FW_diminishing,diminishing,250.0,0.005825042724609375,15.627625916059444,0.02427332624622558,10.0,0.5209208638686481
0.0,FW_diminishing,diminishing,251.0,0.0058481693267822266,15.627713408175905,0.01906036021511781,10.0,0.5209237802725302
0.0,FW_diminishing,diminishing,252.0,0.005869150161743164,15.627537839041878,0.04859803634817439,10.0,0.5209179279680626
0.0,FW_diminishing,diminishing,253.0,0.005892276763916016,15.627567442994822,0.03523982281979343,10.0,0.5209189147664941
0.0,FW_diminishing,diminishing,254.0,0.005914211273193359,15.627563724489308,0.03033959366157646,10.0,0.5209187908163103
0.0,FW_diminishing,diminishing,255.0,0.005937099456787109,15.62751622587504,0.03196907211203737,10.0,0.520917207529168
0.0,FW_diminishing,diminishing,256.0,0.005959033966064453,15.627682168141924,0.02244421602222424,10.0,0.5209227389380641
0.0,FW_diminishing,diminishing,257.0,0.005980968475341797,15.627639227903328,0.039303021108267444,10.0,0.5209213075967776
0.0,FW_diminishing,diminishing,258.0,0.0060040950775146484,15.627565857604106,0.03900845482710835,10.0,0.5209188619201368
0.0,FW_diminishing,diminishing,259.0,0.006026029586791992,15.62766738248002,0.02478814525258244,10.0,0.5209222460826674
0.0,FW_diminishing,diminishing,260.0,0.006049156188964844,15.62765815974,0.02653781141760625,10.0,0.520921938658
0.0,FW_diminishing,diminishing,261.0,0.006072044372558594,15.627502760005232,0.04964999806477799,10.0,0.5209167586668411
0.0,FW_diminishing,diminishing,262.0,0.006093263626098633,15.627445307769566,0.04214360756638591,10.0,0.5209148435923189
0.0,FW_diminishing,diminishing,263.0,0.006116151809692383,15.62750899005703,0.020336915411700573,10.0,0.5209169663352343
0.0,FW_diminishing,diminishing,264.0,0.006138324737548828,15.627425956096516,0.03606507699061545,10.0,0.5209141985365505
0.0,FW_diminishing,diminishing,265.0,0.006161212921142578,15.62745431028171,0.039712698565850246,10.0,0.520915143676057
0.0,FW_diminishing,diminishing,266.0,0.006186008453369141,15.62755955259269,0.019775055268153707,10.0,0.5209186517530896
0.0,FW_diminishing,diminishing,267.0,0.006206989288330078,15.627544383822244,0.030461566597221434,10.0,0.5209181461274082
0.0,FW_diminishing,diminishing,268.0,0.00623011589050293,15.627483504900303,0.03284541338651614,10.0,0.52091611683001
0.0,FW_diminishing,diminishing,269.0,0.0062520503997802734,15.627533188942369,0.0299399981234707,10.0,0.5209177729647456
0.0,FW_diminishing,diminishing,270.0,0.006275177001953125,15.627439997198826,0.04085861587643258,10.0,0.5209146665732942
0.0,FW_diminishing,diminishing,271.0,0.006297111511230469,15.62752299421592,0.020547163655759704,10.0,0.5209174331405306
0.0,FW_diminishing,diminishing,272.0,0.006319284439086914,15.627548883414939,0.037855763009757126,10.0,0.5209182961138313
0.0,FW_diminishing,diminishing,273.0,0.006341218948364258,15.627526070708168,0.02727520351069579,10.0,0.5209175356902722
0.0,FW_diminishing,diminishing,274.0,0.0063631534576416016,15.627374911932938,0.04869279918612612,10.0,0.5209124970644312
0.0,FW_diminishing,diminishing,275.0,0.0063860416412353516,15.627489317226171,0.019961446093192947,10.0,0.5209163105742057
0.0,FW_diminishing,diminishing,276.0,0.006409168243408203,15.627478020919822,0.029061872909121433,10.0,0.5209159340306607
0.0,FW_diminishing,diminishing,277.0,0.006430149078369141,15.627349586588268,0.04181370111855642,10.0,0.5209116528862756
0.0,FW_diminishing,diminishing,278.0,0.006453037261962891,15.627329753236113,0.03395241697802476,10.0,0.5209109917745371
0.0,FW_diminishing,diminishing,279.0,0.006475210189819336,15.627426812678342,0.01345135796464092,10.0,0.520914227089278
0.0,FW_diminishing,diminishing,280.0,0.006498098373413086,15.627327259064208,0.03765078582257253,10.0,0.5209109086354736
0.0,FW_diminishing,diminishing,281.0,0.006520271301269531,15.62733369039367,0.0342386316047385,10.0,0.5209111230131224
0.0,FW_diminishing,diminishing,282.0,0.006542205810546875,15.627355322808114,0.023803135804229214,10.0,0.5209118440936038
0.0,FW_diminishing,diminishing,283.0,0.006564140319824219,15.627345187195024,0.033397375035216115,10.0,0.5209115062398342
0.0,FW_diminishing,diminishing,284.0,0.006586313247680664,15.627438231275471,0.02628040529379838,10.0,0.5209146077091824
0.0,FW_diminishing,diminishing,285.0,0.006609201431274414,15.627480517234298,0.020502249660840022,10.0,0.5209160172411432
0.0,FW_diminishing,diminishing,286.0,0.006632089614868164,15.627328986051353,0.04499287774605065,10.0,0.5209109662017117
0.0,FW_diminishing,diminishing,287.0,0.0066530704498291016,15.62741415299074,0.017786521757184204,10.0,0.5209138050996913
0.0,FW_diminishing,diminishing,288.0,0.006675004959106445,15.62753504144082,0.02240000053575386,10.0,0.520917834714694
0.0,FW_diminishing,diminishing,289.0,0.006698131561279297,15.62749100629258,0.02923191336200226,10.0,0.5209163668764193
0.0,FW_diminishing,diminishing,290.0,0.006720066070556641,15.627390655042168,0.04090598683594138,10.0,0.520913021834739
0.0,FW_diminishing,diminishing,291.0,0.006743192672729492,15.627439356074461,0.026762888663050433,10.0,0.5209146452024821
0.0,FW_diminishing,diminishing,292.0,0.00676417350769043,15.627463455015805,0.02240807167238046,10.0,0.5209154485005268
0.0,FW_diminishing,diminishing,293.0,0.00678706169128418,15.627325876708666,0.04290126972633779,10.0,0.5209108625569555
0.0,FW_diminishing,diminishing,294.0,0.006808042526245117,15.627320333680764,0.031573851723731394,10.0,0.5209106777893588
0.0,FW_diminishing,diminishing,295.0,0.006831169128417969,15.627329044989379,0.024409135963669115,10.0,0.5209109681663127
0.0,FW_diminishing,diminishing,296.0,0.00685429573059082,15.627376511102776,0.026253381468128723,10.0,0.5209125503700925
0.0,FW_diminishing,diminishing,297.0,0.006875276565551758,15.62734579643808,0.026790675749611026,10.0,0.520911526547936
0.0,FW_diminishing,diminishing,298.0,0.00690007209777832,15.627289207039313,0.0339979028155426,10.0,0.5209096402346438
0.0,FW_diminishing,diminishing,299.0,0.006923198699951172,15.627284552870822,0.02967311516473714,10.0,0.5209094850956941
0.0,FW_diminishing,diminishing,300.0,0.006945133209228516,15.627366934815292,0.025040972474402068,10.0,0.5209122311605098
0.0,FW_diminishing,diminishing,301.0,0.006968259811401367,15.627387549656733,0.01872948502375138,10.0,0.5209129183218911
0.0,FW_diminishing,diminishing,302.0,0.006989240646362305,15.627281528312798,0.041337095525488365,10.0,0.5209093842770932
0.0,FW_diminishing,diminishing,303.0,0.007012128829956055,15.627360208405463,0.020525011567217533,10.0,0.5209120069468488
0.0,FW_diminishing,diminishing,304.0,0.0070343017578125,15.627368998088741,0.023596407496425442,10.0,0.5209122999362914
0.0,FW_diminishing,diminishing,305.0,0.007056236267089844,15.627323225275289,0.03671087916471549,10.0,0.520910774175843
0.0,FW_diminishing,diminishing,306.0,0.007079124450683594,15.627266888477575,0.03024883460484773,10.0,0.5209088962825859
0.0,FW_diminishing,diminishing,307.0,0.007100105285644531,15.627261585691567,0.025531490442860516,10.0,0.5209087195230523
0.0,FW_diminishing,diminishing,308.0,0.007122993469238281,15.627337009388244,0.02030719991783414,10.0,0.5209112336462748
0.0,FW_diminishing,diminishing,309.0,0.007146120071411133,15.627378384423942,0.021554732219920325,10.0,0.5209126128141314
0.0,FW_diminishing,diminishing,310.0,0.007169008255004883,15.627323917811946,0.02978988716390063,10.0,0.5209107972603982
0.0,FW_diminishing,diminishing,311.0,0.007191181182861328,15.627202578554042,0.04350044607890169,10.0,0.5209067526184681
0.0,FW_diminishing,diminishing,312.0,0.007212162017822266,15.627333269098761,0.015469405927298396,10.0,0.5209111089699587
0.0,FW_diminishing,diminishing,313.0,0.007235050201416016,15.627387354909208,0.01565988779078964,10.0,0.520912911830307
0.0,FW_diminishing,diminishing,314.0,0.007257223129272461,15.627296142745449,0.03547098424463435,10.0,0.5209098714248482
0.0,FW_diminishing,diminishing,315.0,0.007280111312866211,15.627301724602962,0.026606202422854608,10.0,0.5209100574867654
0.0,FW_diminishing,diminishing,316.0,0.007302284240722656,15.627359812207754,0.021967153319348398,10.0,0.5209119937402584
0.0,FW_diminishing,diminishing,317.0,0.0073239803314208984,15.627300104302876,0.03351038522787775,10.0,0.5209100034767625
0.0,FW_diminishing,diminishing,318.0,0.007345914840698242,15.627213229431403,0.03469187440663113,10.0,0.5209071076477134
0.0,FW_diminishing,diminishing,319.0,0.0073680877685546875,15.627350604755035,0.013972777323806085,10.0,0.5209116868251679
0.0,FW_diminishing,diminishing,320.0,0.0073909759521484375,15.62740458042559,0.019505085223437746,10.0,0.5209134860141863
0.0,FW_diminishing,diminishing,321.0,0.007414102554321289,15.627294895212891,0.04145298692934318,10.0,0.5209098298404297
0.0,FW_diminishing,diminishing,322.0,0.0074350833892822266,15.62722460674001,0.03190476529414177,10.0,0.5209074868913336
0.0,FW_diminishing,diminishing,323.0,0.00745701789855957,15.627250531823968,0.01924435287119408,10.0,0.5209083510607989
0.0,FW_diminishing,diminishing,324.0,0.007479190826416016,15.627272779786317,0.026841160755870064,10.0,0.5209090926595439
0.0,FW_diminishing,diminishing,325.0,0.007502079010009766,15.627279255641223,0.019193381372714313,10.0,0.5209093085213741
0.0,FW_diminishing,diminishing,326.0,0.007525205612182617,15.627265121645554,0.028901046234000916,10.0,0.5209088373881852
0.0,FW_diminishing,diminishing,327.0,0.007546186447143555,15.627185352462421,0.036398047461084104,10.0,0.520906178415414
0.0,FW_diminishing,diminishing,328.0,0.007569313049316406,15.627210385219874,0.01591834909299017,10.0,0.5209070128406624
0.0,FW_diminishing,diminishing,329.0,0.0075910091400146484,15.627259408982553,0.014892330351170102,10.0,0.5209086469660851
0.0,FW_diminishing,diminishing,330.0,0.0076141357421875,15.627205054218347,0.03901312217812247,10.0,0.5209068351406115
0.0,FW_diminishing,diminishing,331.0,0.00763702392578125,15.627329038203984,0.01327795190257497,10.0,0.5209109679401328
0.0,FW_diminishing,diminishing,332.0,0.0076580047607421875,15.62731622950023,0.02824032978903901,10.0,0.520910540983341
0.0,FW_diminishing,diminishing,333.0,0.007681131362915039,15.627291108934388,0.02701047741560103,10.0,0.5209097036311463
0.0,FW_diminishing,diminishing,334.0,0.007703065872192383,15.627192427677254,0.0363904198663878,10.0,0.5209064142559084
0.0,FW_diminishing,diminishing,335.0,0.007725238800048828,15.627287853908593,0.010810207477993217,10.0,0.5209095951302865
0.0,FW_diminishing,diminishing,336.0,0.007748126983642578,15.627251192159719,0.028807024996606145,10.0,0.5209083730719907
0.0,FW_diminishing,diminishing,337.0,0.007769107818603516,15.62726028349931,0.027763661924680605,10.0,0.5209086761166437
0.0,FW_diminishing,diminishing,338.0,0.007792234420776367,15.627281197710332,0.024666666020941364,10.0,0.520909373257011
0.0,FW_diminishing,diminishing,339.0,0.007814168930053711,15.627290753784662,0.020735652957052153,10.0,0.5209096917928221
0.0,FW_diminishing,diminishing,340.0,0.007836103439331055,15.627249410203165,0.026476166694406444,10.0,0.5209083136734388
0.0,FW_diminishing,diminishing,341.0,0.007858991622924805,15.627290551230555,0.018303239009670236,10.0,0.5209096850410185
0.0,FW_diminishing,diminishing,342.0,0.007879972457885742,15.627346306423448,0.024081530499397985,10.0,0.5209115435474483
0.0,FW_diminishing,diminishing,343.0,0.007917165756225586,15.627391831404243,0.014214418819575414,10.0,0.5209130610468081
0.0,FW_diminishing,diminishing,344.0,0.00793910026550293,15.627287492044932,0.03729472255002442,10.0,0.5209095830681644
0.0,FW_diminishing,diminishing,345.0,0.007962226867675781,15.62736074946839,0.015849993729920797,10.0,0.5209120249822797
0.0,FW_diminishing,diminishing,346.0,0.00798487663269043,15.627356730305605,0.022624828131808883,10.0,0.5209118910101869
0.0,FW_diminishing,diminishing,347.0,0.00800633430480957,15.627340340675742,0.028927833967751226,10.0,0.5209113446891914
0.0,FW_diminishing,diminishing,348.0,0.008028984069824219,15.627313533445433,0.02363760064824838,10.0,0.5209104511148478
0.0,FW_diminishing,diminishing,349.0,0.008051156997680664,15.627298489639761,0.024388603357444083,10.0,0.5209099496546588
0.0,FW_diminishing,diminishing,350.0,0.008074045181274414,15.627284636746628,0.03464931353168055,10.0,0.5209094878915542
0.0,FW_diminishing,diminishing,351.0,0.008097171783447266,15.627316288058227,0.019058163166940645,10.0,0.5209105429352742
0.0,FW_diminishing,diminishing,352.0,0.008118152618408203,15.627327015456874,0.01679497991466583,10.0,0.5209109005152291
0.0,FW_diminishing,diminishing,353.0,0.008142232894897461,15.627275040280061,0.030764803074738722,10.0,0.5209091680093354
0.0,FW_diminishing,diminishing,354.0,0.008164167404174805,15.627229633215327,0.03603405132539805,10.0,0.5209076544405109
0.0,FW_diminishing,diminishing,355.0,0.008186101913452148,15.627262232276037,0.01551471993502318,10.0,0.5209087410758679
0.0,FW_diminishing,diminishing,356.0,0.008209228515625,15.627207806276411,0.028291644083921597,10.0,0.5209069268758804
0.0,FW_diminishing,diminishing,357.0,0.008230209350585938,15.627263690226183,0.014174785464643236,10.0,0.5209087896742061
0.0,FW_diminishing,diminishing,358.0,0.008253097534179688,15.627323311863286,0.016802346108200084,10.0,0.5209107770621095
0.0,FW_diminishing,diminishing,359.0,0.008275032043457031,15.627266747605908,0.03139457480893171,10.0,0.5209088915868636
0.0,FW_diminishing,diminishing,360.0,0.008298158645629883,15.627214009157825,0.027887827640613594,10.0,0.5209071336385942
0.0,FW_diminishing,diminishing,361.0,0.008320093154907227,15.627311562170826,0.013412694672050307,10.0,0.5209103854056942
0.0,FW_diminishing,diminishing,362.0,0.00834202766418457,15.62726276988623,0.02988207688738065,10.0,0.5209087589962077
0.0,FW_diminishing,diminishing,363.0,0.008365154266357422,15.627235693995308,0.029872183024695076,10.0,0.5209078564665103
0.0,FW_diminishing,diminishing,364.0,0.008387088775634766,15.627300023788369,0.009001075330088426,10.0,0.5209100007929456
0.0,FW_diminishing,diminishing,365.0,0.008409261703491211,15.627227757400846,0.03137196311573476,10.0,0.5209075919133616
0.0,FW_diminishing,diminishing,366.0,0.008432149887084961,15.62720972700675,0.0303269614803785,10.0,0.520906990900225
0.0,FW_diminishing,diminishing,367.0,0.008453130722045898,15.62722991161358,0.016923558877760314,10.0,0.5209076637204527
0.0,FW_diminishing,diminishing,368.0,0.008476018905639648,15.62721812025066,0.02008500494371468,10.0,0.520907270675022
0.0,FW_diminishing,diminishing,369.0,0.0084991455078125,15.627203231259651,0.026249960037525,10.0,0.5209067743753217
0.0,FW_diminishing,diminishing,370.0,0.008521080017089844,15.627247723609708,0.022855315239088014,10.0,0.5209082574536569
0.0,FW_diminishing,diminishing,371.0,0.008544206619262695,15.627298566173737,0.010911619124319927,10.0,0.5209099522057913
0.0,FW_diminishing,diminishing,372.0,0.008566141128540039,15.627232287125269,0.03015981131626866,10.0,0.5209077429041756
0.0,FW_diminishing,diminishing,373.0,0.008588075637817383,15.627257321020595,0.019517090763203626,10.0,0.5209085773673532
0.0,FW_diminishing,diminishing,374.0,0.008610248565673828,15.62732542309395,0.013542073176930458,10.0,0.520910847436465
0.0,FW_diminishing,diminishing,375.0,0.008633136749267578,15.627225279777976,0.03920407338474874,10.0,0.5209075093259325
0.0,FW_diminishing,diminishing,376.0,0.00865626335144043,15.62722445489228,0.017667829188209083,10.0,0.5209074818297427
0.0,FW_diminishing,diminishing,377.0,0.008677244186401367,15.627223618819277,0.02027889113776915,10.0,0.5209074539606425
0.0,FW_diminishing,diminishing,378.0,0.008699893951416016,15.627254284281598,0.023955419742863526,10.0,0.52090847614272
0.0,FW_diminishing,diminishing,379.0,0.008722066879272461,15.627234276156901,0.02668521059218598,10.0,0.52090780920523
0.0,FW_diminishing,diminishing,380.0,0.008744955062866211,15.627264637808873,0.011497124860957442,10.0,0.5209088212602958
0.0,FW_diminishing,diminishing,381.0,0.008768081665039062,15.627231388708235,0.026308800718172876,10.0,0.5209077129569412
0.0,FW_diminishing,diminishing,382.0,0.0087890625,15.627184709407281,0.03487004736866339,10.0,0.5209061569802427
0.0,FW_diminishing,diminishing,383.0,0.008810997009277344,15.627223862530439,0.012228298769306534,10.0,0.520907462084348
0.0,FW_diminishing,diminishing,384.0,0.008834123611450195,15.627221743164645,0.023953062452399365,10.0,0.5209073914388215
0.0,FW_diminishing,diminishing,385.0,0.008856058120727539,15.627202466638094,0.020851149133934044,10.0,0.5209067488879364
0.0,FW_diminishing,diminishing,386.0,0.00887918472290039,15.627231015152855,0.014083510236050145,10.0,0.5209077005050952
0.0,FW_diminishing,diminishing,387.0,0.008900165557861328,15.627186290765,0.03427043123658713,10.0,0.5209062096921666
0.0,FW_diminishing,diminishing,388.0,0.00892329216003418,15.627220273841566,0.010308859010693894,10.0,0.5209073424613855
0.0,FW_diminishing,diminishing,389.0,0.008944988250732422,15.627209862594317,0.02154484340685059,10.0,0.5209069954198106
0.0,FW_diminishing,diminishing,390.0,0.008968114852905273,15.627203971860085,0.02336969450219506,10.0,0.5209067990620029
0.0,FW_diminishing,diminishing,391.0,0.008991003036499023,15.627198244581459,0.02995273801598053,10.0,0.5209066081527153
0.0,FW_diminishing,diminishing,392.0,0.009011983871459961,15.627337595232314,0.007154823717142378,10.0,0.5209112531744104
0.0,FW_diminishing,diminishing,393.0,0.009035110473632812,15.627303320101792,0.02610370767598269,10.0,0.5209101106700598
0.0,FW_diminishing,diminishing,394.0,0.009057044982910156,15.627272287408736,0.022886364485827926,10.0,0.5209090762469579
0.0,FW_diminishing,diminishing,395.0,0.009080171585083008,15.627332156840746,0.009983489770457155,10.0,0.5209110718946915
0.0,FW_diminishing,diminishing,396.0,0.009102106094360352,15.6273514825249,0.015288501356826245,10.0,0.5209117160841633
0.0,FW_diminishing,diminishing,397.0,0.009124279022216797,15.627282911889658,0.03863174623906396,10.0,0.520909430396322
0.0,FW_diminishing,diminishing,398.0,0.00914621353149414,15.627253198133365,0.02251547118129338,10.0,0.5209084399377788
0.0,FW_diminishing,diminishing,399.0,0.009168148040771484,15.627236607553735,0.02235320348057357,10.0,0.5209078869184578
0.0,FW_diminishing,diminishing,400.0,0.009191036224365234,15.627280317116536,0.015867390157779937,10.0,0.5209093439038845
0.0,FW_diminishing,diminishing,401.0,0.009215116500854492,15.62730040716879,0.012350771990794485,10.0,0.5209100135722929
0.0,FW_diminishing,diminishing,402.0,0.009237051010131836,15.627247993483039,0.029508256069046723,10.0,0.5209082664494347
0.0,FW_diminishing,diminishing,403.0,0.009259223937988281,15.627233731983496,0.025334145007683162,10.0,0.5209077910661165
0.0,FW_diminishing,diminishing,404.0,0.009281158447265625,15.62730515964639,0.013322400236194909,10.0,0.520910171988213
0.0,FW_diminishing,diminishing,405.0,0.009304046630859375,15.62726519229621,0.026901751020394826,10.0,0.520908839743207
0.0,FW_diminishing,diminishing,406.0,0.009327173233032227,15.627267792181724,0.0156839871795178,10.0,0.5209089264060575
0.0,FW_diminishing,diminishing,407.0,0.009348154067993164,15.627269073955986,0.021017837503755743,10.0,0.5209089691318662
0.0,FW_diminishing,diminishing,408.0,0.009371280670166016,15.627280069458497,0.016325572434935154,10.0,0.5209093356486165
0.0,FW_diminishing,diminishing,409.0,0.009392976760864258,15.62723466110659,0.03353032112206655,10.0,0.5209078220368863
0.0,FW_diminishing,diminishing,410.0,0.00941610336303711,15.627237668028435,0.015436463555438706,10.0,0.5209079222676145
0.0,FW_diminishing,diminishing,411.0,0.009438037872314453,15.62721453936123,0.023254465133076607,10.0,0.520907151312041
0.0,FW_diminishing,diminishing,412.0,0.00945901870727539,15.627281929362425,0.013980025205977853,10.0,0.5209093976454142
0.0,FW_diminishing,diminishing,413.0,0.009482145309448242,15.6272637489313,0.0256792583786698,10.0,0.5209087916310433
0.0,FW_diminishing,diminishing,414.0,0.009504079818725586,15.627274873217985,0.013578582305626696,10.0,0.5209091624405995
0.0,FW_diminishing,diminishing,415.0,0.009527206420898438,15.62722086674605,0.029591709976182656,10.0,0.5209073622248683
0.0,FW_diminishing,diminishing,416.0,0.009550094604492188,15.627271132869494,0.013191006158159269,10.0,0.5209090377623165
0.0,FW_diminishing,diminishing,417.0,0.009572267532348633,15.62727793794627,0.01675695055113735,10.0,0.520909264598209
0.0,FW_diminishing,diminishing,418.0,0.009594202041625977,15.627241065800053,0.023531555672581916,10.0,0.5209080355266684
0.0,FW_diminishing,diminishing,419.0,0.009617328643798828,15.627200130006877,0.029330004811564336,10.0,0.5209066710002292
0.0,FW_diminishing,diminishing,420.0,0.00963902473449707,15.627267309898171,0.012589071760041648,10.0,0.520908910329939
0.0,FW_diminishing,diminishing,421.0,0.009662151336669922,15.627247780040404,0.022166836170262272,10.0,0.5209082593346801
0.0,FW_diminishing,diminishing,422.0,0.00968313217163086,15.627237365356493,0.01782057440248508,10.0,0.5209079121785497
0.0,FW_diminishing,diminishing,423.0,0.00970602035522461,15.627253142465667,0.01710794039207464,10.0,0.5209084380821889
0.0,FW_diminishing,diminishing,424.0,0.009728193283081055,15.627294434681438,0.014462193424122916,10.0,0.5209098144893812
0.0,FW_diminishing,diminishing,425.0,0.009751081466674805,15.62721291940722,0.03533236243347204,10.0,0.520907097313574
0.0,FW_diminishing,diminishing,426.0,0.00977325439453125,15.62720310680322,0.01756561745900065,10.0,0.520906770226774
0.0,FW_diminishing,diminishing,427.0,0.009795188903808594,15.627199049046396,0.018638253597007548,10.0,0.5209066349682132
0.0,FW_diminishing,diminishing,428.0,0.009817123413085938,15.627210229259758,0.01870683731353573,10.0,0.5209070076419919
0.0,FW_diminishing,diminishing,429.0,0.009839296340942383,15.627250957987245,0.014209613846604796,10.0,0.5209083652662415
0.0,FW_diminishing,diminishing,430.0,0.009862184524536133,15.627220879995447,0.024166696143732125,10.0,0.5209073626665149
0.0,FW_diminishing,diminishing,431.0,0.009885072708129883,15.62717220118498,0.025864389416353717,10.0,0.5209057400394993
0.0,FW_diminishing,diminishing,432.0,0.00990605354309082,15.627217010634862,0.007789664152864972,10.0,0.5209072336878288
0.0,FW_diminishing,diminishing,433.0,0.00992894172668457,15.627240188361835,0.020961444723019085,10.0,0.5209080062787278
0.0,FW_diminishing,diminishing,434.0,0.009951114654541016,15.627248127065306,0.018218814342603196,10.0,0.5209082709021768
0.0,FW_diminishing,diminishing,435.0,0.009974002838134766,15.627224409427704,0.020342053710040275,10.0,0.5209074803142568
0.0,FW_diminishing,diminishing,436.0,0.009996175765991211,15.627278462971896,0.014564254361509654,10.0,0.5209092820990632
0.0,FW_diminishing,diminishing,437.0,0.010017156600952148,15.627276053191565,0.017888316701833773,10.0,0.5209092017730522
0.0,FW_diminishing,diminishing,438.0,0.010040044784545898,15.627254491868706,0.019797275793429492,10.0,0.5209084830622902
0.0,FW_diminishing,diminishing,439.0,0.010062217712402344,15.627266139766224,0.018012252462638045,10.0,0.5209088713255408
0.0,FW_diminishing,diminishing,440.0,0.010085105895996094,15.627256552167323,0.019367152826418987,10.0,0.5209085517389107
0.0,FW_diminishing,diminishing,441.0,0.010107278823852539,15.627203822912579,0.034133260827102774,10.0,0.520906794097086
0.0,FW_diminishing,diminishing,442.0,0.010129213333129883,15.627229099787305,0.00925955705067949,10.0,0.5209076366595768
0.0,FW_diminishing,diminishing,443.0,0.010155200958251953,15.62719057904806,0.025731648267473872,10.0,0.5209063526349353
0.0,FW_diminishing,diminishing,444.0,0.01017618179321289,15.627210140251936,0.015126361070882055,10.0,0.5209070046750646
0.0,FW_diminishing,diminishing,445.0,0.01019906997680664,15.627226133479812,0.01860906439717347,10.0,0.5209075377826604
0.0,FW_diminishing,diminishing,446.0,0.010221242904663086,15.627213245329742,0.01990682299629043,10.0,0.5209071081776581
0.0,FW_diminishing,diminishing,447.0,0.010244131088256836,15.627156753294605,0.02746895245569192,10.0,0.5209052251098202
0.0,FW_diminishing,diminishing,448.0,0.010265111923217773,15.627244001616866,0.005436241393985242,10.0,0.5209081333872289
0.0,FW_diminishing,diminishing,449.0,0.010288238525390625,15.62723529578665,0.01886512910908067,10.0,0.5209078431928883
0.0,FW_diminishing,diminishing,450.0,0.010310173034667969,15.627227695026754,0.02181443872711597,10.0,0.5209075898342251
0.0,FW_diminishing,diminishing,451.0,0.010333061218261719,15.627238453192847,0.012151510437471202,10.0,0.5209079484397615
0.0,FW_diminishing,diminishing,452.0,0.010354042053222656,15.627223004547204,0.02030348076142907,10.0,0.5209074334849068
0.0,FW_diminishing,diminishing,453.0,0.010377168655395508,15.627189198627109,0.02953231493623676,10.0,0.5209063066209036
0.0,FW_diminishing,diminishing,454.0,0.010400056838989258,15.627228637586333,0.010046774402644232,10.0,0.5209076212528777
0.0,FW_diminishing,diminishing,455.0,0.010421037673950195,15.627234205249977,0.01970293914626886,10.0,0.5209078068416659
0.0,FW_diminishing,diminishing,456.0,0.010444164276123047,15.627217986600229,0.020364297587637026,10.0,0.5209072662200076
0.0,FW_diminishing,diminishing,457.0,0.01046609878540039,15.627215171763167,0.01505624337121425,10.0,0.5209071723921056
0.0,FW_diminishing,diminishing,458.0,0.010489225387573242,15.627235419714783,0.016892108618264956,10.0,0.5209078473238261
0.0,FW_diminishing,diminishing,459.0,0.010512113571166992,15.627192021936224,0.026571988010209324,10.0,0.5209064007312075
0.0,FW_diminishing,diminishing,460.0,0.010533332824707031,15.627219837520991,0.012376271319245902,10.0,0.5209073279173664
0.0,FW_diminishing,diminishing,461.0,0.010555267333984375,15.627217104152214,0.014917913105618297,10.0,0.5209072368050738
0.0,FW_diminishing,diminishing,462.0,0.010577201843261719,15.627213445260805,0.017270523423002615,10.0,0.5209071148420269
0.0,FW_diminishing,diminishing,463.0,0.010600090026855469,15.6272038895674,0.023567845322519432,10.0,0.5209067963189133
0.0,FW_diminishing,diminishing,464.0,0.010622978210449219,15.627270379851232,0.008728130308059079,10.0,0.5209090126617077
0.0,FW_diminishing,diminishing,465.0,0.010643959045410156,15.627254792432154,0.019967151069229416,10.0,0.5209084930810718
0.0,FW_diminishing,diminishing,466.0,0.010666131973266602,15.627225480164686,0.021017507083124443,10.0,0.5209075160054896
0.0,FW_diminishing,diminishing,467.0,0.010689020156860352,15.627216494337539,0.02066342289284684,10.0,0.5209072164779179
0.0,FW_diminishing,diminishing,468.0,0.010711193084716797,15.62723952625214,0.01077187121994072,10.0,0.5209079842084047
0.0,FW_diminishing,diminishing,469.0,0.010734081268310547,15.627219608396423,0.01874934395108596,10.0,0.5209073202798807
0.0,FW_diminishing,diminishing,470.0,0.010755062103271484,15.627228279541415,0.022487345503728662,10.0,0.5209076093180471
0.0,FW_diminishing,diminishing,471.0,0.010778188705444336,15.627218466775263,0.021523946525974225,10.0,0.5209072822258421
0.0,FW_diminishing,diminishing,472.0,0.01080012321472168,15.627216902451448,0.016442457124625776,10.0,0.5209072300817149
0.0,FW_diminishing,diminishing,473.0,0.01082301139831543,15.627224293439193,0.019122663344138147,10.0,0.5209074764479731
0.0,FW_diminishing,diminishing,474.0,0.010856151580810547,15.62720296795112,0.018987544633338516,10.0,0.5209067655983707
0.0,FW_diminishing,diminishing,475.0,0.010875940322875977,15.627175922510654,0.022446207923426442,10.0,0.5209058640836884
0.0,FW_diminishing,diminishing,476.0,0.010899066925048828,15.62720381773472,0.01229701084240098,10.0,0.5209067939244907
0.0,FW_diminishing,diminishing,477.0,0.01092219352722168,15.627230803557671,0.007313182627854076,10.0,0.5209076934519223
0.0,FW_diminishing,diminishing,478.0,0.01094508171081543,15.627197805087578,0.02382114191460616,10.0,0.5209065935029192
0.0,FW_diminishing,diminishing,479.0,0.010967254638671875,15.627196770790357,0.0208736989167857,10.0,0.5209065590263452
0.0,FW_diminishing,diminishing,480.0,0.010988235473632812,15.627209825432582,0.012643118325017966,10.0,0.5209069941810861
0.0,FW_diminishing,diminishing,481.0,0.011011123657226562,15.62723532408621,0.017245207745325786,10.0,0.5209078441362069
0.0,FW_diminishing,diminishing,482.0,0.011033296585083008,15.627217656164168,0.02226336392801187,10.0,0.5209072552054723
0.0,FW_diminishing,diminishing,483.0,0.011056184768676758,15.627185496768325,0.0214628043102838,10.0,0.5209061832256109
0.0,FW_diminishing,diminishing,484.0,0.011078357696533203,15.627178427270744,0.01739683103144074,10.0,0.5209059475756914
0.0,FW_diminishing,diminishing,485.0,0.01109933853149414,15.627199051413196,0.015326162673906296,10.0,0.5209066350471065
0.0,FW_diminishing,diminishing,486.0,0.011121034622192383,15.62720114729655,0.013034287499333885,10.0,0.520906704909885
0.0,FW_diminishing,diminishing,487.0,0.011143922805786133,15.627169683290985,0.023299781581357593,10.0,0.5209056561096995
0.0,FW_diminishing,diminishing,488.0,0.011163949966430664,15.627166640300805,0.01849790019086761,10.0,0.5209055546766935
0.0,FW_diminishing,diminishing,489.0,0.01118612289428711,15.627177054198913,0.010897736369269495,10.0,0.5209059018066304
0.0,FW_diminishing,diminishing,490.0,0.01120901107788086,15.62720929585587,0.015577064191015566,10.0,0.520906976528529
0.0,FW_diminishing,diminishing,491.0,0.011229991912841797,15.627196576721877,0.018596357422687504,10.0,0.5209065525573959
0.0,FW_diminishing,diminishing,492.0,0.011253118515014648,15.627200529341984,0.017394006585780275,10.0,0.5209066843113994
0.0,FW_diminishing,diminishing,493.0,0.011275053024291992,15.627216339309902,0.00942657828977822,10.0,0.52090721131033
0.0,FW_diminishing,diminishing,494.0,0.011298179626464844,15.627197961328397,0.019930667527029655,10.0,0.5209065987109466
0.0,FW_diminishing,diminishing,495.0,0.011320114135742188,15.62717835583515,0.02484892947326145,10.0,0.5209059451945051
0.0,FW_diminishing,diminishing,496.0,0.011342287063598633,15.62720300071265,0.009131396928310664,10.0,0.5209067666904217
0.0,FW_diminishing,diminishing,497.0,0.011365175247192383,15.627184712516122,0.017829188049446998,10.0,0.5209061570838708
0.0,FW_diminishing,diminishing,498.0,0.01138615608215332,15.627190793211128,0.015866561019372227,10.0,0.5209063597737043
0.0,FW_diminishing,diminishing,499.0,0.011409282684326172,15.62718256805425,0.0246523486871002,10.0,0.5209060856018083
0.0,FW_diminishing,diminishing,500.0,0.01143193244934082,15.627187999267269,0.013801669696915653,10.0,0.5209062666422423
0.0,FW_diminishing,diminishing,501.0,0.011454105377197266,15.627189503531296,0.019338477453658243,10.0,0.5209063167843765
0.0,FW_diminishing,diminishing,502.0,0.011478185653686523,15.627182176189274,0.014969870317099065,10.0,0.5209060725396425
0.0,FW_diminishing,diminishing,503.0,0.011500120162963867,15.627164637074033,0.019526114844827802,10.0,0.5209054879024678
0.0,FW_diminishing,diminishing,504.0,0.011523246765136719,15.627157967120555,0.01963111115908056,10.0,0.5209052655706852
0.0,FW_diminishing,diminishing,505.0,0.011546134948730469,15.627198983499618,0.004581422063985485,10.0,0.5209066327833206
0.0,FW_diminishing,diminishing,506.0,0.011567115783691406,15.627170735623078,0.020215622310598036,10.0,0.5209056911874359
0.0,FW_diminishing,diminishing,507.0,0.011590242385864258,15.627165047752202,0.020938298891081786,10.0,0.5209055015917401
0.0,FW_diminishing,diminishing,508.0,0.0116119384765625,15.627187917777183,0.011195722133990671,10.0,0.5209062639259061
0.0,FW_diminishing,diminishing,509.0,0.011634111404418945,15.627184350776755,0.015817047567313836,10.0,0.5209061450258918
0.0,FW_diminishing,diminishing,510.0,0.011656999588012695,15.627188469494493,0.02103808824839426,10.0,0.5209062823164831
0.0,FW_diminishing,diminishing,511.0,0.011677980422973633,15.627171101989308,0.01735722191382827,10.0,0.5209057033996436
0.0,FW_diminishing,diminishing,512.0,0.011701107025146484,15.627170851054228,0.014879588878137895,10.0,0.520905695035141
0.0,FW_diminishing,diminishing,513.0,0.011723041534423828,15.627184570872739,0.015710503386015873,10.0,0.5209061523624247
0.0,FW_diminishing,diminishing,514.0,0.01174616813659668,15.627207154826706,0.011002097126834087,10.0,0.5209069051608902
0.0,FW_diminishing,diminishing,515.0,0.011769294738769531,15.627190177094251,0.01719065845801282,10.0,0.520906339236475
0.0,FW_diminishing,diminishing,516.0,0.011790275573730469,15.627147497656978,0.025796748055515906,10.0,0.520904916588566
0.0,FW_diminishing,diminishing,517.0,0.011812210083007812,15.627167932170712,0.007412373942287331,10.0,0.5209055977390238
0.0,FW_diminishing,diminishing,518.0,0.011834144592285156,15.627195843453084,0.014983487539492302,10.0,0.5209065281151027
0.0,FW_diminishing,diminishing,519.0,0.011857271194458008,15.627190430151694,0.016030535591447403,10.0,0.5209063476717232
0.0,FW_diminishing,diminishing,520.0,0.011879920959472656,15.627164444066242,0.024193366513861392,10.0,0.5209054814688747
0.0,FW_diminishing,diminishing,521.0,0.011902093887329102,15.627189585856659,0.006037983813710568,10.0,0.5209063195285553
0.0,FW_diminishing,diminishing,522.0,0.011924982070922852,15.627179088140208,0.017291906153609204,10.0,0.5209059696046736
0.0,FW_diminishing,diminishing,523.0,0.011947154998779297,15.62715705999741,0.02469339316382957,10.0,0.520905235333247
0.0,FW_diminishing,diminishing,524.0,0.011970043182373047,15.62718719249477,0.008574847612422332,10.0,0.5209062397498256
0.0,FW_diminishing,diminishing,525.0,0.011993169784545898,15.627194958531863,0.012393795131822927,10.0,0.5209064986177288
0.0,FW_diminishing,diminishing,526.0,0.012014150619506836,15.627160607481143,0.021620712158775035,10.0,0.5209053535827047
0.0,FW_diminishing,diminishing,527.0,0.012037277221679688,15.627175067982371,0.017544592985448304,10.0,0.5209058355994124
0.0,FW_diminishing,diminishing,528.0,0.012059211730957031,15.627185754767076,0.011523171664965304,10.0,0.5209061918255692
0.0,FW_diminishing,diminishing,529.0,0.012082099914550781,15.627182581220142,0.01952038959561264,10.0,0.5209060860406713
0.0,FW_diminishing,diminishing,530.0,0.012104034423828125,15.627198510605915,0.012803718474591719,10.0,0.5209066170201971
0.0,FW_diminishing,diminishing,531.0,0.012124061584472656,15.62719200805037,0.01602410342342253,10.0,0.5209064002683457
0.0,FW_diminishing,diminishing,532.0,0.012164115905761719,15.62714209173972,0.025754147695291607,10.0,0.5209047363913241
0.0,FW_diminishing,diminishing,533.0,0.012192010879516602,15.627184639085542,0.0028071340999016314,10.0,0.5209061546361847
0.0,FW_diminishing,diminishing,534.0,0.012214183807373047,15.627181522452943,0.019338161297406842,10.0,0.5209060507484314
0.0,FW_diminishing,diminishing,535.0,0.01223611831665039,15.627160198008822,0.018054045082012138,10.0,0.5209053399336274
0.0,FW_diminishing,diminishing,536.0,0.012259244918823242,15.627157179425087,0.01697488576139783,10.0,0.5209052393141695
0.0,FW_diminishing,diminishing,537.0,0.012282133102416992,15.627159683809582,0.013447748947184479,10.0,0.5209053227936528
0.0,FW_diminishing,diminishing,538.0,0.012304306030273438,15.62714551204722,0.016079082593517313,10.0,0.520904850401574
0.0,FW_diminishing,diminishing,539.0,0.012326240539550781,15.627177430827755,0.012734854283655395,10.0,0.5209059143609251
0.0,FW_diminishing,diminishing,540.0,0.012347936630249023,15.627213738936158,0.006164150460369555,10.0,0.5209071246312053
0.0,FW_diminishing,diminishing,541.0,0.012370109558105469,15.62723071956828,0.009393262494244325,10.0,0.5209076906522759
0.0,FW_diminishing,diminishing,542.0,0.012392997741699219,15.627190750270026,0.023059665194796963,10.0,0.5209063583423342
0.0,FW_diminishing,diminishing,543.0,0.01241612434387207,15.627205683855179,0.016669312549764115,10.0,0.520906856128506
0.0,FW_diminishing,diminishing,544.0,0.012439250946044922,15.627225232300937,0.00858691193308303,10.0,0.5209075077433646
0.0,FW_diminishing,diminishing,545.0,0.012462139129638672,15.627206899669549,0.023158611118947903,10.0,0.5209068966556516
0.0,FW_diminishing,diminishing,546.0,0.012484312057495117,15.62720423684856,0.01728928441644051,10.0,0.520906807894952
0.0,FW_diminishing,diminishing,547.0,0.012507200241088867,15.627207605501402,0.012938715805868028,10.0,0.52090692018338
0.0,FW_diminishing,diminishing,548.0,0.01252889633178711,15.627153320570182,0.026997816581820544,10.0,0.5209051106856727
0.0,FW_diminishing,diminishing,549.0,0.01255035400390625,15.627200899214628,0.004838762685198006,10.0,0.5209066966404876
0.0,FW_diminishing,diminishing,550.0,0.012572050094604492,15.627185062557407,0.018177978709202236,10.0,0.5209061687519135
0.0,FW_diminishing,diminishing,551.0,0.012593984603881836,15.627157836233028,0.019505045810273458,10.0,0.5209052612077676
0.0,FW_diminishing,diminishing,552.0,0.012617111206054688,15.627162569128533,0.014375701698854826,10.0,0.5209054189709511
0.0,FW_diminishing,diminishing,553.0,0.012639045715332031,15.627174431588891,0.01041275112723028,10.0,0.5209058143862964
0.0,FW_diminishing,diminishing,554.0,0.012660980224609375,15.62715398221148,0.01759042121854648,10.0,0.5209051327403826
0.0,FW_diminishing,diminishing,555.0,0.01268315315246582,15.627173622671856,0.012310314975771064,10.0,0.5209057874223952
0.0,FW_diminishing,diminishing,556.0,0.012705087661743164,15.627166453728824,0.015649769480690523,10.0,0.5209055484576275
0.0,FW_diminishing,diminishing,557.0,0.012728214263916016,15.627176878389484,0.013306010938025636,10.0,0.5209058959463161
0.0,FW_diminishing,diminishing,558.0,0.01275014877319336,15.627182872771012,0.01851141487371244,10.0,0.5209060957590338
0.0,FW_diminishing,diminishing,559.0,0.012772083282470703,15.627181735168326,0.013889430535783731,10.0,0.5209060578389442
0.0,FW_diminishing,diminishing,560.0,0.012794256210327148,15.627146840216367,0.021598107112447806,10.0,0.5209048946738789
0.0,FW_diminishing,diminishing,561.0,0.012816190719604492,15.627198533744755,0.009676095408693186,10.0,0.5209066177914918
0.0,FW_diminishing,diminishing,562.0,0.012839078903198242,15.627193042426308,0.015050764832878372,10.0,0.5209064347475436
0.0,FW_diminishing,diminishing,563.0,0.012861013412475586,15.627208500118615,0.011002445276153239,10.0,0.5209069500039538
0.0,FW_diminishing,diminishing,564.0,0.01288294792175293,15.627186318584119,0.01797375830328818,10.0,0.5209062106194706
0.0,FW_diminishing,diminishing,565.0,0.012905120849609375,15.627212051787117,0.010163550239427721,10.0,0.5209070683929039
0.0,FW_diminishing,diminishing,566.0,0.012927055358886719,15.627171297951083,0.025016258625008447,10.0,0.5209057099317028
0.0,FW_diminishing,diminishing,567.0,0.01295018196105957,15.627174303697398,0.010754336046710833,10.0,0.5209058101232465
0.0,FW_diminishing,diminishing,568.0,0.012974262237548828,15.627177022505652,0.012576627955546371,10.0,0.5209059007501884
0.0,FW_diminishing,diminishing,569.0,0.012996196746826172,15.627188786275207,0.012517479006181276,10.0,0.5209062928758402
0.0,FW_diminishing,diminishing,570.0,0.013019323348999023,15.627198610785438,0.016950970929435982,10.0,0.5209066203595146
0.0,FW_diminishing,diminishing,571.0,0.013041973114013672,15.627206852597949,0.010914419327312075,10.0,0.5209068950865983
0.0,FW_diminishing,diminishing,572.0,0.013064146041870117,15.627206781550626,0.01729115360153699,10.0,0.5209068927183542
0.0,FW_diminishing,diminishing,573.0,0.013085126876831055,15.627195191083286,0.014834656928153223,10.0,0.5209065063694429
0.0,FW_diminishing,diminishing,574.0,0.013107061386108398,15.627185734648823,0.01594749530594619,10.0,0.5209061911549607
0.0,FW_diminishing,diminishing,575.0,0.013128995895385742,15.627173112795305,0.018717778703226884,10.0,0.5209057704265102
0.0,FW_diminishing,diminishing,576.0,0.013152122497558594,15.627178054235042,0.015140487633052757,10.0,0.5209059351411681
0.0,FW_diminishing,diminishing,577.0,0.013174057006835938,15.627211681021118,0.007352434258743656,10.0,0.5209070560340373
0.0,FW_diminishing,diminishing,578.0,0.013195037841796875,15.627201387934058,0.01611836949619061,10.0,0.5209067129311352
0.0,FW_diminishing,diminishing,579.0,0.01321721076965332,15.62718184828686,0.017067584627049825,10.0,0.520906061609562
0.0,FW_diminishing,diminishing,580.0,0.013239145278930664,15.627179432492882,0.015639282227423834,10.0,0.520905981083096
0.0,FW_diminishing,diminishing,581.0,0.013262271881103516,15.627194140373632,0.008753289814469767,10.0,0.5209064713457877
0.0,FW_diminishing,diminishing,582.0,0.01328420639038086,15.62718062662984,0.015272691187329102,10.0,0.5209060208876614
0.0,FW_diminishing,diminishing,583.0,0.013305187225341797,15.627195926029025,0.015295211131517661,10.0,0.5209065308676342
0.0,FW_diminishing,diminishing,584.0,0.01332712173461914,15.627218465261711,0.008853085905116131,10.0,0.5209072821753904
0.0,FW_diminishing,diminishing,585.0,0.013349294662475586,15.627216948313858,0.01341274078446908,10.0,0.5209072316104619
0.0,FW_diminishing,diminishing,586.0,0.013371944427490234,15.62723117390482,0.015034133144450124,10.0,0.5209077057968273
0.0,FW_diminishing,diminishing,587.0,0.01339411735534668,15.627229419207547,0.011735146794725537,10.0,0.5209076473069182
0.0,FW_diminishing,diminishing,588.0,0.013416051864624023,15.627230221653589,0.012662277408582057,10.0,0.5209076740551196
0.0,FW_diminishing,diminishing,589.0,0.013437032699584961,15.627210915756928,0.022496401314599623,10.0,0.5209070305252309
0.0,FW_diminishing,diminishing,590.0,0.013458967208862305,15.627206151924966,0.016095521456337636,10.0,0.5209068717308322
0.0,FW_diminishing,diminishing,591.0,0.013482093811035156,15.62720469289648,0.011574862098630234,10.0,0.5209068230965493
0.0,FW_diminishing,diminishing,592.0,0.013505220413208008,15.627173463279922,0.022119258101046313,10.0,0.5209057821093307
0.0,FW_diminishing,diminishing,593.0,0.013527154922485352,15.627192672420351,0.010925201474911717,10.0,0.5209064224140117
0.0,FW_diminishing,diminishing,594.0,0.013549089431762695,15.62719151819404,0.01311474439325444,10.0,0.5209063839398014
0.0,FW_diminishing,diminishing,595.0,0.013572216033935547,15.627166625283643,0.018521459605850055,10.0,0.5209055541761214
0.0,FW_diminishing,diminishing,596.0,0.01359415054321289,15.627171328279255,0.013122089624577171,10.0,0.5209057109426418
0.0,FW_diminishing,diminishing,597.0,0.013616323471069336,15.627193659916593,0.005994797531110763,10.0,0.5209064553305531
0.0,FW_diminishing,diminishing,598.0,0.01363825798034668,15.62717450393456,0.01677644196841399,10.0,0.5209058167978187
0.0,FW_diminishing,diminishing,599.0,0.013660907745361328,15.627170432199774,0.017719962774716436,10.0,0.5209056810733258
0.0,FW_diminishing,diminishing,600.0,0.013683080673217773,15.627176314725537,0.01086546231631047,10.0,0.5209058771575179
0.0,FW_diminishing,diminishing,601.0,0.013705015182495117,15.627174970111334,0.015448651375615796,10.0,0.5209058323370445
0.0,FW_diminishing,diminishing,602.0,0.013727188110351562,15.627176619849559,0.018219878554583957,10.0,0.5209058873283187
0.0,FW_diminishing,diminishing,603.0,0.013749122619628906,15.62718751936537,0.009271049437328927,10.0,0.5209062506455123
0.0,FW_diminishing,diminishing,604.0,0.013772010803222656,15.627156026466388,0.020475018107015686,10.0,0.5209052008822129
0.0,FW_diminishing,diminishing,605.0,0.013794183731079102,15.627183388947206,0.00799685615220369,10.0,0.5209061129649069
0.0,FW_diminishing,diminishing,606.0,0.013815164566040039,15.62717827667846,0.014076052419078167,10.0,0.5209059425559487
0.0,FW_diminishing,diminishing,607.0,0.013837099075317383,15.627179461943202,0.013907497609134012,10.0,0.5209059820647733
0.0,FW_diminishing,diminishing,608.0,0.013859272003173828,15.6271486631843,0.02025390299383112,10.0,0.5209049554394767
0.0,FW_diminishing,diminishing,609.0,0.013882160186767578,15.627166225378595,0.007072378313342398,10.0,0.5209055408459532
0.0,FW_diminishing,diminishing,610.0,0.013904333114624023,15.627175997442688,0.013194890056775321,10.0,0.5209058665814229
0.0,FW_diminishing,diminishing,611.0,0.013925313949584961,15.627166918242326,0.013568104543484338,10.0,0.5209055639414109
0.0,FW_diminishing,diminishing,612.0,0.013947248458862305,15.627168622145595,0.011869325966854305,10.0,0.5209056207381865
0.0,FW_diminishing,diminishing,613.0,0.013969182968139648,15.627160374628838,0.017291853935871515,10.0,0.5209053458209613
0.0,FW_diminishing,diminishing,614.0,0.013992071151733398,15.627177139725733,0.013173474310228528,10.0,0.5209059046575244
0.0,FW_diminishing,diminishing,615.0,0.014014005661010742,15.627183699862247,0.010303257729667337,10.0,0.5209061233287415
0.0,FW_diminishing,diminishing,616.0,0.01403498649597168,15.627167413834563,0.015737447839567764,10.0,0.5209055804611521
0.0,FW_diminishing,diminishing,617.0,0.014057159423828125,15.627170671203427,0.013026937609314615,10.0,0.5209056890401143
0.0,FW_diminishing,diminishing,618.0,0.014079093933105469,15.627176290915838,0.016917374948983266,10.0,0.5209058763638612
0.0,FW_diminishing,diminishing,619.0,0.01410222053527832,15.627183121528061,0.008509189345502932,10.0,0.5209061040509354
0.0,FW_diminishing,diminishing,620.0,0.014124155044555664,15.627158562127715,0.019896769300451922,10.0,0.5209052854042572
0.0,FW_diminishing,diminishing,621.0,0.014145135879516602,15.627172624015277,0.01151371830679615,10.0,0.5209057541338425
0.0,FW_diminishing,diminishing,622.0,0.014167070388793945,15.627175447641044,0.011311048851442962,10.0,0.5209058482547014
0.0,FW_diminishing,diminishing,623.0,0.01418924331665039,15.627165591605767,0.017600627912694122,10.0,0.5209055197201923
0.0,FW_diminishing,diminishing,624.0,0.01421213150024414,15.627153663392274,0.014297246733830704,10.0,0.5209051221130758
0.0,FW_diminishing,diminishing,625.0,0.014235258102416992,15.627152918485123,0.012370653860596548,10.0,0.5209050972828374
0.0,FW_diminishing,diminishing,626.0,0.01425623893737793,15.627166761573136,0.011420443008464787,10.0,0.5209055587191045
0.0,FW_diminishing,diminishing,627.0,0.014278173446655273,15.627184906221695,0.00808977147558565,10.0,0.5209061635407232
0.0,FW_diminishing,diminishing,628.0,0.014300107955932617,15.627173166026092,0.014194418559357658,10.0,0.5209057722008698
0.0,FW_diminishing,diminishing,629.0,0.014322996139526367,15.627143792638252,0.021355907938044538,10.0,0.5209047930879417
0.0,FW_diminishing,diminishing,630.0,0.014345169067382812,15.627160487224167,0.012595627860481073,10.0,0.5209053495741389
0.0,FW_diminishing,diminishing,631.0,0.01436614990234375,15.627174448042918,0.00758835096780075,10.0,0.520905814934764
0.0,FW_diminishing,diminishing,632.0,0.014388084411621094,15.627153370879547,0.01712075964362647,10.0,0.5209051123626516
0.0,FW_diminishing,diminishing,633.0,0.014410018920898438,15.6271625962629,0.01074525173203611,10.0,0.52090541987543
0.0,FW_diminishing,diminishing,634.0,0.014433145523071289,15.627173042331194,0.012249570596678083,10.0,0.5209057680777065
0.0,FW_diminishing,diminishing,635.0,0.014455080032348633,15.627158650975737,0.01654327646978615,10.0,0.5209052883658579
0.0,FW_diminishing,diminishing,636.0,0.01447606086730957,15.62713808308054,0.016934472822974556,10.0,0.5209046027693514
0.0,FW_diminishing,diminishing,637.0,0.014498233795166016,15.627158093323443,0.005494452629111635,10.0,0.5209052697774481
0.0,FW_diminishing,diminishing,638.0,0.01452016830444336,15.627163574448161,0.013724763075904534,10.0,0.5209054524816054
0.0,FW_diminishing,diminishing,639.0,0.014543294906616211,15.627171323643939,0.011656039733994206,10.0,0.5209057107881313
0.0,FW_diminishing,diminishing,640.0,0.014565229415893555,15.627172996788076,0.009749180175925076,10.0,0.5209057665596025
0.0,FW_diminishing,diminishing,641.0,0.014587163925170898,15.627141278535799,0.02206261706313839,10.0,0.5209047092845266
0.0,FW_diminishing,diminishing,642.0,0.014609336853027344,15.627162868092787,0.010993959462929581,10.0,0.5209054289364262
0.0,FW_diminishing,diminishing,643.0,0.014631032943725586,15.627165504371918,0.009387119908607744,10.0,0.5209055168123973
0.0,FW_diminishing,diminishing,644.0,0.014654159545898438,15.627158025768175,0.014201371395675011,10.0,0.5209052675256058
0.0,FW_diminishing,diminishing,645.0,0.014676094055175781,15.627148653790405,0.016470208928859975,10.0,0.5209049551263468
0.0,FW_diminishing,diminishing,646.0,0.014697074890136719,15.62716538175358,0.012008166637388129,10.0,0.5209055127251193
0.0,FW_diminishing,diminishing,647.0,0.014718055725097656,15.627178827513701,0.0058000128014352725,10.0,0.5209059609171234
0.0,FW_diminishing,diminishing,648.0,0.014739990234375,15.62716024843679,0.01776237041687523,10.0,0.5209053416145596
0.0,FW_diminishing,diminishing,649.0,0.014763116836547852,15.627163810363843,0.012766472378091365,10.0,0.5209054603454615
0.0,FW_diminishing,diminishing,650.0,0.014785051345825195,15.627177817124203,0.010618087420192879,10.0,0.5209059272374734
0.0,FW_diminishing,diminishing,651.0,0.014806032180786133,15.627148259971744,0.021331652786535926,10.0,0.5209049419990581
0.0,FW_diminishing,diminishing,652.0,0.014828205108642578,15.627144325266096,0.011389255538199805,10.0,0.5209048108422032
0.0,FW_diminishing,diminishing,653.0,0.014850139617919922,15.627147648675255,0.010524260689544818,10.0,0.5209049216225085
0.0,FW_diminishing,diminishing,654.0,0.014873266220092773,15.62715693151019,0.012051353282412691,10.0,0.5209052310503396
0.0,FW_diminishing,diminishing,655.0,0.014895200729370117,15.627158041230148,0.012858297817171405,10.0,0.5209052680410049
0.0,FW_diminishing,diminishing,656.0,0.014916181564331055,15.627154196002191,0.011305989949029538,10.0,0.5209051398667397
0.0,FW_diminishing,diminishing,657.0,0.014938116073608398,15.627131248886899,0.019129350659417454,10.0,0.5209043749628967
0.0,FW_diminishing,diminishing,658.0,0.014960289001464844,15.627160304841698,0.00750910763936119,10.0,0.5209053434947233
0.0,FW_diminishing,diminishing,659.0,0.014982938766479492,15.62717694459397,0.0059940735610855,10.0,0.5209058981531324
0.0,FW_diminishing,diminishing,660.0,0.015005111694335938,15.627171568995061,0.015481959528242939,10.0,0.5209057189665021
0.0,FW_diminishing,diminishing,661.0,0.015026092529296875,15.627161374460114,0.013350802540150752,10.0,0.5209053791486704
0.0,FW_diminishing,diminishing,662.0,0.015048027038574219,15.627182083239697,0.008026763717078111,10.0,0.5209060694413232
0.0,FW_diminishing,diminishing,663.0,0.015069961547851562,15.627150447557673,0.02199128848050691,10.0,0.5209050149185891
0.0,FW_diminishing,diminishing,664.0,0.015093088150024414,15.627158469309803,0.007236858149985537,10.0,0.5209052823103267
0.0,FW_diminishing,diminishing,665.0,0.015115022659301758,15.627161274636233,0.01208670272902701,10.0,0.5209053758212078
0.0,FW_diminishing,diminishing,666.0,0.015136003494262695,15.627148947511603,0.015518844698377166,10.0,0.5209049649170534
0.0,FW_diminishing,diminishing,667.0,0.01515817642211914,15.627157934900058,0.014278692067136944,10.0,0.5209052644966686
0.0,FW_diminishing,diminishing,668.0,0.01518106460571289,15.627148913129805,0.012888088794241526,10.0,0.5209049637709935
0.0,FW_diminishing,diminishing,669.0,0.015204191207885742,15.62715884384851,0.007996468611263907,10.0,0.5209052947949504
0.0,FW_diminishing,diminishing,670.0,0.015227317810058594,15.627157508433031,0.015194713157253403,10.0,0.520905250281101
0.0,FW_diminishing,diminishing,671.0,0.015249252319335938,15.627164019215224,0.010711218536402,10.0,0.5209054673071741
0.0,FW_diminishing,diminishing,672.0,0.0152740478515625,15.627155193647537,0.012781125899000045,10.0,0.5209051731215846
0.0,FW_diminishing,diminishing,673.0,0.015298128128051758,15.627139983737308,0.0164193773783321,10.0,0.520904666124577
0.0,FW_diminishing,diminishing,674.0,0.015322208404541016,15.627168144536258,0.007173527718142836,10.0,0.5209056048178753
0.0,FW_diminishing,diminishing,675.0,0.015362262725830078,15.627184887077043,0.007708745061377087,10.0,0.5209061629025681
0.0,FW_diminishing,diminishing,676.0,0.015388011932373047,15.627173794203033,0.01499228145307363,10.0,0.5209057931401011
0.0,FW_diminishing,diminishing,677.0,0.015411138534545898,15.627158988267501,0.014767129871936291,10.0,0.5209052996089167
0.0,FW_diminishing,diminishing,678.0,0.015434026718139648,15.627168917659272,0.011184743390112217,10.0,0.5209056305886424
0.0,FW_diminishing,diminishing,679.0,0.015456199645996094,15.627145461824625,0.01918137926040764,10.0,0.5209048487274875
0.0,FW_diminishing,diminishing,680.0,0.015479087829589844,15.627148137735158,0.008767671795315124,10.0,0.5209049379245053
0.0,FW_diminishing,diminishing,681.0,0.015535116195678711,15.627156006653777,0.010023972723848473,10.0,0.5209052002217925
0.0,FW_diminishing,diminishing,682.0,0.015558242797851562,15.627150827082938,0.01289864856572187,10.0,0.5209050275694312
0.0,FW_diminishing,diminishing,683.0,0.015604972839355469,15.627147117270525,0.015738383720496074,10.0,0.5209049039090174
0.0,FW_diminishing,diminishing,684.0,0.015629053115844727,15.627157550276964,0.010367741661411856,10.0,0.5209052516758989
0.0,FW_diminishing,diminishing,685.0,0.015651226043701172,15.62716356920836,0.008999786964405843,10.0,0.5209054523069453
0.0,FW_diminishing,diminishing,686.0,0.01567220687866211,15.627160141235281,0.010780759412178043,10.0,0.520905338041176
0.0,FW_diminishing,diminishing,687.0,0.01569509506225586,15.627163102335302,0.011584912990350915,10.0,0.5209054367445101
0.0,FW_diminishing,diminishing,688.0,0.015717267990112305,15.62718638010007,0.008711903602671711,10.0,0.5209062126700024
0.0,FW_diminishing,diminishing,689.0,0.015739917755126953,15.627201361394285,0.005817894419795522,10.0,0.5209067120464762
0.0,FW_diminishing,diminishing,690.0,0.0157620906829834,15.627181950128557,0.016278113483885193,10.0,0.5209060650042853
0.0,FW_diminishing,diminishing,691.0,0.015783071517944336,15.62719013065353,0.010239980931928017,10.0,0.520906337688451
0.0,FW_diminishing,diminishing,692.0,0.01580500602722168,15.627211697765885,0.00877964328902614,10.0,0.5209070565921962
0.0,FW_diminishing,diminishing,693.0,0.015826940536499023,15.627196289901331,0.01631502479064295,10.0,0.520906542996711
0.0,FW_diminishing,diminishing,694.0,0.015850067138671875,15.627195858325189,0.01438528528206362,10.0,0.5209065286108396
0.0,FW_diminishing,diminishing,695.0,0.01587200164794922,15.6272023811549,0.008634139972913957,10.0,0.5209067460384966
0.0,FW_diminishing,diminishing,696.0,0.01589512825012207,15.627173616417197,0.019527824313612996,10.0,0.5209057872139066
0.0,FW_diminishing,diminishing,697.0,0.015917062759399414,15.627174767533175,0.012023584284930777,10.0,0.5209058255844392
0.0,FW_diminishing,diminishing,698.0,0.015940189361572266,15.627183831940535,0.006251423369022291,10.0,0.5209061277313511
0.0,FW_diminishing,diminishing,699.0,0.015963315963745117,15.627174007436027,0.014304809290919707,10.0,0.5209058002478676
0.0,FW_diminishing,diminishing,700.0,0.01598501205444336,15.627156997993618,0.020100088549250827,10.0,0.5209052332664539
0.0,FW_diminishing,diminishing,701.0,0.01600813865661621,15.627168749413801,0.006678175297421873,10.0,0.52090562498046
0.0,FW_diminishing,diminishing,702.0,0.016030073165893555,15.627169163759467,0.012731509294820142,10.0,0.5209056387919823
0.0,FW_diminishing,diminishing,703.0,0.01605820655822754,15.62716333894616,0.011425068903976765,10.0,0.5209054446315386
0.0,FW_diminishing,diminishing,704.0,0.016080141067504883,15.627172027404209,0.007698717147295753,10.0,0.520905734246807
0.0,FW_diminishing,diminishing,705.0,0.016103029251098633,15.62715544923993,0.01988963792289944,10.0,0.520905181641331
0.0,FW_diminishing,diminishing,706.0,0.016126155853271484,15.62716570562607,0.0056851747592165935,10.0,0.5209055235208689
0.0,FW_diminishing,diminishing,707.0,0.016148090362548828,15.627162653636121,0.011813721295947488,10.0,0.5209054217878707
0.0,FW_diminishing,diminishing,708.0,0.016170024871826172,15.627170731770287,0.013041275785056428,10.0,0.5209056910590095
0.0,FW_diminishing,diminishing,709.0,0.016193151473999023,15.627153760499802,0.018267036725371,10.0,0.5209051253499933
0.0,FW_diminishing,diminishing,710.0,0.016215085983276367,15.627189762348246,0.0063316030353917085,10.0,0.5209063254116082
0.0,FW_diminishing,diminishing,711.0,0.016236066818237305,15.627179600129322,0.014301325876834525,10.0,0.5209059866709774
0.0,FW_diminishing,diminishing,712.0,0.016259193420410156,15.62717018290063,0.012618955631815254,10.0,0.5209056727633543
0.0,FW_diminishing,diminishing,713.0,0.0162811279296875,15.627193290116768,0.005571410548286693,10.0,0.5209064430038922
0.0,FW_diminishing,diminishing,714.0,0.016303300857543945,15.627171833591827,0.018326421892806977,10.0,0.5209057277863942
0.0,FW_diminishing,diminishing,715.0,0.016326189041137695,15.627177410459995,0.010638724807174427,10.0,0.5209059136819998
0.0,FW_diminishing,diminishing,716.0,0.016349077224731445,15.62718523627789,0.007776522898824467,10.0,0.5209061745425964
0.0,FW_diminishing,diminishing,717.0,0.01637101173400879,15.627161733101401,0.01765601839302633,10.0,0.5209053911033801
0.0,FW_diminishing,diminishing,718.0,0.01639413833618164,15.627184516583014,0.005534049402360353,10.0,0.5209061505527671
0.0,FW_diminishing,diminishing,719.0,0.01641702651977539,15.627180961846536,0.011834664168706155,10.0,0.5209060320615512
0.0,FW_diminishing,diminishing,720.0,0.016440153121948242,15.627173053441995,0.01200767125447122,10.0,0.5209057684480665
0.0,FW_diminishing,diminishing,721.0,0.0164642333984375,15.627161226505732,0.01630069190574268,10.0,0.5209053742168578
0.0,FW_diminishing,diminishing,722.0,0.016486167907714844,15.627172387770067,0.011556906344180717,10.0,0.5209057462590022
0.0,FW_diminishing,diminishing,723.0,0.016509056091308594,15.627160027823253,0.014984159659542584,10.0,0.5209053342607751
0.0,FW_diminishing,diminishing,724.0,0.016530990600585938,15.627160977829435,0.008748536002194385,10.0,0.5209053659276478
0.0,FW_diminishing,diminishing,725.0,0.01655721664428711,15.627168425417112,0.009232480964861622,10.0,0.5209056141805705
0.0,FW_diminishing,diminishing,726.0,0.01658010482788086,15.627172036354182,0.009129941323115176,10.0,0.5209057345451394
0.0,FW_diminishing,diminishing,727.0,0.016601085662841797,15.627154747091529,0.019907863570063355,10.0,0.5209051582363843
0.0,FW_diminishing,diminishing,728.0,0.01662421226501465,15.627155764155901,0.008672138123559492,10.0,0.52090519213853
0.0,FW_diminishing,diminishing,729.0,0.0166471004486084,15.627148470421588,0.013078156021720133,10.0,0.5209049490140529
0.0,FW_diminishing,diminishing,730.0,0.01666998863220215,15.627164664219679,0.00758964328395173,10.0,0.5209054888073227
0.0,FW_diminishing,diminishing,731.0,0.016693115234375,15.627177012308472,0.005838533814859659,10.0,0.5209059004102824
0.0,FW_diminishing,diminishing,732.0,0.016715049743652344,15.627166876791033,0.01607987238504549,10.0,0.5209055625597011
0.0,FW_diminishing,diminishing,733.0,0.016738176345825195,15.627154253242516,0.013634471140280269,10.0,0.5209051417747506
0.0,FW_diminishing,diminishing,734.0,0.01676011085510254,15.627174216080203,0.008349025364807972,10.0,0.5209058072026734
0.0,FW_diminishing,diminishing,735.0,0.01678323745727539,15.62717639691108,0.009514170600912308,10.0,0.520905879897036
0.0,FW_diminishing,diminishing,736.0,0.01680612564086914,15.62716457070454,0.013321747656172889,10.0,0.5209054856901514
0.0,FW_diminishing,diminishing,737.0,0.016829967498779297,15.627157845476258,0.01424432665447739,10.0,0.5209052615158752
0.0,FW_diminishing,diminishing,738.0,0.01685309410095215,15.627169437171636,0.010969539829449815,10.0,0.5209056479057212
0.0,FW_diminishing,diminishing,739.0,0.016876220703125,15.627163059454384,0.012633486463874632,10.0,0.5209054353151461
0.0,FW_diminishing,diminishing,740.0,0.016897201538085938,15.62715974230148,0.01013168813151033,10.0,0.5209053247433827
0.0,FW_diminishing,diminishing,741.0,0.016920089721679688,15.627171356375534,0.007362908528508072,10.0,0.5209057118791844
0.0,FW_diminishing,diminishing,742.0,0.016942262649536133,15.627182158937485,0.009284505650501984,10.0,0.5209060719645828
0.0,FW_diminishing,diminishing,743.0,0.016965150833129883,15.62715532766547,0.020230407463719402,10.0,0.520905177588849
0.0,FW_diminishing,diminishing,744.0,0.01698899269104004,15.627152120998975,0.01004918387149445,10.0,0.5209050706999658
0.0,FW_diminishing,diminishing,745.0,0.017009973526000977,15.627150585525385,0.010756568438587522,10.0,0.5209050195175128
0.0,FW_diminishing,diminishing,746.0,0.017033100128173828,15.627157811739231,0.010532708343580666,10.0,0.5209052603913077
0.0,FW_diminishing,diminishing,747.0,0.017055034637451172,15.627166240272125,0.008937097564572838,10.0,0.5209055413424042
0.0,FW_diminishing,diminishing,748.0,0.017078161239624023,15.62715613776492,0.013939226413791417,10.0,0.520905204592164
0.0,FW_diminishing,diminishing,749.0,0.017101049423217773,15.627139964497864,0.01488008006891306,10.0,0.5209046654832622
0.0,FW_diminishing,diminishing,750.0,0.01712203025817871,15.6271613656721,0.006957516710386358,10.0,0.5209053788557366
0.0,FW_diminishing,diminishing,751.0,0.017145156860351562,15.627152876533634,0.013304833438770203,10.0,0.5209050958844544
0.0,FW_diminishing,diminishing,752.0,0.017167091369628906,15.627160840353488,0.009011236617892493,10.0,0.5209053613451162
0.0,FW_diminishing,diminishing,753.0,0.017190217971801758,15.627168667409247,0.005781530465208462,10.0,0.5209056222469749
0.0,FW_diminishing,diminishing,754.0,0.017213106155395508,15.627157730175318,0.014205196045782742,10.0,0.5209052576725106
0.0,FW_diminishing,diminishing,755.0,0.017234086990356445,15.627150389625141,0.015870438913578866,10.0,0.5209050129875047
0.0,FW_diminishing,diminishing,756.0,0.017258167266845703,15.627157992777684,0.007144172009654781,10.0,0.5209052664259228
0.0,FW_diminishing,diminishing,757.0,0.017280101776123047,15.627151127057424,0.011310320161822318,10.0,0.5209050375685808
0.0,FW_diminishing,diminishing,758.0,0.0173032283782959,15.627144041324048,0.014126729860199916,10.0,0.5209048013774683
0.0,FW_diminishing,diminishing,759.0,0.01732611656188965,15.627154215832377,0.011316158081850602,10.0,0.520905140527746
0.0,FW_diminishing,diminishing,760.0,0.017348289489746094,15.627162624432266,0.005451464316267973,10.0,0.5209054208144088
0.0,FW_diminishing,diminishing,761.0,0.017371177673339844,15.627149450218676,0.015006606852212556,10.0,0.5209049816739558
0.0,FW_diminishing,diminishing,762.0,0.017393112182617188,15.627159527855774,0.009104740472533734,10.0,0.5209053175951924
0.0,FW_diminishing,diminishing,763.0,0.017416000366210938,15.6271649048446,0.009290053066992598,10.0,0.5209054968281533
0.0,FW_diminishing,diminishing,764.0,0.01743912696838379,15.627160426268459,0.01164807537710999,10.0,0.5209053475422819
0.0,FW_diminishing,diminishing,765.0,0.017460107803344727,15.627140853358613,0.016132765723014586,10.0,0.5209046951119538
0.0,FW_diminishing,diminishing,766.0,0.017482995986938477,15.627161970836527,0.006581674839406304,10.0,0.5209053990278842
0.0,FW_diminishing,diminishing,767.0,0.017505168914794922,15.62715896654089,0.011047628920444197,10.0,0.5209052988846963
0.0,FW_diminishing,diminishing,768.0,0.017528057098388672,15.627157574952296,0.012308273046134133,10.0,0.5209052524984099
0.0,FW_diminishing,diminishing,769.0,0.017551183700561523,15.627161114199136,0.007194240552308884,10.0,0.5209053704733045
0.0,FW_diminishing,diminishing,770.0,0.01757216453552246,15.627155741894427,0.011930032835724802,10.0,0.520905191396481
0.0,FW_diminishing,diminishing,771.0,0.017595291137695312,15.627141188896319,0.018452473529666946,10.0,0.520904706296544
0.0,FW_diminishing,diminishing,772.0,0.017617225646972656,15.627153568219246,0.0050222586507970846,10.0,0.5209051189406415
0.0,FW_diminishing,diminishing,773.0,0.017640113830566406,15.627143084360169,0.012590879227964535,10.0,0.5209047694786723
0.0,FW_diminishing,diminishing,774.0,0.017663002014160156,15.627140448897359,0.01221605135219761,10.0,0.520904681629912
0.0,FW_diminishing,diminishing,775.0,0.017683982849121094,15.62714843040826,0.009638237002548067,10.0,0.5209049476802753
0.0,FW_diminishing,diminishing,776.0,0.017707109451293945,15.62714179575721,0.012362333621254606,10.0,0.5209047265252403
0.0,FW_diminishing,diminishing,777.0,0.01772904396057129,15.627131548964535,0.01247545201512068,10.0,0.5209043849654845
0.0,FW_diminishing,diminishing,778.0,0.01775217056274414,15.627147910001414,0.0033525105029177382,10.0,0.5209049303333805
0.0,FW_diminishing,diminishing,779.0,0.017775297164916992,15.627156163582923,0.01123512842650598,10.0,0.5209052054527641
0.0,FW_diminishing,diminishing,780.0,0.01779627799987793,15.627150392113617,0.013852460082894424,10.0,0.5209050130704539
0.0,FW_diminishing,diminishing,781.0,0.01781916618347168,15.62716240024119,0.0037174092229363964,10.0,0.520905413341373
0.0,FW_diminishing,diminishing,782.0,0.017841100692749023,15.627154770574974,0.012698246733716445,10.0,0.5209051590191658
0.0,FW_diminishing,diminishing,783.0,0.017863988876342773,15.62714604868597,0.016048866992992572,10.0,0.5209048682895323
0.0,FW_diminishing,diminishing,784.0,0.017887115478515625,15.627150585681411,0.009260513742367138,10.0,0.5209050195227137
0.0,FW_diminishing,diminishing,785.0,0.017908096313476562,15.627151205880894,0.009418059042589633,10.0,0.5209050401960298
0.0,FW_diminishing,diminishing,786.0,0.017931222915649414,15.62713665628187,0.014124126651053004,10.0,0.5209045552093957
0.0,FW_diminishing,diminishing,787.0,0.017953157424926758,15.627145996951583,0.010962811878673762,10.0,0.5209048665650527
0.0,FW_diminishing,diminishing,788.0,0.017977237701416016,15.6271584698246,0.0034164604468536197,10.0,0.5209052823274867
0.0,FW_diminishing,diminishing,789.0,0.01799917221069336,15.627148725939199,0.013477197373825689,10.0,0.5209049575313066
0.0,FW_diminishing,diminishing,790.0,0.018021106719970703,15.627150141198324,0.010402323654078671,10.0,0.5209050047066108
0.0,FW_diminishing,diminishing,791.0,0.018043994903564453,15.627150699595072,0.012267225627722311,10.0,0.5209050233198357
0.0,FW_diminishing,diminishing,792.0,0.018065929412841797,15.627149037255228,0.010238941577469518,10.0,0.5209049679085076
0.0,FW_diminishing,diminishing,793.0,0.01808905601501465,15.627135407734874,0.013734455960333847,10.0,0.5209045135911625
0.0,FW_diminishing,diminishing,794.0,0.0181121826171875,15.627156320599541,0.003041437719435436,10.0,0.5209052106866514
0.0,FW_diminishing,diminishing,795.0,0.018133163452148438,15.627152392511512,0.011110452176442465,10.0,0.5209050797503837
0.0,FW_diminishing,diminishing,796.0,0.018156051635742188,15.627150395948403,0.014956089424099872,10.0,0.5209050131982801
0.0,FW_diminishing,diminishing,797.0,0.018178224563598633,15.627158196754271,0.005137140434035459,10.0,0.5209052732251424
0.0,FW_diminishing,diminishing,798.0,0.01819920539855957,15.627155597021607,0.010547796673938237,10.0,0.5209051865673869
0.0,FW_diminishing,diminishing,799.0,0.01822209358215332,15.627140343556452,0.018488432324746285,10.0,0.5209046781185483
0.0,FW_diminishing,diminishing,800.0,0.018244266510009766,15.627148437513755,0.007573362680975748,10.0,0.5209049479171252
0.0,FW_diminishing,diminishing,801.0,0.018267154693603516,15.627155513024654,0.00907018932423398,10.0,0.5209051837674885
0.0,FW_diminishing,diminishing,802.0,0.018290042877197266,15.627152555085297,0.01064995302466265,10.0,0.52090508516951
0.0,FW_diminishing,diminishing,803.0,0.01831197738647461,15.627157827229976,0.01017522227012968,10.0,0.5209052609076659
0.0,FW_diminishing,diminishing,804.0,0.018334150314331055,15.627158131696834,0.008066431444293087,10.0,0.5209052710565611
0.0,FW_diminishing,diminishing,805.0,0.0183560848236084,15.62714622417829,0.014239263597527696,10.0,0.5209048741392763
0.0,FW_diminishing,diminishing,806.0,0.01837921142578125,15.627150777334268,0.008902500530973967,10.0,0.5209050259111423
0.0,FW_diminishing,diminishing,807.0,0.018402099609375,15.627154094142728,0.0068140362285546985,10.0,0.5209051364714242
0.0,FW_diminishing,diminishing,808.0,0.018423080444335938,15.6271550803685,0.008987257593016551,10.0,0.5209051693456167
0.0,FW_diminishing,diminishing,809.0,0.018447160720825195,15.627147661955318,0.01522690022084916,10.0,0.5209049220651772
0.0,FW_diminishing,diminishing,810.0,0.01846933364868164,15.627171259311426,0.0043085918198624285,10.0,0.5209057086437142
0.0,FW_diminishing,diminishing,811.0,0.01849198341369629,15.627168333959311,0.010544987298601427,10.0,0.5209056111319771
0.0,FW_diminishing,diminishing,812.0,0.01851511001586914,15.627156309923622,0.016039085592744584,10.0,0.5209052103307874
0.0,FW_diminishing,diminishing,813.0,0.018536090850830078,15.627152428547543,0.009684334248934334,10.0,0.5209050809515847
0.0,FW_diminishing,diminishing,814.0,0.018558979034423828,15.627147472315226,0.011345586417618847,10.0,0.5209049157438409
0.0,FW_diminishing,diminishing,815.0,0.018581151962280273,15.627157378671674,0.008064739198607285,10.0,0.5209052459557225
0.0,FW_diminishing,diminishing,816.0,0.018604040145874023,15.627168279230062,0.00614555920934734,10.0,0.5209056093076687
0.0,FW_diminishing,diminishing,817.0,0.018627166748046875,15.62716444196496,0.009634308666990776,10.0,0.520905481398832
0.0,FW_diminishing,diminishing,818.0,0.018648147583007812,15.627142597642633,0.01825094861894172,10.0,0.5209047532547545
0.0,FW_diminishing,diminishing,819.0,0.018671274185180664,15.627158969735484,0.007347218158896496,10.0,0.5209052989911828
0.0,FW_diminishing,diminishing,820.0,0.018693208694458008,15.627155793373896,0.009338308858293232,10.0,0.5209051931124632
0.0,FW_diminishing,diminishing,821.0,0.018716096878051758,15.627148874720259,0.012092977435589347,10.0,0.5209049624906753
0.0,FW_diminishing,diminishing,822.0,0.0187380313873291,15.62714749669936,0.011566981755704475,10.0,0.5209049165566453
0.0,FW_diminishing,diminishing,823.0,0.018759965896606445,15.627162650146316,0.002950596935532346,10.0,0.5209054216715439
0.0,FW_diminishing,diminishing,824.0,0.018783092498779297,15.627160818114424,0.01274745117155085,10.0,0.5209053606038141
0.0,FW_diminishing,diminishing,825.0,0.01880502700805664,15.627146964872319,0.013723173606575045,10.0,0.5209048988290773
0.0,FW_diminishing,diminishing,826.0,0.018828153610229492,15.62715343621351,0.006497488822811093,10.0,0.5209051145404503
0.0,FW_diminishing,diminishing,827.0,0.018851280212402344,15.627163893321159,0.009281812392210043,10.0,0.5209054631107053
0.0,FW_diminishing,diminishing,828.0,0.018883228302001953,15.627153704890526,0.014699372987317716,10.0,0.5209051234963509
0.0,FW_diminishing,diminishing,829.0,0.01890730857849121,15.627146693919519,0.010862565760149323,10.0,0.5209048897973173
0.0,FW_diminishing,diminishing,830.0,0.01892828941345215,15.627146279304268,0.009311751342471197,10.0,0.5209048759768089
0.0,FW_diminishing,diminishing,831.0,0.018950939178466797,15.627149151164826,0.0106890259780279,10.0,0.5209049717054942
0.0,FW_diminishing,diminishing,832.0,0.018973112106323242,15.627153719678763,0.006004201812981336,10.0,0.5209051239892921
0.0,FW_diminishing,diminishing,833.0,0.018996000289916992,15.62714489754649,0.012798009406155941,10.0,0.5209048299182163
0.0,FW_diminishing,diminishing,834.0,0.019019126892089844,15.627139782225566,0.012982954513072187,10.0,0.5209046594075188
0.0,FW_diminishing,diminishing,835.0,0.019041061401367188,15.627152446081011,0.0037716309581501406,10.0,0.5209050815360337
0.0,FW_diminishing,diminishing,836.0,0.01906418800354004,15.627165076789575,0.010988016340512274,10.0,0.5209055025596525
0.0,FW_diminishing,diminishing,837.0,0.019086122512817383,15.62716461489718,0.008060765322287722,10.0,0.5209054871632394
0.0,FW_diminishing,diminishing,838.0,0.019109249114990234,15.627172114155071,0.007178921569286345,10.0,0.5209057371385024
0.0,FW_diminishing,diminishing,839.0,0.019131898880004883,15.627174726662528,0.007939584048113346,10.0,0.5209058242220842
0.0,FW_diminishing,diminishing,840.0,0.019153356552124023,15.627164503749158,0.016074688921504432,10.0,0.5209054834583052
0.0,FW_diminishing,diminishing,841.0,0.019176959991455078,15.627177114211936,0.008071946363909177,10.0,0.5209059038070645
0.0,FW_diminishing,diminishing,842.0,0.019197940826416016,15.627176133072727,0.00942356276523526,10.0,0.5209058711024243
0.0,FW_diminishing,diminishing,843.0,0.019221067428588867,15.62715640087544,0.016167155004223943,10.0,0.5209052133625147
0.0,FW_diminishing,diminishing,844.0,0.01924419403076172,15.627163992983375,0.007043595172667949,10.0,0.5209054664327791
0.0,FW_diminishing,diminishing,845.0,0.019265174865722656,15.627170026698577,0.005230738543335889,10.0,0.5209056675566193
0.0,FW_diminishing,diminishing,846.0,0.019288063049316406,15.627157946164257,0.01410021738676015,10.0,0.5209052648721418
0.0,FW_diminishing,diminishing,847.0,0.01931023597717285,15.62715241798772,0.014015691934654129,10.0,0.5209050805995906
0.0,FW_diminishing,diminishing,848.0,0.0193331241607666,15.627155106227882,0.007799660485448001,10.0,0.5209051702075961
0.0,FW_diminishing,diminishing,849.0,0.01935601234436035,15.62714949184998,0.010149919533525065,10.0,0.520904983061666
0.0,FW_diminishing,diminishing,850.0,0.01937699317932129,15.627158875347353,0.00662879655605586,10.0,0.5209052958449117
0.0,FW_diminishing,diminishing,851.0,0.01940011978149414,15.627170202505207,0.00871233729148102,10.0,0.5209056734168402
0.0,FW_diminishing,diminishing,852.0,0.019421100616455078,15.627165381820548,0.01096608510413688,10.0,0.5209055127273516
0.0,FW_diminishing,diminishing,853.0,0.019443035125732422,15.627161728696214,0.009284354860149335,10.0,0.5209053909565404
0.0,FW_diminishing,diminishing,854.0,0.019464969635009766,15.62717220452566,0.005648327340997739,10.0,0.5209057401508553
0.0,FW_diminishing,diminishing,855.0,0.01948714256286621,15.62718314849053,0.006853816298400872,10.0,0.5209061049496844
0.0,FW_diminishing,diminishing,856.0,0.01950812339782715,15.627162883508271,0.017575178259921387,10.0,0.5209054294502757
0.0,FW_diminishing,diminishing,857.0,0.019532203674316406,15.627159306809876,0.009222737429825045,10.0,0.5209053102269958
0.0,FW_diminishing,diminishing,858.0,0.01955413818359375,15.627158098594457,0.009361332327321392,10.0,0.5209052699531486
0.0,FW_diminishing,diminishing,859.0,0.0195772647857666,15.627156709359364,0.01371858050816499,10.0,0.5209052236453121
0.0,FW_diminishing,diminishing,860.0,0.01960134506225586,15.627164751912526,0.0070374841154965395,10.0,0.5209054917304176
0.0,FW_diminishing,diminishing,861.0,0.019633054733276367,15.627166057547559,0.008245082386611813,10.0,0.5209055352515853
0.0,FW_diminishing,diminishing,862.0,0.019655942916870117,15.62716578995707,0.01157632815645826,10.0,0.5209055263319023
0.0,FW_diminishing,diminishing,863.0,0.019678115844726562,15.627155952034926,0.011894300022401438,10.0,0.5209051984011642
0.0,FW_diminishing,diminishing,864.0,0.019700050354003906,15.627149494309876,0.011581871072241512,10.0,0.5209049831436625
0.0,FW_diminishing,diminishing,865.0,0.019723176956176758,15.627158101171718,0.006273830074020381,10.0,0.5209052700390573
0.0,FW_diminishing,diminishing,866.0,0.019746065139770508,15.627150989373341,0.010696774179812962,10.0,0.5209050329791114
0.0,FW_diminishing,diminishing,867.0,0.01976919174194336,15.627155693700745,0.00670009159678564,10.0,0.5209051897900249
0.0,FW_diminishing,diminishing,868.0,0.019791126251220703,15.62714456168958,0.016234847476372494,10.0,0.520904818722986
0.0,FW_diminishing,diminishing,869.0,0.01981329917907715,15.627148112884816,0.006026803883015575,10.0,0.5209049370961606
0.0,FW_diminishing,diminishing,870.0,0.019835233688354492,15.62714509871752,0.010035873282166818,10.0,0.5209048366239173
0.0,FW_diminishing,diminishing,871.0,0.019858121871948242,15.62715141964474,0.010172986348280233,10.0,0.5209050473214913
0.0,FW_diminishing,diminishing,872.0,0.019881010055541992,15.627149613624054,0.010724184379879986,10.0,0.5209049871208018
0.0,FW_diminishing,diminishing,873.0,0.019903182983398438,15.627159054937339,0.003402143048118589,10.0,0.5209053018312446
0.0,FW_diminishing,diminishing,874.0,0.019926071166992188,15.627149902514525,0.012696682360230582,10.0,0.5209049967504842
0.0,FW_diminishing,diminishing,875.0,0.019947052001953125,15.627143196400578,0.014237580483520418,10.0,0.5209047732133526
0.0,FW_diminishing,diminishing,876.0,0.01996922492980957,15.627147863797818,0.00660530407333404,10.0,0.5209049287932606
0.0,FW_diminishing,diminishing,877.0,0.01999211311340332,15.627144841226881,0.011639590172887182,10.0,0.520904828040896
0.0,FW_diminishing,diminishing,878.0,0.020014286041259766,15.62714467816379,0.00757115170467948,10.0,0.5209048226054597
0.0,FW_diminishing,diminishing,879.0,0.020038127899169922,15.62715520266663,0.008476386924078483,10.0,0.520905173422221
0.0,FW_diminishing,diminishing,880.0,0.020061016082763672,15.627152823692116,0.009671095418168463,10.0,0.5209050941230705
0.0,FW_diminishing,diminishing,881.0,0.02008199691772461,15.62715311381436,0.007345306062397583,10.0,0.520905103793812
0.0,FW_diminishing,diminishing,882.0,0.02010512351989746,15.627154291352074,0.00929886678659031,10.0,0.5209051430450692
0.0,FW_diminishing,diminishing,883.0,0.020127058029174805,15.627163106588933,0.007278350900541852,10.0,0.5209054368862978
0.0,FW_diminishing,diminishing,884.0,0.020150184631347656,15.627146233771658,0.01607213179569733,10.0,0.5209048744590553
0.0,FW_diminishing,diminishing,885.0,0.020173072814941406,15.627146563697288,0.007293268647556417,10.0,0.5209048854565762
0.0,FW_diminishing,diminishing,886.0,0.020194053649902344,15.627147517857209,0.008136627562839394,10.0,0.5209049172619069
0.0,FW_diminishing,diminishing,887.0,0.020217180252075195,15.627154135046334,0.009757041128212407,10.0,0.5209051378348778
0.0,FW_diminishing,diminishing,888.0,0.020240306854248047,15.62715155854479,0.011329561215347894,10.0,0.5209050519514931
0.0,FW_diminishing,diminishing,889.0,0.020262956619262695,15.627154851464772,0.007062032923021988,10.0,0.5209051617154924
0.0,FW_diminishing,diminishing,890.0,0.02028512954711914,15.627153159388634,0.011856294048032012,10.0,0.5209051053129544
0.0,FW_diminishing,diminishing,891.0,0.020307064056396484,15.62714752009489,0.00991340191800738,10.0,0.5209049173364964
0.0,FW_diminishing,diminishing,892.0,0.020330190658569336,15.627143487850685,0.010310096428170823,10.0,0.5209047829283562
0.0,FW_diminishing,diminishing,893.0,0.02035212516784668,15.627143228401678,0.009815934248127434,10.0,0.520904774280056
0.0,FW_diminishing,diminishing,894.0,0.02037525177001953,15.62714011994089,0.008760735369865102,10.0,0.5209046706646964
0.0,FW_diminishing,diminishing,895.0,0.02039813995361328,15.627146554138822,0.005582968343126993,10.0,0.5209048851379607
0.0,FW_diminishing,diminishing,896.0,0.02041912078857422,15.627134685733184,0.016366429857537668,10.0,0.5209044895244395
0.0,FW_diminishing,diminishing,897.0,0.02044224739074707,15.627141528974505,0.004257520891799871,10.0,0.5209047176324835
0.0,FW_diminishing,diminishing,898.0,0.02046489715576172,15.62714067998959,0.008829732203242457,10.0,0.5209046893329864
0.0,FW_diminishing,diminishing,899.0,0.02048802375793457,15.627143106473872,0.008960336653572654,10.0,0.5209047702157957
0.0,FW_diminishing,diminishing,900.0,0.020512104034423828,15.627148412702827,0.010123079462148965,10.0,0.5209049470900943
0.0,FW_diminishing,diminishing,901.0,0.02053523063659668,15.627149853176137,0.00776688058900632,10.0,0.5209049951058712
0.0,FW_diminishing,diminishing,902.0,0.02055811882019043,15.627152259185122,0.00986234495056948,10.0,0.5209050753061707
0.0,FW_diminishing,diminishing,903.0,0.020580291748046875,15.62715731961647,0.007297219577445446,10.0,0.5209052439872157
0.0,FW_diminishing,diminishing,904.0,0.020603179931640625,15.627148468678147,0.011301872361674015,10.0,0.5209049489559382
0.0,FW_diminishing,diminishing,905.0,0.020626068115234375,15.627136071532451,0.014016018238564243,10.0,0.5209045357177484
0.0,FW_diminishing,diminishing,906.0,0.02064800262451172,15.62713939252768,0.0057564351014587345,10.0,0.5209046464175893
0.0,FW_diminishing,diminishing,907.0,0.02067112922668457,15.627149174899628,0.008261979011042087,10.0,0.5209049724966542
0.0,FW_diminishing,diminishing,908.0,0.020693063735961914,15.627148895938088,0.008481001502296692,10.0,0.5209049631979362
0.0,FW_diminishing,diminishing,909.0,0.020716190338134766,15.627150280234739,0.00931332120124928,10.0,0.5209050093411579
0.0,FW_diminishing,diminishing,910.0,0.020739078521728516,15.627155232005087,0.004972549068405385,10.0,0.5209051744001696
0.0,FW_diminishing,diminishing,911.0,0.020760059356689453,15.627153208053265,0.00925223377781137,10.0,0.5209051069351088
0.0,FW_diminishing,diminishing,912.0,0.020783185958862305,15.62714399141275,0.015053415861787656,10.0,0.5209047997137584
0.0,FW_diminishing,diminishing,913.0,0.02080512046813965,15.62715173693394,0.005935754344195132,10.0,0.520905057897798
0.0,FW_diminishing,diminishing,914.0,0.0208280086517334,15.627158423764849,0.007375359746029986,10.0,0.5209052807921616
0.0,FW_diminishing,diminishing,915.0,0.02085113525390625,15.627156094342157,0.009360240217002769,10.0,0.5209052031447385
0.0,FW_diminishing,diminishing,916.0,0.020872116088867188,15.627163298933667,0.008988634284310848,10.0,0.5209054432977889
0.0,FW_diminishing,diminishing,917.0,0.020895004272460938,15.62716786620982,0.005077017004119,10.0,0.5209055955403273
0.0,FW_diminishing,diminishing,918.0,0.020917177200317383,15.627166497210002,0.008893865662862765,10.0,0.5209055499070001
0.0,FW_diminishing,diminishing,919.0,0.02094125747680664,15.627160905318844,0.013330306911747414,10.0,0.5209053635106281
0.0,FW_diminishing,diminishing,920.0,0.020963191986083984,15.627152894373577,0.013115945734350376,10.0,0.5209050964791192
0.0,FW_diminishing,diminishing,921.0,0.020984172821044922,15.62715749442729,0.00610833693670898,10.0,0.520905249814243
0.0,FW_diminishing,diminishing,922.0,0.02100825309753418,15.627142857159534,0.013918418460107773,10.0,0.5209047619053178
0.0,FW_diminishing,diminishing,923.0,0.021030187606811523,15.627153112634568,0.005949667653858626,10.0,0.5209051037544856
0.0,FW_diminishing,diminishing,924.0,0.021053075790405273,15.627150848762732,0.009259572885257583,10.0,0.5209050282920911
0.0,FW_diminishing,diminishing,925.0,0.021075963973999023,15.627145658133449,0.009529243554160516,10.0,0.520904855271115
0.0,FW_diminishing,diminishing,926.0,0.02109694480895996,15.627141623027821,0.011230233884944596,10.0,0.5209047207675941
0.0,FW_diminishing,diminishing,927.0,0.02112102508544922,15.627149134144302,0.004686148544049473,10.0,0.5209049711381434
0.0,FW_diminishing,diminishing,928.0,0.021142005920410156,15.627151884098245,0.009363936983604049,10.0,0.5209050628032749
0.0,FW_diminishing,diminishing,929.0,0.021166086196899414,15.627146786967316,0.009465356547387671,10.0,0.5209048928989105
0.0,FW_diminishing,diminishing,930.0,0.02118825912475586,15.62714747713692,0.007833872227298144,10.0,0.520904915904564
0.0,FW_diminishing,diminishing,931.0,0.021209239959716797,15.627144691839543,0.011012379811310424,10.0,0.5209048230613181
0.0,FW_diminishing,diminishing,932.0,0.021233081817626953,15.627146702776356,0.01115045761816269,10.0,0.5209048900925451
0.0,FW_diminishing,diminishing,933.0,0.021255016326904297,15.62714954257991,0.006799503377415306,10.0,0.5209049847526637
0.0,FW_diminishing,diminishing,934.0,0.02127814292907715,15.627141317498658,0.010907177898085152,10.0,0.5209047105832886
0.0,FW_diminishing,diminishing,935.0,0.0213010311126709,15.627147322774952,0.006444382718914454,10.0,0.5209049107591651
0.0,FW_diminishing,diminishing,936.0,0.021322011947631836,15.627156869491277,0.007836840386699961,10.0,0.5209052289830426
0.0,FW_diminishing,diminishing,937.0,0.021346092224121094,15.627158688434784,0.006171193988048884,10.0,0.5209052896144928
0.0,FW_diminishing,diminishing,938.0,0.02136707305908203,15.62714787443999,0.013180009819848237,10.0,0.5209049291479997
0.0,FW_diminishing,diminishing,939.0,0.02139115333557129,15.627152619186491,0.008283559303395194,10.0,0.5209050873062163
0.0,FW_diminishing,diminishing,940.0,0.02141427993774414,15.627153789456468,0.007517032685100844,10.0,0.5209051263152156
0.0,FW_diminishing,diminishing,941.0,0.021435260772705078,15.627150228428835,0.011289636286234028,10.0,0.5209050076142945
0.0,FW_diminishing,diminishing,942.0,0.021457910537719727,15.627143817204537,0.010022249236406822,10.0,0.5209047939068179
0.0,FW_diminishing,diminishing,943.0,0.021480083465576172,15.627143406789957,0.008238081966311483,10.0,0.5209047802263319
0.0,FW_diminishing,diminishing,944.0,0.02150416374206543,15.62714813193115,0.00822527577355281,10.0,0.5209049377310383
0.0,FW_diminishing,diminishing,945.0,0.02152705192565918,15.627150696683831,0.005750560786484726,10.0,0.5209050232227944
0.0,FW_diminishing,diminishing,946.0,0.021548032760620117,15.627143759543344,0.01131338292390005,10.0,0.5209047919847781
0.0,FW_diminishing,diminishing,947.0,0.02157115936279297,15.62714117193283,0.010376893852944491,10.0,0.5209047057310944
0.0,FW_diminishing,diminishing,948.0,0.021593093872070312,15.627143591976242,0.010735564710625312,10.0,0.5209047863992081
0.0,FW_diminishing,diminishing,949.0,0.021616220474243164,15.627149668126238,0.005097595824921086,10.0,0.5209049889375412
0.0,FW_diminishing,diminishing,950.0,0.021639108657836914,15.627139150510413,0.01194779174795535,10.0,0.5209046383503471
0.0,FW_diminishing,diminishing,951.0,0.021661043167114258,15.627147335331207,0.006479713056799952,10.0,0.5209049111777069
0.0,FW_diminishing,diminishing,952.0,0.02168416976928711,15.627146914602003,0.008168807989559213,10.0,0.5209048971534
0.0,FW_diminishing,diminishing,953.0,0.021706104278564453,15.627140534053455,0.012539193346842836,10.0,0.5209046844684485
0.0,FW_diminishing,diminishing,954.0,0.021729230880737305,15.627140063551852,0.007127197021192799,10.0,0.5209046687850617
0.0,FW_diminishing,diminishing,955.0,0.021752119064331055,15.62713811050003,0.008879176793435306,10.0,0.5209046036833344
0.0,FW_diminishing,diminishing,956.0,0.021773099899291992,15.627146208017601,0.0064468285498353595,10.0,0.5209048736005867
0.0,FW_diminishing,diminishing,957.0,0.021796226501464844,15.62714847934887,0.007959520549798427,10.0,0.520904949311629
0.0,FW_diminishing,diminishing,958.0,0.021818161010742188,15.627148013936898,0.007096855666464563,10.0,0.5209049337978966
0.0,FW_diminishing,diminishing,959.0,0.021842002868652344,15.627133741581183,0.014781707790536558,10.0,0.5209044580527061
0.0,FW_diminishing,diminishing,960.0,0.021863937377929688,15.6271423161531,0.007605970551940899,10.0,0.52090474387177
0.0,FW_diminishing,diminishing,961.0,0.021884918212890625,15.627146735637453,0.005760679149979353,10.0,0.520904891187915
0.0,FW_diminishing,diminishing,962.0,0.021908044815063477,15.627142117305455,0.009075081190863088,10.0,0.5209047372435152
0.0,FW_diminishing,diminishing,963.0,0.021931171417236328,15.627140680702386,0.009689117134168868,10.0,0.5209046893567462
0.0,FW_diminishing,diminishing,964.0,0.021954059600830078,15.627149536795963,0.007679510367081477,10.0,0.5209049845598654
0.0,FW_diminishing,diminishing,965.0,0.02197718620300293,15.627154376349619,0.004478359672621224,10.0,0.5209051458783206
0.0,FW_diminishing,diminishing,966.0,0.021998167037963867,15.627145892299687,0.011966991859255316,10.0,0.5209048630766563
0.0,FW_diminishing,diminishing,967.0,0.022022247314453125,15.627148902928377,0.008754422052501099,10.0,0.5209049634309459
0.0,FW_diminishing,diminishing,968.0,0.022043943405151367,15.627153448954774,0.0071297099883746995,10.0,0.5209051149651591
0.0,FW_diminishing,diminishing,969.0,0.02206707000732422,15.627139966859938,0.014386968709985126,10.0,0.5209046655619979
0.0,FW_diminishing,diminishing,970.0,0.02209019660949707,15.627136989270264,0.008238074697583642,10.0,0.5209045663090088
0.0,FW_diminishing,diminishing,971.0,0.022111177444458008,15.627138350946082,0.007147992498616418,10.0,0.5209046116982027
0.0,FW_diminishing,diminishing,972.0,0.022135019302368164,15.627141357244334,0.008696472396975352,10.0,0.5209047119081445
0.0,FW_diminishing,diminishing,973.0,0.02215719223022461,15.627146185855162,0.006543290740026464,10.0,0.5209048728618387
0.0,FW_diminishing,diminishing,974.0,0.02218008041381836,15.627143250395608,0.008195538643994027,10.0,0.520904775013187
0.0,FW_diminishing,diminishing,975.0,0.022205114364624023,15.627132658805014,0.012964356282779477,10.0,0.5209044219601672
0.0,FW_diminishing,diminishing,976.0,0.02222609519958496,15.627141299219012,0.007312672223608985,10.0,0.5209047099739671
0.0,FW_diminishing,diminishing,977.0,0.02224898338317871,15.62714875787518,0.004105343042470011,10.0,0.5209049585958393
0.0,FW_diminishing,diminishing,978.0,0.022271156311035156,15.627141816677717,0.01014058113974059,10.0,0.5209047272225906
0.0,FW_diminishing,diminishing,979.0,0.022294044494628906,15.627141386138444,0.009445780044460506,10.0,0.5209047128712815
0.0,FW_diminishing,diminishing,980.0,0.022317171096801758,15.627149728270549,0.005976232143735771,10.0,0.5209049909423517
0.0,FW_diminishing,diminishing,981.0,0.022338151931762695,15.627135147631462,0.014913149655688684,10.0,0.5209045049210487
0.0,FW_diminishing,diminishing,982.0,0.022362232208251953,15.62713764834087,0.005472188503000908,10.0,0.520904588278029
0.0,FW_diminishing,diminishing,983.0,0.022384166717529297,15.627137542968656,0.007768449409063294,10.0,0.5209045847656218
0.0,FW_diminishing,diminishing,984.0,0.022407054901123047,15.6271373812046,0.008882481492900496,10.0,0.5209045793734867
0.0,FW_diminishing,diminishing,985.0,0.022429943084716797,15.627139134947667,0.00916218633831356,10.0,0.5209046378315889
0.0,FW_diminishing,diminishing,986.0,0.022450923919677734,15.627141625960478,0.005444777865086792,10.0,0.5209047208653492
0.0,FW_diminishing,diminishing,987.0,0.022474050521850586,15.627129866998024,0.013511757337209218,10.0,0.5209043288999341
0.0,FW_diminishing,diminishing,988.0,0.02249598503112793,15.627146245783868,0.005662472133572294,10.0,0.5209048748594622
0.0,FW_diminishing,diminishing,989.0,0.022520065307617188,15.627149855561713,0.005877354982956717,10.0,0.5209049951853905
0.0,FW_diminishing,diminishing,990.0,0.022542238235473633,15.627147695747736,0.007724263362391071,10.0,0.5209049231915912
0.0,FW_diminishing,diminishing,991.0,0.02256321907043457,15.627151201023286,0.0069964899822316795,10.0,0.5209050400341095
0.0,FW_diminishing,diminishing,992.0,0.022587299346923828,15.627150727686514,0.0115959443194118,10.0,0.5209050242562171
0.0,FW_diminishing,diminishing,993.0,0.022609233856201172,15.627149531064697,0.008235231608844984,10.0,0.5209049843688233
0.0,FW_diminishing,diminishing,994.0,0.022632122039794922,15.627151512532652,0.008949825304286563,10.0,0.520905050417755
0.0,FW_diminishing,diminishing,995.0,0.022655010223388672,15.627152023406069,0.006362224560572116,10.0,0.5209050674468689
0.0,FW_diminishing,diminishing,996.0,0.02267599105834961,15.62714496516656,0.01114483637737429,10.0,0.5209048321722186
0.0,FW_diminishing,diminishing,997.0,0.02269911766052246,15.627141637983058,0.01073270962536732,10.0,0.520904721266102
0.0,FW_diminishing,diminishing,998.0,0.022721052169799805,15.62714962806679,0.00359741337126529,10.0,0.5209049876022264
0.0,FW_diminishing,diminishing,999.0,0.022745132446289062,15.627144717877568,0.00905338423430635,10.0,0.5209048239292523
0.0,FW_diminishing,diminishing,1000.0,0.022767305374145508,15.627144802207994,0.00983662589324652,10.0,0.5209048267402665
0.0,FW_diminishing,diminishing,1001.0,0.02278923988342285,15.627146896167057,0.006525457793308931,10.0,0.5209048965389019
0.0,FW_diminishing,diminishing,1002.0,0.0228118896484375,15.627149172239262,0.007499552192856029,10.0,0.5209049724079754
0.0,FW_diminishing,diminishing,1003.0,0.022834062576293945,15.627151835080785,0.009894891009453843,10.0,0.5209050611693595
0.0,FW_diminishing,diminishing,1004.0,0.022856950759887695,15.627149598239615,0.007685459237761094,10.0,0.5209049866079872
0.0,FW_diminishing,diminishing,1005.0,0.022880077362060547,15.627147001672625,0.008857480170165744,10.0,0.5209049000557542
0.0,FW_diminishing,diminishing,1006.0,0.022901058197021484,15.627152133310705,0.007228547724102086,10.0,0.5209050711103569
0.0,FW_diminishing,diminishing,1007.0,0.022925138473510742,15.627160256394307,0.004871154310553294,10.0,0.5209053418798102
0.0,FW_diminishing,diminishing,1008.0,0.022947072982788086,15.627152944961372,0.01122462256151735,10.0,0.5209050981653791
0.0,FW_diminishing,diminishing,1009.0,0.022970199584960938,15.62714354256757,0.011287917778831869,10.0,0.5209047847522523
0.0,FW_diminishing,diminishing,1010.0,0.02299332618713379,15.627151846933618,0.007210561751547218,10.0,0.5209050615644539
0.0,FW_diminishing,diminishing,1011.0,0.023014307022094727,15.6271543171419,0.0062490745932510805,10.0,0.52090514390473
0.0,FW_diminishing,diminishing,1012.0,0.023036956787109375,15.627145362745559,0.011055090381873356,10.0,0.5209048454248519
0.0,FW_diminishing,diminishing,1013.0,0.023061037063598633,15.627139126529086,0.011721684126628773,10.0,0.5209046375509695
0.0,FW_diminishing,diminishing,1014.0,0.02308511734008789,15.627153288916285,0.0022059292362452965,10.0,0.5209051096305428
0.0,FW_diminishing,diminishing,1015.0,0.023107051849365234,15.627158706306698,0.004712968918607174,10.0,0.5209052902102232
0.0,FW_diminishing,diminishing,1016.0,0.02312922477722168,15.627154093594102,0.012075850732795601,10.0,0.5209051364531367
0.0,FW_diminishing,diminishing,1017.0,0.02315211296081543,15.627158778736739,0.0061251335340237745,10.0,0.520905292624558
0.0,FW_diminishing,diminishing,1018.0,0.023174285888671875,15.627155321871511,0.008234348316102924,10.0,0.5209051773957171
0.0,FW_diminishing,diminishing,1019.0,0.023196935653686523,15.627149759745281,0.01028883930980129,10.0,0.5209049919915094
0.0,FW_diminishing,diminishing,1020.0,0.023220062255859375,15.627156521643595,0.007586270061031186,10.0,0.5209052173881198
0.0,FW_diminishing,diminishing,1021.0,0.023241043090820312,15.627166291878101,0.0038470179005614114,10.0,0.5209055430626034
0.0,FW_diminishing,diminishing,1022.0,0.023264169692993164,15.627162530970272,0.009351281749944818,10.0,0.5209054176990091
0.0,FW_diminishing,diminishing,1023.0,0.023286104202270508,15.627156422974341,0.009572731573511462,10.0,0.5209052140991447
0.0,FW_diminishing,diminishing,1024.0,0.023310184478759766,15.627156867344596,0.009418991771781293,10.0,0.5209052289114865
0.0,FW_diminishing,diminishing,1025.0,0.023333311080932617,15.627147631718726,0.01215197187365824,10.0,0.5209049210572909
0.0,FW_diminishing,diminishing,1026.0,0.023354291915893555,15.62714917985671,0.005620179204331777,10.0,0.5209049726618903
0.0,FW_diminishing,diminishing,1027.0,0.023377180099487305,15.627154457019959,0.005713599730587049,10.0,0.5209051485673319
0.0,FW_diminishing,diminishing,1028.0,0.02339911460876465,15.627153205813737,0.00802425789020944,10.0,0.5209051068604579
0.0,FW_diminishing,diminishing,1029.0,0.0234220027923584,15.627147703093442,0.012442693387741954,10.0,0.5209049234364481
0.0,FW_diminishing,diminishing,1030.0,0.02344512939453125,15.627149257994459,0.005588664072112337,10.0,0.5209049752664819
0.0,FW_diminishing,diminishing,1031.0,0.023467063903808594,15.627142561011974,0.010822874240922431,10.0,0.5209047520337324
0.0,FW_diminishing,diminishing,1032.0,0.02348923683166504,15.627153635683849,0.005440723568421291,10.0,0.5209051211894616
0.0,FW_diminishing,diminishing,1033.0,0.023511171340942383,15.627157168616016,0.006919598541063721,10.0,0.5209052389538672
0.0,FW_diminishing,diminishing,1034.0,0.023534059524536133,15.627160728612317,0.005488166784813231,10.0,0.5209053576204106
0.0,FW_diminishing,diminishing,1035.0,0.023557186126708984,15.62714831864139,0.012808647735136347,10.0,0.520904943954713
0.0,FW_diminishing,diminishing,1036.0,0.023578166961669922,15.627159352425807,0.005140157561614345,10.0,0.5209053117475269
0.0,FW_diminishing,diminishing,1037.0,0.02361130714416504,15.627163729615631,0.006074301654559022,10.0,0.5209054576538544
0.0,FW_diminishing,diminishing,1038.0,0.023633241653442383,15.627162886070563,0.007747018689476803,10.0,0.5209054295356854
0.0,FW_diminishing,diminishing,1039.0,0.023656129837036133,15.62715479758254,0.010555310369463555,10.0,0.520905159919418
0.0,FW_diminishing,diminishing,1040.0,0.023678064346313477,15.627151124477914,0.011416348233389328,10.0,0.5209050374825971
0.0,FW_diminishing,diminishing,1041.0,0.023701190948486328,15.627144960982614,0.01050693327338692,10.0,0.5209048320327538
0.0,FW_diminishing,diminishing,1042.0,0.023724079132080078,15.627144326305327,0.006650874991795064,10.0,0.5209048108768443
0.0,FW_diminishing,diminishing,1043.0,0.023745059967041016,15.627151649214996,0.00447105927096203,10.0,0.5209050549738332
0.0,FW_diminishing,diminishing,1044.0,0.023780107498168945,15.627153191742565,0.00645726852712869,10.0,0.5209051063914188
0.0,FW_diminishing,diminishing,1045.0,0.02380228042602539,15.627143804450883,0.014377186413058851,10.0,0.520904793481696
0.0,FW_diminishing,diminishing,1046.0,0.02382516860961914,15.627143205642463,0.00660915113076932,10.0,0.5209047735214154
0.0,FW_diminishing,diminishing,1047.0,0.023847103118896484,15.627139456090127,0.00921515075972934,10.0,0.5209046485363376
0.0,FW_diminishing,diminishing,1048.0,0.023869991302490234,15.627146322751488,0.00581462155138901,10.0,0.5209048774250495
0.0,FW_diminishing,diminishing,1049.0,0.023893117904663086,15.62715213545364,0.004170536449358053,10.0,0.520905071181788
0.0,FW_diminishing,diminishing,1050.0,0.023914098739624023,15.627148030481473,0.010773071887578922,10.0,0.5209049343493825
0.0,FW_diminishing,diminishing,1051.0,0.023937225341796875,15.627140806931077,0.010075257501672041,10.0,0.5209046935643692
0.0,FW_diminishing,diminishing,1052.0,0.023960113525390625,15.627147660902327,0.007093410173760972,10.0,0.5209049220300775
0.0,FW_diminishing,diminishing,1053.0,0.023983240127563477,15.627140375254974,0.011053943201106975,10.0,0.5209046791751658
0.0,FW_diminishing,diminishing,1054.0,0.024006128311157227,15.627146457016957,0.005000689820757742,10.0,0.5209048819005653
0.0,FW_diminishing,diminishing,1055.0,0.024027347564697266,15.627143390435116,0.00786483192845111,10.0,0.5209047796811705
0.0,FW_diminishing,diminishing,1056.0,0.024049997329711914,15.627143656155226,0.0070421762731811555,10.0,0.5209047885385075
0.0,FW_diminishing,diminishing,1057.0,0.024071931838989258,15.627137390441703,0.012670199993783271,10.0,0.5209045796813901
0.0,FW_diminishing,diminishing,1058.0,0.02409505844116211,15.627141493251044,0.004044791853555552,10.0,0.5209047164417014
0.0,FW_diminishing,diminishing,1059.0,0.02411818504333496,15.62713657235609,0.009778128511658934,10.0,0.5209045524118696
0.0,FW_diminishing,diminishing,1060.0,0.0241391658782959,15.627142011691475,0.005634812415987511,10.0,0.5209047337230491
0.0,FW_diminishing,diminishing,1061.0,0.02416205406188965,15.62714336396391,0.010151829216328068,10.0,0.520904778798797
0.0,FW_diminishing,diminishing,1062.0,0.024195194244384766,15.627148185839195,0.004572357907795421,10.0,0.5209049395279731
0.0,FW_diminishing,diminishing,1063.0,0.02421712875366211,15.627139009836748,0.011089512855155803,10.0,0.520904633661225
0.0,FW_diminishing,diminishing,1064.0,0.024239301681518555,15.627147304993585,0.00485511816860118,10.0,0.5209049101664528
0.0,FW_diminishing,diminishing,1065.0,0.024262189865112305,15.62714693542868,0.007319832740225962,10.0,0.5209048978476226
0.0,FW_diminishing,diminishing,1066.0,0.024285078048706055,15.6271461748575,0.008532338355498936,10.0,0.52090487249525
0.0,FW_diminishing,diminishing,1067.0,0.024306058883666992,15.627137122208042,0.011018592197663324,10.0,0.5209045707402681
0.0,FW_diminishing,diminishing,1068.0,0.024328947067260742,15.62714421934912,0.006747761819820397,10.0,0.5209048073116374
0.0,FW_diminishing,diminishing,1069.0,0.024351119995117188,15.627139760252424,0.009487968772392108,10.0,0.5209046586750808
0.0,FW_diminishing,diminishing,1070.0,0.024374008178710938,15.627144444659267,0.005933301847209194,10.0,0.5209048148219756
0.0,FW_diminishing,diminishing,1071.0,0.02439713478088379,15.627147277714057,0.004625065259068251,10.0,0.5209049092571353
0.0,FW_diminishing,diminishing,1072.0,0.024418115615844727,15.627141600525391,0.010130130194841769,10.0,0.5209047200175131
0.0,FW_diminishing,diminishing,1073.0,0.024441242218017578,15.627137139044335,0.011609380887639631,10.0,0.5209045713014778
0.0,FW_diminishing,diminishing,1074.0,0.024463176727294922,15.627140645256283,0.005172779690497009,10.0,0.5209046881752094
0.0,FW_diminishing,diminishing,1075.0,0.024486303329467773,15.627136212262284,0.008516577403080205,10.0,0.5209045404087428
0.0,FW_diminishing,diminishing,1076.0,0.024508953094482422,15.627136165370139,0.008075257964494043,10.0,0.5209045388456713
0.0,FW_diminishing,diminishing,1077.0,0.02452993392944336,15.62714330613732,0.005313082710539874,10.0,0.520904776871244
0.0,FW_diminishing,diminishing,1078.0,0.024554014205932617,15.627136995741367,0.01045035249919124,10.0,0.5209045665247122
0.0,FW_diminishing,diminishing,1079.0,0.024576187133789062,15.62713263653205,0.008462789488520528,10.0,0.520904421217735
0.0,FW_diminishing,diminishing,1080.0,0.024599075317382812,15.627144512968503,0.0039975577892370495,10.0,0.5209048170989501
0.0,FW_diminishing,diminishing,1081.0,0.024622201919555664,15.627138960038806,0.010029361461048936,10.0,0.5209046320012936
0.0,FW_diminishing,diminishing,1082.0,0.0246431827545166,15.627139034413766,0.007964906098859359,10.0,0.5209046344804589
0.0,FW_diminishing,diminishing,1083.0,0.024666309356689453,15.627138578431987,0.0063275543460523664,10.0,0.5209046192810662
0.0,FW_diminishing,diminishing,1084.0,0.024688243865966797,15.627140186698686,0.006122578296707815,10.0,0.5209046728899562
0.0,FW_diminishing,diminishing,1085.0,0.024710893630981445,15.627133184154715,0.012917938652746486,10.0,0.5209044394718239
0.0,FW_diminishing,diminishing,1086.0,0.024734020233154297,15.627139501702151,0.0026198683662510547,10.0,0.5209046500567384
0.0,FW_diminishing,diminishing,1087.0,0.02475714683532715,15.627136165225174,0.008798218712250616,10.0,0.5209045388408391
0.0,FW_diminishing,diminishing,1088.0,0.024778127670288086,15.627134581389313,0.009173842423722434,10.0,0.5209044860463105
0.0,FW_diminishing,diminishing,1089.0,0.024801015853881836,15.6271359435374,0.009847978999069085,10.0,0.5209045314512467
0.0,FW_diminishing,diminishing,1090.0,0.02482318878173828,15.627141864571303,0.003720148545458102,10.0,0.5209047288190435
0.0,FW_diminishing,diminishing,1091.0,0.02484607696533203,15.627135549439894,0.009492687289826662,10.0,0.5209045183146631
0.0,FW_diminishing,diminishing,1092.0,0.024869203567504883,15.627137577827103,0.006820429645442161,10.0,0.52090458592757
0.0,FW_diminishing,diminishing,1093.0,0.02489018440246582,15.627140766149388,0.007289602151024255,10.0,0.5209046922049796
0.0,FW_diminishing,diminishing,1094.0,0.024913311004638672,15.627137132574456,0.008928351305002025,10.0,0.5209045710858152
0.0,FW_diminishing,diminishing,1095.0,0.024935007095336914,15.627130914518668,0.009429936743879708,10.0,0.5209043638172889
0.0,FW_diminishing,diminishing,1096.0,0.024959087371826172,15.627142805453941,0.0037422453335320682,10.0,0.520904760181798
0.0,FW_diminishing,diminishing,1097.0,0.024982213973999023,15.627139883289383,0.008523203932828238,10.0,0.5209046627763128
0.0,FW_diminishing,diminishing,1098.0,0.02500319480895996,15.627137722504669,0.009423980127419185,10.0,0.5209045907501556
0.0,FW_diminishing,diminishing,1099.0,0.02502608299255371,15.627142757556342,0.003214376769742344,10.0,0.5209047585852115
0.0,FW_diminishing,diminishing,1100.0,0.025048255920410156,15.627138677795283,0.009147724768803656,10.0,0.5209046225931762
0.0,FW_diminishing,diminishing,1101.0,0.025072336196899414,15.627133450022647,0.011861080504568022,10.0,0.5209044483340882
0.0,FW_diminishing,diminishing,1102.0,0.025094985961914062,15.627139027091234,0.004775886184869904,10.0,0.5209046342363745
0.0,FW_diminishing,diminishing,1103.0,0.025115966796875,15.62713910472128,0.006833972365917873,10.0,0.5209046368240426
0.0,FW_diminishing,diminishing,1104.0,0.02513909339904785,15.627130691943423,0.010624774463313003,10.0,0.520904356398114
0.0,FW_diminishing,diminishing,1105.0,0.025161027908325195,15.627136496853371,0.005721427550856362,10.0,0.5209045498951124
0.0,FW_diminishing,diminishing,1106.0,0.025184154510498047,15.627131819831247,0.00945404750271095,10.0,0.5209043939943749
0.0,FW_diminishing,diminishing,1107.0,0.025207042694091797,15.627129985976246,0.006966640398683666,10.0,0.5209043328658749
0.0,FW_diminishing,diminishing,1108.0,0.025228023529052734,15.62713811346105,0.003298562006108341,10.0,0.5209046037820351
0.0,FW_diminishing,diminishing,1109.0,0.025251150131225586,15.627144944672413,0.006599781551127393,10.0,0.5209048314890804
0.0,FW_diminishing,diminishing,1110.0,0.02527308464050293,15.627143851763583,0.0074423141663935155,10.0,0.5209047950587861
0.0,FW_diminishing,diminishing,1111.0,0.02529621124267578,15.627135875148985,0.010373471280233915,10.0,0.5209045291716329
0.0,FW_diminishing,diminishing,1112.0,0.02531909942626953,15.627147761738053,0.00350158793673927,10.0,0.5209049253912684
0.0,FW_diminishing,diminishing,1113.0,0.02534008026123047,15.627147336953646,0.00705238046912271,10.0,0.5209049112317882
0.0,FW_diminishing,diminishing,1114.0,0.02536296844482422,15.62714095762156,0.011681175250579656,10.0,0.5209046985873853
0.0,FW_diminishing,diminishing,1115.0,0.025385141372680664,15.627143946392955,0.004233015550120456,10.0,0.5209047982130985
0.0,FW_diminishing,diminishing,1116.0,0.025408029556274414,15.627142390546421,0.007668101036287567,10.0,0.5209047463515474
0.0,FW_diminishing,diminishing,1117.0,0.025431156158447266,15.627133708802674,0.013710326818960894,10.0,0.5209044569600891
0.0,FW_diminishing,diminishing,1118.0,0.025451183319091797,15.627141035816278,0.0036370602307211897,10.0,0.5209047011938759
0.0,FW_diminishing,diminishing,1119.0,0.025474071502685547,15.627143497032062,0.00539663028125581,10.0,0.520904783234402
0.0,FW_diminishing,diminishing,1120.0,0.025496244430541992,15.627133440377007,0.011530729400393014,10.0,0.5209044480125669
0.0,FW_diminishing,diminishing,1121.0,0.025519132614135742,15.627135520754189,0.007642435766767264,10.0,0.520904517358473
0.0,FW_diminishing,diminishing,1122.0,0.025542259216308594,15.627133353299325,0.007980773505831706,10.0,0.5209044451099775
0.0,FW_diminishing,diminishing,1123.0,0.02556324005126953,15.627129714477261,0.007913667168486072,10.0,0.5209043238159087
0.0,FW_diminishing,diminishing,1124.0,0.02558612823486328,15.627138734610215,0.002955578931283398,10.0,0.5209046244870071
0.0,FW_diminishing,diminishing,1125.0,0.025608062744140625,15.627135444138002,0.008599936275119902,10.0,0.5209045148046001
0.0,FW_diminishing,diminishing,1126.0,0.025631189346313477,15.627136010018308,0.009688599351001415,10.0,0.520904533667277
0.0,FW_diminishing,diminishing,1127.0,0.025654077529907227,15.627147100318025,0.0024941455123741463,10.0,0.5209049033439341
0.0,FW_diminishing,diminishing,1128.0,0.025675058364868164,15.627141824644271,0.009710552654944138,10.0,0.5209047274881423
0.0,FW_diminishing,diminishing,1129.0,0.025698184967041016,15.627134490631185,0.009986741324444992,10.0,0.5209044830210395
0.0,FW_diminishing,diminishing,1130.0,0.02572011947631836,15.627134480772504,0.007670841843793852,10.0,0.5209044826924168
0.0,FW_diminishing,diminishing,1131.0,0.02574324607849121,15.627135816539017,0.0059486475128309735,10.0,0.5209045272179672
0.0,FW_diminishing,diminishing,1132.0,0.02576613426208496,15.627130073029633,0.009078888157022291,10.0,0.5209043357676545
0.0,FW_diminishing,diminishing,1133.0,0.0257871150970459,15.627134618715438,0.0061350893010043706,10.0,0.5209044872905146
0.0,FW_diminishing,diminishing,1134.0,0.02581000328063965,15.627131412160802,0.008513489783306127,10.0,0.52090438040536
0.0,FW_diminishing,diminishing,1135.0,0.025831937789916992,15.62713189899509,0.00552394527588973,10.0,0.5209043966331697
0.0,FW_diminishing,diminishing,1136.0,0.025855064392089844,15.6271343987587,0.006199901370965932,10.0,0.5209044799586233
0.0,FW_diminishing,diminishing,1137.0,0.025878190994262695,15.627140845886517,0.006467125624777026,10.0,0.5209046948628839
0.0,FW_diminishing,diminishing,1138.0,0.025899171829223633,15.627141042367231,0.006553241502583518,10.0,0.5209047014122411
0.0,FW_diminishing,diminishing,1139.0,0.025922060012817383,15.62713566764572,0.008852471181112875,10.0,0.5209045222548573
0.0,FW_diminishing,diminishing,1140.0,0.025944232940673828,15.627140376181114,0.005236765509733843,10.0,0.5209046792060371
0.0,FW_diminishing,diminishing,1141.0,0.025968313217163086,15.627139475132514,0.007163759820503657,10.0,0.5209046491710838
0.0,FW_diminishing,diminishing,1142.0,0.02599024772644043,15.62713800582008,0.009492505656295336,10.0,0.5209046001940026
0.0,FW_diminishing,diminishing,1143.0,0.026011943817138672,15.627139581781348,0.004856766867241902,10.0,0.5209046527260449
0.0,FW_diminishing,diminishing,1144.0,0.026035070419311523,15.627134240106958,0.009696606420405374,10.0,0.5209044746702319
0.0,FW_diminishing,diminishing,1145.0,0.026057004928588867,15.627135913805674,0.008880705023466717,10.0,0.5209045304601891
0.0,FW_diminishing,diminishing,1146.0,0.02608013153076172,15.62713773277884,0.006512317500195763,10.0,0.520904591092628
0.0,FW_diminishing,diminishing,1147.0,0.02610301971435547,15.627143915429883,0.004764820023380523,10.0,0.5209047971809961
0.0,FW_diminishing,diminishing,1148.0,0.026124238967895508,15.627143452312774,0.006874121993327265,10.0,0.5209047817437591
0.0,FW_diminishing,diminishing,1149.0,0.026147127151489258,15.62714422363395,0.008153210561783197,10.0,0.520904807454465
0.0,FW_diminishing,diminishing,1150.0,0.026169300079345703,15.62714559468523,0.004934409202423495,10.0,0.5209048531561743
0.0,FW_diminishing,diminishing,1151.0,0.026192188262939453,15.62714073266698,0.009397965166890287,10.0,0.5209046910888994
0.0,FW_diminishing,diminishing,1152.0,0.02621603012084961,15.627138698314317,0.009023301842731257,10.0,0.5209046232771439
0.0,FW_diminishing,diminishing,1153.0,0.02623915672302246,15.62714510455552,0.0028727002008981373,10.0,0.5209048368185173
0.0,FW_diminishing,diminishing,1154.0,0.02626204490661621,15.627151116375424,0.008322365955940825,10.0,0.5209050372125141
0.0,FW_diminishing,diminishing,1155.0,0.026284217834472656,15.627149876691112,0.006419109697533898,10.0,0.5209049958897037
0.0,FW_diminishing,diminishing,1156.0,0.026307106018066406,15.627156693941817,0.00353880626798464,10.0,0.5209052231313939
0.0,FW_diminishing,diminishing,1157.0,0.026330232620239258,15.627161867887242,0.006736644427467908,10.0,0.5209053955962414
0.0,FW_diminishing,diminishing,1158.0,0.026351213455200195,15.62715329046227,0.011533775018932602,10.0,0.5209051096820756
0.0,FW_diminishing,diminishing,1159.0,0.026374340057373047,15.62715575073802,0.007093023396505416,10.0,0.5209051916912674
0.0,FW_diminishing,diminishing,1160.0,0.02639603614807129,15.627155053924264,0.00694454007071954,10.0,0.5209051684641421
0.0,FW_diminishing,diminishing,1161.0,0.026420116424560547,15.627143644460192,0.012317275147214701,10.0,0.520904788148673
0.0,FW_diminishing,diminishing,1162.0,0.02644205093383789,15.627150500300104,0.0034571784544468187,10.0,0.5209050166766701
0.0,FW_diminishing,diminishing,1163.0,0.026463985443115234,15.627152685222418,0.00438659179524592,10.0,0.520905089507414
0.0,FW_diminishing,diminishing,1164.0,0.026487112045288086,15.627146107029386,0.010358203796016596,10.0,0.5209048702343129
0.0,FW_diminishing,diminishing,1165.0,0.02650904655456543,15.627142496681566,0.010590046051190072,10.0,0.5209047498893855
0.0,FW_diminishing,diminishing,1166.0,0.02653217315673828,15.627143722494186,0.0057882651765091,10.0,0.5209047907498062
0.0,FW_diminishing,diminishing,1167.0,0.026555299758911133,15.627139754541993,0.007965346841217524,10.0,0.5209046584847331
0.0,FW_diminishing,diminishing,1168.0,0.02657628059387207,15.627145389205985,0.004438022187137847,10.0,0.5209048463068662
0.0,FW_diminishing,diminishing,1169.0,0.02659893035888672,15.627145549912317,0.006394413476982663,10.0,0.5209048516637439
0.0,FW_diminishing,diminishing,1170.0,0.026621103286743164,15.627142013997872,0.010519141900648066,10.0,0.5209047337999291
0.0,FW_diminishing,diminishing,1171.0,0.026643991470336914,15.627150131287486,0.004854783228502413,10.0,0.5209050043762495
0.0,FW_diminishing,diminishing,1172.0,0.026667118072509766,15.627148442634063,0.0074649818006182755,10.0,0.5209049480878021
0.0,FW_diminishing,diminishing,1173.0,0.026688098907470703,15.627141072432284,0.009950612427699568,10.0,0.5209047024144094
0.0,FW_diminishing,diminishing,1174.0,0.026711225509643555,15.627141142978386,0.0073364052481803554,10.0,0.5209047047659462
0.0,FW_diminishing,diminishing,1175.0,0.0267331600189209,15.627145544224183,0.003860999731926995,10.0,0.5209048514741395
0.0,FW_diminishing,diminishing,1176.0,0.026757240295410156,15.627139640565947,0.009082089965188445,10.0,0.5209046546855316
0.0,FW_diminishing,diminishing,1177.0,0.026779890060424805,15.627138477965659,0.009079865016456523,10.0,0.5209046159321886
0.0,FW_diminishing,diminishing,1178.0,0.026801109313964844,15.627138654809881,0.006334590646286387,10.0,0.520904621826996
0.0,FW_diminishing,diminishing,1179.0,0.026823997497558594,15.62714148373096,0.005994421960096474,10.0,0.5209047161243653
0.0,FW_diminishing,diminishing,1180.0,0.026845932006835938,15.627142117180394,0.005204945914018211,10.0,0.5209047372393465
0.0,FW_diminishing,diminishing,1181.0,0.02686905860900879,15.627145055856765,0.008026063439737996,10.0,0.5209048351952255
0.0,FW_diminishing,diminishing,1182.0,0.026910066604614258,15.627141359297239,0.008609370263251037,10.0,0.5209047119765746
0.0,FW_diminishing,diminishing,1183.0,0.026934146881103516,15.627142260014912,0.005031221467946878,10.0,0.5209047420004971
0.0,FW_diminishing,diminishing,1184.0,0.02695608139038086,15.62714395703986,0.00630760550422238,10.0,0.5209047985679953
0.0,FW_diminishing,diminishing,1185.0,0.026980161666870117,15.627146237313658,0.0050454331019693655,10.0,0.520904874577122
0.0,FW_diminishing,diminishing,1186.0,0.02700328826904297,15.62713961151756,0.012272003103188212,10.0,0.520904653717252
0.0,FW_diminishing,diminishing,1187.0,0.027024269104003906,15.627140527461693,0.005001599747888719,10.0,0.520904684248723
0.0,FW_diminishing,diminishing,1188.0,0.027046918869018555,15.62713867431626,0.0074893790059853416,10.0,0.5209046224772087
0.0,FW_diminishing,diminishing,1189.0,0.027069091796875,15.627139518164405,0.008974662445583093,10.0,0.5209046506054802
0.0,FW_diminishing,diminishing,1190.0,0.027090072631835938,15.627141304623155,0.006212241335600055,10.0,0.5209047101541052
0.0,FW_diminishing,diminishing,1191.0,0.027112960815429688,15.62714541300728,0.003073646886493364,10.0,0.5209048471002427
0.0,FW_diminishing,diminishing,1192.0,0.027135133743286133,15.62714026163985,0.009443993533091444,10.0,0.520904675387995
0.0,FW_diminishing,diminishing,1193.0,0.027158021926879883,15.627136006960853,0.010827211093159761,10.0,0.5209045335653618
0.0,FW_diminishing,diminishing,1194.0,0.027181148529052734,15.627138290508455,0.00498497501055617,10.0,0.5209046096836152
0.0,FW_diminishing,diminishing,1195.0,0.027202129364013672,15.627137360582067,0.00812256239341913,10.0,0.5209045786860689
0.0,FW_diminishing,diminishing,1196.0,0.027225255966186523,15.627136315644133,0.006132272308711606,10.0,0.5209045438548044
0.0,FW_diminishing,diminishing,1197.0,0.027247190475463867,15.627137582960117,0.005575876101119093,10.0,0.5209045860986705
0.0,FW_diminishing,diminishing,1198.0,0.02727031707763672,15.627133413323756,0.010752180622434437,10.0,0.5209044471107919
0.0,FW_diminishing,diminishing,1199.0,0.027292966842651367,15.627137927797742,0.0027760760031245724,10.0,0.520904597593258
0.0,FW_diminishing,diminishing,1200.0,0.027313947677612305,15.627135134626636,0.008002550187701019,10.0,0.5209045044875545
0.0,FW_diminishing,diminishing,1201.0,0.027337074279785156,15.627139978748364,0.0064647324965658726,10.0,0.5209046659582788
0.0,FW_diminishing,diminishing,1202.0,0.0273590087890625,15.62713540626415,0.009963308544740812,10.0,0.5209045135421383
0.0,FW_diminishing,diminishing,1203.0,0.02738213539123535,15.627140696087482,0.0031128803111659664,10.0,0.5209046898695827
0.0,FW_diminishing,diminishing,1204.0,0.027404069900512695,15.627140100201615,0.008565038959394755,10.0,0.5209046700067205
0.0,FW_diminishing,diminishing,1205.0,0.027425050735473633,15.627135096536138,0.008488908858096167,10.0,0.5209045032178713
0.0,FW_diminishing,diminishing,1206.0,0.027447223663330078,15.627136342475715,0.005535817667691845,10.0,0.5209045447491906
0.0,FW_diminishing,diminishing,1207.0,0.027469158172607422,15.627133606762293,0.009146340245981932,10.0,0.520904453558743
0.0,FW_diminishing,diminishing,1208.0,0.02749013900756836,15.627136151475204,0.00390852528883201,10.0,0.5209045383825068
0.0,FW_diminishing,diminishing,1209.0,0.027514219284057617,15.627139028357906,0.007796204329343581,10.0,0.5209046342785969
0.0,FW_diminishing,diminishing,1210.0,0.027535200119018555,15.627136575204192,0.007757882931310078,10.0,0.5209045525068065
0.0,FW_diminishing,diminishing,1211.0,0.0275571346282959,15.62713908312801,0.005628975933728242,10.0,0.5209046361042671
0.0,FW_diminishing,diminishing,1212.0,0.027579307556152344,15.627136446530612,0.007035683196637166,10.0,0.5209045482176871
0.0,FW_diminishing,diminishing,1213.0,0.02760028839111328,15.627142726212531,0.004323054212331812,10.0,0.5209047575404177
0.0,FW_diminishing,diminishing,1214.0,0.027624130249023438,15.627132582631502,0.012425610963035183,10.0,0.52090441942105
0.0,FW_diminishing,diminishing,1215.0,0.027645111083984375,15.627135372592166,0.003718738814987077,10.0,0.5209045124197389
0.0,FW_diminishing,diminishing,1216.0,0.027666091918945312,15.627134681733141,0.006659314074646261,10.0,0.5209044893911047
0.0,FW_diminishing,diminishing,1217.0,0.027688980102539062,15.62713668860375,0.00620312251729338,10.0,0.5209045562867917
0.0,FW_diminishing,diminishing,1218.0,0.027712106704711914,15.627137218735797,0.00892844386852687,10.0,0.5209045739578599
0.0,FW_diminishing,diminishing,1219.0,0.027735233306884766,15.627137791596866,0.005872228767071164,10.0,0.5209045930532289
0.0,FW_diminishing,diminishing,1220.0,0.02775716781616211,15.627138467679073,0.007683756079822857,10.0,0.5209046155893025
0.0,FW_diminishing,diminishing,1221.0,0.027778148651123047,15.627138031477278,0.005659759009548182,10.0,0.5209046010492426
0.0,FW_diminishing,diminishing,1222.0,0.0278012752532959,15.627134695828955,0.00825201452846791,10.0,0.5209044898609652
0.0,FW_diminishing,diminishing,1223.0,0.02782607078552246,15.627131075209215,0.009303622687653501,10.0,0.5209043691736405
0.0,FW_diminishing,diminishing,1224.0,0.0278470516204834,15.6271319642148,0.0048335287742435895,10.0,0.52090439880716
0.0,FW_diminishing,diminishing,1225.0,0.02786993980407715,15.627134230958227,0.004799147574647833,10.0,0.5209044743652742
0.0,FW_diminishing,diminishing,1226.0,0.027892112731933594,15.627129428300348,0.011011538766716455,10.0,0.5209043142766783
0.0,FW_diminishing,diminishing,1227.0,0.02791619300842285,15.627136941710395,0.002434770613046311,10.0,0.5209045647236799
0.0,FW_diminishing,diminishing,1228.0,0.027938127517700195,15.627137821610443,0.004819827830324641,10.0,0.5209045940536814
0.0,FW_diminishing,diminishing,1229.0,0.02796006202697754,15.627132540998426,0.009427408294607531,10.0,0.5209044180332809
0.0,FW_diminishing,diminishing,1230.0,0.02798318862915039,15.62713398568981,0.008270718351827355,10.0,0.5209044661896604
0.0,FW_diminishing,diminishing,1231.0,0.028005123138427734,15.627140079226926,0.0023991120955209055,10.0,0.5209046693075642
0.0,FW_diminishing,diminishing,1232.0,0.028028011322021484,15.627138693554596,0.008874991593501136,10.0,0.5209046231184865
0.0,FW_diminishing,diminishing,1233.0,0.028051137924194336,15.627135763526745,0.007152328733239344,10.0,0.5209045254508915
0.0,FW_diminishing,diminishing,1234.0,0.028072118759155273,15.627137979979162,0.0059539958807892646,10.0,0.5209045993326388
0.0,FW_diminishing,diminishing,1235.0,0.028095006942749023,15.627130161886804,0.010985238066572478,10.0,0.5209043387295601
0.0,FW_diminishing,diminishing,1236.0,0.02811717987060547,15.627139204457828,0.0037262187303337413,10.0,0.5209046401485943
0.0,FW_diminishing,diminishing,1237.0,0.02814006805419922,15.627137229301297,0.006548420836381297,10.0,0.5209045743100432
0.0,FW_diminishing,diminishing,1238.0,0.02816319465637207,15.62713592782324,0.006935254896211163,10.0,0.5209045309274413
0.0,FW_diminishing,diminishing,1239.0,0.028184175491333008,15.62713399341782,0.008193141523099357,10.0,0.5209044664472606
0.0,FW_diminishing,diminishing,1240.0,0.02820730209350586,15.627133313979924,0.005732575066687673,10.0,0.5209044437993308
0.0,FW_diminishing,diminishing,1241.0,0.028229236602783203,15.627138501805335,0.004731072129338543,10.0,0.5209046167268445
0.0,FW_diminishing,diminishing,1242.0,0.02825188636779785,15.627129849112011,0.011497941943099832,10.0,0.5209043283037337
0.0,FW_diminishing,diminishing,1243.0,0.028275012969970703,15.627135893859439,0.0035040391640830393,10.0,0.5209045297953147
0.0,FW_diminishing,diminishing,1244.0,0.02829599380493164,15.627136932088307,0.005449628966621489,10.0,0.5209045644029435
0.0,FW_diminishing,diminishing,1245.0,0.028319120407104492,15.62713151314146,0.008672774732357169,10.0,0.520904383771382
0.0,FW_diminishing,diminishing,1246.0,0.028342008590698242,15.627135999376552,0.006240541496881136,10.0,0.5209045333125517
0.0,FW_diminishing,diminishing,1247.0,0.028365135192871094,15.627137563403304,0.005104514868703447,10.0,0.5209045854467768
0.0,FW_diminishing,diminishing,1248.0,0.028388261795043945,15.627137397733835,0.008019554099652382,10.0,0.5209045799244612
0.0,FW_diminishing,diminishing,1249.0,0.028409242630004883,15.627138271813603,0.006387318686211785,10.0,0.5209046090604534
0.0,FW_diminishing,diminishing,1250.0,0.028432130813598633,15.627134587623756,0.007577469974636486,10.0,0.5209044862541252
0.0,FW_diminishing,diminishing,1251.0,0.028454303741455078,15.627128895866953,0.009634955406987444,10.0,0.5209042965288985
0.0,FW_diminishing,diminishing,1252.0,0.028476953506469727,15.627131563346532,0.0035838960865532954,10.0,0.5209043854448844
0.0,FW_diminishing,diminishing,1253.0,0.028500080108642578,15.62713474253094,0.0040555731063705025,10.0,0.520904491417698
0.0,FW_diminishing,diminishing,1254.0,0.028521060943603516,15.627129342742672,0.011274449821851107,10.0,0.5209043114247557
0.0,FW_diminishing,diminishing,1255.0,0.028544187545776367,15.627132284737666,0.0050497983101749355,10.0,0.5209044094912555
0.0,FW_diminishing,diminishing,1256.0,0.028567075729370117,15.627135929276989,0.005304595658261135,10.0,0.5209045309758996
0.0,FW_diminishing,diminishing,1257.0,0.028588056564331055,15.627138893378163,0.004165554175067143,10.0,0.5209046297792721
0.0,FW_diminishing,diminishing,1258.0,0.028611183166503906,15.627141823526436,0.006003990372095203,10.0,0.5209047274508812
0.0,FW_diminishing,diminishing,1259.0,0.02863311767578125,15.627141429573777,0.005478598412130609,10.0,0.5209047143191259
0.0,FW_diminishing,diminishing,1260.0,0.028656959533691406,15.62714068479358,0.006490750540834256,10.0,0.5209046894931194
0.0,FW_diminishing,diminishing,1261.0,0.028680086135864258,15.627138157801697,0.008767441224087236,10.0,0.5209046052600566
0.0,FW_diminishing,diminishing,1262.0,0.0287020206451416,15.627140704714797,0.007317566979221368,10.0,0.5209046901571599
0.0,FW_diminishing,diminishing,1263.0,0.028725147247314453,15.62714114568609,0.005726394009752056,10.0,0.520904704856203
0.0,FW_diminishing,diminishing,1264.0,0.028747081756591797,15.627138997719937,0.006570944130315226,10.0,0.5209046332573313
0.0,FW_diminishing,diminishing,1265.0,0.02876901626586914,15.627138957012436,0.006873042958687847,10.0,0.5209046319004146
0.0,FW_diminishing,diminishing,1266.0,0.028792142868041992,15.627141966306576,0.007200554663484127,10.0,0.5209047322102192
0.0,FW_diminishing,diminishing,1267.0,0.0288240909576416,15.627145135621348,0.003972682953826023,10.0,0.520904837854045
0.0,FW_diminishing,diminishing,1268.0,0.028850078582763672,15.62713829485752,0.009543427891998135,10.0,0.520904609828584
0.0,FW_diminishing,diminishing,1269.0,0.028872966766357422,15.62714230380881,0.005233144714225091,10.0,0.5209047434602937
0.0,FW_diminishing,diminishing,1270.0,0.028895139694213867,15.627141835036277,0.006271253786252373,10.0,0.5209047278345426
0.0,FW_diminishing,diminishing,1271.0,0.02891707420349121,15.62713891831346,0.008972123115908559,10.0,0.5209046306104487
0.0,FW_diminishing,diminishing,1272.0,0.028940200805664062,15.62713772569376,0.005937265109054124,10.0,0.5209045908564587
0.0,FW_diminishing,diminishing,1273.0,0.028962135314941406,15.627136391774982,0.006810286011162958,10.0,0.5209045463924994
0.0,FW_diminishing,diminishing,1274.0,0.02898406982421875,15.627140380312762,0.005205616833302784,10.0,0.5209046793437587
0.0,FW_diminishing,diminishing,1275.0,0.029006242752075195,15.627143974597542,0.0044949574227981515,10.0,0.5209047991532514
0.0,FW_diminishing,diminishing,1276.0,0.029029130935668945,15.627142794253176,0.005915559313441676,10.0,0.5209047598084392
0.0,FW_diminishing,diminishing,1277.0,0.02905130386352539,15.627134502907664,0.011250524328753286,10.0,0.5209044834302554
0.0,FW_diminishing,diminishing,1278.0,0.029072284698486328,15.627137264088532,0.007048054701437323,10.0,0.5209045754696178
0.0,FW_diminishing,diminishing,1279.0,0.029093265533447266,15.627139531483623,0.004476087332804468,10.0,0.520904651049454
0.0,FW_diminishing,diminishing,1280.0,0.029114246368408203,15.627136019347754,0.007398815300165396,10.0,0.5209045339782584
0.0,FW_diminishing,diminishing,1281.0,0.029136180877685547,15.627137492163428,0.005815408906476804,10.0,0.5209045830721143
0.0,FW_diminishing,diminishing,1282.0,0.029158353805541992,15.627140709673053,0.005637044550695691,10.0,0.5209046903224351
0.0,FW_diminishing,diminishing,1283.0,0.029180049896240234,15.62713605273808,0.00890887450688993,10.0,0.5209045350912693
0.0,FW_diminishing,diminishing,1284.0,0.029201269149780273,15.627132592822003,0.007356190367858062,10.0,0.5209044197607334
0.0,FW_diminishing,diminishing,1285.0,0.029222965240478516,15.627136383176364,0.003460051180674384,10.0,0.5209045461058788
0.0,FW_diminishing,diminishing,1286.0,0.02924513816833496,15.62714101745099,0.007602591287700022,10.0,0.5209047005816997
0.0,FW_diminishing,diminishing,1287.0,0.029267072677612305,15.627144473915886,0.004793130270240198,10.0,0.5209048157971962
0.0,FW_diminishing,diminishing,1288.0,0.02928900718688965,15.627148018539982,0.00359934026205444,10.0,0.5209049339513327
0.0,FW_diminishing,diminishing,1289.0,0.02935624122619629,15.627142487801144,0.00868372031257536,10.0,0.5209047495933715
0.0,FW_diminishing,diminishing,1290.0,0.029417037963867188,15.627142789727003,0.007462765435771956,10.0,0.5209047596575668
0.0,FW_diminishing,diminishing,1291.0,0.029446125030517578,15.627142816655622,0.005858054079583397,10.0,0.5209047605551874
0.0,FW_diminishing,diminishing,1292.0,0.029473066329956055,15.62714539976198,0.007048555345583907,10.0,0.5209048466587327
0.0,FW_diminishing,diminishing,1293.0,0.029497146606445312,15.627146342185167,0.006087764320279021,10.0,0.5209048780728389
0.0,FW_diminishing,diminishing,1294.0,0.029520273208618164,15.627142447151876,0.007616236695939804,10.0,0.5209047482383958
0.0,FW_diminishing,diminishing,1295.0,0.029542207717895508,15.627139677554561,0.007656200429648763,10.0,0.5209046559184853
0.0,FW_diminishing,diminishing,1296.0,0.02956390380859375,15.627143028754515,0.005444376909354176,10.0,0.5209047676251505
0.0,FW_diminishing,diminishing,1297.0,0.029587984085083008,15.627143905209913,0.004506454076723898,10.0,0.5209047968403304
0.0,FW_diminishing,diminishing,1298.0,0.029610157012939453,15.627137691100053,0.009889197771091318,10.0,0.5209045897033351
0.0,FW_diminishing,diminishing,1299.0,0.02963423728942871,15.62713948288325,0.005792049881407024,10.0,0.5209046494294417
0.0,FW_diminishing,diminishing,1300.0,0.02965712547302246,15.627142140656046,0.004101947064057754,10.0,0.5209047380218682
0.0,FW_diminishing,diminishing,1301.0,0.029679298400878906,15.627139810255478,0.006581572712821782,10.0,0.5209046603418492
0.0,FW_diminishing,diminishing,1302.0,0.029702186584472656,15.627141619062783,0.007678376131442732,10.0,0.5209047206354261
0.0,FW_diminishing,diminishing,1303.0,0.029736042022705078,15.6271439139539,0.005147806584334447,10.0,0.5209047971317966
0.0,FW_diminishing,diminishing,1304.0,0.02975916862487793,15.627146765119685,0.003184669880106128,10.0,0.5209048921706562
0.0,FW_diminishing,diminishing,1305.0,0.029783248901367188,15.627142351483268,0.008701184022511299,10.0,0.5209047450494423
0.0,FW_diminishing,diminishing,1306.0,0.029806137084960938,15.627140005835091,0.009100694627598216,10.0,0.5209046668611698
0.0,FW_diminishing,diminishing,1307.0,0.029830217361450195,15.627141792368338,0.004632492950818801,10.0,0.5209047264122779
0.0,FW_diminishing,diminishing,1308.0,0.029853105545043945,15.62714459900699,0.00677455841122665,10.0,0.5209048199668996
0.0,FW_diminishing,diminishing,1309.0,0.029875993728637695,15.62714590643147,0.006047896897609206,10.0,0.5209048635477157
0.0,FW_diminishing,diminishing,1310.0,0.029899120330810547,15.627145972741152,0.0049826413342835,10.0,0.5209048657580384
0.0,FW_diminishing,diminishing,1311.0,0.02992105484008789,15.627139308365704,0.010167688850943435,10.0,0.5209046436121901
0.0,FW_diminishing,diminishing,1312.0,0.029944181442260742,15.627143659910441,0.0046663802509598895,10.0,0.5209047886636814
0.0,FW_diminishing,diminishing,1313.0,0.029967308044433594,15.627143136210044,0.006121899675717302,10.0,0.5209047712070015
0.0,FW_diminishing,diminishing,1314.0,0.029990196228027344,15.627138353774349,0.008162543040066694,10.0,0.5209046117924783
0.0,FW_diminishing,diminishing,1315.0,0.030013084411621094,15.627135351017657,0.008567187230932305,10.0,0.5209045117005886
0.0,FW_diminishing,diminishing,1316.0,0.030035018920898438,15.62713967853184,0.002907719308288037,10.0,0.5209046559510614
0.0,FW_diminishing,diminishing,1317.0,0.03005814552307129,15.627136056689146,0.007391734112928816,10.0,0.5209045352229715
0.0,FW_diminishing,diminishing,1318.0,0.03008103370666504,15.627135631117131,0.007776734139470776,10.0,0.5209045210372377
0.0,FW_diminishing,diminishing,1319.0,0.03010416030883789,15.62713657686631,0.005125160637224013,10.0,0.5209045525622104
0.0,FW_diminishing,diminishing,1320.0,0.030127286911010742,15.627142635450936,0.0045266086520445725,10.0,0.5209047545150312
0.0,FW_diminishing,diminishing,1321.0,0.030149221420288086,15.627139748544645,0.008469520301481737,10.0,0.5209046582848215
0.0,FW_diminishing,diminishing,1322.0,0.030172109603881836,15.627137668812177,0.006359458323657918,10.0,0.5209045889604059
0.0,FW_diminishing,diminishing,1323.0,0.03019404411315918,15.627135919591014,0.006893995879831749,10.0,0.5209045306530338
0.0,FW_diminishing,diminishing,1324.0,0.030218124389648438,15.627138418185854,0.0058023926455952335,10.0,0.5209046139395285
0.0,FW_diminishing,diminishing,1325.0,0.030241012573242188,15.627140893349068,0.0033245680555147317,10.0,0.520904696444969
0.0,FW_diminishing,diminishing,1326.0,0.030262231826782227,15.627135831388344,0.00908662018808215,10.0,0.5209045277129448
0.0,FW_diminishing,diminishing,1327.0,0.030285120010375977,15.627133050041861,0.008663547572270502,10.0,0.5209044350013954
0.0,FW_diminishing,diminishing,1328.0,0.03030705451965332,15.627136496467296,0.0034164808820698056,10.0,0.5209045498822432
0.0,FW_diminishing,diminishing,1329.0,0.030329227447509766,15.62713897836973,0.005779199097990073,10.0,0.5209046326123243
0.0,FW_diminishing,diminishing,1330.0,0.030352115631103516,15.6271372820293,0.006082096876012244,10.0,0.5209045760676434
0.0,FW_diminishing,diminishing,1331.0,0.030373334884643555,15.627137402543914,0.0056184812754764835,10.0,0.5209045800847971
0.0,FW_diminishing,diminishing,1332.0,0.0303952693939209,15.627135683286495,0.0076512659996144095,10.0,0.5209045227762165
0.0,FW_diminishing,diminishing,1333.0,0.030417919158935547,15.627138624622695,0.006487854057711573,10.0,0.5209046208207565
0.0,FW_diminishing,diminishing,1334.0,0.0304410457611084,15.627139506474277,0.004345831272383194,10.0,0.5209046502158092
0.0,FW_diminishing,diminishing,1335.0,0.030465126037597656,15.627136983660801,0.007370873601111327,10.0,0.5209045661220267
0.0,FW_diminishing,diminishing,1336.0,0.030488252639770508,15.627139607703242,0.005008550232382447,10.0,0.5209046535901081
0.0,FW_diminishing,diminishing,1337.0,0.030509233474731445,15.627139793342042,0.008503134418869962,10.0,0.5209046597780681
0.0,FW_diminishing,diminishing,1338.0,0.030532121658325195,15.627141465126872,0.003799263709064249,10.0,0.5209047155042291
0.0,FW_diminishing,diminishing,1339.0,0.030555248260498047,15.627135951763307,0.009367101740465955,10.0,0.5209045317254436
0.0,FW_diminishing,diminishing,1340.0,0.030578136444091797,15.627139403925703,0.005052512962077316,10.0,0.5209046467975235
0.0,FW_diminishing,diminishing,1341.0,0.03060007095336914,15.627140354923926,0.0058196058053905375,10.0,0.5209046784974641
0.0,FW_diminishing,diminishing,1342.0,0.030621051788330078,15.627137660497722,0.007465560732992316,10.0,0.5209045886832574
0.0,FW_diminishing,diminishing,1343.0,0.03064417839050293,15.627130272751547,0.009878374006222046,10.0,0.5209043424250516
0.0,FW_diminishing,diminishing,1344.0,0.03066706657409668,15.62713530062664,0.0022550165682009293,10.0,0.520904510020888
0.0,FW_diminishing,diminishing,1345.0,0.030689239501953125,15.627135222110837,0.00739792465145328,10.0,0.5209045074036945
0.0,FW_diminishing,diminishing,1346.0,0.030712127685546875,15.6271322874384,0.006872700535289766,10.0,0.52090440958128
0.0,FW_diminishing,diminishing,1347.0,0.03073406219482422,15.627135027517129,0.004579465558553153,10.0,0.5209045009172376
0.0,FW_diminishing,diminishing,1348.0,0.030758142471313477,15.62713375886911,0.006484665535746004,10.0,0.5209044586289704
0.0,FW_diminishing,diminishing,1349.0,0.030781030654907227,15.627136840671808,0.006269028967805568,10.0,0.5209045613557269
0.0,FW_diminishing,diminishing,1350.0,0.030802011489868164,15.62713642544923,0.005158401982418681,10.0,0.5209045475149743
0.0,FW_diminishing,diminishing,1351.0,0.030826091766357422,15.627135614470255,0.0061639996603055636,10.0,0.5209045204823418
0.0,FW_diminishing,diminishing,1352.0,0.030849218368530273,15.627135304936274,0.006896450270819088,10.0,0.5209045101645425
0.0,FW_diminishing,diminishing,1353.0,0.030872106552124023,15.627138067290732,0.005427274825679618,10.0,0.5209046022430244
0.0,FW_diminishing,diminishing,1354.0,0.030895233154296875,15.627134648811065,0.007923270578254815,10.0,0.5209044882937022
0.0,FW_diminishing,diminishing,1355.0,0.03091716766357422,15.627130247779725,0.007849808808542136,10.0,0.5209043415926575
0.0,FW_diminishing,diminishing,1356.0,0.03094005584716797,15.62713441270019,0.002761714603346732,10.0,0.5209044804233397
0.0,FW_diminishing,diminishing,1357.0,0.030961990356445312,15.627136087892497,0.006140044304181913,10.0,0.5209045362630832
0.0,FW_diminishing,diminishing,1358.0,0.030985116958618164,15.627138125502688,0.004990684543621171,10.0,0.5209046041834229
0.0,FW_diminishing,diminishing,1359.0,0.031008005142211914,15.627133767738579,0.007814816471826802,10.0,0.5209044589246193
0.0,FW_diminishing,diminishing,1360.0,0.03103017807006836,15.627131752855272,0.00695156231066818,10.0,0.5209043917618424
0.0,FW_diminishing,diminishing,1361.0,0.03105306625366211,15.627136100234098,0.00550838462531722,10.0,0.5209045366744699
0.0,FW_diminishing,diminishing,1362.0,0.03107619285583496,15.6271319851271,0.007644949123644551,10.0,0.5209043995042367
0.0,FW_diminishing,diminishing,1363.0,0.031099319458007812,15.627135967091343,0.0036332296801049324,10.0,0.5209045322363781
0.0,FW_diminishing,diminishing,1364.0,0.03112196922302246,15.62713631957612,0.005319949570450788,10.0,0.5209045439858707
0.0,FW_diminishing,diminishing,1365.0,0.031144142150878906,15.627133271504976,0.006910108951261762,10.0,0.5209044423834992
0.0,FW_diminishing,diminishing,1366.0,0.031167030334472656,15.627137910770479,0.005072005371788535,10.0,0.5209045970256826
0.0,FW_diminishing,diminishing,1367.0,0.0311892032623291,15.62713869940596,0.005008231844405131,10.0,0.5209046233135319
0.0,FW_diminishing,diminishing,1368.0,0.03121209144592285,15.62713559837553,0.008735686992087821,10.0,0.520904519945851
0.0,FW_diminishing,diminishing,1369.0,0.031235218048095703,15.627135889548741,0.0070163094364072975,10.0,0.5209045296516247
0.0,FW_diminishing,diminishing,1370.0,0.03125715255737305,15.627134131308729,0.006744608280829567,10.0,0.5209044710436243
0.0,FW_diminishing,diminishing,1371.0,0.0312802791595459,15.627128602456475,0.008603686687399303,10.0,0.5209042867485492
0.0,FW_diminishing,diminishing,1372.0,0.03130221366882324,15.627134243760745,0.0016474088997497915,10.0,0.5209044747920248
0.0,FW_diminishing,diminishing,1373.0,0.03132510185241699,15.627133495505992,0.0077103535717633065,10.0,0.5209044498501998
0.0,FW_diminishing,diminishing,1374.0,0.03134799003601074,15.627132224180556,0.005668052689774328,10.0,0.5209044074726852
0.0,FW_diminishing,diminishing,1375.0,0.03137016296386719,15.62713129704386,0.0069387088200763,10.0,0.5209043765681287
0.0,FW_diminishing,diminishing,1376.0,0.03139305114746094,15.627130894319492,0.0057904393316157154,10.0,0.520904363143983
0.0,FW_diminishing,diminishing,1377.0,0.03141522407531738,15.62713066147655,0.0049424494603727,10.0,0.5209043553825516
0.0,FW_diminishing,diminishing,1378.0,0.03143811225891113,15.627135960745294,0.004709116668173863,10.0,0.5209045320248431
0.0,FW_diminishing,diminishing,1379.0,0.031461238861083984,15.627137656532737,0.005383026420068049,10.0,0.5209045885510912
0.0,FW_diminishing,diminishing,1380.0,0.03148317337036133,15.627134408285343,0.007744363189061687,10.0,0.5209044802761781
0.0,FW_diminishing,diminishing,1381.0,0.03150606155395508,15.627134914418708,0.004417318014295901,10.0,0.5209044971472903
0.0,FW_diminishing,diminishing,1382.0,0.03152894973754883,15.627139454153628,0.004002278071409293,10.0,0.5209046484717876
0.0,FW_diminishing,diminishing,1383.0,0.03155207633972168,15.62713317271784,0.00984083033950256,10.0,0.5209044390905947
0.0,FW_diminishing,diminishing,1384.0,0.03157520294189453,15.627139380726334,0.003834245803098213,10.0,0.5209046460242112
0.0,FW_diminishing,diminishing,1385.0,0.03159618377685547,15.627138041968138,0.007183722517265068,10.0,0.5209046013989379
0.0,FW_diminishing,diminishing,1386.0,0.03162026405334473,15.627137876129506,0.005588034137829823,10.0,0.5209045958709836
0.0,FW_diminishing,diminishing,1387.0,0.03164219856262207,15.627131231536243,0.009368510278223496,10.0,0.5209043743845414
0.0,FW_diminishing,diminishing,1388.0,0.03166508674621582,15.627138385992046,0.0021379141782063016,10.0,0.5209046128664016
0.0,FW_diminishing,diminishing,1389.0,0.03168797492980957,15.627135197399225,0.007681814795574837,10.0,0.5209045065799741
0.0,FW_diminishing,diminishing,1390.0,0.031710147857666016,15.627134936952377,0.006685319453797689,10.0,0.5209044978984125
0.0,FW_diminishing,diminishing,1391.0,0.03173208236694336,15.627133012822522,0.0060756225029638955,10.0,0.5209044337607508
0.0,FW_diminishing,diminishing,1392.0,0.03175520896911621,15.627129121664675,0.008165227493488914,10.0,0.5209043040554892
0.0,FW_diminishing,diminishing,1393.0,0.03177809715270996,15.627134838568631,0.0028598835743682827,10.0,0.5209044946189544
0.0,FW_diminishing,diminishing,1394.0,0.03180122375488281,15.627136797548772,0.004844252577520081,10.0,0.5209045599182924
0.0,FW_diminishing,diminishing,1395.0,0.03182220458984375,15.627141712142109,0.004640635406579108,10.0,0.5209047237380703
0.0,FW_diminishing,diminishing,1396.0,0.0318453311920166,15.627141098022555,0.005863452090224541,10.0,0.5209047032674186
0.0,FW_diminishing,diminishing,1397.0,0.03186798095703125,15.627140565580444,0.0074445349269876004,10.0,0.5209046855193481
0.0,FW_diminishing,diminishing,1398.0,0.0318911075592041,15.627138539903763,0.006129831807180963,10.0,0.5209046179967921
0.0,FW_diminishing,diminishing,1399.0,0.03191399574279785,15.627134960094782,0.007933161495859764,10.0,0.520904498669826
0.0,FW_diminishing,diminishing,1400.0,0.0319361686706543,15.627136996154373,0.0050280155961051065,10.0,0.5209045665384792
0.0,FW_diminishing,diminishing,1401.0,0.03195905685424805,15.627141040688867,0.0025728912537203996,10.0,0.5209047013562956
0.0,FW_diminishing,diminishing,1402.0,0.03198122978210449,15.627136273182524,0.00804795517767154,10.0,0.5209045424394174
0.0,FW_diminishing,diminishing,1403.0,0.03200411796569824,15.627134803980374,0.008074909275052278,10.0,0.5209044934660124
0.0,FW_diminishing,diminishing,1404.0,0.0320279598236084,15.627135870209644,0.004651989938132317,10.0,0.5209045290069881
0.0,FW_diminishing,diminishing,1405.0,0.032050132751464844,15.627137205429337,0.005224269599308329,10.0,0.5209045735143112
0.0,FW_diminishing,diminishing,1406.0,0.032073020935058594,15.627132497744338,0.008001960496976324,10.0,0.5209044165914779
0.0,FW_diminishing,diminishing,1407.0,0.032096147537231445,15.627137364396825,0.0047649512665906,10.0,0.5209045788132275
0.0,FW_diminishing,diminishing,1408.0,0.032119035720825195,15.627140626930602,0.003083911403871653,10.0,0.5209046875643534
0.0,FW_diminishing,diminishing,1409.0,0.03214216232299805,15.6271361314464,0.007849126011537422,10.0,0.52090453771488
0.0,FW_diminishing,diminishing,1410.0,0.032163143157958984,15.62713972758986,0.004463888217632217,10.0,0.5209046575863286
0.0,FW_diminishing,diminishing,1411.0,0.032186269760131836,15.627140677950019,0.005466331972572291,10.0,0.5209046892650007
0.0,FW_diminishing,diminishing,1412.0,0.032209157943725586,15.627138215595156,0.007115349549309258,10.0,0.5209046071865052
0.0,FW_diminishing,diminishing,1413.0,0.032232046127319336,15.627133770306804,0.007809327782760889,10.0,0.5209044590102268
0.0,FW_diminishing,diminishing,1414.0,0.03225517272949219,15.627139279830587,0.0040635946793603495,10.0,0.5209046426610195
0.0,FW_diminishing,diminishing,1415.0,0.03227710723876953,15.627137251526648,0.006799695910194359,10.0,0.5209045750508883
0.0,FW_diminishing,diminishing,1416.0,0.03230023384094238,15.62713661464945,0.006836548603308401,10.0,0.5209045538216484
0.0,FW_diminishing,diminishing,1417.0,0.03232216835021973,15.627138949462857,0.0029877946485470375,10.0,0.5209046316487619
0.0,FW_diminishing,diminishing,1418.0,0.03234529495239258,15.627136223176796,0.007287663887542095,10.0,0.5209045407725599
0.0,FW_diminishing,diminishing,1419.0,0.03236818313598633,15.627132562009765,0.009566854273909797,10.0,0.5209044187336588
0.0,FW_diminishing,diminishing,1420.0,0.03239035606384277,15.627135084860019,0.003545472534316474,10.0,0.5209045028286673
0.0,FW_diminishing,diminishing,1421.0,0.03241300582885742,15.627133250347892,0.005940697452562205,10.0,0.5209044416782631
0.0,FW_diminishing,diminishing,1422.0,0.032434940338134766,15.627131852922854,0.007087601732719051,10.0,0.5209043950974285
0.0,FW_diminishing,diminishing,1423.0,0.03245806694030762,15.627134848277771,0.004805175248467464,10.0,0.5209044949425924
0.0,FW_diminishing,diminishing,1424.0,0.03248119354248047,15.62713174602811,0.007541747969384005,10.0,0.5209043915342704
0.0,FW_diminishing,diminishing,1425.0,0.03250312805175781,15.627129943735046,0.0059083439808294,10.0,0.5209043314578349
0.0,FW_diminishing,diminishing,1426.0,0.032526254653930664,15.627133692200493,0.0026391153010241197,10.0,0.5209044564066831
0.0,FW_diminishing,diminishing,1427.0,0.03254818916320801,15.627135511651474,0.006595429675284592,10.0,0.5209045170550491
0.0,FW_diminishing,diminishing,1428.0,0.03257131576538086,15.627133570514578,0.007720573944038023,10.0,0.520904452350486
0.0,FW_diminishing,diminishing,1429.0,0.03259396553039551,15.62713820543893,0.001987171364870477,10.0,0.5209046068479644
0.0,FW_diminishing,diminishing,1430.0,0.03261613845825195,15.62713713348677,0.007676963898376243,10.0,0.5209045711162257
0.0,FW_diminishing,diminishing,1431.0,0.0326390266418457,15.627133030589508,0.007545056449856702,10.0,0.5209044343529836
0.0,FW_diminishing,diminishing,1432.0,0.03266119956970215,15.627133789046288,0.005504126432096967,10.0,0.5209044596348763
0.0,FW_diminishing,diminishing,1433.0,0.0326840877532959,15.627132863081641,0.005958590988717205,10.0,0.520904428769388
0.0,FW_diminishing,diminishing,1434.0,0.03270721435546875,15.627129740882445,0.006836467474748531,10.0,0.5209043246960815
0.0,FW_diminishing,diminishing,1435.0,0.032729148864746094,15.62713439598662,0.004689062998904703,10.0,0.5209044798662207
0.0,FW_diminishing,diminishing,1436.0,0.032752275466918945,15.62713828118884,0.0024848738453080443,10.0,0.5209046093729613
0.0,FW_diminishing,diminishing,1437.0,0.032774925231933594,15.627135348033784,0.0066953508504301595,10.0,0.5209045116011262
0.0,FW_diminishing,diminishing,1438.0,0.032798051834106445,15.627135179270944,0.006145136514550842,10.0,0.5209045059756982
0.0,FW_diminishing,diminishing,1439.0,0.0328211784362793,15.627135942330701,0.006314620894034562,10.0,0.5209045314110233
0.0,FW_diminishing,diminishing,1440.0,0.03284311294555664,15.627134316907714,0.006441107518629252,10.0,0.5209044772302571
0.0,FW_diminishing,diminishing,1441.0,0.03286623954772949,15.627131426361297,0.006657718882189911,10.0,0.5209043808787099
0.0,FW_diminishing,diminishing,1442.0,0.032888174057006836,15.627139708281634,0.001827263734291762,10.0,0.5209046569427211
0.0,FW_diminishing,diminishing,1443.0,0.03291130065917969,15.627138481186805,0.006144398204703805,10.0,0.5209046160395602
0.0,FW_diminishing,diminishing,1444.0,0.03293418884277344,15.627134077496347,0.00944884463415896,10.0,0.5209044692498782
0.0,FW_diminishing,diminishing,1445.0,0.032955169677734375,15.62714033746404,0.0023013099446078655,10.0,0.520904677915468
0.0,FW_diminishing,diminishing,1446.0,0.032978057861328125,15.627136828942348,0.007789369808614666,10.0,0.5209045609647449
0.0,FW_diminishing,diminishing,1447.0,0.033000946044921875,15.627131698626478,0.008272396240224467,10.0,0.520904389954216
0.0,FW_diminishing,diminishing,1448.0,0.03302407264709473,15.627133624306362,0.0045838185882871585,10.0,0.5209044541435454
0.0,FW_diminishing,diminishing,1449.0,0.03304719924926758,15.627134135179123,0.004863685592596312,10.0,0.5209044711726374
0.0,FW_diminishing,diminishing,1450.0,0.033068180084228516,15.62712996652283,0.007571553069750436,10.0,0.5209043322174277
0.0,FW_diminishing,diminishing,1451.0,0.033091068267822266,15.62713225730721,0.005141851921168339,10.0,0.520904408576907
0.0,FW_diminishing,diminishing,1452.0,0.03311324119567871,15.627130002166849,0.006865766755508318,10.0,0.5209043334055616
0.0,FW_diminishing,diminishing,1453.0,0.03313708305358887,15.627129639802554,0.004795547134369471,10.0,0.5209043213267518
0.0,FW_diminishing,diminishing,1454.0,0.03315997123718262,15.627133076031864,0.0034521673304315215,10.0,0.5209044358677288
0.0,FW_diminishing,diminishing,1455.0,0.033180952072143555,15.627134779124281,0.003970840906074358,10.0,0.5209044926374761
0.0,FW_diminishing,diminishing,1456.0,0.03321027755737305,15.6271342215852,0.008146958086888034,10.0,0.52090447405284
0.0,FW_diminishing,diminishing,1457.0,0.0332331657409668,15.627140363869081,0.004861672109020887,10.0,0.5209046787956361
0.0,FW_diminishing,diminishing,1458.0,0.03325605392456055,15.627142956711106,0.0033071412417520207,10.0,0.5209047652237035
0.0,FW_diminishing,diminishing,1459.0,0.0332791805267334,15.627137949674834,0.008175564752301412,10.0,0.5209045983224945
0.0,FW_diminishing,diminishing,1460.0,0.03330206871032715,15.627138558229207,0.005746495784809014,10.0,0.5209046186076403
0.0,FW_diminishing,diminishing,1461.0,0.0333251953125,15.627141896394747,0.004316577164948043,10.0,0.520904729879825
0.0,FW_diminishing,diminishing,1462.0,0.03334617614746094,15.627134577857131,0.01055277434528179,10.0,0.5209044859285711
0.0,FW_diminishing,diminishing,1463.0,0.03336930274963379,15.627133836892488,0.005044082104140202,10.0,0.5209044612297496
0.0,FW_diminishing,diminishing,1464.0,0.03339219093322754,15.627133045100365,0.0057623759615470505,10.0,0.5209044348366788
0.0,FW_diminishing,diminishing,1465.0,0.03341507911682129,15.62713545654503,0.004972123898189906,10.0,0.5209045152181677
0.0,FW_diminishing,diminishing,1466.0,0.03343796730041504,15.627138448795225,0.0037091045570800674,10.0,0.5209046149598409
0.0,FW_diminishing,diminishing,1467.0,0.03345894813537598,15.627137715810635,0.005027417884960528,10.0,0.5209045905270212
0.0,FW_diminishing,diminishing,1468.0,0.03348207473754883,15.62713165438799,0.009628291794340882,10.0,0.5209043884795996
0.0,FW_diminishing,diminishing,1469.0,0.03350520133972168,15.627137056734286,0.0036926274786086566,10.0,0.5209045685578095
0.0,FW_diminishing,diminishing,1470.0,0.03352808952331543,15.627138976589627,0.003745111328113282,10.0,0.5209046325529876
0.0,FW_diminishing,diminishing,1471.0,0.03355121612548828,15.627137833013947,0.006989042761366804,10.0,0.5209045944337982
0.0,FW_diminishing,diminishing,1472.0,0.03357219696044922,15.627135814839114,0.005962477715122816,10.0,0.5209045271613039
0.0,FW_diminishing,diminishing,1473.0,0.03359532356262207,15.627137066717825,0.00422502562584981,10.0,0.5209045688905942
0.0,FW_diminishing,diminishing,1474.0,0.03361797332763672,15.627132754059495,0.009889214520518053,10.0,0.5209044251353165
0.0,FW_diminishing,diminishing,1475.0,0.03364109992980957,15.627134424205215,0.0032288960542370404,10.0,0.5209044808068405
0.0,FW_diminishing,diminishing,1476.0,0.03366398811340332,15.627132995722706,0.006196154090122974,10.0,0.5209044331907569
0.0,FW_diminishing,diminishing,1477.0,0.033686161041259766,15.627133756701785,0.0053009067542379995,10.0,0.5209044585567262
0.0,FW_diminishing,diminishing,1478.0,0.033709049224853516,15.62713639569565,0.005849048841232829,10.0,0.5209045465231884
0.0,FW_diminishing,diminishing,1479.0,0.03373122215270996,15.627134590489373,0.005790456107726882,10.0,0.5209044863496458
0.0,FW_diminishing,diminishing,1480.0,0.03375411033630371,15.627135172237454,0.004693527617325444,10.0,0.5209045057412485
0.0,FW_diminishing,diminishing,1481.0,0.03377699851989746,15.627135485673772,0.006437751857834684,10.0,0.5209045161891257
0.0,FW_diminishing,diminishing,1482.0,0.033798933029174805,15.627138457006543,0.0038923390781491207,10.0,0.5209046152335515
0.0,FW_diminishing,diminishing,1483.0,0.033822059631347656,15.627136851451125,0.006308545007399857,10.0,0.5209045617150375
0.0,FW_diminishing,diminishing,1484.0,0.033843994140625,15.62713173058288,0.008246825831797366,10.0,0.5209043910194293
0.0,FW_diminishing,diminishing,1485.0,0.03386712074279785,15.627139193134111,0.0020329278407391627,10.0,0.520904639771137
0.0,FW_diminishing,diminishing,1486.0,0.0338902473449707,15.627137971197687,0.006014829681111777,10.0,0.5209045990399229
0.0,FW_diminishing,diminishing,1487.0,0.03391218185424805,15.627138358356008,0.005536341172208026,10.0,0.5209046119452003
0.0,FW_diminishing,diminishing,1488.0,0.0339353084564209,15.62713532503539,0.006687825056905794,10.0,0.520904510834513
0.0,FW_diminishing,diminishing,1489.0,0.03395724296569824,15.627137979538604,0.004653049624277372,10.0,0.5209045993179535
0.0,FW_diminishing,diminishing,1490.0,0.0339810848236084,15.627131653768437,0.009816142517506066,10.0,0.5209043884589479
0.0,FW_diminishing,diminishing,1491.0,0.03400397300720215,15.62713223652972,0.003980454604336714,10.0,0.520904407884324
0.0,FW_diminishing,diminishing,1492.0,0.034024953842163086,15.627132186036459,0.005121736329757098,10.0,0.5209044062012153
0.0,FW_diminishing,diminishing,1493.0,0.034049034118652344,15.627133004847659,0.005442223086635778,10.0,0.520904433494922
0.0,FW_diminishing,diminishing,1494.0,0.03407120704650879,15.627135661835776,0.004622351006169367,10.0,0.5209045220611925
0.0,FW_diminishing,diminishing,1495.0,0.03409409523010254,15.627133462511814,0.006722157030653264,10.0,0.5209044487503938
0.0,FW_diminishing,diminishing,1496.0,0.03411722183227539,15.62713075435682,0.006432427303739274,10.0,0.5209043584785606
0.0,FW_diminishing,diminishing,1497.0,0.03413820266723633,15.627134470370041,0.0029971940315132173,10.0,0.520904482345668
0.0,FW_diminishing,diminishing,1498.0,0.03416109085083008,15.627136010967108,0.003906610844813585,10.0,0.5209045336989037
0.0,FW_diminishing,diminishing,1499.0,0.03418397903442383,15.627135143389282,0.008169911350595527,10.0,0.5209045047796427
0.0,FW_diminishing,diminishing,1500.0,0.03420710563659668,15.627134476509623,0.00489106276733331,10.0,0.5209044825503207
0.0,FW_diminishing,diminishing,1501.0,0.03423023223876953,15.627136375380568,0.0036245779215295926,10.0,0.520904545846019
0.0,FW_diminishing,diminishing,1502.0,0.03425312042236328,15.627131686670346,0.010107819836127518,10.0,0.5209043895556782
0.0,FW_diminishing,diminishing,1503.0,0.03427624702453613,15.62713542937736,0.0029428328942646687,10.0,0.5209045143125787
0.0,FW_diminishing,diminishing,1504.0,0.03429818153381348,15.62713526312524,0.006472710847980068,10.0,0.5209045087708414
0.0,FW_diminishing,diminishing,1505.0,0.03432011604309082,15.62713702456189,0.0037110423203170484,10.0,0.5209045674853964
0.0,FW_diminishing,diminishing,1506.0,0.03434300422668457,15.627135119838407,0.0058101463129833775,10.0,0.5209045039946135
0.0,FW_diminishing,diminishing,1507.0,0.034364938735961914,15.62713541989485,0.006328701207813481,10.0,0.5209045139964951
0.0,FW_diminishing,diminishing,1508.0,0.034388065338134766,15.627134605125583,0.005645988430321935,10.0,0.5209044868375194
0.0,FW_diminishing,diminishing,1509.0,0.03441119194030762,15.627135797246751,0.005089057352785531,10.0,0.5209045265748917
0.0,FW_diminishing,diminishing,1510.0,0.03443312644958496,15.627140324819512,0.004211771219452487,10.0,0.5209046774939837
0.0,FW_diminishing,diminishing,1511.0,0.03445625305175781,15.627138214486067,0.005956186069504099,10.0,0.5209046071495356
0.0,FW_diminishing,diminishing,1512.0,0.034478187561035156,15.627135039235096,0.007423555587973141,10.0,0.5209045013078365
0.0,FW_diminishing,diminishing,1513.0,0.03450131416320801,15.627137354062276,0.003969074023981278,10.0,0.5209045784687425
0.0,FW_diminishing,diminishing,1514.0,0.034523963928222656,15.627136112805205,0.005291090753848593,10.0,0.5209045370935068
0.0,FW_diminishing,diminishing,1515.0,0.0345458984375,15.627136599362817,0.004637238691595158,10.0,0.520904553312094
0.0,FW_diminishing,diminishing,1516.0,0.03456902503967285,15.62713353673171,0.00884407873133597,10.0,0.5209044512243903
0.0,FW_diminishing,diminishing,1517.0,0.034590959548950195,15.627139617966195,0.0028039377506576812,10.0,0.5209046539322065
0.0,FW_diminishing,diminishing,1518.0,0.03461408615112305,15.627138999048586,0.005467877516000641,10.0,0.5209046333016195
0.0,FW_diminishing,diminishing,1519.0,0.0346372127532959,15.627135259990634,0.007181955129508921,10.0,0.5209045086663545
0.0,FW_diminishing,diminishing,1520.0,0.03465914726257324,15.627134177645852,0.0065232568092667975,10.0,0.520904472588195
0.0,FW_diminishing,diminishing,1521.0,0.034682273864746094,15.627137188605953,0.0026911707404586593,10.0,0.5209045729535318
0.0,FW_diminishing,diminishing,1522.0,0.03470420837402344,15.627136361180305,0.007122112002647896,10.0,0.5209045453726768
0.0,FW_diminishing,diminishing,1523.0,0.03472709655761719,15.627132669135477,0.007142157588029718,10.0,0.520904422304516
0.0,FW_diminishing,diminishing,1524.0,0.03474998474121094,15.627133155458536,0.004605665311581575,10.0,0.5209044385152846
0.0,FW_diminishing,diminishing,1525.0,0.034770965576171875,15.62713207870063,0.006751227997330744,10.0,0.5209044026233544
0.0,FW_diminishing,diminishing,1526.0,0.03479409217834473,15.627133116888112,0.003520568108294597,10.0,0.5209044372296038
0.0,FW_diminishing,diminishing,1527.0,0.03481721878051758,15.627132985333409,0.005068143052818996,10.0,0.520904432844447
0.0,FW_diminishing,diminishing,1528.0,0.03484010696411133,15.627131366287864,0.007705494280594749,10.0,0.5209043788762622
0.0,FW_diminishing,diminishing,1529.0,0.03486323356628418,15.627135742998643,0.001606187880973664,10.0,0.5209045247666214
0.0,FW_diminishing,diminishing,1530.0,0.03488421440124512,15.627133179304739,0.006269854199606684,10.0,0.520904439310158
0.0,FW_diminishing,diminishing,1531.0,0.03490734100341797,15.627132932693563,0.0058468428714189,10.0,0.5209044310897855
0.0,FW_diminishing,diminishing,1532.0,0.03492999076843262,15.627132198457364,0.00791988418626488,10.0,0.5209044066152455
0.0,FW_diminishing,diminishing,1533.0,0.03495311737060547,15.627134543416421,0.0031458928332241953,10.0,0.5209044847805474
0.0,FW_diminishing,diminishing,1534.0,0.03497600555419922,15.627135122611763,0.005994611248732795,10.0,0.5209045040870588
0.0,FW_diminishing,diminishing,1535.0,0.034996986389160156,15.62713369969106,0.005384419861337975,10.0,0.5209044566563686
0.0,FW_diminishing,diminishing,1536.0,0.03502011299133301,15.627133555214021,0.005049578425060375,10.0,0.5209044518404674
0.0,FW_diminishing,diminishing,1537.0,0.03504323959350586,15.627131363602972,0.007570401092914736,10.0,0.5209043787867658
0.0,FW_diminishing,diminishing,1538.0,0.03506612777709961,15.627135775891476,0.004098201137843205,10.0,0.5209045258630493
0.0,FW_diminishing,diminishing,1539.0,0.03508925437927246,15.627134968106992,0.0049015377063259535,10.0,0.5209044989368997
0.0,FW_diminishing,diminishing,1540.0,0.0351102352142334,15.627132546804063,0.006794751442647851,10.0,0.5209044182268021
0.0,FW_diminishing,diminishing,1541.0,0.03513312339782715,15.6271319943121,0.006047656433121773,10.0,0.5209043998104034
0.0,FW_diminishing,diminishing,1542.0,0.0351560115814209,15.627132019290517,0.004250703881451656,10.0,0.5209044006430172
0.0,FW_diminishing,diminishing,1543.0,0.03517913818359375,15.627133126637275,0.0040593956280474686,10.0,0.5209044375545758
0.0,FW_diminishing,diminishing,1544.0,0.0352020263671875,15.62712965772419,0.009083248351416273,10.0,0.5209043219241397
0.0,FW_diminishing,diminishing,1545.0,0.03522324562072754,15.627133027082795,0.0016521513661693632,10.0,0.5209044342360932
0.0,FW_diminishing,diminishing,1546.0,0.03524613380432129,15.627131685380373,0.005946210267538277,10.0,0.5209043895126791
0.0,FW_diminishing,diminishing,1547.0,0.03526926040649414,15.627132447296562,0.005252876916051363,10.0,0.5209044149098854
0.0,FW_diminishing,diminishing,1548.0,0.03529191017150879,15.627133752925067,0.006266790145735612,10.0,0.5209044584308355
0.0,FW_diminishing,diminishing,1549.0,0.035314083099365234,15.62713320104118,0.0053254243979310445,10.0,0.520904440034706
0.0,FW_diminishing,diminishing,1550.0,0.03533434867858887,15.627134548024195,0.005326929860935081,10.0,0.5209044849341399
0.0,FW_diminishing,diminishing,1551.0,0.03535604476928711,15.627135816417352,0.004598435573404558,10.0,0.5209045272139118
0.0,FW_diminishing,diminishing,1552.0,0.03537893295288086,15.627133867803789,0.005758518205032814,10.0,0.5209044622601263
0.0,FW_diminishing,diminishing,1553.0,0.0354001522064209,15.627128613861048,0.008974474177760428,10.0,0.5209042871287016
0.0,FW_diminishing,diminishing,1554.0,0.03542208671569824,15.627130786443596,0.0025445989152412807,10.0,0.5209043595481199
0.0,FW_diminishing,diminishing,1555.0,0.035444021224975586,15.627131301032605,0.0044768721339778494,10.0,0.5209043767010868
0.0,FW_diminishing,diminishing,1556.0,0.03546619415283203,15.627129228846846,0.007965270775041944,10.0,0.5209043076282281
0.0,FW_diminishing,diminishing,1557.0,0.03548908233642578,15.6271318323012,0.0035310995879402896,10.0,0.52090439441004
0.0,FW_diminishing,diminishing,1558.0,0.03551220893859863,15.627134403921223,0.00286016224654162,10.0,0.5209044801307074
0.0,FW_diminishing,diminishing,1559.0,0.03553318977355957,15.627129822719967,0.00780366176835301,10.0,0.520904327423999
0.0,FW_diminishing,diminishing,1560.0,0.03555607795715332,15.627131403305848,0.0061582927250221076,10.0,0.5209043801101949
0.0,FW_diminishing,diminishing,1561.0,0.03557920455932617,15.627133720242389,0.0024050339358456796,10.0,0.520904457341413
0.0,FW_diminishing,diminishing,1562.0,0.03560018539428711,15.627133625861713,0.004930030948527175,10.0,0.5209044541953904
0.0,FW_diminishing,diminishing,1563.0,0.03562307357788086,15.627132215206428,0.006889170848827675,10.0,0.5209044071735476
0.0,FW_diminishing,diminishing,1564.0,0.0356450080871582,15.627133702671733,0.006039309858989483,10.0,0.5209044567557244
0.0,FW_diminishing,diminishing,1565.0,0.035668134689331055,15.627134376865165,0.004317916296056268,10.0,0.5209044792288389
0.0,FW_diminishing,diminishing,1566.0,0.035691022872924805,15.62713386867785,0.0067073444309926344,10.0,0.5209044622892617
0.0,FW_diminishing,diminishing,1567.0,0.03571319580078125,15.627134227331432,0.0039201629967493545,10.0,0.520904474244381
0.0,FW_diminishing,diminishing,1568.0,0.035736083984375,15.627133235906854,0.006303326818713373,10.0,0.5209044411968952
0.0,FW_diminishing,diminishing,1569.0,0.035758256912231445,15.627129298244734,0.007931442314916382,10.0,0.5209043099414912
0.0,FW_diminishing,diminishing,1570.0,0.035781145095825195,15.627130453689828,0.0032845258223836993,10.0,0.5209043484563276
0.0,FW_diminishing,diminishing,1571.0,0.035804033279418945,15.627132162354124,0.0034827396369259134,10.0,0.5209044054118042
0.0,FW_diminishing,diminishing,1572.0,0.03582501411437988,15.627128325354539,0.009307902187819295,10.0,0.520904277511818
0.0,FW_diminishing,diminishing,1573.0,0.035848140716552734,15.627131627743434,0.003143219530427288,10.0,0.5209043875914479
0.0,FW_diminishing,diminishing,1574.0,0.03587007522583008,15.627131393945156,0.005003577957115368,10.0,0.5209043797981718
0.0,FW_diminishing,diminishing,1575.0,0.035894155502319336,15.627129573836969,0.005617523797685209,10.0,0.5209043191278989
0.0,FW_diminishing,diminishing,1576.0,0.03591609001159668,15.627133359227617,0.004160160397896462,10.0,0.5209044453075873
0.0,FW_diminishing,diminishing,1577.0,0.035938262939453125,15.627133456259203,0.004733237415978309,10.0,0.5209044485419735
0.0,FW_diminishing,diminishing,1578.0,0.035961151123046875,15.627134265968985,0.005619963694504904,10.0,0.5209044755322995
0.0,FW_diminishing,diminishing,1579.0,0.03598308563232422,15.62713282372962,0.006627117030443941,10.0,0.520904427457654
0.0,FW_diminishing,diminishing,1580.0,0.03600621223449707,15.627132066997842,0.004766647209947905,10.0,0.5209044022332614
0.0,FW_diminishing,diminishing,1581.0,0.03602910041809082,15.627127625439458,0.008317713918101433,10.0,0.5209042541813153
0.0,FW_diminishing,diminishing,1582.0,0.03605008125305176,15.627135675528178,0.002226225826431616,10.0,0.520904522517606
0.0,FW_diminishing,diminishing,1583.0,0.03607296943664551,15.627137231453514,0.0035570783754366175,10.0,0.5209045743817838
0.0,FW_diminishing,diminishing,1584.0,0.03609609603881836,15.62713467720773,0.006184859975633117,10.0,0.5209044892402577
0.0,FW_diminishing,diminishing,1585.0,0.03612494468688965,15.627136436067309,0.0040674004607375025,10.0,0.5209045478689103
0.0,FW_diminishing,diminishing,1586.0,0.036147117614746094,15.62713890505635,0.004266013461675655,10.0,0.520904630168545
0.0,FW_diminishing,diminishing,1587.0,0.03616905212402344,15.627135932512553,0.007144287966539764,10.0,0.5209045310837518
0.0,FW_diminishing,diminishing,1588.0,0.03619217872619629,15.627133407004182,0.006156624586314052,10.0,0.5209044469001394
0.0,FW_diminishing,diminishing,1589.0,0.03621411323547363,15.627135957187319,0.0027423925808545135,10.0,0.520904531906244
0.0,FW_diminishing,diminishing,1590.0,0.036237239837646484,15.627137841251647,0.005586052677125863,10.0,0.5209045947083882
0.0,FW_diminishing,diminishing,1591.0,0.036260128021240234,15.627136493026226,0.006757335612324056,10.0,0.5209045497675409
0.0,FW_diminishing,diminishing,1592.0,0.03629112243652344,15.627139762736514,0.002155384357010348,10.0,0.5209046587578838
0.0,FW_diminishing,diminishing,1593.0,0.03631424903869629,15.627136141192448,0.007025105238138707,10.0,0.5209045380397482
0.0,FW_diminishing,diminishing,1594.0,0.03633618354797363,15.62713459773918,0.007430822787625857,10.0,0.5209044865913061
0.0,FW_diminishing,diminishing,1595.0,0.03635907173156738,15.627135560263163,0.003986118857801202,10.0,0.5209045186754387
0.0,FW_diminishing,diminishing,1596.0,0.03638195991516113,15.627135094800545,0.004497904338514047,10.0,0.5209045031600181
0.0,FW_diminishing,diminishing,1597.0,0.03640294075012207,15.627133249794221,0.006900682848387518,10.0,0.5209044416598074
0.0,FW_diminishing,diminishing,1598.0,0.03642606735229492,15.627136704500192,0.00445125009011349,10.0,0.520904556816673
0.0,FW_diminishing,diminishing,1599.0,0.036448001861572266,15.62713937363272,0.002604445715489234,10.0,0.5209046457877574
0.0,FW_diminishing,diminishing,1600.0,0.03647112846374512,15.627135947679351,0.006862833948495961,10.0,0.5209045315893117
0.0,FW_diminishing,diminishing,1601.0,0.03649425506591797,15.627137356267278,0.004516241843436575,10.0,0.5209045785422426
0.0,FW_diminishing,diminishing,1602.0,0.03651618957519531,15.627140521928773,0.003624620712020743,10.0,0.5209046840642925
0.0,FW_diminishing,diminishing,1603.0,0.036539316177368164,15.62713493546279,0.009220649197029473,10.0,0.5209044978487597
0.0,FW_diminishing,diminishing,1604.0,0.0365602970123291,15.627135043771059,0.004017878233820937,10.0,0.5209045014590353
0.0,FW_diminishing,diminishing,1605.0,0.036582231521606445,15.627134880576508,0.0048573173844825845,10.0,0.520904496019217
0.0,FW_diminishing,diminishing,1606.0,0.036605119705200195,15.627137267588637,0.004229747164966824,10.0,0.5209045755862879
0.0,FW_diminishing,diminishing,1607.0,0.036628007888793945,15.627137729211812,0.005018161431129542,10.0,0.5209045909737271
0.0,FW_diminishing,diminishing,1608.0,0.03665423393249512,15.627137839966103,0.004005475306934514,10.0,0.5209045946655367
0.0,FW_diminishing,diminishing,1609.0,0.03667712211608887,15.627133286277223,0.008386830451783567,10.0,0.5209044428759074
0.0,FW_diminishing,diminishing,1610.0,0.03669929504394531,15.62713313600206,0.007120884484431045,10.0,0.5209044378667353
0.0,FW_diminishing,diminishing,1611.0,0.03672194480895996,15.62713523614502,0.003012559892804134,10.0,0.5209045078715007
0.0,FW_diminishing,diminishing,1612.0,0.03674507141113281,15.627135172943088,0.005659171906616578,10.0,0.5209045057647697
0.0,FW_diminishing,diminishing,1613.0,0.03676605224609375,15.627134210309414,0.004860344148543305,10.0,0.5209044736769805
0.0,FW_diminishing,diminishing,1614.0,0.0367891788482666,15.62713574655801,0.0034568478707122097,10.0,0.520904524885267
0.0,FW_diminishing,diminishing,1615.0,0.036811113357543945,15.627132534135008,0.008717474562903504,10.0,0.5209044178045003
0.0,FW_diminishing,diminishing,1616.0,0.0368342399597168,15.627134635310533,0.0023725240495799937,10.0,0.5209044878436845
0.0,FW_diminishing,diminishing,1617.0,0.03685712814331055,15.627133931148538,0.005261679281126419,10.0,0.520904464371618
0.0,FW_diminishing,diminishing,1618.0,0.036878108978271484,15.627132580857529,0.006448447274419067,10.0,0.5209044193619177
0.0,FW_diminishing,diminishing,1619.0,0.036901235580444336,15.627134255890228,0.00560141125095015,10.0,0.520904475196341
0.0,FW_diminishing,diminishing,1620.0,0.03692317008972168,15.627139335227529,0.0017684277489191658,10.0,0.5209046445075843
0.0,FW_diminishing,diminishing,1621.0,0.03694605827331543,15.627141835138929,0.0033122643185681255,10.0,0.5209047278379643
0.0,FW_diminishing,diminishing,1622.0,0.03696894645690918,15.627141446453255,0.004992487762262243,10.0,0.5209047148817751
0.0,FW_diminishing,diminishing,1623.0,0.03699016571044922,15.627137738396412,0.009103364311261686,10.0,0.5209045912798804
0.0,FW_diminishing,diminishing,1624.0,0.03701305389404297,15.627136708292628,0.004892906842018263,10.0,0.5209045569430876
0.0,FW_diminishing,diminishing,1625.0,0.03703498840332031,15.62713412531802,0.006771694623854074,10.0,0.520904470843934
0.0,FW_diminishing,diminishing,1626.0,0.037058115005493164,15.627137166510188,0.003597058791161345,10.0,0.5209045722170063
0.0,FW_diminishing,diminishing,1627.0,0.037081241607666016,15.627138569708551,0.003517810078992767,10.0,0.5209046189902851
0.0,FW_diminishing,diminishing,1628.0,0.03710222244262695,15.627134378636091,0.007464358673569649,10.0,0.5209044792878698
0.0,FW_diminishing,diminishing,1629.0,0.0371251106262207,15.627134353581226,0.005337667228488385,10.0,0.5209044784527076
0.0,FW_diminishing,diminishing,1630.0,0.03714728355407715,15.627139683119362,0.002722520975595444,10.0,0.5209046561039787
0.0,FW_diminishing,diminishing,1631.0,0.0371699333190918,15.627138820164458,0.0047424645392109,10.0,0.5209046273388153
0.0,FW_diminishing,diminishing,1632.0,0.03719305992126465,15.62713571456338,0.0071882200749993075,10.0,0.5209045238187794
0.0,FW_diminishing,diminishing,1633.0,0.037214040756225586,15.627135450277665,0.005752303338665499,10.0,0.5209045150092555
0.0,FW_diminishing,diminishing,1634.0,0.037238121032714844,15.627137957642447,0.002588614983768167,10.0,0.5209045985880816
0.0,FW_diminishing,diminishing,1635.0,0.03725910186767578,15.627135076236216,0.006388439437204241,10.0,0.5209045025412072
0.0,FW_diminishing,diminishing,1636.0,0.03728222846984863,15.627134474502213,0.006531918478030363,10.0,0.5209044824834071
0.0,FW_diminishing,diminishing,1637.0,0.03730511665344238,15.627134792972628,0.0043723383317626485,10.0,0.5209044930990876
0.0,FW_diminishing,diminishing,1638.0,0.03732609748840332,15.627137486199702,0.004668816196170766,10.0,0.5209045828733234
0.0,FW_diminishing,diminishing,1639.0,0.03734922409057617,15.627137163487337,0.005549872917747223,10.0,0.5209045721162445
0.0,FW_diminishing,diminishing,1640.0,0.037371158599853516,15.627135286813987,0.005557474442836607,10.0,0.5209045095604662
0.0,FW_diminishing,diminishing,1641.0,0.037394046783447266,15.627133857511078,0.005797951413242686,10.0,0.5209044619170359
0.0,FW_diminishing,diminishing,1642.0,0.03741717338562012,15.627135165202112,0.004940200873855716,10.0,0.5209045055067371
0.0,FW_diminishing,diminishing,1643.0,0.037438154220581055,15.627136256216561,0.0031090665488537894,10.0,0.5209045418738854
0.0,FW_diminishing,diminishing,1644.0,0.037461042404174805,15.62713267406413,0.007565609865874734,10.0,0.5209044224688043
0.0,FW_diminishing,diminishing,1645.0,0.03748321533203125,15.62713143570681,0.006516631886974267,10.0,0.520904381190227
0.0,FW_diminishing,diminishing,1646.0,0.037506103515625,15.627133390509243,0.0029955971701909334,10.0,0.5209044463503081
0.0,FW_diminishing,diminishing,1647.0,0.03752923011779785,15.627134696887671,0.004919750955865609,10.0,0.5209044898962557
0.0,FW_diminishing,diminishing,1648.0,0.03755021095275879,15.6271330781942,0.005332402877689546,10.0,0.5209044359398066
0.0,FW_diminishing,diminishing,1649.0,0.03757309913635254,15.627132873162797,0.004769384435455493,10.0,0.5209044291054266
0.0,FW_diminishing,diminishing,1650.0,0.037595272064208984,15.62713327265302,0.0049191592477200174,10.0,0.5209044424217674
0.0,FW_diminishing,diminishing,1651.0,0.03761792182922363,15.62713398603964,0.006235459550717692,10.0,0.5209044662013214
0.0,FW_diminishing,diminishing,1652.0,0.037641048431396484,15.627134051827069,0.003931214905550817,10.0,0.5209044683942357
0.0,FW_diminishing,diminishing,1653.0,0.03766202926635742,15.627132125982298,0.006184358178636273,10.0,0.52090440419941
0.0,FW_diminishing,diminishing,1654.0,0.037687063217163086,15.627134589841075,0.00393024232414696,10.0,0.5209044863280359
0.0,FW_diminishing,diminishing,1655.0,0.03770923614501953,15.627137058243884,0.0031861333288336624,10.0,0.5209045686081295
0.0,FW_diminishing,diminishing,1656.0,0.03773212432861328,15.627136961607196,0.004660685363717221,10.0,0.5209045653869065
0.0,FW_diminishing,diminishing,1657.0,0.03775525093078613,15.627131071150576,0.008865687896742358,10.0,0.5209043690383525
0.0,FW_diminishing,diminishing,1658.0,0.03777623176574707,15.627136235590319,0.002665597444336143,10.0,0.520904541186344
0.0,FW_diminishing,diminishing,1659.0,0.03779911994934082,15.627136454164187,0.003787122583000624,10.0,0.5209045484721396
0.0,FW_diminishing,diminishing,1660.0,0.037821054458618164,15.62713402027632,0.006594437867221359,10.0,0.5209044673425439
0.0,FW_diminishing,diminishing,1661.0,0.03784298896789551,15.627130922092594,0.008021907036429354,10.0,0.5209043640697532
0.0,FW_diminishing,diminishing,1662.0,0.03786611557006836,15.627133917030914,0.0020691609371095154,10.0,0.5209044639010305
0.0,FW_diminishing,diminishing,1663.0,0.0378870964050293,15.627133553385793,0.006243556572858466,10.0,0.5209044517795264
0.0,FW_diminishing,diminishing,1664.0,0.03791022300720215,15.62713112702949,0.005980528630345816,10.0,0.520904370900983
0.0,FW_diminishing,diminishing,1665.0,0.03793215751647949,15.627132001079646,0.0038263286806063945,10.0,0.5209044000359883
0.0,FW_diminishing,diminishing,1666.0,0.037955284118652344,15.627131984285672,0.005440356237935262,10.0,0.520904399476189
0.0,FW_diminishing,diminishing,1667.0,0.03797721862792969,15.627134420414924,0.004724886019907615,10.0,0.5209044806804974
0.0,FW_diminishing,diminishing,1668.0,0.037998199462890625,15.627135958100487,0.003262019910492242,10.0,0.5209045319366828
0.0,FW_diminishing,diminishing,1669.0,0.03802132606506348,15.627132536582598,0.006807191251867906,10.0,0.5209044178860867
0.0,FW_diminishing,diminishing,1670.0,0.03804326057434082,15.627132925041803,0.004861529011241927,10.0,0.5209044308347267
0.0,FW_diminishing,diminishing,1671.0,0.03806591033935547,15.627134434394728,0.004647933980088226,10.0,0.5209044811464909
0.0,FW_diminishing,diminishing,1672.0,0.03808903694152832,15.62713189845965,0.006661764248050872,10.0,0.5209043966153216
0.0,FW_diminishing,diminishing,1673.0,0.03811001777648926,15.627128516822212,0.0067711669597283475,10.0,0.5209042838940737
0.0,FW_diminishing,diminishing,1674.0,0.03813314437866211,15.627130958466019,0.0024826924908705195,10.0,0.5209043652822006
0.0,FW_diminishing,diminishing,1675.0,0.03815507888793945,15.627131761864105,0.005223449302382832,10.0,0.5209043920621368
0.0,FW_diminishing,diminishing,1676.0,0.038178205490112305,15.627131236316059,0.004370076338094719,10.0,0.5209043745438686
0.0,FW_diminishing,diminishing,1677.0,0.038201093673706055,15.627131224680996,0.0051748008771266285,10.0,0.5209043741560332
0.0,FW_diminishing,diminishing,1678.0,0.03822207450866699,15.627129612623287,0.005876172276622071,10.0,0.5209043204207763
0.0,FW_diminishing,diminishing,1679.0,0.03824424743652344,15.627132501226974,0.004281197875794618,10.0,0.5209044167075658
0.0,FW_diminishing,diminishing,1680.0,0.03826618194580078,15.62713359175803,0.003001032175975027,10.0,0.520904453058601
0.0,FW_diminishing,diminishing,1681.0,0.03828930854797363,15.627132275878735,0.005620989485036532,10.0,0.5209044091959578
0.0,FW_diminishing,diminishing,1682.0,0.03831195831298828,15.627131694233718,0.005865042443444324,10.0,0.5209043898077906
0.0,FW_diminishing,diminishing,1683.0,0.03833293914794922,15.627134743384811,0.0042819437885430744,10.0,0.5209044914461604
0.0,FW_diminishing,diminishing,1684.0,0.038355112075805664,15.627136326866134,0.00257348843583749,10.0,0.5209045442288711
0.0,FW_diminishing,diminishing,1685.0,0.03837704658508301,15.6271331132114,0.0072155797652424525,10.0,0.5209044371070467
0.0,FW_diminishing,diminishing,1686.0,0.03840017318725586,15.627134543074327,0.004651184741447878,10.0,0.5209044847691442
0.0,FW_diminishing,diminishing,1687.0,0.03843116760253906,15.627134258896387,0.005374673854413814,10.0,0.5209044752965463
0.0,FW_diminishing,diminishing,1688.0,0.03845405578613281,15.6271328247264,0.005706955934806857,10.0,0.5209044274908801
0.0,FW_diminishing,diminishing,1689.0,0.03847622871398926,15.627128673097479,0.007412734874979066,10.0,0.5209042891032493
0.0,FW_diminishing,diminishing,1690.0,0.038497209548950195,15.62713211837166,0.0015701838051498385,10.0,0.520904403945722
0.0,FW_diminishing,diminishing,1691.0,0.038520097732543945,15.627131325919454,0.006513700653442811,10.0,0.5209043775306484
0.0,FW_diminishing,diminishing,1692.0,0.03854227066040039,15.62712998415602,0.005029282817321956,10.0,0.5209043328052007
0.0,FW_diminishing,diminishing,1693.0,0.03856515884399414,15.62713084226759,0.004388101433892899,10.0,0.5209043614089197
0.0,FW_diminishing,diminishing,1694.0,0.03858804702758789,15.627130303850999,0.004934850677997815,10.0,0.5209043434617
0.0,FW_diminishing,diminishing,1695.0,0.03860926628112793,15.627129647255924,0.004442357784562034,10.0,0.5209043215751975
0.0,FW_diminishing,diminishing,1696.0,0.038641929626464844,15.627133518046422,0.0033545068750484575,10.0,0.5209044506015474
0.0,FW_diminishing,diminishing,1697.0,0.03866410255432129,15.627133264566082,0.004685400682125973,10.0,0.5209044421522028
0.0,FW_diminishing,diminishing,1698.0,0.03868818283081055,15.627130889565533,0.00734519696827185,10.0,0.5209043629855178
0.0,FW_diminishing,diminishing,1699.0,0.03871011734008789,15.62713191689999,0.004939813021927364,10.0,0.5209043972299996
0.0,FW_diminishing,diminishing,1700.0,0.03873419761657715,15.627130012844471,0.0060841868660457266,10.0,0.5209043337614824
0.0,FW_diminishing,diminishing,1701.0,0.03875613212585449,15.6271277218926,0.005823916778014748,10.0,0.52090425739642
0.0,FW_diminishing,diminishing,1702.0,0.03877830505371094,15.627130627349514,0.001978332935792082,10.0,0.5209043542449838
0.0,FW_diminishing,diminishing,1703.0,0.03880119323730469,15.627130971024988,0.005507605120795844,10.0,0.5209043657008329
0.0,FW_diminishing,diminishing,1704.0,0.038822174072265625,15.627131411461319,0.0047070486308804504,10.0,0.520904380382044
0.0,FW_diminishing,diminishing,1705.0,0.038848161697387695,15.627129142319784,0.005800778838894516,10.0,0.5209043047439929
0.0,FW_diminishing,diminishing,1706.0,0.038871049880981445,15.627128122971607,0.005317783867743842,10.0,0.5209042707657202
0.0,FW_diminishing,diminishing,1707.0,0.03889203071594238,15.627129264458492,0.0028807305650992987,10.0,0.520904308815283
0.0,FW_diminishing,diminishing,1708.0,0.038915157318115234,15.62713157812401,0.004773088163863903,10.0,0.520904385937467
0.0,FW_diminishing,diminishing,1709.0,0.03893709182739258,15.62713232198384,0.004652685432764869,10.0,0.5209044107327947
0.0,FW_diminishing,diminishing,1710.0,0.03896021842956543,15.627129457250744,0.006890915312178336,10.0,0.5209043152416915
0.0,FW_diminishing,diminishing,1711.0,0.03898310661315918,15.627134016311413,0.002677031102553684,10.0,0.5209044672103804
0.0,FW_diminishing,diminishing,1712.0,0.03900408744812012,15.627137553107714,0.0020248496721801956,10.0,0.5209045851035905
0.0,FW_diminishing,diminishing,1713.0,0.03902697563171387,15.627137331282185,0.004034189809907218,10.0,0.5209045777094061
0.0,FW_diminishing,diminishing,1714.0,0.03904914855957031,15.62713287654564,0.008252101735154227,10.0,0.520904429218188
0.0,FW_diminishing,diminishing,1715.0,0.03907203674316406,15.6271323474727,0.006215079111139943,10.0,0.5209044115824234
0.0,FW_diminishing,diminishing,1716.0,0.039095163345336914,15.627131496320533,0.005152317606212264,10.0,0.5209043832106844
0.0,FW_diminishing,diminishing,1717.0,0.03911614418029785,15.62712844284819,0.006462321318556619,10.0,0.5209042814282729
0.0,FW_diminishing,diminishing,1718.0,0.03914022445678711,15.627132422540976,0.001835574355384395,10.0,0.5209044140846992
0.0,FW_diminishing,diminishing,1719.0,0.03916215896606445,15.627131091304301,0.005559473253468283,10.0,0.5209043697101434
0.0,FW_diminishing,diminishing,1720.0,0.039185285568237305,15.627130583257125,0.0061815344588449506,10.0,0.5209043527752375
0.0,FW_diminishing,diminishing,1721.0,0.03920698165893555,15.627130595334355,0.0038154762753119797,10.0,0.5209043531778118
0.0,FW_diminishing,diminishing,1722.0,0.039227962493896484,15.627127307782521,0.007242087010208564,10.0,0.5209042435927507
0.0,FW_diminishing,diminishing,1723.0,0.039251089096069336,15.627131438689316,0.001460089555651578,10.0,0.5209043812896439
0.0,FW_diminishing,diminishing,1724.0,0.03927302360534668,15.627134132712925,0.004209123471953902,10.0,0.5209044710904308
0.0,FW_diminishing,diminishing,1725.0,0.03929615020751953,15.627134774779952,0.003842193426216056,10.0,0.520904492492665
0.0,FW_diminishing,diminishing,1726.0,0.03931903839111328,15.62713081517484,0.0072398679338263605,10.0,0.520904360505828
0.0,FW_diminishing,diminishing,1727.0,0.03934001922607422,15.627131391732016,0.005221306260736469,10.0,0.5209043797244005
0.0,FW_diminishing,diminishing,1728.0,0.03936314582824707,15.627130082259846,0.005523634568703528,10.0,0.5209043360753282
0.0,FW_diminishing,diminishing,1729.0,0.039385080337524414,15.627128817806632,0.004903841429248601,10.0,0.5209042939268878
0.0,FW_diminishing,diminishing,1730.0,0.039408206939697266,15.627130299002669,0.003722590951763749,10.0,0.520904343300089
0.0,FW_diminishing,diminishing,1731.0,0.039431095123291016,15.627131788710313,0.003089700632258996,10.0,0.5209043929570104
0.0,FW_diminishing,diminishing,1732.0,0.03945207595825195,15.627130251898745,0.00703775663912154,10.0,0.5209043417299581
0.0,FW_diminishing,diminishing,1733.0,0.0394749641418457,15.62712900402103,0.004883184475291458,10.0,0.5209043001340343
0.0,FW_diminishing,diminishing,1734.0,0.03949713706970215,15.627128548617767,0.004770189835120675,10.0,0.5209042849539256
0.0,FW_diminishing,diminishing,1735.0,0.0395200252532959,15.627129691125337,0.0042171232767547195,10.0,0.5209043230375112
0.0,FW_diminishing,diminishing,1736.0,0.03954315185546875,15.627131691186896,0.004904603358170334,10.0,0.5209043897062299
0.0,FW_diminishing,diminishing,1737.0,0.03956413269042969,15.62713092423092,0.0044582863015563134,10.0,0.5209043641410307
0.0,FW_diminishing,diminishing,1738.0,0.03958725929260254,15.627128680928493,0.0063182928983618325,10.0,0.5209042893642831
0.0,FW_diminishing,diminishing,1739.0,0.03960919380187988,15.627132578856521,0.002283797710608937,10.0,0.5209044192952174
0.0,FW_diminishing,diminishing,1740.0,0.039632320404052734,15.627133818114057,0.00327872147796171,10.0,0.5209044606038019
0.0,FW_diminishing,diminishing,1741.0,0.03965497016906738,15.627130282159145,0.006867063385458394,10.0,0.5209043427386382
0.0,FW_diminishing,diminishing,1742.0,0.03967595100402832,15.627129234869313,0.005886583230637399,10.0,0.5209043078289771
0.0,FW_diminishing,diminishing,1743.0,0.03969907760620117,15.627132350291559,0.003744185028466518,10.0,0.5209044116763853
0.0,FW_diminishing,diminishing,1744.0,0.039721012115478516,15.627132038929142,0.004621488322303691,10.0,0.520904401297638
0.0,FW_diminishing,diminishing,1745.0,0.03974723815917969,15.627130023898676,0.005535417957275968,10.0,0.5209043341299558
0.0,FW_diminishing,diminishing,1746.0,0.03976917266845703,15.627131263736818,0.004092846474891942,10.0,0.5209043754578939
0.0,FW_diminishing,diminishing,1747.0,0.03979015350341797,15.62713048747925,0.005021504007764577,10.0,0.5209043495826416
0.0,FW_diminishing,diminishing,1748.0,0.03981328010559082,15.627129582644056,0.006444231855171623,10.0,0.5209043194214685
0.0,FW_diminishing,diminishing,1749.0,0.039835214614868164,15.62713244865185,0.0029461661149685625,10.0,0.5209044149550617
0.0,FW_diminishing,diminishing,1750.0,0.03985905647277832,15.627133386929398,0.0035115745403402343,10.0,0.5209044462309799
0.0,FW_diminishing,diminishing,1751.0,0.039880990982055664,15.627133416230432,0.0049210255553600035,10.0,0.520904447207681
0.0,FW_diminishing,diminishing,1752.0,0.0399019718170166,15.627130839831223,0.0060202755175815525,10.0,0.5209043613277075
0.0,FW_diminishing,diminishing,1753.0,0.03992509841918945,15.62713359684902,0.0032134317313889937,10.0,0.5209044532283007
0.0,FW_diminishing,diminishing,1754.0,0.0399470329284668,15.627130831923383,0.006754931791855157,10.0,0.5209043610641128
0.0,FW_diminishing,diminishing,1755.0,0.03997015953063965,15.627130860151528,0.0037269460713584834,10.0,0.520904362005051
0.0,FW_diminishing,diminishing,1756.0,0.0399932861328125,15.627132613995787,0.0027762517097080774,10.0,0.5209044204665262
0.0,FW_diminishing,diminishing,1757.0,0.04001426696777344,15.627134842330195,0.005790334318234613,10.0,0.5209044947443399
0.0,FW_diminishing,diminishing,1758.0,0.04003715515136719,15.627136053192977,0.0038602671945593414,10.0,0.5209045351064325
0.0,FW_diminishing,diminishing,1759.0,0.04005932807922363,15.627136771897131,0.005773152872576404,10.0,0.5209045590632377
0.0,FW_diminishing,diminishing,1760.0,0.04008197784423828,15.627137349668638,0.0038002174561402313,10.0,0.520904578322288
0.0,FW_diminishing,diminishing,1761.0,0.04010510444641113,15.627134193061565,0.006524691808001748,10.0,0.5209044731020521
0.0,FW_diminishing,diminishing,1762.0,0.04012608528137207,15.62713701622147,0.0031138327444182323,10.0,0.5209045672073823
0.0,FW_diminishing,diminishing,1763.0,0.04014897346496582,15.627135712661946,0.005454174850015647,10.0,0.5209045237553982
0.0,FW_diminishing,diminishing,1764.0,0.040171146392822266,15.627134039544131,0.006603904127644,10.0,0.5209044679848044
0.0,FW_diminishing,diminishing,1765.0,0.040194034576416016,15.627133805525645,0.003937502237304713,10.0,0.5209044601841881
0.0,FW_diminishing,diminishing,1766.0,0.04021716117858887,15.627132056666978,0.005842915217439071,10.0,0.5209044018888993
0.0,FW_diminishing,diminishing,1767.0,0.040238142013549805,15.627134871683133,0.003098123584484469,10.0,0.5209044957227711
0.0,FW_diminishing,diminishing,1768.0,0.040261268615722656,15.627136495804953,0.0028513395467442137,10.0,0.5209045498601651
0.0,FW_diminishing,diminishing,1769.0,0.040283203125,15.627133575239116,0.006311159451646731,10.0,0.5209044525079706
0.0,FW_diminishing,diminishing,1770.0,0.04030609130859375,15.627131866946714,0.006408893754148437,10.0,0.5209043955648904
0.0,FW_diminishing,diminishing,1771.0,0.0403289794921875,15.627134419660969,0.004097748674823265,10.0,0.5209044806553657
0.0,FW_diminishing,diminishing,1772.0,0.04034996032714844,15.627134539446562,0.004174259406962477,10.0,0.5209044846482187
0.0,FW_diminishing,diminishing,1773.0,0.04037308692932129,15.627133088910393,0.0050024825287895425,10.0,0.5209044362970131
0.0,FW_diminishing,diminishing,1774.0,0.04039502143859863,15.627134584101782,0.003553376053595514,10.0,0.520904486136726
0.0,FW_diminishing,diminishing,1775.0,0.040418148040771484,15.627136998769679,0.003417772833241628,10.0,0.520904566625656
0.0,FW_diminishing,diminishing,1776.0,0.040441274642944336,15.627133510509664,0.007375540528244073,10.0,0.5209044503503221
0.0,FW_diminishing,diminishing,1777.0,0.04046225547790527,15.627132077240127,0.004981649366607499,10.0,0.5209044025746709
0.0,FW_diminishing,diminishing,1778.0,0.04048514366149902,15.627133004288222,0.0034401855684969007,10.0,0.520904433476274
0.0,FW_diminishing,diminishing,1779.0,0.04050803184509277,15.627132974933739,0.005107827332189174,10.0,0.5209044324977913
0.0,FW_diminishing,diminishing,1780.0,0.040531158447265625,15.627133845747506,0.0057036386687041585,10.0,0.5209044615249169
0.0,FW_diminishing,diminishing,1781.0,0.04055309295654297,15.627132873754192,0.004564504089836774,10.0,0.5209044291251398
0.0,FW_diminishing,diminishing,1782.0,0.040574073791503906,15.627132093140986,0.004953697863848916,10.0,0.5209044031046995
0.0,FW_diminishing,diminishing,1783.0,0.04059720039367676,15.627133440306427,0.004336959664037465,10.0,0.5209044480102142
0.0,FW_diminishing,diminishing,1784.0,0.04062008857727051,15.62713497899418,0.0023151939165639845,10.0,0.520904499299806
0.0,FW_diminishing,diminishing,1785.0,0.04064321517944336,15.627132366316284,0.006586496375000195,10.0,0.5209044122105427
0.0,FW_diminishing,diminishing,1786.0,0.0406651496887207,15.627131459780905,0.005661148025497553,10.0,0.5209043819926968
0.0,FW_diminishing,diminishing,1787.0,0.04068708419799805,15.62713411036332,0.003932712380260384,10.0,0.520904470345444
0.0,FW_diminishing,diminishing,1788.0,0.0407102108001709,15.62713516242072,0.0032996794755213443,10.0,0.520904505414024
0.0,FW_diminishing,diminishing,1789.0,0.0407412052154541,15.627132996096043,0.005622577857961275,10.0,0.5209044332032015
0.0,FW_diminishing,diminishing,1790.0,0.040763139724731445,15.627133080312367,0.004974887582642751,10.0,0.5209044360104123
0.0,FW_diminishing,diminishing,1791.0,0.04078531265258789,15.627133683125063,0.0036941940998556078,10.0,0.5209044561041688
0.0,FW_diminishing,diminishing,1792.0,0.04080796241760254,15.62713049392899,0.008376726412423707,10.0,0.520904349797633
0.0,FW_diminishing,diminishing,1793.0,0.04083108901977539,15.627131155620763,0.003077729029056897,10.0,0.5209043718540254
0.0,FW_diminishing,diminishing,1794.0,0.04085206985473633,15.627129946717783,0.0053149441308590895,10.0,0.5209043315572595
0.0,FW_diminishing,diminishing,1795.0,0.040876150131225586,15.627132290395583,0.003395474516814545,10.0,0.5209044096798527
0.0,FW_diminishing,diminishing,1796.0,0.04089808464050293,15.627132747912013,0.004411029306854886,10.0,0.5209044249304005
0.0,FW_diminishing,diminishing,1797.0,0.040920257568359375,15.627133092538385,0.003910742136673306,10.0,0.5209044364179461
0.0,FW_diminishing,diminishing,1798.0,0.040943145751953125,15.627128689395272,0.007629281708188884,10.0,0.520904289646509
0.0,FW_diminishing,diminishing,1799.0,0.04096412658691406,15.627133084318155,0.002302221661986792,10.0,0.5209044361439384
0.0,FW_diminishing,diminishing,1800.0,0.04098796844482422,15.62713368282053,0.0036741932581882963,10.0,0.5209044560940177
0.0,FW_diminishing,diminishing,1801.0,0.04100990295410156,15.627132612611572,0.005985447132673016,10.0,0.5209044204203858
0.0,FW_diminishing,diminishing,1802.0,0.041033029556274414,15.627132410113836,0.0038367722297909523,10.0,0.5209044136704611
0.0,FW_diminishing,diminishing,1803.0,0.04105496406555176,15.627132566600338,0.004065646367148901,10.0,0.5209044188866779
0.0,FW_diminishing,diminishing,1804.0,0.0410771369934082,15.627130416893362,0.00741949283453458,10.0,0.5209043472297787
0.0,FW_diminishing,diminishing,1805.0,0.04110002517700195,15.627133547566821,0.0019670518894621125,10.0,0.5209044515855606
0.0,FW_diminishing,diminishing,1806.0,0.0411221981048584,15.627133352269555,0.0038225669215457003,10.0,0.5209044450756518
0.0,FW_diminishing,diminishing,1807.0,0.04114508628845215,15.62713002767212,0.007208144965925811,10.0,0.5209043342557373
0.0,FW_diminishing,diminishing,1808.0,0.041168212890625,15.627130907824338,0.00558262964249856,10.0,0.5209043635941446
0.0,FW_diminishing,diminishing,1809.0,0.04118919372558594,15.627130837205598,0.0037037954203800183,10.0,0.5209043612401866
0.0,FW_diminishing,diminishing,1810.0,0.041213035583496094,15.627130560421556,0.004441806976135609,10.0,0.5209043520140518
0.0,FW_diminishing,diminishing,1811.0,0.04123401641845703,15.627131490600247,0.004610852558611711,10.0,0.5209043830200082
0.0,FW_diminishing,diminishing,1812.0,0.04125809669494629,15.627132684966965,0.0036957238097876655,10.0,0.5209044228322322
0.0,FW_diminishing,diminishing,1813.0,0.04128122329711914,15.627132618776363,0.0036918813259951833,10.0,0.5209044206258787
0.0,FW_diminishing,diminishing,1814.0,0.04130220413208008,15.62712888868888,0.00757217427756629,10.0,0.5209042962896293
0.0,FW_diminishing,diminishing,1815.0,0.04132509231567383,15.627133333837847,0.0021661593926722844,10.0,0.5209044444612616
0.0,FW_diminishing,diminishing,1816.0,0.04134726524353027,15.6271353364734,0.003155720876268475,10.0,0.52090451121578
0.0,FW_diminishing,diminishing,1817.0,0.04137015342712402,15.627132188455139,0.007040887747223223,10.0,0.520904406281838
0.0,FW_diminishing,diminishing,1818.0,0.04139304161071777,15.627131271186759,0.004457391842365155,10.0,0.5209043757062253
0.0,FW_diminishing,diminishing,1819.0,0.04141426086425781,15.627132339456189,0.0031962993563539044,10.0,0.5209044113152063
0.0,FW_diminishing,diminishing,1820.0,0.04143691062927246,15.627128870520009,0.008591687174208218,10.0,0.5209042956840003
0.0,FW_diminishing,diminishing,1821.0,0.041459083557128906,15.62713036931321,0.002248145882138175,10.0,0.5209043456437736
0.0,FW_diminishing,diminishing,1822.0,0.041481971740722656,15.62712967653306,0.004795672020353692,10.0,0.520904322551102
0.0,FW_diminishing,diminishing,1823.0,0.04150509834289551,15.627129421530178,0.004984313670666651,10.0,0.5209043140510059
0.0,FW_diminishing,diminishing,1824.0,0.041526079177856445,15.627130007097625,0.004880903938888181,10.0,0.5209043335699208
0.0,FW_diminishing,diminishing,1825.0,0.0415492057800293,15.627130820040772,0.0034128824224968213,10.0,0.5209043606680257
0.0,FW_diminishing,diminishing,1826.0,0.04157114028930664,15.627127403280072,0.0067322331085541975,10.0,0.5209042467760024
0.0,FW_diminishing,diminishing,1827.0,0.04159426689147949,15.627130581351166,0.002038628091577621,10.0,0.5209043527117055
0.0,FW_diminishing,diminishing,1828.0,0.04161715507507324,15.627133247916806,0.0038676672807760326,10.0,0.5209044415972268
0.0,FW_diminishing,diminishing,1829.0,0.04163813591003418,15.627132437127143,0.0048903160679589774,10.0,0.5209044145709048
0.0,FW_diminishing,diminishing,1830.0,0.04166102409362793,15.627129463743808,0.006324605594087984,10.0,0.5209043154581269
0.0,FW_diminishing,diminishing,1831.0,0.04168295860290527,15.627132806111193,0.0010760748486298155,10.0,0.5209044268703731
0.0,FW_diminishing,diminishing,1832.0,0.04170703887939453,15.62713238093999,0.005782766016210417,10.0,0.5209044126979997
0.0,FW_diminishing,diminishing,1833.0,0.04172921180725098,15.627131795165484,0.004130155681622227,10.0,0.5209043931721828
0.0,FW_diminishing,diminishing,1834.0,0.041750192642211914,15.627130925485424,0.005522105023430868,10.0,0.5209043641828475
0.0,FW_diminishing,diminishing,1835.0,0.04177427291870117,15.627130871849253,0.004182987094360158,10.0,0.5209043623949751
0.0,FW_diminishing,diminishing,1836.0,0.041796207427978516,15.627129803080448,0.007121275294176499,10.0,0.5209043267693483
0.0,FW_diminishing,diminishing,1837.0,0.04181933403015137,15.627130576957715,0.002871947389966323,10.0,0.5209043525652571
0.0,FW_diminishing,diminishing,1838.0,0.041841983795166016,15.627130769680885,0.003949423693777376,10.0,0.5209043589893628
0.0,FW_diminishing,diminishing,1839.0,0.04186296463012695,15.62712946821153,0.006115169294846012,10.0,0.520904315607051
0.0,FW_diminishing,diminishing,1840.0,0.041886091232299805,15.627130593650554,0.004331360538955664,10.0,0.5209043531216851
0.0,FW_diminishing,diminishing,1841.0,0.04190802574157715,15.627129373324339,0.005245949162471675,10.0,0.5209043124441446
0.0,FW_diminishing,diminishing,1842.0,0.04193115234375,15.627127976481296,0.0048638609898681295,10.0,0.5209042658827099
0.0,FW_diminishing,diminishing,1843.0,0.04195404052734375,15.62712969386133,0.0031138065417266603,10.0,0.5209043231287109
0.0,FW_diminishing,diminishing,1844.0,0.04197502136230469,15.627130940272455,0.002961809506260238,10.0,0.5209043646757485
0.0,FW_diminishing,diminishing,1845.0,0.04199814796447754,15.627130196948753,0.00604166833000086,10.0,0.5209043398982918
0.0,FW_diminishing,diminishing,1846.0,0.04202008247375488,15.627128814583536,0.0048455162265987894,10.0,0.5209042938194511
0.0,FW_diminishing,diminishing,1847.0,0.042043209075927734,15.627128346274533,0.004540234814953692,10.0,0.5209042782091511
0.0,FW_diminishing,diminishing,1848.0,0.042066097259521484,15.627128995293843,0.005497159791294948,10.0,0.5209042998431281
0.0,FW_diminishing,diminishing,1849.0,0.04208707809448242,15.627130738984366,0.0030690257352894434,10.0,0.5209043579661455
0.0,FW_diminishing,diminishing,1850.0,0.04210996627807617,15.627132191734734,0.003813533219656051,10.0,0.5209044063911578
0.0,FW_diminishing,diminishing,1851.0,0.04213213920593262,15.627133583190512,0.0028073591364154993,10.0,0.520904452773017
0.0,FW_diminishing,diminishing,1852.0,0.04215502738952637,15.627133704836098,0.005221336421163514,10.0,0.5209044568278699
0.0,FW_diminishing,diminishing,1853.0,0.04217815399169922,15.627132269098604,0.004886432669232832,10.0,0.5209044089699535
0.0,FW_diminishing,diminishing,1854.0,0.042199134826660156,15.627131955941984,0.004382227663834115,10.0,0.5209043985313995
0.0,FW_diminishing,diminishing,1855.0,0.04222226142883301,15.627130952619561,0.0058060508838710945,10.0,0.5209043650873187
0.0,FW_diminishing,diminishing,1856.0,0.04224419593811035,15.627132706941708,0.0019160867817067384,10.0,0.5209044235647237
0.0,FW_diminishing,diminishing,1857.0,0.04226803779602051,15.627131979047338,0.004762001311926056,10.0,0.520904399301578
0.0,FW_diminishing,diminishing,1858.0,0.04229092597961426,15.627131553791697,0.0057129131408348854,10.0,0.5209043851263899
0.0,FW_diminishing,diminishing,1859.0,0.0423121452331543,15.627133852383157,0.0025182143895765563,10.0,0.5209044617461053
0.0,FW_diminishing,diminishing,1860.0,0.04233503341674805,15.627134573381799,0.003406133853824045,10.0,0.5209044857793933
0.0,FW_diminishing,diminishing,1861.0,0.042356014251708984,15.62713408652541,0.006509541198790103,10.0,0.520904469550847
0.0,FW_diminishing,diminishing,1862.0,0.04237818717956543,15.62713186150532,0.005612119428530349,10.0,0.5209043953835107
0.0,FW_diminishing,diminishing,1863.0,0.04240012168884277,15.627132822089921,0.0031748337531531945,10.0,0.5209044274029974
0.0,FW_diminishing,diminishing,1864.0,0.04242205619812012,15.627133874553564,0.00431688179961931,10.0,0.5209044624851188
0.0,FW_diminishing,diminishing,1865.0,0.04244518280029297,15.627133952977788,0.003457197790551092,10.0,0.5209044650992596
0.0,FW_diminishing,diminishing,1866.0,0.04246830940246582,15.627133228490607,0.004742388671132858,10.0,0.5209044409496869
0.0,FW_diminishing,diminishing,1867.0,0.04248929023742676,15.627131461998424,0.006494691771624872,10.0,0.5209043820666142
0.0,FW_diminishing,diminishing,1868.0,0.04251217842102051,15.627133619573204,0.004155628070019901,10.0,0.5209044539857735
0.0,FW_diminishing,diminishing,1869.0,0.04253435134887695,15.627134108852747,0.0030647188842927164,10.0,0.5209044702950916
0.0,FW_diminishing,diminishing,1870.0,0.0425570011138916,15.627131844964168,0.006177563066493974,10.0,0.5209043948321389
0.0,FW_diminishing,diminishing,1871.0,0.04258012771606445,15.627130050377486,0.006311897798077837,10.0,0.5209043350125829
0.0,FW_diminishing,diminishing,1872.0,0.04260110855102539,15.627131100357776,0.002532405161408846,10.0,0.5209043700119259
0.0,FW_diminishing,diminishing,1873.0,0.04262399673461914,15.627131235453234,0.003923016020573655,10.0,0.5209043745151078
0.0,FW_diminishing,diminishing,1874.0,0.042646169662475586,15.627129531159476,0.006871938189712878,10.0,0.5209043177053159
0.0,FW_diminishing,diminishing,1875.0,0.042669057846069336,15.627132506309229,0.0018244407707701527,10.0,0.5209044168769743
0.0,FW_diminishing,diminishing,1876.0,0.04269218444824219,15.627135868261277,0.0028468922318296563,10.0,0.5209045289420425
0.0,FW_diminishing,diminishing,1877.0,0.042713165283203125,15.627133709252455,0.006071717891387607,10.0,0.5209044569750818
0.0,FW_diminishing,diminishing,1878.0,0.04273629188537598,15.627130849805665,0.006196789031763572,10.0,0.5209043616601888
0.0,FW_diminishing,diminishing,1879.0,0.04275822639465332,15.627132641929435,0.0023495852952883922,10.0,0.5209044213976478
0.0,FW_diminishing,diminishing,1880.0,0.04278111457824707,15.6271323967073,0.005485778279824771,10.0,0.5209044132235766
0.0,FW_diminishing,diminishing,1881.0,0.042803049087524414,15.627131807193562,0.004056073497558543,10.0,0.5209043935731187
0.0,FW_diminishing,diminishing,1882.0,0.04282498359680176,15.627131941101778,0.0039041601528122527,10.0,0.520904398036726
0.0,FW_diminishing,diminishing,1883.0,0.04284811019897461,15.627128741132635,0.007820168078014333,10.0,0.5209042913710878
0.0,FW_diminishing,diminishing,1884.0,0.04287004470825195,15.627134836911736,0.0014753809899445969,10.0,0.5209044945637246
0.0,FW_diminishing,diminishing,1885.0,0.042893171310424805,15.627134878447903,0.003984787090208997,10.0,0.5209044959482634
0.0,FW_diminishing,diminishing,1886.0,0.042916297912597656,15.627133318300821,0.004965514079392719,10.0,0.5209044439433607
0.0,FW_diminishing,diminishing,1887.0,0.042937278747558594,15.627135027741371,0.0029739378625919244,10.0,0.5209045009247124
0.0,FW_diminishing,diminishing,1888.0,0.042960166931152344,15.62713774863047,0.0026585462590578146,10.0,0.5209045916210157
0.0,FW_diminishing,diminishing,1889.0,0.04298233985900879,15.62713459968172,0.0069959773450865015,10.0,0.5209044866560573
0.0,FW_diminishing,diminishing,1890.0,0.04300498962402344,15.627133054665116,0.0049469173576710546,10.0,0.5209044351555039
0.0,FW_diminishing,diminishing,1891.0,0.04302811622619629,15.627133809479071,0.0032960650039157713,10.0,0.520904460315969
0.0,FW_diminishing,diminishing,1892.0,0.04304909706115723,15.6271341345102,0.0056481992456483,10.0,0.52090447115034
0.0,FW_diminishing,diminishing,1893.0,0.04307198524475098,15.627135139960508,0.003821958967735739,10.0,0.5209045046653503
0.0,FW_diminishing,diminishing,1894.0,0.04309415817260742,15.627136411108218,0.0027985756822950236,10.0,0.5209045470369406
0.0,FW_diminishing,diminishing,1895.0,0.04311704635620117,15.627134089506997,0.005678953855955626,10.0,0.5209044696502333
0.0,FW_diminishing,diminishing,1896.0,0.04314017295837402,15.627133964359812,0.0053293230746085385,10.0,0.5209044654786604
0.0,FW_diminishing,diminishing,1897.0,0.04316115379333496,15.62713360972571,0.004335644006953743,10.0,0.5209044536575237
0.0,FW_diminishing,diminishing,1898.0,0.04318428039550781,15.627133516228978,0.0035580175089329202,10.0,0.5209044505409659
0.0,FW_diminishing,diminishing,1899.0,0.043206214904785156,15.627132670565258,0.005365859325955569,10.0,0.5209044223521753
0.0,FW_diminishing,diminishing,1900.0,0.043229103088378906,15.627134298056047,0.004521744131643857,10.0,0.5209044766018682
0.0,FW_diminishing,diminishing,1901.0,0.043251991271972656,15.627135161599137,0.0031676242664087084,10.0,0.5209045053866379
0.0,FW_diminishing,diminishing,1902.0,0.043272972106933594,15.627132973714806,0.005546860765274886,10.0,0.5209044324571602
0.0,FW_diminishing,diminishing,1903.0,0.04329705238342285,15.627135622817656,0.0026653458668164376,10.0,0.5209045207605886
0.0,FW_diminishing,diminishing,1904.0,0.0433192253112793,15.627134869164923,0.004702847074101513,10.0,0.5209044956388308
0.0,FW_diminishing,diminishing,1905.0,0.04334115982055664,15.627134113721404,0.0054666177999944665,10.0,0.5209044704573801
0.0,FW_diminishing,diminishing,1906.0,0.04336428642272949,15.62713442378317,0.0031584314184165407,10.0,0.5209044807927723
0.0,FW_diminishing,diminishing,1907.0,0.04338526725769043,15.627133282321678,0.0050682632670895345,10.0,0.5209044427440559
0.0,FW_diminishing,diminishing,1908.0,0.04340934753417969,15.627134937350132,0.004324172464460929,10.0,0.520904497911671
0.0,FW_diminishing,diminishing,1909.0,0.043430328369140625,15.627133894960231,0.005534361759263362,10.0,0.520904463165341
0.0,FW_diminishing,diminishing,1910.0,0.04345393180847168,15.62713596004655,0.0019950588678110392,10.0,0.5209045320015516
0.0,FW_diminishing,diminishing,1911.0,0.043476104736328125,15.627133029086334,0.0062518976991725594,10.0,0.5209044343028778
0.0,FW_diminishing,diminishing,1912.0,0.04349708557128906,15.627131681594237,0.0064577311128886095,10.0,0.5209043893864745
0.0,FW_diminishing,diminishing,1913.0,0.043520212173461914,15.627132146363001,0.0035196416712022227,10.0,0.5209044048787667
0.0,FW_diminishing,diminishing,1914.0,0.04354214668273926,15.627131411586562,0.004144755109624754,10.0,0.5209043803862188
0.0,FW_diminishing,diminishing,1915.0,0.04356503486633301,15.627131268625174,0.0046602738823828815,10.0,0.5209043756208391
0.0,FW_diminishing,diminishing,1916.0,0.04358816146850586,15.627133584411105,0.0029328904954315504,10.0,0.5209044528137035
0.0,FW_diminishing,diminishing,1917.0,0.0436091423034668,15.62713095047465,0.006486746144615196,10.0,0.5209043650158216
0.0,FW_diminishing,diminishing,1918.0,0.04363226890563965,15.627130227343686,0.004127860238904546,10.0,0.5209043409114562
0.0,FW_diminishing,diminishing,1919.0,0.04365420341491699,15.627131380142293,0.0028443099997730314,10.0,0.5209043793380764
0.0,FW_diminishing,diminishing,1920.0,0.04367709159851074,15.627132017010934,0.0040958069266121555,10.0,0.5209044005670311
0.0,FW_diminishing,diminishing,1921.0,0.04369997978210449,15.627132226429554,0.0056648467795632484,10.0,0.5209044075476518
0.0,FW_diminishing,diminishing,1922.0,0.04372096061706543,15.627133879193606,0.0023549417699779696,10.0,0.5209044626397868
0.0,FW_diminishing,diminishing,1923.0,0.04374408721923828,15.627133946521093,0.00507240582216717,10.0,0.5209044648840364
0.0,FW_diminishing,diminishing,1924.0,0.043766021728515625,15.62713194524091,0.005351458089256411,10.0,0.520904398174697
0.0,FW_diminishing,diminishing,1925.0,0.04378914833068848,15.627132015914375,0.0038722404582198777,10.0,0.5209044005304792
0.0,FW_diminishing,diminishing,1926.0,0.04381227493286133,15.627131557398311,0.004939737251730136,10.0,0.5209043852466103
0.0,FW_diminishing,diminishing,1927.0,0.043833255767822266,15.627130094597828,0.004829231978886739,10.0,0.5209043364865943
0.0,FW_diminishing,diminishing,1928.0,0.043856143951416016,15.627131700563783,0.004431585219059286,10.0,0.5209043900187927
0.0,FW_diminishing,diminishing,1929.0,0.04387831687927246,15.627132951423095,0.002723277648675193,10.0,0.5209044317141032
0.0,FW_diminishing,diminishing,1930.0,0.04390096664428711,15.62713159515333,0.004723098175293927,10.0,0.520904386505111
0.0,FW_diminishing,diminishing,1931.0,0.04392409324645996,15.627132315503037,0.003984713943449236,10.0,0.5209044105167678
0.0,FW_diminishing,diminishing,1932.0,0.0439450740814209,15.62713317569525,0.0030934609262835977,10.0,0.5209044391898416
0.0,FW_diminishing,diminishing,1933.0,0.04396820068359375,15.627130671719236,0.00753580331549486,10.0,0.5209043557239745
0.0,FW_diminishing,diminishing,1934.0,0.043990135192871094,15.627131738517546,0.0023708015876398036,10.0,0.5209043912839182
0.0,FW_diminishing,diminishing,1935.0,0.04401421546936035,15.62713103715581,0.004600012385060026,10.0,0.5209043679051937
0.0,FW_diminishing,diminishing,1936.0,0.0440371036529541,15.62713120624536,0.004310023044942213,10.0,0.520904373541512
0.0,FW_diminishing,diminishing,1937.0,0.04405832290649414,15.627131539885005,0.005494157917192766,10.0,0.5209043846628335
0.0,FW_diminishing,diminishing,1938.0,0.04408097267150879,15.627133949561811,0.0015741748158006885,10.0,0.5209044649853937
0.0,FW_diminishing,diminishing,1939.0,0.04410219192504883,15.62713283207168,0.006180527535706304,10.0,0.5209044277357227
0.0,FW_diminishing,diminishing,1940.0,0.044126033782958984,15.627130239429057,0.005914049848984249,10.0,0.5209043413143019
0.0,FW_diminishing,diminishing,1941.0,0.044149160385131836,15.627131091494311,0.003079291065702705,10.0,0.520904369716477
0.0,FW_diminishing,diminishing,1942.0,0.04417014122009277,15.627130811018644,0.00492803854772994,10.0,0.5209043603672882
0.0,FW_diminishing,diminishing,1943.0,0.04419302940368652,15.627131133883172,0.0030744513338358814,10.0,0.5209043711294391
0.0,FW_diminishing,diminishing,1944.0,0.044219255447387695,15.62713160117249,0.003446753456694651,10.0,0.5209043867057497
0.0,FW_diminishing,diminishing,1945.0,0.04424118995666504,15.62712999768506,0.006641770415567905,10.0,0.5209043332561687
0.0,FW_diminishing,diminishing,1946.0,0.04426217079162598,15.627131322374964,0.0031594761816684525,10.0,0.5209043774124988
0.0,FW_diminishing,diminishing,1947.0,0.044283151626586914,15.627131648954098,0.0030632194634847565,10.0,0.52090438829847
0.0,FW_diminishing,diminishing,1948.0,0.044306039810180664,15.627129118869975,0.006363245806708662,10.0,0.5209043039623326
0.0,FW_diminishing,diminishing,1949.0,0.04432797431945801,15.627130968599742,0.003975873486316672,10.0,0.5209043656199914
0.0,FW_diminishing,diminishing,1950.0,0.04435110092163086,15.627132972078265,0.001932487504193503,10.0,0.5209044324026089
0.0,FW_diminishing,diminishing,1951.0,0.0443730354309082,15.62713272702009,0.005303093272887693,10.0,0.520904424234003
0.0,FW_diminishing,diminishing,1952.0,0.04439520835876465,15.627131530757762,0.00454307969609502,10.0,0.5209043843585921
0.0,FW_diminishing,diminishing,1953.0,0.0444180965423584,15.62713079898232,0.005151138068915984,10.0,0.5209043599660773
0.0,FW_diminishing,diminishing,1954.0,0.044440269470214844,15.627129816873,0.004843411356754146,10.0,0.5209043272291
0.0,FW_diminishing,diminishing,1955.0,0.044465065002441406,15.62712914023856,0.0040307248493238745,10.0,0.5209043046746187
0.0,FW_diminishing,diminishing,1956.0,0.04448699951171875,15.6271307347045,0.00433472722302497,10.0,0.5209043578234833
0.0,FW_diminishing,diminishing,1957.0,0.044508934020996094,15.627133086668431,0.0023133521084588438,10.0,0.520904436222281
0.0,FW_diminishing,diminishing,1958.0,0.044532060623168945,15.627130697942741,0.006217334943231734,10.0,0.5209043565980914
0.0,FW_diminishing,diminishing,1959.0,0.04455304145812988,15.627130395796849,0.003657639429972548,10.0,0.5209043465265616
0.0,FW_diminishing,diminishing,1960.0,0.044576168060302734,15.627132786669035,0.0026924613678076526,10.0,0.5209044262223012
0.0,FW_diminishing,diminishing,1961.0,0.044599056243896484,15.6271288912876,0.007695282582965035,10.0,0.5209042963762534
0.0,FW_diminishing,diminishing,1962.0,0.04462003707885742,15.627130836313366,0.002502790954043377,10.0,0.5209043612104456
0.0,FW_diminishing,diminishing,1963.0,0.04464316368103027,15.627130540447363,0.003645218431540087,10.0,0.5209043513482454
0.0,FW_diminishing,diminishing,1964.0,0.044666290283203125,15.627128833901594,0.005541402962732533,10.0,0.5209042944633865
0.0,FW_diminishing,diminishing,1965.0,0.04468727111816406,15.627129573089322,0.0042997456207132245,10.0,0.5209043191029774
0.0,FW_diminishing,diminishing,1966.0,0.044709205627441406,15.6271305994462,0.0028472696512160667,10.0,0.5209043533148734
0.0,FW_diminishing,diminishing,1967.0,0.04473114013671875,15.627128135443133,0.00577569067050554,10.0,0.5209042711814378
0.0,FW_diminishing,diminishing,1968.0,0.0447540283203125,15.627130325689883,0.0035667285081295574,10.0,0.5209043441896628
0.0,FW_diminishing,diminishing,1969.0,0.04477715492248535,15.62713023880616,0.004484767782345855,10.0,0.5209043412935387
0.0,FW_diminishing,diminishing,1970.0,0.04479813575744629,15.62713004905637,0.004037680799484633,10.0,0.5209043349685457
0.0,FW_diminishing,diminishing,1971.0,0.04482102394104004,15.627128770323496,0.004603370384264949,10.0,0.5209042923441165
0.0,FW_diminishing,diminishing,1972.0,0.044843196868896484,15.627130329033536,0.0034696236487281595,10.0,0.5209043443011179
0.0,FW_diminishing,diminishing,1973.0,0.044866085052490234,15.627128640165754,0.005513990354470977,10.0,0.5209042880055251
0.0,FW_diminishing,diminishing,1974.0,0.044889211654663086,15.627128829000204,0.0043929172666494765,10.0,0.5209042943000068
0.0,FW_diminishing,diminishing,1975.0,0.04491019248962402,15.627130654329644,0.0030274738698832238,10.0,0.5209043551443214
0.0,FW_diminishing,diminishing,1976.0,0.044933319091796875,15.627131444592386,0.0030563447439568847,10.0,0.5209043814864128
0.0,FW_diminishing,diminishing,1977.0,0.04495525360107422,15.627132933603853,0.0035220908976096865,10.0,0.5209044311201284
0.0,FW_diminishing,diminishing,1978.0,0.04497790336608887,15.627132747170624,0.003513550756872874,10.0,0.5209044249056874
0.0,FW_diminishing,diminishing,1979.0,0.04500007629394531,15.627132039324175,0.004534714853498656,10.0,0.5209044013108058
0.0,FW_diminishing,diminishing,1980.0,0.04502105712890625,15.62713105177972,0.00535426105617276,10.0,0.5209043683926573
0.0,FW_diminishing,diminishing,1981.0,0.0450441837310791,15.62713222197685,0.00452731122100225,10.0,0.5209044073992284
0.0,FW_diminishing,diminishing,1982.0,0.045066118240356445,15.627133199248224,0.0023516464430581863,10.0,0.5209044399749408
0.0,FW_diminishing,diminishing,1983.0,0.045089006423950195,15.62713129919236,0.005712859858977737,10.0,0.5209043766397453
0.0,FW_diminishing,diminishing,1984.0,0.04511213302612305,15.627132631244947,0.0032325273931927967,10.0,0.5209044210414983
0.0,FW_diminishing,diminishing,1985.0,0.045133113861083984,15.627134124456509,0.004326144445510494,10.0,0.520904470815217
0.0,FW_diminishing,diminishing,1986.0,0.045156240463256836,15.62713501332372,0.00293494956455298,10.0,0.520904500444124
0.0,FW_diminishing,diminishing,1987.0,0.04517817497253418,15.627132195189056,0.006119171457225292,10.0,0.5209044065063019
0.0,FW_diminishing,diminishing,1988.0,0.04520130157470703,15.627134128218874,0.0030440086999323768,10.0,0.5209044709406291
0.0,FW_diminishing,diminishing,1989.0,0.04522395133972168,15.627133537244656,0.004402518983710024,10.0,0.5209044512414885
0.0,FW_diminishing,diminishing,1990.0,0.04524493217468262,15.62713236840274,0.0055179680309773715,10.0,0.5209044122800913
0.0,FW_diminishing,diminishing,1991.0,0.04526805877685547,15.62712957707507,0.006091412985830047,10.0,0.5209043192358357
0.0,FW_diminishing,diminishing,1992.0,0.04528999328613281,15.627131103957522,0.0022840435422786243,10.0,0.5209043701319174
0.0,FW_diminishing,diminishing,1993.0,0.045313119888305664,15.627131433574709,0.0046277194378543385,10.0,0.5209043811191569
0.0,FW_diminishing,diminishing,1994.0,0.04533505439758301,15.627130662298347,0.004072592114541251,10.0,0.520904355409945
0.0,FW_diminishing,diminishing,1995.0,0.04535722732543945,15.627130713616845,0.0037508536552692817,10.0,0.5209043571205615
0.0,FW_diminishing,diminishing,1996.0,0.0453801155090332,15.627130441766992,0.004801045397529791,10.0,0.5209043480588997
0.0,FW_diminishing,diminishing,1997.0,0.04540228843688965,15.627132801800931,0.0032819391109484286,10.0,0.5209044267266977
0.0,FW_diminishing,diminishing,1998.0,0.04542422294616699,15.627133320135533,0.0032775820242978426,10.0,0.5209044440045177
0.0,FW_diminishing,diminishing,1999.0,0.04544711112976074,15.627131845562111,0.00477061177509519,10.0,0.5209043948520704
0.0,FW_exact,exact,0.0,6.866455078125e-05,18.919311425263782,18.580688574736218,1.0,0.6306437141754594
0.0,FW_exact,exact,1.0,0.0001087188720703125,16.484849442471486,10.73971096916316,2.0,0.5494949814157162
0.0,FW_exact,exact,2.0,0.00013899803161621094,15.980911982161695,4.048212016133748,3.0,0.5326970660720565
0.0,FW_exact,exact,3.0,0.00016689300537109375,15.763268607237773,2.3462612641898417,4.0,0.5254422869079257
0.0,FW_exact,exact,4.0,0.00019359588623046875,15.742912719063453,0.7190834313132619,5.0,0.5247637573021151
0.0,FW_exact,exact,5.0,0.00021886825561523438,15.714666344614441,0.7035037141866969,6.0,0.523822211487148
0.0,FW_exact,exact,6.0,0.00024175643920898438,15.700983600153823,0.5790448126026888,7.0,0.5233661200051274
0.0,FW_exact,exact,7.0,0.0002658367156982422,15.687077572756433,0.5259025071175376,8.0,0.5229025857585478
0.0,FW_exact,exact,8.0,0.0002906322479248047,15.681078540506073,0.3115212969900476,8.0,0.5227026180168691
0.0,FW_exact,exact,9.0,0.0003159046173095703,15.67960681219191,0.1842222792404531,8.0,0.522653560406397
0.0,FW_exact,exact,10.0,0.0003418922424316406,15.677594402935084,0.16556318972932438,8.0,0.5225864800978361
0.0,FW_exact,exact,11.0,0.0003657341003417969,15.676346933943316,0.15185805112388095,8.0,0.5225448977981105
0.0,FW_exact,exact,12.0,0.00039076805114746094,15.67361083782957,0.20795534283200645,8.0,0.522453694594319
0.0,FW_exact,exact,13.0,0.000415802001953125,15.673181059940925,0.10869645156304131,9.0,0.5224393686646975
0.0,FW_exact,exact,14.0,0.00043964385986328125,15.672502095470795,0.09526145765405225,9.0,0.5224167365156932
0.0,FW_exact,exact,15.0,0.0004658699035644531,15.671995959527214,0.08811873739817955,9.0,0.5223998653175738
0.0,FW_exact,exact,16.0,0.0004899501800537109,15.671150016346653,0.12476164125983402,9.0,0.5223716672115551
0.0,FW_exact,exact,17.0,0.0005137920379638672,15.670470776974303,0.12461212471342975,9.0,0.5223490258991434
0.0,FW_exact,exact,18.0,0.0005388259887695312,15.669985060023166,0.08632563717296371,9.0,0.5223328353341056
0.0,FW_exact,exact,19.0,0.0005629062652587891,15.669142014055145,0.13019761702032717,9.0,0.5223047338018382
0.0,FW_exact,exact,20.0,0.0005886554718017578,15.668601277834405,0.08493316818663565,9.0,0.5222867092611468
0.0,FW_exact,exact,21.0,0.0006127357482910156,15.667747615638648,0.11489674511782866,9.0,0.5222582538546215
0.0,FW_exact,exact,22.0,0.0006377696990966797,15.667149012550391,0.10476965078179035,9.0,0.5222383004183464
0.0,FW_exact,exact,23.0,0.0006625652313232422,15.666887345017054,0.07213624406937136,9.0,0.5222295781672351
0.0,FW_exact,exact,24.0,0.0006866455078125,15.666477835896343,0.07922840872294046,9.0,0.5222159278632115
0.0,FW_exact,exact,25.0,0.0007128715515136719,15.665709973304645,0.10150209639394525,9.0,0.5221903324434882
0.0,FW_exact,exact,26.0,0.0007376670837402344,15.66532667715387,0.08189281169049778,9.0,0.5221775559051289
0.0,FW_exact,exact,27.0,0.0007607936859130859,15.664963487856312,0.091961826992776,9.0,0.5221654495952104
0.0,FW_exact,exact,28.0,0.00078582763671875,15.664533314141396,0.0812445475854009,9.0,0.5221511104713799
0.0,FW_exact,exact,29.0,0.0008099079132080078,15.664219915459933,0.08439506923546247,9.0,0.5221406638486644
0.0,FW_exact,exact,30.0,0.0008356571197509766,15.663801455099447,0.07465566835805326,9.0,0.5221267151699815
0.0,FW_exact,exact,31.0,0.0008597373962402344,15.663479346584221,0.07502976039294218,9.0,0.5221159782194741
0.0,FW_exact,exact,32.0,0.0008838176727294922,15.663049275444575,0.08125063814248179,9.0,0.5221016425148192
0.0,FW_exact,exact,33.0,0.0009086132049560547,15.662271514385845,0.1250774216331969,9.0,0.5220757171461948
0.0,FW_exact,exact,34.0,0.0009326934814453125,15.661954956864776,0.0648558739019176,9.0,0.5220651652288258
0.0,FW_exact,exact,35.0,0.0009598731994628906,15.661302377051618,0.10035466850583852,9.0,0.5220434125683873
0.0,FW_exact,exact,36.0,0.0009837150573730469,15.660949130524516,0.08032499386209757,9.0,0.5220316376841505
0.0,FW_exact,exact,37.0,0.001008749008178711,15.660770941378669,0.0635401214770237,9.0,0.5220256980459557
0.0,FW_exact,exact,38.0,0.001033782958984375,15.66059447658241,0.05186457752558482,9.0,0.5220198158860804
0.0,FW_exact,exact,39.0,0.001058816909790039,15.660269822688388,0.0804707889009233,9.0,0.522008994089613
0.0,FW_exact,exact,40.0,0.0010857582092285156,15.659824709434503,0.07707003323074524,9.0,0.52199415698115
0.0,FW_exact,exact,41.0,0.001111745834350586,15.65933718168345,0.08660954046604097,9.0,0.5219779060561149
0.0,FW_exact,exact,42.0,0.0011377334594726562,15.658930694924486,0.08441956412066709,9.0,0.5219643564974829
0.0,FW_exact,exact,43.0,0.0011608600616455078,15.658680695235564,0.07055667560231704,9.0,0.5219560231745188
0.0,FW_exact,exact,44.0,0.0011849403381347656,15.658339136648172,0.06743079394077967,9.0,0.5219446378882724
0.0,FW_exact,exact,45.0,0.0012097358703613281,15.657823767015765,0.08909421177034105,9.0,0.5219274589005255
0.0,FW_exact,exact,46.0,0.001233816146850586,15.6576455366766,0.0635651347198749,9.0,0.52192151788922
0.0,FW_exact,exact,47.0,0.0012600421905517578,15.657429646552217,0.06269932150643776,9.0,0.5219143215517406
0.0,FW_exact,exact,48.0,0.0012836456298828125,15.657298716384691,0.044652005045762166,9.0,0.5219099572128231
0.0,FW_exact,exact,49.0,0.001306772232055664,15.657050722504659,0.07028264254376815,9.0,0.5219016907501552
0.0,FW_exact,exact,50.0,0.0013318061828613281,15.65670458891708,0.06790232026633447,9.0,0.5218901529639026
0.0,FW_exact,exact,51.0,0.001355886459350586,15.656326216765743,0.0762281433438794,9.0,0.5218775405588582
0.0,FW_exact,exact,52.0,0.0013818740844726562,15.656058489664888,0.06841024546917751,9.0,0.521868616322163
0.0,FW_exact,exact,53.0,0.0014069080352783203,15.655868850696868,0.06635820968450012,9.0,0.5218622950232289
0.0,FW_exact,exact,54.0,0.0014297962188720703,15.655511333439053,0.06903384184970562,9.0,0.5218503777813017
0.0,FW_exact,exact,55.0,0.0014557838439941406,15.65528706455044,0.05856073331752931,9.0,0.5218429021516813
0.0,FW_exact,exact,56.0,0.001481771469116211,15.654988128737578,0.07723373964233815,9.0,0.5218329376245859
0.0,FW_exact,exact,57.0,0.0015077590942382812,15.65483161774517,0.052216526400474805,9.0,0.5218277205915057
0.0,FW_exact,exact,58.0,0.0015308856964111328,15.654668306645313,0.04650681095458964,9.0,0.5218222768881771
0.0,FW_exact,exact,59.0,0.001554727554321289,15.654304281253756,0.07477467943821381,9.0,0.5218101427084585
0.0,FW_exact,exact,60.0,0.0015799999237060547,15.654082580527897,0.07096261043958307,9.0,0.5218027526842632
0.0,FW_exact,exact,61.0,0.001603841781616211,15.653896783189799,0.05815935588194421,9.0,0.52179655943966
0.0,FW_exact,exact,62.0,0.0016298294067382812,15.653765530743433,0.044728111449032326,9.0,0.5217921843581145
0.0,FW_exact,exact,63.0,0.001653909683227539,15.653554715523388,0.0647877683350373,9.0,0.5217851571841129
0.0,FW_exact,exact,64.0,0.0016777515411376953,15.65328384396903,0.060028681759732194,9.0,0.521776128132301
0.0,FW_exact,exact,65.0,0.0017027854919433594,15.6529754086532,0.06878762823684426,9.0,0.5217658469551066
0.0,FW_exact,exact,66.0,0.0017278194427490234,15.652812503852306,0.053291308270726034,9.0,0.5217604167950769
0.0,FW_exact,exact,67.0,0.001752614974975586,15.652661306300711,0.05481768586203373,9.0,0.5217553768766904
0.0,FW_exact,exact,68.0,0.0017766952514648438,15.652465473424735,0.05097845604753992,9.0,0.5217488491141579
0.0,FW_exact,exact,69.0,0.0018007755279541016,15.652173394234191,0.06692983210374592,9.0,0.5217391131411397
0.0,FW_exact,exact,70.0,0.001825571060180664,15.652028184034169,0.05737278745769281,9.0,0.5217342728011389
0.0,FW_exact,exact,71.0,0.0018496513366699219,15.651873790915808,0.05299874231831936,9.0,0.5217291263638603
0.0,FW_exact,exact,72.0,0.0018758773803710938,15.651798250960791,0.04180767979375233,9.0,0.5217266083653597
0.0,FW_exact,exact,73.0,0.0018999576568603516,15.651680995148727,0.04227404313259875,9.0,0.5217226998382909
0.0,FW_exact,exact,74.0,0.001922607421875,15.65139663925919,0.061535942843296,9.0,0.5217132213086396
0.0,FW_exact,exact,75.0,0.0019478797912597656,15.651261371719192,0.048543185271849865,9.0,0.5217087123906398
0.0,FW_exact,exact,76.0,0.001973867416381836,15.65113880838196,0.049335180790118116,9.0,0.5217046269460653
0.0,FW_exact,exact,77.0,0.0019986629486083984,15.650822723627012,0.0696628107942292,9.0,0.5216940907875671
0.0,FW_exact,exact,78.0,0.00202178955078125,15.650631641114938,0.05036566407401999,9.0,0.5216877213704979
0.0,FW_exact,exact,79.0,0.002045869827270508,15.650515737848005,0.04797248468867288,9.0,0.5216838579282669
0.0,FW_exact,exact,80.0,0.0020706653594970703,15.650319014171721,0.054855934192893585,9.0,0.5216773004723907
0.0,FW_exact,exact,81.0,0.002094745635986328,15.65017258524229,0.05161555490841785,9.0,0.5216724195080763
0.0,FW_exact,exact,82.0,0.0021209716796875,15.650059811732993,0.05053888593814193,9.0,0.5216686603910997
0.0,FW_exact,exact,83.0,0.00214385986328125,15.649973493374988,0.036250486076674804,9.0,0.5216657831124996
0.0,FW_exact,exact,84.0,0.0021677017211914062,15.649811332665664,0.04637579063092723,9.0,0.5216603777555221
0.0,FW_exact,exact,85.0,0.0021927356719970703,15.649677735093135,0.048249760422194754,9.0,0.5216559245031045
0.0,FW_exact,exact,86.0,0.002216815948486328,15.64952885835587,0.05878951102815044,9.0,0.5216509619451957
0.0,FW_exact,exact,87.0,0.0022428035736083984,15.649418705325644,0.040978903838986724,9.0,0.5216472901775214
0.0,FW_exact,exact,88.0,0.0022656917572021484,15.649268753439445,0.0546089010811599,9.0,0.5216422917813148
0.0,FW_exact,exact,89.0,0.0022897720336914062,15.649100316083352,0.047276227630675294,9.0,0.5216366772027784
0.0,FW_exact,exact,90.0,0.0023148059844970703,15.648894494348035,0.0561298099773353,9.0,0.5216298164782678
0.0,FW_exact,exact,91.0,0.0023386478424072266,15.648759661221183,0.04952605228172935,9.0,0.5216253220407061
0.0,FW_exact,exact,92.0,0.0023648738861083984,15.648692123562158,0.0365848024772486,9.0,0.5216230707854053
0.0,FW_exact,exact,93.0,0.002391815185546875,15.64859190628017,0.03908165898956639,9.0,0.521619730209339
0.0,FW_exact,exact,94.0,0.0024178028106689453,15.648396179528415,0.05099602311205764,9.0,0.5216132059842805
0.0,FW_exact,exact,95.0,0.002441883087158203,15.648281796185623,0.044634180121381206,9.0,0.5216093932061875
0.0,FW_exact,exact,96.0,0.0024650096893310547,15.648172946811854,0.04965622989025498,9.0,0.5216057648937285
0.0,FW_exact,exact,97.0,0.002489805221557617,15.647992618975515,0.05252028706546952,9.0,0.5215997539658505
0.0,FW_exact,exact,98.0,0.0025148391723632812,15.64783934135956,0.055222479733968655,9.0,0.5215946447119854
0.0,FW_exact,exact,99.0,0.0025398731231689453,15.647731820313277,0.03772576920490067,9.0,0.5215910606771093
0.0,FW_exact,exact,100.0,0.0025637149810791016,15.647564156483693,0.05063295332243811,9.0,0.5215854718827898
0.0,FW_exact,exact,101.0,0.0025877952575683594,15.64743524512275,0.047403596943032866,9.0,0.521581174837425
0.0,FW_exact,exact,102.0,0.002611875534057617,15.647349899256303,0.041150675575849505,9.0,0.5215783299752101
0.0,FW_exact,exact,103.0,0.002635955810546875,15.647255586098813,0.04253383194527949,10.0,0.5215751862032938
0.0,FW_exact,exact,104.0,0.0026617050170898438,15.647180887976587,0.03372352082378782,10.0,0.5215726962658862
0.0,FW_exact,exact,105.0,0.0026857852935791016,15.647044654409848,0.04250006822628016,10.0,0.521568155146995
0.0,FW_exact,exact,106.0,0.002708911895751953,15.64696139159004,0.03805844479952647,10.0,0.521565379719668
0.0,FW_exact,exact,107.0,0.0027337074279785156,15.646874861121859,0.04425770362854742,10.0,0.5215624953707286
0.0,FW_exact,exact,108.0,0.0027587413787841797,15.646742813693404,0.04490572479593702,10.0,0.5215580937897801
0.0,FW_exact,exact,109.0,0.0027837753295898438,15.646649517817185,0.0505281437742795,10.0,0.5215549839272395
0.0,FW_exact,exact,110.0,0.0028069019317626953,15.6465923902286,0.033644514991568286,10.0,0.5215530796742867
0.0,FW_exact,exact,111.0,0.0028307437896728516,15.646529919683331,0.03083106298305971,10.0,0.5215509973227778
0.0,FW_exact,exact,112.0,0.0028557777404785156,15.64636839809965,0.046307864187317804,10.0,0.5215456132699884
0.0,FW_exact,exact,113.0,0.0028798580169677734,15.646270765491526,0.04123015528526075,10.0,0.5215423588497176
0.0,FW_exact,exact,114.0,0.0029058456420898438,15.646190396154482,0.03499062464698177,10.0,0.521539679871816
0.0,FW_exact,exact,115.0,0.0029287338256835938,15.64606013987042,0.050893879165517575,10.0,0.5215353379956806
0.0,FW_exact,exact,116.0,0.0029528141021728516,15.645989710395675,0.030507836345874395,10.0,0.5215329903465225
0.0,FW_exact,exact,117.0,0.0029768943786621094,15.64586229568676,0.04411148622348193,10.0,0.5215287431895587
0.0,FW_exact,exact,118.0,0.003001689910888672,15.645725106284415,0.04997604573538972,10.0,0.5215241702094805
0.0,FW_exact,exact,119.0,0.003026723861694336,15.645620002305648,0.04880177451443224,10.0,0.5215206667435216
0.0,FW_exact,exact,120.0,0.0030508041381835938,15.645539722951547,0.03497394216206651,10.0,0.5215179907650516
0.0,FW_exact,exact,121.0,0.00307464599609375,15.645467394419732,0.03787740579668508,10.0,0.5215155798139911
0.0,FW_exact,exact,122.0,0.003098726272583008,15.645349526834083,0.03952410416116514,10.0,0.5215116508944695
0.0,FW_exact,exact,123.0,0.0031228065490722656,15.645227155371797,0.043228300384448914,10.0,0.5215075718457266
0.0,FW_exact,exact,124.0,0.003148794174194336,15.645127376903526,0.042589020490130025,10.0,0.5215042458967842
0.0,FW_exact,exact,125.0,0.003171682357788086,15.645055750454173,0.04073025403107167,10.0,0.5215018583484724
0.0,FW_exact,exact,126.0,0.0031957626342773438,15.644987118546881,0.03011879961688102,10.0,0.5214995706182294
0.0,FW_exact,exact,127.0,0.003220796585083008,15.64488218397322,0.0400152173834325,10.0,0.5214960727991074
0.0,FW_exact,exact,128.0,0.003245830535888672,15.644801367809853,0.040049619357178656,10.0,0.5214933789269951
0.0,FW_exact,exact,129.0,0.003270864486694336,15.644697540694159,0.042532018134552985,10.0,0.5214899180231386
0.0,FW_exact,exact,130.0,0.003293752670288086,15.644615610788103,0.03292331770969348,10.0,0.5214871870262701
0.0,FW_exact,exact,131.0,0.0033178329467773438,15.644471891642283,0.0468742554969932,10.0,0.5214823963880761
0.0,FW_exact,exact,132.0,0.0033416748046875,15.644386054659307,0.044089036354622024,10.0,0.5214795351553102
0.0,FW_exact,exact,133.0,0.003367900848388672,15.644337806806577,0.02894957368392781,10.0,0.5214779268935525
0.0,FW_exact,exact,134.0,0.0033936500549316406,15.644292116788565,0.030084810232727577,10.0,0.5214764038929521
0.0,FW_exact,exact,135.0,0.0034186840057373047,15.64422369113494,0.03228303926962006,10.0,0.5214741230378314
0.0,FW_exact,exact,136.0,0.0034418106079101562,15.644052745965004,0.04766586530099204,10.0,0.5214684248655002
0.0,FW_exact,exact,137.0,0.0034668445587158203,15.643996188058377,0.029339813674878812,10.0,0.5214665396019459
0.0,FW_exact,exact,138.0,0.0034906864166259766,15.64390236778715,0.04316908505223083,10.0,0.5214634122595717
0.0,FW_exact,exact,139.0,0.0035169124603271484,15.643839921092665,0.03366437294425495,10.0,0.5214613307030889
0.0,FW_exact,exact,140.0,0.0035409927368164062,15.64375670470458,0.03561929394236252,10.0,0.5214585568234861
0.0,FW_exact,exact,141.0,0.0035638809204101562,15.64365955743538,0.0358717739233807,10.0,0.5214553185811793
0.0,FW_exact,exact,142.0,0.0035886764526367188,15.643602224653952,0.036431387970456086,10.0,0.521453407488465
0.0,FW_exact,exact,143.0,0.0036139488220214844,15.643523443483334,0.037030298015512386,10.0,0.5214507814494445
0.0,FW_exact,exact,144.0,0.0036389827728271484,15.643460196909757,0.031035312109683133,10.0,0.5214486732303253
0.0,FW_exact,exact,145.0,0.0036628246307373047,15.64339248231529,0.03914566467123848,10.0,0.5214464160771763
0.0,FW_exact,exact,146.0,0.0036869049072265625,15.643323538152673,0.030195183054800623,10.0,0.5214441179384225
0.0,FW_exact,exact,147.0,0.0037109851837158203,15.643264420465433,0.030001902130727842,10.0,0.5214421473488478
0.0,FW_exact,exact,148.0,0.003735780715942383,15.643161025104575,0.045331653131729155,10.0,0.5214387008368192
0.0,FW_exact,exact,149.0,0.003760814666748047,15.643093069690295,0.034383329030344356,10.0,0.5214364356563431
0.0,FW_exact,exact,150.0,0.0037848949432373047,15.643042009052508,0.02787565069472997,10.0,0.5214347336350836
0.0,FW_exact,exact,151.0,0.0038077831268310547,15.642915327236695,0.040999396912082986,10.0,0.5214305109078898
0.0,FW_exact,exact,152.0,0.0038328170776367188,15.642873224303827,0.025304714110621518,10.0,0.5214291074767943
0.0,FW_exact,exact,153.0,0.0038568973541259766,15.64278609476967,0.04159945732675219,10.0,0.521426203158989
0.0,FW_exact,exact,154.0,0.003882884979248047,15.64272208285103,0.034089449069726996,10.0,0.5214240694283677
0.0,FW_exact,exact,155.0,0.003906726837158203,15.642641721283294,0.03500529793136664,10.0,0.5214213907094432
0.0,FW_exact,exact,156.0,0.003929853439331055,15.642586903578916,0.03521140295503322,10.0,0.5214195634526305
0.0,FW_exact,exact,157.0,0.003954887390136719,15.6425135788785,0.03114795391655356,10.0,0.52141711929595
0.0,FW_exact,exact,158.0,0.003979921340942383,15.642463019330195,0.029643745497500262,10.0,0.5214154339776732
0.0,FW_exact,exact,159.0,0.004004716873168945,15.642386829936303,0.034081521111192004,10.0,0.5214128943312101
0.0,FW_exact,exact,160.0,0.004028797149658203,15.642307507401046,0.03968632261403471,10.0,0.5214102502467015
0.0,FW_exact,exact,161.0,0.004052877426147461,15.642252771390767,0.02689552183548294,10.0,0.5214084257130256
0.0,FW_exact,exact,162.0,0.0040929317474365234,15.642166073550412,0.03636788487357556,10.0,0.5214055357850137
0.0,FW_exact,exact,163.0,0.0041179656982421875,15.642100220430525,0.034580469779434964,10.0,0.5214033406810175
0.0,FW_exact,exact,164.0,0.00414276123046875,15.642044648551694,0.0358706474890802,10.0,0.5214014882850565
0.0,FW_exact,exact,165.0,0.004166841506958008,15.641994434772464,0.0257571203951521,10.0,0.5213998144924155
0.0,FW_exact,exact,166.0,0.004190921783447266,15.641920486175906,0.03357643625162865,10.0,0.5213973495391968
0.0,FW_exact,exact,167.0,0.0042150020599365234,15.64186631174532,0.03277612997218249,10.0,0.521395543724844
0.0,FW_exact,exact,168.0,0.004239797592163086,15.641819550870704,0.028506790413802108,10.0,0.5213939850290235
0.0,FW_exact,exact,169.0,0.00426483154296875,15.641787444574412,0.026929689843173676,10.0,0.5213929148191471
0.0,FW_exact,exact,170.0,0.004288911819458008,15.641733756192629,0.02859153034059503,10.0,0.521391125206421
0.0,FW_exact,exact,171.0,0.004311800003051758,15.64161456698536,0.039768928129721104,10.0,0.5213871522328454
0.0,FW_exact,exact,172.0,0.004336833953857422,15.641574987517476,0.024536388633773498,10.0,0.5213858329172492
0.0,FW_exact,exact,173.0,0.004361867904663086,15.641516839133903,0.03396224542959736,10.0,0.5213838946377968
0.0,FW_exact,exact,174.0,0.004387617111206055,15.641459324824497,0.03162775379621863,10.0,0.5213819774941499
0.0,FW_exact,exact,175.0,0.004410743713378906,15.641422568532134,0.022026466022923685,10.0,0.5213807522844045
0.0,FW_exact,exact,176.0,0.004434823989868164,15.641339827836942,0.03552817878228964,10.0,0.5213779942612314
0.0,FW_exact,exact,177.0,0.004459857940673828,15.641295126846321,0.03179070041545806,10.0,0.5213765042282107
0.0,FW_exact,exact,178.0,0.004482746124267578,15.641237800035617,0.03225909744546129,10.0,0.5213745933345205
0.0,FW_exact,exact,179.0,0.004507780075073242,15.641203618277576,0.02279791299025824,10.0,0.5213734539425858
0.0,FW_exact,exact,180.0,0.004532814025878906,15.64114770009732,0.03330362510039997,10.0,0.5213715900032441
0.0,FW_exact,exact,181.0,0.0045566558837890625,15.641079899844895,0.02995270465219413,10.0,0.5213693299948299
0.0,FW_exact,exact,182.0,0.0045816898345947266,15.640999216950199,0.03508312484742149,10.0,0.5213666405650066
0.0,FW_exact,exact,183.0,0.0046079158782958984,15.640961525080497,0.026140770848623873,10.0,0.5213653841693499
0.0,FW_exact,exact,184.0,0.004632711410522461,15.640920843296339,0.03068030167531255,10.0,0.5213640281098779
0.0,FW_exact,exact,185.0,0.004657745361328125,15.640876135755008,0.024302699139338912,10.0,0.5213625378585003
0.0,FW_exact,exact,186.0,0.004681825637817383,15.640821900060342,0.02874089883075115,10.0,0.5213607300020114
0.0,FW_exact,exact,187.0,0.004705667495727539,15.640771879514968,0.031493915894420965,10.0,0.5213590626504989
0.0,FW_exact,exact,188.0,0.004731893539428711,15.640719454993754,0.03019348225862828,10.0,0.5213573151664584
0.0,FW_exact,exact,189.0,0.004755973815917969,15.640676556042244,0.02380498830092037,10.0,0.5213558852014082
0.0,FW_exact,exact,190.0,0.004778861999511719,15.640595479334312,0.0351709053688527,10.0,0.521353182644477
0.0,FW_exact,exact,191.0,0.0048067569732666016,15.640542285637531,0.03469058048069229,10.0,0.521351409521251
0.0,FW_exact,exact,192.0,0.004831790924072266,15.640514588729136,0.02192601786093107,10.0,0.5213504862909712
0.0,FW_exact,exact,193.0,0.004857778549194336,15.640490009327465,0.022056561458542845,10.0,0.5213496669775821
0.0,FW_exact,exact,194.0,0.004881858825683594,15.640450548963624,0.02450295752418974,10.0,0.5213483516321208
0.0,FW_exact,exact,195.0,0.004906892776489258,15.640352860603674,0.03599012966093085,10.0,0.5213450953534557
0.0,FW_exact,exact,196.0,0.004930734634399414,15.640320368381227,0.0222282674204326,10.0,0.5213440122793742
0.0,FW_exact,exact,197.0,0.004953861236572266,15.640266040096309,0.03282810742834741,10.0,0.5213422013365436
0.0,FW_exact,exact,198.0,0.00497889518737793,15.640228033861206,0.026252001867947072,10.0,0.5213409344620402
0.0,FW_exact,exact,199.0,0.0050029754638671875,15.640178669605856,0.027417352383254823,10.0,0.5213392889868619
0.0,FW_exact,exact,200.0,0.005028724670410156,15.640121603622385,0.027473239566621288,10.0,0.5213373867874128
0.0,FW_exact,exact,201.0,0.005052804946899414,15.640090245927794,0.02692913336045244,10.0,0.5213363415309265
0.0,FW_exact,exact,202.0,0.005075931549072266,15.640045924684895,0.027756470238584185,10.0,0.5213348641561631
0.0,FW_exact,exact,203.0,0.005100727081298828,15.640009080902603,0.023675446512241294,10.0,0.5213336360300868
0.0,FW_exact,exact,204.0,0.005124807357788086,15.639967731378338,0.030576040217658473,10.0,0.5213322577126113
0.0,FW_exact,exact,205.0,0.005150794982910156,15.639928424679205,0.022785592144334288,10.0,0.5213309474893069
0.0,FW_exact,exact,206.0,0.005173921585083008,15.639893711672704,0.02297889428869837,10.0,0.5213297903890901
0.0,FW_exact,exact,207.0,0.005197763442993164,15.639831883627034,0.03503004349411398,10.0,0.5213277294542344
0.0,FW_exact,exact,208.0,0.005221843719482422,15.639791480258781,0.026498243670127763,10.0,0.5213263826752927
0.0,FW_exact,exact,209.0,0.00524592399597168,15.639760813824456,0.024226615417271447,10.0,0.5213253604608152
0.0,FW_exact,exact,210.0,0.0052716732025146484,15.639720094067679,0.02489456409335311,10.0,0.5213240031355892
0.0,FW_exact,exact,211.0,0.005295753479003906,15.639686055245123,0.024841673933176267,10.0,0.5213228685081708
0.0,FW_exact,exact,212.0,0.005318880081176758,15.639642332925748,0.02403695315227594,10.0,0.521321411097525
0.0,FW_exact,exact,213.0,0.005343914031982422,15.639599880668921,0.025420794552745818,10.0,0.5213199960222974
0.0,FW_exact,exact,214.0,0.005367755889892578,15.639528847857372,0.03755786282835416,10.0,0.5213176282619124
0.0,FW_exact,exact,215.0,0.0053937435150146484,15.639505943208377,0.018656092859179907,10.0,0.5213168647736126
0.0,FW_exact,exact,216.0,0.005417823791503906,15.63945682043324,0.025484506420735187,10.0,0.5213152273477747
0.0,FW_exact,exact,217.0,0.005440950393676758,15.639421569537559,0.024747116044313344,10.0,0.5213140523179186
0.0,FW_exact,exact,218.0,0.00546574592590332,15.63938388703254,0.02918670438132409,10.0,0.5213127962344181
0.0,FW_exact,exact,219.0,0.005489826202392578,15.639332019070466,0.028109714532698504,10.0,0.5213110673023489
0.0,FW_exact,exact,220.0,0.0055158138275146484,15.639302446189081,0.028417237300606857,10.0,0.521310081539636
0.0,FW_exact,exact,221.0,0.0055387020111083984,15.639284371928907,0.018910261034651654,10.0,0.5213094790642969
0.0,FW_exact,exact,222.0,0.005562782287597656,15.639257306347183,0.018898395311614635,10.0,0.5213085768782394
0.0,FW_exact,exact,223.0,0.00558781623840332,15.639201687506153,0.029112681129108253,10.0,0.5213067229168717
0.0,FW_exact,exact,224.0,0.005611896514892578,15.63914941370622,0.03080676041842878,10.0,0.521304980456874
0.0,FW_exact,exact,225.0,0.005636692047119141,15.639133370294797,0.019027569781114195,10.0,0.5213044456764933
0.0,FW_exact,exact,226.0,0.0056607723236083984,15.639110808987242,0.01851636040216853,10.0,0.5213036936329081
0.0,FW_exact,exact,227.0,0.00568389892578125,15.639077641493419,0.025634626770305147,10.0,0.5213025880497806
0.0,FW_exact,exact,228.0,0.005709648132324219,15.639031343189794,0.024739819835453147,10.0,0.5213010447729931
0.0,FW_exact,exact,229.0,0.00573277473449707,15.638979513354945,0.02810064822825531,10.0,0.5212993171118315
0.0,FW_exact,exact,230.0,0.005753755569458008,15.638930273714326,0.029264866230654718,10.0,0.5212976757904776
0.0,FW_exact,exact,231.0,0.005776882171630859,15.63890212747996,0.02361021647499939,10.0,0.5212967375826654
0.0,FW_exact,exact,232.0,0.0058019161224365234,15.638862585822851,0.022857527788673337,10.0,0.5212954195274284
0.0,FW_exact,exact,233.0,0.0058307647705078125,15.638801301704483,0.030566841671596734,10.0,0.5212933767234827
0.0,FW_exact,exact,234.0,0.00585484504699707,15.638777370424133,0.02324843469955873,10.0,0.5212925790141377
0.0,FW_exact,exact,235.0,0.005878925323486328,15.638750966977563,0.021873932248936967,10.0,0.5212916988992521
0.0,FW_exact,exact,236.0,0.005904674530029297,15.63873338824474,0.020153059131303053,10.0,0.5212911129414913
0.0,FW_exact,exact,237.0,0.005928754806518555,15.638707396384937,0.018520226733091505,10.0,0.5212902465461646
0.0,FW_exact,exact,238.0,0.005962848663330078,15.638651480621172,0.02919270035785182,10.0,0.5212883826873724
0.0,FW_exact,exact,239.0,0.005986690521240234,15.638616085450593,0.0264850065909652,10.0,0.5212872028483531
0.0,FW_exact,exact,240.0,0.0060117244720458984,15.638579977192599,0.025049550174159663,10.0,0.5212859992397533
0.0,FW_exact,exact,241.0,0.00603795051574707,15.63854123161805,0.022626577703556805,10.0,0.5212847077206016
0.0,FW_exact,exact,242.0,0.0060617923736572266,15.638477580856986,0.03115517657896305,10.0,0.5212825860285661
0.0,FW_exact,exact,243.0,0.0060846805572509766,15.638446195379302,0.02493630999088481,10.0,0.5212815398459767
0.0,FW_exact,exact,244.0,0.006109952926635742,15.638421910029813,0.017901026946589127,10.0,0.5212807303343271
0.0,FW_exact,exact,245.0,0.0061337947845458984,15.638385451850898,0.023555885643643748,10.0,0.5212795150616966
0.0,FW_exact,exact,246.0,0.006159782409667969,15.638349282530221,0.02561324797604314,10.0,0.5212783094176741
0.0,FW_exact,exact,247.0,0.0061838626861572266,15.63832242811468,0.024631403693712528,10.0,0.5212774142704893
0.0,FW_exact,exact,248.0,0.0062067508697509766,15.63830123623266,0.017946179896927816,10.0,0.521276707874422
0.0,FW_exact,exact,249.0,0.006231784820556641,15.638279980806391,0.02051239775927982,10.0,0.5212759993602131
0.0,FW_exact,exact,250.0,0.0062558650970458984,15.638246284046625,0.02109701680140752,10.0,0.5212748761348875
0.0,FW_exact,exact,251.0,0.0062808990478515625,15.638204829136482,0.02684682560932572,10.0,0.5212734943045494
0.0,FW_exact,exact,252.0,0.0063037872314453125,15.63815510344571,0.02752524250287358,10.0,0.5212718367815237
0.0,FW_exact,exact,253.0,0.006327629089355469,15.638128933311041,0.0246002591390706,10.0,0.5212709644437014
0.0,FW_exact,exact,254.0,0.006352901458740234,15.638078030877058,0.02594926247941487,10.0,0.5212692676959019
0.0,FW_exact,exact,255.0,0.0063779354095458984,15.638056266780415,0.018188017526911793,10.0,0.5212685422260138
0.0,FW_exact,exact,256.0,0.006437778472900391,15.63802067921143,0.026558684276185573,10.0,0.5212673559737143
0.0,FW_exact,exact,257.0,0.0064697265625,15.637987709029131,0.0239348870165923,10.0,0.5212662569676377
0.0,FW_exact,exact,258.0,0.006496906280517578,15.637968659318206,0.01701364152515339,10.0,0.5212656219772736
0.0,FW_exact,exact,259.0,0.006521701812744141,15.637918722888223,0.025701516318655138,10.0,0.5212639574296074
0.0,FW_exact,exact,260.0,0.006548881530761719,15.637899231698015,0.020978603354574688,10.0,0.5212633077232671
0.0,FW_exact,exact,261.0,0.0065746307373046875,15.637867462982713,0.021985785814553793,10.0,0.5212622487660904
0.0,FW_exact,exact,262.0,0.006600856781005859,15.637830104180459,0.026033699370927366,10.0,0.521261003472682
0.0,FW_exact,exact,263.0,0.006626605987548828,15.637802811451705,0.023251223014455036,10.0,0.5212600937150568
0.0,FW_exact,exact,264.0,0.00665283203125,15.63776928773008,0.022586976473109033,10.0,0.5212589762576694
0.0,FW_exact,exact,265.0,0.006678581237792969,15.637728914695886,0.02310138401869999,10.0,0.5212576304898628
0.0,FW_exact,exact,266.0,0.006704807281494141,15.637710920806018,0.02039187317707203,10.0,0.5212570306935339
0.0,FW_exact,exact,267.0,0.006730794906616211,15.63768378028017,0.02171121565380396,10.0,0.521256126009339
0.0,FW_exact,exact,268.0,0.006756782531738281,15.637658793814401,0.019492363550769554,10.0,0.5212552931271467
0.0,FW_exact,exact,269.0,0.0067827701568603516,15.637630794319438,0.02355147426875348,10.0,0.5212543598106479
0.0,FW_exact,exact,270.0,0.006807804107666016,15.637598120810896,0.02077525649851175,10.0,0.5212532706936965
0.0,FW_exact,exact,271.0,0.006833791732788086,15.637558301692218,0.024623835914013625,10.0,0.5212519433897406
0.0,FW_exact,exact,272.0,0.00685882568359375,15.637532063805427,0.02434810995547032,10.0,0.5212510687935142
0.0,FW_exact,exact,273.0,0.00688481330871582,15.637501218623221,0.023650210084124268,10.0,0.5212500406207741
0.0,FW_exact,exact,274.0,0.006909847259521484,15.637482115790414,0.017038493698127155,10.0,0.5212494038596804
0.0,FW_exact,exact,275.0,0.006935596466064453,15.637459878980355,0.02098332760561128,10.0,0.5212486626326785
0.0,FW_exact,exact,276.0,0.006960868835449219,15.637425681322213,0.021256392553389958,10.0,0.5212475227107405
0.0,FW_exact,exact,277.0,0.006986856460571289,15.637388944419314,0.023649142050450322,10.0,0.5212462981473105
0.0,FW_exact,exact,278.0,0.0070116519927978516,15.637355119880908,0.024245645774350066,10.0,0.5212451706626969
0.0,FW_exact,exact,279.0,0.0070378780364990234,15.637335115226138,0.02125471187094874,10.0,0.5212445038408713
0.0,FW_exact,exact,280.0,0.007062673568725586,15.637313243863119,0.016988567735115367,10.0,0.5212437747954373
0.0,FW_exact,exact,281.0,0.00708770751953125,15.637285460340532,0.02055832743328523,10.0,0.5212428486780177
0.0,FW_exact,exact,282.0,0.007112741470336914,15.637243126356518,0.028976214145213675,10.0,0.5212414375452172
0.0,FW_exact,exact,283.0,0.007138729095458984,15.63722613144627,0.017172390613994892,10.0,0.521240871048209
0.0,FW_exact,exact,284.0,0.007164716720581055,15.637206795384863,0.017143047007541767,10.0,0.5212402265128288
0.0,FW_exact,exact,285.0,0.00718998908996582,15.637157273338703,0.025597200058614433,10.0,0.5212385757779567
0.0,FW_exact,exact,286.0,0.007214784622192383,15.63714036420882,0.01976756807302671,10.0,0.521238012140294
0.0,FW_exact,exact,287.0,0.0072367191314697266,15.63712013934357,0.01753371940873194,10.0,0.521237337978119
0.0,FW_exact,exact,288.0,0.007260799407958984,15.637087812837489,0.024214050869083792,10.0,0.5212362604279163
0.0,FW_exact,exact,289.0,0.0072858333587646484,15.637072773749516,0.01725052705183039,10.0,0.5212357591249839
0.0,FW_exact,exact,290.0,0.007310628890991211,15.637049404272032,0.01885102004987793,10.0,0.5212349801424011
0.0,FW_exact,exact,291.0,0.0073359012603759766,15.637006708735287,0.02376151927348502,10.0,0.5212335569578429
0.0,FW_exact,exact,292.0,0.007361650466918945,15.636992560521085,0.01566601556121583,10.0,0.5212330853507028
0.0,FW_exact,exact,293.0,0.007387876510620117,15.63697551168194,0.019619509426123116,10.0,0.5212325170560647
0.0,FW_exact,exact,294.0,0.007412910461425781,15.636941132599338,0.022876673412524084,10.0,0.5212313710866446
0.0,FW_exact,exact,295.0,0.007437705993652344,15.636907833835489,0.025691076239471755,10.0,0.5212302611278496
0.0,FW_exact,exact,296.0,0.007463932037353516,15.63688848314294,0.015978231764004036,10.0,0.5212296161047647
0.0,FW_exact,exact,297.0,0.00748896598815918,15.636854571913684,0.022720272643667272,10.0,0.5212284857304561
0.0,FW_exact,exact,298.0,0.0075147151947021484,15.63682897994105,0.02153894991987748,10.0,0.5212276326647017
0.0,FW_exact,exact,299.0,0.00754094123840332,15.63681893928987,0.01522702892169292,10.0,0.521227297976329
0.0,FW_exact,exact,300.0,0.007566690444946289,15.636802516558653,0.014717226486073542,10.0,0.5212267505519551
0.0,FW_exact,exact,301.0,0.007592916488647461,15.636777330614965,0.01957249132106398,10.0,0.5212259110204989
0.0,FW_exact,exact,302.0,0.007616996765136719,15.636751999542382,0.022400513404601696,10.0,0.5212250666514128
0.0,FW_exact,exact,303.0,0.007640838623046875,15.63672671147492,0.02095767513000979,10.0,0.5212242237158307
0.0,FW_exact,exact,304.0,0.007666826248168945,15.636710292276984,0.017720698961745995,10.0,0.5212236764092328
0.0,FW_exact,exact,305.0,0.007691860198974609,15.636691454360118,0.016921437720064603,10.0,0.5212230484786706
0.0,FW_exact,exact,306.0,0.007716655731201172,15.636671015524296,0.02148583231335266,10.0,0.5212223671841432
0.0,FW_exact,exact,307.0,0.00774073600769043,15.636646679198812,0.017924689848605624,10.0,0.5212215559732937
0.0,FW_exact,exact,308.0,0.007767677307128906,15.636623853142407,0.019909188331899585,10.0,0.5212207951047468
0.0,FW_exact,exact,309.0,0.007794857025146484,15.636596262571558,0.020488484730925904,10.0,0.5212198754190519
0.0,FW_exact,exact,310.0,0.007826805114746094,15.636561668055482,0.026188388432338172,10.0,0.5212187222685161
0.0,FW_exact,exact,311.0,0.007852792739868164,15.636540237622041,0.016817986431515664,10.0,0.5212180079207347
0.0,FW_exact,exact,312.0,0.007877826690673828,15.636504044314878,0.023475717450672562,10.0,0.5212168014771625
0.0,FW_exact,exact,313.0,0.007913827896118164,15.636484367157058,0.018881795081373554,10.0,0.5212161455719019
0.0,FW_exact,exact,314.0,0.00793766975402832,15.636470709850391,0.017557532632311634,10.0,0.5212156903283464
0.0,FW_exact,exact,315.0,0.007962703704833984,15.636459434060818,0.013085450889924743,10.0,0.521215314468694
0.0,FW_exact,exact,316.0,0.007986783981323242,15.636440418127819,0.019403160702035294,10.0,0.5212146806042607
0.0,FW_exact,exact,317.0,0.008012771606445312,15.636413075683457,0.0190032959683073,10.0,0.5212137691894486
0.0,FW_exact,exact,318.0,0.008035659790039062,15.636382783542365,0.021471511887140693,10.0,0.5212127594514121
0.0,FW_exact,exact,319.0,0.008057832717895508,15.63635320901979,0.02266982750788138,10.0,0.521211773633993
0.0,FW_exact,exact,320.0,0.008084774017333984,15.636340831638888,0.01837488432139267,10.0,0.5212113610546296
0.0,FW_exact,exact,321.0,0.00810861587524414,15.636321333136962,0.016040670496012766,10.0,0.5212107111045654
0.0,FW_exact,exact,322.0,0.008131742477416992,15.636298318093385,0.018709021065623332,10.0,0.5212099439364462
0.0,FW_exact,exact,323.0,0.008157730102539062,15.636265015129052,0.02569437151807108,10.0,0.521208833837635
0.0,FW_exact,exact,324.0,0.008183002471923828,15.63625422765785,0.012798834008279414,10.0,0.5212084742552616
0.0,FW_exact,exact,325.0,0.008208751678466797,15.636229117937688,0.018209214787825445,10.0,0.5212076372645896
0.0,FW_exact,exact,326.0,0.008231878280639648,15.636209009071939,0.018684933005658877,10.0,0.5212069669690647
0.0,FW_exact,exact,327.0,0.008255958557128906,15.636190236819116,0.020590477688942954,10.0,0.5212063412273039
0.0,FW_exact,exact,328.0,0.008280754089355469,15.636163383352681,0.020213369904787726,10.0,0.521205446111756
0.0,FW_exact,exact,329.0,0.008306741714477539,15.636143523655482,0.01983041043199485,10.0,0.5212047841218495
0.0,FW_exact,exact,330.0,0.00833272933959961,15.636130510797475,0.015349574438440428,10.0,0.5212043503599159
0.0,FW_exact,exact,331.0,0.008359909057617188,15.636112816999757,0.016399653230529054,10.0,0.5212037605666586
0.0,FW_exact,exact,332.0,0.008385658264160156,15.63607187368174,0.02327039422831234,10.0,0.5212023957893913
0.0,FW_exact,exact,333.0,0.008409738540649414,15.636055078875426,0.01970236929208191,10.0,0.5212018359625142
0.0,FW_exact,exact,334.0,0.008432865142822266,15.636038043663234,0.016091057458156754,10.0,0.5212012681221078
0.0,FW_exact,exact,335.0,0.00845789909362793,15.63601638883279,0.01981099844894274,10.0,0.5212005462944264
0.0,FW_exact,exact,336.0,0.008481740951538086,15.636007662315432,0.01403084077133876,10.0,0.5212002554105144
0.0,FW_exact,exact,337.0,0.008510828018188477,15.635997443292402,0.01245691306811203,10.0,0.5211999147764134
0.0,FW_exact,exact,338.0,0.008533954620361328,15.63597280087623,0.018039214994859165,10.0,0.521199093362541
0.0,FW_exact,exact,339.0,0.008557796478271484,15.635955020379575,0.018761986760720717,10.0,0.5211985006793192
0.0,FW_exact,exact,340.0,0.008582830429077148,15.635927240968106,0.020560482733118945,10.0,0.5211975746989369
0.0,FW_exact,exact,341.0,0.008607864379882812,15.635896530139552,0.023103594758273616,10.0,0.5211965510046518
0.0,FW_exact,exact,342.0,0.008633852005004883,15.635874010406484,0.017242961912666388,10.0,0.5211958003468828
0.0,FW_exact,exact,343.0,0.008656740188598633,15.63585866743618,0.017426386168269303,10.0,0.5211952889145394
0.0,FW_exact,exact,344.0,0.00868082046508789,15.63582374160434,0.023061809831784075,10.0,0.5211941247201447
0.0,FW_exact,exact,345.0,0.008705615997314453,15.635810437935172,0.01732939152062407,10.0,0.5211936812645057
0.0,FW_exact,exact,346.0,0.008729696273803711,15.63579657866444,0.015507074204181848,10.0,0.5211932192888147
0.0,FW_exact,exact,347.0,0.008755922317504883,15.63577771153576,0.015779507105893487,10.0,0.5211925903845253
0.0,FW_exact,exact,348.0,0.00878000259399414,15.635758035810598,0.017296606817646776,10.0,0.52119193452702
0.0,FW_exact,exact,349.0,0.008803844451904297,15.635726987182233,0.024808621064204672,10.0,0.5211908995727411
0.0,FW_exact,exact,350.0,0.008828878402709961,15.63571693028392,0.01235799942978133,10.0,0.5211905643427973
0.0,FW_exact,exact,351.0,0.008852958679199219,15.635699078814898,0.01798431019796709,10.0,0.52118996929383
0.0,FW_exact,exact,352.0,0.008878707885742188,15.63567816750789,0.016614699630915553,10.0,0.521189272250263
0.0,FW_exact,exact,353.0,0.008903741836547852,15.635662207116612,0.019206528897029784,10.0,0.5211887402372204
0.0,FW_exact,exact,354.0,0.00892782211303711,15.63563707401101,0.019554835806209425,10.0,0.5211879024670336
0.0,FW_exact,exact,355.0,0.008952617645263672,15.635621155510304,0.014491633111278546,10.0,0.5211873718503435
0.0,FW_exact,exact,356.0,0.008978843688964844,15.635601040243145,0.018689224816101913,10.0,0.5211867013414382
0.0,FW_exact,exact,357.0,0.009004592895507812,15.635587009864564,0.01666348385356997,10.0,0.5211862336621521
0.0,FW_exact,exact,358.0,0.009029865264892578,15.635559962003931,0.020288209053758166,10.0,0.5211853320667977
0.0,FW_exact,exact,359.0,0.009055852890014648,15.63554147475619,0.020434467088787045,10.0,0.5211847158252063
0.0,FW_exact,exact,360.0,0.009079694747924805,15.635524889502278,0.014792904040135113,10.0,0.5211841629834093
0.0,FW_exact,exact,361.0,0.009103775024414062,15.635509866515376,0.015109955538438413,10.0,0.5211836622171792
0.0,FW_exact,exact,362.0,0.009128808975219727,15.635487058810215,0.020333874109422112,10.0,0.5211829019603405
0.0,FW_exact,exact,363.0,0.009153604507446289,15.635471310052232,0.017656427710429412,10.0,0.5211823770017411
0.0,FW_exact,exact,364.0,0.009179830551147461,15.635451375521896,0.017410954366132714,10.0,0.5211817125173965
0.0,FW_exact,exact,365.0,0.009203910827636719,15.635427464836324,0.01777011431930653,10.0,0.5211809154945442
0.0,FW_exact,exact,366.0,0.009227991104125977,15.635413312947458,0.015670911299075385,10.0,0.5211804437649152
0.0,FW_exact,exact,367.0,0.009252786636352539,15.63539894746118,0.018220495318054475,10.0,0.5211799649153727
0.0,FW_exact,exact,368.0,0.009277820587158203,15.635384004089087,0.01507003509986582,10.0,0.5211794668029696
0.0,FW_exact,exact,369.0,0.009303808212280273,15.635369262007575,0.017081987723061687,10.0,0.5211789754002525
0.0,FW_exact,exact,370.0,0.00932765007019043,15.635349174912301,0.016283974557888214,10.0,0.52117830583041
0.0,FW_exact,exact,371.0,0.009351730346679688,15.635326339235554,0.018638183201003855,10.0,0.5211775446411852
0.0,FW_exact,exact,372.0,0.009377002716064453,15.635310938074815,0.01670285915584202,10.0,0.5211770312691605
0.0,FW_exact,exact,373.0,0.00940084457397461,15.635295333619466,0.018771419231967457,10.0,0.5211765111206489
0.0,FW_exact,exact,374.0,0.009427785873413086,15.635285033175078,0.01250769757612602,10.0,0.5211761677725026
0.0,FW_exact,exact,375.0,0.009451866149902344,15.635272600972444,0.015684694338432337,10.0,0.5211757533657482
0.0,FW_exact,exact,376.0,0.0094757080078125,15.635253367542884,0.0159335855216991,10.0,0.5211751122514294
0.0,FW_exact,exact,377.0,0.009500741958618164,15.635230934071775,0.019740019272589393,10.0,0.5211743644690592
0.0,FW_exact,exact,378.0,0.009524822235107422,15.635202427782696,0.020830460035297094,10.0,0.5211734142594232
0.0,FW_exact,exact,379.0,0.009550809860229492,15.635187570959818,0.01714876592476955,10.0,0.5211729190319939
0.0,FW_exact,exact,380.0,0.00957489013671875,15.635166861007852,0.01653559780778302,10.0,0.5211722287002617
0.0,FW_exact,exact,381.0,0.009598970413208008,15.63514357113196,0.018823536137299257,10.0,0.5211714523710653
0.0,FW_exact,exact,382.0,0.00962376594543457,15.635132413851265,0.01586889722148399,10.0,0.5211710804617088
0.0,FW_exact,exact,383.0,0.009648799896240234,15.63511395024934,0.017904896448866836,10.0,0.5211704650083113
0.0,FW_exact,exact,384.0,0.009674787521362305,15.635100534617726,0.013302337046162904,10.0,0.5211700178205908
0.0,FW_exact,exact,385.0,0.009698629379272461,15.635084287988201,0.015715403269593864,10.0,0.5211694762662734
0.0,FW_exact,exact,386.0,0.009722709655761719,15.635058155961676,0.022756609660524063,10.0,0.5211686051987225
0.0,FW_exact,exact,387.0,0.009747743606567383,15.635049686040963,0.011340595892974648,10.0,0.521168322868032
0.0,FW_exact,exact,388.0,0.00977182388305664,15.635034969106012,0.016327437927641242,10.0,0.5211678323035337
0.0,FW_exact,exact,389.0,0.009798765182495117,15.635017513806726,0.015178005811963047,10.0,0.5211672504602242
0.0,FW_exact,exact,390.0,0.009822845458984375,15.634999937961236,0.016347179919717902,10.0,0.5211666645987079
0.0,FW_exact,exact,391.0,0.009846925735473633,15.634983234824785,0.018185417740996357,10.0,0.5211661078274928
0.0,FW_exact,exact,392.0,0.009871721267700195,15.634976268597434,0.012535574622084766,10.0,0.5211658756199145
0.0,FW_exact,exact,393.0,0.009895801544189453,15.634964905649785,0.014040206756487095,10.0,0.5211654968549928
0.0,FW_exact,exact,394.0,0.009921789169311523,15.634950229849606,0.014935093543686051,10.0,0.5211650076616535
0.0,FW_exact,exact,395.0,0.00994563102722168,15.634919325084466,0.020211585358266504,10.0,0.5211639775028155
0.0,FW_exact,exact,396.0,0.009969711303710938,15.634904947419681,0.01822900969143859,10.0,0.5211634982473227
0.0,FW_exact,exact,397.0,0.009994983673095703,15.63489189822288,0.01408165149910623,10.0,0.521163063274096
0.0,FW_exact,exact,398.0,0.010019779205322266,15.634875037593144,0.0174786953404773,10.0,0.5211625012531048
0.0,FW_exact,exact,399.0,0.010045766830444336,15.63486897556339,0.011693006122804661,10.0,0.5211622991854463
0.0,FW_exact,exact,400.0,0.010069847106933594,15.634861299708021,0.010795412177515118,10.0,0.5211620433236007
0.0,FW_exact,exact,401.0,0.01009368896484375,15.634841983291976,0.01596900360336484,10.0,0.5211613994430658
0.0,FW_exact,exact,402.0,0.010118722915649414,15.634829312436393,0.015835473518238885,10.0,0.5211609770812131
0.0,FW_exact,exact,403.0,0.01014399528503418,15.634808426941564,0.017823878161154383,10.0,0.5211602808980521
0.0,FW_exact,exact,404.0,0.010169744491577148,15.63478775717812,0.01894740337017886,10.0,0.5211595919059373
0.0,FW_exact,exact,405.0,0.010193824768066406,15.63477575756413,0.015148154980993311,10.0,0.5211591919188043
0.0,FW_exact,exact,406.0,0.010217905044555664,15.634764731314544,0.014770600735378281,10.0,0.5211588243771514
0.0,FW_exact,exact,407.0,0.010242700576782227,15.634754466862335,0.012486663828386924,10.0,0.5211584822287445
0.0,FW_exact,exact,408.0,0.01026773452758789,15.634733224907402,0.01674827477385854,10.0,0.5211577741635801
0.0,FW_exact,exact,409.0,0.010293960571289062,15.634721539075686,0.014239014613135481,10.0,0.5211573846358563
0.0,FW_exact,exact,410.0,0.010317802429199219,15.634712310289016,0.014431144614986735,10.0,0.5211570770096339
0.0,FW_exact,exact,411.0,0.010341882705688477,15.634693670534343,0.016836437651004843,10.0,0.5211564556844781
0.0,FW_exact,exact,412.0,0.01036691665649414,15.634676660684582,0.018352501618187134,10.0,0.521155888689486
0.0,FW_exact,exact,413.0,0.010391712188720703,15.634665043800819,0.01237756178975502,10.0,0.5211555014600273
0.0,FW_exact,exact,414.0,0.010417699813842773,15.634646371141859,0.016851429541164364,10.0,0.5211548790380619
0.0,FW_exact,exact,415.0,0.010441780090332031,15.634628392304675,0.018050618984521094,10.0,0.5211542797434892
0.0,FW_exact,exact,416.0,0.010465621948242188,15.634619123853293,0.01463181483101117,10.0,0.5211539707951097
0.0,FW_exact,exact,417.0,0.010490655899047852,15.634608999739905,0.011553625842068982,10.0,0.5211536333246635
0.0,FW_exact,exact,418.0,0.010515928268432617,15.634591998910066,0.016077841405735427,10.0,0.5211530666303356
0.0,FW_exact,exact,419.0,0.010541677474975586,15.63457857489656,0.01630048973300724,10.0,0.5211526191632186
0.0,FW_exact,exact,420.0,0.010564804077148438,15.634564728177303,0.015502242862726945,10.0,0.52115215760591
0.0,FW_exact,exact,421.0,0.010588884353637695,15.634551923208054,0.012996538110838785,10.0,0.5211517307736018
0.0,FW_exact,exact,422.0,0.01061391830444336,15.634529011093084,0.0186713893463466,10.0,0.5211509670364362
0.0,FW_exact,exact,423.0,0.010638713836669922,15.634513559717583,0.01868026118254207,10.0,0.5211504519905861
0.0,FW_exact,exact,424.0,0.010664939880371094,15.634508252127011,0.012028608707309374,10.0,0.5211502750709004
0.0,FW_exact,exact,425.0,0.010689020156860352,15.634500267859343,0.011766712145249159,10.0,0.5211500089286447
0.0,FW_exact,exact,426.0,0.010712623596191406,15.63449073219954,0.01121245019207251,10.0,0.521149691073318
0.0,FW_exact,exact,427.0,0.010737895965576172,15.634470324839272,0.01761898434278031,10.0,0.5211490108279757
0.0,FW_exact,exact,428.0,0.01076197624206543,15.634449683321389,0.020221231352460123,10.0,0.5211483227773797
0.0,FW_exact,exact,429.0,0.010787725448608398,15.634443593108234,0.010497228849828844,10.0,0.5211481197702744
0.0,FW_exact,exact,430.0,0.010811805725097656,15.634429697550742,0.014532885312192434,10.0,0.5211476565850247
0.0,FW_exact,exact,431.0,0.010835886001586914,15.634405253448564,0.017970560237346334,10.0,0.5211468417816189
0.0,FW_exact,exact,432.0,0.010860681533813477,15.634397058644465,0.01115558254008242,10.0,0.5211465686214821
0.0,FW_exact,exact,433.0,0.01088571548461914,15.634381743580793,0.01741310575292232,10.0,0.5211460581193598
0.0,FW_exact,exact,434.0,0.010911941528320312,15.634369882877673,0.014345916083531307,10.0,0.5211456627625891
0.0,FW_exact,exact,435.0,0.010934829711914062,15.63436192972939,0.013395893971505757,10.0,0.5211453976576463
0.0,FW_exact,exact,436.0,0.010958671569824219,15.634347433015543,0.014844689761581265,10.0,0.5211449144338515
0.0,FW_exact,exact,437.0,0.01098489761352539,15.634324616815869,0.01736047169458388,10.0,0.5211441538938623
0.0,FW_exact,exact,438.0,0.011008977890014648,15.634317385015027,0.011198027418927836,10.0,0.5211439128338342
0.0,FW_exact,exact,439.0,0.011034727096557617,15.634309013686018,0.013905166188372675,10.0,0.5211436337895339
0.0,FW_exact,exact,440.0,0.011058807373046875,15.634296586028038,0.01374266735909302,10.0,0.5211432195342679
0.0,FW_exact,exact,441.0,0.011082887649536133,15.634286535184888,0.014101885251665891,10.0,0.521142884506163
0.0,FW_exact,exact,442.0,0.011107683181762695,15.634272662195157,0.013529347221899357,10.0,0.5211424220731719
0.0,FW_exact,exact,443.0,0.01113271713256836,15.634256957008747,0.01545246312101689,10.0,0.5211418985669583
0.0,FW_exact,exact,444.0,0.01115870475769043,15.634234254379571,0.020289685677552072,10.0,0.5211411418126524
0.0,FW_exact,exact,445.0,0.011182785034179688,15.634225428389852,0.014112913862406984,10.0,0.5211408476129951
0.0,FW_exact,exact,446.0,0.011206865310668945,15.63421487235363,0.012663971955555908,10.0,0.521140495745121
0.0,FW_exact,exact,447.0,0.01123189926147461,15.63420423833936,0.014505939849982497,10.0,0.5211401412779787
0.0,FW_exact,exact,448.0,0.011256694793701172,15.634188502057695,0.014411405750044182,10.0,0.5211396167352566
0.0,FW_exact,exact,449.0,0.011282920837402344,15.634171254085222,0.0161954284397563,10.0,0.5211390418028408
0.0,FW_exact,exact,450.0,0.011307001113891602,15.634156545164808,0.01597922616259595,10.0,0.5211385515054936
0.0,FW_exact,exact,451.0,0.011330604553222656,15.634147244770375,0.013564668223024157,10.0,0.5211382414923459
0.0,FW_exact,exact,452.0,0.011355876922607422,15.634134373242167,0.01303116486232625,10.0,0.5211378124414056
0.0,FW_exact,exact,453.0,0.011380910873413086,15.634114434105216,0.017416039132378103,10.0,0.5211371478035072
0.0,FW_exact,exact,454.0,0.011406660079956055,15.634105675368781,0.014059123720535638,10.0,0.5211368558456261
0.0,FW_exact,exact,455.0,0.011432886123657227,15.634093705192594,0.014724074590928282,10.0,0.5211364568397532
0.0,FW_exact,exact,456.0,0.011458635330200195,15.634086698547234,0.010314489636648716,10.0,0.5211362232849078
0.0,FW_exact,exact,457.0,0.011484861373901367,15.634075996664107,0.014552413310587653,10.0,0.5211358665554703
0.0,FW_exact,exact,458.0,0.011509895324707031,15.634060333693858,0.014378003618377377,10.0,0.5211353444564619
0.0,FW_exact,exact,459.0,0.011535882949829102,15.63404308418578,0.016196424499090867,10.0,0.5211347694728593
0.0,FW_exact,exact,460.0,0.011559724807739258,15.634032185977238,0.013751111485527545,10.0,0.5211344061992412
0.0,FW_exact,exact,461.0,0.011583805084228516,15.634022625629061,0.014861495579657102,10.0,0.5211340875209687
0.0,FW_exact,exact,462.0,0.01160883903503418,15.634005734387568,0.014932492735974634,10.0,0.5211335244795856
0.0,FW_exact,exact,463.0,0.011632680892944336,15.6339950418503,0.012746094822766452,10.0,0.5211331680616766
0.0,FW_exact,exact,464.0,0.011658906936645508,15.633980903796491,0.016730130282038402,10.0,0.5211326967932164
0.0,FW_exact,exact,465.0,0.011682748794555664,15.633973016510513,0.011695646479005006,10.0,0.5211324338836838
0.0,FW_exact,exact,466.0,0.011707782745361328,15.63396821721237,0.010403778523523144,10.0,0.5211322739070791
0.0,FW_exact,exact,467.0,0.011732816696166992,15.633956706098,0.013225893284790402,10.0,0.5211318902032667
0.0,FW_exact,exact,468.0,0.011756658554077148,15.633935125936627,0.01688346325520307,10.0,0.5211311708645543
0.0,FW_exact,exact,469.0,0.011783838272094727,15.633927708788327,0.011586543119173953,10.0,0.5211309236262776
0.0,FW_exact,exact,470.0,0.011806964874267578,15.633912133513073,0.015388989860205982,10.0,0.5211304044504358
0.0,FW_exact,exact,471.0,0.011831045150756836,15.633895806264356,0.017981235641819637,10.0,0.5211298602088118
0.0,FW_exact,exact,472.0,0.011856794357299805,15.63389050351846,0.008971758704795718,10.0,0.5211296834506153
0.0,FW_exact,exact,473.0,0.011880874633789062,15.63387634287344,0.013670004462447594,10.0,0.5211292114291147
0.0,FW_exact,exact,474.0,0.011906623840332031,15.63386590533714,0.013457143277255668,10.0,0.521128863511238
0.0,FW_exact,exact,475.0,0.011930704116821289,15.633856899613527,0.014256535311464091,10.0,0.5211285633204509
0.0,FW_exact,exact,476.0,0.011954784393310547,15.633842570651872,0.014759365357923215,10.0,0.5211280856883957
0.0,FW_exact,exact,477.0,0.011979818344116211,15.633831992234159,0.014468459921879173,10.0,0.5211277330744719
0.0,FW_exact,exact,478.0,0.012003660202026367,15.633825286459517,0.011016343336159196,10.0,0.5211275095486506
0.0,FW_exact,exact,479.0,0.012029886245727539,15.633815967230074,0.011898401332793185,10.0,0.5211271989076691
0.0,FW_exact,exact,480.0,0.012053966522216797,15.633794102702849,0.0169949865816168,10.0,0.5211264700900949
0.0,FW_exact,exact,481.0,0.012077808380126953,15.633785452002899,0.014136209343369899,10.0,0.52112618173343
0.0,FW_exact,exact,482.0,0.012102842330932617,15.633776357373765,0.011753984902558301,10.0,0.5211258785791255
0.0,FW_exact,exact,483.0,0.012126922607421875,15.63376490897544,0.014399596920767976,10.0,0.521125496965848
0.0,FW_exact,exact,484.0,0.012167930603027344,15.63376020695119,0.010297898399239003,10.0,0.5211253402317063
0.0,FW_exact,exact,485.0,0.012192964553833008,15.633754762708472,0.009090975691508518,10.0,0.5211251587569491
0.0,FW_exact,exact,486.0,0.01221776008605957,15.633741678193969,0.01313953396790346,10.0,0.5211247226064656
0.0,FW_exact,exact,487.0,0.012242794036865234,15.63373206228334,0.013793737925668736,10.0,0.5211244020761113
0.0,FW_exact,exact,488.0,0.012268781661987305,15.63371715362489,0.015055794324041472,10.0,0.5211239051208296
0.0,FW_exact,exact,489.0,0.012292861938476562,15.633700743841377,0.016880471617131576,10.0,0.5211233581280459
0.0,FW_exact,exact,490.0,0.012316703796386719,15.633688624996022,0.012644531602303388,10.0,0.5211229541665341
0.0,FW_exact,exact,491.0,0.012340784072875977,15.633680356470274,0.012789661525939522,10.0,0.5211226785490092
0.0,FW_exact,exact,492.0,0.012364625930786133,15.63366151564286,0.01692950823012218,10.0,0.5211220505214287
0.0,FW_exact,exact,493.0,0.01238870620727539,15.633655580110437,0.012721717818060085,10.0,0.5211218526703479
0.0,FW_exact,exact,494.0,0.012413740158081055,15.633650183668482,0.011032970141769738,10.0,0.5211216727889494
0.0,FW_exact,exact,495.0,0.012438774108886719,15.63364334945199,0.010886313402760806,10.0,0.521121444981733
0.0,FW_exact,exact,496.0,0.012464761734008789,15.633636549432191,0.011400211318322917,10.0,0.5211212183144064
0.0,FW_exact,exact,497.0,0.012490987777709961,15.633629866732441,0.010073514513551984,10.0,0.521120995557748
0.0,FW_exact,exact,498.0,0.01251673698425293,15.633621584632365,0.012800245258445031,10.0,0.5211207194877455
0.0,FW_exact,exact,499.0,0.012542963027954102,15.633608543562563,0.013117923969549139,10.0,0.5211202847854187
0.0,FW_exact,exact,500.0,0.012569665908813477,15.633594626201997,0.014545905323592123,10.0,0.5211198208733999
0.0,FW_exact,exact,501.0,0.012594938278198242,15.63358181746882,0.015232799559109722,10.0,0.5211193939156273
0.0,FW_exact,exact,502.0,0.012621641159057617,15.633576811595159,0.010625901731222243,10.0,0.5211192270531719
0.0,FW_exact,exact,503.0,0.012647867202758789,15.633570824029448,0.009534606572422888,10.0,0.5211190274676483
0.0,FW_exact,exact,504.0,0.012674808502197266,15.633562225735693,0.013042697752496224,10.0,0.5211187408578565
0.0,FW_exact,exact,505.0,0.01269984245300293,15.633550305831063,0.01254038233221344,10.0,0.5211183435277021
0.0,FW_exact,exact,506.0,0.012725830078125,15.633536836690745,0.01430942134027724,10.0,0.5211178945563582
0.0,FW_exact,exact,507.0,0.012749671936035156,15.63352092575635,0.016621762457070588,10.0,0.5211173641918784
0.0,FW_exact,exact,508.0,0.012773752212524414,15.633513294579584,0.01228643915584371,10.0,0.5211171098193195
0.0,FW_exact,exact,509.0,0.012798786163330078,15.633502192728436,0.012101701210280424,10.0,0.5211167397576145
0.0,FW_exact,exact,510.0,0.012822628021240234,15.633484724981995,0.016299978172515495,10.0,0.5211161574993999
0.0,FW_exact,exact,511.0,0.012849807739257812,15.633477557712341,0.012717067495986,10.0,0.5211159185904114
0.0,FW_exact,exact,512.0,0.012874841690063477,15.633470489265932,0.011071752934233459,10.0,0.521115682975531
0.0,FW_exact,exact,513.0,0.012900829315185547,15.633465639401999,0.010581581893209346,10.0,0.5211155213134
0.0,FW_exact,exact,514.0,0.012926816940307617,15.633453308361451,0.012755420059262335,10.0,0.521115110278715
0.0,FW_exact,exact,515.0,0.012953758239746094,15.633439881302179,0.014287191237579933,10.0,0.5211146627100727
0.0,FW_exact,exact,516.0,0.012976884841918945,15.633427582665298,0.015602992549263561,10.0,0.5211142527555099
0.0,FW_exact,exact,517.0,0.013000965118408203,15.633419654406154,0.01198029653330579,10.0,0.5211139884802052
0.0,FW_exact,exact,518.0,0.013025760650634766,15.633408765600905,0.012863735428293666,10.0,0.5211136255200302
0.0,FW_exact,exact,519.0,0.013049840927124023,15.633391657791595,0.015029533394384842,10.0,0.5211130552597198
0.0,FW_exact,exact,520.0,0.013077974319458008,15.633386050821418,0.009859663927048956,10.0,0.5211128683607139
0.0,FW_exact,exact,521.0,0.01310276985168457,15.63337935722027,0.012433361690519007,10.0,0.5211126452406757
0.0,FW_exact,exact,522.0,0.01312875747680664,15.633369934690393,0.011964971650462175,10.0,0.5211123311563465
0.0,FW_exact,exact,523.0,0.013152837753295898,15.633361580897121,0.012855938112373622,10.0,0.5211120526965707
0.0,FW_exact,exact,524.0,0.013177633285522461,15.633350840810717,0.011902810165331346,10.0,0.5211116946936906
0.0,FW_exact,exact,525.0,0.013203859329223633,15.633338273981165,0.013821287512303826,10.0,0.5211112757993722
0.0,FW_exact,exact,526.0,0.013228654861450195,15.633327082210185,0.01423772574049842,10.0,0.5211109027403394
0.0,FW_exact,exact,527.0,0.01325368881225586,15.63331852995732,0.013893181411093636,10.0,0.521110617665244
0.0,FW_exact,exact,528.0,0.013278961181640625,15.63331187213045,0.010055147146452725,10.0,0.5211103957376817
0.0,FW_exact,exact,529.0,0.013303756713867188,15.633304537377795,0.012045410641707832,10.0,0.5211101512459265
0.0,FW_exact,exact,530.0,0.013329744338989258,15.63329321799891,0.01222029182986617,10.0,0.5211097739332969
0.0,FW_exact,exact,531.0,0.013355016708374023,15.633282319728668,0.013752340897998039,10.0,0.5211094106576223
0.0,FW_exact,exact,532.0,0.013379812240600586,15.633265934010872,0.0157864525638427,10.0,0.5211088644670291
0.0,FW_exact,exact,533.0,0.01340174674987793,15.633257557244749,0.012873761369254666,10.0,0.5211085852414916
0.0,FW_exact,exact,534.0,0.013428926467895508,15.633246139230133,0.012273606040954732,10.0,0.5211082046410044
0.0,FW_exact,exact,535.0,0.01345372200012207,15.633233139536152,0.014057940719995443,10.0,0.5211077713178718
0.0,FW_exact,exact,536.0,0.013479948043823242,15.63322693038662,0.011835917462745371,10.0,0.5211075643462206
0.0,FW_exact,exact,537.0,0.013503789901733398,15.63321655052022,0.013420863249553605,10.0,0.521107218350674
0.0,FW_exact,exact,538.0,0.013527631759643555,15.633209021529211,0.009963130248907603,10.0,0.5211069673843071
0.0,FW_exact,exact,539.0,0.01355290412902832,15.633199906217232,0.011768257777559299,10.0,0.5211066635405744
0.0,FW_exact,exact,540.0,0.013576745986938477,15.633185218027169,0.017054451601637766,10.0,0.521106173934239
0.0,FW_exact,exact,541.0,0.013602733612060547,15.63318075859401,0.008982272422693782,10.0,0.521106025286467
0.0,FW_exact,exact,542.0,0.013628721237182617,15.633170775373575,0.012316709614527355,10.0,0.5211056925124525
0.0,FW_exact,exact,543.0,0.013654708862304688,15.633156873302614,0.013545844499191162,10.0,0.5211052291100872
0.0,FW_exact,exact,544.0,0.013677835464477539,15.633149915669573,0.012676728338863796,10.0,0.5211049971889857
0.0,FW_exact,exact,545.0,0.013702869415283203,15.633143609264035,0.010457575219401605,10.0,0.5211047869754678
0.0,FW_exact,exact,546.0,0.013726949691772461,15.633135404346127,0.011164331817049344,10.0,0.5211045134782043
0.0,FW_exact,exact,547.0,0.013751745223999023,15.633128338349735,0.01262719237122134,10.0,0.5211042779449911
0.0,FW_exact,exact,548.0,0.013777732849121094,15.633120292805549,0.01029990282701121,10.0,0.521104009760185
0.0,FW_exact,exact,549.0,0.013803958892822266,15.633113614295201,0.010071037900896584,10.0,0.5211037871431734
0.0,FW_exact,exact,550.0,0.013827800750732422,15.633100536373746,0.016091054388173376,10.0,0.5211033512124582
0.0,FW_exact,exact,551.0,0.01385188102722168,15.633090999741853,0.013141579201631615,10.0,0.5211030333247284
0.0,FW_exact,exact,552.0,0.013875961303710938,15.63307884792783,0.013591202910772537,10.0,0.521102628264261
0.0,FW_exact,exact,553.0,0.013902664184570312,15.633065751248887,0.01314700194995666,10.0,0.5211021917082962
0.0,FW_exact,exact,554.0,0.013927936553955078,15.633059743572698,0.010206690759991588,10.0,0.5211019914524233
0.0,FW_exact,exact,555.0,0.013953685760498047,15.633055045181717,0.010415247447021159,10.0,0.5211018348393905
0.0,FW_exact,exact,556.0,0.013977766036987305,15.633047525562416,0.01068738205113462,10.0,0.5211015841854139
0.0,FW_exact,exact,557.0,0.014001846313476562,15.633038800028377,0.013139672157715054,10.0,0.5211012933342792
0.0,FW_exact,exact,558.0,0.014026880264282227,15.633029802201424,0.010893544994733162,10.0,0.5211009934067141
0.0,FW_exact,exact,559.0,0.014050722122192383,15.633018102284517,0.013335755615729639,10.0,0.5211006034094839
0.0,FW_exact,exact,560.0,0.014076709747314453,15.633008552022408,0.013151100691372264,10.0,0.5211002850674136
0.0,FW_exact,exact,561.0,0.014101982116699219,15.633001076121893,0.01298884849023807,10.0,0.5211000358707297
0.0,FW_exact,exact,562.0,0.014125823974609375,15.632995336341192,0.009335698929122671,10.0,0.5210998445447064
0.0,FW_exact,exact,563.0,0.014149665832519531,15.632988669541593,0.01148356683641616,10.0,0.5210996223180531
0.0,FW_exact,exact,564.0,0.014177799224853516,15.632978413558607,0.011631640326585924,10.0,0.5210992804519535
0.0,FW_exact,exact,565.0,0.014203786849975586,15.632967347600593,0.012968887428069564,10.0,0.5210989115866864
0.0,FW_exact,exact,566.0,0.01422882080078125,15.632954092319444,0.01516978945890024,10.0,0.5210984697439814
0.0,FW_exact,exact,567.0,0.014253616333007812,15.632947781646626,0.011172338318152342,10.0,0.5210982593882209
0.0,FW_exact,exact,568.0,0.014278888702392578,15.632938608914825,0.010999240952326517,10.0,0.5210979536304942
0.0,FW_exact,exact,569.0,0.014304876327514648,15.632924142680679,0.014831827526498031,10.0,0.5210974714226893
0.0,FW_exact,exact,570.0,0.014329671859741211,15.63291781965638,0.011944400736588534,10.0,0.5210972606552127
0.0,FW_exact,exact,571.0,0.014356851577758789,15.632911533896523,0.010666426803192408,10.0,0.5210970511298841
0.0,FW_exact,exact,572.0,0.01437997817993164,15.632907329938208,0.007988337884913932,10.0,0.5210969109979403
0.0,FW_exact,exact,573.0,0.014403820037841797,15.63290006087749,0.011991773835411834,10.0,0.5210966686959163
0.0,FW_exact,exact,574.0,0.014428853988647461,15.63288938613425,0.011867312757669168,10.0,0.5210963128711417
0.0,FW_exact,exact,575.0,0.014452934265136719,15.63287763371558,0.013365943328974339,10.0,0.5210959211238527
0.0,FW_exact,exact,576.0,0.014478683471679688,15.632868759857129,0.01240816639807285,10.0,0.5210956253285709
0.0,FW_exact,exact,577.0,0.01450490951538086,15.63286252445602,0.01110552917827512,10.0,0.5210954174818673
0.0,FW_exact,exact,578.0,0.014530658721923828,15.63285403153884,0.010583273824813944,10.0,0.521095134384628
0.0,FW_exact,exact,579.0,0.014556884765625,15.632840941715035,0.014107409460496712,10.0,0.5210946980571678
0.0,FW_exact,exact,580.0,0.014583587646484375,15.632834348412098,0.01219737556544409,10.0,0.5210944782804032
0.0,FW_exact,exact,581.0,0.014606714248657227,15.632830593037355,0.010117796761415221,10.0,0.5210943531012452
0.0,FW_exact,exact,582.0,0.014630794525146484,15.632824964024016,0.009879688165376876,10.0,0.5210941654674672
0.0,FW_exact,exact,583.0,0.014655828475952148,15.63282031219691,0.009427947374135215,10.0,0.5210940104065637
0.0,FW_exact,exact,584.0,0.014680624008178711,15.632814679509032,0.009248309862755377,10.0,0.521093822650301
0.0,FW_exact,exact,585.0,0.014706850051879883,15.632808013461554,0.0114831282849579,10.0,0.5210936004487184
0.0,FW_exact,exact,586.0,0.014732599258422852,15.632798873777991,0.010979608623273407,10.0,0.5210932957925997
0.0,FW_exact,exact,587.0,0.014758825302124023,15.632788486774208,0.012564363675796386,10.0,0.5210929495591403
0.0,FW_exact,exact,588.0,0.014784812927246094,15.632778253715337,0.013614146302524333,10.0,0.5210926084571779
0.0,FW_exact,exact,589.0,0.01481175422668457,15.632773536485855,0.010436380432421899,10.0,0.5210924512161952
0.0,FW_exact,exact,590.0,0.014837980270385742,15.632768022327967,0.008525138774276186,10.0,0.5210922674109323
0.0,FW_exact,exact,591.0,0.014863729476928711,15.632758595914371,0.011968405647859726,10.0,0.5210919531971457
0.0,FW_exact,exact,592.0,0.014887809753417969,15.632750750617669,0.012458793892013986,10.0,0.5210916916872557
0.0,FW_exact,exact,593.0,0.014911890029907227,15.632742766593042,0.011768920867730515,10.0,0.5210914255531014
0.0,FW_exact,exact,594.0,0.014936685562133789,15.63273554976316,0.009754794844448966,10.0,0.5210911849921053
0.0,FW_exact,exact,595.0,0.014961719512939453,15.632722364081884,0.01415928718526338,10.0,0.5210907454693962
0.0,FW_exact,exact,596.0,0.014987945556640625,15.632713521788299,0.014127854277880658,10.0,0.5210904507262766
0.0,FW_exact,exact,597.0,0.015013694763183594,15.632708880095608,0.008970685223683716,10.0,0.5210902960031869
0.0,FW_exact,exact,598.0,0.015039920806884766,15.632704869086526,0.008905211956514947,10.0,0.5210901623028842
0.0,FW_exact,exact,599.0,0.015062570571899414,15.632698315453364,0.00997685970377482,10.0,0.5210899438484454
0.0,FW_exact,exact,600.0,0.015086650848388672,15.632682010769367,0.014673299792871575,10.0,0.5210894003589789
0.0,FW_exact,exact,601.0,0.015111923217773438,15.632676542066493,0.009112695249637426,10.0,0.5210892180688831
0.0,FW_exact,exact,602.0,0.015136957168579102,15.632667366554033,0.013475183765425669,10.0,0.5210889122184678
0.0,FW_exact,exact,603.0,0.015178918838500977,15.632660818951237,0.010886889751580142,10.0,0.5210886939650412
0.0,FW_exact,exact,604.0,0.015208959579467773,15.632652352147796,0.011342090795942283,10.0,0.5210884117382598
0.0,FW_exact,exact,605.0,0.015236854553222656,15.632642550397788,0.01137127415586825,10.0,0.5210880850132596
0.0,FW_exact,exact,606.0,0.015263795852661133,15.632637407595839,0.010897547029527388,10.0,0.521087913586528
0.0,FW_exact,exact,607.0,0.015288829803466797,15.632629892149778,0.011418030426261438,10.0,0.5210876630716592
0.0,FW_exact,exact,608.0,0.015314817428588867,15.632623543242545,0.009819685780207976,10.0,0.5210874514414182
0.0,FW_exact,exact,609.0,0.015339851379394531,15.632616220127618,0.012855723219388437,10.0,0.5210872073375873
0.0,FW_exact,exact,610.0,0.015365839004516602,15.632609498779987,0.009413669546255221,10.0,0.5210869832926662
0.0,FW_exact,exact,611.0,0.015390872955322266,15.632603450150484,0.009584386114864785,10.0,0.5210867816716828
0.0,FW_exact,exact,612.0,0.015416622161865234,15.632592513458418,0.014713638490970737,10.0,0.5210864171152806
0.0,FW_exact,exact,613.0,0.01544189453125,15.632585378237762,0.011125130160552388,10.0,0.5210861792745921
0.0,FW_exact,exact,614.0,0.015466928482055664,15.632579909472833,0.009112863134099314,10.0,0.5210859969824277
0.0,FW_exact,exact,615.0,0.01549077033996582,15.6325664051217,0.013351476248555372,10.0,0.5210855468373901
0.0,FW_exact,exact,616.0,0.01551365852355957,15.632561870783503,0.008297009511277764,10.0,0.5210853956927834
0.0,FW_exact,exact,617.0,0.015538930892944336,15.63255240030479,0.013690521198249428,10.0,0.5210850800101597
0.0,FW_exact,exact,618.0,0.01556396484375,15.6325452292334,0.011394218484872098,10.0,0.5210848409744467
0.0,FW_exact,exact,619.0,0.015589714050292969,15.63253627949219,0.011661743898581989,10.0,0.5210845426497397
0.0,FW_exact,exact,620.0,0.01561594009399414,15.632530167800901,0.011743291299158187,10.0,0.5210843389266967
0.0,FW_exact,exact,621.0,0.015640735626220703,15.632521959097062,0.010404926696109484,10.0,0.5210840653032354
0.0,FW_exact,exact,622.0,0.015665769577026367,15.63251553638076,0.00987681478052238,10.0,0.521083851212692
0.0,FW_exact,exact,623.0,0.01569080352783203,15.6325073413075,0.012181716451822311,10.0,0.5210835780435833
0.0,FW_exact,exact,624.0,0.0157167911529541,15.63250182234578,0.010447749132564965,10.0,0.5210833940781927
0.0,FW_exact,exact,625.0,0.015741825103759766,15.63249472399605,0.010384040963476338,10.0,0.521083157466535
0.0,FW_exact,exact,626.0,0.015766620635986328,15.632485410197452,0.011084401052467996,10.0,0.5210828470065817
0.0,FW_exact,exact,627.0,0.015791654586791992,15.632480228233906,0.010939148153358502,10.0,0.5210826742744635
0.0,FW_exact,exact,628.0,0.015816926956176758,15.632470758040078,0.0128195056537308,10.0,0.5210823586013359
0.0,FW_exact,exact,629.0,0.01584172248840332,15.632464351650938,0.009864303140158626,10.0,0.5210821450550313
0.0,FW_exact,exact,630.0,0.01586771011352539,15.632457970970396,0.011234765023766968,10.0,0.5210819323656799
0.0,FW_exact,exact,631.0,0.015892982482910156,15.632448703980673,0.011056527104244651,10.0,0.5210816234660224
0.0,FW_exact,exact,632.0,0.01591777801513672,15.632438447874405,0.012485389875273256,10.0,0.5210812815958135
0.0,FW_exact,exact,633.0,0.015942811965942383,15.63243285245789,0.011235944228069172,10.0,0.5210810950819297
0.0,FW_exact,exact,634.0,0.015968799591064453,15.632425385574031,0.01138130117965197,10.0,0.5210808461858011
0.0,FW_exact,exact,635.0,0.015993833541870117,15.632419661329628,0.00868669413888945,10.0,0.5210806553776542
0.0,FW_exact,exact,636.0,0.016019821166992188,15.632412435889405,0.010476829006259791,10.0,0.5210804145296468
0.0,FW_exact,exact,637.0,0.01604461669921875,15.632401194758634,0.014917615897232395,10.0,0.5210800398252878
0.0,FW_exact,exact,638.0,0.016069889068603516,15.63239754259756,0.007445610851608109,10.0,0.5210799180865854
0.0,FW_exact,exact,639.0,0.01609492301940918,15.632390696863162,0.01113262092892775,10.0,0.5210796898954387
0.0,FW_exact,exact,640.0,0.01612067222595215,15.632383024910103,0.010058682077547232,10.0,0.5210794341636701
0.0,FW_exact,exact,641.0,0.016145706176757812,15.632375095424102,0.010976170919535733,10.0,0.52107916984747
0.0,FW_exact,exact,642.0,0.016170978546142578,15.632367699432109,0.012096799292118376,10.0,0.5210789233144036
0.0,FW_exact,exact,643.0,0.01619577407836914,15.632364601930085,0.008357782405413516,10.0,0.5210788200643361
0.0,FW_exact,exact,644.0,0.016220808029174805,15.63235979366728,0.009130762020694405,10.0,0.5210786597889093
0.0,FW_exact,exact,645.0,0.01624584197998047,15.63235331565577,0.00991950755582316,10.0,0.5210784438551923
0.0,FW_exact,exact,646.0,0.01627182960510254,15.632339580523807,0.01346577254350656,10.0,0.5210779860174602
0.0,FW_exact,exact,647.0,0.016296863555908203,15.6323342834682,0.011060216598448136,10.0,0.52107780944894
0.0,FW_exact,exact,648.0,0.016321659088134766,15.632328576018722,0.00931015483778097,10.0,0.521077619200624
0.0,FW_exact,exact,649.0,0.01634669303894043,15.632321181627665,0.011570787982448039,10.0,0.5210773727209221
0.0,FW_exact,exact,650.0,0.0163729190826416,15.632318294758269,0.008068438182357696,10.0,0.5210772764919424
0.0,FW_exact,exact,651.0,0.016397714614868164,15.632314834439788,0.007247309436156257,10.0,0.521077161147993
0.0,FW_exact,exact,652.0,0.016422748565673828,15.632306616393109,0.010411196109778587,10.0,0.5210768872131036
0.0,FW_exact,exact,653.0,0.016447782516479492,15.632300642377217,0.01087062755693502,10.0,0.5210766880792406
0.0,FW_exact,exact,654.0,0.016472816467285156,15.632291315003688,0.011906000225039293,10.0,0.5210763771667896
0.0,FW_exact,exact,655.0,0.01649785041809082,15.632282264495819,0.01253208664632055,10.0,0.521076075483194
0.0,FW_exact,exact,656.0,0.01652383804321289,15.632274949657745,0.009821594458811589,10.0,0.5210758316552582
0.0,FW_exact,exact,657.0,0.016548871994018555,15.632269879238471,0.010013989640563992,10.0,0.5210756626412824
0.0,FW_exact,exact,658.0,0.016574859619140625,15.632258576590651,0.013108311781820703,10.0,0.521075285886355
0.0,FW_exact,exact,659.0,0.016599655151367188,15.632254342421167,0.009773004161873544,10.0,0.5210751447473723
0.0,FW_exact,exact,660.0,0.01662468910217285,15.63224981761427,0.009048868990378267,10.0,0.5210749939204756
0.0,FW_exact,exact,661.0,0.016649961471557617,15.63224639121465,0.006718871390685166,10.0,0.521074879707155
0.0,FW_exact,exact,662.0,0.016675710678100586,15.632238631219707,0.010858257386216152,10.0,0.5210746210406569
0.0,FW_exact,exact,663.0,0.01670074462890625,15.632230003214149,0.013067004630361367,10.0,0.5210743334404716
0.0,FW_exact,exact,664.0,0.01672673225402832,15.632225594273983,0.008743138383874083,10.0,0.5210741864757994
0.0,FW_exact,exact,665.0,0.016751766204833984,15.63222011975757,0.008495107281682124,10.0,0.5210740039919189
0.0,FW_exact,exact,666.0,0.01677680015563965,15.632208659052763,0.013199892776796673,10.0,0.5210736219684254
0.0,FW_exact,exact,667.0,0.01680278778076172,15.632203770294735,0.01154579946701162,10.0,0.5210734590098245
0.0,FW_exact,exact,668.0,0.016827821731567383,15.632200956101382,0.007966241351725856,10.0,0.5210733652033794
0.0,FW_exact,exact,669.0,0.016853809356689453,15.632198268890654,0.006824273387655566,10.0,0.5210732756296885
0.0,FW_exact,exact,670.0,0.016879796981811523,15.632194748198227,0.008201478383069727,10.0,0.5210731582732743
0.0,FW_exact,exact,671.0,0.016905784606933594,15.632190771315733,0.0077701093567554835,10.0,0.5210730257105244
0.0,FW_exact,exact,672.0,0.016931772232055664,15.632184581538814,0.011065539006372305,10.0,0.5210728193846271
0.0,FW_exact,exact,673.0,0.016957759857177734,15.632177580677974,0.009608326418996782,10.0,0.5210725860225991
0.0,FW_exact,exact,674.0,0.0169827938079834,15.632168871812656,0.01150405765066509,10.0,0.5210722957270886
0.0,FW_exact,exact,675.0,0.017007827758789062,15.632162373446219,0.010846427998203012,10.0,0.521072079114874
0.0,FW_exact,exact,676.0,0.017033815383911133,15.632158739741609,0.009159174437201045,10.0,0.521071957991387
0.0,FW_exact,exact,677.0,0.017058610916137695,15.632154151865203,0.007776046755957111,10.0,0.5210718050621734
0.0,FW_exact,exact,678.0,0.01708388328552246,15.632147268152131,0.010226097386707877,10.0,0.521071575605071
0.0,FW_exact,exact,679.0,0.017108917236328125,15.63214098133061,0.011152092186440754,10.0,0.5210713660443537
0.0,FW_exact,exact,680.0,0.017134666442871094,15.632133790154413,0.01116930581806308,10.0,0.5210711263384804
0.0,FW_exact,exact,681.0,0.01715993881225586,15.632128156485463,0.008617986180672332,10.0,0.5210709385495155
0.0,FW_exact,exact,682.0,0.017184972763061523,15.63211753440666,0.012707104406153746,10.0,0.521070584480222
0.0,FW_exact,exact,683.0,0.017212867736816406,15.632110353745583,0.012730499904920478,10.0,0.5210703451248527
0.0,FW_exact,exact,684.0,0.01723790168762207,15.632106638705288,0.008025129250922802,10.0,0.5210702212901762
0.0,FW_exact,exact,685.0,0.017261743545532227,15.6321033647517,0.00804530248577251,10.0,0.5210701121583899
0.0,FW_exact,exact,686.0,0.017287731170654297,15.632098039942317,0.008992551642457158,10.0,0.5210699346647439
0.0,FW_exact,exact,687.0,0.017313003540039062,15.632084864784991,0.013188375556500986,10.0,0.521069495492833
0.0,FW_exact,exact,688.0,0.01733875274658203,15.632080443573873,0.008193262580443061,10.0,0.5210693481191291
0.0,FW_exact,exact,689.0,0.01736283302307129,15.632073003499581,0.012133201995112586,10.0,0.5210691001166528
0.0,FW_exact,exact,690.0,0.017388582229614258,15.632067994833694,0.009319616100043504,10.0,0.5210689331611231
0.0,FW_exact,exact,691.0,0.017413854598999023,15.632064245095876,0.00754484925585075,10.0,0.5210688081698626
0.0,FW_exact,exact,692.0,0.017438888549804688,15.632054693525612,0.011225969542888237,10.0,0.5210684897841871
0.0,FW_exact,exact,693.0,0.01746368408203125,15.632050669201154,0.009639402878800496,10.0,0.5210683556400385
0.0,FW_exact,exact,694.0,0.017488718032836914,15.63204648522643,0.0087012549262937,10.0,0.5210682161742144
0.0,FW_exact,exact,695.0,0.01751399040222168,15.632037793217767,0.01149310049801322,10.0,0.5210679264405923
0.0,FW_exact,exact,696.0,0.01753973960876465,15.632032423966953,0.011006691876017882,10.0,0.5210677474655651
0.0,FW_exact,exact,697.0,0.017581701278686523,15.632029375833957,0.007425812326054881,10.0,0.5210676458611319
0.0,FW_exact,exact,698.0,0.0176236629486084,15.632025579270925,0.007073111625683026,10.0,0.5210675193090308
0.0,FW_exact,exact,699.0,0.017665624618530273,15.632017978822251,0.010746208087825337,10.0,0.5210672659607417
0.0,FW_exact,exact,700.0,0.017691850662231445,15.632007616712627,0.014322198691585797,10.0,0.5210669205570876
0.0,FW_exact,exact,701.0,0.01772475242614746,15.6320045120995,0.007335751670590085,10.0,0.5210668170699834
0.0,FW_exact,exact,702.0,0.01776885986328125,15.631999956345823,0.00831721735857549,10.0,0.5210666652115274
0.0,FW_exact,exact,703.0,0.01779770851135254,15.631987816943708,0.012658540660716255,10.0,0.5210662605647902
0.0,FW_exact,exact,704.0,0.017918825149536133,15.631983741859415,0.007865772150196904,10.0,0.5210661247286471
0.0,FW_exact,exact,705.0,0.017950773239135742,15.631976009906875,0.012369324735997722,10.0,0.5210658669968958
0.0,FW_exact,exact,706.0,0.017976760864257812,15.631972207207594,0.008119470729361922,10.0,0.5210657402402531
0.0,FW_exact,exact,707.0,0.018001794815063477,15.63196926654103,0.008143575641641476,10.0,0.5210656422180343
0.0,FW_exact,exact,708.0,0.01802802085876465,15.631962903269766,0.009831658416080913,10.0,0.5210654301089922
0.0,FW_exact,exact,709.0,0.018050670623779297,15.631952810771597,0.011540195551267729,10.0,0.5210650936923866
0.0,FW_exact,exact,710.0,0.018074750900268555,15.631949880490872,0.007280789698974388,10.0,0.5210649960163624
0.0,FW_exact,exact,711.0,0.018101930618286133,15.63194294831078,0.010262359286185685,10.0,0.5210647649436927
0.0,FW_exact,exact,712.0,0.018126726150512695,15.631935118456756,0.01244753791769071,10.0,0.5210645039485585
0.0,FW_exact,exact,713.0,0.01815176010131836,15.63193257147648,0.0062171956711392085,10.0,0.521064419049216
0.0,FW_exact,exact,714.0,0.018177032470703125,15.631926025118387,0.00929111017950568,10.0,0.5210642008372796
0.0,FW_exact,exact,715.0,0.018202781677246094,15.631920284666645,0.009978157868342663,10.0,0.5210640094888882
0.0,FW_exact,exact,716.0,0.018228769302368164,15.631914408848901,0.01164979991795434,10.0,0.5210638136282967
0.0,FW_exact,exact,717.0,0.018253803253173828,15.631909801167431,0.008364635578187674,10.0,0.5210636600389144
0.0,FW_exact,exact,718.0,0.01828765869140625,15.631905696617302,0.009622421531554792,10.0,0.5210635232205767
0.0,FW_exact,exact,719.0,0.018317699432373047,15.631901030031647,0.009190040081486828,10.0,0.5210633676677215
0.0,FW_exact,exact,720.0,0.01834273338317871,15.631895716394874,0.008369606398392904,10.0,0.5210631905464959
0.0,FW_exact,exact,721.0,0.018368005752563477,15.631886408635758,0.011894090276122427,10.0,0.5210628802878586
0.0,FW_exact,exact,722.0,0.01839160919189453,15.631878931416574,0.012163728141681318,10.0,0.5210626310472192
0.0,FW_exact,exact,723.0,0.018416881561279297,15.63187521182707,0.0070011258263633636,10.0,0.5210625070609024
0.0,FW_exact,exact,724.0,0.018442869186401367,15.631868047792253,0.010432902767131935,10.0,0.5210622682597418
0.0,FW_exact,exact,725.0,0.01846766471862793,15.631861462601405,0.010688086783614992,10.0,0.5210620487533801
0.0,FW_exact,exact,726.0,0.018492937088012695,15.631857350299825,0.00963155230113344,10.0,0.5210619116766608
0.0,FW_exact,exact,727.0,0.01851677894592285,15.631853063318749,0.00751677528674044,10.0,0.5210617687772916
0.0,FW_exact,exact,728.0,0.018542766571044922,15.631847517723063,0.009177616553849077,10.0,0.5210615839241021
0.0,FW_exact,exact,729.0,0.018568754196166992,15.631839378382258,0.01269159317972779,10.0,0.5210613126127419
0.0,FW_exact,exact,730.0,0.018590927124023438,15.63183556459205,0.008307244554085713,10.0,0.5210611854864017
0.0,FW_exact,exact,731.0,0.01861572265625,15.631829165612356,0.009859415302917895,10.0,0.5210609721870785
0.0,FW_exact,exact,732.0,0.018640756607055664,15.631820580602023,0.010642261618384552,10.0,0.5210606860200674
0.0,FW_exact,exact,733.0,0.018664836883544922,15.631817766946035,0.008059136090958319,10.0,0.5210605922315346
0.0,FW_exact,exact,734.0,0.01869368553161621,15.6318128112371,0.009270437025412193,10.0,0.5210604270412367
0.0,FW_exact,exact,735.0,0.018718957901000977,15.631807730893048,0.008783794134718192,10.0,0.5210602576964349
0.0,FW_exact,exact,736.0,0.01874375343322754,15.631802260995517,0.010401892204511043,10.0,0.5210600753665172
0.0,FW_exact,exact,737.0,0.01876664161682129,15.631796070023952,0.009035222756242689,10.0,0.5210598690007984
0.0,FW_exact,exact,738.0,0.018790721893310547,15.631788370040315,0.010816772245048512,10.0,0.5210596123346771
0.0,FW_exact,exact,739.0,0.018815994262695312,15.631783446488285,0.009440058371708915,10.0,0.5210594482162761
0.0,FW_exact,exact,740.0,0.018840789794921875,15.631778486242574,0.010579006531541424,10.0,0.5210592828747524
0.0,FW_exact,exact,741.0,0.018866777420043945,15.63177519319968,0.0070703062028663055,10.0,0.521059173106656
0.0,FW_exact,exact,742.0,0.018890857696533203,15.631771034934124,0.009068213208530906,10.0,0.5210590344978041
0.0,FW_exact,exact,743.0,0.01891469955444336,15.63176462253923,0.009195645342945369,10.0,0.5210588207513076
0.0,FW_exact,exact,744.0,0.018939733505249023,15.631757703966398,0.01025251903506863,10.0,0.5210585901322132
0.0,FW_exact,exact,745.0,0.01896381378173828,15.63175050925413,0.011172549407858057,10.0,0.521058350308471
0.0,FW_exact,exact,746.0,0.018990755081176758,15.631746646991433,0.008739229636031354,10.0,0.521058221566381
0.0,FW_exact,exact,747.0,0.019014835357666016,15.631741148801986,0.008514097976854984,10.0,0.5210580382933995
0.0,FW_exact,exact,748.0,0.019038915634155273,15.63173253,0.01144498641932934,10.0,0.5210577510000001
0.0,FW_exact,exact,749.0,0.019063711166381836,15.631728942536892,0.008995555888395401,10.0,0.5210576314178964
0.0,FW_exact,exact,750.0,0.019087791442871094,15.631724792557433,0.008666107968442915,10.0,0.5210574930852477
0.0,FW_exact,exact,751.0,0.019113779067993164,15.631722910804022,0.006589958249394456,10.0,0.5210574303601341
0.0,FW_exact,exact,752.0,0.01913762092590332,15.631719816992627,0.00685294408972581,10.0,0.5210573272330875
0.0,FW_exact,exact,753.0,0.019161701202392578,15.631711528990476,0.010456429452181837,10.0,0.5210570509663491
0.0,FW_exact,exact,754.0,0.01918792724609375,15.63170757669293,0.008278044185434652,10.0,0.5210569192230977
0.0,FW_exact,exact,755.0,0.019212722778320312,15.631703555766736,0.008917127923647072,10.0,0.5210567851922245
0.0,FW_exact,exact,756.0,0.01923990249633789,15.631693645364734,0.012274024614201906,10.0,0.5210564548454911
0.0,FW_exact,exact,757.0,0.01926279067993164,15.631687562965164,0.008955685797156221,10.0,0.5210562520988388
0.0,FW_exact,exact,758.0,0.019286632537841797,15.631683801567988,0.008624314008537581,10.0,0.521056126718933
0.0,FW_exact,exact,759.0,0.01931166648864746,15.631677371507966,0.009883559149630017,10.0,0.5210559123835988
0.0,FW_exact,exact,760.0,0.019336938858032227,15.631672723733175,0.009171711826635232,10.0,0.5210557574577724
0.0,FW_exact,exact,761.0,0.019362688064575195,15.631669095487984,0.009046630821549329,10.0,0.5210556365162662
0.0,FW_exact,exact,762.0,0.019385814666748047,15.631666299487534,0.006514522733571226,10.0,0.5210555433162511
0.0,FW_exact,exact,763.0,0.019409894943237305,15.631660846487836,0.008479095322325492,10.0,0.5210553615495945
0.0,FW_exact,exact,764.0,0.01943492889404297,15.631656163944816,0.009011209287477229,10.0,0.5210552054648272
0.0,FW_exact,exact,765.0,0.019458770751953125,15.631651259936865,0.010642212619913494,10.0,0.5210550419978955
0.0,FW_exact,exact,766.0,0.019484758377075195,15.631647432607167,0.0076230078530006296,10.0,0.5210549144202389
0.0,FW_exact,exact,767.0,0.019510984420776367,15.63164205068071,0.010317987264620854,10.0,0.5210547350226904
0.0,FW_exact,exact,768.0,0.019534826278686523,15.631636075839628,0.008876110724417074,10.0,0.5210545358613209
0.0,FW_exact,exact,769.0,0.019559860229492188,15.631628575822967,0.010675419840705302,10.0,0.5210542858607655
0.0,FW_exact,exact,770.0,0.019583940505981445,15.631623560546013,0.009326249809715748,10.0,0.5210541186848671
0.0,FW_exact,exact,771.0,0.019610881805419922,15.631619679532076,0.008760549746583024,10.0,0.5210539893177358
0.0,FW_exact,exact,772.0,0.019634723663330078,15.631615936961726,0.008456701317225424,10.0,0.5210538645653908
0.0,FW_exact,exact,773.0,0.019658803939819336,15.631612673547629,0.00703854845432339,10.0,0.521053755784921
0.0,FW_exact,exact,774.0,0.019683837890625,15.63160637045244,0.009117048603400235,10.0,0.521053545681748
0.0,FW_exact,exact,775.0,0.019707679748535156,15.631602707893741,0.007968654348990967,10.0,0.521053423596458
0.0,FW_exact,exact,776.0,0.019739866256713867,15.63159890488225,0.009262183240165811,10.0,0.5210532968294083
0.0,FW_exact,exact,777.0,0.019763946533203125,15.631592805633831,0.00962573998746663,10.0,0.5210530935211277
0.0,FW_exact,exact,778.0,0.019784927368164062,15.631587103343273,0.010621026292913172,10.0,0.5210529034447757
0.0,FW_exact,exact,779.0,0.01980900764465332,15.63158375665714,0.0077816728581936445,10.0,0.5210527918885713
0.0,FW_exact,exact,780.0,0.019833803176879883,15.631578878452528,0.008607332902091258,10.0,0.5210526292817509
0.0,FW_exact,exact,781.0,0.019858837127685547,15.631569004672995,0.011414912115814246,10.0,0.5210523001557665
0.0,FW_exact,exact,782.0,0.019884586334228516,15.631565688354483,0.007095468426914664,10.0,0.5210521896118161
0.0,FW_exact,exact,783.0,0.019907712936401367,15.631559993235358,0.010614367422080662,10.0,0.5210519997745119
0.0,FW_exact,exact,784.0,0.019931793212890625,15.631556393599414,0.007899886662432465,10.0,0.5210518797866471
0.0,FW_exact,exact,785.0,0.01995682716369629,15.631553879715469,0.007529345269638554,10.0,0.5210517959905157
0.0,FW_exact,exact,786.0,0.01998162269592285,15.63154884416758,0.008745236424260838,10.0,0.5210516281389194
0.0,FW_exact,exact,787.0,0.020007848739624023,15.63154057900974,0.010442257146488387,10.0,0.521051352633658
0.0,FW_exact,exact,788.0,0.02003192901611328,15.631538475771682,0.007571180543161304,10.0,0.5210512825257227
0.0,FW_exact,exact,789.0,0.020055770874023438,15.631533589900535,0.008614152949483866,10.0,0.5210511196633512
0.0,FW_exact,exact,790.0,0.0200808048248291,15.631527402673298,0.010584017792771405,10.0,0.5210509134224433
0.0,FW_exact,exact,791.0,0.02010488510131836,15.631524013457565,0.008186294517972925,10.0,0.5210508004485855
0.0,FW_exact,exact,792.0,0.020130634307861328,15.631519167348847,0.008579005915953175,10.0,0.5210506389116282
0.0,FW_exact,exact,793.0,0.020154714584350586,15.631512894441157,0.009095289164019249,10.0,0.5210504298147052
0.0,FW_exact,exact,794.0,0.02018880844116211,15.631509968944473,0.008218079794904298,10.0,0.5210503322981491
0.0,FW_exact,exact,795.0,0.02021503448486328,15.631505783775875,0.00851886161466986,10.0,0.5210501927925292
0.0,FW_exact,exact,796.0,0.020238637924194336,15.631501858241883,0.007720433667762094,10.0,0.5210500619413961
0.0,FW_exact,exact,797.0,0.0202639102935791,15.63149657728849,0.010916245127521762,10.0,0.5210498859096163
0.0,FW_exact,exact,798.0,0.02028799057006836,15.631492662739813,0.007182876577243036,10.0,0.5210497554246605
0.0,FW_exact,exact,799.0,0.020313739776611328,15.631488822184924,0.007636339937821646,10.0,0.5210496274061641
0.0,FW_exact,exact,800.0,0.0203399658203125,15.631481820171276,0.011770863759629435,10.0,0.5210493940057092
0.0,FW_exact,exact,801.0,0.020364761352539062,15.631477225151457,0.008926693362779403,10.0,0.5210492408383819
0.0,FW_exact,exact,802.0,0.020389795303344727,15.631473715782208,0.007299353603755776,10.0,0.5210491238594069
0.0,FW_exact,exact,803.0,0.020413875579833984,15.63146506769938,0.01068192323245043,10.0,0.5210488355899794
0.0,FW_exact,exact,804.0,0.020439624786376953,15.631462832209913,0.006647513163168028,10.0,0.5210487610736637
0.0,FW_exact,exact,805.0,0.02046370506286621,15.631456296831681,0.00996456812258728,10.0,0.5210485432277226
0.0,FW_exact,exact,806.0,0.02048778533935547,15.631450004289487,0.010673911969556471,10.0,0.5210483334763162
0.0,FW_exact,exact,807.0,0.020512819290161133,15.631446882004928,0.008391858590059087,10.0,0.5210482294001643
0.0,FW_exact,exact,808.0,0.020537853240966797,15.631443692892443,0.0069580412175156425,10.0,0.5210481230964148
0.0,FW_exact,exact,809.0,0.02056288719177246,15.631438009925956,0.008656566782539343,10.0,0.5210479336641985
0.0,FW_exact,exact,810.0,0.02058696746826172,15.63143401033194,0.008893663844895983,10.0,0.521047800344398
0.0,FW_exact,exact,811.0,0.020610809326171875,15.631427649124221,0.009830755687829651,10.0,0.5210475883041407
0.0,FW_exact,exact,812.0,0.02063584327697754,15.631422694713015,0.009269639320679701,10.0,0.5210474231571005
0.0,FW_exact,exact,813.0,0.020660877227783203,15.631418001416389,0.007865863948664398,10.0,0.5210472667138796
0.0,FW_exact,exact,814.0,0.020686626434326172,15.631414002424622,0.009609520535708072,10.0,0.5210471334141541
0.0,FW_exact,exact,815.0,0.02071070671081543,15.631410589228684,0.007198604823658528,10.0,0.5210470196409561
0.0,FW_exact,exact,816.0,0.020734786987304688,15.631406502234015,0.008990425466821605,10.0,0.5210468834078005
0.0,FW_exact,exact,817.0,0.02075982093811035,15.63140296061911,0.008005446440453312,10.0,0.5210467653539703
0.0,FW_exact,exact,818.0,0.020783662796020508,15.63139886134513,0.007889715861681523,10.0,0.5210466287115043
0.0,FW_exact,exact,819.0,0.02080988883972168,15.631390775044068,0.010328711813293978,10.0,0.5210463591681356
0.0,FW_exact,exact,820.0,0.020833730697631836,15.631388675186097,0.006881149175514523,10.0,0.5210462891728699
0.0,FW_exact,exact,821.0,0.020857810974121094,15.63138400923928,0.008417997937886668,10.0,0.5210461336413094
0.0,FW_exact,exact,822.0,0.020882844924926758,15.63137877924222,0.009524286968277451,10.0,0.5210459593080741
0.0,FW_exact,exact,823.0,0.020906925201416016,15.631373362805181,0.010351331517640006,10.0,0.5210457787601727
0.0,FW_exact,exact,824.0,0.020932674407958984,15.631369822148987,0.006831001245181767,10.0,0.5210456607382995
0.0,FW_exact,exact,825.0,0.020956754684448242,15.631361945509202,0.010940942545378363,10.0,0.52104539818364
0.0,FW_exact,exact,826.0,0.020979881286621094,15.631359337570482,0.00766913115336898,10.0,0.5210453112523494
0.0,FW_exact,exact,827.0,0.021004676818847656,15.63135523980163,0.00861172155762091,10.0,0.5210451746600543
0.0,FW_exact,exact,828.0,0.02102971076965332,15.631352962399141,0.005879162735753951,10.0,0.5210450987466381
0.0,FW_exact,exact,829.0,0.021055936813354492,15.63134886304453,0.009004074584289867,10.0,0.5210449621014843
0.0,FW_exact,exact,830.0,0.02108168601989746,15.631342976799344,0.008810360666149819,10.0,0.5210447658933115
0.0,FW_exact,exact,831.0,0.021107912063598633,15.631336422417194,0.009979222048322356,10.0,0.5210445474139065
0.0,FW_exact,exact,832.0,0.021130800247192383,15.631332410354808,0.008340819017842449,10.0,0.5210444136784936
0.0,FW_exact,exact,833.0,0.02115774154663086,15.63132902592214,0.008180672673955058,10.0,0.5210443008640714
0.0,FW_exact,exact,834.0,0.02118396759033203,15.631324535167538,0.007694173052064102,10.0,0.5210441511722512
0.0,FW_exact,exact,835.0,0.021208763122558594,15.631317676446285,0.010208608536069974,10.0,0.5210439225482095
0.0,FW_exact,exact,836.0,0.021233797073364258,15.631314231147845,0.00881569906960955,10.0,0.5210438077049282
0.0,FW_exact,exact,837.0,0.021257877349853516,15.631311029456759,0.007611322287731426,10.0,0.521043700981892
0.0,FW_exact,exact,838.0,0.021284818649291992,15.631309199109372,0.006499504322260208,10.0,0.5210436399703124
0.0,FW_exact,exact,839.0,0.021310806274414062,15.631306546484103,0.00634545628644112,10.0,0.5210435515494701
0.0,FW_exact,exact,840.0,0.021336793899536133,15.631299645506633,0.0095407102066698,10.0,0.5210433215168878
0.0,FW_exact,exact,841.0,0.021362781524658203,15.631295992145185,0.007958915457638938,10.0,0.5210431997381728
0.0,FW_exact,exact,842.0,0.021388769149780273,15.631292943708385,0.007763685904306428,10.0,0.5210430981236128
0.0,FW_exact,exact,843.0,0.021413803100585938,15.631284865876008,0.011080108442953929,10.0,0.5210428288625336
0.0,FW_exact,exact,844.0,0.021439790725708008,15.631279785618634,0.008184277466288137,10.0,0.5210426595206211
0.0,FW_exact,exact,845.0,0.021464824676513672,15.631276712110598,0.007795583876097467,10.0,0.5210425570703533
0.0,FW_exact,exact,846.0,0.02148890495300293,15.631271390824342,0.008990552460252488,10.0,0.5210423796941447
0.0,FW_exact,exact,847.0,0.021513938903808594,15.631267659338448,0.008217551900679965,10.0,0.5210422553112816
0.0,FW_exact,exact,848.0,0.02153778076171875,15.631264648588571,0.008240630723797437,10.0,0.5210421549529524
0.0,FW_exact,exact,849.0,0.02156376838684082,15.63126237292334,0.005876988399576177,10.0,0.5210420790974447
0.0,FW_exact,exact,850.0,0.021589994430541992,15.6312578879474,0.007689293122350449,10.0,0.5210419295982467
0.0,FW_exact,exact,851.0,0.02161574363708496,15.631253993031828,0.008218104701271045,10.0,0.5210417997677276
0.0,FW_exact,exact,852.0,0.02163982391357422,15.631249693296304,0.00996476053676254,10.0,0.5210416564432101
0.0,FW_exact,exact,853.0,0.021663904190063477,15.6312465129031,0.006948694750633422,10.0,0.5210415504301034
0.0,FW_exact,exact,854.0,0.02168869972229004,15.631242177220448,0.009260320365317654,10.0,0.5210414059073483
0.0,FW_exact,exact,855.0,0.021712779998779297,15.631237150492426,0.008141044811518228,10.0,0.5210412383497476
0.0,FW_exact,exact,856.0,0.02173900604248047,15.631230968028214,0.00969172820883557,10.0,0.5210410322676071
0.0,FW_exact,exact,857.0,0.021764755249023438,15.631226752279003,0.008550234277491242,10.0,0.5210408917426335
0.0,FW_exact,exact,858.0,0.02179098129272461,15.631223538394304,0.007971805411367328,10.0,0.5210407846131434
0.0,FW_exact,exact,859.0,0.021815776824951172,15.631219183444673,0.007576926621835511,10.0,0.5210406394481557
0.0,FW_exact,exact,860.0,0.021840810775756836,15.631212517253523,0.010064254857102384,10.0,0.5210404172417841
0.0,FW_exact,exact,861.0,0.021867990493774414,15.631209301001526,0.008517476292219328,10.0,0.5210403100333842
0.0,FW_exact,exact,862.0,0.021892786026000977,15.631205174385636,0.008642152683838944,10.0,0.5210401724795212
0.0,FW_exact,exact,863.0,0.02191781997680664,15.631202693611161,0.006136384108529569,10.0,0.5210400897870388
0.0,FW_exact,exact,864.0,0.0219419002532959,15.631199092831102,0.008438424971416225,10.0,0.5210399697610367
0.0,FW_exact,exact,865.0,0.021967649459838867,15.631193741221901,0.008400392330761619,10.0,0.5210397913740634
0.0,FW_exact,exact,866.0,0.02199387550354004,15.631187871670651,0.009443024864319582,10.0,0.521039595722355
0.0,FW_exact,exact,867.0,0.022019624710083008,15.63118408883241,0.008098956579825511,10.0,0.5210394696277469
0.0,FW_exact,exact,868.0,0.02204275131225586,15.631181818711898,0.00786619313496928,10.0,0.5210393939570632
0.0,FW_exact,exact,869.0,0.022066831588745117,15.631179107385336,0.007197299471448204,10.0,0.5210393035795112
0.0,FW_exact,exact,870.0,0.02209186553955078,15.631177618506577,0.0057937792694087165,10.0,0.5210392539502192
0.0,FW_exact,exact,871.0,0.022115707397460938,15.631175104654202,0.006177214647330231,10.0,0.5210391701551401
0.0,FW_exact,exact,872.0,0.022142887115478516,15.63117163644374,0.008281521583649365,10.0,0.5210390545481247
0.0,FW_exact,exact,873.0,0.022167682647705078,15.631167359256162,0.007508956751745899,10.0,0.5210389119752054
0.0,FW_exact,exact,874.0,0.02219390869140625,15.631162246289534,0.008812733403416928,10.0,0.5210387415429845
0.0,FW_exact,exact,875.0,0.022217988967895508,15.631156927457395,0.009812766938392059,10.0,0.5210385642485799
0.0,FW_exact,exact,876.0,0.022241592407226562,15.63115526410109,0.005733752236869449,10.0,0.5210385088033697
0.0,FW_exact,exact,877.0,0.02226567268371582,15.631152009830368,0.00702909911870897,10.0,0.5210384003276789
0.0,FW_exact,exact,878.0,0.022290945053100586,15.63114647338044,0.008544480335743287,10.0,0.521038215779348
0.0,FW_exact,exact,879.0,0.022316694259643555,15.631142525181954,0.008274286035794276,10.0,0.5210380841727318
0.0,FW_exact,exact,880.0,0.02234172821044922,15.631139544066007,0.008296154937212918,10.0,0.5210379848022002
0.0,FW_exact,exact,881.0,0.02236795425415039,15.631135991381985,0.0073446324900316995,10.0,0.5210378663793995
0.0,FW_exact,exact,882.0,0.022391796112060547,15.631132799408402,0.008485300958779973,10.0,0.52103775998028
0.0,FW_exact,exact,883.0,0.022414684295654297,15.63112899341565,0.007082864210108397,10.0,0.521037633113855
0.0,FW_exact,exact,884.0,0.02244281768798828,15.63112595082803,0.007262778365287659,10.0,0.5210375316942677
0.0,FW_exact,exact,885.0,0.022469758987426758,15.63112170816463,0.008026955824892212,10.0,0.5210373902721543
0.0,FW_exact,exact,886.0,0.02249598503112793,15.631114193554378,0.012195084678495505,10.0,0.521037139785146
0.0,FW_exact,exact,887.0,0.022520780563354492,15.631110899812134,0.006588527921117304,10.0,0.5210370299937378
0.0,FW_exact,exact,888.0,0.022545814514160156,15.631104070006367,0.01018732463545291,10.0,0.5210368023335455
0.0,FW_exact,exact,889.0,0.022569894790649414,15.631100652234831,0.007864373793712076,10.0,0.5210366884078277
0.0,FW_exact,exact,890.0,0.022595643997192383,15.631098663369833,0.006696883475331816,10.0,0.5210366221123278
0.0,FW_exact,exact,891.0,0.0226287841796875,15.631096825689259,0.0052809377249651845,10.0,0.5210365608563087
0.0,FW_exact,exact,892.0,0.02265477180480957,15.631093259580986,0.008397755418135588,10.0,0.5210364419860328
0.0,FW_exact,exact,893.0,0.022678613662719727,15.631088242743374,0.008133205897999929,10.0,0.5210362747581124
0.0,FW_exact,exact,894.0,0.0227048397064209,15.631082602425051,0.009256693194855004,10.0,0.5210360867475017
0.0,FW_exact,exact,895.0,0.022734642028808594,15.63107740467315,0.009495179048393254,10.0,0.5210359134891049
0.0,FW_exact,exact,896.0,0.022760868072509766,15.631074323588571,0.007805353952912597,10.0,0.5210358107862857
0.0,FW_exact,exact,897.0,0.022785663604736328,15.631070000422769,0.007549365896267091,10.0,0.521035666680759
0.0,FW_exact,exact,898.0,0.0228118896484375,15.631063270731307,0.01011233847358639,10.0,0.5210354423577103
0.0,FW_exact,exact,899.0,0.02283787727355957,15.631060866021073,0.007364251480060702,10.0,0.5210353622007025
0.0,FW_exact,exact,900.0,0.022862672805786133,15.631058144015416,0.007017761082963148,10.0,0.5210352714671805
0.0,FW_exact,exact,901.0,0.02288675308227539,15.63105641920408,0.005116108157199761,10.0,0.5210352139734693
0.0,FW_exact,exact,902.0,0.02291083335876465,15.631053027622114,0.008189544512299918,10.0,0.5210351009207371
0.0,FW_exact,exact,903.0,0.02293562889099121,15.631048197106454,0.00798061003887085,10.0,0.5210349399035484
0.0,FW_exact,exact,904.0,0.022960901260375977,15.631042795722237,0.009058317626234214,10.0,0.5210347598574079
0.0,FW_exact,exact,905.0,0.022986888885498047,15.631038745488771,0.008380725083341645,10.0,0.5210346248496257
0.0,FW_exact,exact,906.0,0.023010730743408203,15.631036009649032,0.007947371779836843,10.0,0.5210345336549678
0.0,FW_exact,exact,907.0,0.023036718368530273,15.631030594380677,0.00845048055769304,10.0,0.5210343531460225
0.0,FW_exact,exact,908.0,0.023062705993652344,15.631027104978676,0.007278967108531376,10.0,0.5210342368326225
0.0,FW_exact,exact,909.0,0.023089885711669922,15.631022332826767,0.009715922451620784,10.0,0.5210340777608923
0.0,FW_exact,exact,910.0,0.023114919662475586,15.631019835673614,0.006579227879017324,10.0,0.5210339945224538
0.0,FW_exact,exact,911.0,0.023141860961914062,15.631017181796139,0.005913515612023801,10.0,0.5210339060598713
0.0,FW_exact,exact,912.0,0.023164749145507812,15.631011135592157,0.009584473531985438,10.0,0.5210337045197385
0.0,FW_exact,exact,913.0,0.02318882942199707,15.631007397982001,0.00918261262945208,10.0,0.5210335799327334
0.0,FW_exact,exact,914.0,0.023213624954223633,15.63100432509773,0.007456771075611712,10.0,0.5210334775032577
0.0,FW_exact,exact,915.0,0.0232388973236084,15.631002088379137,0.005826642020403838,10.0,0.5210334029459712
0.0,FW_exact,exact,916.0,0.02326488494873047,15.630998409939917,0.008529187969108065,10.0,0.5210332803313306
0.0,FW_exact,exact,917.0,0.02329087257385254,15.63099358579791,0.007975403040866524,10.0,0.521033119526597
0.0,FW_exact,exact,918.0,0.02331686019897461,15.630987985594865,0.009223791551715266,10.0,0.5210329328531622
0.0,FW_exact,exact,919.0,0.023340702056884766,15.630984905124148,0.007308009741240795,10.0,0.5210328301708049
0.0,FW_exact,exact,920.0,0.023364782333374023,15.63098205968069,0.007500780483869818,10.0,0.5210327353226897
0.0,FW_exact,exact,921.0,0.023389816284179688,15.630978322344024,0.007018782077791386,10.0,0.5210326107448008
0.0,FW_exact,exact,922.0,0.023413896560668945,15.630972647269683,0.009285338954178712,10.0,0.5210324215756561
0.0,FW_exact,exact,923.0,0.023440837860107422,15.630969795743878,0.008019820078740025,10.0,0.5210323265247959
0.0,FW_exact,exact,924.0,0.023465871810913086,15.630966771287486,0.007397761810802095,10.0,0.5210322257095829
0.0,FW_exact,exact,925.0,0.023492813110351562,15.630965273769496,0.005878805558221956,10.0,0.5210321757923165
0.0,FW_exact,exact,926.0,0.023518800735473633,15.630962925168225,0.005970734892652985,10.0,0.5210320975056075
0.0,FW_exact,exact,927.0,0.023544788360595703,15.630957098048466,0.008766455088625946,10.0,0.5210319032682822
0.0,FW_exact,exact,928.0,0.023567676544189453,15.63095425363904,0.007022210736579382,10.0,0.5210318084546347
0.0,FW_exact,exact,929.0,0.02359294891357422,15.630951659765293,0.007161307556978969,10.0,0.5210317219921764
0.0,FW_exact,exact,930.0,0.02361774444580078,15.630944879313443,0.01015061349469093,10.0,0.5210314959771147
0.0,FW_exact,exact,931.0,0.02364182472229004,15.630940680213326,0.007440274939753522,10.0,0.5210313560071109
0.0,FW_exact,exact,932.0,0.02366781234741211,15.630938101997156,0.007139654863824063,10.0,0.5210312700665719
0.0,FW_exact,exact,933.0,0.02369379997253418,15.630933674000097,0.008200794538327116,10.0,0.5210311224666699
0.0,FW_exact,exact,934.0,0.02371978759765625,15.630930359147195,0.007745103353268945,10.0,0.5210310119715732
0.0,FW_exact,exact,935.0,0.023743867874145508,15.630927762648415,0.007652573665245299,10.0,0.5210309254216139
0.0,FW_exact,exact,936.0,0.023766756057739258,15.630925765151188,0.005506070802873353,10.0,0.521030858838373
0.0,FW_exact,exact,937.0,0.023791790008544922,15.630921962778693,0.0070797138060179066,10.0,0.5210307320926231
0.0,FW_exact,exact,938.0,0.02381587028503418,15.63091877040881,0.007439728452057537,10.0,0.5210306256802937
0.0,FW_exact,exact,939.0,0.02384161949157715,15.63091520525557,0.009073277067404462,10.0,0.5210305068418524
0.0,FW_exact,exact,940.0,0.02386784553527832,15.63091253201044,0.006370422988146274,10.0,0.5210304177336813
0.0,FW_exact,exact,941.0,0.02389383316040039,15.630908860381352,0.00852135941429566,10.0,0.5210302953460451
0.0,FW_exact,exact,942.0,0.023917675018310547,15.63090467019344,0.007432406841688888,10.0,0.5210301556731146
0.0,FW_exact,exact,943.0,0.0239408016204834,15.630899475756653,0.008883056567654535,10.0,0.5210299825252218
0.0,FW_exact,exact,944.0,0.023965835571289062,15.630896037322742,0.007888309509043623,10.0,0.5210298679107581
0.0,FW_exact,exact,945.0,0.02398991584777832,15.630894287262693,0.005881535365661605,10.0,0.5210298095754231
0.0,FW_exact,exact,946.0,0.02401566505432129,15.630891681699191,0.006289212356589857,10.0,0.5210297227233064
0.0,FW_exact,exact,947.0,0.024039745330810547,15.63088652362388,0.0082472921263399,10.0,0.5210295507874627
0.0,FW_exact,exact,948.0,0.024063825607299805,15.630883466027795,0.007280888098101457,10.0,0.5210294488675932
0.0,FW_exact,exact,949.0,0.02408766746520996,15.630880528595211,0.008139879643072945,10.0,0.5210293509531737
0.0,FW_exact,exact,950.0,0.02411174774169922,15.630875603312782,0.008649615394789478,10.0,0.5210291867770928
0.0,FW_exact,exact,951.0,0.02413797378540039,15.63087136431254,0.009156736744763805,10.0,0.5210290454770846
0.0,FW_exact,exact,952.0,0.02416086196899414,15.630868342218172,0.006310958250569598,10.0,0.5210289447406057
0.0,FW_exact,exact,953.0,0.024184703826904297,15.630863581302947,0.008503913162678955,10.0,0.5210287860434316
0.0,FW_exact,exact,954.0,0.02420973777770996,15.630859867919868,0.00802449251040116,10.0,0.5210286622639956
0.0,FW_exact,exact,955.0,0.02423381805419922,15.630857387401365,0.007003035659261414,10.0,0.5210285795800454
0.0,FW_exact,exact,956.0,0.02425980567932129,15.63085390906662,0.006771084416110185,10.0,0.521028463635554
0.0,FW_exact,exact,957.0,0.02428579330444336,15.630848581435712,0.008996418373872217,10.0,0.5210282860478571
0.0,FW_exact,exact,958.0,0.02431178092956543,15.630846323968699,0.007844420266980734,10.0,0.5210282107989567
0.0,FW_exact,exact,959.0,0.024335861206054688,15.630844288535972,0.006775030785147962,10.0,0.521028142951199
0.0,FW_exact,exact,960.0,0.024359941482543945,15.63084224688897,0.006077285512297692,10.0,0.521028074896299
0.0,FW_exact,exact,961.0,0.02438497543334961,15.630839251984726,0.00674319702999604,10.0,0.5210279750661575
0.0,FW_exact,exact,962.0,0.024408817291259766,15.630834825241676,0.0076396439917711945,10.0,0.5210278275080559
0.0,FW_exact,exact,963.0,0.024434804916381836,15.630832491097364,0.006793144191540534,10.0,0.5210277497032455
0.0,FW_exact,exact,964.0,0.0244598388671875,15.630828116763668,0.00815100983171746,10.0,0.5210276038921223
0.0,FW_exact,exact,965.0,0.02448582649230957,15.630824333526572,0.008099720326834259,10.0,0.5210274777842191
0.0,FW_exact,exact,966.0,0.024509906768798828,15.630821920222633,0.007377563570567958,10.0,0.5210273973407544
0.0,FW_exact,exact,967.0,0.024533987045288086,15.630819748014694,0.006441861371513369,10.0,0.5210273249338232
0.0,FW_exact,exact,968.0,0.02455878257751465,15.630818581728299,0.004800900484779547,10.0,0.52102728605761
0.0,FW_exact,exact,969.0,0.024582862854003906,15.630815600057163,0.006728290757703093,10.0,0.5210271866685721
0.0,FW_exact,exact,970.0,0.024608850479125977,15.630811057967708,0.007738679989556019,10.0,0.5210270352655902
0.0,FW_exact,exact,971.0,0.024634838104248047,15.630807220471223,0.00815766742595514,10.0,0.5210269073490408
0.0,FW_exact,exact,972.0,0.02466583251953125,15.630805157108624,0.006901370363776138,10.0,0.5210268385702874
0.0,FW_exact,exact,973.0,0.024696826934814453,15.630802194449469,0.006706798576765038,10.0,0.5210267398149823
0.0,FW_exact,exact,974.0,0.024721860885620117,15.630799281554218,0.007589371765513775,10.0,0.5210266427184739
0.0,FW_exact,exact,975.0,0.024745941162109375,15.630795253664733,0.007287006171807775,10.0,0.5210265084554911
0.0,FW_exact,exact,976.0,0.024771690368652344,15.630790687198175,0.008328328985840017,10.0,0.5210263562399392
0.0,FW_exact,exact,977.0,0.024797916412353516,15.630785450615077,0.009736918367574177,10.0,0.5210261816871692
0.0,FW_exact,exact,978.0,0.02482461929321289,15.630784075941326,0.005567221949158707,10.0,0.5210261358647109
0.0,FW_exact,exact,979.0,0.024850845336914062,15.63078190276324,0.005743388059601173,10.0,0.5210260634254413
0.0,FW_exact,exact,980.0,0.02487659454345703,15.630778885143217,0.0077247157290116775,10.0,0.5210259628381072
0.0,FW_exact,exact,981.0,0.024902820587158203,15.630774776172839,0.007360088363478567,10.0,0.521025825872428
0.0,FW_exact,exact,982.0,0.024928808212280273,15.630770085607066,0.008440884423839279,10.0,0.5210256695202355
0.0,FW_exact,exact,983.0,0.02495265007019043,15.630766154579291,0.00825661558782187,10.0,0.5210255384859763
0.0,FW_exact,exact,984.0,0.024976730346679688,15.63076362954825,0.007065702263707507,10.0,0.521025454318275
0.0,FW_exact,exact,985.0,0.025000810623168945,15.630760129419654,0.006792382316071155,10.0,0.5210253376473218
0.0,FW_exact,exact,986.0,0.025025606155395508,15.630754706360872,0.009076840310303425,10.0,0.5210251568786958
0.0,FW_exact,exact,987.0,0.02505183219909668,15.630752572648001,0.0069368235096440856,10.0,0.5210250857549333
0.0,FW_exact,exact,988.0,0.02507781982421875,15.63074985711415,0.007009646035166739,10.0,0.5210249952371383
0.0,FW_exact,exact,989.0,0.025101661682128906,15.630748217726898,0.004987926016941202,10.0,0.5210249405908967
0.0,FW_exact,exact,990.0,0.025125741958618164,15.63074538144546,0.007488865158070013,10.0,0.521024846048182
0.0,FW_exact,exact,991.0,0.025152921676635742,15.630741288284241,0.007345937405613512,10.0,0.5210247096094747
0.0,FW_exact,exact,992.0,0.0251767635345459,15.630736737055543,0.008314465861527509,10.0,0.5210245579018514
0.0,FW_exact,exact,993.0,0.025212764739990234,15.630733612181253,0.00736075020564364,10.0,0.5210244537393751
0.0,FW_exact,exact,994.0,0.0252377986907959,15.630730954464024,0.0078332100720786,10.0,0.5210243651488008
0.0,FW_exact,exact,995.0,0.025261640548706055,15.630726348520858,0.007793050517580724,10.0,0.5210242116173619
0.0,FW_exact,exact,996.0,0.02528691291809082,15.630723393378611,0.006698346955497314,10.0,0.5210241131126204
0.0,FW_exact,exact,997.0,0.025310754776000977,15.630719582727354,0.008681493100656468,10.0,0.5210239860909118
0.0,FW_exact,exact,998.0,0.025336742401123047,15.630717408461939,0.006139057943849835,10.0,0.5210239136153979
0.0,FW_exact,exact,999.0,0.025362730026245117,15.630715154299141,0.005449884844708208,10.0,0.521023838476638
0.0,FW_exact,exact,1000.0,0.025388717651367188,15.630710159557854,0.008710652180447198,10.0,0.5210236719852618
0.0,FW_exact,exact,1001.0,0.025412797927856445,15.630707003167444,0.00843815591407271,10.0,0.5210235667722481
0.0,FW_exact,exact,1002.0,0.025436878204345703,15.630704108842785,0.007236943765510873,10.0,0.5210234702947595
0.0,FW_exact,exact,1003.0,0.025461912155151367,15.630702103117995,0.005517569685160595,10.0,0.5210234034372665
0.0,FW_exact,exact,1004.0,0.025485754013061523,15.630698967695183,0.007874234776368283,10.0,0.5210232989231728
0.0,FW_exact,exact,1005.0,0.025511741638183594,15.630694861907875,0.0073573231251966575,10.0,0.5210231620635958
0.0,FW_exact,exact,1006.0,0.025537729263305664,15.630690090884293,0.00851314090605193,10.0,0.5210230030294765
0.0,FW_exact,exact,1007.0,0.025563716888427734,15.630687638359534,0.006520377477425399,10.0,0.5210229212786511
0.0,FW_exact,exact,1008.0,0.025586843490600586,15.630685233162108,0.006895937693746745,10.0,0.5210228411054036
0.0,FW_exact,exact,1009.0,0.02561187744140625,15.630682099336337,0.0064268568217134,10.0,0.5210227366445446
0.0,FW_exact,exact,1010.0,0.025636672973632812,15.630677354104902,0.008490087208588903,10.0,0.5210225784701634
0.0,FW_exact,exact,1011.0,0.025662899017333984,15.630674902317278,0.007436289624124015,10.0,0.5210224967439092
0.0,FW_exact,exact,1012.0,0.025688648223876953,15.63067218530648,0.00701161372254866,10.0,0.5210224061768827
0.0,FW_exact,exact,1013.0,0.02571392059326172,15.630670804150885,0.005645815658054332,10.0,0.5210223601383628
0.0,FW_exact,exact,1014.0,0.025737762451171875,15.630668725053638,0.005617682520583145,10.0,0.5210222908351213
0.0,FW_exact,exact,1015.0,0.025760889053344727,15.630663694224337,0.008145078651949689,10.0,0.5210221231408112
0.0,FW_exact,exact,1016.0,0.025784730911254883,15.630661310864518,0.006427728514802666,10.0,0.5210220436954839
0.0,FW_exact,exact,1017.0,0.025809764862060547,15.630659162493327,0.0065171413247391285,10.0,0.5210219720831109
0.0,FW_exact,exact,1018.0,0.025833845138549805,15.630653409932004,0.009348985753238281,10.0,0.5210217803310668
0.0,FW_exact,exact,1019.0,0.025859832763671875,15.630649859590822,0.006841095299931155,10.0,0.5210216619863607
0.0,FW_exact,exact,1020.0,0.025882720947265625,15.630647671831055,0.006576660332232365,10.0,0.5210215890610351
0.0,FW_exact,exact,1021.0,0.025906801223754883,15.63064392117715,0.007547184972654719,10.0,0.5210214640392383
0.0,FW_exact,exact,1022.0,0.025931835174560547,15.63064100008805,0.007270405129466084,10.0,0.5210213666696016
0.0,FW_exact,exact,1023.0,0.025955677032470703,15.630638775331164,0.007083435806270799,10.0,0.5210212925110388
0.0,FW_exact,exact,1024.0,0.025981903076171875,15.630637034684788,0.005139839447867445,10.0,0.521021234489493
0.0,FW_exact,exact,1025.0,0.026007652282714844,15.63063378033453,0.006549446552339688,10.0,0.521021126011151
0.0,FW_exact,exact,1026.0,0.026033878326416016,15.630631122260498,0.006788374972577671,10.0,0.5210210374086832
0.0,FW_exact,exact,1027.0,0.02606058120727539,15.630628030015497,0.008449857587450538,10.0,0.5210209343338499
0.0,FW_exact,exact,1028.0,0.026085853576660156,15.630625749193232,0.005884142848232798,10.0,0.5210208583064411
0.0,FW_exact,exact,1029.0,0.026109933853149414,15.630622638383986,0.007843302917503792,10.0,0.5210207546127995
0.0,FW_exact,exact,1030.0,0.026134014129638672,15.630619068332972,0.006860110108474871,10.0,0.5210206356110991
0.0,FW_exact,exact,1031.0,0.026158809661865234,15.630614653182437,0.008189221342341568,10.0,0.5210204884394146
0.0,FW_exact,exact,1032.0,0.026182889938354492,15.63061164427601,0.007378994179982001,10.0,0.5210203881425337
0.0,FW_exact,exact,1033.0,0.026208877563476562,15.630610159214033,0.005417870854385498,10.0,0.5210203386404678
0.0,FW_exact,exact,1034.0,0.026234865188598633,15.630607911363422,0.005841438210820726,10.0,0.5210202637121141
0.0,FW_exact,exact,1035.0,0.026260852813720703,15.630603502370613,0.007624562094267873,10.0,0.5210201167456872
0.0,FW_exact,exact,1036.0,0.02628469467163086,15.630600924865886,0.006684644905975645,10.0,0.5210200308288628
0.0,FW_exact,exact,1037.0,0.026308774948120117,15.630598420077275,0.007516340363409313,10.0,0.5210199473359092
0.0,FW_exact,exact,1038.0,0.026335954666137695,15.630594219074354,0.007987962461795561,10.0,0.5210198073024784
0.0,FW_exact,exact,1039.0,0.026361703872680664,15.630590586766548,0.008475840693892067,10.0,0.5210196862255516
0.0,FW_exact,exact,1040.0,0.026386737823486328,15.630588015046383,0.005821560310574014,10.0,0.521019600501546
0.0,FW_exact,exact,1041.0,0.026412010192871094,15.630583947482565,0.007859953663047037,10.0,0.5210194649160855
0.0,FW_exact,exact,1042.0,0.026437759399414062,15.630580777525072,0.007413833648652002,10.0,0.5210193592508358
0.0,FW_exact,exact,1043.0,0.026463985443115234,15.630578658441157,0.006472590579763349,10.0,0.5210192886147053
0.0,FW_exact,exact,1044.0,0.026489734649658203,15.630575686188983,0.006258928416379206,10.0,0.5210191895396328
0.0,FW_exact,exact,1045.0,0.026512861251831055,15.63057113359053,0.00831589983763159,10.0,0.5210190377863511
0.0,FW_exact,exact,1046.0,0.026536941528320312,15.630568826970876,0.007212707925342343,10.0,0.5210189608990292
0.0,FW_exact,exact,1047.0,0.026561737060546875,15.630566475345015,0.006522859787624569,10.0,0.5210188825115005
0.0,FW_exact,exact,1048.0,0.026585817337036133,15.630564918280204,0.004861114033515079,10.0,0.5210188306093401
0.0,FW_exact,exact,1049.0,0.026611804962158203,15.630563148487507,0.0069453115758157935,10.0,0.5210187716162502
0.0,FW_exact,exact,1050.0,0.02663588523864746,15.630560184088688,0.006250661076128594,10.0,0.5210186728029563
0.0,FW_exact,exact,1051.0,0.02665877342224121,15.630557938392064,0.005838675099139934,10.0,0.5210185979464022
0.0,FW_exact,exact,1052.0,0.026683807373046875,15.630553906518358,0.008930308753624772,10.0,0.521018463550612
0.0,FW_exact,exact,1053.0,0.02670884132385254,15.630551345461287,0.006663304352706234,10.0,0.5210183781820429
0.0,FW_exact,exact,1054.0,0.02673482894897461,15.63054939065219,0.0061109694090912825,10.0,0.5210183130217396
0.0,FW_exact,exact,1055.0,0.02676081657409668,15.63054671807237,0.0063699367725202904,10.0,0.5210182239357457
0.0,FW_exact,exact,1056.0,0.02678680419921875,15.630543621909265,0.00638821756427177,10.0,0.5210181207303088
0.0,FW_exact,exact,1057.0,0.0268096923828125,15.630541799961232,0.006484997327312669,10.0,0.5210180599987078
0.0,FW_exact,exact,1058.0,0.026833772659301758,15.630539309654099,0.006570560808665249,10.0,0.52101797698847
0.0,FW_exact,exact,1059.0,0.026858806610107422,15.630537256585635,0.005582477951101339,10.0,0.5210179085528545
0.0,FW_exact,exact,1060.0,0.026882648468017578,15.630534272713318,0.007681555943628737,10.0,0.5210178090904439
0.0,FW_exact,exact,1061.0,0.02690887451171875,15.630531321804561,0.006236436305691484,10.0,0.5210177107268187
0.0,FW_exact,exact,1062.0,0.02693486213684082,15.630527396147755,0.007721546474570573,10.0,0.5210175798715918
0.0,FW_exact,exact,1063.0,0.026961803436279297,15.630524600448517,0.007941184996601791,10.0,0.5210174866816172
0.0,FW_exact,exact,1064.0,0.02698493003845215,15.630521021237326,0.00804864830544183,10.0,0.5210173673745776
0.0,FW_exact,exact,1065.0,0.027009010314941406,15.630518868672427,0.005716262047387843,10.0,0.5210172956224143
0.0,FW_exact,exact,1066.0,0.02703380584716797,15.630516579353085,0.006727770663811583,10.0,0.5210172193117695
0.0,FW_exact,exact,1067.0,0.027057886123657227,15.630512986061925,0.0068825368579776836,10.0,0.5210170995353975
0.0,FW_exact,exact,1068.0,0.027083873748779297,15.630509135910023,0.00764687225584737,10.0,0.5210169711970007
0.0,FW_exact,exact,1069.0,0.02711176872253418,15.63050595459144,0.0074271828313428045,10.0,0.521016865153048
0.0,FW_exact,exact,1070.0,0.02713775634765625,15.630503806018108,0.006961106253687177,10.0,0.5210167935339369
0.0,FW_exact,exact,1071.0,0.027162790298461914,15.63050157046443,0.0054275001399322065,10.0,0.521016719015481
0.0,FW_exact,exact,1072.0,0.027189970016479492,15.630498714236554,0.006585386475189026,10.0,0.5210166238078852
0.0,FW_exact,exact,1073.0,0.02721571922302246,15.630494329205646,0.00931362560184823,10.0,0.5210164776401882
0.0,FW_exact,exact,1074.0,0.027241945266723633,15.630492539686305,0.005569245792633737,10.0,0.5210164179895435
0.0,FW_exact,exact,1075.0,0.027264833450317383,15.630490516368486,0.00554188752514051,10.0,0.5210163505456162
0.0,FW_exact,exact,1076.0,0.02728867530822754,15.630485316799954,0.008280943676684416,10.0,0.5210161772266652
0.0,FW_exact,exact,1077.0,0.027313709259033203,15.630483728036445,0.006055604076761867,10.0,0.5210161242678815
0.0,FW_exact,exact,1078.0,0.02733778953552246,15.630481609138622,0.005671377752475948,10.0,0.5210160536379541
0.0,FW_exact,exact,1079.0,0.02736377716064453,15.630477901681155,0.008191742784012135,10.0,0.5210159300560385
0.0,FW_exact,exact,1080.0,0.0273897647857666,15.630476235874314,0.005738371235201711,10.0,0.5210158745291438
0.0,FW_exact,exact,1081.0,0.027415752410888672,15.630473584915391,0.006344157974162101,10.0,0.5210157861638464
0.0,FW_exact,exact,1082.0,0.02743983268737793,15.630468995602007,0.007779256769589793,10.0,0.5210156331867336
0.0,FW_exact,exact,1083.0,0.027463912963867188,15.630467871797729,0.00503356509140751,10.0,0.521015595726591
0.0,FW_exact,exact,1084.0,0.027487993240356445,15.630465256675778,0.0063011015307345986,10.0,0.5210155085558593
0.0,FW_exact,exact,1085.0,0.027512788772583008,15.630462402378019,0.0075128457245909885,10.0,0.5210154134126006
0.0,FW_exact,exact,1086.0,0.027538776397705078,15.63045859578364,0.008125051649249926,10.0,0.5210152865261214
0.0,FW_exact,exact,1087.0,0.027563810348510742,15.630456430177185,0.0053418833129939,10.0,0.5210152143392395
0.0,FW_exact,exact,1088.0,0.0275876522064209,15.630451813446117,0.008374464245843427,10.0,0.5210150604482039
0.0,FW_exact,exact,1089.0,0.027612924575805664,15.63044943190119,0.006862087091613844,10.0,0.5210149810633731
0.0,FW_exact,exact,1090.0,0.027637004852294922,15.630447643220506,0.00485444414001357,10.0,0.5210149214406835
0.0,FW_exact,exact,1091.0,0.02766275405883789,15.630444898761741,0.006455187066464418,10.0,0.5210148299587247
0.0,FW_exact,exact,1092.0,0.02768874168395996,15.630441625060767,0.007697252850324077,10.0,0.5210147208353589
0.0,FW_exact,exact,1093.0,0.02771472930908203,15.630438857118307,0.007901697519994144,10.0,0.5210146285706102
0.0,FW_exact,exact,1094.0,0.02773880958557129,15.630436823705594,0.005555744770880722,10.0,0.5210145607901865
0.0,FW_exact,exact,1095.0,0.027772903442382812,15.630434267572422,0.005804011471939319,10.0,0.5210144755857474
0.0,FW_exact,exact,1096.0,0.027797937393188477,15.63043180683538,0.006531486240453077,10.0,0.5210143935611794
0.0,FW_exact,exact,1097.0,0.027823686599731445,15.630428895449382,0.008198990746855372,10.0,0.5210142965149794
0.0,FW_exact,exact,1098.0,0.027849912643432617,15.63042700348632,0.0053588938125201935,10.0,0.521014233449544
0.0,FW_exact,exact,1099.0,0.027878761291503906,15.630424381562447,0.0072003370177036174,10.0,0.5210141460520815
0.0,FW_exact,exact,1100.0,0.02790379524230957,15.630421239702422,0.006435352889347712,10.0,0.521014041323414
0.0,FW_exact,exact,1101.0,0.027934789657592773,15.630417432028743,0.0076046213484914915,10.0,0.5210139144009581
0.0,FW_exact,exact,1102.0,0.027959585189819336,15.630414459544438,0.007334321340083605,10.0,0.5210138153181479
0.0,FW_exact,exact,1103.0,0.027985811233520508,15.630413253979903,0.005213562876052791,10.0,0.5210137751326634
0.0,FW_exact,exact,1104.0,0.028009891510009766,15.630411844356797,0.004625186352932076,10.0,0.5210137281452265
0.0,FW_exact,exact,1105.0,0.028035640716552734,15.630409579327834,0.006692031889384609,10.0,0.5210136526442611
0.0,FW_exact,exact,1106.0,0.0280609130859375,15.63040646120177,0.006410990821523299,10.0,0.5210135487067257
0.0,FW_exact,exact,1107.0,0.02808690071105957,15.630402917362133,0.007336184705515336,10.0,0.5210134305787377
0.0,FW_exact,exact,1108.0,0.028111696243286133,15.630398827640288,0.008422142270868349,10.0,0.5210132942546762
0.0,FW_exact,exact,1109.0,0.0281369686126709,15.630396820427782,0.006299428083984537,10.0,0.5210132273475927
0.0,FW_exact,exact,1110.0,0.02816176414489746,15.630393906196906,0.006197650482835826,10.0,0.5210131302065635
0.0,FW_exact,exact,1111.0,0.02818775177001953,15.630389316632847,0.00834982990819455,10.0,0.5210129772210949
0.0,FW_exact,exact,1112.0,0.02822279930114746,15.63038750162572,0.006397718593781576,10.0,0.5210129167208574
0.0,FW_exact,exact,1113.0,0.028246641159057617,15.63038565661668,0.005655058343421615,10.0,0.521012855220556
0.0,FW_exact,exact,1114.0,0.02827167510986328,15.630383415525696,0.005434320818096694,10.0,0.5210127805175232
0.0,FW_exact,exact,1115.0,0.028296947479248047,15.630380928912732,0.006144272396795714,10.0,0.5210126976304245
0.0,FW_exact,exact,1116.0,0.028322696685791016,15.630376503150279,0.009356934079486123,10.0,0.5210125501050092
0.0,FW_exact,exact,1117.0,0.028348922729492188,15.630375063070746,0.004674938698752129,10.0,0.5210125021023582
0.0,FW_exact,exact,1118.0,0.028374671936035156,15.630372649148859,0.006608896761726157,10.0,0.5210124216382953
0.0,FW_exact,exact,1119.0,0.02839970588684082,15.63036982322693,0.0061029601681728,10.0,0.5210123274408976
0.0,FW_exact,exact,1120.0,0.028424739837646484,15.630367840249306,0.0067657791936586165,10.0,0.5210122613416436
0.0,FW_exact,exact,1121.0,0.02844977378845215,15.630364443037708,0.0071827037801419635,10.0,0.521012148101257
0.0,FW_exact,exact,1122.0,0.028474807739257812,15.630362329350497,0.005277484297275592,10.0,0.5210120776450166
0.0,FW_exact,exact,1123.0,0.02849888801574707,15.630359705941773,0.006744141130758052,10.0,0.5210119901980591
0.0,FW_exact,exact,1124.0,0.028522968292236328,15.630357672543946,0.006340436297433527,10.0,0.5210119224181315
0.0,FW_exact,exact,1125.0,0.028544902801513672,15.630353936885847,0.007532355286715031,10.0,0.5210117978961949
0.0,FW_exact,exact,1126.0,0.028568744659423828,15.630351417246626,0.007538769292134262,10.0,0.5210117139082209
0.0,FW_exact,exact,1127.0,0.028592824935913086,15.6303491345787,0.005484568523781874,10.0,0.5210116378192899
0.0,FW_exact,exact,1128.0,0.028616905212402344,15.630347066955904,0.00560238534602675,10.0,0.5210115688985302
0.0,FW_exact,exact,1129.0,0.028642654418945312,15.630343881861155,0.007592365186795291,10.0,0.5210114627287051
0.0,FW_exact,exact,1130.0,0.028665781021118164,15.630341679494057,0.006598798493490321,10.0,0.5210113893164686
0.0,FW_exact,exact,1131.0,0.028688907623291016,15.630338880189443,0.0065195151568193666,10.0,0.5210112960063148
0.0,FW_exact,exact,1132.0,0.02871394157409668,15.63033552828185,0.006647289111461063,10.0,0.5210111842760617
0.0,FW_exact,exact,1133.0,0.028737783432006836,15.630333537137679,0.005874931624962443,10.0,0.5210111179045893
0.0,FW_exact,exact,1134.0,0.028763771057128906,15.630331590439923,0.006703586271608941,10.0,0.5210110530146641
0.0,FW_exact,exact,1135.0,0.028786897659301758,15.630329487560932,0.005649996656844181,10.0,0.5210109829186977
0.0,FW_exact,exact,1136.0,0.028810977935791016,15.63032736339635,0.0064805151353724,10.0,0.5210109121132117
0.0,FW_exact,exact,1137.0,0.028834819793701172,15.630324539673685,0.00610062466151895,10.0,0.5210108179891229
0.0,FW_exact,exact,1138.0,0.028859853744506836,15.630321277982805,0.007037886363818302,10.0,0.5210107092660935
0.0,FW_exact,exact,1139.0,0.028885841369628906,15.630319093528604,0.006286746528449072,10.0,0.5210106364509535
0.0,FW_exact,exact,1140.0,0.028908729553222656,15.63031683983755,0.0071295816579759475,10.0,0.5210105613279183
0.0,FW_exact,exact,1141.0,0.028932809829711914,15.630315361906906,0.004736053729565981,10.0,0.5210105120635635
0.0,FW_exact,exact,1142.0,0.028956890106201172,15.630313575794577,0.005942193656421679,10.0,0.5210104525264859
0.0,FW_exact,exact,1143.0,0.028981924057006836,15.630310799546384,0.006049088565070804,10.0,0.5210103599848794
0.0,FW_exact,exact,1144.0,0.029004812240600586,15.630307562469808,0.007492214670401509,10.0,0.5210102520823269
0.0,FW_exact,exact,1145.0,0.029027700424194336,15.630303424583047,0.007927970516034222,10.0,0.5210101141527682
0.0,FW_exact,exact,1146.0,0.029051780700683594,15.630301258468897,0.006544252722841648,10.0,0.5210100419489633
0.0,FW_exact,exact,1147.0,0.02907872200012207,15.63029823132697,0.0063167784074824596,10.0,0.5210099410442324
0.0,FW_exact,exact,1148.0,0.02910470962524414,15.630294814433341,0.007203566360063363,10.0,0.521009827147778
0.0,FW_exact,exact,1149.0,0.029129981994628906,15.630293174066804,0.006082020738970684,10.0,0.5210097724688935
0.0,FW_exact,exact,1150.0,0.02915477752685547,15.630290449376306,0.006873250811009868,10.0,0.5210096816458768
0.0,FW_exact,exact,1151.0,0.02918076515197754,15.630288860220645,0.0055096711167781365,10.0,0.5210096286740215
0.0,FW_exact,exact,1152.0,0.029205799102783203,15.630287707633798,0.004772863662321214,10.0,0.5210095902544599
0.0,FW_exact,exact,1153.0,0.029230833053588867,15.630285325947394,0.006013213594956213,10.0,0.5210095108649131
0.0,FW_exact,exact,1154.0,0.029256820678710938,15.630281983880906,0.006637567959529633,10.0,0.5210093994626969
0.0,FW_exact,exact,1155.0,0.029282808303833008,15.630280198955267,0.005562224838659091,10.0,0.5210093399651756
0.0,FW_exact,exact,1156.0,0.029307842254638672,15.63027886744171,0.005543564304920423,10.0,0.5210092955813903
0.0,FW_exact,exact,1157.0,0.029333829879760742,15.630276878076051,0.005495314146960695,10.0,0.5210092292692017
0.0,FW_exact,exact,1158.0,0.029358625411987305,15.630274758955151,0.0064728462184096,10.0,0.5210091586318384
0.0,FW_exact,exact,1159.0,0.02938389778137207,15.630272287784253,0.00570679390178519,10.0,0.5210090762594751
0.0,FW_exact,exact,1160.0,0.029407978057861328,15.63026925210337,0.006789498392320681,10.0,0.5210089750701123
0.0,FW_exact,exact,1161.0,0.029433727264404297,15.630265450458692,0.008295434653401657,10.0,0.521008848348623
0.0,FW_exact,exact,1162.0,0.02945685386657715,15.630263669157863,0.0063380706345643745,10.0,0.5210087889719287
0.0,FW_exact,exact,1163.0,0.029480934143066406,15.63026177939362,0.005355893357075203,10.0,0.5210087259797873
0.0,FW_exact,exact,1164.0,0.02950572967529297,15.630259807721089,0.006243460967029435,10.0,0.5210086602573696
0.0,FW_exact,exact,1165.0,0.029529809951782227,15.630256844912957,0.006249270120919803,10.0,0.5210085614970985
0.0,FW_exact,exact,1166.0,0.029555797576904297,15.630253607599256,0.007011575426499661,10.0,0.5210084535866418
0.0,FW_exact,exact,1167.0,0.02957892417907715,15.63025067953513,0.007125387833585961,10.0,0.5210083559845043
0.0,FW_exact,exact,1168.0,0.029602766036987305,15.63024930846469,0.0061128523124285294,10.0,0.5210083102821563
0.0,FW_exact,exact,1169.0,0.029626846313476562,15.630247257587412,0.0051985091196780076,10.0,0.5210082419195804
0.0,FW_exact,exact,1170.0,0.029651880264282227,15.63024481609972,0.006088330550502619,10.0,0.5210081605366573
0.0,FW_exact,exact,1171.0,0.02967667579650879,15.630241282945343,0.008359552073478937,10.0,0.5210080427648448
0.0,FW_exact,exact,1172.0,0.029701709747314453,15.630240132660266,0.004177964244140853,10.0,0.5210080044220089
0.0,FW_exact,exact,1173.0,0.02972698211669922,15.630238129256922,0.006020461553911005,10.0,0.5210079376418973
0.0,FW_exact,exact,1174.0,0.029752731323242188,15.63023599602988,0.006936351198456592,10.0,0.5210078665343293
0.0,FW_exact,exact,1175.0,0.029776811599731445,15.630233808848038,0.005368630448449707,10.0,0.5210077936282679
0.0,FW_exact,exact,1176.0,0.029802799224853516,15.63022969164361,0.00790818877225874,10.0,0.5210076563881203
0.0,FW_exact,exact,1177.0,0.02982783317565918,15.630227773519193,0.006158061935396475,10.0,0.5210075924506398
0.0,FW_exact,exact,1178.0,0.029852867126464844,15.630225644240719,0.006075515661269293,10.0,0.5210075214746906
0.0,FW_exact,exact,1179.0,0.029878854751586914,15.630222946444087,0.005963009818069409,10.0,0.5210074315481362
0.0,FW_exact,exact,1180.0,0.029903650283813477,15.630218982422418,0.00775953940267371,10.0,0.5210072994140806
0.0,FW_exact,exact,1181.0,0.029927730560302734,15.630217005988978,0.006251026170225771,10.0,0.521007233532966
0.0,FW_exact,exact,1182.0,0.029953718185424805,15.630215473205668,0.004493709781696609,10.0,0.521007182440189
0.0,FW_exact,exact,1183.0,0.02997875213623047,15.630213160489765,0.005925494502275086,10.0,0.5210071053496589
0.0,FW_exact,exact,1184.0,0.03000497817993164,15.630210609361056,0.006794386099221228,10.0,0.5210070203120352
0.0,FW_exact,exact,1185.0,0.030029773712158203,15.630208248455657,0.007297377093733459,10.0,0.5210069416151886
0.0,FW_exact,exact,1186.0,0.030055761337280273,15.63020660216485,0.004998781114963435,10.0,0.5210068867388283
0.0,FW_exact,exact,1187.0,0.03008103370666504,15.63020448652369,0.005280051604380276,10.0,0.5210068162174564
0.0,FW_exact,exact,1188.0,0.030106782913208008,15.630202065926902,0.006478127297691927,10.0,0.5210067355308967
0.0,FW_exact,exact,1189.0,0.030132770538330078,15.630199324153557,0.007956568394707375,10.0,0.5210066441384519
0.0,FW_exact,exact,1190.0,0.03015875816345215,15.630197674720705,0.005003558111797091,10.0,0.5210065891573569
0.0,FW_exact,exact,1191.0,0.030183792114257812,15.630195541808387,0.00649394085961319,10.0,0.5210065180602795
0.0,FW_exact,exact,1192.0,0.030209779739379883,15.630192675165118,0.006146980757355536,10.0,0.5210064225055039
0.0,FW_exact,exact,1193.0,0.030234813690185547,15.630189381298711,0.00707266963763864,10.0,0.521006312709957
0.0,FW_exact,exact,1194.0,0.03025984764099121,15.630186998308051,0.0065665221143849095,10.0,0.5210062332769351
0.0,FW_exact,exact,1195.0,0.03028583526611328,15.630185973934992,0.004805753702328275,10.0,0.5210061991311664
0.0,FW_exact,exact,1196.0,0.030310869216918945,15.630184821578135,0.004181757594249547,10.0,0.5210061607192712
0.0,FW_exact,exact,1197.0,0.030336856842041016,15.630182887252552,0.006184058183601238,10.0,0.5210060962417518
0.0,FW_exact,exact,1198.0,0.030361652374267578,15.630180239602195,0.005907318459383859,10.0,0.5210060079867398
0.0,FW_exact,exact,1199.0,0.030386924743652344,15.63017757528588,0.006796703404253535,10.0,0.521005919176196
0.0,FW_exact,exact,1200.0,0.030412673950195312,15.630173518512759,0.00784993492251651,10.0,0.5210057839504253
0.0,FW_exact,exact,1201.0,0.030438899993896484,15.630171449568492,0.006395771993975785,10.0,0.5210057149856164
0.0,FW_exact,exact,1202.0,0.030462980270385742,15.630168618926657,0.00610824605420035,10.0,0.5210056206308885
0.0,FW_exact,exact,1203.0,0.030485868453979492,15.6301653927237,0.00699960320955384,10.0,0.52100551309079
0.0,FW_exact,exact,1204.0,0.03050971031188965,15.630164046181278,0.005510238886614616,10.0,0.5210054682060427
0.0,FW_exact,exact,1205.0,0.03053593635559082,15.630161531637611,0.006602769136925701,10.0,0.5210053843879204
0.0,FW_exact,exact,1206.0,0.03056168556213379,15.630159652497213,0.004975992375559457,10.0,0.5210053217499071
0.0,FW_exact,exact,1207.0,0.030586719512939453,15.630157472983983,0.005752233298737863,10.0,0.5210052490994661
0.0,FW_exact,exact,1208.0,0.030611753463745117,15.630153793051061,0.008531650276022873,10.0,0.5210051264350354
0.0,FW_exact,exact,1209.0,0.030637741088867188,15.630152595265034,0.004263453179703447,10.0,0.5210050865088345
0.0,FW_exact,exact,1210.0,0.03066277503967285,15.630150665628515,0.005908567159885081,10.0,0.5210050221876171
0.0,FW_exact,exact,1211.0,0.030689001083374023,15.630148242575927,0.00565101838656723,10.0,0.5210049414191976
0.0,FW_exact,exact,1212.0,0.030714750289916992,15.630146415424187,0.006494479501366612,10.0,0.5210048805141396
0.0,FW_exact,exact,1213.0,0.030740976333618164,15.630143562305992,0.006582105678107908,10.0,0.5210047854101998
0.0,FW_exact,exact,1214.0,0.03076457977294922,15.630142175343279,0.004902806573424456,10.0,0.5210047391781093
0.0,FW_exact,exact,1215.0,0.030789852142333984,15.63014053717258,0.006078028730867047,10.0,0.5210046845724193
0.0,FW_exact,exact,1216.0,0.030815839767456055,15.630138100336707,0.005667090741400926,10.0,0.5210046033445569
0.0,FW_exact,exact,1217.0,0.030843734741210938,15.630135668740781,0.006076062049999109,10.0,0.5210045222913594
0.0,FW_exact,exact,1218.0,0.03086996078491211,15.63013243395717,0.007998586744554004,10.0,0.521004414465239
0.0,FW_exact,exact,1219.0,0.030893802642822266,15.630130880914775,0.005188225977267535,10.0,0.5210043626971592
0.0,FW_exact,exact,1220.0,0.03091883659362793,15.630129086957666,0.00486183946783747,10.0,0.5210043028985889
0.0,FW_exact,exact,1221.0,0.03094482421875,15.630125028721983,0.007851401478692566,10.0,0.5210041676240661
0.0,FW_exact,exact,1222.0,0.030969858169555664,15.630123134557913,0.006119520135793977,10.0,0.5210041044852638
0.0,FW_exact,exact,1223.0,0.030995845794677734,15.63012180319404,0.004907339970941393,10.0,0.521004060106468
0.0,FW_exact,exact,1224.0,0.031020641326904297,15.630120060194601,0.005143665346750481,10.0,0.5210040020064867
0.0,FW_exact,exact,1225.0,0.03104686737060547,15.630116160246468,0.0071709530977042135,10.0,0.5210038720082156
0.0,FW_exact,exact,1226.0,0.031071901321411133,15.630114995513473,0.005184682299413268,10.0,0.5210038331837824
0.0,FW_exact,exact,1227.0,0.0310976505279541,15.630113408536518,0.0049079066088584256,10.0,0.5210037802845506
0.0,FW_exact,exact,1228.0,0.031123876571655273,15.63011144925794,0.005953831929081943,10.0,0.5210037149752647
0.0,FW_exact,exact,1229.0,0.03114795684814453,15.630109696135326,0.006287797993419275,10.0,0.5210036565378442
0.0,FW_exact,exact,1230.0,0.031174898147583008,15.630108448588004,0.004351188877524947,10.0,0.5210036149529335
0.0,FW_exact,exact,1231.0,0.031199932098388672,15.63010684267415,0.0056344185853571815,10.0,0.5210035614224717
0.0,FW_exact,exact,1232.0,0.031223773956298828,15.63010428352553,0.005807728031305359,10.0,0.5210034761175176
0.0,FW_exact,exact,1233.0,0.031246662139892578,15.63010168819095,0.00670813000721715,10.0,0.5210033896063649
0.0,FW_exact,exact,1234.0,0.031270742416381836,15.630097984895832,0.007499877664420396,10.0,0.5210032661631944
0.0,FW_exact,exact,1235.0,0.031294822692871094,15.630096071810396,0.006150044844224212,10.0,0.5210032023936798
0.0,FW_exact,exact,1236.0,0.031320810317993164,15.630093441755479,0.005887716713816715,10.0,0.5210031147251827
0.0,FW_exact,exact,1237.0,0.031346797943115234,15.63009045029579,0.006739979988449107,10.0,0.5210030150098597
0.0,FW_exact,exact,1238.0,0.031372785568237305,15.630089081651166,0.005555336607571348,10.0,0.5210029693883722
0.0,FW_exact,exact,1239.0,0.03139781951904297,15.630086711723623,0.006410001841546276,10.0,0.5210028903907874
0.0,FW_exact,exact,1240.0,0.03142285346984863,15.630085407075306,0.0049920038306972,10.0,0.5210028469025102
0.0,FW_exact,exact,1241.0,0.031447649002075195,15.63008438805111,0.004487772778920984,10.0,0.521002812935037
0.0,FW_exact,exact,1242.0,0.03147387504577637,15.630082342365347,0.005572758664623478,10.0,0.5210027447455116
0.0,FW_exact,exact,1243.0,0.03149890899658203,15.630079383921455,0.0062448297555164345,10.0,0.5210026461307151
0.0,FW_exact,exact,1244.0,0.03152585029602051,15.630077853167851,0.005150870847819178,10.0,0.521002595105595
0.0,FW_exact,exact,1245.0,0.03155684471130371,15.630076716567185,0.005121674622202477,10.0,0.5210025572189062
0.0,FW_exact,exact,1246.0,0.031581878662109375,15.630074969600937,0.005149549714001722,10.0,0.5210024989866979
0.0,FW_exact,exact,1247.0,0.031607627868652344,15.63007311863048,0.006049332131558671,10.0,0.5210024372876827
0.0,FW_exact,exact,1248.0,0.03163290023803711,15.630070972327688,0.005318314047672246,10.0,0.5210023657442563
0.0,FW_exact,exact,1249.0,0.03165793418884277,15.630068328150706,0.0063363694007119165,10.0,0.5210022776050235
0.0,FW_exact,exact,1250.0,0.031682729721069336,15.630064923995032,0.00784957851576884,10.0,0.5210021641331678
0.0,FW_exact,exact,1251.0,0.031708717346191406,15.630063363414532,0.005932307061630837,10.0,0.5210021121138178
0.0,FW_exact,exact,1252.0,0.03173398971557617,15.630061683612185,0.005049532022134429,10.0,0.5210020561204062
0.0,FW_exact,exact,1253.0,0.03175973892211914,15.630059952583622,0.005849942903150662,10.0,0.521001998419454
0.0,FW_exact,exact,1254.0,0.031787872314453125,15.630057349264995,0.005857719394068539,10.0,0.5210019116421665
0.0,FW_exact,exact,1255.0,0.03182268142700195,15.630054505318029,0.006571586195939005,10.0,0.5210018168439343
0.0,FW_exact,exact,1256.0,0.03185272216796875,15.630051987711182,0.006606876228866909,10.0,0.5210017329237061
0.0,FW_exact,exact,1257.0,0.031877756118774414,15.630050437428988,0.005535941842779835,10.0,0.5210016812476329
0.0,FW_exact,exact,1258.0,0.031903982162475586,15.630048278146878,0.005334401891802898,10.0,0.5210016092715626
0.0,FW_exact,exact,1259.0,0.03192877769470215,15.630044917532588,0.0071441746842069165,10.0,0.5210014972510862
0.0,FW_exact,exact,1260.0,0.03195476531982422,15.630043444034461,0.006337274550929806,10.0,0.521001448134482
0.0,FW_exact,exact,1261.0,0.03197884559631348,15.63004236560224,0.004931047897528629,10.0,0.5210014121867413
0.0,FW_exact,exact,1262.0,0.03200483322143555,15.630040863106831,0.0052134224087652115,10.0,0.5210013621035611
0.0,FW_exact,exact,1263.0,0.032032012939453125,15.630038927980888,0.005419998202624399,10.0,0.5210012975993629
0.0,FW_exact,exact,1264.0,0.0320587158203125,15.630036090478447,0.006115773790114076,10.0,0.5210012030159482
0.0,FW_exact,exact,1265.0,0.03208494186401367,15.630034559973389,0.005500506283853568,10.0,0.521001151999113
0.0,FW_exact,exact,1266.0,0.032109737396240234,15.630031728027346,0.00655771381384973,10.0,0.5210010576009115
0.0,FW_exact,exact,1267.0,0.0321347713470459,15.630029560698588,0.006129737101982613,10.0,0.5210009853566197
0.0,FW_exact,exact,1268.0,0.03215980529785156,15.630028035194496,0.005865242895135125,10.0,0.5210009345064832
0.0,FW_exact,exact,1269.0,0.03218579292297363,15.630026231085324,0.0048756630578843385,10.0,0.5210008743695108
0.0,FW_exact,exact,1270.0,0.03220987319946289,15.630024077829804,0.005717552628146549,10.0,0.5210008025943268
0.0,FW_exact,exact,1271.0,0.03223586082458496,15.630021142966369,0.007618558407322951,10.0,0.5210007047655456
0.0,FW_exact,exact,1272.0,0.03225970268249512,15.63001981830947,0.004791424208084649,10.0,0.5210006606103157
0.0,FW_exact,exact,1273.0,0.03228473663330078,15.630018440552334,0.004572814505877432,10.0,0.5210006146850777
0.0,FW_exact,exact,1274.0,0.03231096267700195,15.63001469188812,0.007030450826613688,10.0,0.521000489729604
0.0,FW_exact,exact,1275.0,0.032335758209228516,15.630013514605452,0.005212597669563834,10.0,0.5210004504868484
0.0,FW_exact,exact,1276.0,0.03236198425292969,15.630012173734194,0.004924899924652948,10.0,0.5210004057911398
0.0,FW_exact,exact,1277.0,0.032387733459472656,15.630009028053529,0.0069117627018400185,10.0,0.5210003009351176
0.0,FW_exact,exact,1278.0,0.03241276741027832,15.630007054255568,0.006246987183763153,10.0,0.5210002351418522
0.0,FW_exact,exact,1279.0,0.03243899345397949,15.630005180388016,0.004969117507181764,10.0,0.5210001726796005
0.0,FW_exact,exact,1280.0,0.03246474266052246,15.630002634165805,0.0062178517442674774,10.0,0.5210000878055269
0.0,FW_exact,exact,1281.0,0.03249096870422363,15.630000565754356,0.006117586535124175,10.0,0.5210000188584786
0.0,FW_exact,exact,1282.0,0.032515764236450195,15.629998913949088,0.006103360534309488,10.0,0.5209999637983029
0.0,FW_exact,exact,1283.0,0.032541751861572266,15.629997657497979,0.004366761282529552,10.0,0.5209999219165993
0.0,FW_exact,exact,1284.0,0.03256702423095703,15.629996205204971,0.005358063232774768,10.0,0.5209998735068324
0.0,FW_exact,exact,1285.0,0.032593727111816406,15.629993956091772,0.005444368567614433,10.0,0.5209997985363924
0.0,FW_exact,exact,1286.0,0.03261685371398926,15.629991602986282,0.0063872651511882594,10.0,0.5209997200995428
0.0,FW_exact,exact,1287.0,0.032640933990478516,15.629988297375084,0.007085467326165329,10.0,0.5209996099125028
0.0,FW_exact,exact,1288.0,0.03266477584838867,15.629986587403042,0.005814276379641825,10.0,0.5209995529134347
0.0,FW_exact,exact,1289.0,0.03269076347351074,15.629984229179744,0.005574983237371711,10.0,0.5209994743059915
0.0,FW_exact,exact,1290.0,0.032727718353271484,15.629981550182174,0.006378061968336013,10.0,0.5209993850060725
0.0,FW_exact,exact,1291.0,0.03275179862976074,15.629980270539688,0.005371634750693133,10.0,0.520999342351323
0.0,FW_exact,exact,1292.0,0.03277778625488281,15.629978128867535,0.006093358108282487,10.0,0.5209992709622512
0.0,FW_exact,exact,1293.0,0.03280282020568848,15.629976569681038,0.004532439069336647,10.0,0.520999218989368
0.0,FW_exact,exact,1294.0,0.03282570838928223,15.629975102524792,0.005819374186884829,10.0,0.5209991700841597
0.0,FW_exact,exact,1295.0,0.0328519344329834,15.629972845594105,0.005853723598770344,10.0,0.5209990948531369
0.0,FW_exact,exact,1296.0,0.032876014709472656,15.62997097490884,0.005817669559707639,10.0,0.5209990324969613
0.0,FW_exact,exact,1297.0,0.03289961814880371,15.629969468109772,0.00545775372648194,10.0,0.5209989822703257
0.0,FW_exact,exact,1298.0,0.03292489051818848,15.629967687697528,0.005198717696501376,10.0,0.5209989229232509
0.0,FW_exact,exact,1299.0,0.03294992446899414,15.629963683868382,0.007266102822528708,10.0,0.5209987894622794
0.0,FW_exact,exact,1300.0,0.0329737663269043,15.629962337110276,0.004521081140577365,10.0,0.5209987445703426
0.0,FW_exact,exact,1301.0,0.03299665451049805,15.6299599590972,0.006857333140164457,10.0,0.52099866530324
0.0,FW_exact,exact,1302.0,0.033020734786987305,15.629958274189303,0.00540424189144062,10.0,0.5209986091396435
0.0,FW_exact,exact,1303.0,0.03304600715637207,15.629957319186717,0.004640204735434139,10.0,0.5209985773062239
0.0,FW_exact,exact,1304.0,0.033069610595703125,15.629955226434289,0.005636644266704849,10.0,0.5209985075478096
0.0,FW_exact,exact,1305.0,0.03309369087219238,15.629951726586635,0.006792943348818525,10.0,0.5209983908862211
0.0,FW_exact,exact,1306.0,0.033116817474365234,15.629950548842347,0.004227726661055087,10.0,0.5209983516280782
0.0,FW_exact,exact,1307.0,0.03314089775085449,15.629948466208022,0.00641705583838359,10.0,0.5209982822069341
0.0,FW_exact,exact,1308.0,0.033165693283081055,15.629946596912882,0.005692468723662358,10.0,0.520998219897096
0.0,FW_exact,exact,1309.0,0.03319072723388672,15.62994548006468,0.004116919963484733,10.0,0.5209981826688227
0.0,FW_exact,exact,1310.0,0.03321695327758789,15.629942628693515,0.006130802359203713,10.0,0.5209980876231172
0.0,FW_exact,exact,1311.0,0.03324079513549805,15.629941316206397,0.005503956994413528,10.0,0.5209980438735465
0.0,FW_exact,exact,1312.0,0.033264875411987305,15.629939906150918,0.005050466159707057,10.0,0.5209979968716972
0.0,FW_exact,exact,1313.0,0.03328990936279297,15.629937181795187,0.006431912057449196,10.0,0.5209979060598395
0.0,FW_exact,exact,1314.0,0.033313751220703125,15.629935340450736,0.006444254610936895,10.0,0.5209978446816912
0.0,FW_exact,exact,1315.0,0.03333783149719238,15.62993436375969,0.004202924181106127,10.0,0.520997812125323
0.0,FW_exact,exact,1316.0,0.03336071968078613,15.629933170287382,0.003965104120332796,10.0,0.5209977723429128
0.0,FW_exact,exact,1317.0,0.03338479995727539,15.629930700290924,0.006124055682782625,10.0,0.5209976900096974
0.0,FW_exact,exact,1318.0,0.03340959548950195,15.629927497394872,0.007959198493521669,10.0,0.5209975832464957
0.0,FW_exact,exact,1319.0,0.03343367576599121,15.629926562365121,0.004025241361455656,10.0,0.5209975520788374
0.0,FW_exact,exact,1320.0,0.03345894813537598,15.629925155868657,0.004620347383044177,10.0,0.5209975051956219
0.0,FW_exact,exact,1321.0,0.03348183631896973,15.6299213168643,0.007114852679080741,10.0,0.52099737722881
0.0,FW_exact,exact,1322.0,0.03350567817687988,15.629920025446106,0.004427188397087889,10.0,0.5209973341815368
0.0,FW_exact,exact,1323.0,0.03352975845336914,15.629917605852208,0.0069170968014429235,10.0,0.520997253528407
0.0,FW_exact,exact,1324.0,0.03355574607849121,15.62991640587678,0.004560292520210396,10.0,0.520997213529226
0.0,FW_exact,exact,1325.0,0.03358173370361328,15.62991546004371,0.00461788241503136,10.0,0.5209971820014571
0.0,FW_exact,exact,1326.0,0.03360581398010254,15.629913448753896,0.00552579895694727,10.0,0.5209971149584632
0.0,FW_exact,exact,1327.0,0.03363180160522461,15.629910250347963,0.006493565758031394,10.0,0.5209970083449321
0.0,FW_exact,exact,1328.0,0.033655643463134766,15.629909271997251,0.004206506962701084,10.0,0.5209969757332417
0.0,FW_exact,exact,1329.0,0.03367972373962402,15.629907035616792,0.00582704250250643,10.0,0.5209969011872264
0.0,FW_exact,exact,1330.0,0.03370475769042969,15.629904537620623,0.0070283592953188645,10.0,0.5209968179206874
0.0,FW_exact,exact,1331.0,0.033728837966918945,15.629903831706756,0.0036715738781687435,10.0,0.5209967943902252
0.0,FW_exact,exact,1332.0,0.03375363349914551,15.62990258103499,0.004655685869160209,10.0,0.5209967527011663
0.0,FW_exact,exact,1333.0,0.033777713775634766,15.629901084707997,0.004765717045657425,10.0,0.5209967028235999
0.0,FW_exact,exact,1334.0,0.03380179405212402,15.62989942160987,0.006124253725994677,10.0,0.5209966473869957
0.0,FW_exact,exact,1335.0,0.03382682800292969,15.629897248749947,0.005351283627076597,10.0,0.5209965749583315
0.0,FW_exact,exact,1336.0,0.03385281562805176,15.629895529280859,0.00510895563035163,10.0,0.5209965176426953
0.0,FW_exact,exact,1337.0,0.03387856483459473,15.62989415409522,0.00612218287584021,10.0,0.520996471803174
0.0,FW_exact,exact,1338.0,0.0339047908782959,15.629892671967148,0.005178030707176262,10.0,0.520996422398905
0.0,FW_exact,exact,1339.0,0.03392982482910156,15.629891966840956,0.004033736037811764,10.0,0.5209963988946985
0.0,FW_exact,exact,1340.0,0.033954620361328125,15.62989077058347,0.004260877516678363,10.0,0.520996359019449
0.0,FW_exact,exact,1341.0,0.03397870063781738,15.629888455638564,0.005523627243126938,10.0,0.5209962818546188
0.0,FW_exact,exact,1342.0,0.034001827239990234,15.629886958766592,0.005439781152501766,10.0,0.5209962319588864
0.0,FW_exact,exact,1343.0,0.03402590751647949,15.629884460232448,0.006159398105998193,10.0,0.5209961486744149
0.0,FW_exact,exact,1344.0,0.034050703048706055,15.629881873131419,0.006697642694225792,10.0,0.520996062437714
0.0,FW_exact,exact,1345.0,0.03407692909240723,15.629879876078556,0.0051300720155982305,10.0,0.5209959958692852
0.0,FW_exact,exact,1346.0,0.0341029167175293,15.629878496023016,0.005223098777525692,10.0,0.5209959498674339
0.0,FW_exact,exact,1347.0,0.03412675857543945,15.629875383729965,0.0068750726449628985,10.0,0.5209958461243321
0.0,FW_exact,exact,1348.0,0.03415179252624512,15.629873879282396,0.005824681973907175,10.0,0.5209957959760799
0.0,FW_exact,exact,1349.0,0.034175872802734375,15.629872348830864,0.0052618267219362025,10.0,0.5209957449610287
0.0,FW_exact,exact,1350.0,0.03419971466064453,15.62987133425681,0.003923832161397911,10.0,0.5209957111418937
0.0,FW_exact,exact,1351.0,0.03422379493713379,15.629868958620802,0.00559564313995331,10.0,0.5209956319540268
0.0,FW_exact,exact,1352.0,0.03424882888793945,15.629867340006157,0.005656805212923999,10.0,0.5209955780002052
0.0,FW_exact,exact,1353.0,0.03427290916442871,15.629864716050538,0.006312243425313113,10.0,0.5209954905350179
0.0,FW_exact,exact,1354.0,0.03429579734802246,15.629862797519039,0.005767055297535961,10.0,0.5209954265839679
0.0,FW_exact,exact,1355.0,0.03431987762451172,15.629861681203549,0.005017028166401261,10.0,0.5209953893734516
0.0,FW_exact,exact,1356.0,0.03434491157531738,15.62985999248947,0.004717162722540635,10.0,0.5209953330829823
0.0,FW_exact,exact,1357.0,0.03436899185180664,15.62985813142534,0.005315321685555929,10.0,0.5209952710475113
0.0,FW_exact,exact,1358.0,0.0343937873840332,15.629855394672846,0.007356858588339676,10.0,0.5209951798224283
0.0,FW_exact,exact,1359.0,0.03441667556762695,15.629854260032916,0.004434374461290247,10.0,0.5209951420010972
0.0,FW_exact,exact,1360.0,0.03444075584411621,15.629852993028287,0.0043851563799748305,10.0,0.5209950997676096
0.0,FW_exact,exact,1361.0,0.034465789794921875,15.629849671487491,0.006617567799301227,10.0,0.5209949890495831
0.0,FW_exact,exact,1362.0,0.03448963165283203,15.629848073176007,0.006074117242556909,10.0,0.5209949357725335
0.0,FW_exact,exact,1363.0,0.0345149040222168,15.62984665496293,0.004639611800444143,10.0,0.5209948884987644
0.0,FW_exact,exact,1364.0,0.03453779220581055,15.629844193793824,0.0066736982205135575,10.0,0.5209948064597941
0.0,FW_exact,exact,1365.0,0.0345616340637207,15.629843330130463,0.004131481386364655,10.0,0.5209947776710154
0.0,FW_exact,exact,1366.0,0.03458571434020996,15.629841749477201,0.004898287599720774,10.0,0.5209947249825734
0.0,FW_exact,exact,1367.0,0.034610748291015625,15.629838630148708,0.0064127810121163975,10.0,0.520994621004957
0.0,FW_exact,exact,1368.0,0.03463482856750488,15.629837659074088,0.004102171590192327,10.0,0.520994588635803
0.0,FW_exact,exact,1369.0,0.03465867042541504,15.629836552024985,0.004996163838546508,10.0,0.5209945517341662
0.0,FW_exact,exact,1370.0,0.03468179702758789,15.629834105450747,0.006095004491642797,10.0,0.5209944701816915
0.0,FW_exact,exact,1371.0,0.034706830978393555,15.629831722478038,0.006864574364412235,10.0,0.5209943907492679
0.0,FW_exact,exact,1372.0,0.03473186492919922,15.629830332879468,0.004278785847388278,10.0,0.5209943444293156
0.0,FW_exact,exact,1373.0,0.03475785255432129,15.629827885361987,0.006096185242636665,10.0,0.5209942628453995
0.0,FW_exact,exact,1374.0,0.03478074073791504,15.629826042165954,0.005774831978099471,10.0,0.5209942014055318
0.0,FW_exact,exact,1375.0,0.0348048210144043,15.629825173320917,0.004477797368620529,10.0,0.5209941724440306
0.0,FW_exact,exact,1376.0,0.03483080863952637,15.629823928836279,0.004049076010154806,10.0,0.5209941309612093
0.0,FW_exact,exact,1377.0,0.03485584259033203,15.629822037483224,0.0053584566025186575,10.0,0.5209940679161075
0.0,FW_exact,exact,1378.0,0.034881591796875,15.629820237236373,0.005965971387537294,10.0,0.5209940079078791
0.0,FW_exact,exact,1379.0,0.034906864166259766,15.629818335659621,0.005741528533617313,10.0,0.5209939445219873
0.0,FW_exact,exact,1380.0,0.03493094444274902,15.629816796200307,0.004503764707061819,10.0,0.5209938932066769
0.0,FW_exact,exact,1381.0,0.03495383262634277,15.629813837719114,0.006702937049260171,10.0,0.5209937945906371
0.0,FW_exact,exact,1382.0,0.03497767448425293,15.629811816271909,0.006752319560703768,10.0,0.5209937272090637
0.0,FW_exact,exact,1383.0,0.035002708435058594,15.629810780504926,0.004236689531268212,10.0,0.5209936926834975
0.0,FW_exact,exact,1384.0,0.03502798080444336,15.629809877525508,0.004224526488270541,10.0,0.5209936625841836
0.0,FW_exact,exact,1385.0,0.03505373001098633,15.62980839154942,0.004749252629306255,10.0,0.5209936130516473
0.0,FW_exact,exact,1386.0,0.035077810287475586,15.629804706118069,0.006971062751601309,10.0,0.5209934902039356
0.0,FW_exact,exact,1387.0,0.035101890563964844,15.629803466413843,0.004337656371088627,10.0,0.5209934488804614
0.0,FW_exact,exact,1388.0,0.03512692451477051,15.629801379058046,0.006424426029369101,10.0,0.5209933793019349
0.0,FW_exact,exact,1389.0,0.03515172004699707,15.62979997341279,0.004935930560078461,10.0,0.520993332447093
0.0,FW_exact,exact,1390.0,0.03517794609069824,15.629799036291379,0.0042306249514521,10.0,0.5209933012097127
0.0,FW_exact,exact,1391.0,0.0352017879486084,15.629797650616393,0.0045860768986862865,10.0,0.5209932550205464
0.0,FW_exact,exact,1392.0,0.035225868225097656,15.629795925608757,0.004767666364243084,10.0,0.5209931975202919
0.0,FW_exact,exact,1393.0,0.03525090217590332,15.629795008501572,0.004600542815195396,10.0,0.5209931669500524
0.0,FW_exact,exact,1394.0,0.035275936126708984,15.629793382381314,0.005423937191791239,10.0,0.5209931127460438
0.0,FW_exact,exact,1395.0,0.03530168533325195,15.629791267532722,0.005666467796983099,10.0,0.5209930422510908
0.0,FW_exact,exact,1396.0,0.035324811935424805,15.629789711470563,0.005923852281734199,10.0,0.5209929903823521
0.0,FW_exact,exact,1397.0,0.03534889221191406,15.62978880038875,0.004243454576100092,10.0,0.5209929600129584
0.0,FW_exact,exact,1398.0,0.035373687744140625,15.629787709450653,0.004348128814154251,10.0,0.5209929236483551
0.0,FW_exact,exact,1399.0,0.03539776802062988,15.629786023065977,0.004713958817962549,10.0,0.5209928674355325
0.0,FW_exact,exact,1400.0,0.035423994064331055,15.629782349820244,0.007469668581345346,10.0,0.5209927449940082
0.0,FW_exact,exact,1401.0,0.03544759750366211,15.629780675181783,0.005753976669403471,10.0,0.5209926891727261
0.0,FW_exact,exact,1402.0,0.03547167778015137,15.629779263801971,0.004312244663152498,10.0,0.5209926421267324
0.0,FW_exact,exact,1403.0,0.03549695014953613,15.629777225308468,0.005563170225043379,10.0,0.5209925741769489
0.0,FW_exact,exact,1404.0,0.035521745681762695,15.629774759857327,0.0066795568461781585,10.0,0.5209924919952442
0.0,FW_exact,exact,1405.0,0.03554677963256836,15.629773890414425,0.004427456222069637,10.0,0.5209924630138142
0.0,FW_exact,exact,1406.0,0.03557085990905762,15.629772772643323,0.0041187153174888635,10.0,0.5209924257547774
0.0,FW_exact,exact,1407.0,0.035594940185546875,15.629771447026746,0.0051190462542205495,10.0,0.5209923815675582
0.0,FW_exact,exact,1408.0,0.035620689392089844,15.629769529593844,0.005026772594774798,10.0,0.5209923176531281
0.0,FW_exact,exact,1409.0,0.035646915435791016,15.629767397045342,0.005690166370996508,10.0,0.5209922465681781
0.0,FW_exact,exact,1410.0,0.035672664642333984,15.62976488203495,0.006603684708997193,10.0,0.5209921627344983
0.0,FW_exact,exact,1411.0,0.03569674491882324,15.629763666420827,0.004901948750019258,10.0,0.5209921222140276
0.0,FW_exact,exact,1412.0,0.0357208251953125,15.629761897879568,0.004827520519064876,10.0,0.5209920632626522
0.0,FW_exact,exact,1413.0,0.03574562072753906,15.629759106146663,0.0065111820638694695,10.0,0.5209919702048887
0.0,FW_exact,exact,1414.0,0.03576970100402832,15.62975788778249,0.005241483995726881,10.0,0.5209919295927496
0.0,FW_exact,exact,1415.0,0.03579592704772949,15.629756736291304,0.004563826389150094,10.0,0.5209918912097101
0.0,FW_exact,exact,1416.0,0.03582000732421875,15.629755951343387,0.004256062120740367,10.0,0.5209918650447796
0.0,FW_exact,exact,1417.0,0.035843849182128906,15.629754762607265,0.0039573312442051645,10.0,0.5209918254202421
0.0,FW_exact,exact,1418.0,0.03586983680725098,15.629752157809266,0.00628923241122159,10.0,0.5209917385936422
0.0,FW_exact,exact,1419.0,0.035893917083740234,15.62975051866309,0.005692657317876382,10.0,0.5209916839554364
0.0,FW_exact,exact,1420.0,0.0359196662902832,15.629748757574037,0.005525275205380709,10.0,0.5209916252524679
0.0,FW_exact,exact,1421.0,0.03594374656677246,15.629746904277138,0.004941940985379034,10.0,0.5209915634759046
0.0,FW_exact,exact,1422.0,0.03596782684326172,15.629743855959536,0.0068040989925357565,10.0,0.5209914618653179
0.0,FW_exact,exact,1423.0,0.03599381446838379,15.62974233364761,0.00548591792586528,10.0,0.520991411121587
0.0,FW_exact,exact,1424.0,0.03601789474487305,15.629741154532889,0.003941282301859417,10.0,0.520991371817763
0.0,FW_exact,exact,1425.0,0.03604459762573242,15.629739374145963,0.0051988371993942906,10.0,0.5209913124715321
0.0,FW_exact,exact,1426.0,0.03606772422790527,15.629737646345411,0.005591081471285619,10.0,0.5209912548781804
0.0,FW_exact,exact,1427.0,0.03609180450439453,15.629736311270353,0.005486922512771386,10.0,0.5209912103756784
0.0,FW_exact,exact,1428.0,0.0361177921295166,15.629735275399923,0.0039648923602069175,10.0,0.5209911758466641
0.0,FW_exact,exact,1429.0,0.03614163398742676,15.629734229568031,0.004546608131622776,10.0,0.5209911409856011
0.0,FW_exact,exact,1430.0,0.03616786003112793,15.629732559695947,0.004690844799737803,10.0,0.5209910853231983
0.0,FW_exact,exact,1431.0,0.03619194030761719,15.629730454068635,0.006042001069305414,10.0,0.5209910151356212
0.0,FW_exact,exact,1432.0,0.036215782165527344,15.62972795732333,0.006157318016292379,10.0,0.5209909319107777
0.0,FW_exact,exact,1433.0,0.036241769790649414,15.629726626234596,0.005542944840252417,10.0,0.5209908875411532
0.0,FW_exact,exact,1434.0,0.03626585006713867,15.629724023447697,0.005857417119454311,10.0,0.5209908007815899
0.0,FW_exact,exact,1435.0,0.036302804946899414,15.629722902915567,0.00412382891287244,10.0,0.5209907634305189
0.0,FW_exact,exact,1436.0,0.03632688522338867,15.629721069429964,0.00602088949220736,10.0,0.5209907023143321
0.0,FW_exact,exact,1437.0,0.03635096549987793,15.629719358419903,0.005446118003348488,10.0,0.5209906452806634
0.0,FW_exact,exact,1438.0,0.03637576103210449,15.629718366630417,0.0038795782891742903,10.0,0.520990612221014
0.0,FW_exact,exact,1439.0,0.036400794982910156,15.629715752523719,0.005870159268956954,10.0,0.5209905250841239
0.0,FW_exact,exact,1440.0,0.03642678260803223,15.629714726026968,0.004810935994379761,10.0,0.5209904908675657
0.0,FW_exact,exact,1441.0,0.0364527702331543,15.62971304608764,0.005049970163975459,10.0,0.520990434869588
0.0,FW_exact,exact,1442.0,0.036479949951171875,15.629711086279569,0.005954900611483183,10.0,0.5209903695426523
0.0,FW_exact,exact,1443.0,0.036505699157714844,15.629709629117768,0.005367197703467497,10.0,0.5209903209705923
0.0,FW_exact,exact,1444.0,0.036531925201416016,15.629707840629845,0.005210681239995907,10.0,0.5209902613543281
0.0,FW_exact,exact,1445.0,0.036554813385009766,15.62970566670956,0.00535274598484925,10.0,0.5209901888903187
0.0,FW_exact,exact,1446.0,0.03657865524291992,15.629704694945808,0.004735740117036258,10.0,0.5209901564981936
0.0,FW_exact,exact,1447.0,0.036603689193725586,15.629703208851623,0.00507535207838572,10.0,0.5209901069617208
0.0,FW_exact,exact,1448.0,0.036627769470214844,15.629701845133205,0.004549633312482371,10.0,0.5209900615044402
0.0,FW_exact,exact,1449.0,0.03665471076965332,15.62970031320111,0.005503257643926673,10.0,0.520990010440037
0.0,FW_exact,exact,1450.0,0.03668093681335449,15.629698513354535,0.004870137900047311,10.0,0.5209899504451512
0.0,FW_exact,exact,1451.0,0.03670668601989746,15.629696309772925,0.005784282852442146,10.0,0.5209898769924308
0.0,FW_exact,exact,1452.0,0.03673076629638672,15.629694851147784,0.0057353376849320625,10.0,0.5209898283715928
0.0,FW_exact,exact,1453.0,0.03675389289855957,15.62969313896347,0.005565769239936458,10.0,0.5209897712987823
0.0,FW_exact,exact,1454.0,0.036778926849365234,15.629692070900864,0.0040260856676876955,10.0,0.5209897356966955
0.0,FW_exact,exact,1455.0,0.03680276870727539,15.629690820455568,0.004971752635066551,10.0,0.5209896940151856
0.0,FW_exact,exact,1456.0,0.03682875633239746,15.629688889053593,0.0050451259233739165,10.0,0.5209896296351197
0.0,FW_exact,exact,1457.0,0.03685283660888672,15.629686803041734,0.005627751794939684,10.0,0.5209895601013911
0.0,FW_exact,exact,1458.0,0.036876678466796875,15.62968486583505,0.005795193639515972,10.0,0.520989495527835
0.0,FW_exact,exact,1459.0,0.03690171241760254,15.629683719061969,0.0050851209368776296,10.0,0.5209894573020656
0.0,FW_exact,exact,1460.0,0.0369257926940918,15.629682458657504,0.0040749957450483265,10.0,0.5209894152885834
0.0,FW_exact,exact,1461.0,0.03695178031921387,15.629680851257056,0.004939688832051203,10.0,0.5209893617085686
0.0,FW_exact,exact,1462.0,0.03697681427001953,15.629678390465992,0.006975945419107177,10.0,0.5209892796821998
0.0,FW_exact,exact,1463.0,0.0370028018951416,15.62967739807443,0.004147050601780222,10.0,0.520989246602481
0.0,FW_exact,exact,1464.0,0.03702569007873535,15.629676263770147,0.004149133277746131,10.0,0.5209892087923382
0.0,FW_exact,exact,1465.0,0.03704977035522461,15.629673345077178,0.006203076619737402,10.0,0.5209891115025725
0.0,FW_exact,exact,1466.0,0.03707385063171387,15.629672339416953,0.00481767445673853,10.0,0.520989077980565
0.0,FW_exact,exact,1467.0,0.03709983825683594,15.62967113541724,0.004274775102047101,10.0,0.5209890378472414
0.0,FW_exact,exact,1468.0,0.037123680114746094,15.62966920993901,0.005902507531274637,10.0,0.5209889736646337
0.0,FW_exact,exact,1469.0,0.037149906158447266,15.62966831030061,0.004216760983711154,10.0,0.520988943676687
0.0,FW_exact,exact,1470.0,0.03717494010925293,15.629666907647387,0.004614183796714855,10.0,0.5209888969215796
0.0,FW_exact,exact,1471.0,0.03719973564147949,15.629664328164528,0.005831165589691878,10.0,0.5209888109388177
0.0,FW_exact,exact,1472.0,0.037224769592285156,15.629663466659437,0.003863787500359095,10.0,0.5209887822219812
0.0,FW_exact,exact,1473.0,0.03725075721740723,15.629662429654905,0.004835529975151687,10.0,0.5209887476551635
0.0,FW_exact,exact,1474.0,0.03727579116821289,15.62966032772494,0.005649218994539851,10.0,0.5209886775908313
0.0,FW_exact,exact,1475.0,0.037300825119018555,15.62965828256695,0.00635920676417534,10.0,0.5209886094188984
0.0,FW_exact,exact,1476.0,0.03732562065124512,15.629657087139822,0.0039685184592830325,10.0,0.5209885695713274
0.0,FW_exact,exact,1477.0,0.03735089302062988,15.62965498397601,0.005650882026035475,10.0,0.520988499465867
0.0,FW_exact,exact,1478.0,0.03737688064575195,15.629653887572443,0.005466352325495194,10.0,0.5209884629190814
0.0,FW_exact,exact,1479.0,0.037401676177978516,15.629652387464631,0.005099269773559456,10.0,0.5209884129154877
0.0,FW_exact,exact,1480.0,0.03742575645446777,15.629651534137844,0.004037032012334407,10.0,0.5209883844712615
0.0,FW_exact,exact,1481.0,0.037451982498168945,15.629651033278988,0.0031459830934501554,10.0,0.5209883677759662
0.0,FW_exact,exact,1482.0,0.03747677803039551,15.62964971044357,0.004480907744015994,10.0,0.5209883236814523
0.0,FW_exact,exact,1483.0,0.03750276565551758,15.629647685312651,0.005166220251192399,10.0,0.5209882561770883
0.0,FW_exact,exact,1484.0,0.03752779960632324,15.629646694153152,0.004144488961681958,10.0,0.5209882231384384
0.0,FW_exact,exact,1485.0,0.037552833557128906,15.629645616237957,0.004930038779402679,10.0,0.5209881872079319
0.0,FW_exact,exact,1486.0,0.03757786750793457,15.629643759928014,0.005308673484623938,10.0,0.5209881253309337
0.0,FW_exact,exact,1487.0,0.03760361671447754,15.629641930109042,0.00601491066032267,10.0,0.5209880643369681
0.0,FW_exact,exact,1488.0,0.037628889083862305,15.629640829200815,0.004462467493208777,10.0,0.5209880276400272
0.0,FW_exact,exact,1489.0,0.03765392303466797,15.629639246533849,0.004901539616982475,10.0,0.5209879748844616
0.0,FW_exact,exact,1490.0,0.03767871856689453,15.629636193778081,0.006344109944643961,10.0,0.5209878731259361
0.0,FW_exact,exact,1491.0,0.0377049446105957,15.629635513997522,0.003960639596924054,10.0,0.520987850466584
0.0,FW_exact,exact,1492.0,0.03773069381713867,15.629634302090263,0.00428881866074704,10.0,0.5209878100696754
0.0,FW_exact,exact,1493.0,0.037756919860839844,15.629632762421512,0.005277796838079496,10.0,0.5209877587473837
0.0,FW_exact,exact,1494.0,0.03778266906738281,15.629631813397543,0.004331020168111266,10.0,0.5209877271132515
0.0,FW_exact,exact,1495.0,0.03780674934387207,15.629630533941691,0.004406792543063531,10.0,0.5209876844647231
0.0,FW_exact,exact,1496.0,0.03783273696899414,15.629628176266717,0.005574635950500451,10.0,0.5209876058755573
0.0,FW_exact,exact,1497.0,0.0378568172454834,15.629627338376757,0.0043464006963613855,10.0,0.5209875779458919
0.0,FW_exact,exact,1498.0,0.037880659103393555,15.62962570266743,0.005324912222560485,10.0,0.5209875234222477
0.0,FW_exact,exact,1499.0,0.03790593147277832,15.62962365194432,0.005579958152242881,10.0,0.5209874550648107
0.0,FW_exact,exact,1500.0,0.037930965423583984,15.629621535346526,0.006469416866085709,10.0,0.5209873845115509
0.0,FW_exact,exact,1501.0,0.03795671463012695,15.629620132189158,0.004299760852070733,10.0,0.5209873377396386
0.0,FW_exact,exact,1502.0,0.03798174858093262,15.629617830784538,0.0059114388321415134,10.0,0.5209872610261512
0.0,FW_exact,exact,1503.0,0.038005828857421875,15.629616788225997,0.004342553038284791,10.0,0.5209872262741999
0.0,FW_exact,exact,1504.0,0.03803062438964844,15.629615618357919,0.005136124865279257,10.0,0.5209871872785973
0.0,FW_exact,exact,1505.0,0.0380558967590332,15.629614885616236,0.0033344557291066224,10.0,0.5209871628538746
0.0,FW_exact,exact,1506.0,0.03808164596557617,15.629613727953757,0.004783692673688833,10.0,0.5209871242651253
0.0,FW_exact,exact,1507.0,0.03810477256774902,15.62961197779707,0.0048024541518394415,10.0,0.5209870659265691
0.0,FW_exact,exact,1508.0,0.03812885284423828,15.629610069221759,0.005382965480382751,10.0,0.5209870023073919
0.0,FW_exact,exact,1509.0,0.038153886795043945,15.62960779760617,0.006275889941553814,10.0,0.5209869265868723
0.0,FW_exact,exact,1510.0,0.0381777286529541,15.629606706241836,0.004644632658145298,10.0,0.5209868902080612
0.0,FW_exact,exact,1511.0,0.03820371627807617,15.629605118375235,0.004574221473244933,10.0,0.5209868372791745
0.0,FW_exact,exact,1512.0,0.03822779655456543,15.62960260920682,0.006172731984760205,10.0,0.5209867536402274
0.0,FW_exact,exact,1513.0,0.03825187683105469,15.629601611717451,0.004742492471589088,10.0,0.5209867203905817
0.0,FW_exact,exact,1514.0,0.038275718688964844,15.629600602142585,0.0041828540429573735,10.0,0.5209866867380861
0.0,FW_exact,exact,1515.0,0.03830075263977051,15.629599871464151,0.004106302333934053,10.0,0.5209866623821384
0.0,FW_exact,exact,1516.0,0.03832602500915527,15.629598073764695,0.004867304231966685,10.0,0.5209866024588232
0.0,FW_exact,exact,1517.0,0.03834962844848633,15.629596132480952,0.005428937954638613,10.0,0.5209865377493651
0.0,FW_exact,exact,1518.0,0.038373708724975586,15.62959435583314,0.005926851069073535,10.0,0.5209864785277714
0.0,FW_exact,exact,1519.0,0.03839898109436035,15.629593172906814,0.004625817379888986,10.0,0.5209864390968938
0.0,FW_exact,exact,1520.0,0.038423776626586914,15.629591574020337,0.00492663883574096,10.0,0.5209863858006779
0.0,FW_exact,exact,1521.0,0.038449764251708984,15.629589068178523,0.00574731917910043,10.0,0.5209863022726174
0.0,FW_exact,exact,1522.0,0.038475990295410156,15.629588249592794,0.003766303210488431,10.0,0.5209862749864265
0.0,FW_exact,exact,1523.0,0.03850269317626953,15.629587253012623,0.004795902199282054,10.0,0.5209862417670874
0.0,FW_exact,exact,1524.0,0.0385279655456543,15.62958586449359,0.004590911894270633,10.0,0.5209861954831196
0.0,FW_exact,exact,1525.0,0.038553714752197266,15.629584635562615,0.004928828316705491,10.0,0.5209861545187539
0.0,FW_exact,exact,1526.0,0.03857779502868652,15.62958304568746,0.004577130956246123,10.0,0.5209861015229154
0.0,FW_exact,exact,1527.0,0.03860187530517578,15.629581184733112,0.005315358860473296,10.0,0.5209860394911038
0.0,FW_exact,exact,1528.0,0.03862571716308594,15.629579509935438,0.005504699797015178,10.0,0.5209859836645145
0.0,FW_exact,exact,1529.0,0.038649797439575195,15.629578250747091,0.005328700725257818,10.0,0.5209859416915698
0.0,FW_exact,exact,1530.0,0.03867697715759277,15.629577257707847,0.0038820953367881827,10.0,0.5209859085902616
0.0,FW_exact,exact,1531.0,0.03869986534118652,15.629576159823216,0.004658507488045416,10.0,0.5209858719941072
0.0,FW_exact,exact,1532.0,0.03872275352478027,15.629574465621689,0.004725031073487429,10.0,0.520985815520723
0.0,FW_exact,exact,1533.0,0.03874778747558594,15.629572839347782,0.005309554898026647,10.0,0.5209857613115927
0.0,FW_exact,exact,1534.0,0.0387728214263916,15.62957037481413,0.006117564853541424,10.0,0.520985679160471
0.0,FW_exact,exact,1535.0,0.03879880905151367,15.62956911165949,0.004997029157422617,10.0,0.5209856370553163
0.0,FW_exact,exact,1536.0,0.03882169723510742,15.629567387493179,0.004766668180527844,10.0,0.520985579583106
0.0,FW_exact,exact,1537.0,0.03884577751159668,15.629565418917123,0.005467016728019303,10.0,0.5209855139639041
0.0,FW_exact,exact,1538.0,0.03887057304382324,15.629564478437134,0.004604934162227181,10.0,0.5209854826145711
0.0,FW_exact,exact,1539.0,0.0388946533203125,15.62956290012733,0.005230629280154275,10.0,0.5209854300042444
0.0,FW_exact,exact,1540.0,0.03892087936401367,15.62956175286652,0.0038877550549152318,10.0,0.5209853917622174
0.0,FW_exact,exact,1541.0,0.03894972801208496,15.629560362674937,0.004593693186023984,10.0,0.5209853454224979
0.0,FW_exact,exact,1542.0,0.03897595405578613,15.629558115948354,0.0066654959908731826,10.0,0.5209852705316118
0.0,FW_exact,exact,1543.0,0.0390017032623291,15.629557430731785,0.0035202394915661017,10.0,0.5209852476910595
0.0,FW_exact,exact,1544.0,0.03902792930603027,15.6295558961801,0.004826463039375284,10.0,0.5209851965393367
0.0,FW_exact,exact,1545.0,0.03905367851257324,15.629553755755824,0.005311437217928372,10.0,0.5209851251918608
0.0,FW_exact,exact,1546.0,0.039078712463378906,15.62955267389922,0.0049969834689136405,10.0,0.520985089129974
0.0,FW_exact,exact,1547.0,0.03910493850708008,15.629551698521166,0.004111391243554863,10.0,0.5209850566173722
0.0,FW_exact,exact,1548.0,0.03912973403930664,15.629550427366565,0.004392511504985208,10.0,0.5209850142455522
0.0,FW_exact,exact,1549.0,0.039154767990112305,15.629549334216993,0.004964812830509757,10.0,0.5209849778072331
0.0,FW_exact,exact,1550.0,0.03918004035949707,15.629548081768608,0.0040621890164409535,10.0,0.5209849360589536
0.0,FW_exact,exact,1551.0,0.03920483589172363,15.629547042439782,0.0039716075459867994,10.0,0.5209849014146594
0.0,FW_exact,exact,1552.0,0.03922891616821289,15.62954500709488,0.006343994964442601,10.0,0.5209848335698293
0.0,FW_exact,exact,1553.0,0.03925466537475586,15.62954351499102,0.005195638066906483,10.0,0.520984783833034
0.0,FW_exact,exact,1554.0,0.03928089141845703,15.629541611676341,0.005375585046401454,10.0,0.5209847203892114
0.0,FW_exact,exact,1555.0,0.03930783271789551,15.629539554492988,0.005207061200362517,10.0,0.5209846518164329
0.0,FW_exact,exact,1556.0,0.03933382034301758,15.629538610169938,0.004045385941370938,10.0,0.520984620338998
0.0,FW_exact,exact,1557.0,0.03935980796813965,15.629537867012868,0.004141252707125176,10.0,0.5209845955670956
0.0,FW_exact,exact,1558.0,0.03938579559326172,15.629536680301415,0.0042440313393896645,10.0,0.5209845560100471
0.0,FW_exact,exact,1559.0,0.03941679000854492,15.629535302729531,0.005218575521277913,10.0,0.5209845100909843
0.0,FW_exact,exact,1560.0,0.039441823959350586,15.629533877879936,0.00433294816948937,10.0,0.5209844625959978
0.0,FW_exact,exact,1561.0,0.039467811584472656,15.629532022047377,0.005308068543104838,10.0,0.5209844007349126
0.0,FW_exact,exact,1562.0,0.03949379920959473,15.629530501256164,0.005245382614301519,10.0,0.5209843500418722
0.0,FW_exact,exact,1563.0,0.0395197868347168,15.629529310027783,0.0051828634753317004,10.0,0.5209843103342594
0.0,FW_exact,exact,1564.0,0.03954577445983887,15.629528393240173,0.0037300225299734535,10.0,0.5209842797746724
0.0,FW_exact,exact,1565.0,0.03957176208496094,15.629527327998172,0.004588721141683294,10.0,0.5209842442666057
0.0,FW_exact,exact,1566.0,0.0395967960357666,15.629525685942227,0.004651729977616981,10.0,0.5209841895314076
0.0,FW_exact,exact,1567.0,0.039621829986572266,15.629523910496637,0.005191760207829077,10.0,0.5209841303498879
0.0,FW_exact,exact,1568.0,0.039647817611694336,15.629521779465144,0.006078511756610894,10.0,0.5209840593155047
0.0,FW_exact,exact,1569.0,0.03967165946960449,15.629520762020148,0.004484548328232307,10.0,0.5209840254006716
0.0,FW_exact,exact,1570.0,0.039697885513305664,15.629519280648442,0.004418120720760754,10.0,0.5209839760216147
0.0,FW_exact,exact,1571.0,0.039723873138427734,15.629516938090747,0.0059641786555229,10.0,0.5209838979363582
0.0,FW_exact,exact,1572.0,0.039749860763549805,15.629515911683876,0.004810810144224575,10.0,0.5209838637227959
0.0,FW_exact,exact,1573.0,0.039775848388671875,15.629514888936647,0.004301124027907832,10.0,0.5209838296312216
0.0,FW_exact,exact,1574.0,0.039801836013793945,15.629514500112148,0.0032547915829646,10.0,0.5209838166704049
0.0,FW_exact,exact,1575.0,0.0398259162902832,15.62951337350065,0.004135120884734889,10.0,0.5209837791166884
0.0,FW_exact,exact,1576.0,0.03984880447387695,15.629511527121588,0.004932878345977443,10.0,0.5209837175707196
0.0,FW_exact,exact,1577.0,0.039873600006103516,15.629510370549399,0.004781488434442593,10.0,0.5209836790183133
0.0,FW_exact,exact,1578.0,0.03989887237548828,15.62950840507326,0.005462748532613304,10.0,0.520983613502442
0.0,FW_exact,exact,1579.0,0.03992486000061035,15.629506840452374,0.005207916920756617,10.0,0.5209835613484125
0.0,FW_exact,exact,1580.0,0.03995084762573242,15.62950580504678,0.004447183278200484,10.0,0.5209835268348927
0.0,FW_exact,exact,1581.0,0.03997683525085449,15.629504797588552,0.004462482182665539,10.0,0.5209834932529518
0.0,FW_exact,exact,1582.0,0.04000282287597656,15.629503904503743,0.003681476768040426,10.0,0.5209834634834581
0.0,FW_exact,exact,1583.0,0.04002976417541504,15.629502001734922,0.005007702734141972,10.0,0.5209834000578307
0.0,FW_exact,exact,1584.0,0.04005289077758789,15.629500964833072,0.004239162698864263,10.0,0.5209833654944357
0.0,FW_exact,exact,1585.0,0.04007768630981445,15.629499877783005,0.004950957882822848,10.0,0.5209833292594335
0.0,FW_exact,exact,1586.0,0.04010272026062012,15.629498075619997,0.005230722515545239,10.0,0.5209832691873333
0.0,FW_exact,exact,1587.0,0.040126800537109375,15.629496578986789,0.005439561997922837,10.0,0.5209832192995596
0.0,FW_exact,exact,1588.0,0.040152788162231445,15.629495495795931,0.003777612599218827,10.0,0.5209831831931977
0.0,FW_exact,exact,1589.0,0.040178775787353516,15.629493800524306,0.005073124587147149,10.0,0.5209831266841436
0.0,FW_exact,exact,1590.0,0.040204763412475586,15.629492066927153,0.0056006103240431315,10.0,0.5209830688975717
0.0,FW_exact,exact,1591.0,0.040230751037597656,15.629491182743987,0.004517294995878274,10.0,0.5209830394247995
0.0,FW_exact,exact,1592.0,0.04025769233703613,15.629490247471626,0.0035100773866965085,10.0,0.5209830082490542
0.0,FW_exact,exact,1593.0,0.040280818939208984,15.629488632362351,0.004951652823063313,10.0,0.5209829544120784
0.0,FW_exact,exact,1594.0,0.04030489921569824,15.629487390604082,0.004954546146558769,10.0,0.5209829130201361
0.0,FW_exact,exact,1595.0,0.040329933166503906,15.62948603481738,0.004847727231107157,10.0,0.520982867827246
0.0,FW_exact,exact,1596.0,0.04035377502441406,15.629484801950042,0.004030328583187526,10.0,0.5209828267316681
0.0,FW_exact,exact,1597.0,0.04037976264953613,15.629482615989243,0.0057612542964342595,10.0,0.5209827538663081
0.0,FW_exact,exact,1598.0,0.040405988693237305,15.629481077616857,0.00589022764830105,10.0,0.5209827025872286
0.0,FW_exact,exact,1599.0,0.04043173789978027,15.629480282603742,0.0037117012928629123,10.0,0.5209826760867914
0.0,FW_exact,exact,1600.0,0.04045581817626953,15.629479286419503,0.0036226436483328683,10.0,0.5209826428806501
0.0,FW_exact,exact,1601.0,0.04047989845275879,15.629477917277681,0.004558811125480844,10.0,0.5209825972425893
0.0,FW_exact,exact,1602.0,0.04050469398498535,15.629475543394955,0.006851707109269967,10.0,0.5209825181131652
0.0,FW_exact,exact,1603.0,0.04052877426147461,15.629474770427501,0.0034248637812481775,10.0,0.5209824923475834
0.0,FW_exact,exact,1604.0,0.04055595397949219,15.629473482428285,0.004827061588576598,10.0,0.5209824494142762
0.0,FW_exact,exact,1605.0,0.040581703186035156,15.629471942210952,0.004505110103028898,10.0,0.5209823980736984
0.0,FW_exact,exact,1606.0,0.04060792922973633,15.6294703900003,0.004854226477132073,10.0,0.5209823463333433
0.0,FW_exact,exact,1607.0,0.0406336784362793,15.629468886056221,0.005452854204269997,10.0,0.5209822962018741
0.0,FW_exact,exact,1608.0,0.04065990447998047,15.629468427103296,0.0032164954597302398,10.0,0.5209822809034432
0.0,FW_exact,exact,1609.0,0.04068565368652344,15.629467506414965,0.003994450074669587,10.0,0.5209822502138322
0.0,FW_exact,exact,1610.0,0.04071187973022461,15.6294662892277,0.004298251711595924,10.0,0.5209822096409233
0.0,FW_exact,exact,1611.0,0.04073596000671387,15.629463611133042,0.005941861511567836,10.0,0.5209821203711014
0.0,FW_exact,exact,1612.0,0.04075980186462402,15.62946253433818,0.004985313832415628,10.0,0.5209820844779393
0.0,FW_exact,exact,1613.0,0.04078388214111328,15.629461412547942,0.004126286858106454,10.0,0.5209820470849313
0.0,FW_exact,exact,1614.0,0.040808916091918945,15.629459996062932,0.005062242717242427,10.0,0.5209819998687644
0.0,FW_exact,exact,1615.0,0.040834665298461914,15.629459455716306,0.003490165164695469,10.0,0.5209819818572102
0.0,FW_exact,exact,1616.0,0.04085969924926758,15.629458796747576,0.0031621392239813417,10.0,0.5209819598915859
0.0,FW_exact,exact,1617.0,0.04088592529296875,15.629457177955315,0.004618685813229106,10.0,0.5209819059318438
0.0,FW_exact,exact,1618.0,0.040909767150878906,15.629455989668935,0.004846659927029151,10.0,0.5209818663222978
0.0,FW_exact,exact,1619.0,0.040933847427368164,15.62945413952198,0.0052999800295499,10.0,0.5209818046507327
0.0,FW_exact,exact,1620.0,0.04095888137817383,15.629452337780467,0.0055889154138828445,10.0,0.5209817445926822
0.0,FW_exact,exact,1621.0,0.040982723236083984,15.62945087967129,0.004383316128800274,10.0,0.520981695989043
0.0,FW_exact,exact,1622.0,0.041008710861206055,15.629449868075802,0.004471664685786081,10.0,0.5209816622691934
0.0,FW_exact,exact,1623.0,0.04103493690490723,15.6294476078786,0.005858367077411941,10.0,0.5209815869292866
0.0,FW_exact,exact,1624.0,0.041060686111450195,15.629446913459635,0.00435004967893704,10.0,0.5209815637819878
0.0,FW_exact,exact,1625.0,0.04108691215515137,15.629446281184872,0.003775497431876218,10.0,0.5209815427061624
0.0,FW_exact,exact,1626.0,0.041112661361694336,15.62944545768299,0.0037776630627490704,10.0,0.5209815152560997
0.0,FW_exact,exact,1627.0,0.041136741638183594,15.629444319254516,0.003872821214070399,10.0,0.5209814773084839
0.0,FW_exact,exact,1628.0,0.04116082191467285,15.629442447301606,0.0053311515850555935,10.0,0.5209814149100536
0.0,FW_exact,exact,1629.0,0.041185617446899414,15.629440785565114,0.005731952857932043,10.0,0.5209813595188372
0.0,FW_exact,exact,1630.0,0.04120969772338867,15.629440175220363,0.0033223242707887124,10.0,0.5209813391740121
0.0,FW_exact,exact,1631.0,0.041235923767089844,15.629438970144232,0.004276817557848034,10.0,0.5209812990048077
0.0,FW_exact,exact,1632.0,0.04126167297363281,15.629436780032286,0.005372878622379673,10.0,0.5209812260010762
0.0,FW_exact,exact,1633.0,0.041287899017333984,15.629436110920524,0.003929493923669369,10.0,0.5209812036973508
0.0,FW_exact,exact,1634.0,0.041310787200927734,15.629435207106216,0.0039576743864859765,10.0,0.5209811735702072
0.0,FW_exact,exact,1635.0,0.04133486747741699,15.629433980742055,0.004314452044678063,10.0,0.5209811326914019
0.0,FW_exact,exact,1636.0,0.041359663009643555,15.62943282424592,0.005106756276147095,10.0,0.5209810941415307
0.0,FW_exact,exact,1637.0,0.04138493537902832,15.629431753233495,0.003756340740517672,10.0,0.5209810584411165
0.0,FW_exact,exact,1638.0,0.04141068458557129,15.629430790610755,0.0038222228782913703,10.0,0.5209810263536918
0.0,FW_exact,exact,1639.0,0.041443824768066406,15.629428846705508,0.006199835160495937,10.0,0.5209809615568503
0.0,FW_exact,exact,1640.0,0.04146981239318848,15.629427624405311,0.004702298509608127,10.0,0.5209809208135103
0.0,FW_exact,exact,1641.0,0.04149580001831055,15.629425914817098,0.005094560783698299,10.0,0.5209808638272366
0.0,FW_exact,exact,1642.0,0.04152178764343262,15.629424031348245,0.004982280948315321,10.0,0.5209808010449415
0.0,FW_exact,exact,1643.0,0.04154801368713379,15.629423055494858,0.004112454485550643,10.0,0.5209807685164952
0.0,FW_exact,exact,1644.0,0.04157376289367676,15.629422271349151,0.003936786750049492,10.0,0.520980742378305
0.0,FW_exact,exact,1645.0,0.041597843170166016,15.629420110945082,0.005727498700688116,10.0,0.5209806703648361
0.0,FW_exact,exact,1646.0,0.04162883758544922,15.629419142870654,0.004672090044261168,10.0,0.5209806380956885
0.0,FW_exact,exact,1647.0,0.04165196418762207,15.629417952946675,0.003959511705861729,10.0,0.5209805984315559
0.0,FW_exact,exact,1648.0,0.04167604446411133,15.629416990107904,0.0038226589085521567,10.0,0.5209805663369301
0.0,FW_exact,exact,1649.0,0.04170083999633789,15.62941556090495,0.00531558796801157,10.0,0.5209805186968317
0.0,FW_exact,exact,1650.0,0.041725873947143555,15.629414059011676,0.00510244567939111,10.0,0.5209804686337225
0.0,FW_exact,exact,1651.0,0.04175162315368652,15.629413130681748,0.0034970596776506824,10.0,0.5209804376893916
0.0,FW_exact,exact,1652.0,0.041777849197387695,15.62941102831607,0.0056499905900899705,10.0,0.5209803676105357
0.0,FW_exact,exact,1653.0,0.041803836822509766,15.629409968282927,0.004577537527884701,10.0,0.5209803322760975
0.0,FW_exact,exact,1654.0,0.041832923889160156,15.629409140465809,0.0038694511641850227,10.0,0.5209803046821936
0.0,FW_exact,exact,1655.0,0.04185962677001953,15.629408121478129,0.003932602278823083,10.0,0.5209802707159377
0.0,FW_exact,exact,1656.0,0.041890621185302734,15.629406000592969,0.00528723773495976,10.0,0.5209802000197656
0.0,FW_exact,exact,1657.0,0.04191780090332031,15.629404808843985,0.005244817064591345,10.0,0.5209801602947995
0.0,FW_exact,exact,1658.0,0.04194378852844238,15.62940388612821,0.003742130068880911,10.0,0.520980129537607
0.0,FW_exact,exact,1659.0,0.04196977615356445,15.629402590351177,0.0048416599458125376,10.0,0.5209800863450392
0.0,FW_exact,exact,1660.0,0.041996002197265625,15.629401640518587,0.004627850636007125,10.0,0.5209800546839529
0.0,FW_exact,exact,1661.0,0.042021751403808594,15.629400879571808,0.0033981499737656407,10.0,0.5209800293190603
0.0,FW_exact,exact,1662.0,0.04204583168029785,15.62939932091353,0.004532068069240225,10.0,0.5209799773637843
0.0,FW_exact,exact,1663.0,0.04207181930541992,15.629398168436948,0.004469346204970748,10.0,0.5209799389478983
0.0,FW_exact,exact,1664.0,0.04210782051086426,15.629397031118163,0.0047415580196901175,10.0,0.5209799010372721
0.0,FW_exact,exact,1665.0,0.042131900787353516,15.629394733820657,0.005906331254779573,10.0,0.5209798244606886
0.0,FW_exact,exact,1666.0,0.04215669631958008,15.629393231731619,0.004449013644803657,10.0,0.5209797743910539
0.0,FW_exact,exact,1667.0,0.04218292236328125,15.629392352599067,0.004168522789644413,10.0,0.5209797450866356
0.0,FW_exact,exact,1668.0,0.04220890998840332,15.629390799347771,0.0048559053974894795,10.0,0.5209796933115923
0.0,FW_exact,exact,1669.0,0.04223370552062988,15.629389738028866,0.004288863986953828,10.0,0.5209796579342956
0.0,FW_exact,exact,1670.0,0.04225778579711914,15.629388441362641,0.005407548555268704,10.0,0.5209796147120881
0.0,FW_exact,exact,1671.0,0.0422818660736084,15.62938751263318,0.003497826149917671,10.0,0.5209795837544393
0.0,FW_exact,exact,1672.0,0.04230666160583496,15.629386217679544,0.004433559841427126,10.0,0.5209795405893182
0.0,FW_exact,exact,1673.0,0.04233074188232422,15.629384707282032,0.005464593816899566,10.0,0.5209794902427344
0.0,FW_exact,exact,1674.0,0.0423579216003418,15.629383792537826,0.004067642098176449,10.0,0.5209794597512609
0.0,FW_exact,exact,1675.0,0.04238271713256836,15.62938248263129,0.004459100844380615,10.0,0.5209794160877096
0.0,FW_exact,exact,1676.0,0.04240894317626953,15.629380621494507,0.004952666096391667,10.0,0.5209793540498169
0.0,FW_exact,exact,1677.0,0.0424346923828125,15.629379757873409,0.0044644828605129305,10.0,0.520979325262447
0.0,FW_exact,exact,1678.0,0.04246187210083008,15.629378571249568,0.004535119689609957,10.0,0.520979285708319
0.0,FW_exact,exact,1679.0,0.04248762130737305,15.629377414050683,0.004190984929362429,10.0,0.5209792471350227
0.0,FW_exact,exact,1680.0,0.04251384735107422,15.629376358877646,0.004567042467988003,10.0,0.5209792119625882
0.0,FW_exact,exact,1681.0,0.04253983497619629,15.629374855448507,0.004451011580746567,10.0,0.5209791618482835
0.0,FW_exact,exact,1682.0,0.04256582260131836,15.629373171814843,0.005055749998774672,10.0,0.5209791057271614
0.0,FW_exact,exact,1683.0,0.04258871078491211,15.629372088304201,0.004427181305617367,10.0,0.5209790696101401
0.0,FW_exact,exact,1684.0,0.04261279106140137,15.629370955043331,0.005055200478071953,10.0,0.5209790318347777
0.0,FW_exact,exact,1685.0,0.04263782501220703,15.62937021715522,0.003346258163494653,10.0,0.5209790072385073
0.0,FW_exact,exact,1686.0,0.042662858963012695,15.629369298392303,0.004261493452613507,10.0,0.5209789766130768
0.0,FW_exact,exact,1687.0,0.042688846588134766,15.629367879402086,0.00432413302485557,10.0,0.5209789293134028
0.0,FW_exact,exact,1688.0,0.042714834213256836,15.629366346220245,0.004824427529868558,10.0,0.5209788782073415
0.0,FW_exact,exact,1689.0,0.042742013931274414,15.629364705218386,0.005333685959788781,10.0,0.5209788235072795
0.0,FW_exact,exact,1690.0,0.04276776313781738,15.62936369440257,0.004394099004748853,10.0,0.520978789813419
0.0,FW_exact,exact,1691.0,0.042793989181518555,15.629362725513749,0.0043762527846098465,10.0,0.520978757517125
0.0,FW_exact,exact,1692.0,0.04281973838806152,15.629361847407209,0.003650527956370553,10.0,0.5209787282469069
0.0,FW_exact,exact,1693.0,0.042845964431762695,15.629360339669065,0.004457399719834498,10.0,0.5209786779889688
0.0,FW_exact,exact,1694.0,0.042871713638305664,15.62935939827421,0.004039189675449251,10.0,0.5209786466091403
0.0,FW_exact,exact,1695.0,0.042897701263427734,15.629358475214607,0.004615629044364411,10.0,0.5209786158404869
0.0,FW_exact,exact,1696.0,0.04292178153991699,15.629357514954098,0.0038175647310634275,10.0,0.5209785838318033
0.0,FW_exact,exact,1697.0,0.04294562339782715,15.629356712450019,0.0042536989211594545,10.0,0.5209785570816673
0.0,FW_exact,exact,1698.0,0.04297065734863281,15.629355770131337,0.004128535938892952,10.0,0.5209785256710445
0.0,FW_exact,exact,1699.0,0.0429997444152832,15.629354799116308,0.0035766293323025167,10.0,0.5209784933038769
0.0,FW_exact,exact,1700.0,0.04302477836608887,15.629353007822413,0.0052150139158850806,10.0,0.5209784335940805
0.0,FW_exact,exact,1701.0,0.043048858642578125,15.629351060712942,0.006204994844022593,10.0,0.5209783686904313
0.0,FW_exact,exact,1702.0,0.043074607849121094,15.629350322395613,0.0031185491670324694,10.0,0.5209783440798538
0.0,FW_exact,exact,1703.0,0.043100833892822266,15.629348646200155,0.005044578488242024,10.0,0.5209782882066718
0.0,FW_exact,exact,1704.0,0.043126821517944336,15.629347347405577,0.004744762909977496,10.0,0.5209782449135193
0.0,FW_exact,exact,1705.0,0.043152809143066406,15.629346555742744,0.004224862041882105,10.0,0.5209782185247581
0.0,FW_exact,exact,1706.0,0.04317879676818848,15.629345588395838,0.003569868710609825,10.0,0.5209781862798613
0.0,FW_exact,exact,1707.0,0.04320263862609863,15.629344421567756,0.0042084136093958335,10.0,0.5209781473855919
0.0,FW_exact,exact,1708.0,0.04322671890258789,15.629342581110274,0.006032563993189299,10.0,0.5209780860370091
0.0,FW_exact,exact,1709.0,0.043251752853393555,15.629341750077002,0.0038769926164903268,10.0,0.5209780583359
0.0,FW_exact,exact,1710.0,0.04327583312988281,15.629340318681704,0.004661448780369781,10.0,0.5209780106227234
0.0,FW_exact,exact,1711.0,0.04330182075500488,15.629338442272799,0.004972992036632817,10.0,0.5209779480757599
0.0,FW_exact,exact,1712.0,0.04332900047302246,15.629337723176684,0.003530021794233562,10.0,0.5209779241058895
0.0,FW_exact,exact,1713.0,0.04335474967956543,15.62933690697022,0.004340167476192036,10.0,0.5209778968990073
0.0,FW_exact,exact,1714.0,0.0433809757232666,15.629335835343861,0.004032989881608273,10.0,0.5209778611781287
0.0,FW_exact,exact,1715.0,0.04340672492980957,15.629334797288797,0.004529847651992824,10.0,0.5209778265762932
0.0,FW_exact,exact,1716.0,0.04343295097351074,15.62933351644677,0.004108139336830519,10.0,0.520977783881559
0.0,FW_exact,exact,1717.0,0.04345870018005371,15.629331983502157,0.004824075897474245,10.0,0.5209777327834052
0.0,FW_exact,exact,1718.0,0.04348182678222656,15.629330623593608,0.004960130883837621,10.0,0.5209776874531202
0.0,FW_exact,exact,1719.0,0.04350590705871582,15.629329711344381,0.004535359955562868,10.0,0.5209776570448127
0.0,FW_exact,exact,1720.0,0.043530941009521484,15.629328939995606,0.003421340053272104,10.0,0.5209776313331869
0.0,FW_exact,exact,1721.0,0.04355478286743164,15.62932803149045,0.004237644895249915,10.0,0.5209776010496817
0.0,FW_exact,exact,1722.0,0.04358077049255371,15.629326658718856,0.004253109121815868,10.0,0.5209775552906285
0.0,FW_exact,exact,1723.0,0.04360675811767578,15.62932516101843,0.004768267106671331,10.0,0.520977505367281
0.0,FW_exact,exact,1724.0,0.04363274574279785,15.629323369427457,0.00557322276247163,10.0,0.5209774456475819
0.0,FW_exact,exact,1725.0,0.04365897178649902,15.62932251201952,0.0041167030688367134,10.0,0.5209774170673174
0.0,FW_exact,exact,1726.0,0.043683767318725586,15.629321263420643,0.004056077357006416,10.0,0.5209773754473548
0.0,FW_exact,exact,1727.0,0.04370880126953125,15.629319289505522,0.00547460834172675,10.0,0.5209773096501841
0.0,FW_exact,exact,1728.0,0.04373288154602051,15.629318559684148,0.004459634864462103,10.0,0.520977285322805
0.0,FW_exact,exact,1729.0,0.04375863075256348,15.629317911292405,0.003823374008922187,10.0,0.5209772637097468
0.0,FW_exact,exact,1730.0,0.04378485679626465,15.629317171268069,0.0035810509741160956,10.0,0.520977239042269
0.0,FW_exact,exact,1731.0,0.04381060600280762,15.629316295844456,0.0033959455511798353,10.0,0.5209772098614819
0.0,FW_exact,exact,1732.0,0.043834686279296875,15.629314617771325,0.005047427689280681,10.0,0.5209771539257109
0.0,FW_exact,exact,1733.0,0.04386472702026367,15.629313093919041,0.005488932697664595,10.0,0.5209771031306347
0.0,FW_exact,exact,1734.0,0.043890953063964844,15.629312513089967,0.003241013295124162,10.0,0.5209770837696656
0.0,FW_exact,exact,1735.0,0.04391598701477051,15.629311394326418,0.004120795035566616,10.0,0.5209770464775473
0.0,FW_exact,exact,1736.0,0.043939828872680664,15.629309400714762,0.005126090850044562,10.0,0.5209769800238254
0.0,FW_exact,exact,1737.0,0.043968915939331055,15.629308928442384,0.003301145793450644,10.0,0.5209769642814128
0.0,FW_exact,exact,1738.0,0.04399466514587402,15.629308199883555,0.003553193580257741,10.0,0.5209769399961185
0.0,FW_exact,exact,1739.0,0.04401993751525879,15.629307123096007,0.004042710567665253,10.0,0.5209769041032002
0.0,FW_exact,exact,1740.0,0.04404568672180176,15.629306033000198,0.004957977251507373,10.0,0.5209768677666733
0.0,FW_exact,exact,1741.0,0.04407191276550293,15.62930515759981,0.003395906226453249,10.0,0.5209768385866603
0.0,FW_exact,exact,1742.0,0.0440976619720459,15.62930449117645,0.003629194746739728,10.0,0.5209768163725483
0.0,FW_exact,exact,1743.0,0.04412388801574707,15.629302592182057,0.005369645495299835,10.0,0.5209767530727353
0.0,FW_exact,exact,1744.0,0.04414987564086914,15.629300908042646,0.005520210041185081,10.0,0.5209766969347549
0.0,FW_exact,exact,1745.0,0.0441737174987793,15.629300393797976,0.0031878718812272666,10.0,0.5209766797932659
0.0,FW_exact,exact,1746.0,0.044197797775268555,15.629299372329092,0.003937446183273963,10.0,0.520976645744303
0.0,FW_exact,exact,1747.0,0.04422283172607422,15.62929732140095,0.005199323704852432,10.0,0.5209765773800317
0.0,FW_exact,exact,1748.0,0.044246673583984375,15.629296563232884,0.0036247116709162697,10.0,0.5209765521077628
0.0,FW_exact,exact,1749.0,0.04427385330200195,15.629295603968314,0.003815614666731193,10.0,0.5209765201322771
0.0,FW_exact,exact,1750.0,0.04431271553039551,15.629293852757534,0.005884423098681424,10.0,0.5209764617585845
0.0,FW_exact,exact,1751.0,0.04433894157409668,15.629293376113996,0.0032779689819992797,10.0,0.5209764458704665
0.0,FW_exact,exact,1752.0,0.044363975524902344,15.629292377285593,0.0038935467348562014,10.0,0.5209764125761864
0.0,FW_exact,exact,1753.0,0.044388771057128906,15.629290407610748,0.005095214878409138,10.0,0.5209763469203582
0.0,FW_exact,exact,1754.0,0.04441380500793457,15.629289291715407,0.004397861511783674,10.0,0.5209763097238469
0.0,FW_exact,exact,1755.0,0.04443979263305664,15.629288302949998,0.003873875780685765,10.0,0.5209762767649999
0.0,FW_exact,exact,1756.0,0.04446578025817871,15.629286961589841,0.0051496228209124695,10.0,0.5209762320529947
0.0,FW_exact,exact,1757.0,0.04449462890625,15.629286107079693,0.0033551311641240034,10.0,0.5209762035693231
0.0,FW_exact,exact,1758.0,0.04452085494995117,15.629284673406422,0.0046651930110837014,10.0,0.5209761557802141
0.0,FW_exact,exact,1759.0,0.04454660415649414,15.629283806609205,0.004420904418925176,10.0,0.5209761268869735
0.0,FW_exact,exact,1760.0,0.04457283020019531,15.629282446961358,0.004959681585409825,10.0,0.5209760815653787
0.0,FW_exact,exact,1761.0,0.04459881782531738,15.629281690569329,0.0033880133580463934,10.0,0.5209760563523109
0.0,FW_exact,exact,1762.0,0.04462170600891113,15.629280845199817,0.00408770588983387,10.0,0.5209760281733272
0.0,FW_exact,exact,1763.0,0.04464578628540039,15.629279538841569,0.004148917239259475,10.0,0.5209759846280523
0.0,FW_exact,exact,1764.0,0.044670820236206055,15.629278127596564,0.004628539869456105,10.0,0.5209759375865521
0.0,FW_exact,exact,1765.0,0.04469466209411621,15.629277031590894,0.004358478017069345,10.0,0.5209759010530298
0.0,FW_exact,exact,1766.0,0.04472088813781738,15.629275858574596,0.005203472569252909,10.0,0.5209758619524866
0.0,FW_exact,exact,1767.0,0.04474687576293945,15.629274269423641,0.004576302260888454,10.0,0.520975808980788
0.0,FW_exact,exact,1768.0,0.04477286338806152,15.629273218513093,0.00399383076836024,10.0,0.5209757739504365
0.0,FW_exact,exact,1769.0,0.04479670524597168,15.629272085206107,0.004733243756522398,10.0,0.5209757361735369
0.0,FW_exact,exact,1770.0,0.04482078552246094,15.629271293381903,0.003704335941458581,10.0,0.5209757097793968
0.0,FW_exact,exact,1771.0,0.0448458194732666,15.629270668430374,0.003454765079021982,10.0,0.5209756889476791
0.0,FW_exact,exact,1772.0,0.04487276077270508,15.629269889511715,0.003438121650271242,10.0,0.5209756629837238
0.0,FW_exact,exact,1773.0,0.04489874839782715,15.629268987137864,0.004510759289532373,10.0,0.5209756329045955
0.0,FW_exact,exact,1774.0,0.04492378234863281,15.629268031257054,0.00415819332016909,10.0,0.5209756010419018
0.0,FW_exact,exact,1775.0,0.044950008392333984,15.629267108276462,0.003487041535672475,10.0,0.520975570275882
0.0,FW_exact,exact,1776.0,0.04497575759887695,15.629265295730407,0.0052459404938201,10.0,0.5209755098576803
0.0,FW_exact,exact,1777.0,0.045001983642578125,15.62926393226255,0.0051919205844104255,10.0,0.5209754644087516
0.0,FW_exact,exact,1778.0,0.045024871826171875,15.629263209018895,0.0030865763033247617,10.0,0.5209754403006298
0.0,FW_exact,exact,1779.0,0.04504871368408203,15.629261863603318,0.004519243133350059,10.0,0.520975395453444
0.0,FW_exact,exact,1780.0,0.045073747634887695,15.629260564782678,0.004744858080830028,10.0,0.5209753521594226
0.0,FW_exact,exact,1781.0,0.04509902000427246,15.629259735636321,0.004323795622838134,10.0,0.5209753245212106
0.0,FW_exact,exact,1782.0,0.04512476921081543,15.629258918615038,0.0032806844635917543,10.0,0.520975297287168
0.0,FW_exact,exact,1783.0,0.0451507568359375,15.629257834252885,0.004056938721486603,10.0,0.5209752611417628
0.0,FW_exact,exact,1784.0,0.04517674446105957,15.629256279565558,0.005544251526895749,10.0,0.5209752093188519
0.0,FW_exact,exact,1785.0,0.04520273208618164,15.62925553921421,0.0036593031872893533,10.0,0.5209751846404737
0.0,FW_exact,exact,1786.0,0.04522871971130371,15.629254306631879,0.004325484913296762,10.0,0.520975143554396
0.0,FW_exact,exact,1787.0,0.04525470733642578,15.629252635525619,0.00469292122945042,10.0,0.520975087850854
0.0,FW_exact,exact,1788.0,0.04528164863586426,15.629251794297694,0.004406248666317225,10.0,0.5209750598099231
0.0,FW_exact,exact,1789.0,0.04530787467956543,15.629250737451883,0.004279880620572385,10.0,0.5209750245817294
0.0,FW_exact,exact,1790.0,0.045334577560424805,15.629249691852804,0.003983732303929344,10.0,0.5209749897284268
0.0,FW_exact,exact,1791.0,0.04535984992980957,15.629248739026288,0.004339860347828406,10.0,0.5209749579675429
0.0,FW_exact,exact,1792.0,0.04538583755493164,15.629247363533207,0.0042573768654357025,10.0,0.5209749121177736
0.0,FW_exact,exact,1793.0,0.04541277885437012,15.629245832152934,0.004821667027075094,10.0,0.5209748610717645
0.0,FW_exact,exact,1794.0,0.04543781280517578,15.629244802494679,0.004315767444541763,10.0,0.5209748267498227
0.0,FW_exact,exact,1795.0,0.04546189308166504,15.629243864252953,0.004599579838712842,10.0,0.5209747954750984
0.0,FW_exact,exact,1796.0,0.045485734939575195,15.629243203343428,0.0031668843126784196,10.0,0.5209747734447809
0.0,FW_exact,exact,1797.0,0.04551076889038086,15.629242352621878,0.004100646456953072,10.0,0.5209747450873959
0.0,FW_exact,exact,1798.0,0.04553484916687012,15.629241062611152,0.004122883922688558,10.0,0.5209747020870384
0.0,FW_exact,exact,1799.0,0.04556083679199219,15.629239657369892,0.004618701391398972,10.0,0.5209746552456631
0.0,FW_exact,exact,1800.0,0.04558682441711426,15.629238227795161,0.004978114355138175,10.0,0.520974607593172
0.0,FW_exact,exact,1801.0,0.04561281204223633,15.629237444209412,0.003935453939872602,10.0,0.5209745814736471
0.0,FW_exact,exact,1802.0,0.045636653900146484,15.629236330621223,0.003830432375334425,10.0,0.5209745443540408
0.0,FW_exact,exact,1803.0,0.045659780502319336,15.62923458436007,0.005149080139684514,10.0,0.5209744861453357
0.0,FW_exact,exact,1804.0,0.045684814453125,15.62923396014495,0.004124299224994132,10.0,0.5209744653381649
0.0,FW_exact,exact,1805.0,0.045708656311035156,15.629233418999103,0.003492816213316985,10.0,0.5209744472999701
0.0,FW_exact,exact,1806.0,0.045735836029052734,15.629232770593818,0.0034244635590070516,10.0,0.5209744256864606
0.0,FW_exact,exact,1807.0,0.0457608699798584,15.629231904980523,0.003624515666142969,10.0,0.5209743968326841
0.0,FW_exact,exact,1808.0,0.045787811279296875,15.629230509409593,0.004288367545566274,10.0,0.5209743503136531
0.0,FW_exact,exact,1809.0,0.04581093788146973,15.629229721367675,0.003946635880859972,10.0,0.5209743240455892
0.0,FW_exact,exact,1810.0,0.045835018157958984,15.629228300221126,0.004644789246965431,10.0,0.5209742766740375
0.0,FW_exact,exact,1811.0,0.04585981369018555,15.62922713161571,0.004500616687231229,10.0,0.5209742377205236
0.0,FW_exact,exact,1812.0,0.045883893966674805,15.629226401827053,0.004056384362348453,10.0,0.5209742133942351
0.0,FW_exact,exact,1813.0,0.04591059684753418,15.629225471781774,0.003500390586303581,10.0,0.5209741823927259
0.0,FW_exact,exact,1814.0,0.045935869216918945,15.629224376604508,0.004077148716177703,10.0,0.5209741458868169
0.0,FW_exact,exact,1815.0,0.04596281051635742,15.629222865315153,0.005466297354638883,10.0,0.5209740955105051
0.0,FW_exact,exact,1816.0,0.045987844467163086,15.62922219862805,0.003398945217016447,10.0,0.5209740732876017
0.0,FW_exact,exact,1817.0,0.04601168632507324,15.629221491308057,0.003276247183686465,10.0,0.5209740497102685
0.0,FW_exact,exact,1818.0,0.046037912368774414,15.629219578070233,0.005021685845797208,10.0,0.5209739859356745
0.0,FW_exact,exact,1819.0,0.04606270790100098,15.629218601377302,0.0047479407308816945,10.0,0.5209739533792433
0.0,FW_exact,exact,1820.0,0.04608774185180664,15.629217778313802,0.0035342750040250337,10.0,0.5209739259437934
0.0,FW_exact,exact,1821.0,0.0461118221282959,15.629216216140124,0.005316496512888236,10.0,0.5209738738713374
0.0,FW_exact,exact,1822.0,0.04613780975341797,15.629215746009331,0.003048055609140121,10.0,0.5209738582003111
0.0,FW_exact,exact,1823.0,0.04616379737854004,15.62921480400118,0.0037811620528920287,10.0,0.5209738268000393
0.0,FW_exact,exact,1824.0,0.04618978500366211,15.629212962154309,0.004927039282922152,10.0,0.5209737654051436
0.0,FW_exact,exact,1825.0,0.04621386528015137,15.629212341951924,0.0030677785527188917,10.0,0.5209737447317307
0.0,FW_exact,exact,1826.0,0.04623675346374512,15.629211166425609,0.004820674212325571,10.0,0.5209737055475203
0.0,FW_exact,exact,1827.0,0.04626202583312988,15.629210199181289,0.004094366097417534,10.0,0.5209736733060429
0.0,FW_exact,exact,1828.0,0.04628562927246094,15.629209444392682,0.004125309351190154,10.0,0.5209736481464228
0.0,FW_exact,exact,1829.0,0.04631185531616211,15.629208248037504,0.004261435035164851,10.0,0.5209736082679168
0.0,FW_exact,exact,1830.0,0.04633760452270508,15.629206428529766,0.004897051527212426,10.0,0.5209735476176589
0.0,FW_exact,exact,1831.0,0.04636383056640625,15.62920581217466,0.00326808168303927,10.0,0.5209735270724887
0.0,FW_exact,exact,1832.0,0.04638791084289551,15.629205164035072,0.0038674786245955772,10.0,0.5209735054678357
0.0,FW_exact,exact,1833.0,0.046411991119384766,15.629204160251218,0.0039032435959391876,10.0,0.520973472008374
0.0,FW_exact,exact,1834.0,0.04643678665161133,15.629203344779045,0.0040147742027834,10.0,0.5209734448259682
0.0,FW_exact,exact,1835.0,0.046460866928100586,15.629202216556166,0.0038555545064831165,10.0,0.5209734072185389
0.0,FW_exact,exact,1836.0,0.046486616134643555,15.629200935605963,0.004409616510006487,10.0,0.5209733645201988
0.0,FW_exact,exact,1837.0,0.04651284217834473,15.62919929593202,0.0054468659803710295,10.0,0.5209733098644007
0.0,FW_exact,exact,1838.0,0.0465388298034668,15.62919856337474,0.0040640843117696335,10.0,0.5209732854458247
0.0,FW_exact,exact,1839.0,0.04656481742858887,15.629197760558837,0.0034905213104714505,10.0,0.5209732586852945
0.0,FW_exact,exact,1840.0,0.04659080505371094,15.629196915351734,0.004087347775852734,10.0,0.5209732305117245
0.0,FW_exact,exact,1841.0,0.046614646911621094,15.62919565679693,0.004072303835611635,10.0,0.5209731885598977
0.0,FW_exact,exact,1842.0,0.04663872718811035,15.629194274711795,0.004580493267026142,10.0,0.5209731424903932
0.0,FW_exact,exact,1843.0,0.04666280746459961,15.62919297836567,0.004740370483105494,10.0,0.5209730992788556
0.0,FW_exact,exact,1844.0,0.04668784141540527,15.629192217855763,0.003877068103664172,10.0,0.5209730739285254
0.0,FW_exact,exact,1845.0,0.046713829040527344,15.62919114911264,0.0037524939579736127,10.0,0.5209730383037546
0.0,FW_exact,exact,1846.0,0.046739816665649414,15.629189480312135,0.005033536710300268,10.0,0.5209729826770712
0.0,FW_exact,exact,1847.0,0.046765804290771484,15.629188747450634,0.0040649319328665,10.0,0.5209729582483544
0.0,FW_exact,exact,1848.0,0.046788692474365234,15.629187824729216,0.0040854365014801886,10.0,0.5209729274909739
0.0,FW_exact,exact,1849.0,0.04681277275085449,15.629187264946177,0.002914471557758702,10.0,0.5209729088315392
0.0,FW_exact,exact,1850.0,0.046837806701660156,15.629186378118217,0.0041868224504497675,10.0,0.5209728792706072
0.0,FW_exact,exact,1851.0,0.04686164855957031,15.629185075691769,0.004142724451435598,10.0,0.5209728358563923
0.0,FW_exact,exact,1852.0,0.046887874603271484,15.629183636729149,0.004673858438255962,10.0,0.5209727878909717
0.0,FW_exact,exact,1853.0,0.04691362380981445,15.629182677479104,0.0040774159966652235,10.0,0.5209727559159701
0.0,FW_exact,exact,1854.0,0.046939849853515625,15.629181902588272,0.004228909428299232,10.0,0.5209727300862758
0.0,FW_exact,exact,1855.0,0.04696393013000488,15.629180476161014,0.004335580619098778,10.0,0.5209726825387004
0.0,FW_exact,exact,1856.0,0.04698801040649414,15.629179566415962,0.003715832184235879,10.0,0.5209726522138654
0.0,FW_exact,exact,1857.0,0.0470128059387207,15.629178344383478,0.004915170326510676,10.0,0.5209726114794493
0.0,FW_exact,exact,1858.0,0.04703688621520996,15.629177676882405,0.003401037793222983,10.0,0.5209725892294135
0.0,FW_exact,exact,1859.0,0.04706263542175293,15.629177113087634,0.003281347666879597,10.0,0.5209725704362544
0.0,FW_exact,exact,1860.0,0.04708981513977051,15.629176325908562,0.0034563550778461405,10.0,0.520972544196952
0.0,FW_exact,exact,1861.0,0.04711604118347168,15.629175553492798,0.004173232377874925,10.0,0.5209725184497599
0.0,FW_exact,exact,1862.0,0.04714179039001465,15.629174717221456,0.0038892690159979537,10.0,0.5209724905740486
0.0,FW_exact,exact,1863.0,0.04716777801513672,15.629173852490979,0.0033752037776757504,10.0,0.5209724617496992
0.0,FW_exact,exact,1864.0,0.04719376564025879,15.62917222913654,0.004964491191847387,10.0,0.5209724076378847
0.0,FW_exact,exact,1865.0,0.04721975326538086,15.629170931275791,0.005065451608178506,10.0,0.5209723643758597
0.0,FW_exact,exact,1866.0,0.04724383354187012,15.62917028016591,0.0029285831487442238,10.0,0.520972342672197
0.0,FW_exact,exact,1867.0,0.04726767539978027,15.6291690292416,0.004357617095788413,10.0,0.52097230097472
0.0,FW_exact,exact,1868.0,0.04729270935058594,15.629167812282619,0.004592864601555391,10.0,0.5209722604094206
0.0,FW_exact,exact,1869.0,0.047316789627075195,15.629167067125636,0.0040989097563493004,10.0,0.5209722355708545
0.0,FW_exact,exact,1870.0,0.047342777252197266,15.629166303510615,0.00317164030787076,10.0,0.5209722101170206
0.0,FW_exact,exact,1871.0,0.047368764877319336,15.629165301657928,0.003899505137074044,10.0,0.520972176721931
0.0,FW_exact,exact,1872.0,0.047394752502441406,15.629163851053248,0.005355397374055215,10.0,0.5209721283684415
0.0,FW_exact,exact,1873.0,0.04741978645324707,15.629163192460625,0.0034512970271833865,10.0,0.5209721064153542
0.0,FW_exact,exact,1874.0,0.047444820404052734,15.629162061711495,0.0041429033381721325,10.0,0.5209720687237165
0.0,FW_exact,exact,1875.0,0.047470808029174805,15.629160520846455,0.004506271045707777,10.0,0.5209720173615485
0.0,FW_exact,exact,1876.0,0.04749488830566406,15.629159832058686,0.003986966290081995,10.0,0.5209719944019562
0.0,FW_exact,exact,1877.0,0.04751992225646973,15.629158865082024,0.004093823552175024,10.0,0.5209719621694008
0.0,FW_exact,exact,1878.0,0.04754304885864258,15.629157912630502,0.003802102802071161,10.0,0.5209719304210167
0.0,FW_exact,exact,1879.0,0.04756665229797363,15.629157001465241,0.004243920410550217,10.0,0.5209719000488414
0.0,FW_exact,exact,1880.0,0.0475919246673584,15.629155771650861,0.004025533438708706,10.0,0.5209718590550287
0.0,FW_exact,exact,1881.0,0.047616004943847656,15.629154359889405,0.004629462765819881,10.0,0.5209718119963135
0.0,FW_exact,exact,1882.0,0.04764080047607422,15.6291534388702,0.0040816802296070875,10.0,0.5209717812956733
0.0,FW_exact,exact,1883.0,0.04766368865966797,15.629152566756435,0.004434498582217117,10.0,0.5209717522252145
0.0,FW_exact,exact,1884.0,0.04768776893615723,15.62915196583301,0.0030197261741520265,10.0,0.5209717321944337
0.0,FW_exact,exact,1885.0,0.04771280288696289,15.629151189151065,0.00391810619027666,10.0,0.5209717063050355
0.0,FW_exact,exact,1886.0,0.04773664474487305,15.629150006625148,0.003947337121857686,10.0,0.520971666887505
0.0,FW_exact,exact,1887.0,0.04776287078857422,15.629148720692017,0.004418220338235912,10.0,0.5209716240230672
0.0,FW_exact,exact,1888.0,0.04778861999511719,15.629147393872081,0.004795819769517706,10.0,0.520971579795736
0.0,FW_exact,exact,1889.0,0.04781484603881836,15.629146675036555,0.0037693201567350343,10.0,0.5209715558345518
0.0,FW_exact,exact,1890.0,0.04783892631530762,15.629145651436934,0.00367236731452536,10.0,0.5209715217145645
0.0,FW_exact,exact,1891.0,0.047863006591796875,15.629144044988898,0.004938573706946059,10.0,0.5209714681662966
0.0,FW_exact,exact,1892.0,0.04788780212402344,15.629143380534776,0.003870517943440177,10.0,0.5209714460178259
0.0,FW_exact,exact,1893.0,0.047911882400512695,15.62914261074666,0.003731418360388261,10.0,0.520971420358222
0.0,FW_exact,exact,1894.0,0.047937631607055664,15.629142201486165,0.0030730245927568234,10.0,0.5209714067162055
0.0,FW_exact,exact,1895.0,0.047963857650756836,15.629141619195543,0.0029725268386204817,10.0,0.5209713873065182
0.0,FW_exact,exact,1896.0,0.047989845275878906,15.629140030008108,0.004576448122239896,10.0,0.5209713343336035
0.0,FW_exact,exact,1897.0,0.04801368713378906,15.629139259725523,0.0036536344677617905,10.0,0.5209713086575174
0.0,FW_exact,exact,1898.0,0.04803776741027832,15.62913852994641,0.0037979180559322145,10.0,0.5209712843315469
0.0,FW_exact,exact,1899.0,0.04806184768676758,15.629136657484674,0.005332091508250869,10.0,0.5209712219161557
0.0,FW_exact,exact,1900.0,0.04808664321899414,15.62913549943608,0.003906254419488775,10.0,0.520971183314536
0.0,FW_exact,exact,1901.0,0.04811286926269531,15.629134785736724,0.003755829269266542,10.0,0.5209711595245575
0.0,FW_exact,exact,1902.0,0.04813790321350098,15.629133560967942,0.004311813957727395,10.0,0.5209711186989314
0.0,FW_exact,exact,1903.0,0.04816484451293945,15.629132670126863,0.004014232408461993,10.0,0.5209710890042287
0.0,FW_exact,exact,1904.0,0.04819083213806152,15.629131992857024,0.003907682972721815,10.0,0.5209710664285675
0.0,FW_exact,exact,1905.0,0.048216819763183594,15.629131461857485,0.0028385456143329435,10.0,0.5209710487285828
0.0,FW_exact,exact,1906.0,0.048239707946777344,15.62913094158572,0.0037652168411224096,10.0,0.5209710313861906
0.0,FW_exact,exact,1907.0,0.0482637882232666,15.629129976077868,0.0035665886594475893,10.0,0.5209709992025956
0.0,FW_exact,exact,1908.0,0.048288822174072266,15.62912912395723,0.003842913314827001,10.0,0.5209709707985744
0.0,FW_exact,exact,1909.0,0.04831385612487793,15.629128126612851,0.003890735977366333,10.0,0.5209709375537617
0.0,FW_exact,exact,1910.0,0.04833984375,15.629126570043654,0.005547680748017925,10.0,0.5209708856681218
0.0,FW_exact,exact,1911.0,0.04836583137512207,15.629125765540854,0.003255507322172946,10.0,0.5209708588513619
0.0,FW_exact,exact,1912.0,0.04839181900024414,15.629124247130338,0.004801269484229209,10.0,0.5209708082376779
0.0,FW_exact,exact,1913.0,0.04841756820678711,15.62912373110375,0.003410795459728888,10.0,0.5209707910367917
0.0,FW_exact,exact,1914.0,0.048442840576171875,15.629122800012432,0.004017123922896104,10.0,0.5209707600004144
0.0,FW_exact,exact,1915.0,0.04846787452697754,15.629121963590357,0.00331949568041523,10.0,0.5209707321196786
0.0,FW_exact,exact,1916.0,0.0485076904296875,15.629121267263972,0.0040087460609807835,10.0,0.520970708908799
0.0,FW_exact,exact,1917.0,0.04853463172912598,15.629120189637648,0.004044385326283262,10.0,0.5209706729879217
0.0,FW_exact,exact,1918.0,0.048561811447143555,15.629119261349796,0.004283644197860426,10.0,0.5209706420449932
0.0,FW_exact,exact,1919.0,0.04858803749084473,15.629118559275286,0.0035634694360417996,10.0,0.5209706186425095
0.0,FW_exact,exact,1920.0,0.048613786697387695,15.629117678823965,0.0036555186758597813,10.0,0.5209705892941322
0.0,FW_exact,exact,1921.0,0.04863882064819336,15.629115710757668,0.00509326744602312,10.0,0.5209705236919223
0.0,FW_exact,exact,1922.0,0.048665761947631836,15.62911504825795,0.0031707470614819044,10.0,0.5209705016085983
0.0,FW_exact,exact,1923.0,0.0486907958984375,15.62911396836131,0.004620385094787238,10.0,0.5209704656120436
0.0,FW_exact,exact,1924.0,0.04871678352355957,15.629112972578545,0.004154404327273653,10.0,0.5209704324192849
0.0,FW_exact,exact,1925.0,0.048741817474365234,15.629112543075532,0.003111656531386231,10.0,0.5209704181025178
0.0,FW_exact,exact,1926.0,0.048767805099487305,15.629111552686386,0.0038771472587182387,10.0,0.5209703850895462
0.0,FW_exact,exact,1927.0,0.048793792724609375,15.629109798621077,0.0048081844066896195,10.0,0.5209703266207025
0.0,FW_exact,exact,1928.0,0.04881882667541504,15.629109208004213,0.0029937248160347707,10.0,0.5209703069334738
0.0,FW_exact,exact,1929.0,0.0488438606262207,15.629108157590949,0.0045568490582805765,10.0,0.5209702719196982
0.0,FW_exact,exact,1930.0,0.048868656158447266,15.629107247698117,0.003971117028640947,10.0,0.5209702415899372
0.0,FW_exact,exact,1931.0,0.04889392852783203,15.629106688392458,0.002913259044714067,10.0,0.5209702229464153
0.0,FW_exact,exact,1932.0,0.048918724060058594,15.629105266638868,0.004328516829923856,10.0,0.520970175554629
0.0,FW_exact,exact,1933.0,0.04894280433654785,15.62910466283133,0.0037328593777292696,10.0,0.520970155427711
0.0,FW_exact,exact,1934.0,0.04896879196166992,15.62910399606264,0.0034726848807178357,10.0,0.520970133202088
0.0,FW_exact,exact,1935.0,0.04899477958679199,15.629102667759636,0.004490487818484823,10.0,0.5209700889253212
0.0,FW_exact,exact,1936.0,0.04902076721191406,15.629101766262254,0.0045086341546234365,10.0,0.5209700588754085
0.0,FW_exact,exact,1937.0,0.04904675483703613,15.62910128922721,0.0029371581897752463,10.0,0.5209700429742403
0.0,FW_exact,exact,1938.0,0.0490727424621582,15.629100715640488,0.0027486705558015245,10.0,0.5209700238546829
0.0,FW_exact,exact,1939.0,0.04909682273864746,15.629099515445997,0.004268332431108135,10.0,0.5209699838481999
0.0,FW_exact,exact,1940.0,0.04912090301513672,15.629097913426703,0.005628153154990656,10.0,0.5209699304475568
0.0,FW_exact,exact,1941.0,0.04914569854736328,15.629097445681019,0.0028468633544100896,10.0,0.5209699148560339
0.0,FW_exact,exact,1942.0,0.04916977882385254,15.629096741619328,0.003268742889979137,10.0,0.520969891387311
0.0,FW_exact,exact,1943.0,0.049196720123291016,15.629094844015263,0.005001205883786497,10.0,0.5209698281338421
0.0,FW_exact,exact,1944.0,0.049222707748413086,15.629094205199339,0.0031135406252218445,10.0,0.520969806839978
0.0,FW_exact,exact,1945.0,0.04924893379211426,15.629093000081102,0.004881061479540705,10.0,0.5209697666693701
0.0,FW_exact,exact,1946.0,0.04927468299865723,15.629092403971669,0.003213981500598706,10.0,0.5209697467990556
0.0,FW_exact,exact,1947.0,0.0493009090423584,15.629091939076602,0.003237364884316918,10.0,0.5209697313025534
0.0,FW_exact,exact,1948.0,0.049324750900268555,15.629090940083687,0.0038939709347189932,10.0,0.5209696980027896
0.0,FW_exact,exact,1949.0,0.049347639083862305,15.629089351158512,0.004576105436688849,10.0,0.5209696450386171
0.0,FW_exact,exact,1950.0,0.04937291145324707,15.629088873054794,0.002940451436293401,10.0,0.5209696291018264
0.0,FW_exact,exact,1951.0,0.049397945404052734,15.629087766819467,0.004097765488619842,10.0,0.5209695922273155
0.0,FW_exact,exact,1952.0,0.0494236946105957,15.629086524671544,0.004955524892960028,10.0,0.5209695508223848
0.0,FW_exact,exact,1953.0,0.04944777488708496,15.629086172217598,0.002594273795594404,10.0,0.52096953907392
0.0,FW_exact,exact,1954.0,0.04947185516357422,15.629085545551147,0.003295361173936584,10.0,0.5209695181850382
0.0,FW_exact,exact,1955.0,0.04949665069580078,15.62908479970011,0.0033643998852141976,10.0,0.520969493323337
0.0,FW_exact,exact,1956.0,0.04952192306518555,15.629083973242427,0.004316844176630141,10.0,0.5209694657747476
0.0,FW_exact,exact,1957.0,0.04954791069030762,15.62908289225391,0.0037740046390570825,10.0,0.520969429741797
0.0,FW_exact,exact,1958.0,0.04957175254821777,15.62908203666186,0.0036035352006820176,10.0,0.520969401222062
0.0,FW_exact,exact,1959.0,0.04959583282470703,15.629081111256665,0.004277001555138327,10.0,0.5209693703752222
0.0,FW_exact,exact,1960.0,0.049620866775512695,15.629080214899574,0.003941467629504203,10.0,0.5209693404966524
0.0,FW_exact,exact,1961.0,0.04964470863342285,15.629079503139778,0.0030620475015243898,10.0,0.520969316771326
0.0,FW_exact,exact,1962.0,0.04967188835144043,15.62907806301106,0.004675818088939465,10.0,0.5209692687670353
0.0,FW_exact,exact,1963.0,0.04969477653503418,15.629077278863003,0.004254142605679689,10.0,0.5209692426287668
0.0,FW_exact,exact,1964.0,0.049719810485839844,15.629076143202173,0.004532672210032729,10.0,0.5209692047734058
0.0,FW_exact,exact,1965.0,0.04974484443664551,15.62907533069825,0.0032716890598258885,10.0,0.5209691776899417
0.0,FW_exact,exact,1966.0,0.049768924713134766,15.629074096735526,0.00432801053770504,10.0,0.5209691365578508
0.0,FW_exact,exact,1967.0,0.049794673919677734,15.629072892140861,0.0048800104639710185,10.0,0.5209690964046954
0.0,FW_exact,exact,1968.0,0.04981875419616699,15.629072388204595,0.0025763298135625945,10.0,0.5209690796068198
0.0,FW_exact,exact,1969.0,0.04984283447265625,15.62907130988749,0.004045708152878191,10.0,0.5209690436629163
0.0,FW_exact,exact,1970.0,0.049867868423461914,15.629070653580891,0.0038467313437990924,10.0,0.5209690217860297
0.0,FW_exact,exact,1971.0,0.04989266395568848,15.629069400067783,0.004661422596658582,10.0,0.5209689800022594
0.0,FW_exact,exact,1972.0,0.04991888999938965,15.629068701243595,0.0030340870106400075,10.0,0.5209689567081198
0.0,FW_exact,exact,1973.0,0.049942731857299805,15.629067774169393,0.003751128185838226,10.0,0.5209689258056465
0.0,FW_exact,exact,1974.0,0.04996681213378906,15.62906646174076,0.005093869414869445,10.0,0.5209688820580253
0.0,FW_exact,exact,1975.0,0.04999184608459473,15.629066008399406,0.0028632746716912294,10.0,0.5209688669466469
0.0,FW_exact,exact,1976.0,0.050015926361083984,15.629065075471354,0.0037629596805039967,10.0,0.5209688358490452
0.0,FW_exact,exact,1977.0,0.05004167556762695,15.629063720408581,0.004225738506500321,10.0,0.520968790680286
0.0,FW_exact,exact,1978.0,0.05006575584411621,15.629062959031902,0.004191900748317323,10.0,0.5209687653010634
0.0,FW_exact,exact,1979.0,0.05008983612060547,15.629062352585231,0.0032417504592299196,10.0,0.5209687450861744
0.0,FW_exact,exact,1980.0,0.05011463165283203,15.629061541006562,0.0035095910160123367,10.0,0.520968718033552
0.0,FW_exact,exact,1981.0,0.0501399040222168,15.629060788805093,0.004118285001606381,10.0,0.5209686929601698
0.0,FW_exact,exact,1982.0,0.05016589164733887,15.629059977789215,0.0032686978938514244,10.0,0.5209686659263072
0.0,FW_exact,exact,1983.0,0.05018877983093262,15.629059289532295,0.0032318465377478844,10.0,0.5209686429844098
0.0,FW_exact,exact,1984.0,0.050212860107421875,15.62905806363696,0.004922996424532755,10.0,0.520968602121232
0.0,FW_exact,exact,1985.0,0.05023789405822754,15.629057070815234,0.004237916508614603,10.0,0.5209685690271745
0.0,FW_exact,exact,1986.0,0.0502626895904541,15.629055875258029,0.0042600983807847825,10.0,0.5209685291752676
0.0,FW_exact,exact,1987.0,0.05028867721557617,15.629054558857407,0.004164986073391219,10.0,0.5209684852952469
0.0,FW_exact,exact,1988.0,0.05031275749206543,15.629053962262141,0.0032153057037493937,10.0,0.520968465408738
0.0,FW_exact,exact,1989.0,0.05033683776855469,15.629053477583032,0.0033443122816088078,10.0,0.5209684492527678
0.0,FW_exact,exact,1990.0,0.05036163330078125,15.62905271809113,0.0033950542983554044,10.0,0.520968423936371
0.0,FW_exact,exact,1991.0,0.050386905670166016,15.629051854939725,0.004130587120654283,10.0,0.5209683951646575
0.0,FW_exact,exact,1992.0,0.050412654876708984,15.629050942850549,0.003466509431886422,10.0,0.520968364761685
0.0,FW_exact,exact,1993.0,0.05043673515319824,15.629049766797488,0.0042251901574488215,10.0,0.5209683255599162
0.0,FW_exact,exact,1994.0,0.0504608154296875,15.629048796350686,0.004189871637693798,10.0,0.5209682932116896
0.0,FW_exact,exact,1995.0,0.050485849380493164,15.629048015106907,0.0041970691148396355,10.0,0.5209682671702303
0.0,FW_exact,exact,1996.0,0.05051064491271973,15.629047423377784,0.0029965679312713434,10.0,0.5209682474459262
0.0,FW_exact,exact,1997.0,0.0505368709564209,15.629046747854535,0.003653993203162287,10.0,0.5209682249284845
0.0,FW_exact,exact,1998.0,0.050560951232910156,15.629045700650481,0.00371454891286227,10.0,0.5209681900216827
0.0,FW_exact,exact,1999.0,0.050583600997924805,15.62904457076506,0.0041413840705999405,10.0,0.5209681523588353
0.0,AFW_diminishing,diminishing,0.0,3.409385681152344e-05,20.02424955274294,10.73971096916316,1.0,0.6674749850914313
0.0,AFW_diminishing,diminishing,1.0,6.914138793945312e-05,17.296768766446505,13.35841380448009,2.0,0.5765589588815502
0.0,AFW_diminishing,diminishing,2.0,9.703636169433594e-05,16.440945159427507,5.045837086893256,3.0,0.5480315053142503
0.0,AFW_diminishing,diminishing,3.0,0.00012230873107910156,15.954963627191418,4.010807507181493,4.0,0.5318321209063807
0.0,AFW_diminishing,diminishing,4.0,0.00014925003051757812,15.888069921669691,2.3971736597184385,5.0,0.5296023307223231
0.0,AFW_diminishing,diminishing,5.0,0.0001761913299560547,15.999490229409782,1.6035409793959534,6.0,0.5333163409803261
0.0,AFW_diminishing,diminishing,6.0,0.00020241737365722656,15.870061303345018,1.8303814771168856,6.0,0.5290020434448339
0.0,AFW_diminishing,diminishing,7.0,0.0002281665802001953,15.780657118733322,1.3884813886587644,6.0,0.5260219039577774
0.0,AFW_diminishing,diminishing,8.0,0.0002543926239013672,15.765608999459637,1.138386926847998,7.0,0.5255202999819879
0.0,AFW_diminishing,diminishing,9.0,0.00028014183044433594,15.783437086779056,1.1310633893893733,8.0,0.5261145695593019
0.0,AFW_diminishing,diminishing,10.0,0.0003101825714111328,15.72816427573337,0.7662634105464399,8.0,0.5242721425244457
0.0,AFW_diminishing,diminishing,11.0,0.00033736228942871094,15.747982727412483,0.7274783321163838,8.0,0.5249327575804161
0.0,AFW_diminishing,diminishing,12.0,0.000362396240234375,15.662510323349569,1.3099894858990773,8.0,0.5220836774449856
0.0,AFW_diminishing,diminishing,13.0,0.00038909912109375,15.644882266466366,0.6535968156299337,8.0,0.5214960755488789
0.0,AFW_diminishing,diminishing,14.0,0.0004153251647949219,15.656051006771389,0.43715574253375244,8.0,0.5218683668923796
0.0,AFW_diminishing,diminishing,15.0,0.00044417381286621094,15.647814269081229,0.5689404621606222,7.0,0.5215938089693742
0.0,AFW_diminishing,diminishing,16.0,0.00046944618225097656,15.658701023226483,0.504622916371142,7.0,0.5219567007742161
0.0,AFW_diminishing,diminishing,17.0,0.0004961490631103516,15.64063049779774,0.3153091127742442,7.0,0.5213543499265914
0.0,AFW_diminishing,diminishing,18.0,0.0005223751068115234,15.635767145796432,0.3527308640548732,7.0,0.5211922381932144
0.0,AFW_diminishing,diminishing,19.0,0.0005481243133544922,15.64255392627214,0.3195539105769445,7.0,0.5214184642090713
0.0,AFW_diminishing,diminishing,20.0,0.0005753040313720703,15.632309211489478,0.3733138211773177,7.0,0.5210769737163159
0.0,AFW_diminishing,diminishing,21.0,0.0006101131439208984,15.644258852367637,0.21020215486651495,7.0,0.5214752950789212
0.0,AFW_diminishing,diminishing,22.0,0.0006351470947265625,15.630496719350937,0.3905491474247995,7.0,0.5210165573116979
0.0,AFW_diminishing,diminishing,23.0,0.0006592273712158203,15.6394619662961,0.1219562203792588,7.0,0.5213153988765367
0.0,AFW_diminishing,diminishing,24.0,0.0006852149963378906,15.63095684424186,0.3931012571778858,7.0,0.521031894808062
0.0,AFW_diminishing,diminishing,25.0,0.0007112026214599609,15.636370440518204,0.13514961116718105,7.0,0.5212123480172735
0.0,AFW_diminishing,diminishing,26.0,0.0007381439208984375,15.631398693908249,0.3274925630997565,7.0,0.5210466231302749
0.0,AFW_diminishing,diminishing,27.0,0.0007643699645996094,15.63414767340468,0.14655314564802602,7.0,0.521138255780156
0.0,AFW_diminishing,diminishing,28.0,0.0007901191711425781,15.631817064773163,0.27211076385356314,7.0,0.5210605688257721
0.0,AFW_diminishing,diminishing,29.0,0.0008132457733154297,15.632540185626048,0.156507077839521,7.0,0.5210846728542016
0.0,AFW_diminishing,diminishing,30.0,0.0008382797241210938,15.632210130393402,0.22475102527971025,7.0,0.5210736710131134
0.0,AFW_diminishing,diminishing,31.0,0.0008633136749267578,15.631376553840656,0.1652707507339457,7.0,0.5210458851280219
0.0,AFW_diminishing,diminishing,32.0,0.0008871555328369141,15.632577873447277,0.1837970940694138,7.0,0.5210859291149093
0.0,AFW_diminishing,diminishing,33.0,0.0009143352508544922,15.630538103942413,0.1730452441834185,7.0,0.5210179367980804
0.0,AFW_diminishing,diminishing,34.0,0.0009391307830810547,15.632921221329065,0.14803784047335178,7.0,0.5210973740443021
0.0,AFW_diminishing,diminishing,35.0,0.0009641647338867188,15.629941001649112,0.17998883536186838,7.0,0.5209980333883037
0.0,AFW_diminishing,diminishing,36.0,0.0009903907775878906,15.636866271665918,0.12613244787701383,8.0,0.5212288757221972
0.0,AFW_diminishing,diminishing,37.0,0.0010170936584472656,15.629510603254777,0.19284125815190478,8.0,0.5209836867751593
0.0,AFW_diminishing,diminishing,38.0,0.0010433197021484375,15.63291307944464,0.10151633400342952,8.0,0.5210971026481547
0.0,AFW_diminishing,diminishing,39.0,0.0010690689086914062,15.629184594439725,0.17992370098451715,8.0,0.5209728198146575
0.0,AFW_diminishing,diminishing,40.0,0.0010962486267089844,15.63703658733986,0.08675229551807284,8.0,0.5212345529113287
0.0,AFW_diminishing,diminishing,41.0,0.0011210441589355469,15.629300608429368,0.44881662458586113,8.0,0.5209766869476457
0.0,AFW_diminishing,diminishing,42.0,0.0011441707611083984,15.63567435985708,0.08873894350782408,8.0,0.5211891453285694
0.0,AFW_diminishing,diminishing,43.0,0.0011682510375976562,15.629418127446483,0.40899369478988845,8.0,0.5209806042482161
0.0,AFW_diminishing,diminishing,44.0,0.0011932849884033203,15.634539575700577,0.09057263532935522,8.0,0.5211513191900192
0.0,AFW_diminishing,diminishing,45.0,0.0012171268463134766,15.629535514953758,0.37292329385361,8.0,0.5209845171651253
0.0,AFW_diminishing,diminishing,46.0,0.0012431144714355469,15.633590199896828,0.09227000848973077,8.0,0.5211196733298943
0.0,AFW_diminishing,diminishing,47.0,0.0012683868408203125,15.629651627799698,0.3401003762290902,8.0,0.5209883875933232
0.0,AFW_diminishing,diminishing,48.0,0.0012950897216796875,15.632793096089554,0.09384543656042332,8.0,0.5210931032029851
0.0,AFW_diminishing,diminishing,49.0,0.0013213157653808594,15.629765676863428,0.3101064243131777,8.0,0.520992189228781
0.0,AFW_diminishing,diminishing,50.0,0.0013470649719238281,15.632121898197013,0.09531138786052651,8.0,0.5210707299399004
0.0,AFW_diminishing,diminishing,51.0,0.001371145248413086,15.629877128535771,0.28259171515233916,8.0,0.5209959042845257
0.0,AFW_diminishing,diminishing,52.0,0.0013952255249023438,15.631555447515249,0.09667872149689671,8.0,0.5210518482505083
0.0,AFW_diminishing,diminishing,53.0,0.0014200210571289062,15.629985634364521,0.2572617693470729,8.0,0.5209995211454841
0.0,AFW_diminishing,diminishing,54.0,0.001444101333618164,15.631076630839912,0.09795693215214563,8.0,0.5210358876946637
0.0,AFW_diminishing,diminishing,55.0,0.001470327377319336,15.630090980365917,0.2338668766049672,8.0,0.5210030326788639
0.0,AFW_diminishing,diminishing,56.0,0.0014960765838623047,15.630671506885694,0.09915435304757736,8.0,0.5210223835628565
0.0,AFW_diminishing,diminishing,57.0,0.0015223026275634766,15.630193050222795,0.21219391382379982,8.0,0.5210064350074265
0.0,AFW_diminishing,diminishing,58.0,0.0015480518341064453,15.630328642577709,0.10027832477989485,8.0,0.5210109547525903
0.0,AFW_diminishing,diminishing,59.0,0.0015742778778076172,15.630291798388264,0.19205989168239945,8.0,0.5210097266129421
0.0,AFW_diminishing,diminishing,60.0,0.001600027084350586,15.63003860390081,0.101335336275719,8.0,0.5210012867966937
0.0,AFW_diminishing,diminishing,61.0,0.0016262531280517578,15.630387230320082,0.17330681873925435,8.0,0.5210129076773361
0.0,AFW_diminishing,diminishing,62.0,0.0016512870788574219,15.629793561798257,0.10233114291282064,8.0,0.5209931187266086
0.0,AFW_diminishing,diminishing,63.0,0.0016751289367675781,15.630479387890787,0.1557975799346174,8.0,0.5210159795963596
0.0,AFW_diminishing,diminishing,64.0,0.0017001628875732422,15.629586984568085,0.10327086588779366,8.0,0.5209862328189362
0.0,AFW_diminishing,diminishing,65.0,0.001728057861328125,15.63056833858259,0.13941260346547324,8.0,0.5210189446194197
0.0,AFW_diminishing,diminishing,66.0,0.001753091812133789,15.629413395897421,0.10415907612981101,8.0,0.520980446529914
0.0,AFW_diminishing,diminishing,67.0,0.0017783641815185547,15.630654167468268,0.12404714572782005,8.0,0.5210218055822756
0.0,AFW_diminishing,diminishing,68.0,0.0018041133880615234,15.62926818313955,0.10499986543445594,8.0,0.5209756061046517
0.0,AFW_diminishing,diminishing,69.0,0.0018303394317626953,15.631515928323891,0.11523518986549419,9.0,0.5210505309441297
0.0,AFW_diminishing,diminishing,70.0,0.0018570423126220703,15.629142468428435,0.09475430852625344,9.0,0.5209714156142812
0.0,AFW_diminishing,diminishing,71.0,0.0018832683563232422,15.630515517100543,0.10713900220077477,9.0,0.5210171839033514
0.0,AFW_diminishing,diminishing,72.0,0.0019083023071289062,15.629030550114997,0.10250384673436841,9.0,0.5209676850038333
0.0,AFW_diminishing,diminishing,73.0,0.0019311904907226562,15.631366068531594,0.09655478845520449,9.0,0.5210455356177198
0.0,AFW_diminishing,diminishing,74.0,0.0019562244415283203,15.628936564606198,0.09330548660103943,9.0,0.5209645521535399
0.0,AFW_diminishing,diminishing,75.0,0.001980304718017578,15.63040617048,0.09212163383800309,9.0,0.521013539016
0.0,AFW_diminishing,diminishing,76.0,0.002006053924560547,15.628850248575311,0.10029230314230553,9.0,0.5209616749525103
0.0,AFW_diminishing,diminishing,77.0,0.002033233642578125,15.62969679027919,0.08962806746626484,9.0,0.5209898930093063
0.0,AFW_diminishing,diminishing,78.0,0.0020592212677001953,15.62876953995977,0.08924140119839308,9.0,0.5209589846653256
0.0,AFW_diminishing,diminishing,79.0,0.0020852088928222656,15.628777439607159,0.08297682249807181,9.0,0.5209592479869053
0.0,AFW_diminishing,diminishing,80.0,0.0021114349365234375,15.630023018497928,0.09180245845328727,9.0,0.5210007672832643
0.0,AFW_diminishing,diminishing,81.0,0.0021393299102783203,15.628701061317916,0.11428967928808298,9.0,0.5209567020439305
0.0,AFW_diminishing,diminishing,82.0,0.0021653175354003906,15.630077754318874,0.08140259458816423,9.0,0.5210025918106291
0.0,AFW_diminishing,diminishing,83.0,0.002190113067626953,15.628636785001177,0.11510813636037831,9.0,0.5209545595000392
0.0,AFW_diminishing,diminishing,84.0,0.0022132396697998047,15.628570252541836,0.07151489215787521,9.0,0.5209523417513945
0.0,AFW_diminishing,diminishing,85.0,0.0022382736206054688,15.628657753410938,0.07353335654497606,9.0,0.5209552584470313
0.0,AFW_diminishing,diminishing,86.0,0.002264261245727539,15.628514690803776,0.07217580433832005,9.0,0.5209504896934593
0.0,AFW_diminishing,diminishing,87.0,0.002288341522216797,15.629388103119187,0.06993696807158045,9.0,0.5209796034373062
0.0,AFW_diminishing,diminishing,88.0,0.002315044403076172,15.628465020261308,0.08979129540649922,9.0,0.5209488340087103
0.0,AFW_diminishing,diminishing,89.0,0.0023412704467773438,15.629709150042482,0.06871227955593362,9.0,0.5209903050014161
0.0,AFW_diminishing,diminishing,90.0,0.002367258071899414,15.628418704624565,0.09952711029371386,9.0,0.5209472901541522
0.0,AFW_diminishing,diminishing,91.0,0.0023932456970214844,15.630168329521666,0.06650676843265124,9.0,0.5210056109840555
0.0,AFW_diminishing,diminishing,92.0,0.0024204254150390625,15.628376297147424,0.06383021226394447,9.0,0.5209458765715808
0.0,AFW_diminishing,diminishing,93.0,0.002454042434692383,15.628506695123646,0.0644456923497394,9.0,0.5209502231707882
0.0,AFW_diminishing,diminishing,94.0,0.0024802684783935547,15.628335350959944,0.06256052093211473,9.0,0.5209445116986647
0.0,AFW_diminishing,diminishing,95.0,0.0025072097778320312,15.629016401479618,0.061409077075243346,9.0,0.520967213382654
0.0,AFW_diminishing,diminishing,96.0,0.0025331974029541016,15.628298415515491,0.09317291600690503,9.0,0.5209432805171831
0.0,AFW_diminishing,diminishing,97.0,0.0025594234466552734,15.629058608940078,0.05998732341008761,9.0,0.5209686202980026
0.0,AFW_diminishing,diminishing,98.0,0.002585172653198242,15.628263834414598,0.0816207846637873,9.0,0.52094212781382
0.0,AFW_diminishing,diminishing,99.0,0.002611398696899414,15.629331054818866,0.05882582766813371,9.0,0.5209777018272955
0.0,AFW_diminishing,diminishing,100.0,0.002638101577758789,15.628231504466969,0.09033452858533941,9.0,0.520941050148899
0.0,AFW_diminishing,diminishing,101.0,0.002664327621459961,15.628847520393824,0.057132828722178175,9.0,0.5209615840131275
0.0,AFW_diminishing,diminishing,102.0,0.0026912689208984375,15.62820093895503,0.08479690684945851,9.0,0.520940031298501
0.0,AFW_diminishing,diminishing,103.0,0.002717256546020508,15.628332941614305,0.05684035255711706,9.0,0.5209444313871435
0.0,AFW_diminishing,diminishing,104.0,0.002743244171142578,15.62817127020716,0.059580136589541866,9.0,0.5209390423402387
0.0,AFW_diminishing,diminishing,105.0,0.0027692317962646484,15.62834527136931,0.053202006260738344,9.0,0.520944842378977
0.0,AFW_diminishing,diminishing,106.0,0.002796173095703125,15.62814454871822,0.06001511419054317,9.0,0.5209381516239406
0.0,AFW_diminishing,diminishing,107.0,0.0028221607208251953,15.629485289514303,0.05284342436993228,9.0,0.5209828429838101
0.0,AFW_diminishing,diminishing,108.0,0.002850055694580078,15.628119823407943,0.05192883028728268,9.0,0.5209373274469314
0.0,AFW_diminishing,diminishing,109.0,0.0028772354125976562,15.628719225676067,0.05118325466164997,9.0,0.5209573075225356
0.0,AFW_diminishing,diminishing,110.0,0.0029020309448242188,15.628715632757059,0.12400275037062514,9.0,0.5209571877585686
0.0,AFW_diminishing,diminishing,111.0,0.0029273033142089844,15.628661996227434,0.07134244698849734,9.0,0.5209553998742478
0.0,AFW_diminishing,diminishing,112.0,0.0029561519622802734,15.628091532633078,0.12127498049388485,9.0,0.5209363844211026
0.0,AFW_diminishing,diminishing,113.0,0.0029811859130859375,15.628607552502075,0.050709796943211316,9.0,0.5209535850834025
0.0,AFW_diminishing,diminishing,114.0,0.003008127212524414,15.628099926568952,0.11659071530418608,9.0,0.5209366642189651
0.0,AFW_diminishing,diminishing,115.0,0.003033161163330078,15.62855699717906,0.050288467293013284,9.0,0.5209518999059687
0.0,AFW_diminishing,diminishing,116.0,0.0030603408813476562,15.628625875507469,0.11326345937414928,9.0,0.5209541958502489
0.0,AFW_diminishing,diminishing,117.0,0.003086090087890625,15.628509864735491,0.06936649570320519,9.0,0.5209503288245164
0.0,AFW_diminishing,diminishing,118.0,0.003112316131591797,15.627683175323389,0.11012735346707281,9.0,0.5209227725107797
0.0,AFW_diminishing,diminishing,119.0,0.0031380653381347656,15.628096895182045,0.07147382529649704,9.0,0.5209365631727348
0.0,AFW_diminishing,diminishing,120.0,0.0031652450561523438,15.627655089381449,0.03856724035496484,9.0,0.5209218363127149
0.0,AFW_diminishing,diminishing,121.0,0.003191232681274414,15.628112925802442,0.06670061157781326,9.0,0.5209370975267481
0.0,AFW_diminishing,diminishing,122.0,0.0032181739807128906,15.62762975276823,0.038938285122691596,9.0,0.520920991758941
0.0,AFW_diminishing,diminishing,123.0,0.003244161605834961,15.628128634539978,0.06208629625103157,9.0,0.5209376211513326
0.0,AFW_diminishing,diminishing,124.0,0.0032701492309570312,15.62760694679965,0.039297838651865646,9.0,0.5209202315599883
0.0,AFW_diminishing,diminishing,125.0,0.003296375274658203,15.62814402771571,0.057623078760741464,9.0,0.5209381342571903
0.0,AFW_diminishing,diminishing,126.0,0.0033233165740966797,15.62758647194345,0.03964642606357671,9.0,0.5209195490647817
0.0,AFW_diminishing,diminishing,127.0,0.00334930419921875,15.628159111801182,0.053303660677995524,9.0,0.5209386370600394
0.0,AFW_diminishing,diminishing,128.0,0.003377199172973633,15.6275681459242,0.03998454099833815,9.0,0.5209189381974734
0.0,AFW_diminishing,diminishing,129.0,0.0034041404724121094,15.628173893366217,0.04912120595505165,9.0,0.5209391297788739
0.0,AFW_diminishing,diminishing,130.0,0.0034301280975341797,15.627551802038969,0.040312647937602364,9.0,0.520918393401299
0.0,AFW_diminishing,diminishing,131.0,0.0034532546997070312,15.627824852378634,0.0450693048950761,9.0,0.5209274950792878
0.0,AFW_diminishing,diminishing,132.0,0.003477334976196289,15.627594205131787,0.08416391266157497,9.0,0.5209198068377262
0.0,AFW_diminishing,diminishing,133.0,0.0035021305084228516,15.627484761336769,0.05076335478426408,9.0,0.5209161587112257
0.0,AFW_diminishing,diminishing,134.0,0.0035262107849121094,15.627722387506626,0.041159837285272616,9.0,0.5209240795835542
0.0,AFW_diminishing,diminishing,135.0,0.0035524368286132812,15.627490134838625,0.08310122653112906,9.0,0.5209163378279542
0.0,AFW_diminishing,diminishing,136.0,0.0035750865936279297,15.62769647810242,0.04113803907691249,9.0,0.5209232159367473
0.0,AFW_diminishing,diminishing,137.0,0.0035991668701171875,15.627495452317806,0.08015439291935955,9.0,0.5209165150772602
0.0,AFW_diminishing,diminishing,138.0,0.0036242008209228516,15.627672201786817,0.0411170653760653,9.0,0.5209224067262272
0.0,AFW_diminishing,diminishing,139.0,0.003648042678833008,15.627500712021583,0.07729413526330475,9.0,0.5209166904007194
0.0,AFW_diminishing,diminishing,140.0,0.0036742687225341797,15.627649451836648,0.041096872823962016,9.0,0.5209216483945549
0.0,AFW_diminishing,diminishing,141.0,0.00370025634765625,15.627505912523471,0.07451669501967295,9.0,0.5209168637507824
0.0,AFW_diminishing,diminishing,142.0,0.0037271976470947266,15.627628129552951,0.041077420943871346,9.0,0.5209209376517651
0.0,AFW_diminishing,diminishing,143.0,0.0037534236907958984,15.627511052685206,0.07181852802070487,9.0,0.5209170350895068
0.0,AFW_diminishing,diminishing,144.0,0.003779172897338867,15.62760814356789,0.041058671911304856,9.0,0.520920271452263
0.0,AFW_diminishing,diminishing,145.0,0.003805398941040039,15.627516131623079,0.06919628941019695,9.0,0.5209172043874359
0.0,AFW_diminishing,diminishing,146.0,0.003831148147583008,15.627589409219494,0.04104059034545848,9.0,0.5209196469739832
0.0,AFW_diminishing,diminishing,147.0,0.003857135772705078,15.62752114867809,0.06664681983195386,9.0,0.520917371622603
0.0,AFW_diminishing,diminishing,148.0,0.0038840770721435547,15.62757184798684,0.04102314311971611,9.0,0.5209190615995614
0.0,AFW_diminishing,diminishing,149.0,0.0039103031158447266,15.627526103389503,0.06416713275046959,9.0,0.5209175367796501
0.0,AFW_diminishing,diminishing,150.0,0.0039370059967041016,15.62755538697909,0.041006299189181306,9.0,0.520918512899303
0.0,AFW_diminishing,diminishing,151.0,0.003961086273193359,15.627530995471332,0.06175440279736577,9.0,0.5209176998490445
0.0,AFW_diminishing,diminishing,152.0,0.003986358642578125,15.627539958472688,0.04099002943355501,9.0,0.5209179986157563
0.0,AFW_diminishing,diminishing,153.0,0.0040130615234375,15.62753582479149,0.05940595504794288,9.0,0.520917860826383
0.0,AFW_diminishing,diminishing,154.0,0.004040241241455078,15.627525499491645,0.04097430651377998,9.0,0.5209175166497215
0.0,AFW_diminishing,diminishing,155.0,0.0040662288665771484,15.627540591353204,0.05711925514244065,9.0,0.5209180197117734
0.0,AFW_diminishing,diminishing,156.0,0.004092216491699219,15.627511951426383,0.04095910474107889,9.0,0.5209170650475461
0.0,AFW_diminishing,diminishing,157.0,0.004118204116821289,15.627545295278562,0.05489190017534007,9.0,0.5209181765092854
0.0,AFW_diminishing,diminishing,158.0,0.004153251647949219,15.627499259687264,0.04094439995720123,9.0,0.5209166419895754
0.0,AFW_diminishing,diminishing,159.0,0.004178285598754883,15.627414217885676,0.052721610284081066,9.0,0.5209138072628559
0.0,AFW_diminishing,diminishing,160.0,0.004202365875244141,15.627292300442088,0.04009302756826649,9.0,0.5209097433480696
0.0,AFW_diminishing,diminishing,161.0,0.004229307174682617,15.627419546822498,0.05085875919367844,9.0,0.5209139848940832
0.0,AFW_diminishing,diminishing,162.0,0.0042552947998046875,15.62728113658372,0.040475207169647476,9.0,0.5209093712194574
0.0,AFW_diminishing,diminishing,163.0,0.004281282424926758,15.627424800423489,0.04860774895489328,9.0,0.5209141600141163
0.0,AFW_diminishing,diminishing,164.0,0.004308223724365234,15.627270728018974,0.04084822951202227,9.0,0.5209090242672991
0.0,AFW_diminishing,diminishing,165.0,0.0043332576751708984,15.627429979483745,0.04641227797054093,9.0,0.5209143326494582
0.0,AFW_diminishing,diminishing,166.0,0.004357099533081055,15.627261030407345,0.041212419775559894,9.0,0.5209087010135781
0.0,AFW_diminishing,diminishing,167.0,0.0043811798095703125,15.62743508485014,0.044270316409907196,9.0,0.520914502828338
0.0,AFW_diminishing,diminishing,168.0,0.0044062137603759766,15.627252002312046,0.04156808792610356,9.0,0.5209084000770682
0.0,AFW_diminishing,diminishing,169.0,0.004430294036865234,15.627440117413148,0.042179932138447285,9.0,0.5209146705804383
0.0,AFW_diminishing,diminishing,170.0,0.004456281661987305,15.627243604983706,0.041915529594589884,9.0,0.5209081201661235
0.0,AFW_diminishing,diminishing,171.0,0.004481077194213867,15.627445078099534,0.040139284911555606,9.0,0.5209148359366511
0.0,AFW_diminishing,diminishing,172.0,0.004508256912231445,15.62723580216221,0.04225502689613947,9.0,0.5209078600720737
0.0,AFW_diminishing,diminishing,173.0,0.004533290863037109,15.627449967865932,0.03814662097743948,9.0,0.5209149989288644
0.0,AFW_diminishing,diminishing,174.0,0.004557132720947266,15.627228559895094,0.04258684919362565,9.0,0.5209076186631698
0.0,AFW_diminishing,diminishing,175.0,0.00458216667175293,15.627454787693113,0.03620026805587884,9.0,0.5209151595897704
0.0,AFW_diminishing,diminishing,176.0,0.0046062469482421875,15.627221846370832,0.042911253810084204,9.0,0.5209073948790277
0.0,AFW_diminishing,diminishing,177.0,0.004632234573364258,15.627459538580917,0.03429863066267558,9.0,0.5209153179526972
0.0,AFW_diminishing,diminishing,178.0,0.004659414291381836,15.627215631765752,0.04322848669388435,9.0,0.520907187725525
0.0,AFW_diminishing,diminishing,179.0,0.004685163497924805,15.627464221543747,0.032440185752419026,9.0,0.5209154740514582
0.0,AFW_diminishing,diminishing,180.0,0.004711151123046875,15.627209888103275,0.043538783040277806,9.0,0.5209069962701092
0.0,AFW_diminishing,diminishing,181.0,0.004737138748168945,15.627682938603277,0.03149056536265782,9.0,0.5209227646201092
0.0,AFW_diminishing,diminishing,182.0,0.0047643184661865234,15.627204494052513,0.031989134415532305,9.0,0.5209068164684171
0.0,AFW_diminishing,diminishing,183.0,0.004790067672729492,15.627462513751876,0.029855072558307327,9.0,0.5209154171250625
0.0,AFW_diminishing,diminishing,184.0,0.004816293716430664,15.627199439372413,0.04391963245687691,9.0,0.5209066479790805
0.0,AFW_diminishing,diminishing,185.0,0.004842281341552734,15.627679068180178,0.028295878032412958,9.0,0.5209226356060059
0.0,AFW_diminishing,diminishing,186.0,0.004868268966674805,15.62719480936928,0.03261584989996891,9.0,0.5209064936456427
0.0,AFW_diminishing,diminishing,187.0,0.004895210266113281,15.627461223467915,0.027382731252712844,9.0,0.5209153741155972
0.0,AFW_diminishing,diminishing,188.0,0.0049211978912353516,15.62719037280212,0.04428500734720586,9.0,0.5209063457600707
0.0,AFW_diminishing,diminishing,189.0,0.00494837760925293,15.627465477001662,0.025718679758465868,9.0,0.5209155159000554
0.0,AFW_diminishing,diminishing,190.0,0.0049741268157958984,15.627186297815483,0.04456362206984288,9.0,0.5209062099271827
0.0,AFW_diminishing,diminishing,191.0,0.00500035285949707,15.627666015789991,0.0245357392263017,9.0,0.5209222005263331
0.0,AFW_diminishing,diminishing,192.0,0.005026102066040039,15.627182541533319,0.03358411757085378,9.0,0.5209060847177773
0.0,AFW_diminishing,diminishing,193.0,0.005052328109741211,15.62746458009909,0.023402207548514298,9.0,0.5209154860033031
0.0,AFW_diminishing,diminishing,194.0,0.005076408386230469,15.627178990024513,0.04490718979009145,9.0,0.5209059663341504
0.0,AFW_diminishing,diminishing,195.0,0.0051000118255615234,15.627468612391866,0.02184058545772416,9.0,0.5209156204130622
0.0,AFW_diminishing,diminishing,196.0,0.005125284194946289,15.62717574784207,0.04516908675591935,9.0,0.5209058582614023
0.0,AFW_diminishing,diminishing,197.0,0.005149364471435547,15.627654626997618,0.021009177609467855,9.0,0.5209218208999206
0.0,AFW_diminishing,diminishing,198.0,0.005174160003662109,15.627172735885367,0.034495862835393964,9.0,0.5209057578628455
0.0,AFW_diminishing,diminishing,199.0,0.005198240280151367,15.627468046886419,0.019665698608610782,9.0,0.5209156015628806
0.0,AFW_diminishing,diminishing,200.0,0.005222320556640625,15.627169938063558,0.04549274225245625,9.0,0.5209056646021186
0.0,AFW_diminishing,diminishing,201.0,0.005247354507446289,15.627652340996828,0.018314403430160553,9.0,0.5209217446998943
0.0,AFW_diminishing,diminishing,202.0,0.005271196365356445,15.627167427919156,0.03502887365644902,9.0,0.5209055809306385
0.0,AFW_diminishing,diminishing,203.0,0.0052983760833740234,15.62746775218342,0.01757808331546329,9.0,0.5209155917394473
0.0,AFW_diminishing,diminishing,204.0,0.005324125289916992,15.627165030506097,0.04580423283236357,9.0,0.5209055010168699
0.0,AFW_diminishing,diminishing,205.0,0.005350351333618164,15.627471438708275,0.016167203819810183,9.0,0.5209157146236092
0.0,AFW_diminishing,diminishing,206.0,0.005376100540161133,15.62716287378643,0.046041407356433695,9.0,0.5209054291262143
0.0,AFW_diminishing,diminishing,207.0,0.005403280258178711,15.627643111317788,0.015131655327989435,9.0,0.5209214370439262
0.0,AFW_diminishing,diminishing,208.0,0.005429267883300781,15.627160932766222,0.035856554560224296,9.0,0.5209053644255407
0.0,AFW_diminishing,diminishing,209.0,0.0054552555084228516,15.627471389249322,0.014201009397369901,9.0,0.5209157129749774
0.0,AFW_diminishing,diminishing,210.0,0.005481243133544922,15.627159117077639,0.04633567537329242,9.0,0.5209053039025879
0.0,AFW_diminishing,diminishing,211.0,0.0055081844329833984,15.627474895630328,0.012870391274848458,9.0,0.5209158298543443
0.0,AFW_diminishing,diminishing,212.0,0.0055332183837890625,15.627157508743982,0.04655967250354465,9.0,0.5209052502914661
0.0,AFW_diminishing,diminishing,213.0,0.005560159683227539,15.627635037312963,0.01213151237571175,9.0,0.5209211679104321
0.0,AFW_diminishing,diminishing,214.0,0.005586385726928711,15.627156055250122,0.0366394024468395,9.0,0.5209052018416708
0.0,AFW_diminishing,diminishing,215.0,0.005613088607788086,15.627330696602682,0.011015327612629022,9.0,0.5209110232200894
0.0,AFW_diminishing,diminishing,216.0,0.005639314651489258,15.627156538424087,0.04964031526440671,9.0,0.5209052179474696
0.0,AFW_diminishing,diminishing,217.0,0.0056650638580322266,15.627324510809629,0.01103621541045996,9.0,0.5209108170269876
0.0,AFW_diminishing,diminishing,218.0,0.0056912899017333984,15.627157024223735,0.04879426241995688,9.0,0.5209052341407912
0.0,AFW_diminishing,diminishing,219.0,0.0057179927825927734,15.627318540181495,0.011056746251471239,9.0,0.5209106180060499
0.0,AFW_diminishing,diminishing,220.0,0.005744218826293945,15.627157512272477,0.047963797746414016,9.0,0.5209052504090825
0.0,AFW_diminishing,diminishing,221.0,0.005770444869995117,15.627312776152458,0.011076929171913719,9.0,0.5209104258717486
0.0,AFW_diminishing,diminishing,222.0,0.005796194076538086,15.627158002218,0.047148494440749644,9.0,0.5209052667406
0.0,AFW_diminishing,diminishing,223.0,0.005823373794555664,15.62730721055997,0.01109677290694222,9.0,0.520910240351999
0.0,AFW_diminishing,diminishing,224.0,0.005849123001098633,15.627158493730716,0.046347941137591775,9.0,0.5209052831243572
0.0,AFW_diminishing,diminishing,225.0,0.00588536262512207,15.627301835622637,0.011116285902993184,9.0,0.5209100611874212
0.0,AFW_diminishing,diminishing,226.0,0.005911111831665039,15.627158986502295,0.045561741217643004,9.0,0.5209052995500765
0.0,AFW_diminishing,diminishing,227.0,0.005936145782470703,15.627296643919522,0.011135476329583227,9.0,0.5209098881306508
0.0,AFW_diminishing,diminishing,228.0,0.005962371826171875,15.627159480244355,0.04478951215289051,9.0,0.5209053160081452
0.0,AFW_diminishing,diminishing,229.0,0.0059871673583984375,15.627291628370674,0.011154352090450459,9.0,0.5209097209456891
0.0,AFW_diminishing,diminishing,230.0,0.006013393402099609,15.627159974687187,0.044030884886391064,9.0,0.5209053324895729
0.0,AFW_diminishing,diminishing,231.0,0.006038188934326172,15.627286782218919,0.011172920834308542,9.0,0.5209095594072973
0.0,AFW_diminishing,diminishing,232.0,0.006064176559448242,15.627160469578596,0.04328550324454916,9.0,0.5209053489859532
0.0,AFW_diminishing,diminishing,233.0,0.006089210510253906,15.627282099012692,0.011191189964927517,9.0,0.5209094033004231
0.0,AFW_diminishing,diminishing,234.0,0.0061151981353759766,15.627160964682815,0.04255302337991118,9.0,0.5209053654894272
0.0,AFW_diminishing,diminishing,235.0,0.006141185760498047,15.627277572589998,0.011209166650852254,9.0,0.5209092524196666
0.0,AFW_diminishing,diminishing,236.0,0.0061681270599365234,15.627161459779469,0.04183311324254291,9.0,0.5209053819926489
0.0,AFW_diminishing,diminishing,237.0,0.006192207336425781,15.627273197063271,0.011226857834630621,9.0,0.5209091065687758
0.0,AFW_diminishing,diminishing,238.0,0.006217241287231445,15.627161954662636,0.04112545207848228,9.0,0.5209053984887545
0.0,AFW_diminishing,diminishing,239.0,0.006244182586669922,15.627268966805158,0.011244270241611787,9.0,0.520908965560172
0.0,AFW_diminishing,diminishing,240.0,0.006270408630371094,15.627162449139975,0.040429729953491034,9.0,0.5209054149713325
0.0,AFW_diminishing,diminishing,241.0,0.0062961578369140625,15.62726487643515,0.011261410388316406,9.0,0.520908829214505
0.0,AFW_diminishing,diminishing,242.0,0.0063211917877197266,15.62716294303186,0.03974564730072139,9.0,0.5209054314343954
0.0,AFW_diminishing,diminishing,243.0,0.006347179412841797,15.62726092080699,0.011278284590472865,9.0,0.5209086973602329
0.0,AFW_diminishing,diminishing,244.0,0.0063741207122802734,15.627163436170632,0.03907291449087147,9.0,0.5209054478723544
0.0,AFW_diminishing,diminishing,245.0,0.006398200988769531,15.627257094996814,0.011294898970657385,9.0,0.5209085698332271
0.0,AFW_diminishing,diminishing,246.0,0.006450176239013672,15.627163928399858,0.03841125142355928,9.0,0.5209054642799953
0.0,AFW_diminishing,diminishing,247.0,0.006485462188720703,15.627253394292005,0.011311259465578871,9.0,0.5209084464764001
0.0,AFW_diminishing,diminishing,248.0,0.006525278091430664,15.627164419573651,0.03776038713869845,9.0,0.520905480652455
0.0,AFW_diminishing,diminishing,249.0,0.0065593719482421875,15.627249814180631,0.011327371833056432,9.0,0.5209083271393544
0.0,AFW_diminishing,diminishing,250.0,0.00658416748046875,15.627164909556056,0.03712005944671404,9.0,0.5209054969852018
0.0,AFW_diminishing,diminishing,251.0,0.006609201431274414,15.627246350341538,0.011343241658702041,9.0,0.5209082116780512
0.0,AFW_diminishing,diminishing,252.0,0.006635189056396484,15.627165398220406,0.03649001457658585,9.0,0.5209055132740136
0.0,AFW_diminishing,diminishing,253.0,0.006661176681518555,15.62724299863498,0.011358874362255023,9.0,0.5209080999544994
0.0,AFW_diminishing,diminishing,254.0,0.0066890716552734375,15.627165885448818,0.035870006840687196,9.0,0.5209055295149606
0.0,AFW_diminishing,diminishing,255.0,0.0067141056060791016,15.627239755093775,0.011374275203685613,9.0,0.5209079918364592
0.0,AFW_diminishing,diminishing,256.0,0.00674128532409668,15.627166371131622,0.035259798315539825,9.0,0.5209055457043874
0.0,AFW_diminishing,diminishing,257.0,0.00676727294921875,15.62723661591495,0.011389449289030296,9.0,0.520907887197165
0.0,AFW_diminishing,diminishing,258.0,0.00679326057434082,15.627166855166902,0.03465915853751511,9.0,0.5209055618388967
0.0,AFW_diminishing,diminishing,259.0,0.006818056106567383,15.627233577451852,0.011404401575942913,9.0,0.5209077859150617
0.0,AFW_diminishing,diminishing,260.0,0.006844282150268555,15.62716733746002,0.03406786421281005,9.0,0.520905577915334
0.0,AFW_diminishing,diminishing,261.0,0.0068700313568115234,15.627230636206713,0.011419136879048608,9.0,0.5209076878735571
0.0,AFW_diminishing,diminishing,262.0,0.006899356842041016,15.627167817923185,0.03348569894078146,9.0,0.5209055939307728
0.0,AFW_diminishing,diminishing,263.0,0.006923198699951172,15.627227788823577,0.011433659875027757,9.0,0.5209075929607859
0.0,AFW_diminishing,diminishing,264.0,0.0069501399993896484,15.627168296475054,0.032912452950057514,9.0,0.5209056098825018
0.0,AFW_diminishing,diminishing,265.0,0.006975412368774414,15.62722503208163,0.011447975107508057,9.0,0.5209075010693877
0.0,AFW_diminishing,diminishing,266.0,0.007001161575317383,15.62716877304034,0.03234792284659527,9.0,0.5209056257680114
0.0,AFW_diminishing,diminishing,267.0,0.007026195526123047,15.627222362888917,0.011462086991768317,9.0,0.5209074120962972
0.0,AFW_diminishing,diminishing,268.0,0.007052183151245117,15.627169247549455,0.03179191137324011,9.0,0.5209056415849819
0.0,AFW_diminishing,diminishing,269.0,0.0070781707763671875,15.627219778276336,0.011475999819190008,9.0,0.5209073259425445
0.0,AFW_diminishing,diminishing,270.0,0.007102251052856445,15.627169719938193,0.031244227179969997,9.0,0.5209056573312731
0.0,AFW_diminishing,diminishing,271.0,0.007128238677978516,15.627217275392006,0.011489717761602236,9.0,0.5209072425130669
0.0,AFW_diminishing,diminishing,272.0,0.0071523189544677734,15.627170190147382,0.03070468460448872,9.0,0.5209056730049128
0.0,AFW_diminishing,diminishing,273.0,0.007178306579589844,15.627214851495886,0.0115032448753567,9.0,0.5209071617165295
0.0,AFW_diminishing,diminishing,274.0,0.007203102111816406,15.62717065812261,0.030173103462464823,9.0,0.520905688604087
0.0,AFW_diminishing,diminishing,275.0,0.007228374481201172,15.627212503954706,0.011516585105322719,9.0,0.5209070834651569
0.0,AFW_diminishing,diminishing,276.0,0.007253408432006836,15.627171123813946,0.029649308846991573,9.0,0.5209057041271316
0.0,AFW_diminishing,diminishing,277.0,0.007279157638549805,15.627210230237152,0.011529742288649558,9.0,0.5209070076745718
0.0,AFW_diminishing,diminishing,278.0,0.0073032379150390625,15.627171587175663,0.02913313093679548,9.0,0.5209057195725221
0.0,AFW_diminishing,diminishing,279.0,0.007329225540161133,15.627208027909289,0.011542720158445263,9.0,0.520906934263643
0.0,AFW_diminishing,diminishing,280.0,0.007354259490966797,15.627172048165995,0.02862440481276529,9.0,0.5209057349388665
0.0,AFW_diminishing,diminishing,281.0,0.007379293441772461,15.627205894630226,0.01155552234722812,9.0,0.5209068631543409
0.0,AFW_diminishing,diminishing,282.0,0.0074040889739990234,15.627172506746911,0.028122970282341342,9.0,0.520905750224897
0.0,AFW_diminishing,diminishing,283.0,0.007430315017700195,15.627203828148007,0.011568152390307063,9.0,0.5209067942716002
0.0,AFW_diminishing,diminishing,284.0,0.007455348968505859,15.627172962883893,0.02762867171141714,9.0,0.5209057654294631
0.0,AFW_diminishing,diminishing,285.0,0.007480144500732422,15.627201826295698,0.011580613728987998,9.0,0.5209067275431899
0.0,AFW_diminishing,diminishing,286.0,0.007506370544433594,15.627173416545725,0.027141357863341042,9.0,0.5209057805515241
0.0,AFW_diminishing,diminishing,287.0,0.0075321197509765625,15.627199886987682,0.011592909713703747,9.0,0.5209066628995894
0.0,AFW_diminishing,diminishing,288.0,0.0075571537017822266,15.627173867704307,0.02666088174471959,9.0,0.5209057955901436
0.0,AFW_diminishing,diminishing,289.0,0.007580280303955078,15.627198008216116,0.011605043606932597,9.0,0.5209066002738705
0.0,AFW_diminishing,diminishing,290.0,0.007607221603393555,15.62717431633446,0.026187100457661927,9.0,0.5209058105444819
0.0,AFW_diminishing,diminishing,291.0,0.0076313018798828125,15.627196188047593,0.011617018586102645,9.0,0.5209065396015864
0.0,AFW_diminishing,diminishing,292.0,0.00765538215637207,15.627174762413773,0.025719875058117125,9.0,0.5209058254137925
0.0,AFW_diminishing,diminishing,293.0,0.007680177688598633,15.627194424619955,0.011628837746309628,9.0,0.5209064808206652
0.0,AFW_diminishing,diminishing,294.0,0.007704257965087891,15.627175205922407,0.025259070420101892,9.0,0.5209058401974136
0.0,AFW_diminishing,diminishing,295.0,0.0077283382415771484,15.62719271613925,0.011640504103002769,9.0,0.5209064238713084
0.0,AFW_diminishing,diminishing,296.0,0.007754325866699219,15.62717564684298,0.024804555105452764,9.0,0.520905854894766
0.0,AFW_diminishing,diminishing,297.0,0.0077800750732421875,15.627191060876857,0.011652020594441481,9.0,0.5209063686958952
0.0,AFW_diminishing,diminishing,298.0,0.007804155349731445,15.627176085160404,0.02435620123887894,9.0,0.5209058695053468
0.0,AFW_diminishing,diminishing,299.0,0.007828235626220703,15.627189457166736,0.011663390084242664,9.0,0.5209063152388912
0.0,AFW_diminishing,diminishing,300.0,0.00785207748413086,15.627176520861743,0.023913884388067075,9.0,0.5209058840287247
0.0,AFW_diminishing,diminishing,301.0,0.007877111434936523,15.627187903402806,0.011674615363670426,9.0,0.5209062634467602
0.0,AFW_diminishing,diminishing,302.0,0.007901191711425781,15.627176953936097,0.023477483448589354,9.0,0.5209058984645366
0.0,AFW_diminishing,diminishing,303.0,0.007927179336547852,15.627186398036473,0.011685699153895612,9.0,0.5209062132678824
0.0,AFW_diminishing,diminishing,304.0,0.007952213287353516,15.627177384374468,0.023046880533408753,9.0,0.5209059128124822
0.0,AFW_diminishing,diminishing,305.0,0.007976293563842773,15.627184939574244,0.011696644108230458,9.0,0.5209061646524747
0.0,AFW_diminishing,diminishing,306.0,0.008002042770385742,15.627177812169666,0.022621960866725743,9.0,0.5209059270723222
0.0,AFW_diminishing,diminishing,307.0,0.008026123046875,15.62718352657546,0.011707452814155417,9.0,0.5209061175525153
0.0,AFW_diminishing,diminishing,308.0,0.008053302764892578,15.627178237316171,0.022202612682026057,9.0,0.5209059412438724
0.0,AFW_diminishing,diminishing,309.0,0.008080244064331055,15.627182157650164,0.011718127795409927,9.0,0.5209060719216722
0.0,AFW_diminishing,diminishing,310.0,0.008106231689453125,15.627178659810067,0.02178872712414126,9.0,0.5209059553270022
0.0,AFW_diminishing,diminishing,311.0,0.008131265640258789,15.627180831457029,0.011728671513894895,9.0,0.5209060277152343
0.0,AFW_diminishing,diminishing,312.0,0.008155345916748047,15.627179079648906,0.021380198155025454,9.0,0.5209059693216302
0.0,AFW_diminishing,diminishing,313.0,0.008180379867553711,15.627179546701395,0.011739086371562735,9.0,0.5209059848900465
0.0,AFW_diminishing,diminishing,314.0,0.008204221725463867,15.627179496831658,0.02097692246324634,9.0,0.520905983227722
0.0,AFW_diminishing,diminishing,315.0,0.008230209350585938,15.627178302133416,0.011749374712239913,9.0,0.5209059434044472
0.0,AFW_diminishing,diminishing,316.0,0.008254289627075195,15.627179911358592,0.020578799376908208,9.0,0.5209059970452864
0.0,AFW_diminishing,diminishing,317.0,0.008278131484985352,15.627177096546262,0.011759538823355342,9.0,0.5209059032182087
0.0,AFW_diminishing,diminishing,318.0,0.008303165435791016,15.627180323231212,0.020185730779887834,9.0,0.5209060107743737
0.0,AFW_diminishing,diminishing,319.0,0.008327245712280273,15.627175928774411,0.01176958093763325,9.0,0.5209058642924804
0.0,AFW_diminishing,diminishing,320.0,0.008355140686035156,15.62718073245218,0.019797621031266033,9.0,0.5209060244150726
0.0,AFW_diminishing,diminishing,321.0,0.008381366729736328,15.627174797692028,0.01177950323470256,9.0,0.5209058265897343
0.0,AFW_diminishing,diminishing,322.0,0.008408069610595703,15.627181139025238,0.01941437688773462,9.0,0.5209060379675079
0.0,AFW_diminishing,diminishing,323.0,0.008432149887084961,15.627173702211431,0.011789307842668961,9.0,0.5209057900737144
0.0,AFW_diminishing,diminishing,324.0,0.008456230163574219,15.62718154295514,0.019035907428982313,9.0,0.520906051431838
0.0,AFW_diminishing,diminishing,325.0,0.008484125137329102,15.627172641281566,0.011798996839651466,9.0,0.5209057547093855
0.0,AFW_diminishing,diminishing,326.0,0.008510351181030273,15.627181944247594,0.018662123985778933,9.0,0.5209060648082532
0.0,AFW_diminishing,diminishing,327.0,0.008535146713256836,15.627171613886615,0.0118085722551875,9.0,0.5209057204628872
0.0,AFW_diminishing,diminishing,328.0,0.008559226989746094,15.627182342909197,0.018292940070748998,9.0,0.5209060780969732
0.0,AFW_diminishing,diminishing,329.0,0.008585214614868164,15.627170619044644,0.011818036071680638,9.0,0.5209056873014881
0.0,AFW_diminishing,diminishing,330.0,0.0086212158203125,15.627182738947381,0.017928271311667743,9.0,0.520906091298246
0.0,AFW_diminishing,diminishing,331.0,0.008645296096801758,15.62716965580628,0.011827390225747081,9.0,0.5209056551935427
0.0,AFW_diminishing,diminishing,332.0,0.008670330047607422,15.627183132370346,0.017568035387213854,9.0,0.5209061044123449
0.0,AFW_diminishing,diminishing,333.0,0.008694171905517578,15.627168723253495,0.011836636609524831,9.0,0.5209056241084499
0.0,AFW_diminishing,diminishing,334.0,0.008721351623535156,15.627183523187021,0.017212151965029676,9.0,0.5209061174395674
0.0,AFW_diminishing,diminishing,335.0,0.008745193481445312,15.627167820498407,0.011845777071943786,9.0,0.5209055940166135
0.0,AFW_diminishing,diminishing,336.0,0.008769035339355469,15.627235376031937,0.01692694122556837,9.0,0.5209078458677312
0.0,AFW_diminishing,diminishing,337.0,0.008794307708740234,15.627166947266439,0.016891972977061798,9.0,0.5209055649088813
0.0,AFW_diminishing,diminishing,338.0,0.008818387985229492,15.627198567299633,0.01668043751807957,9.0,0.5209066189099878
0.0,AFW_diminishing,diminishing,339.0,0.008844137191772461,15.627167238798934,0.027748086276885076,9.0,0.5209055746266311
0.0,AFW_diminishing,diminishing,340.0,0.008868217468261719,15.627197149820736,0.01675152924384804,9.0,0.5209065716606912
0.0,AFW_diminishing,diminishing,341.0,0.008892297744750977,15.62716752913961,0.027353581069608168,9.0,0.5209055843046537
0.0,AFW_diminishing,diminishing,342.0,0.00891733169555664,15.627195768744006,0.016821796327549876,9.0,0.5209065256248002
0.0,AFW_diminishing,diminishing,343.0,0.008941173553466797,15.627167818271015,0.026963716249753134,9.0,0.5209055939423671
0.0,AFW_diminishing,diminishing,344.0,0.008967161178588867,15.627194423092766,0.01689125303443184,9.0,0.5209064807697589
0.0,AFW_diminishing,diminishing,345.0,0.008991241455078125,15.627168106176988,0.026578410427744004,9.0,0.520905603539233
0.0,AFW_diminishing,diminishing,346.0,0.009015083312988281,15.627193111920747,0.01695991330259794,9.0,0.5209064370640248
0.0,AFW_diminishing,diminishing,347.0,0.009040117263793945,15.62716839284256,0.026197584106171234,9.0,0.520905613094752
0.0,AFW_diminishing,diminishing,348.0,0.009064197540283203,15.627191834310949,0.017027790752367267,9.0,0.5209063944770317
0.0,AFW_diminishing,diminishing,349.0,0.009090185165405273,15.627168678253932,0.025821159625127876,9.0,0.5209056226084644
0.0,AFW_diminishing,diminishing,350.0,0.009114265441894531,15.62719058937465,0.017094898695242833,9.0,0.520906352979155
0.0,AFW_diminishing,diminishing,351.0,0.009138345718383789,15.627168962398416,0.025449061109437565,9.0,0.5209056320799472
0.0,AFW_diminishing,diminishing,352.0,0.009164094924926758,15.627189376250342,0.017161250142629925,9.0,0.5209063125416781
0.0,AFW_diminishing,diminishing,353.0,0.00919032096862793,15.627169245264355,0.02508121441765887,9.0,0.5209056415088118
0.0,AFW_diminishing,diminishing,354.0,0.009216070175170898,15.62718819410281,0.017226857814245378,9.0,0.5209062731367603
0.0,AFW_diminishing,diminishing,355.0,0.009241104125976562,15.627169526841103,0.02471754709287488,9.0,0.5209056508947034
0.0,AFW_diminishing,diminishing,356.0,0.009267330169677734,15.627187042122179,0.01729173414624796,9.0,0.5209062347374059
0.0,AFW_diminishing,diminishing,357.0,0.00929117202758789,15.627169807118953,0.02435798831510283,9.0,0.5209056602372985
0.0,AFW_diminishing,diminishing,358.0,0.009315252304077148,15.627185919523024,0.01735589129907744,9.0,0.5209061973174341
0.0,AFW_diminishing,diminishing,359.0,0.009340286254882812,15.627170086089107,0.0240024688553504,9.0,0.5209056695363036
0.0,AFW_diminishing,diminishing,360.0,0.00936436653137207,15.627184825543534,0.017419341165080482,9.0,0.5209061608514511
0.0,AFW_diminishing,diminishing,361.0,0.009390115737915039,15.62717036374363,0.02365092103117661,9.0,0.5209056787914543
0.0,AFW_diminishing,diminishing,362.0,0.009414196014404297,15.627183759444682,0.01748209537583989,9.0,0.5209061253148227
0.0,AFW_diminishing,diminishing,363.0,0.009438276290893555,15.627170640075397,0.023303278663755478,9.0,0.5209056880025132
0.0,AFW_diminishing,diminishing,364.0,0.009463071823120117,15.627182720509424,0.01754416530930314,9.0,0.5209060906836475
0.0,AFW_diminishing,diminishing,365.0,0.009487152099609375,15.627170915078072,0.022959477036353704,9.0,0.520905697169269
0.0,AFW_diminishing,diminishing,366.0,0.009513378143310547,15.62718170804197,0.01760556209660713,9.0,0.5209060569347324
0.0,AFW_diminishing,diminishing,367.0,0.009537220001220703,15.627171188746049,0.022619452854161892,9.0,0.520905706291535
0.0,AFW_diminishing,diminishing,368.0,0.009561300277709961,15.627180721367036,0.01766629662881769,9.0,0.5209060240455679
0.0,AFW_diminishing,diminishing,369.0,0.009586334228515625,15.627171461074434,0.022283144205490046,9.0,0.5209057153691478
0.0,AFW_diminishing,diminishing,370.0,0.009610414505004883,15.627179759829145,0.01772637956327827,9.0,0.5209059919943049
0.0,AFW_diminishing,diminishing,371.0,0.009636163711547852,15.627171732058994,0.02195049052415854,9.0,0.5209057244019665
0.0,AFW_diminishing,diminishing,372.0,0.009661197662353516,15.627178822791974,0.017785821329907137,9.0,0.5209059607597325
0.0,AFW_diminishing,diminishing,373.0,0.009685277938842773,15.627172001696147,0.02162143255317517,9.0,0.5209057333898716
0.0,AFW_diminishing,diminishing,374.0,0.00970911979675293,15.627177909637698,0.017844632137212102,9.0,0.5209059303212566
0.0,AFW_diminishing,diminishing,375.0,0.009734153747558594,15.627172269982909,0.021295912309533094,9.0,0.5209057423327637
0.0,AFW_diminishing,diminishing,376.0,0.009760379791259766,15.627177019766355,0.017902821978124095,9.0,0.5209059006588785
0.0,AFW_diminishing,diminishing,377.0,0.009784221649169922,15.627172536916863,0.020973873050177616,9.0,0.520905751230562
0.0,AFW_diminishing,diminishing,378.0,0.00980830192565918,15.62717615259528,0.017960400635676166,9.0,0.520905871753176
0.0,AFW_diminishing,diminishing,379.0,0.009833335876464844,15.627172802496156,0.020655259239021007,9.0,0.5209057600832052
0.0,AFW_diminishing,diminishing,380.0,0.009857177734375,15.627175307558497,0.018017377688471115,9.0,0.5209058435852832
0.0,AFW_diminishing,diminishing,381.0,0.00988316535949707,15.627173066719447,0.020340016515032033,9.0,0.5209057688906482
0.0,AFW_diminishing,diminishing,382.0,0.009907245635986328,15.627174484106206,0.018073762516008784,9.0,0.5209058161368735
0.0,AFW_diminishing,diminishing,383.0,0.009931087493896484,15.627221777814135,0.0200280916613238,9.0,0.5209073925938045
0.0,AFW_diminishing,diminishing,384.0,0.009955167770385742,15.627174755126898,0.038469517911565276,9.0,0.5209058251708966
0.0,AFW_diminishing,diminishing,385.0,0.009979248046875,15.627220241819588,0.020072416677702876,9.0,0.5209073413939863
0.0,AFW_diminishing,diminishing,386.0,0.01000523567199707,15.627175025356042,0.038012267979643966,9.0,0.5209058341785348
0.0,AFW_diminishing,diminishing,387.0,0.010030269622802734,15.627218739682284,0.020116288740096522,9.0,0.5209072913227428
0.0,AFW_diminishing,diminishing,388.0,0.010053157806396484,15.627175294775157,0.037559768009058914,9.0,0.5209058431591719
0.0,AFW_diminishing,diminishing,389.0,0.010078191757202148,15.627217270605504,0.020159714755724423,9.0,0.5209072423535168
0.0,AFW_diminishing,diminishing,390.0,0.010102033615112305,15.627175563366771,0.03711194437177845,9.0,0.5209058521122257
0.0,AFW_diminishing,diminishing,391.0,0.010128259658813477,15.627215833814386,0.020202701492097574,9.0,0.5209071944604795
0.0,AFW_diminishing,diminishing,392.0,0.010152339935302734,15.627175831114373,0.03666872495362661,9.0,0.5209058610371458
0.0,AFW_diminishing,diminishing,393.0,0.01017618179321289,15.627214428555229,0.020245255580514154,9.0,0.5209071476185076
0.0,AFW_diminishing,diminishing,394.0,0.010201215744018555,15.627176098002373,0.0362300391154875,9.0,0.5209058699334125
0.0,AFW_diminishing,diminishing,395.0,0.010225296020507812,15.627213054094826,0.02028738351948256,9.0,0.5209071018031609
0.0,AFW_diminishing,diminishing,396.0,0.010250329971313477,15.627176364016039,0.035795817655870366,9.0,0.5209058788005346
0.0,AFW_diminishing,diminishing,397.0,0.010275125503540039,15.627211709719818,0.020329091678014777,9.0,0.5209070569906606
0.0,AFW_diminishing,diminishing,398.0,0.010299205780029297,15.627176629141523,0.03536599277446939,9.0,0.5209058876380508
0.0,AFW_diminishing,diminishing,399.0,0.010325431823730469,15.627210394736068,0.02037038629885224,9.0,0.5209070131578689
0.0,AFW_diminishing,diminishing,400.0,0.010350227355957031,15.627176893365752,0.03494049803689592,9.0,0.5209058964455251
0.0,AFW_diminishing,diminishing,401.0,0.010376214981079102,15.627209108468062,0.02041127350157268,9.0,0.5209069702822687
0.0,AFW_diminishing,diminishing,402.0,0.010399341583251953,15.62717715667645,0.03451926834046226,9.0,0.5209059052225483
0.0,AFW_diminishing,diminishing,403.0,0.01042318344116211,15.62720785025833,0.020451759285597504,9.0,0.5209069283419443
0.0,AFW_diminishing,diminishing,404.0,0.010448217391967773,15.627177419062077,0.03410223988097272,9.0,0.5209059139687359
0.0,AFW_diminishing,diminishing,405.0,0.010473251342773438,15.627206619466882,0.0204918495331583,9.0,0.5209068873155628
0.0,AFW_diminishing,diminishing,406.0,0.010500192642211914,15.62717768051182,0.0336893501205342,9.0,0.5209059226837274
0.0,AFW_diminishing,diminishing,407.0,0.010526418685913086,15.627205415470687,0.020531550012112376,9.0,0.5209068471823562
0.0,AFW_diminishing,diminishing,408.0,0.010552167892456055,15.627177941015534,0.03328053775624085,9.0,0.5209059313671844
0.0,AFW_diminishing,diminishing,409.0,0.010577201843261719,15.627204237663122,0.020570866378724517,9.0,0.5209068079221041
0.0,AFW_diminishing,diminishing,410.0,0.01060032844543457,15.627178200563744,0.032875742689910226,9.0,0.5209059400187914
0.0,AFW_diminishing,diminishing,411.0,0.010625123977661133,15.62720308545349,0.02060980418035463,9.0,0.5209067695151163
0.0,AFW_diminishing,diminishing,412.0,0.01064920425415039,15.627178459147597,0.03247490599859759,9.0,0.5209059486382532
0.0,AFW_diminishing,diminishing,413.0,0.010675191879272461,15.62720195826655,0.02064836885805832,9.0,0.5209067319422184
0.0,AFW_diminishing,diminishing,414.0,0.010700225830078125,15.627178716758856,0.03207796990601253,9.0,0.5209059572252952
0.0,AFW_diminishing,diminishing,415.0,0.010724306106567383,15.627200855542013,0.020686565749127084,9.0,0.5209066951847338
0.0,AFW_diminishing,diminishing,416.0,0.010749340057373047,15.627178973389853,0.03168487775476336,9.0,0.5209059657796618
0.0,AFW_diminishing,diminishing,417.0,0.010773420333862305,15.627199776734122,0.02072440008953791,9.0,0.5209066592244708
0.0,AFW_diminishing,diminishing,418.0,0.010799169540405273,15.627179229033478,0.03129557397940985,9.0,0.520905974301116
0.0,AFW_diminishing,diminishing,419.0,0.010823249816894531,15.627198721311203,0.02076187701636556,9.0,0.5209066240437068
0.0,AFW_diminishing,diminishing,420.0,0.010847330093383789,15.62717948368316,0.030910004080283215,9.0,0.5209059827894387
0.0,AFW_diminishing,diminishing,421.0,0.010873079299926758,15.627197688755242,0.020799001570091846,9.0,0.5209065896251748
0.0,AFW_diminishing,diminishing,422.0,0.01089930534362793,15.62717973733283,0.030528114598025624,9.0,0.5209059912444276
0.0,AFW_diminishing,diminishing,423.0,0.010924100875854492,15.627196678561484,0.020835778696875806,9.0,0.5209065559520495
0.0,AFW_diminishing,diminishing,424.0,0.010947227478027344,15.627179989976916,0.03014985308898055,9.0,0.5209059996658972
0.0,AFW_diminishing,diminishing,425.0,0.010971307754516602,15.627195690238047,0.02087221325073152,9.0,0.5209065230079349
0.0,AFW_diminishing,diminishing,426.0,0.010996341705322266,15.627180241610315,0.029775168101043192,9.0,0.5209060080536771
0.0,AFW_diminishing,diminishing,427.0,0.011020183563232422,15.627194723305523,0.020908309995675722,9.0,0.5209064907768508
0.0,AFW_diminishing,diminishing,428.0,0.011046171188354492,15.62718049222837,0.029404009150454158,9.0,0.5209060164076124
0.0,AFW_diminishing,diminishing,429.0,0.011071443557739258,15.627193777296636,0.020944073607820357,9.0,0.5209064592432212
0.0,AFW_diminishing,diminishing,430.0,0.011095046997070312,15.62718074182686,0.029036326699095838,9.0,0.520906024727562
0.0,AFW_diminishing,diminishing,431.0,0.01111912727355957,15.627192851755858,0.020979508677360315,9.0,0.520906428391862
0.0,AFW_diminishing,diminishing,432.0,0.011143207550048828,15.627180990401985,0.028672072132426507,9.0,0.5209060330133995
0.0,AFW_diminishing,diminishing,433.0,0.011169195175170898,15.627191946239098,0.02101461971054519,9.0,0.5209063982079699
0.0,AFW_diminishing,diminishing,434.0,0.011194229125976562,15.627181237950326,0.028311197738075222,9.0,0.5209060412650108
0.0,AFW_diminishing,diminishing,435.0,0.01121830940246582,15.627191060313349,0.021049411131610185,9.0,0.5209063686771116
0.0,AFW_diminishing,diminishing,436.0,0.011242389678955078,15.627181484468858,0.02795365668502292,9.0,0.5209060494822952
0.0,AFW_diminishing,diminishing,437.0,0.01126718521118164,15.627190193556386,0.021083887284609304,9.0,0.5209063397852128
0.0,AFW_diminishing,diminishing,438.0,0.011292219161987305,15.627181729954913,0.027599403003341294,9.0,0.5209060576651637
0.0,AFW_diminishing,diminishing,439.0,0.011316299438476562,15.627189345556431,0.021118052435234347,9.0,0.5209063115185477
0.0,AFW_diminishing,diminishing,440.0,0.011340141296386719,15.62718197440617,0.02724839156447878,9.0,0.520906065813539
0.0,AFW_diminishing,diminishing,441.0,0.011365175247192383,15.627188515911874,0.021151910772580607,9.0,0.5209062838637292
0.0,AFW_diminishing,diminishing,442.0,0.01138925552368164,15.627182217820653,0.026900578062099,9.0,0.5209060739273551
0.0,AFW_diminishing,diminishing,443.0,0.011415243148803711,15.62718770423098,0.02118546641082908,9.0,0.5209062568076993
0.0,AFW_diminishing,diminishing,444.0,0.011439085006713867,15.627182460196698,0.026555918993473426,9.0,0.5209060820065566
0.0,AFW_diminishing,diminishing,445.0,0.011463165283203125,15.62718691013161,0.02121872339095887,9.0,0.5209062303377203
0.0,AFW_diminishing,diminishing,446.0,0.01148843765258789,15.627182701532954,0.026214371641316347,9.0,0.5209060900510984
0.0,AFW_diminishing,diminishing,447.0,0.011512041091918945,15.627186133240935,0.021251685682321053,9.0,0.5209062044413645
0.0,AFW_diminishing,diminishing,448.0,0.011538267135620117,15.627182941828357,0.025875894056143878,9.0,0.5209060980609452
0.0,AFW_diminishing,diminishing,449.0,0.011562347412109375,15.627185373195196,0.0212843571842658,9.0,0.5209061791065065
0.0,AFW_diminishing,diminishing,450.0,0.011586189270019531,15.627183181082128,0.025540445039091253,9.0,0.5209061060360709
0.0,AFW_diminishing,diminishing,451.0,0.011611223220825195,15.627184629639435,0.021316741727629207,9.0,0.5209061543213145
0.0,AFW_diminishing,diminishing,452.0,0.011635303497314453,15.627183419293766,0.025207984125229288,9.0,0.5209061139764589
0.0,AFW_diminishing,diminishing,453.0,0.011661052703857422,15.627183902227248,0.02134884307626983,9.0,0.5209061300742416
0.0,AFW_diminishing,diminishing,454.0,0.01168513298034668,15.627183656463016,0.024878471567264526,9.0,0.5209061218821005
0.0,AFW_diminishing,diminishing,455.0,0.011709213256835938,15.627183190620565,0.02138066492850399,9.0,0.5209061063540188
0.0,AFW_diminishing,diminishing,456.0,0.0117340087890625,15.627183892589873,0.024551868319720782,9.0,0.5209061297529958
0.0,AFW_diminishing,diminishing,457.0,0.011758089065551758,15.627182494489393,0.021412210918546393,9.0,0.5209060831496465
0.0,AFW_diminishing,diminishing,458.0,0.01178431510925293,15.627184127674573,0.02422813602348839,9.0,0.5209061375891524
0.0,AFW_diminishing,diminishing,459.0,0.011809110641479492,15.62718181351161,0.021443484617874375,9.0,0.520906060450387
0.0,AFW_diminishing,diminishing,460.0,0.01183319091796875,15.627184361717578,0.023907236990867275,9.0,0.520906145390586
0.0,AFW_diminishing,diminishing,461.0,0.011857271194458008,15.62718114737275,0.021474489536576158,9.0,0.5209060382457583
0.0,AFW_diminishing,diminishing,462.0,0.011881351470947266,15.627184594719559,0.023589134190869387,9.0,0.5209061531573186
0.0,AFW_diminishing,diminishing,463.0,0.011907100677490234,15.627180495765792,0.021505229124676006,9.0,0.5209060165255264
0.0,AFW_diminishing,diminishing,464.0,0.011932373046875,15.627184826681404,0.023273791235025598,9.0,0.5209061608893801
0.0,AFW_diminishing,diminishing,465.0,0.011956214904785156,15.627179858390937,0.021535706773414987,9.0,0.5209059952796979
0.0,AFW_diminishing,diminishing,466.0,0.01198124885559082,15.62718505760419,0.022961172363501703,9.0,0.5209061685868064
0.0,AFW_diminishing,diminishing,467.0,0.012005329132080078,15.627179234955452,0.021565925816473097,9.0,0.5209059744985151
0.0,AFW_diminishing,diminishing,468.0,0.012031316757202148,15.627185287489198,0.022651242431583896,9.0,0.52090617624964
0.0,AFW_diminishing,diminishing,469.0,0.012055158615112305,15.627178625173435,0.021595889531216272,9.0,0.5209059541724479
0.0,AFW_diminishing,diminishing,470.0,0.012079238891601562,15.627185516337867,0.022343966896482215,9.0,0.5209061838779289
0.0,AFW_diminishing,diminishing,471.0,0.012104272842407227,15.627178028765668,0.021625601139865225,9.0,0.5209059342921889
0.0,AFW_diminishing,diminishing,472.0,0.012128353118896484,15.627185744151827,0.022039311804544326,9.0,0.5209061914717276
0.0,AFW_diminishing,diminishing,473.0,0.012154102325439453,15.627177445459404,0.021655063810644748,9.0,0.5209059148486468
0.0,AFW_diminishing,diminishing,474.0,0.012178182601928711,15.62718597093287,0.02173724377872155,9.0,0.5209061990310957
0.0,AFW_diminishing,diminishing,475.0,0.012202262878417969,15.627176874988232,0.021684280658925914,9.0,0.520905895832941
0.0,AFW_diminishing,diminishing,476.0,0.012227058410644531,15.62718619668294,0.021437730006374167,9.0,0.520906206556098
0.0,AFW_diminishing,diminishing,477.0,0.012251138687133789,15.627176317091871,0.0217132547483061,9.0,0.5209058772363957
0.0,AFW_diminishing,diminishing,478.0,0.012277364730834961,15.627186421404138,0.021140738227414246,9.0,0.5209062140468046
0.0,AFW_diminishing,diminishing,479.0,0.012301206588745117,15.627175771516027,0.02174198909169256,9.0,0.5209058590505342
0.0,AFW_diminishing,diminishing,480.0,0.012331008911132812,15.627186645098696,0.02084623672272734,9.0,0.5209062215032899
0.0,AFW_diminishing,diminishing,481.0,0.012357234954833984,15.627175238012244,0.021770486652346932,9.0,0.5209058412670748
0.0,AFW_diminishing,diminishing,482.0,0.012382268905639648,15.627186867769005,0.020554194302823348,9.0,0.5209062289256335
0.0,AFW_diminishing,diminishing,483.0,0.012406110763549805,15.62717471633772,0.021798750344888873,9.0,0.520905823877924
0.0,AFW_diminishing,diminishing,484.0,0.012430191040039062,15.627187089417564,0.020264580296920798,9.0,0.5209062363139189
0.0,AFW_diminishing,diminishing,485.0,0.012456178665161133,15.627174206255189,0.021826783036306807,9.0,0.520905806875173
0.0,AFW_diminishing,diminishing,486.0,0.012481212615966797,15.62718731004701,0.019977364542141274,9.0,0.5209062436682337
0.0,AFW_diminishing,diminishing,487.0,0.012506246566772461,15.627173707532757,0.021854587546920712,9.0,0.5209057902510918
0.0,AFW_diminishing,diminishing,488.0,0.012530326843261719,15.627187529660095,0.019692517373052,9.0,0.5209062509886698
0.0,AFW_diminishing,diminishing,489.0,0.012557268142700195,15.627173219943774,0.02188216665132714,9.0,0.5209057739981258
0.0,AFW_diminishing,diminishing,490.0,0.01258230209350586,15.627165501280135,0.019410009611469548,9.0,0.5209055167093378
0.0,AFW_diminishing,diminishing,491.0,0.012607336044311523,15.62717338040464,0.01569076582543616,9.0,0.5209057793468214
0.0,AFW_diminishing,diminishing,492.0,0.012632131576538086,15.627165117354169,0.019432967972534243,9.0,0.5209055039118057
0.0,AFW_diminishing,diminishing,493.0,0.012656211853027344,15.627173540148013,0.015476218909887152,9.0,0.5209057846716004
0.0,AFW_diminishing,diminishing,494.0,0.012680292129516602,15.62716474174312,0.019455741969819584,9.0,0.5209054913914374
0.0,AFW_diminishing,diminishing,495.0,0.01270604133605957,15.6271736991756,0.015263416131764629,9.0,0.52090578997252
0.0,AFW_diminishing,diminishing,496.0,0.012731313705444336,15.627164374283938,0.019478333815120763,9.0,0.520905479142798
0.0,AFW_diminishing,diminishing,497.0,0.01275634765625,15.62717385748918,0.015052336309738124,9.0,0.5209057952496393
0.0,AFW_diminishing,diminishing,498.0,0.012778282165527344,15.627164014817183,0.01950074568498472,9.0,0.5209054671605727
0.0,AFW_diminishing,diminishing,499.0,0.0128021240234375,15.627174015090612,0.01484295860404572,9.0,0.5209058005030204
0.0,AFW_diminishing,diminishing,500.0,0.012826204299926758,15.627163663186934,0.019522979721434908,9.0,0.5209054554395645
0.0,AFW_diminishing,diminishing,501.0,0.01285243034362793,15.627174171981837,0.014635262509674618,9.0,0.5209058057327279
0.0,AFW_diminishing,diminishing,502.0,0.012877225875854492,15.62716331924071,0.019545038032637407,9.0,0.5209054439746903
0.0,AFW_diminishing,diminishing,503.0,0.012903213500976562,15.627174328164868,0.014429227849625192,9.0,0.5209058109388289
0.0,AFW_diminishing,diminishing,504.0,0.01292729377746582,15.62716298282937,0.019566922693543987,9.0,0.520905432760979
0.0,AFW_diminishing,diminishing,505.0,0.01295328140258789,15.627174483641781,0.01422483476838643,9.0,0.5209058161213928
0.0,AFW_diminishing,diminishing,506.0,0.012978315353393555,15.627162653807039,0.019588635746606187,9.0,0.5209054217935679
0.0,AFW_diminishing,diminishing,507.0,0.013003110885620117,15.62717463841472,0.014022063725599665,9.0,0.5209058212804907
0.0,AFW_diminishing,diminishing,508.0,0.013028144836425781,15.627162332031022,0.01961017920234731,9.0,0.5209054110677007
0.0,AFW_diminishing,diminishing,509.0,0.013053178787231445,15.627174792485906,0.013820895489763174,9.0,0.5209058264161969
0.0,AFW_diminishing,diminishing,510.0,0.013079166412353516,15.627162017361725,0.019631555040007242,9.0,0.5209054005787241
0.0,AFW_diminishing,diminishing,511.0,0.01310420036315918,15.627174945857597,0.013621311132219205,9.0,0.5209058315285866
0.0,AFW_diminishing,diminishing,512.0,0.013129234313964844,15.627161709662582,0.019652765208157064,9.0,0.520905390322086
0.0,AFW_diminishing,diminishing,513.0,0.013153076171875,15.627175098532124,0.013423292021156996,9.0,0.5209058366177375
0.0,AFW_diminishing,diminishing,514.0,0.013177156448364258,15.627161408799966,0.01967381162527282,9.0,0.5209053802933322
0.0,AFW_diminishing,diminishing,515.0,0.013201236724853516,15.627175250511865,0.013226819815882251,9.0,0.5209058416837288
0.0,AFW_diminishing,diminishing,516.0,0.013225317001342773,15.627161114643135,0.019694696180335924,9.0,0.5209053704881045
0.0,AFW_diminishing,diminishing,517.0,0.01324915885925293,15.627175401799246,0.013031876461093717,9.0,0.5209058467266415
0.0,AFW_diminishing,diminishing,518.0,0.01327204704284668,15.627160827064142,0.019715420733380284,9.0,0.520905360902138
0.0,AFW_diminishing,diminishing,519.0,0.013295173645019531,15.627175552396752,0.012838444181367592,9.0,0.5209058517465583
0.0,AFW_diminishing,diminishing,520.0,0.013320207595825195,15.627160545937786,0.01973598711605007,9.0,0.5209053515312595
0.0,AFW_diminishing,diminishing,521.0,0.013348102569580078,15.6271757023069,0.012646505475798264,9.0,0.5209058567435634
0.0,AFW_diminishing,diminishing,522.0,0.013372182846069336,15.62716027114153,0.019756397132130843,9.0,0.5209053423713843
0.0,AFW_diminishing,diminishing,523.0,0.013398170471191406,15.627175851532266,0.012456043112669235,9.0,0.5209058617177422
0.0,AFW_diminishing,diminishing,524.0,0.013424158096313477,15.627160002555437,0.019776652558102015,9.0,0.5209053334185145
0.0,AFW_diminishing,diminishing,525.0,0.013449430465698242,15.627176000075455,0.012267040124312345,9.0,0.5209058666691818
0.0,AFW_diminishing,diminishing,526.0,0.013474225997924805,15.627159740062117,0.019796755143630662,9.0,0.5209053246687373
0.0,AFW_diminishing,diminishing,527.0,0.013499259948730469,15.627176147939108,0.012079479802078907,9.0,0.5209058715979703
0.0,AFW_diminishing,diminishing,528.0,0.013525247573852539,15.627159483546654,0.019816706612072466,9.0,0.5209053161182218
0.0,AFW_diminishing,diminishing,529.0,0.013550281524658203,15.627176295125919,0.01189334569139966,9.0,0.5209058765041973
0.0,AFW_diminishing,diminishing,530.0,0.013575315475463867,15.627159232896554,0.019836508660970864,9.0,0.5209053077632185
0.0,AFW_diminishing,diminishing,531.0,0.013600349426269531,15.627176441638605,0.011708621587006363,9.0,0.5209058813879535
0.0,AFW_diminishing,diminishing,532.0,0.0136260986328125,15.62715898800168,0.019856162962554436,9.0,0.520905299600056
0.0,AFW_diminishing,diminishing,533.0,0.013651371002197266,15.627176587479909,0.011525291528185377,9.0,0.5209058862493303
0.0,AFW_diminishing,diminishing,534.0,0.013676166534423828,15.627158748754207,0.019875671164180986,9.0,0.5209052916251402
0.0,AFW_diminishing,diminishing,535.0,0.013701200485229492,15.627176732652623,0.011343339794199991,9.0,0.5209058910884208
0.0,AFW_diminishing,diminishing,536.0,0.013727426528930664,15.627158515048546,0.019895034888801177,9.0,0.5209052838349515
0.0,AFW_diminishing,diminishing,537.0,0.013752222061157227,15.627176877159547,0.011162750899822882,9.0,0.5209058959053182
0.0,AFW_diminishing,diminishing,538.0,0.01377725601196289,15.627158286781315,0.019914255735443476,9.0,0.5209052762260439
0.0,AFW_diminishing,diminishing,539.0,0.013802289962768555,15.627177021003526,0.010983509590891671,9.0,0.5209059007001176
0.0,AFW_diminishing,diminishing,540.0,0.013828277587890625,15.627158063851263,0.01993333527959784,9.0,0.5209052687950421
0.0,AFW_diminishing,diminishing,541.0,0.013853311538696289,15.62717716418741,0.010805600840052776,9.0,0.5209059054729137
0.0,AFW_diminishing,diminishing,542.0,0.013878107070922852,15.627157846159248,0.019952275073702452,9.0,0.5209052615386416
0.0,AFW_diminishing,diminishing,543.0,0.013904333114624023,15.627177306714096,0.010629009842574533,9.0,0.5209059102238032
0.0,AFW_diminishing,diminishing,544.0,0.013929367065429688,15.62715763360816,0.019971076647513186,9.0,0.5209052544536054
0.0,AFW_diminishing,diminishing,545.0,0.013955116271972656,15.627177448586483,0.010453722012165656,9.0,0.5209059149528827
0.0,AFW_diminishing,diminishing,546.0,0.013979196548461914,15.627157426102883,0.01998974150856725,9.0,0.5209052475367628
0.0,AFW_diminishing,diminishing,547.0,0.014005422592163086,15.627177589807502,0.010279722977076133,9.0,0.52090591966025
0.0,AFW_diminishing,diminishing,548.0,0.014030218124389648,15.627157223550247,0.020008271142524237,9.0,0.5209052407850082
0.0,AFW_diminishing,diminishing,549.0,0.014056205749511719,15.62717773038009,0.01010699857604358,9.0,0.520905924346003
0.0,AFW_diminishing,diminishing,550.0,0.014081001281738281,15.627157025859,0.020026667013627986,9.0,0.5209052341953
0.0,AFW_diminishing,diminishing,551.0,0.014106273651123047,15.627194546910138,0.010040273438260527,9.0,0.5209064848970046
0.0,AFW_diminishing,diminishing,552.0,0.014131307601928711,15.627156831388593,0.019973923988587217,9.0,0.5209052277129531
0.0,AFW_diminishing,diminishing,553.0,0.014156103134155273,15.627177204528746,0.009989099056520345,9.0,0.5209059068176248
0.0,AFW_diminishing,diminishing,554.0,0.014182329177856445,15.627156638802628,0.01978758970700767,9.0,0.520905221293421
0.0,AFW_diminishing,diminishing,555.0,0.01420736312866211,15.627193965452452,0.009872164165688702,9.0,0.5209064655150818
0.0,AFW_diminishing,diminishing,556.0,0.014231204986572266,15.627156450327531,0.019786964547131802,9.0,0.5209052150109177
0.0,AFW_diminishing,diminishing,557.0,0.01425623893737793,15.627176691431261,0.00987290955260356,9.0,0.5209058897143753
0.0,AFW_diminishing,diminishing,558.0,0.0142822265625,15.627156262689308,0.019551937345561043,9.0,0.5209052087563103
0.0,AFW_diminishing,diminishing,559.0,0.01430821418762207,15.62719339658426,0.009706478494042159,9.0,0.5209064465528087
0.0,AFW_diminishing,diminishing,560.0,0.014332294464111328,15.627156080013552,0.019602674162300104,9.0,0.5209052026671184
0.0,AFW_diminishing,diminishing,561.0,0.014357328414916992,15.627176190705647,0.009758393133260768,9.0,0.5209058730235215
0.0,AFW_diminishing,diminishing,562.0,0.014383316040039062,15.627155897171367,0.019319636856492295,9.0,0.5209051965723789
0.0,AFW_diminishing,diminishing,563.0,0.014408349990844727,15.627176322713899,0.009594174043472847,9.0,0.5209058774237966
0.0,AFW_diminishing,diminishing,564.0,0.014433145523071289,15.627155718690416,0.01933713252857494,9.0,0.5209051906230139
0.0,AFW_diminishing,diminishing,565.0,0.014458179473876953,15.627192102124926,0.009594502395680493,9.0,0.5209064034041642
0.0,AFW_diminishing,diminishing,566.0,0.014484405517578125,15.627155541901008,0.019222999038749577,9.0,0.5209051847300336
0.0,AFW_diminishing,diminishing,567.0,0.014509201049804688,15.627175836747847,0.009482103440824119,9.0,0.5209058612249282
0.0,AFW_diminishing,diminishing,568.0,0.014533281326293945,15.62715536797059,0.019109719472258035,9.0,0.520905178932353
0.0,AFW_diminishing,diminishing,569.0,0.014557361602783203,15.627191565984207,0.009434645456554591,9.0,0.5209063855328069
0.0,AFW_diminishing,diminishing,570.0,0.014581441879272461,15.627155196556908,0.019045143397603326,9.0,0.5209051732185636
0.0,AFW_diminishing,diminishing,571.0,0.01460409164428711,15.62717536230143,0.009371618088506395,9.0,0.5209058454100476
0.0,AFW_diminishing,diminishing,572.0,0.014628171920776367,15.627155027039393,0.01888548458864925,9.0,0.5209051675679798
0.0,AFW_diminishing,diminishing,573.0,0.014651298522949219,15.627191041196483,0.00927703644286737,9.0,0.5209063680398828
0.0,AFW_diminishing,diminishing,574.0,0.014675378799438477,15.627154860829409,0.01886976496014192,9.0,0.5209051620276469
0.0,AFW_diminishing,diminishing,575.0,0.014700174331665039,15.627174899037719,0.009262684591103465,9.0,0.520905829967924
0.0,AFW_diminishing,diminishing,576.0,0.014723062515258789,15.627154695592148,0.01866436171673236,9.0,0.5209051565197382
0.0,AFW_diminishing,diminishing,577.0,0.014747142791748047,15.627190527446695,0.009121628272737325,9.0,0.5209063509148898
0.0,AFW_diminishing,diminishing,578.0,0.014771223068237305,15.627154534420226,0.018696812330558643,9.0,0.5209051511473409
0.0,AFW_diminishing,diminishing,579.0,0.014796018600463867,15.627174446631702,0.009155270484603406,9.0,0.5209058148877234
0.0,AFW_diminishing,diminishing,580.0,0.014822244644165039,15.627154373335333,0.01844628651920921,9.0,0.5209051457778444
0.0,AFW_diminishing,diminishing,581.0,0.014847993850708008,15.627174568517736,0.009001092540186661,9.0,0.5209058189505912
0.0,AFW_diminishing,diminishing,582.0,0.014872074127197266,15.627154216060493,0.01846271856702053,9.0,0.5209051405353498
0.0,AFW_diminishing,diminishing,583.0,0.014994382858276367,15.627189354587555,0.009016625447451077,9.0,0.5209063118195851
0.0,AFW_diminishing,diminishing,584.0,0.015034198760986328,15.627154059976704,0.018340297249062942,9.0,0.5209051353325568
0.0,AFW_diminishing,diminishing,585.0,0.015076160430908203,15.627180795232958,0.008895901374314619,9.0,0.5209060265077653
0.0,AFW_diminishing,diminishing,586.0,0.015105009078979492,15.627154112015853,0.024729810389059637,9.0,0.5209051370671951
0.0,AFW_diminishing,diminishing,587.0,0.015153169631958008,15.627180368293331,0.008902285493704198,9.0,0.5209060122764444
0.0,AFW_diminishing,diminishing,588.0,0.015180110931396484,15.62715416402993,0.024557382108515213,9.0,0.5209051388009976
0.0,AFW_diminishing,diminishing,589.0,0.015206336975097656,15.627179947197828,0.00890862698639161,9.0,0.5209059982399276
0.0,AFW_diminishing,diminishing,590.0,0.015238285064697266,15.62715421601588,0.02438612873249113,9.0,0.5209051405338626
0.0,AFW_diminishing,diminishing,591.0,0.015265226364135742,15.627179531857417,0.008914926277801882,9.0,0.5209059843952473
0.0,AFW_diminishing,diminishing,592.0,0.015291213989257812,15.627154267970727,0.02421603829358432,9.0,0.520905142265691
0.0,AFW_diminishing,diminishing,593.0,0.015319108963012695,15.627179122184678,0.00892118378768636,9.0,0.5209059707394893
0.0,AFW_diminishing,diminishing,594.0,0.01534414291381836,15.627154319891591,0.024047098986365256,9.0,0.5209051439963864
0.0,AFW_diminishing,diminishing,595.0,0.015370368957519531,15.627178718093745,0.008927399930259483,9.0,0.5209059572697915
0.0,AFW_diminishing,diminishing,596.0,0.015394210815429688,15.627154371775658,0.02387929916465481,9.0,0.5209051457258552
0.0,AFW_diminishing,diminishing,597.0,0.015419244766235352,15.627178319500295,0.00893357511430004,9.0,0.5209059439833432
0.0,AFW_diminishing,diminishing,598.0,0.015444278717041016,15.627154423620206,0.023712627338840164,9.0,0.5209051474540068
0.0,AFW_diminishing,diminishing,599.0,0.015468120574951172,15.6271779263215,0.00893970974318492,9.0,0.5209059308773833
0.0,AFW_diminishing,diminishing,600.0,0.015494346618652344,15.627154475422586,0.023547072173263572,9.0,0.5209051491807528
0.0,AFW_diminishing,diminishing,601.0,0.0155181884765625,15.627177538476,0.008945804215047204,9.0,0.5209059179491999
0.0,AFW_diminishing,diminishing,602.0,0.015545129776000977,15.62715452718022,0.023382622483630655,9.0,0.5209051509060073
0.0,AFW_diminishing,diminishing,603.0,0.015571355819702148,15.627177155883881,0.008951858922808142,9.0,0.5209059051961293
0.0,AFW_diminishing,diminishing,604.0,0.015609264373779297,15.62715457889061,0.023219267234519947,9.0,0.520905152629687
0.0,AFW_diminishing,diminishing,605.0,0.015635251998901367,15.627176778466628,0.008957874254278408,9.0,0.5209058926155543
0.0,AFW_diminishing,diminishing,606.0,0.015661239624023438,15.62715463055133,0.02305699553690843,9.0,0.520905154351711
0.0,AFW_diminishing,diminishing,607.0,0.0156862735748291,15.62717640614712,0.00896385059224869,9.0,0.520905880204904
0.0,AFW_diminishing,diminishing,608.0,0.01571035385131836,15.627154682160013,0.022895796645713062,9.0,0.5209051560720004
0.0,AFW_diminishing,diminishing,609.0,0.015735149383544922,15.627176038849578,0.008969788314566074,9.0,0.5209058679616526
0.0,AFW_diminishing,diminishing,610.0,0.015761137008666992,15.627154733714368,0.022735659957476173,9.0,0.520905157790479
0.0,AFW_diminishing,diminishing,611.0,0.01578521728515625,15.627175676499544,0.008975687794219311,9.0,0.5209058558833182
0.0,AFW_diminishing,diminishing,612.0,0.015809059143066406,15.627154785212179,0.022576575008018906,9.0,0.5209051595070726
0.0,AFW_diminishing,diminishing,613.0,0.015842199325561523,15.627175319023872,0.008981549399392108,9.0,0.5209058439674624
0.0,AFW_diminishing,diminishing,614.0,0.015865087509155273,15.627154836651272,0.022418531470140834,9.0,0.520905161221709
0.0,AFW_diminishing,diminishing,615.0,0.01588726043701172,15.62717496635068,0.008987373493578588,9.0,0.5209058322116893
0.0,AFW_diminishing,diminishing,616.0,0.01591324806213379,15.627154888029557,0.022261519151417275,9.0,0.5209051629343185
0.0,AFW_diminishing,diminishing,617.0,0.015937089920043945,15.627174618409322,0.00899316043561349,9.0,0.5209058206136441
0.0,AFW_diminishing,diminishing,618.0,0.015961170196533203,15.627154939344996,0.022105527991984175,9.0,0.5209051646448332
0.0,AFW_diminishing,diminishing,619.0,0.015986204147338867,15.627174275130391,0.008998910579798292,9.0,0.520905809171013
0.0,AFW_diminishing,diminishing,620.0,0.016010284423828125,15.627154990595614,0.021950548062406483,9.0,0.5209051663531871
0.0,AFW_diminishing,diminishing,621.0,0.016036272048950195,15.627173936445661,0.009004624275922524,9.0,0.520905797881522
0.0,AFW_diminishing,diminishing,622.0,0.016062259674072266,15.627155041779487,0.021796569561564283,9.0,0.5209051680593162
0.0,AFW_diminishing,diminishing,623.0,0.016086101531982422,15.627173602288085,0.009010301869359694,9.0,0.5209057867429362
0.0,AFW_diminishing,diminishing,624.0,0.016111135482788086,15.627155092894757,0.021643582814585116,9.0,0.5209051697631586
0.0,AFW_diminishing,diminishing,625.0,0.016135215759277344,15.627173272591753,0.009015943701159657,9.0,0.5209057757530584
0.0,AFW_diminishing,diminishing,626.0,0.016161203384399414,15.62715514393962,0.02149157827082071,9.0,0.520905171464654
0.0,AFW_diminishing,diminishing,627.0,0.016185283660888672,15.627172947291896,0.009021550108046839,9.0,0.5209057649097298
0.0,AFW_diminishing,diminishing,628.0,0.01620936393737793,15.627155194912323,0.02134054650185746,9.0,0.5209051731637441
0.0,AFW_diminishing,diminishing,629.0,0.016233205795288086,15.627172626324844,0.009027121422564122,9.0,0.5209057542108282
0.0,AFW_diminishing,diminishing,630.0,0.016257047653198242,15.627155245811167,0.021190478199567764,9.0,0.5209051748603722
0.0,AFW_diminishing,diminishing,631.0,0.016283273696899414,15.627172309627994,0.00903265797311903,9.0,0.5209057436542665
0.0,AFW_diminishing,diminishing,632.0,0.016307353973388672,15.6271552966345,0.021041364174207544,9.0,0.5209051765544833
0.0,AFW_diminishing,diminishing,633.0,0.016331195831298828,15.627171997139824,0.009038160083978397,9.0,0.5209057332379942
0.0,AFW_diminishing,diminishing,634.0,0.016356229782104492,15.627155347380736,0.020893195352511995,9.0,0.5209051782460246
0.0,AFW_diminishing,diminishing,635.0,0.01638031005859375,15.627171688799834,0.009043628075456667,9.0,0.5209057229599945
0.0,AFW_diminishing,diminishing,636.0,0.01640605926513672,15.62715539804831,0.020745962775899685,9.0,0.5209051799349437
0.0,AFW_diminishing,diminishing,637.0,0.016430139541625977,15.627171384548552,0.009049062263859042,9.0,0.520905712818285
0.0,AFW_diminishing,diminishing,638.0,0.016454219818115234,15.627155448635737,0.020599657598619814,9.0,0.5209051816211913
0.0,AFW_diminishing,diminishing,639.0,0.0164792537689209,15.627171084327504,0.009054462961625376,9.0,0.5209057028109167
0.0,AFW_diminishing,diminishing,640.0,0.016503095626831055,15.627155499141548,0.020454271086023823,9.0,0.5209051833047182
0.0,AFW_diminishing,diminishing,641.0,0.016529321670532227,15.627170788079187,0.009059830477337272,9.0,0.5209056929359729
0.0,AFW_diminishing,diminishing,642.0,0.016553401947021484,15.627155549564343,0.020309794612794363,9.0,0.5209051849854781
0.0,AFW_diminishing,diminishing,643.0,0.01657700538635254,15.627170495747068,0.009065165115803353,9.0,0.5209056831915689
0.0,AFW_diminishing,diminishing,644.0,0.016602277755737305,15.627155599902759,0.02016621966124177,9.0,0.5209051866634253
0.0,AFW_diminishing,diminishing,645.0,0.016626358032226562,15.627170207275546,0.009070467178121433,9.0,0.5209056735758515
0.0,AFW_diminishing,diminishing,646.0,0.01665210723876953,15.627155650155467,0.020023537819669812,9.0,0.5209051883385156
0.0,AFW_diminishing,diminishing,647.0,0.016692399978637695,15.627169922609943,0.009075736961712266,9.0,0.5209056640869981
0.0,AFW_diminishing,diminishing,648.0,0.01671624183654785,15.627155700321188,0.019881740780681056,9.0,0.5209051900107062
0.0,AFW_diminishing,diminishing,649.0,0.016742229461669922,15.6271696416965,0.009080974760394156,9.0,0.5209056547232167
0.0,AFW_diminishing,diminishing,650.0,0.01676797866821289,15.627155750398689,0.019740820339583465,9.0,0.5209051916799563
0.0,AFW_diminishing,diminishing,651.0,0.016794204711914062,15.627169364482336,0.009086180864416704,9.0,0.5209056454827445
0.0,AFW_diminishing,diminishing,652.0,0.01681828498840332,15.627155800386767,0.019600768392828982,9.0,0.5209051933462255
0.0,AFW_diminishing,diminishing,653.0,0.016843080520629883,15.627169090915434,0.009091355560562064,9.0,0.5209056363638478
0.0,AFW_diminishing,diminishing,654.0,0.01686716079711914,15.627155850284266,0.019461576936437908,9.0,0.5209051950094755
0.0,AFW_diminishing,diminishing,655.0,0.016893386840820312,15.627168820944641,0.009096499132125402,9.0,0.5209056273648214
0.0,AFW_diminishing,diminishing,656.0,0.01691722869873047,15.62715590009006,0.01932323806447478,9.0,0.5209051966696686
0.0,AFW_diminishing,diminishing,657.0,0.016941070556640625,15.627168554519637,0.009101611859025027,9.0,0.5209056184839879
0.0,AFW_diminishing,diminishing,658.0,0.01696634292602539,15.627155949803072,0.019185743967561564,9.0,0.5209051983267691
0.0,AFW_diminishing,diminishing,659.0,0.016990184783935547,15.627168291590925,0.009106694017834371,9.0,0.5209056097196975
0.0,AFW_diminishing,diminishing,660.0,0.01701831817626953,15.627155999422243,0.01904908693139795,9.0,0.5209051999807415
0.0,AFW_diminishing,diminishing,661.0,0.0170443058013916,15.627168032109818,0.009111745881826394,9.0,0.5209056010703272
0.0,AFW_diminishing,diminishing,662.0,0.017071247100830078,15.62715604894657,0.018913259335329613,9.0,0.5209052016315524
0.0,AFW_diminishing,diminishing,663.0,0.01709723472595215,15.627167776028417,0.009116767721032204,9.0,0.5209055925342806
0.0,AFW_diminishing,diminishing,664.0,0.017124176025390625,15.627156098375066,0.018778253650914678,9.0,0.5209052032791689
0.0,AFW_diminishing,diminishing,665.0,0.017148256301879883,15.627167523299592,0.009121759802278362,9.0,0.5209055841099864
0.0,AFW_diminishing,diminishing,666.0,0.01717233657836914,15.627156147706792,0.01864406244056127,9.0,0.5209052049235597
0.0,AFW_diminishing,diminishing,667.0,0.017197132110595703,15.627167273876985,0.009126722389229514,9.0,0.5209055757958995
0.0,AFW_diminishing,diminishing,668.0,0.01722121238708496,15.627156196940838,0.01851067835612774,9.0,0.5209052065646946
0.0,AFW_diminishing,diminishing,669.0,0.017247438430786133,15.627167027714977,0.009131655742464773,9.0,0.5209055675904992
0.0,AFW_diminishing,diminishing,670.0,0.017272233963012695,15.62715624607632,0.018378094137606382,9.0,0.5209052082025439
0.0,AFW_diminishing,diminishing,671.0,0.017296314239501953,15.627166784768692,0.00913656011950259,9.0,0.5209055594922897
0.0,AFW_diminishing,diminishing,672.0,0.01732039451599121,15.627156295112387,0.018246302611800047,9.0,0.5209052098370796
0.0,AFW_diminishing,diminishing,673.0,0.017345190048217773,15.627166544993958,0.009141435774822071,9.0,0.5209055514997986
0.0,AFW_diminishing,diminishing,674.0,0.017371177673339844,15.627156344048228,0.018115296691020077,9.0,0.5209052114682743
0.0,AFW_diminishing,diminishing,675.0,0.0173952579498291,15.627166308347324,0.009146282959966001,9.0,0.5209055436115775
0.0,AFW_diminishing,diminishing,676.0,0.017419099807739258,15.627156392883045,0.017985069371837525,9.0,0.5209052130961015
0.0,AFW_diminishing,diminishing,677.0,0.017444133758544922,15.627166074786022,0.009151101923519533,9.0,0.5209055358262007
0.0,AFW_diminishing,diminishing,678.0,0.01746821403503418,15.627156441616087,0.017855613733791742,9.0,0.5209052147205362
0.0,AFW_diminishing,diminishing,679.0,0.01749420166015625,15.62716584426797,0.009155892911202557,9.0,0.5209055281422657
0.0,AFW_diminishing,diminishing,680.0,0.017518281936645508,15.627156490246612,0.017726922938216205,9.0,0.5209052163415537
0.0,AFW_diminishing,diminishing,681.0,0.017542123794555664,15.62716561675175,0.009160656165869696,9.0,0.5209055205583917
0.0,AFW_diminishing,diminishing,682.0,0.01756739616394043,15.627156538773926,0.017598990227012834,9.0,0.5209052179591309
0.0,AFW_diminishing,diminishing,683.0,0.017591238021850586,15.627165392196606,0.009165391927597355,9.0,0.5209055130732202
0.0,AFW_diminishing,diminishing,684.0,0.017617225646972656,15.627156587197348,0.0174718089214565,9.0,0.520905219573245
0.0,AFW_diminishing,diminishing,685.0,0.017641305923461914,15.62716517056241,0.00917010043368549,9.0,0.5209055056854137
0.0,AFW_diminishing,diminishing,686.0,0.01766514778137207,15.627156635516227,0.017345372421035066,9.0,0.5209052211838743
0.0,AFW_diminishing,diminishing,687.0,0.017690181732177734,15.627164951809677,0.009174781918716235,9.0,0.5209054983936559
0.0,AFW_diminishing,diminishing,688.0,0.017714262008666992,15.627156683729936,0.017219674202337387,9.0,0.5209052227909978
0.0,AFW_diminishing,diminishing,689.0,0.01774001121520996,15.627164735899552,0.009179436614576986,9.0,0.5209054911966517
0.0,AFW_diminishing,diminishing,690.0,0.01776409149169922,15.627156731837875,0.01709470781789868,9.0,0.5209052243945959
0.0,AFW_diminishing,diminishing,691.0,0.01778721809387207,15.627164522793759,0.009184064750531462,9.0,0.5209054840931253
0.0,AFW_diminishing,diminishing,692.0,0.017812252044677734,15.627156779839469,0.01697046689510806,9.0,0.520905225994649
0.0,AFW_diminishing,diminishing,693.0,0.01783609390258789,15.62716431245464,0.009188666553225033,9.0,0.5209054770818213
0.0,AFW_diminishing,diminishing,694.0,0.01786327362060547,15.627156827734165,0.016846945135135627,9.0,0.5209052275911389
0.0,AFW_diminishing,diminishing,695.0,0.017887353897094727,15.627164104845132,0.009193242246716693,9.0,0.5209054701615045
0.0,AFW_diminishing,diminishing,696.0,0.017911195755004883,15.627156875521436,0.016724136311855986,9.0,0.5209052291840479
0.0,AFW_diminishing,diminishing,697.0,0.01793527603149414,15.627163899928727,0.009197792052548337,9.0,0.5209054633309576
0.0,AFW_diminishing,diminishing,698.0,0.017960309982299805,15.62715692320077,0.016602034270794874,9.0,0.520905230773359
0.0,AFW_diminishing,diminishing,699.0,0.017986059188842773,15.627163697669493,0.009202316189769633,9.0,0.5209054565889831
0.0,AFW_diminishing,diminishing,700.0,0.01801013946533203,15.627156970771686,0.016480632928125516,9.0,0.5209052323590562
0.0,AFW_diminishing,diminishing,701.0,0.01803421974182129,15.627163498032054,0.009206814874938019,9.0,0.5209054499344018
0.0,AFW_diminishing,diminishing,702.0,0.018058300018310547,15.627157018233719,0.016359926269638336,9.0,0.520905233941124
0.0,AFW_diminishing,diminishing,703.0,0.01808309555053711,15.627163300981579,0.009211288322212852,9.0,0.5209054433660526
0.0,AFW_diminishing,diminishing,704.0,0.01810932159423828,15.62715706558643,0.016239908349753307,9.0,0.5209052355195476
0.0,AFW_diminishing,diminishing,705.0,0.01813340187072754,15.627163106483767,0.009215736743334091,9.0,0.5209054368827922
0.0,AFW_diminishing,diminishing,706.0,0.018156051635742188,15.627162567704111,0.016153472365008525,9.0,0.5209054189234704
0.0,AFW_diminishing,diminishing,707.0,0.018181324005126953,15.627162914210944,0.013954522710161399,9.0,0.5209054304736981
0.0,AFW_diminishing,diminishing,708.0,0.01820516586303711,15.627156924457953,0.01608565082446134,9.0,0.5209052308152651
0.0,AFW_diminishing,diminishing,709.0,0.01823115348815918,15.627162723722432,0.009244018434509726,9.0,0.520905424124081
0.0,AFW_diminishing,diminishing,710.0,0.018255233764648438,15.627162412258613,0.015983470689441504,9.0,0.5209054137419538
0.0,AFW_diminishing,diminishing,711.0,0.018279314041137695,15.627162535602695,0.013956190864634621,9.0,0.5209054178534231
0.0,AFW_diminishing,diminishing,712.0,0.018304109573364258,15.627156786369046,0.01593313547708952,9.0,0.5209052262123015
0.0,AFW_diminishing,diminishing,713.0,0.018328189849853516,15.6271623490258,0.009271986473313731,9.0,0.5209054116341933
0.0,AFW_diminishing,diminishing,714.0,0.018354177474975586,15.627156832524069,0.015816468529617822,9.0,0.5209052277508023
0.0,AFW_diminishing,diminishing,715.0,0.018380165100097656,15.627162164848786,0.009276311413351834,9.0,0.5209054054949596
0.0,AFW_diminishing,diminishing,716.0,0.018404245376586914,15.627162048248989,0.015781247131776865,9.0,0.5209054016082997
0.0,AFW_diminishing,diminishing,717.0,0.018429279327392578,15.627161982195203,0.013948618277991542,9.0,0.5209053994065067
0.0,AFW_diminishing,diminishing,718.0,0.018453359603881836,15.62715669812693,0.01566651240097272,9.0,0.5209052232708976
0.0,AFW_diminishing,diminishing,719.0,0.018479108810424805,15.627161801783265,0.009303817286832938,9.0,0.5209053933927755
0.0,AFW_diminishing,diminishing,720.0,0.018503189086914062,15.627161900850693,0.01561596881109395,9.0,0.5209053966950231
0.0,AFW_diminishing,diminishing,721.0,0.01852726936340332,15.627161623037917,0.013950247256007131,9.0,0.5209053874345972
0.0,AFW_diminishing,diminishing,722.0,0.018552064895629883,15.627156566594051,0.015518226296132198,9.0,0.5209052188864683
0.0,AFW_diminishing,diminishing,723.0,0.01857614517211914,15.627161446300402,0.009331022282205836,9.0,0.5209053815433468
0.0,AFW_diminishing,diminishing,724.0,0.018602371215820312,15.627161756278502,0.01545252538481634,9.0,0.5209053918759501
0.0,AFW_diminishing,diminishing,725.0,0.018627166748046875,15.627161271367804,0.013951860395106763,9.0,0.5209053757122601
0.0,AFW_diminishing,diminishing,726.0,0.018650293350219727,15.627156437855676,0.015371582472436529,9.0,0.5209052145951892
0.0,AFW_diminishing,diminishing,727.0,0.01867532730102539,15.627161098216659,0.009357931309072143,9.0,0.5209053699405553
0.0,AFW_diminishing,diminishing,728.0,0.018699169158935547,15.627161614466376,0.015290886466308606,9.0,0.5209053871488792
0.0,AFW_diminishing,diminishing,729.0,0.018725156784057617,15.627160927004097,0.013953457921246581,9.0,0.5209053642334699
0.0,AFW_diminishing,diminishing,730.0,0.01875019073486328,15.627156311844065,0.015226553798308728,9.0,0.5209052103948022
0.0,AFW_diminishing,diminishing,731.0,0.018774032592773438,15.627160757353794,0.00938454917079845,9.0,0.5209053585784598
0.0,AFW_diminishing,diminishing,732.0,0.018798112869262695,15.627161475350123,0.015131022336154487,9.0,0.5209053825116707
0.0,AFW_diminishing,diminishing,733.0,0.01882314682006836,15.627160589771215,0.013955040056194079,9.0,0.5209053529923738
0.0,AFW_diminishing,diminishing,734.0,0.01884913444519043,15.627156188493412,0.015083113736519493,9.0,0.5209052062831138
0.0,AFW_diminishing,diminishing,735.0,0.018873214721679688,15.627160423538653,0.009410880567372715,9.0,0.5209053474512885
0.0,AFW_diminishing,diminishing,736.0,0.018897294998168945,15.627156231992503,0.01497334070034917,9.0,0.5209052077330835
0.0,AFW_diminishing,diminishing,737.0,0.018921375274658203,15.627160259409644,0.009414950923741117,9.0,0.5209053419803215
0.0,AFW_diminishing,diminishing,738.0,0.01894521713256836,15.627161146961944,0.014940799378591052,9.0,0.5209053715653982
0.0,AFW_diminishing,diminishing,739.0,0.01897120475769043,15.627160096602108,0.013947937891856554,9.0,0.5209053365534035
0.0,AFW_diminishing,diminishing,740.0,0.018995285034179688,15.627156111869098,0.014832235744883349,9.0,0.52090520372897
0.0,AFW_diminishing,diminishing,741.0,0.019019126892089844,15.62715993576602,0.009440859992992046,9.0,0.5209053311922006
0.0,AFW_diminishing,diminishing,742.0,0.019044160842895508,15.627161014902509,0.014785245230042321,9.0,0.520905367163417
0.0,AFW_diminishing,diminishing,743.0,0.019068241119384766,15.627159776379886,0.013949483731755308,9.0,0.5209053258793295
0.0,AFW_diminishing,diminishing,744.0,0.019094228744506836,15.627155994257153,0.014692655546667766,9.0,0.5209051998085718
0.0,AFW_diminishing,diminishing,745.0,0.01912546157836914,15.627159618759439,0.009466493925849306,9.0,0.5209053206253146
0.0,AFW_diminishing,diminishing,746.0,0.019150257110595703,15.627160885321835,0.014631366861655337,9.0,0.5209053628440612
0.0,AFW_diminishing,diminishing,747.0,0.01917433738708496,15.627159462713236,0.013951014911835813,9.0,0.5209053154237745
0.0,AFW_diminishing,diminishing,748.0,0.01919841766357422,15.627155879097074,0.014554575524774904,9.0,0.5209051959699025
0.0,AFW_diminishing,diminishing,749.0,0.01922321319580078,15.627159308233313,0.009491857081503241,9.0,0.5209053102744438
0.0,AFW_diminishing,diminishing,750.0,0.01924729347229004,15.627160758163496,0.014479137339447945,9.0,0.5209053586054498
0.0,AFW_diminishing,diminishing,751.0,0.01927328109741211,15.627159155447863,0.013952531636389764,9.0,0.5209053051815954
0.0,AFW_diminishing,diminishing,752.0,0.019298076629638672,15.627155766330935,0.014417971623794656,9.0,0.5209051922110312
0.0,AFW_diminishing,diminishing,753.0,0.01932215690612793,15.62715900403544,0.009516953727530364,9.0,0.5209053001345146
0.0,AFW_diminishing,diminishing,754.0,0.019346237182617188,15.627160633372602,0.014328530303535203,9.0,0.5209053544457534
0.0,AFW_diminishing,diminishing,755.0,0.019370317459106445,15.627158854433779,0.01395403410600693,9.0,0.5209052951477926
0.0,AFW_diminishing,diminishing,756.0,0.019396305084228516,15.627155655902428,0.014282820299872157,9.0,0.5209051885300809
0.0,AFW_diminishing,diminishing,757.0,0.019420146942138672,15.627158706017852,0.009541788042321642,9.0,0.5209052902005951
0.0,AFW_diminishing,diminishing,758.0,0.019445419311523438,15.627160510895772,0.014179519952930875,9.0,0.5209053503631924
0.0,AFW_diminishing,diminishing,759.0,0.019469261169433594,15.627158559525169,0.013955522517662189,9.0,0.5209052853175057
0.0,AFW_diminishing,diminishing,760.0,0.019494295120239258,15.627155547756812,0.014149098507209246,9.0,0.5209051849252271
0.0,AFW_diminishing,diminishing,761.0,0.019520044326782227,15.627158414036703,0.009566364117373993,9.0,0.5209052804678901
0.0,AFW_diminishing,diminishing,762.0,0.019543170928955078,15.627155588378788,0.014046712801102146,9.0,0.5209051862792929
0.0,AFW_diminishing,diminishing,763.0,0.019567251205444336,15.627158270356786,0.009570161504688812,9.0,0.5209052756785595
0.0,AFW_diminishing,diminishing,764.0,0.01959228515625,15.627160218975645,0.014002151617855674,9.0,0.5209053406325215
0.0,AFW_diminishing,diminishing,765.0,0.019616365432739258,15.627158127950555,0.013948921590383634,9.0,0.5209052709316851
0.0,AFW_diminishing,diminishing,766.0,0.019642114639282227,15.62715548299649,0.013915093747742802,9.0,0.5209051827665496
0.0,AFW_diminishing,diminishing,767.0,0.019666194915771484,15.62715798709422,0.00959435664218411,9.0,0.520905266236474
0.0,AFW_diminishing,diminishing,768.0,0.019690275192260742,15.627160102570503,0.013857022607014713,9.0,0.5209053367523501
0.0,AFW_diminishing,diminishing,769.0,0.019715070724487305,15.627157847623453,0.013950376775307305,9.0,0.5209052615874484
0.0,AFW_diminishing,diminishing,770.0,0.019739151000976562,15.627155379772566,0.013784848698815466,9.0,0.5209051793257522
0.0,AFW_diminishing,diminishing,771.0,0.019765377044677734,15.62715770952634,0.009618303414155704,9.0,0.5209052569842113
0.0,AFW_diminishing,diminishing,772.0,0.01978921890258789,15.627159988298423,0.013713404181403988,9.0,0.5209053329432808
0.0,AFW_diminishing,diminishing,773.0,0.01981329917907715,15.627157572923128,0.013951818553120887,9.0,0.5209052524307709
0.0,AFW_diminishing,diminishing,774.0,0.019838333129882812,15.627155278657288,0.013655956251225732,9.0,0.5209051759552429
0.0,AFW_diminishing,diminishing,775.0,0.01986217498779297,15.627157437522621,0.009642005625071448,9.0,0.5209052479174207
0.0,AFW_diminishing,diminishing,776.0,0.01988816261291504,15.62715987611228,0.01357127287908888,9.0,0.5209053292037427
0.0,AFW_diminishing,diminishing,777.0,0.019912242889404297,15.627157303720908,0.013953247105614963,9.0,0.5209052434573637
0.0,AFW_diminishing,diminishing,778.0,0.019936323165893555,15.627155179602267,0.013528395444092567,9.0,0.520905172653409
0.0,AFW_diminishing,diminishing,779.0,0.019961118698120117,15.627157170956094,0.009665467002102801,9.0,0.5209052390318698
0.0,AFW_diminishing,diminishing,780.0,0.019985198974609375,15.627155218431362,0.013430696021426769,9.0,0.5209051739477121
0.0,AFW_diminishing,diminishing,781.0,0.020011186599731445,15.627157039823986,0.009669091262962226,9.0,0.5209052346607995
0.0,AFW_diminishing,diminishing,782.0,0.020035266876220703,15.627159606856427,0.013402055313099126,9.0,0.5209053202285475
0.0,AFW_diminishing,diminishing,783.0,0.02005934715270996,15.627156909702531,0.013946963521377143,9.0,0.5209052303234177
0.0,AFW_diminishing,diminishing,784.0,0.020083189010620117,15.627155121867016,0.013305094855791566,9.0,0.5209051707289005
0.0,AFW_diminishing,diminishing,785.0,0.020107030868530273,15.627156781114357,0.009692197242843648,9.0,0.5209052260371452
0.0,AFW_diminishing,diminishing,786.0,0.020133256912231445,15.627159500152455,0.013263541376085541,9.0,0.5209053166717486
0.0,AFW_diminishing,diminishing,787.0,0.02015829086303711,15.627156653641077,0.013948360768862855,9.0,0.5209052217880359
0.0,AFW_diminishing,diminishing,788.0,0.02018141746520996,15.627155027252789,0.013180774783920768,9.0,0.520905167575093
0.0,AFW_diminishing,diminishing,789.0,0.020206212997436523,15.627156527539963,0.009715071391051211,9.0,0.5209052175846655
0.0,AFW_diminishing,diminishing,790.0,0.02023029327392578,15.627159395374374,0.013126436181252643,9.0,0.5209053131791458
0.0,AFW_diminishing,diminishing,791.0,0.02025628089904785,15.627156402654784,0.013949745392560331,9.0,0.5209052134218262
0.0,AFW_diminishing,diminishing,792.0,0.020281076431274414,15.627154934544624,0.013057716305604927,9.0,0.5209051644848208
0.0,AFW_diminishing,diminishing,793.0,0.020305156707763672,15.627156278985364,0.009737717179032046,9.0,0.5209052092995121
0.0,AFW_diminishing,diminishing,794.0,0.02032923698425293,15.62715929248046,0.01299071834656118,9.0,0.5209053097493487
0.0,AFW_diminishing,diminishing,795.0,0.020353078842163086,15.62715615662981,0.01395111756049694,9.0,0.5209052052209937
0.0,AFW_diminishing,diminishing,796.0,0.020379304885864258,15.62715484369964,0.012935900314362314,9.0,0.5209051614566547
0.0,AFW_diminishing,diminishing,797.0,0.020404338836669922,15.627156035338185,0.009760138009298203,9.0,0.5209052011779395
0.0,AFW_diminishing,diminishing,798.0,0.020428180694580078,15.62715919143008,0.012856366920509288,9.0,0.5209053063810026
0.0,AFW_diminishing,diminishing,799.0,0.020452260971069336,15.627155915455345,0.013952477437769062,9.0,0.5209051971818448
0.0,AFW_diminishing,diminishing,800.0,0.020476341247558594,15.627154754676093,0.01281530808760678,9.0,0.5209051584892032
0.0,AFW_diminishing,diminishing,801.0,0.020502090454101562,15.627155796489037,0.00978233721708932,9.0,0.5209051932163012
0.0,AFW_diminishing,diminishing,802.0,0.02052617073059082,15.62715909218366,0.012723361371369535,9.0,0.5209053030727887
0.0,AFW_diminishing,diminishing,803.0,0.020550251007080078,15.627155679023499,0.013953825186643343,9.0,0.5209051893007833
0.0,AFW_diminishing,diminishing,804.0,0.020575284957885742,15.627154667433336,0.012695921277009248,9.0,0.5209051555811112
0.0,AFW_diminishing,diminishing,805.0,0.0205991268157959,15.627155562331403,0.009804318072038853,9.0,0.5209051854110468
0.0,AFW_diminishing,diminishing,806.0,0.020624160766601562,15.627154703829637,0.012604442549479344,9.0,0.5209051567943213
0.0,AFW_diminishing,diminishing,807.0,0.02064824104309082,15.627155447053514,0.009807712326994178,9.0,0.5209051815684504
0.0,AFW_diminishing,diminishing,808.0,0.020672082901000977,15.627158851544129,0.012564960692110105,9.0,0.520905295051471
0.0,AFW_diminishing,diminishing,809.0,0.02069830894470215,15.627155332760408,0.013947960285200622,9.0,0.5209051777586803
0.0,AFW_diminishing,diminishing,810.0,0.02072429656982422,15.627154618734993,0.012486830732230558,9.0,0.5209051539578331
0.0,AFW_diminishing,diminishing,811.0,0.02075028419494629,15.627155219679647,0.009829370792010295,9.0,0.5209051739893216
0.0,AFW_diminishing,diminishing,812.0,0.020774126052856445,15.627158757049575,0.012435231846218642,9.0,0.5209052919016525
0.0,AFW_diminishing,diminishing,813.0,0.020797252655029297,15.62715510767508,0.01394927926824252,9.0,0.5209051702558359
0.0,AFW_diminishing,diminishing,814.0,0.02083301544189453,15.627154535328538,0.012370380032713513,9.0,0.5209051511776179
0.0,AFW_diminishing,diminishing,815.0,0.02085709571838379,15.627154996743643,0.00985081881002614,9.0,0.5209051665581215
0.0,AFW_diminishing,diminishing,816.0,0.020882368087768555,15.627158664224286,0.012306780181484456,9.0,0.5209052888074762
0.0,AFW_diminishing,diminishing,817.0,0.020906448364257812,15.627154886977074,0.013950586660669728,9.0,0.5209051628992358
0.0,AFW_diminishing,diminishing,818.0,0.02093219757080078,15.627154453573164,0.012255073341153278,9.0,0.5209051484524388
0.0,AFW_diminishing,diminishing,819.0,0.020957231521606445,15.627154778148384,0.009872059433289948,9.0,0.5209051592716128
0.0,AFW_diminishing,diminishing,820.0,0.020980358123779297,15.6271585730331,0.012179586929889297,9.0,0.52090528576777
0.0,AFW_diminishing,diminishing,821.0,0.02100515365600586,15.627154670570585,0.01395188261273006,9.0,0.5209051556856862
0.0,AFW_diminishing,diminishing,822.0,0.021029233932495117,15.627154373432715,0.012140893882286008,9.0,0.5209051457810905
0.0,AFW_diminishing,diminishing,823.0,0.021055221557617188,15.62715456379927,0.009893095655302275,9.0,0.5209051521266423
0.0,AFW_diminishing,diminishing,824.0,0.021079063415527344,15.627158483441734,0.012053633689317778,9.0,0.5209052827813911
0.0,AFW_diminishing,diminishing,825.0,0.0211031436920166,15.62715445836228,0.013953167272120481,9.0,0.520905148612076
0.0,AFW_diminishing,diminishing,826.0,0.021128177642822266,15.627154294871984,0.012027825207230336,9.0,0.5209051431623994
0.0,AFW_diminishing,diminishing,827.0,0.021151304244995117,15.627154353604116,0.009913930412237093,9.0,0.5209051451201372
0.0,AFW_diminishing,diminishing,828.0,0.021175146102905273,15.627154329397694,0.01194115768946169,9.0,0.5209051443132565
0.0,AFW_diminishing,diminishing,829.0,0.021200180053710938,15.627154250102006,0.009917146757890904,9.0,0.5209051416700669
0.0,AFW_diminishing,diminishing,830.0,0.02122330665588379,15.627158264263171,0.011903595699012115,9.0,0.5209052754754391
0.0,AFW_diminishing,diminishing,831.0,0.02124810218811035,15.627154147472105,0.013947625154280274,9.0,0.5209051382490701
0.0,AFW_diminishing,diminishing,832.0,0.02127218246459961,15.627154252738926,0.011829725470759556,9.0,0.5209051417579642
0.0,AFW_diminishing,diminishing,833.0,0.021296262741088867,15.627154045916376,0.009937683935387298,9.0,0.5209051348638792
0.0,AFW_diminishing,diminishing,834.0,0.021322250366210938,15.627158178894039,0.011780663559001425,9.0,0.5209052726298012
0.0,AFW_diminishing,diminishing,835.0,0.021346092224121094,15.62715394531574,0.013948882987774525,9.0,0.5209051315105246
0.0,AFW_diminishing,diminishing,836.0,0.02137017250061035,15.627154177579563,0.011719364286172151,9.0,0.5209051392526521
0.0,AFW_diminishing,diminishing,837.0,0.021395206451416016,15.62715384566496,0.009958026753572824,9.0,0.5209051281888321
0.0,AFW_diminishing,diminishing,838.0,0.021419048309326172,15.6271580950079,0.011658909785571936,9.0,0.5209052698335966
0.0,AFW_diminishing,diminishing,839.0,0.021445274353027344,15.627153747049757,0.013950130018843154,9.0,0.5209051249016585
0.0,AFW_diminishing,diminishing,840.0,0.0214693546295166,15.627154103887374,0.011610058768477316,9.0,0.5209051367962458
0.0,AFW_diminishing,diminishing,841.0,0.02149343490600586,15.62715364926354,0.009978177958375412,9.0,0.520905121642118
0.0,AFW_diminishing,diminishing,842.0,0.021518230438232422,15.627158012574201,0.01153831751697787,9.0,0.5209052670858066
0.0,AFW_diminishing,diminishing,843.0,0.02154231071472168,15.627153552591038,0.013951366384484132,9.0,0.5209051184197012
0.0,AFW_diminishing,diminishing,844.0,0.02156805992126465,15.627154031630944,0.011501793843027741,9.0,0.5209051343876981
0.0,AFW_diminishing,diminishing,845.0,0.021592140197753906,15.62715345663001,0.009998140244233511,9.0,0.5209051152210004
0.0,AFW_diminishing,diminishing,846.0,0.021616220474243164,15.62715793156317,0.01141887021167598,9.0,0.520905264385439
0.0,AFW_diminishing,diminishing,847.0,0.021640300750732422,15.627153361858554,0.01395259221939149,9.0,0.5209051120619518
0.0,AFW_diminishing,diminishing,848.0,0.02166438102722168,15.627153960779646,0.011394554720826733,9.0,0.5209051320259882
0.0,AFW_diminishing,diminishing,849.0,0.02169013023376465,15.627153267684323,0.010017916255284476,9.0,0.5209051089228107
0.0,AFW_diminishing,diminishing,850.0,0.021715402603149414,15.627153993575151,0.011312328599196064,9.0,0.5209051331191717
0.0,AFW_diminishing,diminishing,851.0,0.02173900604248047,15.627153174628699,0.010020968320954893,9.0,0.5209051058209566
0.0,AFW_diminishing,diminishing,852.0,0.021763086318969727,15.627157731543809,0.011276549741307207,9.0,0.520905257718127
0.0,AFW_diminishing,diminishing,853.0,0.021787166595458984,15.62715308234754,0.013947347014115152,9.0,0.520905102744918
0.0,AFW_diminishing,diminishing,854.0,0.021813392639160156,15.627153924412275,0.011206601446028586,9.0,0.5209051308137425
0.0,AFW_diminishing,diminishing,855.0,0.02183818817138672,15.62715299102067,0.010040469081237902,9.0,0.520905099700689
0.0,AFW_diminishing,diminishing,856.0,0.021862268447875977,15.62715765429453,0.01115989384204319,9.0,0.520905255143151
0.0,AFW_diminishing,diminishing,857.0,0.02188730239868164,15.6271529005436,0.013948547796017507,9.0,0.5209050966847867
0.0,AFW_diminishing,diminishing,858.0,0.021911144256591797,15.627153856584647,0.01110186432600635,9.0,0.5209051285528216
0.0,AFW_diminishing,diminishing,859.0,0.02193617820739746,15.627152810909461,0.010059789971133881,9.0,0.520905093696982
0.0,AFW_diminishing,diminishing,860.0,0.021962404251098633,15.627157578366212,0.011044327430921541,9.0,0.5209052526122071
0.0,AFW_diminishing,diminishing,861.0,0.02198624610900879,15.627152722198318,0.013949738494936526,9.0,0.520905090739944
0.0,AFW_diminishing,diminishing,862.0,0.022011280059814453,15.627153790064177,0.010998103398161874,9.0,0.5209051263354726
0.0,AFW_diminishing,diminishing,863.0,0.02203536033630371,15.627152634221758,0.010078933467683626,9.0,0.520905087807392
0.0,AFW_diminishing,diminishing,864.0,0.02206110954284668,15.627157503732231,0.010929835316511927,9.0,0.5209052501244077
0.0,AFW_diminishing,diminishing,865.0,0.02208733558654785,15.627152547239334,0.013950919235986348,9.0,0.5209050849079778
0.0,AFW_diminishing,diminishing,866.0,0.02211308479309082,15.627153724823481,0.010895305078321371,9.0,0.5209051241607827
0.0,AFW_diminishing,diminishing,867.0,0.022137165069580078,15.627152460886084,0.01009790200269478,9.0,0.5209050820295361
0.0,AFW_diminishing,diminishing,868.0,0.022161245346069336,15.627153756311712,0.010816463848895452,9.0,0.5209051252103903
0.0,AFW_diminishing,diminishing,869.0,0.022185325622558594,15.627152375552004,0.010100828871493661,9.0,0.5209050791850668
0.0,AFW_diminishing,diminishing,870.0,0.02220916748046875,15.627157318013056,0.010793394685142843,9.0,0.5209052439337686
0.0,AFW_diminishing,diminishing,871.0,0.02223515510559082,15.627152290832287,0.013945899875736245,9.0,0.5209050763610762
0.0,AFW_diminishing,diminishing,872.0,0.022261381149291992,15.62715369260635,0.010715084872209957,9.0,0.5209051230868783
0.0,AFW_diminishing,diminishing,873.0,0.02228713035583496,15.627152207069642,0.010119538793260219,9.0,0.5209050735689881
0.0,AFW_diminishing,diminishing,874.0,0.02231121063232422,15.627157246806894,0.010681523066049081,9.0,0.5209052415602298
0.0,AFW_diminishing,diminishing,875.0,0.022335290908813477,15.627152123991955,0.013947056899342059,9.0,0.5209050707997318
0.0,AFW_diminishing,diminishing,876.0,0.022359132766723633,15.62715363011821,0.010614635624843771,9.0,0.5209051210039404
0.0,AFW_diminishing,diminishing,877.0,0.02238321304321289,15.627152041768538,0.010138079647370901,9.0,0.5209050680589512
0.0,AFW_diminishing,diminishing,878.0,0.02240920066833496,15.627157176804088,0.010570674751031461,9.0,0.520905239226803
0.0,AFW_diminishing,diminishing,879.0,0.02243518829345703,15.627151960298729,0.013948204381394547,9.0,0.520905065343291
0.0,AFW_diminishing,diminishing,880.0,0.0224611759185791,15.62715356882213,0.010515103375851709,9.0,0.5209051189607377
0.0,AFW_diminishing,diminishing,881.0,0.02248525619506836,15.627151879583108,0.010156453715000069,9.0,0.5209050626527703
0.0,AFW_diminishing,diminishing,882.0,0.022509098052978516,15.62715710798081,0.010460835763824505,9.0,0.5209052369326936
0.0,AFW_diminishing,diminishing,883.0,0.02253413200378418,15.627151799687859,0.013949342438257517,9.0,0.5209050599895952
0.0,AFW_diminishing,diminishing,884.0,0.022558212280273438,15.62715350869356,0.010416475625655508,9.0,0.520905116956452
0.0,AFW_diminishing,diminishing,885.0,0.022584199905395508,15.627151720449362,0.01017466323649785,9.0,0.520905057348312
0.0,AFW_diminishing,diminishing,886.0,0.022608280181884766,15.627157040313794,0.010351992381492536,9.0,0.5209052346771265
0.0,AFW_diminishing,diminishing,887.0,0.022632360458374023,15.627151642096157,0.013950471184424273,9.0,0.5209050547365386
0.0,AFW_diminishing,diminishing,888.0,0.02265620231628418,15.627153449708524,0.01031874010082845,9.0,0.5209051149902841
0.0,AFW_diminishing,diminishing,889.0,0.022680044174194336,15.627151564304848,0.010192710412248118,9.0,0.5209050521434949
0.0,AFW_diminishing,diminishing,890.0,0.022706270217895508,15.627156973780323,0.010244131128763101,9.0,0.5209052324593441
0.0,AFW_diminishing,diminishing,891.0,0.02273106575012207,15.627151487461957,0.01395159073256913,9.0,0.5209050495820652
0.0,AFW_diminishing,diminishing,892.0,0.022756099700927734,15.627153391843644,0.010221884748977672,9.0,0.5209051130614548
0.0,AFW_diminishing,diminishing,893.0,0.022780179977416992,15.627151411088606,0.010210597403570887,9.0,0.5209050470362869
0.0,AFW_diminishing,diminishing,894.0,0.02280426025390625,15.62715342154739,0.010147575290636368,9.0,0.5209051140515797
0.0,AFW_diminishing,diminishing,895.0,0.02283024787902832,15.627151335609145,0.010213356533977702,9.0,0.5209050445203048
0.0,AFW_diminishing,diminishing,896.0,0.022855281829833984,15.627156806308442,0.010115561060981548,9.0,0.5209052268769481
0.0,AFW_diminishing,diminishing,897.0,0.022879362106323242,15.62715126074045,0.013946872161088919,9.0,0.5209050420246817
0.0,AFW_diminishing,diminishing,898.0,0.0229032039642334,15.627153365022766,0.010052018386293327,9.0,0.5209051121674255
0.0,AFW_diminishing,diminishing,899.0,0.022927284240722656,15.627151186634672,0.010231006654127128,9.0,0.5209050395544891
0.0,AFW_diminishing,diminishing,900.0,0.022953271865844727,15.62715674278341,0.010010097208400737,9.0,0.520905224759447
0.0,AFW_diminishing,diminishing,901.0,0.02297806739807129,15.627151113202313,0.013947969767283297,9.0,0.5209050371067437
0.0,AFW_diminishing,diminishing,902.0,0.023002147674560547,15.627153309564862,0.009957312456096545,9.0,0.5209051103188288
0.0,AFW_diminishing,diminishing,903.0,0.023026227951049805,15.627151040442717,0.010248501832906598,9.0,0.5209050346814239
0.0,AFW_diminishing,diminishing,904.0,0.023050308227539062,15.627156680314112,0.009905570198036173,9.0,0.520905222677137
0.0,AFW_diminishing,diminishing,905.0,0.023076295852661133,15.627150968417507,0.013949058550894122,9.0,0.5209050322805836
0.0,AFW_diminishing,diminishing,906.0,0.023102283477783203,15.627153255152143,0.009863446183221214,9.0,0.5209051085050714
0.0,AFW_diminishing,diminishing,907.0,0.023128271102905273,15.627150896977229,0.010265844101532196,9.0,0.5209050298992409
0.0,AFW_diminishing,diminishing,908.0,0.02315211296081543,15.627156618880148,0.009801967602220074,9.0,0.5209052206293383
0.0,AFW_diminishing,diminishing,909.0,0.023176193237304688,15.627150826330688,0.013950138616888097,9.0,0.5209050275443563
0.0,AFW_diminishing,diminishing,910.0,0.023202180862426758,15.627153201763582,0.00977040845064181,9.0,0.5209051067254528
0.0,AFW_diminishing,diminishing,911.0,0.023227214813232422,15.627150756183504,0.010283035455874057,9.0,0.5209050252061168
0.0,AFW_diminishing,diminishing,912.0,0.02326035499572754,15.627156558461586,0.009699277212147805,9.0,0.5209052186153862
0.0,AFW_diminishing,diminishing,913.0,0.023285388946533203,15.627150686887799,0.01395121006857103,9.0,0.52090502289626
0.0,AFW_diminishing,diminishing,914.0,0.02330923080444336,15.62715314937864,0.00967818833668943,9.0,0.520905104979288
0.0,AFW_diminishing,diminishing,915.0,0.02333521842956543,15.627150618008102,0.010300077857198886,9.0,0.5209050206002701
0.0,AFW_diminishing,diminishing,916.0,0.023360013961791992,15.62715317769747,0.009607415178599865,9.0,0.520905105923249
0.0,AFW_diminishing,diminishing,917.0,0.023383140563964844,15.627150549930285,0.010302706087209401,9.0,0.5209050183310094
0.0,AFW_diminishing,diminishing,918.0,0.023410320281982422,15.627156404835285,0.009576846824350227,9.0,0.5209052134945095
0.0,AFW_diminishing,diminishing,919.0,0.023444414138793945,15.627150482398212,0.013946725611321042,9.0,0.5209050160799404
0.0,AFW_diminishing,diminishing,920.0,0.023468017578125,15.627153126510622,0.009516401717128531,9.0,0.5209051042170207
0.0,AFW_diminishing,diminishing,921.0,0.023492097854614258,15.627150415549034,0.01031952815092474,9.0,0.5209050138516345
0.0,AFW_diminishing,diminishing,922.0,0.023516178131103516,15.627156347116568,0.009476384433764196,9.0,0.5209052115705523
0.0,AFW_diminishing,diminishing,923.0,0.023543119430541992,15.627150349302898,0.013947776487876595,9.0,0.52090501164343
0.0,AFW_diminishing,diminishing,924.0,0.023568153381347656,15.627153076280473,0.009426179394722567,9.0,0.5209051025426824
0.0,AFW_diminishing,diminishing,925.0,0.023594379425048828,15.62715028365821,0.010336206022797612,9.0,0.5209050094552736
0.0,AFW_diminishing,diminishing,926.0,0.023618221282958984,15.627156290344889,0.009376793177626297,9.0,0.520905209678163
0.0,AFW_diminishing,diminishing,927.0,0.023642301559448242,15.627150218672371,0.013948819094810716,9.0,0.5209050072890791
0.0,AFW_diminishing,diminishing,928.0,0.023667335510253906,15.627153026988072,0.009336737940671469,9.0,0.5209051008996024
0.0,AFW_diminishing,diminishing,929.0,0.023690223693847656,15.627150154208604,0.010352741548780742,9.0,0.5209050051402868
0.0,AFW_diminishing,diminishing,930.0,0.023716211318969727,15.62715623450231,0.009278061774297797,9.0,0.5209052078167437
0.0,AFW_diminishing,diminishing,931.0,0.023742198944091797,15.627150090458011,0.013949853528496092,9.0,0.520905003015267
0.0,AFW_diminishing,diminishing,932.0,0.023768186569213867,15.62715297861492,0.009248067261300008,9.0,0.520905099287164
0.0,AFW_diminishing,diminishing,933.0,0.023792266845703125,15.627150027152123,0.010369136543435076,9.0,0.5209050009050707
0.0,AFW_diminishing,diminishing,934.0,0.023816347122192383,15.627156179571294,0.00918017913606839,9.0,0.5209052059857098
0.0,AFW_diminishing,diminishing,935.0,0.0238492488861084,15.627149964612315,0.013950879883832812,9.0,0.5209049988204105
0.0,AFW_diminishing,diminishing,936.0,0.023873090744018555,15.627152931142936,0.009160157436129523,9.0,0.5209050977047646
0.0,AFW_diminishing,diminishing,937.0,0.02389812469482422,15.627149902441792,0.010385392790592363,9.0,0.5209049967480597
0.0,AFW_diminishing,diminishing,938.0,0.02392125129699707,15.627152958171385,0.009092674023703395,9.0,0.5209050986057128
0.0,AFW_diminishing,diminishing,939.0,0.02394700050354004,15.62714984099218,0.010387899219137964,9.0,0.5209049946997394
0.0,AFW_diminishing,diminishing,940.0,0.023971080780029297,15.627156038429098,0.009063458926881651,9.0,0.52090520128097
0.0,AFW_diminishing,diminishing,941.0,0.023995161056518555,15.627149780031166,0.013946612573869643,9.0,0.5209049926677055
0.0,AFW_diminishing,diminishing,942.0,0.024019241333007812,15.627152911772624,0.009005887508644506,9.0,0.5209050970590875
0.0,AFW_diminishing,diminishing,943.0,0.02404308319091797,15.627149719682736,0.010403950158675457,9.0,0.5209049906560912
0.0,AFW_diminishing,diminishing,944.0,0.02406930923461914,15.627155985926244,0.008967650478643563,9.0,0.5209051995308748
0.0,AFW_diminishing,diminishing,945.0,0.02409529685974121,15.627149659875405,0.013947619611398565,9.0,0.5209049886625136
0.0,AFW_diminishing,diminishing,946.0,0.024119138717651367,15.627152866233704,0.008919837778169182,9.0,0.5209050955411235
0.0,AFW_diminishing,diminishing,947.0,0.02414417266845703,15.627149600606915,0.010419866684122425,9.0,0.5209049866868971
0.0,AFW_diminishing,diminishing,948.0,0.02416825294494629,15.627155934274722,0.008872653460901603,9.0,0.5209051978091573
0.0,AFW_diminishing,diminishing,949.0,0.02419304847717285,15.627149541930685,0.013948618887532405,9.0,0.5209049847310229
0.0,AFW_diminishing,diminishing,950.0,0.02421712875366211,15.627152821537907,0.008834515489562378,9.0,0.5209050940512635
0.0,AFW_diminishing,diminishing,951.0,0.024241209030151367,15.627149483721377,0.010435650476805947,9.0,0.5209049827907125
0.0,AFW_diminishing,diminishing,952.0,0.024265289306640625,15.627145488694454,0.008778457608901391,9.0,0.5209048496231484
0.0,AFW_diminishing,diminishing,953.0,0.02428913116455078,15.627136971358583,0.01015968014975499,9.0,0.5209045657119528
0.0,AFW_diminishing,diminishing,954.0,0.02431511878967285,15.627146594723477,0.005397118790215316,9.0,0.5209048864907826
0.0,AFW_diminishing,diminishing,955.0,0.024341344833374023,15.62713693616898,0.008114483228686353,9.0,0.520904564538966
0.0,AFW_diminishing,diminishing,956.0,0.024367094039916992,15.627146626522785,0.00533440614337799,9.0,0.5209048875507595
0.0,AFW_diminishing,diminishing,957.0,0.02439117431640625,15.627136901534795,0.008121848337470539,9.0,0.5209045633844932
0.0,AFW_diminishing,diminishing,958.0,0.024415254592895508,15.627146658234606,0.005271956161708502,9.0,0.5209048886078202
0.0,AFW_diminishing,diminishing,959.0,0.024439096450805664,15.627136867449995,0.008129182848326977,9.0,0.5209045622483331
0.0,AFW_diminishing,diminishing,960.0,0.024463176727294922,15.627146689859204,0.005209767198456561,9.0,0.5209048896619735
0.0,AFW_diminishing,diminishing,961.0,0.024489402770996094,15.62713683390864,0.008136486951521249,9.0,0.520904561130288
0.0,AFW_diminishing,diminishing,962.0,0.024515151977539062,15.627146721396844,0.005147837620606666,9.0,0.5209048907132281
0.0,AFW_diminishing,diminishing,963.0,0.024541378021240234,15.627136800904847,0.008143760835764624,9.0,0.5209045600301615
0.0,AFW_diminishing,diminishing,964.0,0.024565458297729492,15.627146752847796,0.0050861658087359984,9.0,0.5209048917615932
0.0,AFW_diminishing,diminishing,965.0,0.024589061737060547,15.627136768432807,0.008151004688206953,9.0,0.5209045589477602
0.0,AFW_diminishing,diminishing,966.0,0.024613142013549805,15.627146784212318,0.0050247501568740915,9.0,0.5209048928070773
0.0,AFW_diminishing,diminishing,967.0,0.024637222290039062,15.627136736486786,0.008158218694441999,9.0,0.5209045578828929
0.0,AFW_diminishing,diminishing,968.0,0.024663209915161133,15.627146815490681,0.004963589072369601,9.0,0.5209048938496894
0.0,AFW_diminishing,diminishing,969.0,0.02468729019165039,15.627136705061107,0.008165403038564278,9.0,0.5209045568353702
0.0,AFW_diminishing,diminishing,970.0,0.02471137046813965,15.627146846683157,0.004902680975728657,9.0,0.5209048948894386
0.0,AFW_diminishing,diminishing,971.0,0.024747133255004883,15.627136674150165,0.008172557903121103,9.0,0.5209045558050055
0.0,AFW_diminishing,diminishing,972.0,0.024772167205810547,15.627146877789997,0.004842024300526049,9.0,0.5209048959263333
0.0,AFW_diminishing,diminishing,973.0,0.024796247482299805,15.627136643748424,0.008179683469206722,9.0,0.5209045547916141
0.0,AFW_diminishing,diminishing,974.0,0.024820327758789062,15.62714690881148,0.004781617493213375,9.0,0.5209048969603827
0.0,AFW_diminishing,diminishing,975.0,0.02484607696533203,15.6271366138504,0.008186779916400155,9.0,0.5209045537950133
0.0,AFW_diminishing,diminishing,976.0,0.024872303009033203,15.627146939747865,0.004721459013035556,9.0,0.5209048979915955
0.0,AFW_diminishing,diminishing,977.0,0.024898052215576172,15.627136584450689,0.00819384742283269,9.0,0.520904552815023
0.0,AFW_diminishing,diminishing,978.0,0.02492213249206543,15.62714697059942,0.004661547331870963,9.0,0.5209048990199806
0.0,AFW_diminishing,diminishing,979.0,0.024952173233032227,15.627136555543942,0.008200886165171895,9.0,0.5209045518514647
0.0,AFW_diminishing,diminishing,980.0,0.024978160858154297,15.627147001366406,0.004601880934096414,9.0,0.5209049000455469
0.0,AFW_diminishing,diminishing,981.0,0.025002241134643555,15.627136527124868,0.008207896318674912,9.0,0.5209045509041623
0.0,AFW_diminishing,diminishing,982.0,0.02502727508544922,15.627147032049097,0.004542458316503684,9.0,0.5209049010683032
0.0,AFW_diminishing,diminishing,983.0,0.025051116943359375,15.627136499188243,0.008214878057160035,9.0,0.5209045499729414
0.0,AFW_diminishing,diminishing,984.0,0.025077342987060547,15.62714706264775,0.004483277988123646,9.0,0.5209049020882583
0.0,AFW_diminishing,diminishing,985.0,0.025103092193603516,15.62713647172891,0.00822183155304046,9.0,0.5209045490576304
0.0,AFW_diminishing,diminishing,986.0,0.025129318237304688,15.627147093162636,0.004424338470114364,9.0,0.5209049031054211
0.0,AFW_diminishing,diminishing,987.0,0.025152206420898438,15.627136444741756,0.008228756977340268,9.0,0.5209045481580585
0.0,AFW_diminishing,diminishing,988.0,0.025176048278808594,15.627147123594021,0.004365638295661611,9.0,0.5209049041198007
0.0,AFW_diminishing,diminishing,989.0,0.02520012855529785,15.627136418221742,0.008235654499706868,9.0,0.5209045472740581
0.0,AFW_diminishing,diminishing,990.0,0.02522420883178711,15.627147153942165,0.004307176009831437,9.0,0.5209049051314055
0.0,AFW_diminishing,diminishing,991.0,0.02525019645690918,15.627136392163875,0.008242524288418096,9.0,0.5209045464054625
0.0,AFW_diminishing,diminishing,992.0,0.025274276733398438,15.627147184207331,0.004248950169442267,9.0,0.5209049061402443
0.0,AFW_diminishing,diminishing,993.0,0.025298357009887695,15.627136366563231,0.00824936651040531,9.0,0.5209045455521077
0.0,AFW_diminishing,diminishing,994.0,0.025323152542114258,15.627147214389796,0.004190959343000955,9.0,0.5209049071463265
0.0,AFW_diminishing,diminishing,995.0,0.025346040725708008,15.627136341414936,0.008256181331262269,9.0,0.5209045447138312
0.0,AFW_diminishing,diminishing,996.0,0.02537226676940918,15.627147244489812,0.004133202110505607,9.0,0.5209049081496604
0.0,AFW_diminishing,diminishing,997.0,0.025396347045898438,15.627136316714171,0.008262968915270008,9.0,0.5209045438904724
0.0,AFW_diminishing,diminishing,998.0,0.025420188903808594,15.627141304177426,0.004075677063402949,9.0,0.5209047101392476
0.0,AFW_diminishing,diminishing,999.0,0.02544426918029785,15.627138679122114,0.010872438933752449,9.0,0.5209046226374038
0.0,AFW_diminishing,diminishing,1000.0,0.025470256805419922,15.627143743970949,0.004271115968785821,9.0,0.5209047914656983
0.0,AFW_diminishing,diminishing,1001.0,0.025495052337646484,15.627138696969132,0.014059705218301133,9.0,0.5209046232323044
0.0,AFW_diminishing,diminishing,1002.0,0.025518178939819336,15.627143660405363,0.004275875238512583,9.0,0.5209047886801788
0.0,AFW_diminishing,diminishing,1003.0,0.025542259216308594,15.627138714790455,0.013990725639992263,9.0,0.5209046238263485
0.0,AFW_diminishing,diminishing,1004.0,0.02556633949279785,15.627143577580437,0.004280615656545805,9.0,0.5209047859193479
0.0,AFW_diminishing,diminishing,1005.0,0.025590181350708008,15.627138732585967,0.013922021423375952,9.0,0.5209046244195322
0.0,AFW_diminishing,diminishing,1006.0,0.025616168975830078,15.62714349548932,0.004285337334678729,9.0,0.5209047831829773
0.0,AFW_diminishing,diminishing,1007.0,0.02564239501953125,15.627138750355554,0.013853590922913384,9.0,0.5209046250118518
0.0,AFW_diminishing,diminishing,1008.0,0.02566814422607422,15.627143414125245,0.004290040383809313,9.0,0.5209047804708414
0.0,AFW_diminishing,diminishing,1009.0,0.025693178176879883,15.627138768099108,0.013785432506145057,9.0,0.5209046256033036
0.0,AFW_diminishing,diminishing,1010.0,0.02571725845336914,15.62714333348152,0.0042947249139686505,9.0,0.5209047777827174
0.0,AFW_diminishing,diminishing,1011.0,0.025741100311279297,15.627138785816516,0.013717544553580652,9.0,0.5209046261938839
0.0,AFW_diminishing,diminishing,1012.0,0.025765180587768555,15.62714325355153,0.0042993910343174235,9.0,0.5209047751183843
0.0,AFW_diminishing,diminishing,1013.0,0.025791406631469727,15.627138803507687,0.013649925458535606,9.0,0.5209046267835896
0.0,AFW_diminishing,diminishing,1014.0,0.02582240104675293,15.627143174328719,0.004304038853170766,9.0,0.520904772477624
0.0,AFW_diminishing,diminishing,1015.0,0.0258481502532959,15.627138821172505,0.013582573627049399,9.0,0.5209046273724168
0.0,AFW_diminishing,diminishing,1016.0,0.02587437629699707,15.6271430958066,0.004308668477976951,9.0,0.52090476986022
0.0,AFW_diminishing,diminishing,1017.0,0.02590632438659668,15.627138838810875,0.013515487477734567,9.0,0.5209046279603625
0.0,AFW_diminishing,diminishing,1018.0,0.025933265686035156,15.627143017978767,0.004313280015372456,9.0,0.5209047672659589
0.0,AFW_diminishing,diminishing,1019.0,0.025959253311157227,15.6271388564227,0.013448665441645247,9.0,0.5209046285474234
0.0,AFW_diminishing,diminishing,1020.0,0.02598404884338379,15.62714294083888,0.004317873571137554,9.0,0.5209047646946293
0.0,AFW_diminishing,diminishing,1021.0,0.02601027488708496,15.627138874007894,0.013382105962154611,9.0,0.5209046291335965
0.0,AFW_diminishing,diminishing,1022.0,0.02603626251220703,15.627142864380648,0.004322449250233618,9.0,0.5209047621460215
0.0,AFW_diminishing,diminishing,1023.0,0.026061058044433594,15.627138891566354,0.013315807494871379,9.0,0.5209046297188784
0.0,AFW_diminishing,diminishing,1024.0,0.02608513832092285,15.627142788597874,0.004327007156819107,9.0,0.5209047596199291
0.0,AFW_diminishing,diminishing,1025.0,0.02610921859741211,15.627138909098,0.013249768507478166,9.0,0.5209046303032667
0.0,AFW_diminishing,diminishing,1026.0,0.026134014129638672,15.62714271348441,0.004331547394230029,9.0,0.520904757116147
0.0,AFW_diminishing,diminishing,1027.0,0.02615809440612793,15.627138926602747,0.013183987479610693,9.0,0.5209046308867582
0.0,AFW_diminishing,diminishing,1028.0,0.026183366775512695,15.627142639034169,0.004336070065020792,9.0,0.5209047546344723
0.0,AFW_diminishing,diminishing,1029.0,0.02621006965637207,15.627138944080512,0.01311846290279206,9.0,0.5209046314693504
0.0,AFW_diminishing,diminishing,1030.0,0.026236295700073242,15.627142565241146,0.0043405752709286816,9.0,0.5209047521747049
0.0,AFW_diminishing,diminishing,1031.0,0.0262603759765625,15.62713896153121,0.013053193280265774,9.0,0.5209046320510403
0.0,AFW_diminishing,diminishing,1032.0,0.02628302574157715,15.627142492099381,0.004345063112937808,9.0,0.520904749736646
0.0,AFW_diminishing,diminishing,1033.0,0.026308298110961914,15.627138978954765,0.012988177126917577,9.0,0.5209046326318255
0.0,AFW_diminishing,diminishing,1034.0,0.02633213996887207,15.627142419602981,0.00434953369121871,9.0,0.5209047473200994
0.0,AFW_diminishing,diminishing,1035.0,0.02635812759399414,15.627138996351103,0.012923412969112036,9.0,0.5209046332117034
0.0,AFW_diminishing,diminishing,1036.0,0.02638411521911621,15.627142347746126,0.00435398710520829,9.0,0.5209047449248708
0.0,AFW_diminishing,diminishing,1037.0,0.026410341262817383,15.627139013720148,0.01285889934463924,9.0,0.5209046337906716
0.0,AFW_diminishing,diminishing,1038.0,0.02643609046936035,15.627142276523042,0.004358423453558302,9.0,0.520904742550768
0.0,AFW_diminishing,diminishing,1039.0,0.026461362838745117,15.62713903106183,0.012794634802576255,9.0,0.5209046343687277
0.0,AFW_diminishing,diminishing,1040.0,0.026485443115234375,15.627142205928024,0.004362842834181535,9.0,0.5209047401976008
0.0,AFW_diminishing,diminishing,1041.0,0.02650904655456543,15.62713904837608,0.012730617903176977,9.0,0.5209046349458694
0.0,AFW_diminishing,diminishing,1042.0,0.0265352725982666,15.62714213595542,0.004367245344219839,9.0,0.5209047378651807
0.0,AFW_diminishing,diminishing,1043.0,0.02656102180480957,15.627139065662831,0.012666847217785104,9.0,0.5209046355220944
0.0,AFW_diminishing,diminishing,1044.0,0.026587247848510742,15.62714206659965,0.00437163108010985,9.0,0.5209047355533216
0.0,AFW_diminishing,diminishing,1045.0,0.026611328125,15.627139082922023,0.012603321328679584,9.0,0.5209046360974008
0.0,AFW_diminishing,diminishing,1046.0,0.026635169982910156,15.627141997855178,0.004376000137511937,9.0,0.5209047332618393
0.0,AFW_diminishing,diminishing,1047.0,0.02666020393371582,15.627139100153588,0.012540038829040867,9.0,0.5209046366717863
0.0,AFW_diminishing,diminishing,1048.0,0.026683330535888672,15.627141929716526,0.004380352611399019,9.0,0.5209047309905509
0.0,AFW_diminishing,diminishing,1049.0,0.026710033416748047,15.62713911735747,0.012476998322799915,9.0,0.5209046372452489
0.0,AFW_diminishing,diminishing,1050.0,0.026735305786132812,15.627141862178282,0.004384688596003272,9.0,0.5209047287392761
0.0,AFW_diminishing,diminishing,1051.0,0.026761293411254883,15.62713913453361,0.01241419842451208,9.0,0.5209046378177871
0.0,AFW_diminishing,diminishing,1052.0,0.02678513526916504,15.62714179523509,0.004389008184855214,9.0,0.5209047265078364
0.0,AFW_diminishing,diminishing,1053.0,0.026809215545654297,15.627139151681954,0.012351637759335787,9.0,0.5209046383893985
0.0,AFW_diminishing,diminishing,1054.0,0.02683424949645996,15.627141728881634,0.00439331147076949,9.0,0.5209047242960545
0.0,AFW_diminishing,diminishing,1055.0,0.02685832977294922,15.627139168802444,0.012289314962844244,9.0,0.5209046389600814
0.0,AFW_diminishing,diminishing,1056.0,0.026884078979492188,15.627141663112669,0.0043975985458679645,9.0,0.5209047221037556
0.0,AFW_diminishing,diminishing,1057.0,0.02690720558166504,15.627139185895032,0.012227228680984581,9.0,0.5209046395298345
0.0,AFW_diminishing,diminishing,1058.0,0.026931285858154297,15.627141597922998,0.004401869501569067,9.0,0.5209047199307666
0.0,AFW_diminishing,diminishing,1059.0,0.02695608139038086,15.627139202959668,0.01216537756997127,9.0,0.5209046400986556
0.0,AFW_diminishing,diminishing,1060.0,0.026980161666870117,15.627141533307475,0.004406124428619762,9.0,0.5209047177769158
0.0,AFW_diminishing,diminishing,1061.0,0.02700638771057129,15.627139219996304,0.012103760296154675,9.0,0.5209046406665434
0.0,AFW_diminishing,diminishing,1062.0,0.027032136917114258,15.627141469261012,0.004410363417086671,9.0,0.5209047156420338
0.0,AFW_diminishing,diminishing,1063.0,0.02705836296081543,15.627139237004895,0.012042375535978422,9.0,0.5209046412334966
0.0,AFW_diminishing,diminishing,1064.0,0.027082443237304688,15.627141405778566,0.004414586556359623,9.0,0.5209047135259522
0.0,AFW_diminishing,diminishing,1065.0,0.027106046676635742,15.627139253985394,0.011981221975823075,9.0,0.5209046417995131
0.0,AFW_diminishing,diminishing,1066.0,0.027130126953125,15.627141342855158,0.00441879393513922,9.0,0.5209047114285053
0.0,AFW_diminishing,diminishing,1067.0,0.027154207229614258,15.627139270937759,0.01192029831198127,9.0,0.520904642364592
0.0,AFW_diminishing,diminishing,1068.0,0.027180194854736328,15.627141280485846,0.004422985641502564,9.0,0.5209047093495281
0.0,AFW_diminishing,diminishing,1069.0,0.027204275131225586,15.627139287861956,0.011859603250499617,9.0,0.5209046429287318
0.0,AFW_diminishing,diminishing,1070.0,0.027227163314819336,15.627141218665743,0.004427161762841081,9.0,0.5209047072888581
0.0,AFW_diminishing,diminishing,1071.0,0.0272524356842041,15.62713930475794,0.011799135507125413,9.0,0.5209046434919313
0.0,AFW_diminishing,diminishing,1072.0,0.027276039123535156,15.627141157390016,0.00443132238593158,9.0,0.5209047052463338
0.0,AFW_diminishing,diminishing,1073.0,0.027302265167236328,15.627139321625675,0.011738893807226702,9.0,0.5209046440541891
0.0,AFW_diminishing,diminishing,1074.0,0.027328014373779297,15.627141096653872,0.004435467596863418,9.0,0.5209047032217957
0.0,AFW_diminishing,diminishing,1075.0,0.02735424041748047,15.627139338465124,0.01167887688565905,9.0,0.5209046446155041
0.0,AFW_diminishing,diminishing,1076.0,0.02738022804260254,15.627141036452583,0.004439597481136204,9.0,0.5209047012150861
0.0,AFW_diminishing,diminishing,1077.0,0.02740621566772461,15.627139355276256,0.011619083486706927,9.0,0.5209046451758752
0.0,AFW_diminishing,diminishing,1078.0,0.027430295944213867,15.627140976781446,0.0044437121235816335,9.0,0.5209046992260482
0.0,AFW_diminishing,diminishing,1079.0,0.027454376220703125,15.627139372059043,0.011559512364005542,9.0,0.5209046457353014
0.0,AFW_diminishing,diminishing,1080.0,0.02747821807861328,15.627140917635828,0.0044478116084238906,9.0,0.5209046972545276
0.0,AFW_diminishing,diminishing,1081.0,0.027502059936523438,15.62713938881345,0.011500162280412951,9.0,0.5209046462937816
0.0,AFW_diminishing,diminishing,1082.0,0.02752828598022461,15.627140859011124,0.0044518960192565515,9.0,0.5209046953003708
0.0,AFW_diminishing,diminishing,1083.0,0.027554035186767578,15.627139405539452,0.011441032007974528,9.0,0.5209046468513151
0.0,AFW_diminishing,diminishing,1084.0,0.02758026123046875,15.627140800902792,0.004455965439078113,9.0,0.5209046933634264
0.0,AFW_diminishing,diminishing,1085.0,0.027610301971435547,15.627139422237015,0.011382120327795064,9.0,0.5209046474079005
0.0,AFW_diminishing,diminishing,1086.0,0.027636289596557617,15.62714074330632,0.004460019950258243,9.0,0.520904691443544
0.0,AFW_diminishing,diminishing,1087.0,0.027662277221679688,15.62713943890612,0.011323426030005024,9.0,0.5209046479635373
0.0,AFW_diminishing,diminishing,1088.0,0.027688264846801758,15.627140686217254,0.004464059634573303,9.0,0.5209046895405751
0.0,AFW_diminishing,diminishing,1089.0,0.027714252471923828,15.627139455546743,0.0112649479136131,9.0,0.5209046485182248
0.0,AFW_diminishing,diminishing,1090.0,0.0277402400970459,15.627140629631178,0.004468084573224118,9.0,0.5209046876543726
0.0,AFW_diminishing,diminishing,1091.0,0.02776622772216797,15.627139472158857,0.011206684786468912,9.0,0.5209046490719619
0.0,AFW_diminishing,diminishing,1092.0,0.02779221534729004,15.627140573543718,0.004472094846775576,9.0,0.5209046857847907
0.0,AFW_diminishing,diminishing,1093.0,0.027817249298095703,15.627139488742444,0.011148635465195511,9.0,0.5209046496247481
0.0,AFW_diminishing,diminishing,1094.0,0.02784109115600586,15.627140517950556,0.004476090535238342,9.0,0.5209046839316852
0.0,AFW_diminishing,diminishing,1095.0,0.027865171432495117,15.627139505297484,0.01109079877503838,9.0,0.5209046501765828
0.0,AFW_diminishing,diminishing,1096.0,0.027889251708984375,15.627140462847398,0.004480071718035106,9.0,0.5209046820949133
0.0,AFW_diminishing,diminishing,1097.0,0.027915000915527344,15.627139521823963,0.01103317354987432,9.0,0.5209046507274654
0.0,AFW_diminishing,diminishing,1098.0,0.027941226959228516,15.627140408230012,0.004484038474013019,9.0,0.5209046802743338
0.0,AFW_diminishing,diminishing,1099.0,0.027967214584350586,15.62713953832186,0.010975758632080002,9.0,0.5209046512773953
0.0,AFW_diminishing,diminishing,1100.0,0.02799224853515625,15.627140354094193,0.004487990881449022,9.0,0.5209046784698065
0.0,AFW_diminishing,diminishing,1101.0,0.028016328811645508,15.627139554791157,0.01091855287246446,9.0,0.5209046518263719
0.0,AFW_diminishing,diminishing,1102.0,0.028041362762451172,15.627140300435787,0.004491929018048069,9.0,0.5209046766811929
0.0,AFW_diminishing,diminishing,1103.0,0.028065204620361328,15.627139571231842,0.010861555130173173,9.0,0.5209046523743948
0.0,AFW_diminishing,diminishing,1104.0,0.0280911922454834,15.62714024725068,0.00449585296095556,9.0,0.520904674908356
0.0,AFW_diminishing,diminishing,1105.0,0.02811741828918457,15.62713958764391,0.010804764272668521,9.0,0.5209046529214637
0.0,AFW_diminishing,diminishing,1106.0,0.02814316749572754,15.62714019453479,0.004499762786775108,9.0,0.5209046731511597
0.0,AFW_diminishing,diminishing,1107.0,0.02816939353942871,15.627139604027334,0.010748179175610773,9.0,0.5209046534675779
0.0,AFW_diminishing,diminishing,1108.0,0.02819514274597168,15.627140142284087,0.004503658571552549,9.0,0.5209046714094696
0.0,AFW_diminishing,diminishing,1109.0,0.028219223022460938,15.627139620382115,0.01069179872277104,9.0,0.5209046540127372
0.0,AFW_diminishing,diminishing,1110.0,0.028243303298950195,15.627140090494581,0.00450754039077772,9.0,0.5209046696831527
0.0,AFW_diminishing,diminishing,1111.0,0.028268098831176758,15.627142959390145,0.010660644986332457,9.0,0.5209047653130049
0.0,AFW_diminishing,diminishing,1112.0,0.028292179107666016,15.62714003906564,0.006156991505868348,9.0,0.5209046679688547
0.0,AFW_diminishing,diminishing,1113.0,0.028318405151367188,15.627139599050157,0.010609727612918007,9.0,0.5209046533016719
0.0,AFW_diminishing,diminishing,1114.0,0.028344154357910156,15.627139988041648,0.004503161587081195,9.0,0.520904666268055
0.0,AFW_diminishing,diminishing,1115.0,0.028370380401611328,15.62714293227092,0.01056877577558879,9.0,0.5209047644090307
0.0,AFW_diminishing,diminishing,1116.0,0.028396129608154297,15.627139937420479,0.006140225415689926,9.0,0.5209046645806826
0.0,AFW_diminishing,diminishing,1117.0,0.02842235565185547,15.627139578132734,0.010528246159964283,9.0,0.5209046526044244
0.0,AFW_diminishing,diminishing,1118.0,0.028446197509765625,15.627139887149584,0.004498814535940809,9.0,0.5209046629049862
0.0,AFW_diminishing,diminishing,1119.0,0.02847003936767578,15.627142905562781,0.010477565271573397,9.0,0.5209047635187594
0.0,AFW_diminishing,diminishing,1120.0,0.028495311737060547,15.627139837322858,0.0061235793418426,9.0,0.5209046612440953
0.0,AFW_diminishing,diminishing,1121.0,0.028522253036499023,15.627139557622636,0.010447348031979331,9.0,0.5209046519207545
0.0,AFW_diminishing,diminishing,1122.0,0.028548240661621094,15.627139787792894,0.004494498893318877,9.0,0.5209046595930965
0.0,AFW_diminishing,diminishing,1123.0,0.028573274612426758,15.627139573635768,0.010392368224975357,9.0,0.5209046524545256
0.0,AFW_diminishing,diminishing,1124.0,0.028599023818969727,15.627139738698753,0.004498284797520569,9.0,0.5209046579566251
0.0,AFW_diminishing,diminishing,1125.0,0.0286252498626709,15.627142831382224,0.010361665105392603,9.0,0.5209047610460742
0.0,AFW_diminishing,diminishing,1126.0,0.028650999069213867,15.62713968994631,0.006093372803144703,9.0,0.5209046563315437
0.0,AFW_diminishing,diminishing,1127.0,0.028675079345703125,15.627139553607604,0.010312333502419335,9.0,0.5209046517869201
0.0,AFW_diminishing,diminishing,1128.0,0.028699159622192383,15.62713964157477,0.004494015383212258,9.0,0.520904654719159
0.0,AFW_diminishing,diminishing,1129.0,0.02872443199157715,15.627142805772799,0.010272070471367911,9.0,0.5209047601924266
0.0,AFW_diminishing,diminishing,1130.0,0.028748035430908203,15.62713959358522,0.006077021409112149,9.0,0.5209046531195073
0.0,AFW_diminishing,diminishing,1131.0,0.028774261474609375,15.627139533970162,0.010232866666012086,9.0,0.5209046511323387
0.0,AFW_diminishing,diminishing,1132.0,0.028800010681152344,15.627139545924685,0.004489776540497203,9.0,0.5209046515308228
0.0,AFW_diminishing,diminishing,1133.0,0.028826236724853516,15.627142780550889,0.01018311027480756,9.0,0.5209047593516963
0.0,AFW_diminishing,diminishing,1134.0,0.028850317001342773,15.627139498685569,0.006060785614849351,9.0,0.5209046499561857
0.0,AFW_diminishing,diminishing,1135.0,0.02887439727783203,15.627139514716688,0.010153961693006863,9.0,0.5209046504905562
0.0,AFW_diminishing,diminishing,1136.0,0.028899192810058594,15.627139451724645,0.004485567942282387,9.0,0.5209046483908215
0.0,AFW_diminishing,diminishing,1137.0,0.02892327308654785,15.627139530398404,0.010100330979069483,9.0,0.5209046510132801
0.0,AFW_diminishing,diminishing,1138.0,0.028948307037353516,15.627139405175814,0.004489261442930825,9.0,0.5209046468391938
0.0,AFW_diminishing,diminishing,1139.0,0.028973102569580078,15.627142709824609,0.010070059396973363,9.0,0.5209047569941536
0.0,AFW_diminishing,diminishing,1140.0,0.028998136520385742,15.62713935895102,0.006031320515056393,9.0,0.5209046452983673
0.0,AFW_diminishing,diminishing,1141.0,0.029023408889770508,15.627139511598294,0.010022257782557276,9.0,0.5209046503866098
0.0,AFW_diminishing,diminishing,1142.0,0.02904820442199707,15.627139313084667,0.004485097370125146,9.0,0.5209046437694889
0.0,AFW_diminishing,diminishing,1143.0,0.02907109260559082,15.62714268563955,0.009982655900365955,9.0,0.520904756187985
0.0,AFW_diminishing,diminishing,1144.0,0.029095172882080078,15.627139267580796,0.006015368619806338,9.0,0.5209046422526932
0.0,AFW_diminishing,diminishing,1145.0,0.029119253158569336,15.627139493166647,0.009944731760073822,9.0,0.5209046497722215
0.0,AFW_diminishing,diminishing,1146.0,0.029143095016479492,15.627139222386068,0.004480962745816441,9.0,0.5209046407462022
0.0,AFW_diminishing,diminishing,1147.0,0.02917027473449707,15.627142661819967,0.009895863749685319,9.0,0.5209047553939989
0.0,AFW_diminishing,diminishing,1148.0,0.029195070266723633,15.627139177591447,0.00599952812183524,9.0,0.5209046392530482
0.0,AFW_diminishing,diminishing,1149.0,0.02922224998474121,15.627139475097149,0.009867747179475472,9.0,0.520904649169905
0.0,AFW_diminishing,diminishing,1150.0,0.02924633026123047,15.627139133057694,0.004476857258771005,9.0,0.5209046377685899
0.0,AFW_diminishing,diminishing,1151.0,0.029270172119140625,15.627139490457294,0.009815416505125185,9.0,0.5209046496819097
0.0,AFW_diminishing,diminishing,1152.0,0.029294252395629883,15.627139088913802,0.004480461698001648,9.0,0.5209046362971267
0.0,AFW_diminishing,diminishing,1153.0,0.02931833267211914,15.627142594364193,0.00978555836822359,9.0,0.5209047531454731
0.0,AFW_diminishing,diminishing,1154.0,0.02934432029724121,15.627139045077424,0.005970777494145096,9.0,0.5209046348359141
0.0,AFW_diminishing,diminishing,1155.0,0.02937030792236328,15.627139472814479,0.009739233598265784,9.0,0.520904649093816
0.0,AFW_diminishing,diminishing,1156.0,0.02939629554748535,15.627139001578461,0.004476399116088103,9.0,0.5209046333859487
0.0,AFW_diminishing,diminishing,1157.0,0.029420137405395508,15.62714257152361,0.009700266601473828,9.0,0.5209047523841204
0.0,AFW_diminishing,diminishing,1158.0,0.029444217681884766,15.627138958423709,0.005955210633914021,9.0,0.520904631947457
0.0,AFW_diminishing,diminishing,1159.0,0.029468297958374023,15.627139455519302,0.009663578148426666,9.0,0.5209046485173101
0.0,AFW_diminishing,diminishing,1160.0,0.02949237823486328,15.627138915559522,0.004472364913903348,9.0,0.5209046305186508
0.0,AFW_diminishing,diminishing,1161.0,0.02951812744140625,15.627142549027893,0.009615564196261417,9.0,0.5209047516342631
0.0,AFW_diminishing,diminishing,1162.0,0.029544353485107422,15.627138873075467,0.005939751169734109,9.0,0.5209046291025156
0.0,AFW_diminishing,diminishing,1163.0,0.02957010269165039,15.627139438565875,0.00958844469672826,9.0,0.5209046479521958
0.0,AFW_diminishing,diminishing,1164.0,0.02959418296813965,15.627138830836083,0.004468358795154614,9.0,0.520904627694536
0.0,AFW_diminishing,diminishing,1165.0,0.0296173095703125,15.627139453613934,0.009537367358081639,9.0,0.5209046484537978
0.0,AFW_diminishing,diminishing,1166.0,0.029642343521118164,15.627138788965738,0.004471877355825882,9.0,0.5209046262988579
0.0,AFW_diminishing,diminishing,1167.0,0.02966618537902832,15.627142484670365,0.009507905499781089,9.0,0.5209047494890122
0.0,AFW_diminishing,diminishing,1168.0,0.02969217300415039,15.627138747387411,0.005911689339347603,9.0,0.5209046249129137
0.0,AFW_diminishing,diminishing,1169.0,0.02971816062927246,15.627139437062251,0.009463006912593386,9.0,0.520904647902075
0.0,AFW_diminishing,diminishing,1170.0,0.02974534034729004,15.62713870612684,0.004467912599585233,9.0,0.5209046235375613
0.0,AFW_diminishing,diminishing,1171.0,0.029771089553833008,15.627142463099505,0.009424649846470956,9.0,0.5209047487699835
0.0,AFW_diminishing,diminishing,1172.0,0.029798269271850586,15.627138665193328,0.0058964937402326,9.0,0.520904622173111
0.0,AFW_diminishing,diminishing,1173.0,0.029824018478393555,15.627139420838743,0.0093891551431593,9.0,0.5209046473612914
0.0,AFW_diminishing,diminishing,1174.0,0.029850244522094727,15.627138624533014,0.004463975205380777,9.0,0.5209046208177671
0.0,AFW_diminishing,diminishing,1175.0,0.029876232147216797,15.627142441854222,0.009341962611864929,9.0,0.5209047480618074
0.0,AFW_diminishing,diminishing,1176.0,0.029902219772338867,15.627138584234089,0.005881401725281066,9.0,0.5209046194744696
0.0,AFW_diminishing,diminishing,1177.0,0.029926300048828125,15.627139404937882,0.009315806848070096,9.0,0.5209046468312627
0.0,AFW_diminishing,diminishing,1178.0,0.029949188232421875,15.627138544164689,0.00446006489099382,9.0,0.5209046181388229
0.0,AFW_diminishing,diminishing,1179.0,0.02997422218322754,15.627139419682974,0.009265938351887826,9.0,0.5209046473227658
0.0,AFW_diminishing,diminishing,1180.0,0.03000330924987793,15.627138504444808,0.004463500606100013,9.0,0.5209046168148269
0.0,AFW_diminishing,diminishing,1181.0,0.030053138732910156,15.627142380433396,0.009236856474315047,9.0,0.5209047460144466
0.0,AFW_diminishing,diminishing,1182.0,0.030086278915405273,15.627138465002409,0.00585400423302751,9.0,0.5209046155000803
0.0,AFW_diminishing,diminishing,1183.0,0.030112266540527344,15.627139404160548,0.00919333574620218,9.0,0.5209046468053516
0.0,AFW_diminishing,diminishing,1184.0,0.030138254165649414,15.627138425859354,0.00445963018466955,9.0,0.5209046141953118
0.0,AFW_diminishing,diminishing,1185.0,0.030165433883666992,15.627142360062255,0.009155564885562129,9.0,0.5209047453354085
0.0,AFW_diminishing,diminishing,1186.0,0.03019118309020996,15.627138387027273,0.00583916677034324,9.0,0.5209046129009091
0.0,AFW_diminishing,diminishing,1187.0,0.030217409133911133,15.627139388948054,0.009121223916746857,9.0,0.5209046462982685
0.0,AFW_diminishing,diminishing,1188.0,0.0302431583404541,15.627138348452123,0.004455786155663333,9.0,0.5209046116150707
0.0,AFW_diminishing,diminishing,1189.0,0.030269384384155273,15.627142339998635,0.009074821753355167,9.0,0.5209047446666212
0.0,AFW_diminishing,diminishing,1190.0,0.030294179916381836,15.627138310220758,0.005824429258231234,9.0,0.5209046103406919
0.0,AFW_diminishing,diminishing,1191.0,0.030320167541503906,15.627139374040317,0.009049597904024154,9.0,0.5209046458013439
0.0,AFW_diminishing,diminishing,1192.0,0.030346393585205078,15.627138272204752,0.004451968250098304,9.0,0.5209046090734917
0.0,AFW_diminishing,diminishing,1193.0,0.030373334884643555,15.627139388491237,0.009000895838395806,9.0,0.5209046462830412
0.0,AFW_diminishing,diminishing,1194.0,0.03039836883544922,15.627138234519947,0.004455324011473749,9.0,0.5209046078173316
0.0,AFW_diminishing,diminishing,1195.0,0.030425071716308594,15.627142281362866,0.008972178459583091,9.0,0.5209047427120955
0.0,AFW_diminishing,diminishing,1196.0,0.03045034408569336,15.627138197098994,0.00579767278937382,9.0,0.5209046065699664
0.0,AFW_diminishing,diminishing,1197.0,0.030515193939208984,15.627139373940132,0.008929989470360056,9.0,0.5209046457980044
0.0,AFW_diminishing,diminishing,1198.0,0.030544281005859375,15.627138159960127,0.004451544598106594,9.0,0.5209046053320042
0.0,AFW_diminishing,diminishing,1199.0,0.03057122230529785,15.627142262125847,0.008892782246176623,9.0,0.5209047420708616
0.0,AFW_diminishing,diminishing,1200.0,0.030596256256103516,15.627138123117124,0.0057831809498658515,9.0,0.5209046041039042
0.0,AFW_diminishing,diminishing,1201.0,0.030622243881225586,15.627139359681864,0.008859556808808122,9.0,0.5209046453227288
0.0,AFW_diminishing,diminishing,1202.0,0.030648231506347656,15.627138086515815,0.004447790652820416,9.0,0.5209046028838605
0.0,AFW_diminishing,diminishing,1203.0,0.030674219131469727,15.627142243179433,0.008813915451010956,9.0,0.5209047414393144
0.0,AFW_diminishing,diminishing,1204.0,0.030700206756591797,15.62713805024175,0.005768785595305914,9.0,0.5209046016747251
0.0,AFW_diminishing,diminishing,1205.0,0.03072524070739746,15.627139345711596,0.008789593122521921,9.0,0.5209046448570532
0.0,AFW_diminishing,diminishing,1206.0,0.03074932098388672,15.627138014169788,0.004444061919100406,9.0,0.5209046004723262
0.0,AFW_diminishing,diminishing,1207.0,0.030775070190429688,15.627139359876814,0.008742017036592387,9.0,0.5209046453292271
0.0,AFW_diminishing,diminishing,1208.0,0.030800342559814453,15.627137978411834,0.004447340485553397,9.0,0.5209045992803945
0.0,AFW_diminishing,diminishing,1209.0,0.03082418441772461,15.627142187186303,0.008713649441414617,9.0,0.5209047395728768
0.0,AFW_diminishing,diminishing,1210.0,0.030848026275634766,15.627137942904914,0.005742647913452359,9.0,0.5209045980968304
0.0,AFW_diminishing,diminishing,1211.0,0.03087329864501953,15.62713895819378,0.008689045510903881,9.0,0.5209046319397926
0.0,AFW_diminishing,diminishing,1212.0,0.03090834617614746,15.627137907595296,0.00570262108363373,9.0,0.5209045969198433
0.0,AFW_diminishing,diminishing,1213.0,0.03093409538269043,15.627139310182233,0.008656096472643426,9.0,0.5209046436727411
0.0,AFW_diminishing,diminishing,1214.0,0.030961275100708008,15.627137872537473,0.004448368736159836,9.0,0.5209045957512491
0.0,AFW_diminishing,diminishing,1215.0,0.030985355377197266,15.627142108565467,0.008628776316667697,9.0,0.5209047369521822
0.0,AFW_diminishing,diminishing,1216.0,0.031009197235107422,15.627137837722092,0.00568739879077107,9.0,0.5209045945907363
0.0,AFW_diminishing,diminishing,1217.0,0.03103327751159668,15.627138887448035,0.008619096711933949,9.0,0.5209046295816012
0.0,AFW_diminishing,diminishing,1218.0,0.031057357788085938,15.627137803040362,0.0056330602579759415,9.0,0.5209045934346788
0.0,AFW_diminishing,diminishing,1219.0,0.031083106994628906,15.627138900726619,0.008573526525299968,9.0,0.5209046300242206
0.0,AFW_diminishing,diminishing,1220.0,0.031109333038330078,15.627137768655063,0.005630682768448025,9.0,0.520904592288502
0.0,AFW_diminishing,diminishing,1221.0,0.03113532066345215,15.627142007993626,0.008558951556384642,9.0,0.5209047335997875
0.0,AFW_diminishing,diminishing,1222.0,0.031159162521362305,15.627137734459096,0.005603705996991337,9.0,0.5209045911486365
0.0,AFW_diminishing,diminishing,1223.0,0.031183242797851562,15.627139199244393,0.008533168927353785,9.0,0.5209046399748131
0.0,AFW_diminishing,diminishing,1224.0,0.031208276748657227,15.627137700460654,0.004447223708181625,9.0,0.5209045900153552
0.0,AFW_diminishing,diminishing,1225.0,0.031231403350830078,15.62713883139225,0.008504523854401924,9.0,0.520904627713075
0.0,AFW_diminishing,diminishing,1226.0,0.03125715255737305,15.627137666684575,0.0055619199387333396,9.0,0.5209045888894859
0.0,AFW_diminishing,diminishing,1227.0,0.03128337860107422,15.627141932002331,0.00847569312389318,9.0,0.5209047310667444
0.0,AFW_diminishing,diminishing,1228.0,0.03130912780761719,15.627137633150953,0.005549628653625405,9.0,0.5209045877716985
0.0,AFW_diminishing,diminishing,1229.0,0.031333208084106445,15.627138796456988,0.00845236185202225,9.0,0.5209046265485663
0.0,AFW_diminishing,diminishing,1230.0,0.0313572883605957,15.627137599799717,0.005510210094637813,9.0,0.5209045866599905
0.0,AFW_diminishing,diminishing,1231.0,0.031382083892822266,15.627139117510731,0.008433332987189956,9.0,0.5209046372503577
0.0,AFW_diminishing,diminishing,1232.0,0.03140616416931152,15.627137566633365,0.0044528488001098765,9.0,0.5209045855544455
0.0,AFW_diminishing,diminishing,1233.0,0.031432390213012695,15.627141857149192,0.008393292838233535,9.0,0.5209047285716397
0.0,AFW_diminishing,diminishing,1234.0,0.03145647048950195,15.62713753374751,0.005495984820129252,9.0,0.5209045844582503
0.0,AFW_diminishing,diminishing,1235.0,0.03148007392883301,15.627138729134234,0.008384449683561002,9.0,0.5209046243044745
0.0,AFW_diminishing,diminishing,1236.0,0.031504154205322266,15.627137500984126,0.00544266426922313,9.0,0.5209045833661375
0.0,AFW_diminishing,diminishing,1237.0,0.03152823448181152,15.62713907122993,0.008350730906983017,9.0,0.5209046357076643
0.0,AFW_diminishing,diminishing,1238.0,0.031554222106933594,15.627137468459825,0.00445384060020082,9.0,0.5209045822819942
0.0,AFW_diminishing,diminishing,1239.0,0.031580209732055664,15.627138709474757,0.008324241793431497,9.0,0.5209046236491586
0.0,AFW_diminishing,diminishing,1240.0,0.031606197357177734,15.627137436141037,0.005424183848909081,9.0,0.5209045812047013
0.0,AFW_diminishing,diminishing,1241.0,0.03163027763366699,15.627141727090509,0.008304647655648978,9.0,0.5209047242363503
0.0,AFW_diminishing,diminishing,1242.0,0.03165435791015625,15.627137404019596,0.005403567026860401,9.0,0.5209045801339866
0.0,AFW_diminishing,diminishing,1243.0,0.031679391860961914,15.627138675887391,0.008273253445180373,9.0,0.5209046225295797
0.0,AFW_diminishing,diminishing,1244.0,0.03170418739318848,15.627137372104736,0.005373632453794741,9.0,0.5209045790701579
0.0,AFW_diminishing,diminishing,1245.0,0.031731367111206055,15.627138992611455,0.008253141988260992,9.0,0.5209046330870485
0.0,AFW_diminishing,diminishing,1246.0,0.03175616264343262,15.627137340371368,0.004459342155092472,9.0,0.5209045780123789
0.0,AFW_diminishing,diminishing,1247.0,0.03178215026855469,15.627141655090416,0.008224096638917544,9.0,0.5209047218363472
0.0,AFW_diminishing,diminishing,1248.0,0.03180813789367676,15.62713730886626,0.005351124027816567,9.0,0.5209045769622087
0.0,AFW_diminishing,diminishing,1249.0,0.03183412551879883,15.627138611094107,0.008206864464952446,9.0,0.5209046203698036
0.0,AFW_diminishing,diminishing,1250.0,0.031858205795288086,15.627137277510203,0.005307593913430608,9.0,0.5209045759170068
0.0,AFW_diminishing,diminishing,1251.0,0.031882286071777344,15.627138948145458,0.008172387718808238,9.0,0.5209046316048486
0.0,AFW_diminishing,diminishing,1252.0,0.0319061279296875,15.627137246387448,0.004460313467285815,9.0,0.5209045748795816
0.0,AFW_diminishing,diminishing,1253.0,0.03193020820617676,15.627138592301716,0.008147999583952625,9.0,0.5209046197433905
0.0,AFW_diminishing,diminishing,1254.0,0.03195643424987793,15.627137215454416,0.005289524955045977,9.0,0.5209045738484805
0.0,AFW_diminishing,diminishing,1255.0,0.031986236572265625,15.627141529819784,0.008137432215718832,9.0,0.5209047176606595
0.0,AFW_diminishing,diminishing,1256.0,0.03201103210449219,15.627137184676467,0.005260762171932498,9.0,0.5209045728225489
0.0,AFW_diminishing,diminishing,1257.0,0.032035112380981445,15.627138559998912,0.008098145720095928,9.0,0.5209046186666304
0.0,AFW_diminishing,diminishing,1258.0,0.0320591926574707,15.627137154127645,0.005240093511659438,9.0,0.5209045718042549
0.0,AFW_diminishing,diminishing,1259.0,0.03208422660827637,15.627136293980866,0.008078814647010546,9.0,0.5209045431326955
0.0,AFW_diminishing,diminishing,1260.0,0.03210806846618652,15.627135156348453,0.00966292969216731,9.0,0.5209045052116151
0.0,AFW_diminishing,diminishing,1261.0,0.032134294509887695,15.62713625768632,0.005417881033949357,9.0,0.5209045419228774
0.0,AFW_diminishing,diminishing,1262.0,0.032160282135009766,15.627135166647976,0.009620399018519521,9.0,0.5209045055549325
0.0,AFW_diminishing,diminishing,1263.0,0.03218507766723633,15.627136221665836,0.005416633831217155,9.0,0.5209045407221945
0.0,AFW_diminishing,diminishing,1264.0,0.032209157943725586,15.627135176932546,0.00957800325401692,9.0,0.5209045058977515
0.0,AFW_diminishing,diminishing,1265.0,0.03223443031311035,15.627136185917362,0.005415390604250447,9.0,0.5209045395305787
0.0,AFW_diminishing,diminishing,1266.0,0.03226017951965332,15.627135187202128,0.009535741757771277,9.0,0.5209045062400709
0.0,AFW_diminishing,diminishing,1267.0,0.03228640556335449,15.62713615043886,0.005414151334068862,9.0,0.520904538347962
0.0,AFW_diminishing,diminishing,1268.0,0.03231215476989746,15.627135197456727,0.00949361389296044,9.0,0.5209045065818909
0.0,AFW_diminishing,diminishing,1269.0,0.03233838081359863,15.627136115228314,0.005412916001814594,9.0,0.5209045371742771
0.0,AFW_diminishing,diminishing,1270.0,0.0323641300201416,15.627135207696332,0.00945161902676972,9.0,0.5209045069232111
0.0,AFW_diminishing,diminishing,1271.0,0.03238821029663086,15.627136080283726,0.0054116845887506315,9.0,0.5209045360094575
0.0,AFW_diminishing,diminishing,1272.0,0.03241229057312012,15.627135217920923,0.00940975653036702,9.0,0.5209045072640308
0.0,AFW_diminishing,diminishing,1273.0,0.032436370849609375,15.627136045603116,0.005410457076251873,9.0,0.5209045348534372
0.0,AFW_diminishing,diminishing,1274.0,0.03246116638183594,15.627135228130495,0.009368025778893951,9.0,0.5209045076043498
0.0,AFW_diminishing,diminishing,1275.0,0.0324862003326416,15.627136011184513,0.0054092334458211155,9.0,0.5209045337061504
0.0,AFW_diminishing,diminishing,1276.0,0.03251314163208008,15.627135238325033,0.009326426151405443,9.0,0.5209045079441678
0.0,AFW_diminishing,diminishing,1277.0,0.03253912925720215,15.627135977025976,0.005408013679067736,9.0,0.5209045325675326
0.0,AFW_diminishing,diminishing,1278.0,0.032563209533691406,15.627135248504537,0.009284957030862628,9.0,0.5209045082834846
0.0,AFW_diminishing,diminishing,1279.0,0.03258705139160156,15.62713594312556,0.005406797757736115,9.0,0.5209045314375187
0.0,AFW_diminishing,diminishing,1280.0,0.03261113166809082,15.627135258668996,0.009243617804097326,9.0,0.5209045086222999
0.0,AFW_diminishing,diminishing,1281.0,0.03263521194458008,15.627135909481362,0.005405585663648793,9.0,0.5209045303160454
0.0,AFW_diminishing,diminishing,1282.0,0.03266143798828125,15.627135268818403,0.009202407861753414,9.0,0.5209045089606135
0.0,AFW_diminishing,diminishing,1283.0,0.03268718719482422,15.62713587609148,0.005404377378795289,9.0,0.5209045292030493
0.0,AFW_diminishing,diminishing,1284.0,0.03271341323852539,15.627135278952748,0.009161326598302821,9.0,0.5209045092984249
0.0,AFW_diminishing,diminishing,1285.0,0.032737016677856445,15.627135842954033,0.005403172885220187,9.0,0.5209045280984678
0.0,AFW_diminishing,diminishing,1286.0,0.0327610969543457,15.627135289072028,0.009120373411981575,9.0,0.5209045096357342
0.0,AFW_diminishing,diminishing,1287.0,0.03279733657836914,15.627135810067145,0.005401972165119062,9.0,0.5209045270022382
0.0,AFW_diminishing,diminishing,1288.0,0.0328214168548584,15.627135299176231,0.00907954770477204,9.0,0.520904509972541
0.0,AFW_diminishing,diminishing,1289.0,0.03284716606140137,15.627135777428972,0.005400775200792296,9.0,0.520904525914299
0.0,AFW_diminishing,diminishing,1290.0,0.03287339210510254,15.627135309265357,0.009038848882379824,9.0,0.5209045103088452
0.0,AFW_diminishing,diminishing,1291.0,0.03289914131164551,15.627135745037679,0.00539958197464685,9.0,0.5209045248345893
0.0,AFW_diminishing,diminishing,1292.0,0.03292536735534668,15.627135319339402,0.00899827635420003,9.0,0.5209045106446467
0.0,AFW_diminishing,diminishing,1293.0,0.03295421600341797,15.627135712891441,0.005398392469189162,9.0,0.5209045237630481
0.0,AFW_diminishing,diminishing,1294.0,0.03297924995422363,15.627135329398353,0.00895782953327462,9.0,0.5209045109799451
0.0,AFW_diminishing,diminishing,1295.0,0.0330052375793457,15.627135680988456,0.005397206667064225,9.0,0.5209045226996152
0.0,AFW_diminishing,diminishing,1296.0,0.03303027153015137,15.627135339442216,0.008917507836303074,9.0,0.5209045113147405
0.0,AFW_diminishing,diminishing,1297.0,0.03305530548095703,15.627135649326938,0.0053960245509916405,9.0,0.5209045216442313
0.0,AFW_diminishing,diminishing,1298.0,0.0330812931060791,15.62713534947098,0.00887731068354114,9.0,0.5209045116490326
0.0,AFW_diminishing,diminishing,1299.0,0.03310513496398926,15.62713561790511,0.0053948461038082485,9.0,0.520904520596837
0.0,AFW_diminishing,diminishing,1300.0,0.03313112258911133,15.627135359484642,0.008837237498868333,9.0,0.5209045119828214
0.0,AFW_diminishing,diminishing,1301.0,0.03315615653991699,15.627135586721213,0.005393671308469905,9.0,0.5209045195573737
0.0,AFW_diminishing,diminishing,1302.0,0.033182382583618164,15.627135369483204,0.00879728770969912,9.0,0.5209045123161068
0.0,AFW_diminishing,diminishing,1303.0,0.03320813179016113,15.6271355557735,0.005392500148030166,9.0,0.5209045185257833
0.0,AFW_diminishing,diminishing,1304.0,0.033234357833862305,15.627135379466662,0.00875746074695627,9.0,0.5209045126488887
0.0,AFW_diminishing,diminishing,1305.0,0.03326010704040527,15.627135525060249,0.005391332605643839,9.0,0.5209045175020083
0.0,AFW_diminishing,diminishing,1306.0,0.033286333084106445,15.627135389435015,0.008717756045063751,9.0,0.5209045129811671
0.0,AFW_diminishing,diminishing,1307.0,0.0333104133605957,15.627135494579736,0.005390168664563433,9.0,0.5209045164859912
0.0,AFW_diminishing,diminishing,1308.0,0.03333401679992676,15.627135399388257,0.008678173041909432,9.0,0.5209045133129419
0.0,AFW_diminishing,diminishing,1309.0,0.03335928916931152,15.627135464330266,0.005389008308176457,9.0,0.5209045154776756
0.0,AFW_diminishing,diminishing,1310.0,0.03338336944580078,15.627135409326392,0.008638711178832637,9.0,0.5209045136442131
0.0,AFW_diminishing,diminishing,1311.0,0.03340911865234375,15.627135434310146,0.005387851519925491,9.0,0.5209045144770049
0.0,AFW_diminishing,diminishing,1312.0,0.03343534469604492,15.627135419249418,0.00859936990056731,9.0,0.5209045139749806
0.0,AFW_diminishing,diminishing,1313.0,0.03346133232116699,15.627135404517714,0.005386698283388114,9.0,0.5209045134839239
0.0,AFW_diminishing,diminishing,1314.0,0.03348517417907715,15.627135429157335,0.008560148655270439,9.0,0.5209045143052445
0.0,AFW_diminishing,diminishing,1315.0,0.033509254455566406,15.627135374951303,0.005385548582234279,9.0,0.5209045124983768
0.0,AFW_diminishing,diminishing,1316.0,0.03353428840637207,15.627135439050143,0.00852104689441191,9.0,0.5209045146350048
0.0,AFW_diminishing,diminishing,1317.0,0.03355813026428223,15.627135345609272,0.005384402400236965,9.0,0.520904511520309
0.0,AFW_diminishing,diminishing,1318.0,0.0335841178894043,15.627135448927843,0.008482064072842022,9.0,0.5209045149642615
0.0,AFW_diminishing,diminishing,1319.0,0.03361034393310547,15.627135316489985,0.005383259721252642,9.0,0.5209045105496661
0.0,AFW_diminishing,diminishing,1320.0,0.03363609313964844,15.627135458790441,0.008443199648688449,9.0,0.5209045152930147
0.0,AFW_diminishing,diminishing,1321.0,0.03366231918334961,15.627135287591836,0.005382120529253243,9.0,0.5209045095863946
0.0,AFW_diminishing,diminishing,1322.0,0.03368806838989258,15.62713546863793,0.008404453083404206,9.0,0.5209045156212643
0.0,AFW_diminishing,diminishing,1323.0,0.033712148666381836,15.627135258913206,0.005380984808308398,9.0,0.5209045086304402
0.0,AFW_diminishing,diminishing,1324.0,0.033736228942871094,15.627135478470313,0.008365823841662845,9.0,0.5209045159490104
0.0,AFW_diminishing,diminishing,1325.0,0.03376030921936035,15.627135230452513,0.0053798525425712285,9.0,0.5209045076817505
0.0,AFW_diminishing,diminishing,1326.0,0.03378415107727051,15.627135488287598,0.008327311391404635,9.0,0.5209045162762532
0.0,AFW_diminishing,diminishing,1327.0,0.033811330795288086,15.627135202208182,0.0053787237163049895,9.0,0.5209045067402728
0.0,AFW_diminishing,diminishing,1328.0,0.033837080001831055,15.627135498089785,0.008288915203767289,9.0,0.5209045166029929
0.0,AFW_diminishing,diminishing,1329.0,0.03386330604553223,15.627135174178642,0.005377598313859977,9.0,0.5209045058059547
0.0,AFW_diminishing,diminishing,1330.0,0.033889055252075195,15.627135507876876,0.008250634753089514,9.0,0.5209045169292292
0.0,AFW_diminishing,diminishing,1331.0,0.03391528129577637,15.627135146362344,0.005376476319682411,9.0,0.5209045048787447
0.0,AFW_diminishing,diminishing,1332.0,0.033939361572265625,15.627135517648878,0.008212469516857723,9.0,0.5209045172549626
0.0,AFW_diminishing,diminishing,1333.0,0.03396320343017578,15.62713511875775,0.005375357718314433,9.0,0.5209045039585917
0.0,AFW_diminishing,diminishing,1334.0,0.033988237380981445,15.62713552740579,0.00817441897570248,9.0,0.520904517580193
0.0,AFW_diminishing,diminishing,1335.0,0.0340123176574707,15.627135091363327,0.005374242494395887,9.0,0.5209045030454442
0.0,AFW_diminishing,diminishing,1336.0,0.03403806686401367,15.627135537147618,0.008136482613375406,9.0,0.5209045179049206
0.0,AFW_diminishing,diminishing,1337.0,0.034064292907714844,15.627135064177573,0.005373130632650103,9.0,0.5209045021392524
0.0,AFW_diminishing,diminishing,1338.0,0.034090280532836914,15.627135546874369,0.00809865991673675,9.0,0.5209045182291456
0.0,AFW_diminishing,diminishing,1339.0,0.034116268157958984,15.627135037198979,0.005372022117892783,9.0,0.520904501239966
0.0,AFW_diminishing,diminishing,1340.0,0.034142255783081055,15.627135556586044,0.008060950375689657,9.0,0.5209045185528681
0.0,AFW_diminishing,diminishing,1341.0,0.034165382385253906,15.627135010426061,0.005370916935042658,9.0,0.5209045003475353
0.0,AFW_diminishing,diminishing,1342.0,0.03419017791748047,15.62713556628265,0.008023353483197937,9.0,0.5209045188760884
0.0,AFW_diminishing,diminishing,1343.0,0.03421425819396973,15.627134983857342,0.00536981506910017,9.0,0.5209044994619114
0.0,AFW_diminishing,diminishing,1344.0,0.034238338470458984,15.627135575964198,0.007985868735246981,9.0,0.5209045191988066
0.0,AFW_diminishing,diminishing,1345.0,0.03426527976989746,15.627134957491354,0.005368716505147475,9.0,0.5209044985830451
0.0,AFW_diminishing,diminishing,1346.0,0.03429126739501953,15.627135585630686,0.007948495630834884,9.0,0.5209045195210229
0.0,AFW_diminishing,diminishing,1347.0,0.0343172550201416,15.627134931326644,0.005367621228378638,9.0,0.5209044977108881
0.0,AFW_diminishing,diminishing,1348.0,0.03434324264526367,15.62713559528212,0.007911233671931583,9.0,0.5209045198427373
0.0,AFW_diminishing,diminishing,1349.0,0.03436923027038574,15.627134905361777,0.005366529224046346,9.0,0.5209044968453925
0.0,AFW_diminishing,diminishing,1350.0,0.03439521789550781,15.627135604918513,0.007874082363462875,9.0,0.5209045201639504
0.0,AFW_diminishing,diminishing,1351.0,0.034421443939208984,15.627134879595317,0.005365440477522299,9.0,0.5209044959865106
0.0,AFW_diminishing,diminishing,1352.0,0.03444504737854004,15.627135614539867,0.00783704121327844,9.0,0.5209045204846622
0.0,AFW_diminishing,diminishing,1353.0,0.0344691276550293,15.627134854025854,0.0053643549742457,9.0,0.5209044951341951
0.0,AFW_diminishing,diminishing,1354.0,0.03449535369873047,15.627138175840415,0.007804258851539458,9.0,0.5209046058613471
0.0,AFW_diminishing,diminishing,1355.0,0.03452014923095703,15.627134828650949,0.006840972248237875,9.0,0.5209044942883649
0.0,AFW_diminishing,diminishing,1356.0,0.0345463752746582,15.627135588257193,0.007794213405714956,9.0,0.5209045196085731
0.0,AFW_diminishing,diminishing,1357.0,0.03457212448120117,15.627134803370723,0.0053653534396591596,9.0,0.5209044934456908
0.0,AFW_diminishing,diminishing,1358.0,0.034598350524902344,15.627135597800164,0.007757499505020249,9.0,0.5209045199266721
0.0,AFW_diminishing,diminishing,1359.0,0.03462505340576172,15.627134778283603,0.005364277509487536,9.0,0.5209044926094534
0.0,AFW_diminishing,diminishing,1360.0,0.03465127944946289,15.627138102859865,0.007748028691999309,9.0,0.5209046034286622
0.0,AFW_diminishing,diminishing,1361.0,0.03467726707458496,15.627134753312797,0.0068343047809964474,9.0,0.5209044917770932
0.0,AFW_diminishing,diminishing,1362.0,0.03470325469970703,15.627135571884583,0.007715049931782403,9.0,0.5209045190628194
0.0,AFW_diminishing,diminishing,1363.0,0.0347292423248291,15.627134728508997,0.005365267493711912,9.0,0.5209044909502999
0.0,AFW_diminishing,diminishing,1364.0,0.03475522994995117,15.627138073414695,0.007698103606951889,9.0,0.5209046024471565
0.0,AFW_diminishing,diminishing,1365.0,0.03477931022644043,15.627134703844169,0.0068310009472192235,9.0,0.520904490128139
0.0,AFW_diminishing,diminishing,1366.0,0.03480339050292969,15.627135546261707,0.0076728496884310715,9.0,0.5209045182087235
0.0,AFW_diminishing,diminishing,1367.0,0.03482818603515625,15.627134679320019,0.005366251984625592,9.0,0.5209044893106672
0.0,AFW_diminishing,diminishing,1368.0,0.03485226631164551,15.62713804426029,0.007648471233117959,9.0,0.520904601475343
0.0,AFW_diminishing,diminishing,1369.0,0.03487825393676758,15.627134654957095,0.006827716629862479,9.0,0.5209044884985699
0.0,AFW_diminishing,diminishing,1370.0,0.03490424156188965,15.627135520927746,0.007630896584743141,9.0,0.5209045173642582
0.0,AFW_diminishing,diminishing,1371.0,0.03493022918701172,15.627134630708968,0.005367231027706865,9.0,0.520904487690299
0.0,AFW_diminishing,diminishing,1372.0,0.03495621681213379,15.62713801539308,0.007599129003816429,9.0,0.5209046005131026
0.0,AFW_diminishing,diminishing,1373.0,0.03498220443725586,15.627134606643944,0.006824451656520125,9.0,0.5209044868881315
0.0,AFW_diminishing,diminishing,1374.0,0.03500628471374512,15.627135495878964,0.007589188456062601,9.0,0.5209045165292988
0.0,AFW_diminishing,diminishing,1375.0,0.03503012657165527,15.627134582668281,0.00536820466790644,9.0,0.5209044860889427
0.0,AFW_diminishing,diminishing,1376.0,0.03505420684814453,15.627135505160513,0.007553430409950934,9.0,0.5209045168386838
0.0,AFW_diminishing,diminishing,1377.0,0.03507828712463379,15.627134558874884,0.005367156642211768,9.0,0.5209044852958294
0.0,AFW_diminishing,diminishing,1378.0,0.03510427474975586,15.627137945557534,0.007544367101200322,9.0,0.5209045981852511
0.0,AFW_diminishing,diminishing,1379.0,0.035128116607666016,15.627134535190404,0.006817959731067802,9.0,0.5209044845063467
0.0,AFW_diminishing,diminishing,1380.0,0.03515219688415527,15.627135480458161,0.007512085811541169,9.0,0.520904516015272
0.0,AFW_diminishing,diminishing,1381.0,0.03517723083496094,15.627134511663954,0.005368122115713803,9.0,0.5209044837221318
0.0,AFW_diminishing,diminishing,1382.0,0.035201072692871094,15.627137917459546,0.007495739057773676,9.0,0.5209045972486516
0.0,AFW_diminishing,diminishing,1383.0,0.035227298736572266,15.627134488267952,0.0068147425130842265,9.0,0.5209044829422651
0.0,AFW_diminishing,diminishing,1384.0,0.035253286361694336,15.62713545603234,0.007470980885582179,9.0,0.5209045152010779
0.0,AFW_diminishing,diminishing,1385.0,0.035279273986816406,15.627134465005026,0.0053690822974648,9.0,0.5209044821668342
0.0,AFW_diminishing,diminishing,1386.0,0.03530526161193848,15.627137889636284,0.00744739240899861,9.0,0.5209045963212094
0.0,AFW_diminishing,diminishing,1387.0,0.03533124923706055,15.627134441893714,0.0068115440507074965,9.0,0.5209044813964572
0.0,AFW_diminishing,diminishing,1388.0,0.03535723686218262,15.62713543187952,0.007430113554079298,9.0,0.520904514395984
0.0,AFW_diminishing,diminishing,1389.0,0.035384178161621094,15.627134418890943,0.005370037230740365,9.0,0.5209044806296981
0.0,AFW_diminishing,diminishing,1390.0,0.03540825843811035,15.627137862084401,0.007399324719418843,9.0,0.5209045954028134
0.0,AFW_diminishing,diminishing,1391.0,0.03543233871459961,15.62713439606057,0.006808364180404425,9.0,0.5209044798686857
0.0,AFW_diminishing,diminishing,1392.0,0.035456180572509766,15.6271354079962,0.0073894817629547305,9.0,0.5209045135998733
0.0,AFW_diminishing,diminishing,1393.0,0.03548026084899902,15.627134373314627,0.005370986958338264,9.0,0.5209044791104875
0.0,AFW_diminishing,diminishing,1394.0,0.035506248474121094,15.627135417026889,0.0073546427227810796,9.0,0.5209045139008963
0.0,AFW_diminishing,diminishing,1395.0,0.035532236099243164,15.627134350740823,0.005369965765449791,9.0,0.5209044783580274
0.0,AFW_diminishing,diminishing,1396.0,0.03555917739868164,15.627137795225556,0.007345974308812231,9.0,0.5209045931741852
0.0,AFW_diminishing,diminishing,1397.0,0.0355832576751709,15.627134328269044,0.006802040955733446,9.0,0.5209044776089681
0.0,AFW_diminishing,diminishing,1398.0,0.03560614585876465,15.627135393470706,0.007314360510235929,9.0,0.5209045131156902
0.0,AFW_diminishing,diminishing,1399.0,0.03563117980957031,15.627134305946921,0.005370907625481536,9.0,0.5209044768648974
0.0,AFW_diminishing,diminishing,1400.0,0.03565526008605957,15.627137768401026,0.007298593410894227,9.0,0.5209045922800342
0.0,AFW_diminishing,diminishing,1401.0,0.03568100929260254,15.627134283747306,0.0067989069921061684,9.0,0.5209044761249102
0.0,AFW_diminishing,diminishing,1402.0,0.03570723533630371,15.627135370175955,0.007274308805113705,9.0,0.5209045123391985
0.0,AFW_diminishing,diminishing,1403.0,0.03573346138000488,15.627134261673673,0.00537184438561944,9.0,0.5209044753891224
0.0,AFW_diminishing,diminishing,1404.0,0.03576016426086426,15.627137741836227,0.0072514831669607815,9.0,0.5209045913945409
0.0,AFW_diminishing,diminishing,1405.0,0.03578639030456543,15.627134239742668,0.00679579106228978,9.0,0.520904474658089
0.0,AFW_diminishing,diminishing,1406.0,0.03580904006958008,15.627135347139319,0.007234485634509014,9.0,0.5209045115713107
0.0,AFW_diminishing,diminishing,1407.0,0.035833120346069336,15.627134217914378,0.005372776087062547,9.0,0.5209044739304792
0.0,AFW_diminishing,diminishing,1408.0,0.035857200622558594,15.627135606920628,0.007211915971405247,9.0,0.5209045202306876
0.0,AFW_diminishing,diminishing,1409.0,0.03588128089904785,15.627134196217076,0.007093028469373763,9.0,0.5209044732072359
0.0,AFW_diminishing,diminishing,1410.0,0.03590822219848633,15.62713769225647,0.007188534770548927,9.0,0.5209045897418824
0.0,AFW_diminishing,diminishing,1411.0,0.0359342098236084,15.627134174660773,0.006792292533729594,9.0,0.5209044724886924
0.0,AFW_diminishing,diminishing,1412.0,0.03596019744873047,15.627135302554338,0.007182592767760454,9.0,0.5209045100851446
0.0,AFW_diminishing,diminishing,1413.0,0.03598618507385254,15.627134153172447,0.005375305545522124,9.0,0.520904471772415
0.0,AFW_diminishing,diminishing,1414.0,0.03601217269897461,15.62713557634704,0.007148760327185144,9.0,0.520904519211568
0.0,AFW_diminishing,diminishing,1415.0,0.03603816032409668,15.627134131846985,0.007082361376109958,9.0,0.5209044710615661
0.0,AFW_diminishing,diminishing,1416.0,0.03606438636779785,15.627135289690981,0.007136526596696058,9.0,0.520904509656366
0.0,AFW_diminishing,diminishing,1417.0,0.03608822822570801,15.627134110616764,0.005375907775251321,9.0,0.5209044703538921
0.0,AFW_diminishing,diminishing,1418.0,0.03611111640930176,15.627137605692893,0.007120734998357747,9.0,0.5209045868564297
0.0,AFW_diminishing,diminishing,1419.0,0.03613638877868652,15.627134089503492,0.00678576099359951,9.0,0.5209044696501164
0.0,AFW_diminishing,diminishing,1420.0,0.03615999221801758,15.627135267438046,0.007097487883832798,9.0,0.5209045089146015
0.0,AFW_diminishing,diminishing,1421.0,0.03618621826171875,15.62713406850798,0.005376821898968487,9.0,0.520904468950266
0.0,AFW_diminishing,diminishing,1422.0,0.03621220588684082,15.62713758028882,0.00707481407205357,9.0,0.5209045860096274
0.0,AFW_diminishing,diminishing,1423.0,0.03623819351196289,15.62713404764856,0.006782724378926019,9.0,0.5209044682549521
0.0,AFW_diminishing,diminishing,1424.0,0.03626227378845215,15.627135245429486,0.0070586691018732495,9.0,0.5209045081809829
0.0,AFW_diminishing,diminishing,1425.0,0.03628730773925781,15.627134026884804,0.00537773114508866,9.0,0.5209044675628268
0.0,AFW_diminishing,diminishing,1426.0,0.03631424903869629,15.627135485517064,0.0070462201593546325,9.0,0.5209045161839021
0.0,AFW_diminishing,diminishing,1427.0,0.03633928298950195,15.627134006216764,0.007052238083648632,9.0,0.5209044668738921
0.0,AFW_diminishing,diminishing,1428.0,0.036364078521728516,15.62713753277744,0.007013449742474975,9.0,0.5209045844259147
0.0,AFW_diminishing,diminishing,1429.0,0.03638815879821777,15.62713398571139,0.006779315200658331,9.0,0.5209044661903797
0.0,AFW_diminishing,diminishing,1430.0,0.036414384841918945,15.627135202724359,0.007008081335301952,9.0,0.5209045067574787
0.0,AFW_diminishing,diminishing,1431.0,0.036440134048461914,15.627133965268715,0.00538019892117525,9.0,0.5209044655089572
0.0,AFW_diminishing,diminishing,1432.0,0.03646731376647949,15.627135456355168,0.006984649141582366,9.0,0.5209045152118389
0.0,AFW_diminishing,diminishing,1433.0,0.03649306297302246,15.627133944952325,0.007041838662731337,9.0,0.5209044648317441
0.0,AFW_diminishing,diminishing,1434.0,0.03652238845825195,15.627135190472686,0.006963168139442644,9.0,0.5209045063490895
0.0,AFW_diminishing,diminishing,1435.0,0.036547183990478516,15.627133924753661,0.005380786749860533,9.0,0.5209044641584554
0.0,AFW_diminishing,diminishing,1436.0,0.036573171615600586,15.627137449723856,0.006947349664313762,9.0,0.5209045816574619
0.0,AFW_diminishing,diminishing,1437.0,0.036599159240722656,15.627133904666746,0.006772949190398947,9.0,0.5209044634888915
0.0,AFW_diminishing,diminishing,1438.0,0.03662514686584473,15.627135169205948,0.006925104468461285,9.0,0.5209045056401983
0.0,AFW_diminishing,diminishing,1439.0,0.036649227142333984,15.6271338846899,0.00538167904646869,9.0,0.5209044628229967
0.0,AFW_diminishing,diminishing,1440.0,0.03667306900024414,15.627135406430156,0.0069118014328459765,9.0,0.5209045135476719
0.0,AFW_diminishing,diminishing,1441.0,0.0366971492767334,15.627133864807751,0.007024998203013055,9.0,0.5209044621602584
0.0,AFW_diminishing,diminishing,1442.0,0.036721229553222656,15.627137403790499,0.006887176359393621,9.0,0.52090458012635
0.0,AFW_diminishing,diminishing,1443.0,0.03674721717834473,15.627133845059916,0.006769607249042409,9.0,0.5209044615019972
0.0,AFW_diminishing,diminishing,1444.0,0.0367732048034668,15.62713512789998,0.0068754980471048555,9.0,0.5209045042633327
0.0,AFW_diminishing,diminishing,1445.0,0.03680014610290527,15.627133825390313,0.005384100402219261,9.0,0.5209044608463438
0.0,AFW_diminishing,diminishing,1446.0,0.03682518005371094,15.627135378269273,0.006851422112122307,9.0,0.5209045126089757
0.0,AFW_diminishing,diminishing,1447.0,0.036852359771728516,15.6271338058448,0.007014799968038332,9.0,0.5209044601948266
0.0,AFW_diminishing,diminishing,1448.0,0.03687620162963867,15.627135116125118,0.006831451991542892,9.0,0.5209045038708372
0.0,AFW_diminishing,diminishing,1449.0,0.03689908981323242,15.627133786408892,0.005384677431516494,9.0,0.5209044595469631
0.0,AFW_diminishing,diminishing,1450.0,0.03692436218261719,15.627137323398586,0.006822354392465257,9.0,0.5209045774466196
0.0,AFW_diminishing,diminishing,1451.0,0.036948204040527344,15.627133767061729,0.006763365784664188,9.0,0.5209044589020576
0.0,AFW_diminishing,diminishing,1452.0,0.036974191665649414,15.627135095569876,0.006794121611212844,9.0,0.5209045031856625
0.0,AFW_diminishing,diminishing,1453.0,0.037000179290771484,15.627133747838194,0.0053855532474784695,9.0,0.5209044582612731
0.0,AFW_diminishing,diminishing,1454.0,0.03702521324157715,15.627135329991638,0.006779978174353829,9.0,0.5209045109997212
0.0,AFW_diminishing,diminishing,1455.0,0.037049293518066406,15.627133728708355,0.006998283720212939,9.0,0.5209044576236118
0.0,AFW_diminishing,diminishing,1456.0,0.03707313537597656,15.627133431668218,0.0067734520845395,9.0,0.520904447722274
0.0,AFW_diminishing,diminishing,1457.0,0.03709840774536133,15.627136999527293,0.006742294050004816,9.0,0.5209045666509098
0.0,AFW_diminishing,diminishing,1458.0,0.037122249603271484,15.627133412731178,0.003564590116667432,9.0,0.5209044470910392
0.0,AFW_diminishing,diminishing,1459.0,0.037148237228393555,15.62713701072041,0.0067038708633067046,9.0,0.5209045670240137
0.0,AFW_diminishing,diminishing,1460.0,0.037174224853515625,15.627133393953713,0.0035681917965266763,9.0,0.5209044464651238
0.0,AFW_diminishing,diminishing,1461.0,0.037200212478637695,15.627137021894832,0.006665553089025167,9.0,0.5209045673964944
0.0,AFW_diminishing,diminishing,1462.0,0.03722429275512695,15.627133375334726,0.0035717836528146307,9.0,0.5209044458444908
0.0,AFW_diminishing,diminishing,1463.0,0.03724813461303711,15.62713703305058,0.006627340293952955,9.0,0.5209045677683527
0.0,AFW_diminishing,diminishing,1464.0,0.03727221488952637,15.62713335687314,0.003575365725666302,9.0,0.5209044452291046
0.0,AFW_diminishing,diminishing,1465.0,0.037296295166015625,15.627137044187686,0.006589232047277349,9.0,0.5209045681395895
0.0,AFW_diminishing,diminishing,1466.0,0.03732037544250488,15.627133338567864,0.003578938054996428,9.0,0.5209044446189288
0.0,AFW_diminishing,diminishing,1467.0,0.03734612464904785,15.627137055306182,0.006551227920523317,9.0,0.5209045685102061
0.0,AFW_diminishing,diminishing,1468.0,0.037374258041381836,15.627133320417832,0.0035825006805101367,9.0,0.5209044440139278
0.0,AFW_diminishing,diminishing,1469.0,0.037400245666503906,15.627137066406087,0.006513327487551734,9.0,0.5209045688802029
0.0,AFW_diminishing,diminishing,1470.0,0.03742527961730957,15.62713330242198,0.0035860536416887356,9.0,0.5209044434140659
0.0,AFW_diminishing,diminishing,1471.0,0.03745102882385254,15.627137077487433,0.006475530324552281,9.0,0.5209045692495811
0.0,AFW_diminishing,diminishing,1472.0,0.037484169006347656,15.627133284579259,0.0035895969778092507,9.0,0.5209044428193086
0.0,AFW_diminishing,diminishing,1473.0,0.03751015663146973,15.627135150946462,0.006452724811468968,9.0,0.5209045050315487
0.0,AFW_diminishing,diminishing,1474.0,0.037534236907958984,15.627133266839667,0.003906960714852303,9.0,0.5209044422279889
0.0,AFW_diminishing,diminishing,1475.0,0.037560224533081055,15.627137068606533,0.006423123617858906,9.0,0.5209045689535511
0.0,AFW_diminishing,diminishing,1476.0,0.037586212158203125,15.627133249237183,0.0035888143649280835,9.0,0.5209044416412394
0.0,AFW_diminishing,diminishing,1477.0,0.037612199783325195,15.62713514474048,0.006406208855027629,9.0,0.5209045048246826
0.0,AFW_diminishing,diminishing,1478.0,0.03763723373413086,15.627133231720654,0.003904483574025619,9.0,0.5209044410573551
0.0,AFW_diminishing,diminishing,1479.0,0.03766131401062012,15.62713515313734,0.0063745375972494855,9.0,0.520904505104578
0.0,AFW_diminishing,diminishing,1480.0,0.037685394287109375,15.62713321433784,0.003906666517833557,9.0,0.520904440477928
0.0,AFW_diminishing,diminishing,1481.0,0.03770923614501953,15.627137040210025,0.006356408151935611,9.0,0.5209045680070008
0.0,AFW_diminishing,diminishing,1482.0,0.0377352237701416,15.62713319705893,0.00358375489863505,9.0,0.5209044399019643
0.0,AFW_diminishing,diminishing,1483.0,0.03776121139526367,15.62713331411067,0.006328398708200567,9.0,0.520904443803689
0.0,AFW_diminishing,diminishing,1484.0,0.03778719902038574,15.627134597269974,0.006639246650461672,9.0,0.5209044865756658
0.0,AFW_diminishing,diminishing,1485.0,0.037811279296875,15.627133296124565,0.0051547819119264204,9.0,0.5209044432041522
0.0,AFW_diminishing,diminishing,1486.0,0.03783607482910156,15.627134604988848,0.006608592657478596,9.0,0.5209044868329616
0.0,AFW_diminishing,diminishing,1487.0,0.03786325454711914,15.627133278269664,0.005153882867084292,9.0,0.5209044426089888
0.0,AFW_diminishing,diminishing,1488.0,0.0378880500793457,15.627134612696155,0.006578021233400122,9.0,0.5209044870898718
0.0,AFW_diminishing,diminishing,1489.0,0.03791213035583496,15.627133260545099,0.005152986254103098,9.0,0.52090444201817
0.0,AFW_diminishing,diminishing,1490.0,0.03793621063232422,15.627134620391908,0.0065475320450705254,9.0,0.5209044873463969
0.0,AFW_diminishing,diminishing,1491.0,0.03796243667602539,15.627133242950022,0.005152092063116953,9.0,0.5209044414316674
0.0,AFW_diminishing,diminishing,1492.0,0.03798818588256836,15.627134628076114,0.006517124761129978,9.0,0.5209044876025372
0.0,AFW_diminishing,diminishing,1493.0,0.03801441192626953,15.627133225483579,0.005151200284332802,9.0,0.5209044408494526
0.0,AFW_diminishing,diminishing,1494.0,0.038038015365600586,15.627133075933012,0.006501858709016872,9.0,0.5209044358644337
0.0,AFW_diminishing,diminishing,1495.0,0.038062095642089844,15.627136833174271,0.006294939338339134,9.0,0.5209045611058091
0.0,AFW_diminishing,diminishing,1496.0,0.03808736801147461,15.62713305913921,0.0035789256034917116,9.0,0.5209044353046404
0.0,AFW_diminishing,diminishing,1497.0,0.038111209869384766,15.62713317973953,0.006260052203812094,9.0,0.520904439324651
0.0,AFW_diminishing,diminishing,1498.0,0.038137197494506836,15.627134571952336,0.006477394199233544,9.0,0.5209044857317445
0.0,AFW_diminishing,diminishing,1499.0,0.0381622314453125,15.627133162518048,0.005111247352694193,9.0,0.5209044387506016
0.0,AFW_diminishing,diminishing,1500.0,0.03818917274475098,15.627133039987777,0.006456428760728272,9.0,0.5209044346662592
0.0,AFW_diminishing,diminishing,1501.0,0.03821229934692383,15.627133145391914,0.006253652478140026,9.0,0.5209044381797304
0.0,AFW_diminishing,diminishing,1502.0,0.038236141204833984,15.627134550873139,0.006444584207988768,9.0,0.5209044850291046
0.0,AFW_diminishing,diminishing,1503.0,0.03826141357421875,15.62713312834864,0.005086745573336771,9.0,0.5209044376116213
0.0,AFW_diminishing,diminishing,1504.0,0.038285255432128906,15.627133021019944,0.00642828557149322,9.0,0.5209044340339981
0.0,AFW_diminishing,diminishing,1505.0,0.03831124305725098,15.627133111387554,0.0062488855428277645,9.0,0.5209044370462518
0.0,AFW_diminishing,diminishing,1506.0,0.03833723068237305,15.627134529976459,0.006411948923775057,9.0,0.5209044843325487
0.0,AFW_diminishing,diminishing,1507.0,0.03836226463317871,15.627133094520389,0.005062373838544687,9.0,0.520904436484013
0.0,AFW_diminishing,diminishing,1508.0,0.038387298583984375,15.627133002233588,0.00640029208219417,9.0,0.5209044334077862
0.0,AFW_diminishing,diminishing,1509.0,0.03841042518615723,15.627133077722455,0.006244144008269004,9.0,0.5209044359240819
0.0,AFW_diminishing,diminishing,1510.0,0.038436174392700195,15.627134719766737,0.006396123700373124,9.0,0.5209044906588912
0.0,AFW_diminishing,diminishing,1511.0,0.03846240043640137,15.627133060986598,0.0067404057482534085,9.0,0.5209044353662199
0.0,AFW_diminishing,diminishing,1512.0,0.038488149642944336,15.627132980518814,0.006374770453335898,9.0,0.5209044326839605
0.0,AFW_diminishing,diminishing,1513.0,0.038515329360961914,15.627133044343866,0.006230164447668329,9.0,0.5209044348114622
0.0,AFW_diminishing,diminishing,1514.0,0.03854107856750488,15.627134463764529,0.006366103146204338,9.0,0.5209044821254843
0.0,AFW_diminishing,diminishing,1515.0,0.03856635093688965,15.62713302777339,0.0050162868328591514,9.0,0.520904434259113
0.0,AFW_diminishing,diminishing,1516.0,0.03859305381774902,15.627134677915018,0.006354809530023431,9.0,0.5209044892638339
0.0,AFW_diminishing,diminishing,1517.0,0.038616180419921875,15.62713301127672,0.00672353464024944,9.0,0.520904433709224
0.0,AFW_diminishing,diminishing,1518.0,0.038642168045043945,15.627132935207314,0.006346709111479498,9.0,0.5209044311735771
0.0,AFW_diminishing,diminishing,1519.0,0.038668155670166016,15.627132994837643,0.006211605585678015,9.0,0.5209044331612548
0.0,AFW_diminishing,diminishing,1520.0,0.038694143295288086,15.627134654301745,0.006324382091895231,9.0,0.5209044884767249
0.0,AFW_diminishing,diminishing,1521.0,0.038718223571777344,15.627132978506099,0.006712636913833947,9.0,0.5209044326168699
0.0,AFW_diminishing,diminishing,1522.0,0.0387420654296875,15.62713291398388,0.006321522996607598,9.0,0.5209044304661293
0.0,AFW_diminishing,diminishing,1523.0,0.03876614570617676,15.627132962218028,0.0061978094123595895,9.0,0.5209044320739342
0.0,AFW_diminishing,diminishing,1524.0,0.03879117965698242,15.627134381635985,0.00631016672615381,9.0,0.5209044793878662
0.0,AFW_diminishing,diminishing,1525.0,0.03881716728210449,15.62713294600748,0.004972192996236302,9.0,0.5209044315335827
0.0,AFW_diminishing,diminishing,1526.0,0.03884124755859375,15.627132895894073,0.0062941881883169515,9.0,0.5209044298631358
0.0,AFW_diminishing,diminishing,1527.0,0.038866281509399414,15.627132929874582,0.006193179568015239,9.0,0.5209044309958194
0.0,AFW_diminishing,diminishing,1528.0,0.03889203071594238,15.627134582498341,0.006283251600859074,9.0,0.520904486083278
0.0,AFW_diminishing,diminishing,1529.0,0.03891611099243164,15.627132913818274,0.006683150097707369,9.0,0.5209044304606091
0.0,AFW_diminishing,diminishing,1530.0,0.03894233703613281,15.627132875005403,0.006269265768375831,9.0,0.5209044291668468
0.0,AFW_diminishing,diminishing,1531.0,0.03896617889404297,15.627132897832993,0.00617952740939387,9.0,0.5209044299277664
0.0,AFW_diminishing,diminishing,1532.0,0.03899025917053223,15.62713431787207,0.0062653980074394156,9.0,0.5209044772624023
0.0,AFW_diminishing,diminishing,1533.0,0.039014339447021484,15.62713288190472,0.004927185129488976,9.0,0.520904429396824
0.0,AFW_diminishing,diminishing,1534.0,0.03903841972351074,15.627134542150197,0.006242905325240855,9.0,0.5209044847383398
0.0,AFW_diminishing,diminishing,1535.0,0.03906416893005371,15.627132866075815,0.006666673685703728,9.0,0.5209044288691939
0.0,AFW_diminishing,diminishing,1536.0,0.03909015655517578,15.62713283135018,0.006241862059365388,9.0,0.5209044277116727
0.0,AFW_diminishing,diminishing,1537.0,0.03911614418029785,15.627132850284195,0.006161402024666529,9.0,0.5209044283428065
0.0,AFW_diminishing,diminishing,1538.0,0.03914022445678711,15.627134281702338,0.006223667716042769,9.0,0.5209044760567446
0.0,AFW_diminishing,diminishing,1539.0,0.03916430473327637,15.62713283458498,0.004905174577986671,9.0,0.5209044278194993
0.0,AFW_diminishing,diminishing,1540.0,0.039188385009765625,15.62713281380327,0.006215023646753082,9.0,0.5209044271267756
0.0,AFW_diminishing,diminishing,1541.0,0.03921222686767578,15.627132818942679,0.006156856388502163,9.0,0.5209044272980893
0.0,AFW_diminishing,diminishing,1542.0,0.03923821449279785,15.627134472369484,0.006202522891827655,9.0,0.5209044824123161
0.0,AFW_diminishing,diminishing,1543.0,0.03926444053649902,15.62713280337851,0.006637721548637288,9.0,0.5209044267792836
0.0,AFW_diminishing,diminishing,1544.0,0.03929018974304199,15.627132793517903,0.006190552765403368,9.0,0.5209044264505968
0.0,AFW_diminishing,diminishing,1545.0,0.039316415786743164,15.627132787878253,0.0061434509614528565,9.0,0.5209044262626085
0.0,AFW_diminishing,diminishing,1546.0,0.03934311866760254,15.627134219703132,0.006179710777715286,9.0,0.5209044739901044
0.0,AFW_diminishing,diminishing,1547.0,0.0393671989440918,15.627132772450457,0.00486097992809853,9.0,0.5209044257483486
0.0,AFW_diminishing,diminishing,1548.0,0.039391279220581055,15.62713277625476,0.00616399200076323,9.0,0.5209044258751586
0.0,AFW_diminishing,diminishing,1549.0,0.03941512107849121,15.627132757096208,0.006138952378023532,9.0,0.5209044252365402
0.0,AFW_diminishing,diminishing,1550.0,0.03943920135498047,15.627134403754502,0.0061625587505265145,9.0,0.52090448012515
0.0,AFW_diminishing,diminishing,1551.0,0.03946542739868164,15.627132741791149,0.006609068534858764,9.0,0.5209044247263717
0.0,AFW_diminishing,diminishing,1552.0,0.03949117660522461,15.62713612524513,0.006144047774439443,9.0,0.520904537508171
0.0,AFW_diminishing,diminishing,1553.0,0.03951716423034668,15.627132726577743,0.006128154243098649,9.0,0.5209044242192581
0.0,AFW_diminishing,diminishing,1554.0,0.03954124450683594,15.627132730975449,0.006139707791163573,9.0,0.5209044243658483
0.0,AFW_diminishing,diminishing,1555.0,0.039565086364746094,15.627132711401558,0.00609186590199684,9.0,0.5209044237133853
0.0,AFW_diminishing,diminishing,1556.0,0.03959035873413086,15.627134135493261,0.006131736753314243,9.0,0.5209044711831087
0.0,AFW_diminishing,diminishing,1557.0,0.039614200592041016,15.627132696289166,0.004818890089401506,9.0,0.5209044232096389
0.0,AFW_diminishing,diminishing,1558.0,0.03964638710021973,15.627132714053399,0.006113487913745885,9.0,0.5209044238017799
0.0,AFW_diminishing,diminishing,1559.0,0.03967022895812988,15.627132681255137,0.006087425152008663,9.0,0.5209044227085046
0.0,AFW_diminishing,diminishing,1560.0,0.03969621658325195,15.627134323871033,0.00610978150829844,9.0,0.5209044774623678
0.0,AFW_diminishing,diminishing,1561.0,0.039722442626953125,15.627132666274607,0.0065755877276743036,9.0,0.5209044222091536
0.0,AFW_diminishing,diminishing,1562.0,0.039748191833496094,15.627136022224803,0.006092479319345756,9.0,0.5209045340741602
0.0,AFW_diminishing,diminishing,1563.0,0.03977227210998535,15.627132651380945,0.006078086847040254,9.0,0.5209044217126981
0.0,AFW_diminishing,diminishing,1564.0,0.03979635238647461,15.627132669672102,0.0060895150635431605,9.0,0.5209044223224034
0.0,AFW_diminishing,diminishing,1565.0,0.03982114791870117,15.627132636520253,0.006040939290489433,9.0,0.5209044212173418
0.0,AFW_diminishing,diminishing,1566.0,0.039858341217041016,15.627134052956357,0.006084377462197921,9.0,0.5209044684318785
0.0,AFW_diminishing,diminishing,1567.0,0.03988313674926758,15.627132621715015,0.004777338005723664,9.0,0.5209044207238338
0.0,AFW_diminishing,diminishing,1568.0,0.03990602493286133,15.627132653082374,0.006063629552681249,9.0,0.5209044217694124
0.0,AFW_diminishing,diminishing,1569.0,0.0399322509765625,15.627132606992754,0.006036555265838572,9.0,0.5209044202330918
0.0,AFW_diminishing,diminishing,1570.0,0.03995800018310547,15.627134245532734,0.006057678779193054,9.0,0.5209044748510911
0.0,AFW_diminishing,diminishing,1571.0,0.03998422622680664,15.627132592328142,0.006542533473693268,9.0,0.5209044197442714
0.0,AFW_diminishing,diminishing,1572.0,0.0400083065032959,15.627134019173866,0.00604445869743131,9.0,0.5209044673057955
0.0,AFW_diminishing,diminishing,1573.0,0.040035247802734375,15.627132577731887,0.004756212283663075,9.0,0.5209044192577296
0.0,AFW_diminishing,diminishing,1574.0,0.040061235427856445,15.627132612624814,0.006037545625851237,9.0,0.5209044204208272
0.0,AFW_diminishing,diminishing,1575.0,0.04009127616882324,15.627132563184231,0.006019274809911934,9.0,0.5209044187728077
0.0,AFW_diminishing,diminishing,1576.0,0.040116310119628906,15.627135861390931,0.0060371416322411164,9.0,0.5209045287130311
0.0,AFW_diminishing,diminishing,1577.0,0.04014015197753906,15.627132548686129,0.006003103567186585,9.0,0.5209044182895376
0.0,AFW_diminishing,diminishing,1578.0,0.04016828536987305,15.62713259332544,0.006014392392456713,9.0,0.5209044197775147
0.0,AFW_diminishing,diminishing,1579.0,0.040194034576416016,15.62713253426749,0.005986474929191132,9.0,0.5209044178089164
0.0,AFW_diminishing,diminishing,1580.0,0.04021811485290527,15.627133954282504,0.006007863532094149,9.0,0.5209044651427501
0.0,AFW_diminishing,diminishing,1581.0,0.04024219512939453,15.627132519905789,0.004714159995341305,9.0,0.520904417330193
0.0,AFW_diminishing,diminishing,1582.0,0.04026627540588379,15.62713581124246,0.0059999160256314354,9.0,0.5209045270414153
0.0,AFW_diminishing,diminishing,1583.0,0.04030013084411621,15.62713250560595,0.005977698864619185,9.0,0.5209044168535316
0.0,AFW_diminishing,diminishing,1584.0,0.04032635688781738,15.627132553319443,0.005988902082478376,9.0,0.5209044184439814
0.0,AFW_diminishing,diminishing,1585.0,0.04035234451293945,15.627132491356715,0.005949618286274827,9.0,0.5209044163785571
0.0,AFW_diminishing,diminishing,1586.0,0.04037618637084961,15.627134113612815,0.00598339565620698,9.0,0.5209044704537605
0.0,AFW_diminishing,diminishing,1587.0,0.04040217399597168,15.627132477161991,0.006487573131254365,9.0,0.5209044159053997
0.0,AFW_diminishing,diminishing,1588.0,0.04042816162109375,15.627132534741026,0.005965772889872767,9.0,0.5209044178247009
0.0,AFW_diminishing,diminishing,1589.0,0.04045414924621582,15.627132463039066,0.005936946283377154,9.0,0.5209044154346355
0.0,AFW_diminishing,diminishing,1590.0,0.04047822952270508,15.627133875480213,0.0059619413412956845,9.0,0.5209044625160071
0.0,AFW_diminishing,diminishing,1591.0,0.040502071380615234,15.627132448965408,0.004673915025225739,9.0,0.5209044149655137
0.0,AFW_diminishing,diminishing,1592.0,0.04052615165710449,15.627135714155303,0.005950242016119489,9.0,0.5209045238051767
0.0,AFW_diminishing,diminishing,1593.0,0.04055023193359375,15.627132434961117,0.005929518843835524,9.0,0.520904414498704
0.0,AFW_diminishing,diminishing,1594.0,0.04057598114013672,15.627132495504776,0.005940603086408203,9.0,0.5209044165168258
0.0,AFW_diminishing,diminishing,1595.0,0.04060530662536621,15.627132421003196,0.005900550923486847,9.0,0.5209044140334399
0.0,AFW_diminishing,diminishing,1596.0,0.04063010215759277,15.627134039119449,0.005933025611810194,9.0,0.5209044679706483
0.0,AFW_diminishing,diminishing,1597.0,0.040653228759765625,15.627132407103389,0.006455572410104082,9.0,0.520904413570113
0.0,AFW_diminishing,diminishing,1598.0,0.04067730903625488,15.627133821810219,0.0059189941947170865,9.0,0.5209044607270072
0.0,AFW_diminishing,diminishing,1599.0,0.04070138931274414,15.627132393270358,0.004654986515184589,9.0,0.5209044131090119
0.0,AFW_diminishing,diminishing,1600.0,0.0407252311706543,15.627132457054186,0.005915364222531139,9.0,0.5209044152351395
0.0,AFW_diminishing,diminishing,1601.0,0.04075121879577637,15.627132379475535,0.005883829243122918,9.0,0.5209044126491845
0.0,AFW_diminishing,diminishing,1602.0,0.040775299072265625,15.627135618923223,0.00590117979110083,9.0,0.5209045206307741
0.0,AFW_diminishing,diminishing,1603.0,0.04079937934875488,15.627132365759142,0.005881990573371354,9.0,0.5209044121919714
0.0,AFW_diminishing,diminishing,1604.0,0.04082322120666504,15.627132438746468,0.005892957965299317,9.0,0.5209044146248822
0.0,AFW_diminishing,diminishing,1605.0,0.0408473014831543,15.627132352084889,0.0058520840585334355,9.0,0.520904411736163
0.0,AFW_diminishing,diminishing,1606.0,0.04087328910827637,15.627133760114939,0.005883581114920489,9.0,0.520904458670498
0.0,AFW_diminishing,diminishing,1607.0,0.04089927673339844,15.627132338470934,0.004614287822137797,9.0,0.5209044112823645
0.0,AFW_diminishing,diminishing,1608.0,0.04092526435852051,15.627133951099395,0.005873803479104822,9.0,0.5209044650366466
0.0,AFW_diminishing,diminishing,1609.0,0.040949344635009766,15.627132324914028,0.006418755612269678,9.0,0.5209044108304676
0.0,AFW_diminishing,diminishing,1610.0,0.04097318649291992,15.62713240103751,0.0058680281465477435,9.0,0.520904413367917
0.0,AFW_diminishing,diminishing,1611.0,0.04099726676940918,15.627132311398682,0.005835590397971657,9.0,0.520904410379956
0.0,AFW_diminishing,diminishing,1612.0,0.04102134704589844,15.627135525461815,0.005852748623068393,9.0,0.5209045175153938
0.0,AFW_diminishing,diminishing,1613.0,0.041047096252441406,15.627132297962703,0.005835046968115876,9.0,0.5209044099320901
0.0,AFW_diminishing,diminishing,1614.0,0.04107332229614258,15.627132383086519,0.005845899590569914,9.0,0.5209044127695506
0.0,AFW_diminishing,diminishing,1615.0,0.04109907150268555,15.627132284564851,0.00580423734017721,9.0,0.520904409485495
0.0,AFW_diminishing,diminishing,1616.0,0.041123151779174805,15.627133685200928,0.0058391078669508545,9.0,0.5209044561733642
0.0,AFW_diminishing,diminishing,1617.0,0.04114723205566406,15.627132271220104,0.004575329657305005,9.0,0.5209044090406701
0.0,AFW_diminishing,diminishing,1618.0,0.04117131233215332,15.627133879640525,0.0058248170370927,9.0,0.5209044626546842
0.0,AFW_diminishing,diminishing,1619.0,0.04119515419006348,15.627132257941549,0.0063876075818551925,9.0,0.5209044085980516
0.0,AFW_diminishing,diminishing,1620.0,0.04122114181518555,15.627132346094363,0.005821278176613376,9.0,0.5209044115364788
0.0,AFW_diminishing,diminishing,1621.0,0.04124736785888672,15.627132244698535,0.005787947167599228,9.0,0.5209044081566179
0.0,AFW_diminishing,diminishing,1622.0,0.04127311706542969,15.627135433752489,0.005804916480220967,9.0,0.5209045144584163
0.0,AFW_diminishing,diminishing,1623.0,0.041297197341918945,15.627132231535777,0.005788682350599927,9.0,0.5209044077178592
0.0,AFW_diminishing,diminishing,1624.0,0.0413212776184082,15.627132328491138,0.005799422191017811,9.0,0.5209044109497046
0.0,AFW_diminishing,diminishing,1625.0,0.04134511947631836,15.627132218407265,0.005756979015691499,9.0,0.5209044072802421
0.0,AFW_diminishing,diminishing,1626.0,0.04136919975280762,15.627133611721945,0.005795183504528012,9.0,0.5209044537240648
0.0,AFW_diminishing,diminishing,1627.0,0.04139518737792969,15.62713220532492,0.004536850534224257,9.0,0.520904406844164
0.0,AFW_diminishing,diminishing,1628.0,0.04142117500305176,15.627133809516927,0.005776433973064599,9.0,0.5209044603172309
0.0,AFW_diminishing,diminishing,1629.0,0.04144716262817383,15.627132192317573,0.006356842441327615,9.0,0.5209044064105858
0.0,AFW_diminishing,diminishing,1630.0,0.041471242904663086,15.627132292198027,0.005775103494233491,9.0,0.5209044097399342
0.0,AFW_diminishing,diminishing,1631.0,0.04149508476257324,15.627132179339961,0.00574088858846622,9.0,0.5209044059779987
0.0,AFW_diminishing,diminishing,1632.0,0.0415191650390625,15.627133581681393,0.0057581390689307455,9.0,0.5209044527227131
0.0,AFW_diminishing,diminishing,1633.0,0.04154324531555176,15.627132166436475,0.004517305389404314,9.0,0.5209044055478825
0.0,AFW_diminishing,diminishing,1634.0,0.04156923294067383,15.627135319453577,0.005753624869189622,9.0,0.5209045106484526
0.0,AFW_diminishing,diminishing,1635.0,0.04159212112426758,15.62713215358045,0.00574058753228357,9.0,0.5209044051193483
0.0,AFW_diminishing,diminishing,1636.0,0.041616201400756836,15.62713225603241,0.005751215903648799,9.0,0.5209044085344137
0.0,AFW_diminishing,diminishing,1637.0,0.0416412353515625,15.62713214075092,0.00570633914876062,9.0,0.5209044046916973
0.0,AFW_diminishing,diminishing,1638.0,0.041665077209472656,15.627132260433775,0.005729842058126877,9.0,0.5209044086811259
0.0,AFW_diminishing,diminishing,1639.0,0.04169130325317383,15.627132128000245,0.0057063376435131374,9.0,0.5209044042666748
0.0,AFW_diminishing,diminishing,1640.0,0.04171633720397949,15.627133715942758,0.005728321225266342,9.0,0.520904457198092
0.0,AFW_diminishing,diminishing,1641.0,0.04174208641052246,15.627132115288848,0.006315326707879265,9.0,0.5209044038429617
0.0,AFW_diminishing,diminishing,1642.0,0.04176616668701172,15.627133510291294,0.0057151135083568505,9.0,0.5209044503430431
0.0,AFW_diminishing,diminishing,1643.0,0.04179024696350098,15.627132102636924,0.004479524466409757,9.0,0.5209044034212308
0.0,AFW_diminishing,diminishing,1644.0,0.04181408882141113,15.627135231459112,0.005707091239838036,9.0,0.5209045077153037
0.0,AFW_diminishing,diminishing,1645.0,0.04183816909790039,15.627132090039172,0.005695367263433226,9.0,0.5209044030013057
0.0,AFW_diminishing,diminishing,1646.0,0.04186439514160156,15.62713220384372,0.00570588686678164,9.0,0.5209044067947907
0.0,AFW_diminishing,diminishing,1647.0,0.04189014434814453,15.627132077464614,0.005660357187332821,9.0,0.5209044025821538
0.0,AFW_diminishing,diminishing,1648.0,0.0419163703918457,15.627132208173094,0.005684771846812708,9.0,0.5209044069391031
0.0,AFW_diminishing,diminishing,1649.0,0.04194021224975586,15.627132064966961,0.0056603556964223145,9.0,0.5209044021655653
0.0,AFW_diminishing,diminishing,1650.0,0.041964054107666016,15.62713345354532,0.005681570166256478,9.0,0.5209044484515106
0.0,AFW_diminishing,diminishing,1651.0,0.04198932647705078,15.62713205251068,0.004441023179186487,9.0,0.520904401750356
0.0,AFW_diminishing,diminishing,1652.0,0.04201316833496094,15.627135159131315,0.0056728366895058,9.0,0.5209045053043772
0.0,AFW_diminishing,diminishing,1653.0,0.04203915596008301,15.62713204010922,0.005650974348160531,9.0,0.520904401336974
0.0,AFW_diminishing,diminishing,1654.0,0.04206418991088867,15.627132173184593,0.00566140405470783,9.0,0.5209044057728198
0.0,AFW_diminishing,diminishing,1655.0,0.042090415954589844,15.627132027752872,0.00562655454471539,9.0,0.5209044009250957
0.0,AFW_diminishing,diminishing,1656.0,0.0421142578125,15.627133600579297,0.005660206594338746,9.0,0.5209044533526432
0.0,AFW_diminishing,diminishing,1657.0,0.042138099670410156,15.627132015433592,0.006264953451736943,9.0,0.5209044005144531
0.0,AFW_diminishing,diminishing,1658.0,0.042162179946899414,15.627133405662633,0.005641689189843646,9.0,0.5209044468554211
0.0,AFW_diminishing,diminishing,1659.0,0.04218626022338867,15.627132003183574,0.0044234449865179215,9.0,0.5209044001061192
0.0,AFW_diminishing,diminishing,1660.0,0.04221224784851074,15.62713213887649,0.005637965420104862,9.0,0.5209044046292164
0.0,AFW_diminishing,diminishing,1661.0,0.04223823547363281,15.627131990966967,0.005611023236847146,9.0,0.5209043996988989
0.0,AFW_diminishing,diminishing,1662.0,0.04226422309875488,15.627135074082037,0.005627274204496047,9.0,0.5209045024694012
0.0,AFW_diminishing,diminishing,1663.0,0.04228830337524414,15.627131978812358,0.005606826567326806,9.0,0.5209043992937452
0.0,AFW_diminishing,diminishing,1664.0,0.0423123836517334,15.627132122561656,0.005617150846036978,9.0,0.5209044040853885
0.0,AFW_diminishing,diminishing,1665.0,0.04233717918395996,15.627131966699189,0.005581525896399597,9.0,0.520904398889973
0.0,AFW_diminishing,diminishing,1666.0,0.04236006736755371,15.627133535392673,0.005613982906025328,9.0,0.5209044511797558
0.0,AFW_diminishing,diminishing,1667.0,0.04238629341125488,15.627131954626433,0.00623560870211648,9.0,0.5209043984875478
0.0,AFW_diminishing,diminishing,1668.0,0.04241204261779785,15.62713333765755,0.0056000063714591874,9.0,0.520904444588585
0.0,AFW_diminishing,diminishing,1669.0,0.04243922233581543,15.627131942611944,0.004386786867179637,9.0,0.5209043980870648
0.0,AFW_diminishing,diminishing,1670.0,0.04246234893798828,15.62713208888703,0.0055939934434761085,9.0,0.520904402962901
0.0,AFW_diminishing,diminishing,1671.0,0.04248619079589844,15.627131930635047,0.005566180579734237,9.0,0.5209043976878349
0.0,AFW_diminishing,diminishing,1672.0,0.0425112247467041,15.627134990580734,0.0055822584696070265,9.0,0.5209044996860245
0.0,AFW_diminishing,diminishing,1673.0,0.042536258697509766,15.627131918721123,0.005563206976406221,9.0,0.520904397290704
0.0,AFW_diminishing,diminishing,1674.0,0.042562246322631836,15.627132072879396,0.005573427595653158,9.0,0.5209044024293132
0.0,AFW_diminishing,diminishing,1675.0,0.042586326599121094,15.627131906845106,0.005537034580569866,9.0,0.5209043968948369
0.0,AFW_diminishing,diminishing,1676.0,0.04261016845703125,15.62713347139024,0.005568312421038613,9.0,0.5209044490463414
0.0,AFW_diminishing,diminishing,1677.0,0.042635202407836914,15.62713189501272,0.006206614174599778,9.0,0.520904396500424
0.0,AFW_diminishing,diminishing,1678.0,0.04265928268432617,15.627133270916627,0.005558821750632603,9.0,0.5209044423638876
0.0,AFW_diminishing,diminishing,1679.0,0.04268527030944824,15.627131883227985,0.004350566115556731,9.0,0.5209043961075995
0.0,AFW_diminishing,diminishing,1680.0,0.04271411895751953,15.62713203982301,0.00555054639376884,9.0,0.5209044013274337
0.0,AFW_diminishing,diminishing,1681.0,0.0427403450012207,15.627131871484863,0.005521871934078604,9.0,0.5209043957161621
0.0,AFW_diminishing,diminishing,1682.0,0.04276609420776367,15.627134908590415,0.00553777970214675,9.0,0.5209044969530139
0.0,AFW_diminishing,diminishing,1683.0,0.042792320251464844,15.62713185980566,0.005520106152806292,9.0,0.5209043953268553
0.0,AFW_diminishing,diminishing,1684.0,0.04281806945800781,15.627132024115138,0.005530224840414988,9.0,0.5209044008038379
0.0,AFW_diminishing,diminishing,1685.0,0.042844295501708984,15.627131848160943,0.0054930710361702495,9.0,0.5209043949386981
0.0,AFW_diminishing,diminishing,1686.0,0.04286837577819824,15.62713321784468,0.00552670730500715,9.0,0.5209044405948227
0.0,AFW_diminishing,diminishing,1687.0,0.0428922176361084,15.627131836554963,0.004313646004469263,9.0,0.5209043945518321
0.0,AFW_diminishing,diminishing,1688.0,0.04291725158691406,15.62713339565435,0.005514604402611312,9.0,0.5209044465218117
0.0,AFW_diminishing,diminishing,1689.0,0.04294013977050781,15.62713182500236,0.006173218078838971,9.0,0.5209043941667454
0.0,AFW_diminishing,diminishing,1690.0,0.04296612739562988,15.627131991667383,0.005507610522370143,9.0,0.5209043997222461
0.0,AFW_diminishing,diminishing,1691.0,0.04299020767211914,15.627131813487278,0.005478105379618015,9.0,0.5209043937829093
0.0,AFW_diminishing,diminishing,1692.0,0.0430142879486084,15.627134828054471,0.005493845923940199,9.0,0.5209044942684824
0.0,AFW_diminishing,diminishing,1693.0,0.043038368225097656,15.627131802036965,0.0054775104557300835,9.0,0.5209043934012322
0.0,AFW_diminishing,diminishing,1694.0,0.04306221008300781,15.62713317310374,0.0054884884725741045,9.0,0.520904439103458
0.0,AFW_diminishing,diminishing,1695.0,0.04308819770812988,15.627131790619627,0.004296808771524496,9.0,0.5209043930206543
0.0,AFW_diminishing,diminishing,1696.0,0.043114423751831055,15.62713195932044,0.0054853962684937585,9.0,0.5209043986440147
0.0,AFW_diminishing,diminishing,1697.0,0.04314017295837402,15.627131779231808,0.005445900475828935,9.0,0.5209043926410603
0.0,AFW_diminishing,diminishing,1698.0,0.04316425323486328,15.62713333414104,0.005470129792765732,9.0,0.5209044444713681
0.0,AFW_diminishing,diminishing,1699.0,0.04318833351135254,15.62713176790667,0.006144959559735597,9.0,0.5209043922635557
0.0,AFW_diminishing,diminishing,1700.0,0.043212175369262695,15.627131944344118,0.005465223052775414,9.0,0.5209043981448039
0.0,AFW_diminishing,diminishing,1701.0,0.04323625564575195,15.627131756613958,0.005434844988418064,9.0,0.5209043918871319
0.0,AFW_diminishing,diminishing,1702.0,0.04326224327087402,15.627133127070012,0.005452255995290756,9.0,0.5209044375690004
0.0,AFW_diminishing,diminishing,1703.0,0.043288230895996094,15.627131745378138,0.004260358766995154,9.0,0.5209043915126046
0.0,AFW_diminishing,diminishing,1704.0,0.043314218521118164,15.627134727586812,0.0054467012748631305,9.0,0.5209044909195604
0.0,AFW_diminishing,diminishing,1705.0,0.04333829879760742,15.62713173418502,0.005433345658236277,9.0,0.5209043911395007
0.0,AFW_diminishing,diminishing,1706.0,0.04336214065551758,15.627131912586233,0.005443264886439536,9.0,0.5209043970862077
0.0,AFW_diminishing,diminishing,1707.0,0.043386220932006836,15.627131723016479,0.005403074240847516,9.0,0.520904390767216
0.0,AFW_diminishing,diminishing,1708.0,0.043410301208496094,15.627133273717888,0.005426183458151712,9.0,0.520904442457263
0.0,AFW_diminishing,diminishing,1709.0,0.04343605041503906,15.627131711913208,0.006117031273447537,9.0,0.5209043903971069
0.0,AFW_diminishing,diminishing,1710.0,0.043462276458740234,15.627131897888352,0.005423327651410403,9.0,0.5209043965962784
0.0,AFW_diminishing,diminishing,1711.0,0.043488264083862305,15.627131700837477,0.005392147833092054,9.0,0.5209043900279159
0.0,AFW_diminishing,diminishing,1712.0,0.04351210594177246,15.627133064354634,0.0054126818078454875,9.0,0.5209044354784879
0.0,AFW_diminishing,diminishing,1713.0,0.04353523254394531,15.627131689812845,0.00422565878814396,9.0,0.5209043896604282
0.0,AFW_diminishing,diminishing,1714.0,0.04356026649475098,15.627134650214332,0.005403886130105562,9.0,0.5209044883404778
0.0,AFW_diminishing,diminishing,1715.0,0.04358410835266113,15.627131678836625,0.0053918034837980855,9.0,0.5209043892945542
0.0,AFW_diminishing,diminishing,1716.0,0.0436100959777832,15.627131866700015,0.005401625912661245,9.0,0.5209043955566671
0.0,AFW_diminishing,diminishing,1717.0,0.043636322021484375,15.62713166788205,0.005360746511829717,9.0,0.5209043889294017
0.0,AFW_diminishing,diminishing,1718.0,0.043662071228027344,15.627133033375486,0.005383900498262761,9.0,0.5209044344458496
0.0,AFW_diminishing,diminishing,1719.0,0.043688297271728516,15.627131656992358,0.0042082416896640495,9.0,0.520904388566412
0.0,AFW_diminishing,diminishing,1720.0,0.043714046478271484,15.627131854354156,0.0053801249246756555,9.0,0.5209043951451385
0.0,AFW_diminishing,diminishing,1721.0,0.04373812675476074,15.627131646131993,0.005357106291386415,9.0,0.5209043882043998
0.0,AFW_diminishing,diminishing,1722.0,0.04376220703125,15.627133180856399,0.005374209621436421,9.0,0.5209044393618799
0.0,AFW_diminishing,diminishing,1723.0,0.04378628730773926,15.627131635312734,0.0060747547403323665,9.0,0.5209043878437578
0.0,AFW_diminishing,diminishing,1724.0,0.043810129165649414,15.627134574170624,0.005361602339132077,9.0,0.5209044858056875
0.0,AFW_diminishing,diminishing,1725.0,0.043836355209350586,15.627131624548085,0.00535073518330087,9.0,0.5209043874849362
0.0,AFW_diminishing,diminishing,1726.0,0.043862104415893555,15.627131821651377,0.005360462451813319,9.0,0.5209043940550458
0.0,AFW_diminishing,diminishing,1727.0,0.04388833045959473,15.627131613802336,0.00531894177999348,9.0,0.5209043871267445
0.0,AFW_diminishing,diminishing,1728.0,0.04391217231750488,15.627132972435973,0.005345053094675478,9.0,0.5209044324145324
0.0,AFW_diminishing,diminishing,1729.0,0.04393625259399414,15.6271316031157,0.004174137766131736,9.0,0.5209043867705233
0.0,AFW_diminishing,diminishing,1730.0,0.043961286544799805,15.62713180952688,0.005339209982956561,9.0,0.520904393650896
0.0,AFW_diminishing,diminishing,1731.0,0.04398536682128906,15.62713159246191,0.005315343699338726,9.0,0.5209043864153969
0.0,AFW_diminishing,diminishing,1732.0,0.04401111602783203,15.62713312305131,0.0053314492904075195,9.0,0.5209044374350437
0.0,AFW_diminishing,diminishing,1733.0,0.0440371036529541,15.627131581852066,0.006047611948329035,9.0,0.5209043860617355
0.0,AFW_diminishing,diminishing,1734.0,0.04406332969665527,15.62713179545006,0.005319822491662407,9.0,0.5209043931816687
0.0,AFW_diminishing,diminishing,1735.0,0.04408717155456543,15.62713157128579,0.005304717953151794,9.0,0.5209043857095264
0.0,AFW_diminishing,diminishing,1736.0,0.04411125183105469,15.62713447519662,0.00531975958972275,9.0,0.520904482506554
0.0,AFW_diminishing,diminishing,1737.0,0.044135332107543945,15.627131560751922,0.005291126387927392,9.0,0.5209043853583973
0.0,AFW_diminishing,diminishing,1738.0,0.0441594123840332,15.627132912587172,0.005306657626116262,9.0,0.5209044304195724
0.0,AFW_diminishing,diminishing,1739.0,0.04418516159057617,15.627131550263522,0.0041403828682451405,9.0,0.5209043850087841
0.0,AFW_diminishing,diminishing,1740.0,0.044211387634277344,15.627131765552713,0.005298722737714812,9.0,0.5209043921850904
0.0,AFW_diminishing,diminishing,1741.0,0.044236183166503906,15.627131539811455,0.0052741234665028,9.0,0.5209043846603818
0.0,AFW_diminishing,diminishing,1742.0,0.044260263442993164,15.627133066230618,0.005289205101162153,9.0,0.5209044355410206
0.0,AFW_diminishing,diminishing,1743.0,0.04428434371948242,15.62713152940592,0.006020767545724226,9.0,0.5209043843135307
0.0,AFW_diminishing,diminishing,1744.0,0.044309377670288086,15.627131751732815,0.005279557613976138,9.0,0.5209043917244272
0.0,AFW_diminishing,diminishing,1745.0,0.044332027435302734,15.62713151903929,0.005263619368093941,9.0,0.5209043839679763
0.0,AFW_diminishing,diminishing,1746.0,0.044358253479003906,15.627134402143106,0.005278508329702447,9.0,0.5209044800714369
0.0,AFW_diminishing,diminishing,1747.0,0.044382333755493164,15.627131508706222,0.005251171637892682,9.0,0.5209043836235407
0.0,AFW_diminishing,diminishing,1748.0,0.04440617561340332,15.627132853807836,0.005268702755413912,9.0,0.5209044284602612
0.0,AFW_diminishing,diminishing,1749.0,0.044431209564208984,15.627131498411384,0.004107014561913758,9.0,0.5209043832803795
0.0,AFW_diminishing,diminishing,1750.0,0.04445528984069824,15.627131722361613,0.00525869944131685,9.0,0.5209043907453871
0.0,AFW_diminishing,diminishing,1751.0,0.044480085372924805,15.627131488156234,0.005233374038359884,9.0,0.5209043829385411
0.0,AFW_diminishing,diminishing,1752.0,0.04450416564941406,15.627134365530617,0.005248172982962984,9.0,0.5209044788510205
0.0,AFW_diminishing,diminishing,1753.0,0.04452824592590332,15.62713147795267,0.005230506752660347,9.0,0.5209043825984223
0.0,AFW_diminishing,diminishing,1754.0,0.04455232620239258,15.627132824777958,0.005241098743869799,9.0,0.5209044274925986
0.0,AFW_diminishing,diminishing,1755.0,0.044576406478881836,15.627131467781581,0.004090263724739529,9.0,0.5209043822593861
0.0,AFW_diminishing,diminishing,1756.0,0.044602155685424805,15.627131693327343,0.005237984243452232,9.0,0.5209043897775781
0.0,AFW_diminishing,diminishing,1757.0,0.044625282287597656,15.627131457636363,0.005203335406834597,9.0,0.5209043819212121
0.0,AFW_diminishing,diminishing,1758.0,0.044649362564086914,15.627132970291232,0.005228853816996448,9.0,0.5209044323430411
0.0,AFW_diminishing,diminishing,1759.0,0.04467415809631348,15.627131447535545,0.005976072396826737,9.0,0.5209043815845181
0.0,AFW_diminishing,diminishing,1760.0,0.04469728469848633,15.627131679896031,0.0052191669836965104,9.0,0.5209043893298677
0.0,AFW_diminishing,diminishing,1761.0,0.0447232723236084,15.627131437472592,0.0051930216314737265,9.0,0.5209043812490864
0.0,AFW_diminishing,diminishing,1762.0,0.044747114181518555,15.627134294451876,0.005207671860588903,9.0,0.5209044764817292
0.0,AFW_diminishing,diminishing,1763.0,0.04477119445800781,15.62713142746211,0.005191276124076438,9.0,0.5209043809154037
0.0,AFW_diminishing,diminishing,1764.0,0.04479527473449707,15.627132767623095,0.005203833259411539,9.0,0.5209044255874365
0.0,AFW_diminishing,diminishing,1765.0,0.044820308685302734,15.627131417477264,0.0040575002111147285,9.0,0.5209043805825755
0.0,AFW_diminishing,diminishing,1766.0,0.0448451042175293,15.627131651368444,0.005198686811494824,9.0,0.5209043883789481
0.0,AFW_diminishing,diminishing,1767.0,0.044869184494018555,15.627131407521642,0.00516332271171116,9.0,0.5209043802507214
0.0,AFW_diminishing,diminishing,1768.0,0.04489326477050781,15.627132916032517,0.00518784961214358,9.0,0.5209044305344173
0.0,AFW_diminishing,diminishing,1769.0,0.04491734504699707,15.62713139761285,0.005950014291931538,9.0,0.5209043799204284
0.0,AFW_diminishing,diminishing,1770.0,0.04494118690490723,15.627131638178898,0.005180082208177339,9.0,0.5209043879392966
0.0,AFW_diminishing,diminishing,1771.0,0.0449671745300293,15.62713138773756,0.0051531252810388395,9.0,0.520904379591252
0.0,AFW_diminishing,diminishing,1772.0,0.04499316215515137,15.627132727009775,0.005170419743816268,9.0,0.5209044242336591
0.0,AFW_diminishing,diminishing,1773.0,0.04501914978027344,15.627131377906025,0.004023878350633225,9.0,0.5209043792635342
0.0,AFW_diminishing,diminishing,1774.0,0.045043230056762695,15.627134205684307,0.005164198562813027,9.0,0.5209044735228102
0.0,AFW_diminishing,diminishing,1775.0,0.04506707191467285,15.627131368112641,0.005150541611557813,9.0,0.5209043789370881
0.0,AFW_diminishing,diminishing,1776.0,0.04509115219116211,15.627131610151249,0.005159828806879929,9.0,0.5209043870050416
0.0,AFW_diminishing,diminishing,1777.0,0.04511523246765137,15.62713135834218,0.005123811004480672,9.0,0.5209043786114059
0.0,AFW_diminishing,diminishing,1778.0,0.045142173767089844,15.62713286269903,0.005147313240463802,9.0,0.5209044287566343
0.0,AFW_diminishing,diminishing,1779.0,0.045168161392211914,15.627131348620859,0.005924248712755542,9.0,0.5209043782873619
0.0,AFW_diminishing,diminishing,1780.0,0.045194387435913086,15.627131597197886,0.005141433275401397,9.0,0.5209043865732629
0.0,AFW_diminishing,diminishing,1781.0,0.045220136642456055,15.627131338928857,0.005113727960827319,9.0,0.5209043779642952
0.0,AFW_diminishing,diminishing,1782.0,0.04524636268615723,15.627132671621313,0.005133910652034501,9.0,0.5209044223873771
0.0,AFW_diminishing,diminishing,1783.0,0.04527020454406738,15.627131329275759,0.003991857401608456,9.0,0.5209043776425253
0.0,AFW_diminishing,diminishing,1784.0,0.04529428482055664,15.6271341372836,0.005124695885180941,9.0,0.5209044712427866
0.0,AFW_diminishing,diminishing,1785.0,0.0453181266784668,15.627131319665702,0.005112206483435244,9.0,0.5209043773221901
0.0,AFW_diminishing,diminishing,1786.0,0.045342206954956055,15.627131569654031,0.0051214071061256305,9.0,0.5209043856551344
0.0,AFW_diminishing,diminishing,1787.0,0.045368194580078125,15.627131310076065,0.005084741217345368,9.0,0.5209043770025354
0.0,AFW_diminishing,diminishing,1788.0,0.045394182205200195,15.62713264426855,0.005107347088488368,9.0,0.5209044214756183
0.0,AFW_diminishing,diminishing,1789.0,0.04543018341064453,15.62713130053714,0.003975779204727914,9.0,0.5209043766845713
0.0,AFW_diminishing,diminishing,1790.0,0.0454561710357666,15.627131558779086,0.00510155918448163,9.0,0.5209043852926362
0.0,AFW_diminishing,diminishing,1791.0,0.04548311233520508,15.627131291027245,0.005081381305233279,9.0,0.5209043763675748
0.0,AFW_diminishing,diminishing,1792.0,0.045507192611694336,15.627132780627885,0.005099348795948089,9.0,0.5209044260209296
0.0,AFW_diminishing,diminishing,1793.0,0.045533180236816406,15.627131281546076,0.00588522421591442,9.0,0.5209043760515358
0.0,AFW_diminishing,diminishing,1794.0,0.04555916786193848,15.627134070013078,0.00508566429721391,9.0,0.520904469000436
0.0,AFW_diminishing,diminishing,1795.0,0.04558515548706055,15.627131272114998,0.005074291570050349,9.0,0.5209043757371666
0.0,AFW_diminishing,diminishing,1796.0,0.04561114311218262,15.62713152986865,0.00508340702508292,9.0,0.520904384328955
0.0,AFW_diminishing,diminishing,1797.0,0.04563713073730469,15.627131262702013,0.005046135390683659,9.0,0.5209043754234004
0.0,AFW_diminishing,diminishing,1798.0,0.04566240310668945,15.62713259038997,0.0050714823487805205,9.0,0.5209044196796656
0.0,AFW_diminishing,diminishing,1799.0,0.04568910598754883,15.627131253334912,0.003944286898253324,9.0,0.5209043751111637
0.0,AFW_diminishing,diminishing,1800.0,0.04571723937988281,15.627131519181654,0.005063779595761986,9.0,0.5209043839727218
0.0,AFW_diminishing,diminishing,1801.0,0.04574418067932129,15.627131243999834,0.005042812859052503,9.0,0.5209043747999945
0.0,AFW_diminishing,diminishing,1802.0,0.04576921463012695,15.627131183606197,0.0050598639385235344,9.0,0.5209043727868733
0.0,AFW_diminishing,diminishing,1803.0,0.04579424858093262,15.627128255057276,0.0065618189505816105,9.0,0.5209042751685758
0.0,AFW_diminishing,diminishing,1804.0,0.04581809043884277,15.627130285616223,0.0023294630519998805,9.0,0.5209043428538741
0.0,AFW_diminishing,diminishing,1805.0,0.04584217071533203,15.627128257285294,0.007307751559853415,9.0,0.5209042752428431
0.0,AFW_diminishing,diminishing,1806.0,0.045867204666137695,15.627130272212101,0.002326879062193754,9.0,0.5209043424070701
0.0,AFW_diminishing,diminishing,1807.0,0.04589128494262695,15.627128259512082,0.007289568411685821,9.0,0.5209042753170694
0.0,AFW_diminishing,diminishing,1808.0,0.04591727256774902,15.627130258870885,0.0023243007934112825,9.0,0.5209043419623628
0.0,AFW_diminishing,diminishing,1809.0,0.045942068099975586,15.627128261737631,0.007271425536005793,9.0,0.5209042753912544
0.0,AFW_diminishing,diminishing,1810.0,0.045969247817993164,15.627130245592245,0.00232172822666854,9.0,0.5209043415197415
0.0,AFW_diminishing,diminishing,1811.0,0.045992374420166016,15.627128263961929,0.007253322799163797,9.0,0.5209042754653976
0.0,AFW_diminishing,diminishing,1812.0,0.04601597785949707,15.627130232375867,0.0023191613430864066,9.0,0.5209043410791956
0.0,AFW_diminishing,diminishing,1813.0,0.046041250228881836,15.627128266184974,0.00723526006809827,9.0,0.5209042755394991
0.0,AFW_diminishing,diminishing,1814.0,0.046064138412475586,15.627130219221437,0.0023166001238266176,9.0,0.5209043406407146
0.0,AFW_diminishing,diminishing,1815.0,0.04609036445617676,15.627128268406755,0.007217237210344507,9.0,0.5209042756135586
0.0,AFW_diminishing,diminishing,1816.0,0.046114206314086914,15.627130206128639,0.0023140445501876883,9.0,0.520904340204288
0.0,AFW_diminishing,diminishing,1817.0,0.04613828659057617,15.627128270627265,0.007199254094022223,9.0,0.5209042756875755
0.0,AFW_diminishing,diminishing,1818.0,0.04616236686706543,15.627130193097166,0.002311494603503661,9.0,0.5209043397699056
0.0,AFW_diminishing,diminishing,1819.0,0.04618644714355469,15.6271282728465,0.007181310587824896,9.0,0.52090427576155
0.0,AFW_diminishing,diminishing,1820.0,0.046212196350097656,15.62713018012671,0.002308950265216936,9.0,0.520904339337557
0.0,AFW_diminishing,diminishing,1821.0,0.046236276626586914,15.627128275064445,0.007163406561030428,9.0,0.5209042758354815
0.0,AFW_diminishing,diminishing,1822.0,0.046259403228759766,15.627130167216958,0.0023064115168427435,9.0,0.520904338907232
0.0,AFW_diminishing,diminishing,1823.0,0.04628419876098633,15.627128277281098,0.007145541883478046,9.0,0.5209042759093699
0.0,AFW_diminishing,diminishing,1824.0,0.04630708694458008,15.627130154367611,0.002303878339992238,9.0,0.5209043384789204
0.0,AFW_diminishing,diminishing,1825.0,0.04633331298828125,15.627128279496446,0.007127716425600283,9.0,0.5209042759832149
0.0,AFW_diminishing,diminishing,1826.0,0.04635739326477051,15.627130141578359,0.0023013507163316405,9.0,0.5209043380526119
0.0,AFW_diminishing,diminishing,1827.0,0.046381235122680664,15.627128281710487,0.007109930058383895,9.0,0.5209042760570163
0.0,AFW_diminishing,diminishing,1828.0,0.04640531539916992,15.627130128848904,0.002298828627623095,9.0,0.5209043376282968
0.0,AFW_diminishing,diminishing,1829.0,0.04642939567565918,15.627128283923213,0.007092182653385848,9.0,0.5209042761307737
0.0,AFW_diminishing,diminishing,1830.0,0.04645514488220215,15.627130116178947,0.002296312055715788,9.0,0.5209043372059649
0.0,AFW_diminishing,diminishing,1831.0,0.046479225158691406,15.627128286134617,0.007074474082712001,9.0,0.5209042762044872
0.0,AFW_diminishing,diminishing,1832.0,0.046506404876708984,15.627130103568183,0.0022938009825175243,9.0,0.5209043367856061
0.0,AFW_diminishing,diminishing,1833.0,0.04653215408325195,15.627128288344688,0.007056804219045532,9.0,0.5209042762781563
0.0,AFW_diminishing,diminishing,1834.0,0.04655718803405762,15.627130091016326,0.0022912953900249278,9.0,0.5209043363672109
0.0,AFW_diminishing,diminishing,1835.0,0.04658222198486328,15.627128290553424,0.007039172935611404,9.0,0.5209042763517808
0.0,AFW_diminishing,diminishing,1836.0,0.04660606384277344,15.627130078523072,0.002288795260316334,9.0,0.520904335950769
0.0,AFW_diminishing,diminishing,1837.0,0.0466313362121582,15.627128292760814,0.007021580106208347,9.0,0.5209042764253604
0.0,AFW_diminishing,diminishing,1838.0,0.046656131744384766,15.627130066088128,0.0022863005755500154,9.0,0.5209043355362709
0.0,AFW_diminishing,diminishing,1839.0,0.04668116569519043,15.627128294966854,0.007004025605159114,9.0,0.5209042764988951
0.0,AFW_diminishing,diminishing,1840.0,0.046706199645996094,15.627130053711209,0.0022838113179588504,9.0,0.5209043351237069
0.0,AFW_diminishing,diminishing,1841.0,0.04672837257385254,15.627128297171533,0.006986509307347788,9.0,0.5209042765723845
0.0,AFW_diminishing,diminishing,1842.0,0.0467524528503418,15.627130041392023,0.0022813274698432195,9.0,0.5209043347130674
0.0,AFW_diminishing,diminishing,1843.0,0.04677605628967285,15.627128299374846,0.00696903108819491,9.0,0.5209042766458282
0.0,AFW_diminishing,diminishing,1844.0,0.04680228233337402,15.627130029130281,0.0022788490135994266,9.0,0.5209043343043427
0.0,AFW_diminishing,diminishing,1845.0,0.046827077865600586,15.627128301576793,0.006951590823677023,9.0,0.5209042767192265
0.0,AFW_diminishing,diminishing,1846.0,0.04685211181640625,15.627130016925692,0.0022763759316788423,9.0,0.5209043338975231
0.0,AFW_diminishing,diminishing,1847.0,0.046877384185791016,15.62712830377736,0.006934188390287588,9.0,0.5209042767925787
0.0,AFW_diminishing,diminishing,1848.0,0.04690217971801758,15.627130004777982,0.002273908206628761,9.0,0.5209043334925993
0.0,AFW_diminishing,diminishing,1849.0,0.04692721366882324,15.627128305976543,0.006916823665076066,9.0,0.5209042768658848
0.0,AFW_diminishing,diminishing,1850.0,0.04695439338684082,15.627129992686857,0.0022714458210586486,9.0,0.5209043330895619
0.0,AFW_diminishing,diminishing,1851.0,0.04697704315185547,15.627128308174337,0.006899496525608839,9.0,0.5209042769391445
0.0,AFW_diminishing,diminishing,1852.0,0.04700636863708496,15.627129980652045,0.0022689887576685663,9.0,0.5209043326884015
0.0,AFW_diminishing,diminishing,1853.0,0.04703116416931152,15.627128310370729,0.006882206849988748,9.0,0.5209042770123576
0.0,AFW_diminishing,diminishing,1854.0,0.047057151794433594,15.627129968673257,0.0022665369991958784,9.0,0.5209043322891086
0.0,AFW_diminishing,diminishing,1855.0,0.047083139419555664,15.62712831256572,0.006864954516840882,9.0,0.520904277085524
0.0,AFW_diminishing,diminishing,1856.0,0.047109127044677734,15.627129956750224,0.0022640905285005175,9.0,0.5209043318916742
0.0,AFW_diminishing,diminishing,1857.0,0.04713320732116699,15.6271283147593,0.006847739405319686,9.0,0.5209042771586433
0.0,AFW_diminishing,diminishing,1858.0,0.04715728759765625,15.627129944882663,0.0022616493284921546,9.0,0.5209043314960887
0.0,AFW_diminishing,diminishing,1859.0,0.047181129455566406,15.627128316951463,0.006830561395096524,9.0,0.5209042772317154
0.0,AFW_diminishing,diminishing,1860.0,0.047205209732055664,15.627129933070302,0.002259213382153291,9.0,0.5209043311023434
0.0,AFW_diminishing,diminishing,1861.0,0.047231435775756836,15.62712831914221,0.006813420366368561,9.0,0.5209042773047403
0.0,AFW_diminishing,diminishing,1862.0,0.047257184982299805,15.627129921312871,0.0022567826725410356,9.0,0.5209043307104291
0.0,AFW_diminishing,diminishing,1863.0,0.04728341102600098,15.627128321331526,0.006796316199833896,9.0,0.5209042773777175
0.0,AFW_diminishing,diminishing,1864.0,0.04730701446533203,15.627129909610089,0.0022543571827871034,9.0,0.5209043303203363
0.0,AFW_diminishing,diminishing,1865.0,0.04733014106750488,15.627130465070092,0.006784378539235192,9.0,0.5209043488356697
0.0,AFW_diminishing,diminishing,1866.0,0.04735517501831055,15.627129897958406,0.0022510957301271617,9.0,0.5209043299319469
0.0,AFW_diminishing,diminishing,1867.0,0.047379255294799805,15.627128315297961,0.006771951494808803,9.0,0.5209042771765987
0.0,AFW_diminishing,diminishing,1868.0,0.04740405082702637,15.62712988634741,0.002233347090138338,9.0,0.5209043295449136
0.0,AFW_diminishing,diminishing,1869.0,0.04743027687072754,15.627128317477414,0.006754957154079477,9.0,0.5209042772492471
0.0,AFW_diminishing,diminishing,1870.0,0.04745626449584961,15.627129874790304,0.0022309371576252346,9.0,0.5209043291596768
0.0,AFW_diminishing,diminishing,1871.0,0.047480106353759766,15.627130444040928,0.006746362451636401,9.0,0.5209043481346975
0.0,AFW_diminishing,diminishing,1872.0,0.04750418663024902,15.62712986327799,0.002224426831480386,9.0,0.520904328775933
0.0,AFW_diminishing,diminishing,1873.0,0.04752922058105469,15.627128311518154,0.006730748786935692,9.0,0.5209042770506052
0.0,AFW_diminishing,diminishing,1874.0,0.047553062438964844,15.62712985181136,0.0022100614648739025,9.0,0.5209043283937119
0.0,AFW_diminishing,diminishing,1875.0,0.047579288482666016,15.627130435839918,0.006715809345191559,9.0,0.5209043478613306
0.0,AFW_diminishing,diminishing,1876.0,0.04760432243347168,15.627129840399965,0.002209967190715645,9.0,0.5209043280133322
0.0,AFW_diminishing,diminishing,1877.0,0.04763007164001465,15.627128305618754,0.006706643806824175,9.0,0.5209042768539585
0.0,AFW_diminishing,diminishing,1878.0,0.047654151916503906,15.627129829022975,0.0021892746847473887,9.0,0.5209043276340991
0.0,AFW_diminishing,diminishing,1879.0,0.047678232192993164,15.627128307780072,0.006689830156252796,9.0,0.5209042769260024
0.0,AFW_diminishing,diminishing,1880.0,0.04770302772521973,15.62712981769862,0.002186890349724635,9.0,0.5209043272566206
0.0,AFW_diminishing,diminishing,1881.0,0.04772615432739258,15.627130415188288,0.006678197921189621,9.0,0.520904347172943
0.0,AFW_diminishing,diminishing,1882.0,0.047753334045410156,15.627129806423298,0.0021835814440755996,9.0,0.5209043268807766
0.0,AFW_diminishing,diminishing,1883.0,0.04777812957763672,15.627128301953165,0.006665879024838617,9.0,0.5209042767317722
0.0,AFW_diminishing,diminishing,1884.0,0.04780435562133789,15.627129795187306,0.0021858210033744996,9.0,0.5209043265062435
0.0,AFW_diminishing,diminishing,1885.0,0.04782843589782715,15.627128304104774,0.0066491724182338174,9.0,0.5209042768034925
0.0,AFW_diminishing,diminishing,1886.0,0.0478520393371582,15.627129784003218,0.002186128809119836,9.0,0.5209043261334406
0.0,AFW_diminishing,diminishing,1887.0,0.04787611961364746,15.62713039477093,0.0066408261877288766,9.0,0.5209043464923643
0.0,AFW_diminishing,diminishing,1888.0,0.04790139198303223,15.62712977286208,0.0021573634562628285,9.0,0.5209043257620694
0.0,AFW_diminishing,diminishing,1889.0,0.047927141189575195,15.627128298349348,0.006625373667315415,9.0,0.520904276611645
0.0,AFW_diminishing,diminishing,1890.0,0.04795217514038086,15.627129761765094,0.002185798358018687,9.0,0.5209043253921698
0.0,AFW_diminishing,diminishing,1891.0,0.04797840118408203,15.627130386830048,0.006610789260326655,9.0,0.5209043462276682
0.0,AFW_diminishing,diminishing,1892.0,0.04800224304199219,15.627129750721158,0.002143147639456444,9.0,0.5209043250240386
0.0,AFW_diminishing,diminishing,1893.0,0.048026323318481445,15.627128292651546,0.006601675693307385,9.0,0.5209042764217182
0.0,AFW_diminishing,diminishing,1894.0,0.04805135726928711,15.627129739710476,0.002185469366578374,9.0,0.5209043246570159
0.0,AFW_diminishing,diminishing,1895.0,0.04807424545288086,15.627128294785342,0.006585145219411004,9.0,0.5209042764928448
0.0,AFW_diminishing,diminishing,1896.0,0.04810023307800293,15.627129728750516,0.0021857739446584645,9.0,0.5209043242916839
0.0,AFW_diminishing,diminishing,1897.0,0.048126220703125,15.627130366776754,0.006573811972732102,9.0,0.5209043455592252
0.0,AFW_diminishing,diminishing,1898.0,0.04815220832824707,15.627129717837606,0.0021172056717428944,9.0,0.5209043239279202
0.0,AFW_diminishing,diminishing,1899.0,0.04817628860473633,15.627128289157287,0.006561597220148485,9.0,0.5209042763052429
0.0,AFW_diminishing,diminishing,1900.0,0.048200368881225586,15.627129706962725,0.0021854470928985847,9.0,0.5209043235654242
0.0,AFW_diminishing,diminishing,1901.0,0.048224449157714844,15.627128291281531,0.0065451711015551695,9.0,0.5209042763760511
0.0,AFW_diminishing,diminishing,1902.0,0.048249244689941406,15.627129696137853,0.0021857497606632137,9.0,0.5209043232045951
0.0,AFW_diminishing,diminishing,1903.0,0.04827523231506348,15.62713034694943,0.006537068349015129,9.0,0.5209043448983144
0.0,AFW_diminishing,diminishing,1904.0,0.04830002784729004,15.627129685354165,0.0020914272548768764,9.0,0.5209043228451388
0.0,AFW_diminishing,diminishing,1905.0,0.0483241081237793,15.627128285722245,0.006521771657846287,9.0,0.5209042761907415
0.0,AFW_diminishing,diminishing,1906.0,0.048348188400268555,15.627129674613172,0.002185425027802168,9.0,0.5209043224871057
0.0,AFW_diminishing,diminishing,1907.0,0.04837226867675781,15.627130339259132,0.006507534629463407,9.0,0.5209043446419711
0.0,AFW_diminishing,diminishing,1908.0,0.04839825630187988,15.62712966392314,0.0020774491464532474,9.0,0.5209043221307713
0.0,AFW_diminishing,diminishing,1909.0,0.04842329025268555,15.627128280218464,0.006498470468059736,9.0,0.5209042760072822
0.0,AFW_diminishing,diminishing,1910.0,0.0484464168548584,15.627129653265262,0.0021851017168401654,9.0,0.5209043217755087
0.0,AFW_diminishing,diminishing,1911.0,0.04847121238708496,15.62712828232521,0.006482216076706848,9.0,0.520904276077507
0.0,AFW_diminishing,diminishing,1912.0,0.04849529266357422,15.627129642656262,0.002185401237218443,9.0,0.5209043214218754
0.0,AFW_diminishing,diminishing,1913.0,0.04852128028869629,15.627130319782992,0.006471175575004651,9.0,0.5209043439927664
0.0,AFW_diminishing,diminishing,1914.0,0.04854607582092285,15.627129632092432,0.0020519398552956147,9.0,0.5209043210697477
0.0,AFW_diminishing,diminishing,1915.0,0.04857230186462402,15.627128276888543,0.006459061116697029,9.0,0.5209042758962847
0.0,AFW_diminishing,diminishing,1916.0,0.04859638214111328,15.627129621565375,0.002185080010974616,9.0,0.5209043207188458
0.0,AFW_diminishing,diminishing,1917.0,0.04862022399902344,15.627128278985884,0.006442908481259835,9.0,0.5209042759661962
0.0,AFW_diminishing,diminishing,1918.0,0.0486452579498291,15.627129611086518,0.0021853776683400383,9.0,0.5209043203695506
0.0,AFW_diminishing,diminishing,1919.0,0.04866933822631836,15.627130300524886,0.0064350443581151495,9.0,0.5209043433508296
0.0,AFW_diminishing,diminishing,1920.0,0.04869413375854492,15.627129600647168,0.002026590046588339,9.0,0.5209043200215723
0.0,AFW_diminishing,diminishing,1921.0,0.048719167709350586,15.627128273615405,0.006419898378810629,9.0,0.5209042757871801
0.0,AFW_diminishing,diminishing,1922.0,0.048746347427368164,15.627129590249107,0.002185058506730897,9.0,0.5209043196749702
0.0,AFW_diminishing,diminishing,1923.0,0.04877114295959473,15.62713029307603,0.0064060013062086085,9.0,0.5209043431025343
0.0,AFW_diminishing,diminishing,1924.0,0.0487973690032959,15.627129579900004,0.0020128437337998406,9.0,0.5209043193300001
0.0,AFW_diminishing,diminishing,1925.0,0.048821449279785156,15.627128268298385,0.006396984090812907,9.0,0.5209042756099461
0.0,AFW_diminishing,diminishing,1926.0,0.04884505271911621,15.627129569582012,0.0021847407305450872,9.0,0.520904318986067
0.0,AFW_diminishing,diminishing,1927.0,0.04888033866882324,15.627128270378542,0.006380998922868031,9.0,0.5209042756792848
0.0,AFW_diminishing,diminishing,1928.0,0.0489041805267334,15.627129559311136,0.0021850353181651627,9.0,0.5209043186437046
0.0,AFW_diminishing,diminishing,1929.0,0.04893016815185547,15.627130274156775,0.006370245108962891,9.0,0.5209043424718925
0.0,AFW_diminishing,diminishing,1930.0,0.04895615577697754,15.627129549083623,0.0019877563841124157,9.0,0.5209043183027874
0.0,AFW_diminishing,diminishing,1931.0,0.04898214340209961,15.627128265126126,0.006358227243321579,9.0,0.5209042755042043
0.0,AFW_diminishing,diminishing,1932.0,0.04900622367858887,15.627129538891696,0.002184719573596894,9.0,0.5209043179630565
0.0,AFW_diminishing,diminishing,1933.0,0.04902911186218262,15.627128267197032,0.006342341317534306,9.0,0.5209042755732344
0.0,AFW_diminishing,diminishing,1934.0,0.04905438423156738,15.627129528746233,0.0021850123439541846,9.0,0.5209043176248744
0.0,AFW_diminishing,diminishing,1935.0,0.049079179763793945,15.627130255447941,0.006334711115096425,9.0,0.5209043418482647
0.0,AFW_diminishing,diminishing,1936.0,0.049105167388916016,15.627129518638657,0.0019628245822982393,9.0,0.5209043172879553
0.0,AFW_diminishing,diminishing,1937.0,0.049131155014038086,15.627128262008329,0.006319710919289179,9.0,0.5209042754002776
0.0,AFW_diminishing,diminishing,1938.0,0.049157142639160156,15.627129508571045,0.0021846986115896527,9.0,0.5209043169523682
0.0,AFW_diminishing,diminishing,1939.0,0.049181222915649414,15.6271302482318,0.006306146603881402,9.0,0.5209043416077267
0.0,AFW_diminishing,diminishing,1940.0,0.04920530319213867,15.62712949855047,0.001949304346876346,9.0,0.520904316618349
0.0,AFW_diminishing,diminishing,1941.0,0.04922914505004883,15.627128256871142,0.006297173976115289,9.0,0.520904275229038
0.0,AFW_diminishing,diminishing,1942.0,0.049253225326538086,15.627129488560001,0.0021843862294286254,9.0,0.5209043162853334
0.0,AFW_diminishing,diminishing,1943.0,0.049279212951660156,15.627128258925163,0.006281451397782689,9.0,0.5209042752975054
0.0,AFW_diminishing,diminishing,1944.0,0.04930520057678223,15.62712947861497,0.002184676005146713,9.0,0.5209043159538324
0.0,AFW_diminishing,diminishing,1945.0,0.04933023452758789,15.627130229850005,0.006270978393608573,9.0,0.5209043409950002
0.0,AFW_diminishing,diminishing,1946.0,0.04935503005981445,15.62712946871157,0.0019246285557841247,9.0,0.520904315623719
0.0,AFW_diminishing,diminishing,1947.0,0.049378156661987305,15.627128253850177,0.00625905356034373,9.0,0.5209042751283393
0.0,AFW_diminishing,diminishing,1948.0,0.04940319061279297,15.62712945884261,0.0021843656032807246,9.0,0.5209043152947537
0.0,AFW_diminishing,diminishing,1949.0,0.04942631721496582,15.627128255895093,0.006243427792529843,9.0,0.5209042751965031
0.0,AFW_diminishing,diminishing,1950.0,0.04945206642150879,15.627129449018463,0.0021846536059921817,9.0,0.5209043149672821
0.0,AFW_diminishing,diminishing,1951.0,0.04947829246520996,15.62713021167135,0.0062360269367705,9.0,0.520904340389045
0.0,AFW_diminishing,diminishing,1952.0,0.04950428009033203,15.627129439230655,0.001900104506360023,9.0,0.5209043146410218
0.0,AFW_diminishing,diminishing,1953.0,0.04952812194824219,15.627128250881453,0.0062211677768839735,9.0,0.5209042750293817
0.0,AFW_diminishing,diminishing,1954.0,0.049552202224731445,15.627129429481531,0.0021843451656700097,9.0,0.520904314316051
0.0,AFW_diminishing,diminishing,1955.0,0.0495762825012207,15.62713020467956,0.006207929235646503,9.0,0.5209043401559853
0.0,AFW_diminishing,diminishing,1956.0,0.04960012435913086,15.627129419777614,0.001886804816599863,9.0,0.5209043139925871
0.0,AFW_diminishing,diminishing,1957.0,0.04962611198425293,15.627128245917474,0.006198998933767186,9.0,0.5209042748639158
0.0,AFW_diminishing,diminishing,1958.0,0.04965019226074219,15.627129410102846,0.0021840380414985816,9.0,0.5209043136700948
0.0,AFW_diminishing,diminishing,1959.0,0.049674272537231445,15.627128247945798,0.006183532527430202,9.0,0.5209042749315266
0.0,AFW_diminishing,diminishing,1960.0,0.0496981143951416,15.627129400471894,0.0021843231222558046,9.0,0.5209043133490632
0.0,AFW_diminishing,diminishing,1961.0,0.04972219467163086,15.62713018681662,0.006173334627213478,9.0,0.520904339560554
0.0,AFW_diminishing,diminishing,1962.0,0.04974842071533203,15.627129390880928,0.0018625305391228864,9.0,0.5209043130293642
0.0,AFW_diminishing,diminishing,1963.0,0.049774169921875,15.627128243041716,0.00616149940109878,9.0,0.5209042747680572
0.0,AFW_diminishing,diminishing,1964.0,0.049799203872680664,15.627129381323304,0.0021840179287639927,9.0,0.5209043127107768
0.0,AFW_diminishing,diminishing,1965.0,0.04982328414916992,15.627128245061083,0.006146127452439032,9.0,0.5209042748353695
0.0,AFW_diminishing,diminishing,1966.0,0.04984712600708008,15.627129371808905,0.002184301279369194,9.0,0.5209043123936302
0.0,AFW_diminishing,diminishing,1967.0,0.04987215995788574,15.627130169149845,0.006138951499028877,9.0,0.5209043389716616
0.0,AFW_diminishing,diminishing,1968.0,0.049896240234375,15.627129362329375,0.0018384043202885891,9.0,0.5209043120776459
0.0,AFW_diminishing,diminishing,1969.0,0.04992222785949707,15.62712824021608,0.006124228800432618,9.0,0.5209042746738693
0.0,AFW_diminishing,diminishing,1970.0,0.04994821548461914,15.627129352887302,0.0021839979984381586,9.0,0.5209043117629101
0.0,AFW_diminishing,diminishing,1971.0,0.04997420310974121,15.627130162374396,0.006111309257676112,9.0,0.5209043387458132
0.0,AFW_diminishing,diminishing,1972.0,0.04999709129333496,15.627129343488678,0.0018253198234621237,9.0,0.5209043114496226
0.0,AFW_diminishing,diminishing,1973.0,0.05002117156982422,15.627128235418958,0.006102419112130164,9.0,0.5209042745139653
0.0,AFW_diminishing,diminishing,1974.0,0.05005311965942383,15.627129334118282,0.002183696000741975,9.0,0.5209043111372761
0.0,AFW_diminishing,diminishing,1975.0,0.050078392028808594,15.627128237422024,0.006087202667600877,9.0,0.5209042745807342
0.0,AFW_diminishing,diminishing,1976.0,0.05010199546813965,15.627129324790161,0.00218397649971358,9.0,0.5209043108263387
0.0,AFW_diminishing,diminishing,1977.0,0.050126075744628906,15.627130145012497,0.006077274331341087,9.0,0.5209043381670833
0.0,AFW_diminishing,diminishing,1978.0,0.05015230178833008,15.62712931550044,0.0018014373388819394,9.0,0.5209043105166813
0.0,AFW_diminishing,diminishing,1979.0,0.05017805099487305,15.6271282326826,0.006065525416339312,9.0,0.5209042744227533
0.0,AFW_diminishing,diminishing,1980.0,0.05020427703857422,15.627129306243015,0.002183676384751365,9.0,0.5209043102081005
0.0,AFW_diminishing,diminishing,1981.0,0.05023002624511719,15.627128234676851,0.006050401152279505,9.0,0.5209042744892284
0.0,AFW_diminishing,diminishing,1982.0,0.05025625228881836,15.627129297027299,0.0021839551950417757,9.0,0.52090430990091
0.0,AFW_diminishing,diminishing,1983.0,0.05028033256530762,15.627130127840067,0.006043445781751089,9.0,0.5209043375946689
0.0,AFW_diminishing,diminishing,1984.0,0.05030417442321777,15.62712928784503,0.0017776993481248837,9.0,0.5209043095948344
0.0,AFW_diminishing,diminishing,1985.0,0.05032920837402344,15.62712822999434,0.006028855135404854,9.0,0.5209042743331447
0.0,AFW_diminishing,diminishing,1986.0,0.050353288650512695,15.627129278699044,0.002183656945268453,9.0,0.5209043092899681
0.0,AFW_diminishing,diminishing,1987.0,0.050379037857055664,15.627130121273293,0.006016248014914183,9.0,0.5209043373757765
0.0,AFW_diminishing,diminishing,1988.0,0.050405263900756836,15.62712926959483,0.0017648248633701513,9.0,0.5209043089864943
0.0,AFW_diminishing,diminishing,1989.0,0.050431251525878906,15.627128225357993,0.006007395944196858,9.0,0.5209042741785997
0.0,AFW_diminishing,diminishing,1990.0,0.05045509338378906,15.627129260517966,0.002183359946897667,9.0,0.5209043086839322
0.0,AFW_diminishing,diminishing,1991.0,0.05047917366027832,15.627128227336232,0.005992423450418727,9.0,0.5209042742445411
0.0,AFW_diminishing,diminishing,1992.0,0.05050325393676758,15.627129251481891,0.0021836359736617794,9.0,0.5209043083827297
0.0,AFW_diminishing,diminishing,1993.0,0.050527334213256836,15.627130104395338,0.005982759297710416,9.0,0.5209043368131779
0.0,AFW_diminishing,diminishing,1994.0,0.050553083419799805,15.62712924248271,0.0017413247622020123,9.0,0.520904308082757
0.0,AFW_diminishing,diminishing,1995.0,0.05057835578918457,15.627128222755477,0.005971093521333515,9.0,0.5209042740918493
0.0,AFW_diminishing,diminishing,1996.0,0.05060243606567383,15.627129233514816,0.0021833408116354036,9.0,0.5209043077838272
0.0,AFW_diminishing,diminishing,1997.0,0.05062723159790039,15.627128224725045,0.005956211003425693,9.0,0.5209042741575015
0.0,AFW_diminishing,diminishing,1998.0,0.05065011978149414,15.62712922458717,0.0021836151898675382,9.0,0.5209043074862391
0.0,AFW_diminishing,diminishing,1999.0,0.05067634582519531,15.627130087700438,0.005949472016661517,9.0,0.5209043362566813
0.0,AFW_exact,exact,0.0,3.886222839355469e-05,16.484849442471486,10.73971096916316,2.0,0.5494949814157162
0.0,AFW_exact,exact,1.0,7.295608520507812e-05,15.980911982161695,4.048212016133748,3.0,0.5326970660720565
0.0,AFW_exact,exact,2.0,0.000102996826171875,15.763268607237773,2.3462612641898417,4.0,0.5254422869079257
0.0,AFW_exact,exact,3.0,0.00013017654418945312,15.742912719063453,0.7190834313132619,5.0,0.5247637573021151
0.0,AFW_exact,exact,4.0,0.0001590251922607422,15.714666344614441,0.7035037141866969,6.0,0.523822211487148
0.0,AFW_exact,exact,5.0,0.00018715858459472656,15.700983600153823,0.5790448126026888,7.0,0.5233661200051274
0.0,AFW_exact,exact,6.0,0.00021600723266601562,15.687077572756433,0.5259025071175376,8.0,0.5229025857585478
0.0,AFW_exact,exact,7.0,0.00024390220642089844,15.681078540506073,0.3115212969900476,8.0,0.5227026180168691
0.0,AFW_exact,exact,8.0,0.0002779960632324219,15.675909558414663,0.1842222792404531,8.0,0.522530318613822
0.0,AFW_exact,exact,9.0,0.0003058910369873047,15.671433979826602,0.26799540578600833,8.0,0.5223811326608867
0.0,AFW_exact,exact,10.0,0.0003361701965332031,15.666982605485966,0.18787114938407257,8.0,0.5222327535161989
0.0,AFW_exact,exact,11.0,0.00036406517028808594,15.66310655454702,0.24909025486192782,8.0,0.522103551818234
0.0,AFW_exact,exact,12.0,0.000392913818359375,15.659268012858316,0.19302529292465032,8.0,0.5219756004286106
0.0,AFW_exact,exact,13.0,0.0004210472106933594,15.655908206429121,0.23162717829091406,8.0,0.5218636068809707
0.0,AFW_exact,exact,14.0,0.00045013427734375,15.65259406269571,0.19932346776017873,8.0,0.5217531354231904
0.0,AFW_exact,exact,15.0,0.000476837158203125,15.64967936943302,0.21548303552338943,8.0,0.5216559789811007
0.0,AFW_exact,exact,16.0,0.0005071163177490234,15.646814765259125,0.2064710089720947,8.0,0.5215604921753042
0.0,AFW_exact,exact,17.0,0.0005340576171875,15.644284316412723,0.2005467340908993,8.0,0.5214761438804241
0.0,AFW_exact,exact,18.0,0.0005629062652587891,15.64231692061182,0.21422781577858174,8.0,0.521410564020394
0.0,AFW_exact,exact,19.0,0.0005929470062255859,15.640857642862642,0.09553767345536102,8.0,0.5213619214287547
0.0,AFW_exact,exact,20.0,0.0006232261657714844,15.63831358612571,0.20125380217265665,8.0,0.5212771195375236
0.0,AFW_exact,exact,21.0,0.0006511211395263672,15.635821186641888,0.11003667204652956,8.0,0.5211940395547295
0.0,AFW_exact,exact,22.0,0.0006809234619140625,15.633610580984008,0.18739344428072258,8.0,0.521120352699467
0.0,AFW_exact,exact,23.0,0.0007090568542480469,15.631595911246828,0.11805471518812105,7.0,0.521053197041561
0.0,AFW_exact,exact,24.0,0.0007390975952148438,15.630679213341567,0.12859510295725052,7.0,0.5210226404447189
0.0,AFW_exact,exact,25.0,0.0007669925689697266,15.629632709987968,0.09802253729725408,7.0,0.520987756999599
0.0,AFW_exact,exact,26.0,0.0007958412170410156,15.628965068742353,0.11118254241112879,7.0,0.5209655022914118
0.0,AFW_exact,exact,27.0,0.000823974609375,15.628537696440423,0.08135986157608777,7.0,0.5209512565480141
0.0,AFW_exact,exact,28.0,0.0008530616760253906,15.62828268926411,0.07027851104455962,8.0,0.5209427563088036
0.0,AFW_exact,exact,29.0,0.0008809566497802734,15.628156863783895,0.04794312936646605,8.0,0.5209385621261299
0.0,AFW_exact,exact,30.0,0.0009100437164306641,15.627959970641664,0.036953988290079565,8.0,0.5209319990213888
0.0,AFW_exact,exact,31.0,0.0009379386901855469,15.62783313010616,0.037094036445848744,8.0,0.5209277710035386
0.0,AFW_exact,exact,32.0,0.0009670257568359375,15.627698715995283,0.03885128018739259,8.0,0.5209232905331761
0.0,AFW_exact,exact,33.0,0.0009989738464355469,15.627547103059806,0.06456807102870066,9.0,0.5209182367686602
0.0,AFW_exact,exact,34.0,0.0010280609130859375,15.627500172266531,0.032616048019466604,9.0,0.5209166724088844
0.0,AFW_exact,exact,35.0,0.0010559558868408203,15.62744050187167,0.023977073087111833,9.0,0.5209146833957223
0.0,AFW_exact,exact,36.0,0.0010869503021240234,15.62740370393157,0.022316880531311867,9.0,0.520913456797719
0.0,AFW_exact,exact,37.0,0.0011141300201416016,15.62734841742319,0.031726426609296254,9.0,0.5209116139141063
0.0,AFW_exact,exact,38.0,0.0011429786682128906,15.627274261505185,0.02135946153426005,9.0,0.5209091420501728
0.0,AFW_exact,exact,39.0,0.0011708736419677734,15.62722502408391,0.01482151472971438,9.0,0.520907500802797
0.0,AFW_exact,exact,40.0,0.0012001991271972656,15.6272036622684,0.019695384708949604,9.0,0.52090678874228
0.0,AFW_exact,exact,41.0,0.0012290477752685547,15.627197182120057,0.009921358580623263,9.0,0.5209065727373352
0.0,AFW_exact,exact,42.0,0.0012569427490234375,15.62718615781432,0.01478062313469053,9.0,0.5209062052604774
0.0,AFW_exact,exact,43.0,0.0012850761413574219,15.627176456948265,0.011538514497750896,9.0,0.5209058818982755
0.0,AFW_exact,exact,44.0,0.0013141632080078125,15.627164928428137,0.009459440797494167,9.0,0.5209054976142712
0.0,AFW_exact,exact,45.0,0.0013420581817626953,15.627155197956638,0.007099280580336043,9.0,0.5209051732652212
0.0,AFW_exact,exact,46.0,0.001371145248413086,15.627148010873116,0.014006844936668372,9.0,0.5209049336957705
0.0,AFW_exact,exact,47.0,0.0013990402221679688,15.627145054085386,0.00816937879887547,9.0,0.5209048351361795
0.0,AFW_exact,exact,48.0,0.0014278888702392578,15.627141980653139,0.006715499033379757,9.0,0.520904732688438
0.0,AFW_exact,exact,49.0,0.0014562606811523438,15.627139355914954,0.005987595975730287,9.0,0.5209046451971652
0.0,AFW_exact,exact,50.0,0.0014851093292236328,15.627135154870068,0.004907504278325092,9.0,0.5209045051623356
0.0,AFW_exact,exact,51.0,0.0015120506286621094,15.627133324989488,0.0059144674916282725,9.0,0.5209044441663163
0.0,AFW_exact,exact,52.0,0.0015420913696289062,15.627131874734163,0.005123584410117843,9.0,0.5209043958244721
0.0,AFW_exact,exact,53.0,0.0015690326690673828,15.627131238644692,0.003250442644210594,9.0,0.5209043746214898
0.0,AFW_exact,exact,54.0,0.0015990734100341797,15.627130511642696,0.0027192104393343186,9.0,0.5209043503880898
0.0,AFW_exact,exact,55.0,0.0016260147094726562,15.627129813915404,0.004361144570587783,9.0,0.5209043271305135
0.0,AFW_exact,exact,56.0,0.0016551017761230469,15.62712858191693,0.0035859091308374502,9.0,0.5209042860638976
0.0,AFW_exact,exact,57.0,0.0016829967498779297,15.627128147145159,0.0020543812927495964,9.0,0.5209042715715053
0.0,AFW_exact,exact,58.0,0.0017120838165283203,15.627127701737704,0.003169319109051827,9.0,0.5209042567245902
0.0,AFW_exact,exact,59.0,0.0017399787902832031,15.62712747509358,0.0017187059712178154,9.0,0.5209042491697861
0.0,AFW_exact,exact,60.0,0.0017690658569335938,15.627127265767376,0.001945858277890622,9.0,0.5209042421922458
0.0,AFW_exact,exact,61.0,0.0017960071563720703,15.627126939001977,0.0022271351560494423,9.0,0.5209042313000659
0.0,AFW_exact,exact,62.0,0.0018260478973388672,15.627126775617702,0.002110042156660441,9.0,0.5209042258539234
0.0,AFW_exact,exact,63.0,0.0018529891967773438,15.627126655501105,0.0011748522558292507,9.0,0.5209042218500368
0.0,AFW_exact,exact,64.0,0.0018832683563232422,15.62712658107574,0.001192203787953261,9.0,0.5209042193691913
0.0,AFW_exact,exact,65.0,0.001911163330078125,15.627126506017495,0.0008683742286770268,9.0,0.5209042168672499
0.0,AFW_exact,exact,66.0,0.0019409656524658203,15.627126445362023,0.0009671078306912051,9.0,0.5209042148454007
0.0,AFW_exact,exact,67.0,0.0019681453704833984,15.627126337749303,0.0013950983054336064,9.0,0.5209042112583101
0.0,AFW_exact,exact,68.0,0.0019969940185546875,15.627126302076913,0.0008967386103098107,9.0,0.5209042100692305
0.0,AFW_exact,exact,69.0,0.002023935317993164,15.627126271455166,0.0006816400404439094,9.0,0.5209042090485055
0.0,AFW_exact,exact,70.0,0.002054929733276367,15.627126245220902,0.0008454348727457983,9.0,0.52090420817403
0.0,AFW_exact,exact,71.0,0.002079010009765625,15.627126215857237,0.00039350802677162733,9.0,0.5209042071952412
0.0,AFW_exact,exact,72.0,0.002109050750732422,15.62712618882538,0.00047290877906824846,9.0,0.5209042062941793
0.0,AFW_exact,exact,73.0,0.0021381378173828125,15.627126165763443,0.0006457805160398067,9.0,0.5209042055254481
0.0,AFW_exact,exact,74.0,0.002165079116821289,15.627126156775166,0.0003734515575590791,9.0,0.5209042052258389
0.0,AFW_exact,exact,75.0,0.002193927764892578,15.627126142850367,0.0002958628889651038,9.0,0.5209042047616789
0.0,AFW_exact,exact,76.0,0.002231121063232422,15.627126138899758,0.00032806599167578554,9.0,0.520904204629992
0.0,AFW_exact,exact,77.0,0.0022590160369873047,15.62712613212798,0.00024914754382798776,9.0,0.520904204404266
0.0,AFW_exact,exact,78.0,0.002286195755004883,15.627126125512497,0.0003861542843086596,9.0,0.5209042041837499
0.0,AFW_exact,exact,79.0,0.002315998077392578,15.627126123005947,0.000218768038468653,9.0,0.5209042041001982
0.0,AFW_exact,exact,80.0,0.0023429393768310547,15.627126119982082,0.00023382910729452533,9.0,0.5209042039994027
0.0,AFW_exact,exact,81.0,0.0023720264434814453,15.62712611403148,0.0003004683678913267,9.0,0.5209042038010493
0.0,AFW_exact,exact,82.0,0.002398967742919922,15.627126111965875,0.00023721908217311238,9.0,0.5209042037321958
0.0,AFW_exact,exact,83.0,0.0024290084838867188,15.627126110961612,0.0001285372233290616,9.0,0.5209042036987204
0.0,AFW_exact,exact,84.0,0.002456188201904297,15.627126108460587,0.00021265494006073027,9.0,0.520904203615353
0.0,AFW_exact,exact,85.0,0.002485036849975586,15.62712610724566,0.0001357636932688422,9.0,0.5209042035748553
0.0,AFW_exact,exact,86.0,0.002512216567993164,15.627126105898293,0.0001742667279067689,9.0,0.5209042035299432
0.0,AFW_exact,exact,87.0,0.0025331974029541016,15.627126105898293,9.450429787527526e-05,9.0,0.5209042035299432
0.0,PFW_diminishing,diminishing,0.0,2.8848648071289062e-05,20.02424955274294,10.73971096916316,1.0,0.6674749850914313
0.0,PFW_diminishing,diminishing,1.0,6.103515625e-05,17.296768766446505,13.358413804480087,2.0,0.5765589588815502
0.0,PFW_diminishing,diminishing,2.0,8.916854858398438e-05,16.089648661092006,5.045837086893254,3.0,0.5363216220364002
0.0,PFW_diminishing,diminishing,3.0,0.00011396408081054688,16.211306815421867,2.640555861856015,4.0,0.5403768938473956
0.0,PFW_diminishing,diminishing,4.0,0.00013899803161621094,15.896237885002455,2.7725413887326287,4.0,0.5298745961667485
0.0,PFW_diminishing,diminishing,5.0,0.0001621246337890625,16.035468109967344,1.5434268763087076,4.0,0.5345156036655782
0.0,PFW_diminishing,diminishing,6.0,0.0001862049102783203,16.01289392073454,2.0505868491529817,5.0,0.5337631306911513
0.0,PFW_diminishing,diminishing,7.0,0.00021004676818847656,15.866656541553061,1.7820618644366473,6.0,0.528888551385102
0.0,PFW_diminishing,diminishing,8.0,0.0002319812774658203,15.770668669697159,1.1000331669200136,6.0,0.5256889556565719
0.0,PFW_diminishing,diminishing,9.0,0.0002551078796386719,15.884471105209501,0.7661689215498892,6.0,0.5294823701736501
0.0,PFW_diminishing,diminishing,10.0,0.0002779960632324219,15.755869576996158,1.430834384434359,6.0,0.5251956525665386
0.0,PFW_diminishing,diminishing,11.0,0.00030303001403808594,15.88338513287424,0.6758315350144635,7.0,0.529446171095808
0.0,PFW_diminishing,diminishing,12.0,0.0003268718719482422,15.747012629314371,1.3788856879996203,7.0,0.5249004209771457
0.0,PFW_diminishing,diminishing,13.0,0.00034999847412109375,15.864138464033106,0.5779222410633977,7.0,0.5288046154677702
0.0,PFW_diminishing,diminishing,14.0,0.0003731250762939453,15.703410611003157,1.8990930321269097,8.0,0.5234470203667719
0.0,PFW_diminishing,diminishing,15.0,0.0003960132598876953,15.767313801409138,0.4976488672268111,8.0,0.5255771267136379
0.0,PFW_diminishing,diminishing,16.0,0.0004208087921142578,15.698650088563292,0.8774108996824577,8.0,0.5232883362854431
0.0,PFW_diminishing,diminishing,17.0,0.0004439353942871094,15.756655395183175,0.39715255480714085,8.0,0.5252218465061058
0.0,PFW_diminishing,diminishing,18.0,0.0004658699035644531,15.70942494001383,0.8070599294231258,8.0,0.5236474980004611
0.0,PFW_diminishing,diminishing,19.0,0.0004899501800537109,15.717107111249408,0.5958006557883593,8.0,0.5239035703749803
0.0,PFW_diminishing,diminishing,20.0,0.0005121231079101562,15.705121672428122,0.5856798397528404,8.0,0.5235040557476041
0.0,PFW_diminishing,diminishing,21.0,0.0005371570587158203,15.712522800638007,0.5311921844436807,8.0,0.5237507600212669
0.0,PFW_diminishing,diminishing,22.0,0.0005598068237304688,15.70186064041725,0.5341897158820483,8.0,0.523395354680575
0.0,PFW_diminishing,diminishing,23.0,0.0005819797515869141,15.708943809239043,0.477798934711684,8.0,0.5236314603079681
0.0,PFW_diminishing,diminishing,24.0,0.0006060600280761719,15.699334988635131,0.4913405991843298,8.0,0.5233111662878377
0.0,PFW_diminishing,diminishing,25.0,0.0006289482116699219,15.70609306707824,0.4329431780519837,8.0,0.5235364355692746
0.0,PFW_diminishing,diminishing,26.0,0.0006542205810546875,15.697342430644348,0.45513387221331136,8.0,0.5232447476881449
0.0,PFW_diminishing,diminishing,27.0,0.0006768703460693359,15.682066163810715,0.41498901774985697,8.0,0.5227355387936905
0.0,PFW_diminishing,diminishing,28.0,0.0006999969482421875,15.70698089588988,0.2476172475238112,8.0,0.5235660298629959
0.0,PFW_diminishing,diminishing,29.0,0.0007240772247314453,15.664122701946757,0.8867990647711572,8.0,0.5221374233982252
0.0,PFW_diminishing,diminishing,30.0,0.0007460117340087891,15.688307483902861,0.2159677758826657,8.0,0.522943582796762
0.0,PFW_diminishing,diminishing,31.0,0.0007710456848144531,15.64966248509291,0.8107922746894385,8.0,0.5216554161697636
0.0,PFW_diminishing,diminishing,32.0,0.0007939338684082031,15.657766326805762,0.20749914799332458,8.0,0.5219255442268588
0.0,PFW_diminishing,diminishing,33.0,0.0008180141448974609,15.65746311819866,0.2801105090276934,8.0,0.5219154372732887
0.0,PFW_diminishing,diminishing,34.0,0.0008409023284912109,15.656715409308033,0.33788671507743295,8.0,0.5218905136436011
0.0,PFW_diminishing,diminishing,35.0,0.0008640289306640625,15.656483418436178,0.2610128959847202,8.0,0.5218827806145393
0.0,PFW_diminishing,diminishing,36.0,0.0008890628814697266,15.655824233257686,0.31650322057344127,8.0,0.5218608077752562
0.0,PFW_diminishing,diminishing,37.0,0.0009119510650634766,15.655648363809954,0.24399961903347211,8.0,0.5218549454603318
0.0,PFW_diminishing,diminishing,38.0,0.0009338855743408203,15.655062022821944,0.2973750178580712,8.0,0.5218354007607314
0.0,PFW_diminishing,diminishing,39.0,0.0009570121765136719,15.654930797271104,0.22874783896975792,8.0,0.5218310265757035
0.0,PFW_diminishing,diminishing,40.0,0.0009799003601074219,15.654405068764504,0.28016372959009495,8.0,0.5218135022921502
0.0,PFW_diminishing,diminishing,41.0,0.0010039806365966797,15.64644188691333,0.21908811227275216,8.0,0.521548062897111
0.0,PFW_diminishing,diminishing,42.0,0.0010280609130859375,15.654676640169098,0.14985122339764523,8.0,0.5218225546723033
0.0,PFW_diminishing,diminishing,43.0,0.0010499954223632812,15.639495075131618,0.48271447660656897,8.0,0.5213165025043873
0.0,PFW_diminishing,diminishing,44.0,0.0010738372802734375,15.634261035092223,0.230888657759877,7.0,0.5211420345030741
0.0,PFW_diminishing,diminishing,45.0,0.001096963882446289,15.641257152772315,0.18300894687715186,7.0,0.5213752384257438
0.0,PFW_diminishing,diminishing,46.0,0.0011210441589355469,15.63399348904811,0.34011375969998525,7.0,0.5211331163016036
0.0,PFW_diminishing,diminishing,47.0,0.0011451244354248047,15.639556193334071,0.17211102030657877,7.0,0.5213185397778024
0.0,PFW_diminishing,diminishing,48.0,0.0011670589447021484,15.637716681968188,0.426095859508699,7.0,0.5212572227322729
0.0,PFW_diminishing,diminishing,49.0,0.0011980533599853516,15.634883778775645,0.3305549389461291,7.0,0.5211627926258549
0.0,PFW_diminishing,diminishing,50.0,0.0012209415435791016,15.63730969434891,0.28117934637499964,7.0,0.521243656478297
0.0,PFW_diminishing,diminishing,51.0,0.0012450218200683594,15.634596744393967,0.32112437653383274,7.0,0.5211532248131322
0.0,PFW_diminishing,diminishing,52.0,0.0012669563293457031,15.636944909142029,0.2712579727504085,7.0,0.5212314969714009
0.0,PFW_diminishing,diminishing,53.0,0.001291036605834961,15.634341841963112,0.31241046328821653,7.0,0.5211447280654371
0.0,PFW_diminishing,diminishing,54.0,0.0013151168823242188,15.63661658233142,0.2620743725359773,7.0,0.5212205527443807
0.0,PFW_diminishing,diminishing,55.0,0.0013370513916015625,15.634114566591975,0.3043345923992291,7.0,0.5211371522197326
0.0,PFW_diminishing,diminishing,56.0,0.0013599395751953125,15.636319921999021,0.25354927912527714,7.0,0.5212106640666341
0.0,PFW_diminishing,diminishing,57.0,0.0013911724090576172,15.63391116866243,0.29682923628834956,7.0,0.5211303722887476
0.0,PFW_diminishing,diminishing,58.0,0.0014138221740722656,15.63605090435216,0.24561437917572526,7.0,0.5212016968117387
0.0,PFW_diminishing,diminishing,59.0,0.0014369487762451172,15.633728507510595,0.28983606280683816,7.0,0.5211242835836865
0.0,PFW_diminishing,diminishing,60.0,0.001461029052734375,15.6358061300126,0.2382104852333704,7.0,0.5211935376670866
0.0,PFW_diminishing,diminishing,61.0,0.0014851093292236328,15.632558033709437,0.2833044228572952,7.0,0.5210852677903145
0.0,PFW_diminishing,diminishing,62.0,0.001508951187133789,15.63309532991988,0.2543305203270414,7.0,0.521103177663996
0.0,PFW_diminishing,diminishing,63.0,0.0015330314636230469,15.632377981610873,0.2318542384917226,7.0,0.5210792660536957
0.0,PFW_diminishing,diminishing,64.0,0.0015559196472167969,15.632904616266096,0.24722323862156337,7.0,0.5210968205422032
0.0,PFW_diminishing,diminishing,65.0,0.0015799999237060547,15.63221396971229,0.22614577592728935,7.0,0.5210737989904096
0.0,PFW_diminishing,diminishing,66.0,0.0016040802001953125,15.63273009583607,0.2405478022430465,7.0,0.5210910031945357
0.0,PFW_diminishing,diminishing,67.0,0.0016257762908935547,15.632064163146957,0.22078071635522,7.0,0.5210688054382319
0.0,PFW_diminishing,diminishing,68.0,0.0016489028930664062,15.632569972515821,0.23426603684580982,7.0,0.5210856657505274
0.0,PFW_diminishing,diminishing,69.0,0.00167083740234375,15.631926981275095,0.2157290036170032,7.0,0.5210642327091698
0.0,PFW_diminishing,diminishing,70.0,0.0016961097717285156,15.632422693208667,0.22834413619369087,7.0,0.521080756440289
0.0,PFW_diminishing,diminishing,71.0,0.0017189979553222656,15.631801056623388,0.21096398701130425,7.0,0.5210600352207796
0.0,PFW_diminishing,diminishing,72.0,0.001741170883178711,15.632286909363541,0.22275205507240514,7.0,0.521076230312118
0.0,PFW_diminishing,diminishing,73.0,0.001772165298461914,15.631685201351367,0.20646195259540434,7.0,0.5210561733783788
0.0,PFW_diminishing,diminishing,74.0,0.0017969608306884766,15.63216144543151,0.2174630006662479,7.0,0.5210720481810504
0.0,PFW_diminishing,diminishing,75.0,0.0018310546875,15.631578379709017,0.2022017297748615,7.0,0.5210526126569672
0.0,PFW_diminishing,diminishing,76.0,0.001856088638305664,15.632045272859605,0.21245300426556746,7.0,0.5210681757619868
0.0,PFW_diminishing,diminishing,77.0,0.0018811225891113281,15.631479685293483,0.19816435944756705,7.0,0.5210493228431161
0.0,PFW_diminishing,diminishing,78.0,0.0019030570983886719,15.631937488537798,0.2077005588887797,7.0,0.5210645829512599
0.0,PFW_diminishing,diminishing,79.0,0.0019278526306152344,15.63138832217303,0.19433281275776437,7.0,0.5210462774057677
0.0,PFW_diminishing,diminishing,80.0,0.001950979232788086,15.631791463099065,0.2031863112844885,7.0,0.5210597154366355
0.0,PFW_diminishing,diminishing,81.0,0.0019729137420654297,15.630092127788402,0.17559333948802447,7.0,0.5210030709262801
0.0,PFW_diminishing,diminishing,82.0,0.0019960403442382812,15.631075895498325,0.17237918559604815,8.0,0.5210358631832775
0.0,PFW_diminishing,diminishing,83.0,0.002019166946411133,15.630008634203277,0.14381183963401512,8.0,0.5210002878067759
0.0,PFW_diminishing,diminishing,84.0,0.002043008804321289,15.630971708754572,0.16732650631836066,8.0,0.521032390291819
0.0,PFW_diminishing,diminishing,85.0,0.002067089080810547,15.629931067761103,0.1404827388395713,8.0,0.5209977022587035
0.0,PFW_diminishing,diminishing,86.0,0.0020890235900878906,15.630874245823376,0.16250900486317477,8.0,0.5210291415274458
0.0,PFW_diminishing,diminishing,87.0,0.002123117446899414,15.629858892835308,0.1373081216744545,8.0,0.5209952964278436
0.0,PFW_diminishing,diminishing,88.0,0.002145051956176758,15.630782930334828,0.15791064050096892,8.0,0.5210260976778276
0.0,PFW_diminishing,diminishing,89.0,0.0021681785583496094,15.629791632451914,0.13427748612635426,8.0,0.5209930544150638
0.0,PFW_diminishing,diminishing,90.0,0.0021910667419433594,15.630697246814012,0.1535167984097523,8.0,0.5210232415604671
0.0,PFW_diminishing,diminishing,91.0,0.002215862274169922,15.629728860779668,0.1313812604352158,8.0,0.5209909620259889
0.0,PFW_diminishing,diminishing,92.0,0.0022389888763427734,15.630616733093294,0.14931413472315214,8.0,0.5210205577697765
0.0,PFW_diminishing,diminishing,93.0,0.002262115478515625,15.6296701967159,0.12861070238136385,8.0,0.5209890065571966
0.0,PFW_diminishing,diminishing,94.0,0.002286195755004883,15.630540973807356,0.14529044134957658,8.0,0.5210180324602453
0.0,PFW_diminishing,diminishing,95.0,0.0023088455200195312,15.629615298389401,0.12595781137377848,8.0,0.52098717661298
0.0,PFW_diminishing,diminishing,96.0,0.002332925796508789,15.630469594797773,0.14143452768121811,8.0,0.5210156531599258
0.0,PFW_diminishing,diminishing,97.0,0.0023560523986816406,15.629563858433764,0.12341525148066168,8.0,0.5209854619477922
0.0,PFW_diminishing,diminishing,98.0,0.0023789405822753906,15.630402258284375,0.13773611678179698,8.0,0.5210134086094792
0.0,PFW_diminishing,diminishing,99.0,0.002402067184448242,15.629515599910322,0.12097628384641723,8.0,0.520983853330344
0.0,PFW_diminishing,diminishing,100.0,0.0024251937866210938,15.630338658685563,0.13418575402726596,8.0,0.5210112886228521
0.0,PFW_diminishing,diminishing,101.0,0.00244903564453125,15.629470272780775,0.11863470718677505,8.0,0.5209823424260258
0.0,PFW_diminishing,diminishing,102.0,0.002471923828125,15.630278518989542,0.13077472649127841,8.0,0.5210092839663181
0.0,PFW_diminishing,diminishing,103.0,0.0024929046630859375,15.629427650846658,0.11638480525797945,8.0,0.5209809216948886
0.0,PFW_diminishing,diminishing,104.0,0.0025169849395751953,15.630221587594965,0.12749499162971567,8.0,0.5210073862531656
0.0,PFW_diminishing,diminishing,105.0,0.002540111541748047,15.629387529086278,0.1142213003651733,8.0,0.5209795843028759
0.0,PFW_diminishing,diminishing,106.0,0.0025620460510253906,15.630167635552747,0.12433911403674713,8.0,0.5210055878517582
0.0,PFW_diminishing,diminishing,107.0,0.002585887908935547,15.629349721331495,0.112139312115481,8.0,0.5209783240443832
0.0,PFW_diminishing,diminishing,108.0,0.002626180648803711,15.628616646403648,0.12138080801050855,9.0,0.5209538882134549
0.0,PFW_diminishing,diminishing,109.0,0.0026581287384033203,15.629804631647465,0.061766888109058726,9.0,0.5209934877215822
0.0,PFW_diminishing,diminishing,110.0,0.002683877944946289,15.628898036095494,0.16349294611272924,9.0,0.5209632678698498
0.0,PFW_diminishing,diminishing,111.0,0.002708911895751953,15.629758355144048,0.09043088906110874,9.0,0.5209919451714683
0.0,PFW_diminishing,diminishing,112.0,0.0027341842651367188,15.628547761763558,0.16220221601979112,9.0,0.5209515920587853
0.0,PFW_diminishing,diminishing,113.0,0.0027599334716796875,15.629714131920178,0.05846055225048019,9.0,0.520990471064006
0.0,PFW_diminishing,diminishing,114.0,0.0027840137481689453,15.628524986802091,0.15989521650418403,9.0,0.520950832893403
0.0,PFW_diminishing,diminishing,115.0,0.002807140350341797,15.628092226270455,0.05759298565991067,9.0,0.5209364075423485
0.0,PFW_diminishing,diminishing,116.0,0.0028290748596191406,15.628503293727224,0.029139644382070173,9.0,0.5209501097909075
0.0,PFW_diminishing,diminishing,117.0,0.002852916717529297,15.628078106887495,0.05646683980687328,9.0,0.5209359368962498
0.0,PFW_diminishing,diminishing,118.0,0.0028769969940185547,15.62848261367471,0.028084693648406045,9.0,0.5209494204558236
0.0,PFW_diminishing,diminishing,119.0,0.0028998851776123047,15.62951773630722,0.056053087659130085,9.0,0.520983924543574
0.0,PFW_diminishing,diminishing,120.0,0.002927064895629883,15.628690318949525,0.15332703628957667,9.0,0.5209563439649841
0.0,PFW_diminishing,diminishing,121.0,0.002950906753540039,15.629481369458382,0.08239887649096467,9.0,0.5209827123152794
0.0,PFW_diminishing,diminishing,122.0,0.002974987030029297,15.628667771749152,0.15127859749596873,9.0,0.5209555923916384
0.0,PFW_diminishing,diminishing,123.0,0.0029981136322021484,15.629446624573498,0.08071071761991,9.0,0.52098155415245
0.0,PFW_diminishing,diminishing,124.0,0.0030210018157958984,15.62839811319852,0.1494407722070914,9.0,0.520946603773284
0.0,PFW_diminishing,diminishing,125.0,0.0030431747436523438,15.6280053357245,0.0570628282950878,9.0,0.5209335111908167
0.0,PFW_diminishing,diminishing,126.0,0.0030660629272460938,15.628872955217426,0.029243419445226237,9.0,0.5209624318405809
0.0,PFW_diminishing,diminishing,127.0,0.00308990478515625,15.627994406762696,0.07304578097095771,9.0,0.5209331468920898
0.0,PFW_diminishing,diminishing,128.0,0.0031130313873291016,15.62834885611585,0.02797848858365981,9.0,0.5209449618705283
0.0,PFW_diminishing,diminishing,129.0,0.003139019012451172,15.627983949510591,0.053770791447167454,9.0,0.5209327983170197
0.0,PFW_diminishing,diminishing,130.0,0.003165006637573242,15.628803589606376,0.02711100394139976,9.0,0.5209601196535458
0.0,PFW_diminishing,diminishing,131.0,0.0031909942626953125,15.627974006786054,0.06979390014442366,9.0,0.5209324668928684
0.0,PFW_diminishing,diminishing,132.0,0.0032150745391845703,15.628304041929852,0.02592196718498485,9.0,0.5209434680643283
0.0,PFW_diminishing,diminishing,133.0,0.003239870071411133,15.629140145116583,0.05071138686002641,9.0,0.5209713381705527
0.0,PFW_diminishing,diminishing,134.0,0.0032651424407958984,15.628467269471312,0.13840255281410663,9.0,0.520948908982377
0.0,PFW_diminishing,diminishing,135.0,0.0032892227172851562,15.629113801431519,0.07443577467343943,9.0,0.5209704600477173
0.0,PFW_diminishing,diminishing,136.0,0.0033159255981445312,15.628450985967753,0.13675865512466956,9.0,0.520948366198925
0.0,PFW_diminishing,diminishing,137.0,0.003339052200317383,15.629088514844575,0.07307770151477122,9.0,0.5209696171614858
0.0,PFW_diminishing,diminishing,138.0,0.0033621788024902344,15.62843545919561,0.13516249594986718,9.0,0.5209478486398537
0.0,PFW_diminishing,diminishing,139.0,0.0033850669860839844,15.629064227920058,0.07175887719447616,9.0,0.5209688075973352
0.0,PFW_diminishing,diminishing,140.0,0.0034089088439941406,15.628221017999419,0.13403489783104305,9.0,0.5209407005999807
0.0,PFW_diminishing,diminishing,141.0,0.0034308433532714844,15.62790971037769,0.05245857202849891,9.0,0.5209303236792563
0.0,PFW_diminishing,diminishing,142.0,0.003453969955444336,15.628507879161143,0.02771910164757685,9.0,0.5209502626387048
0.0,PFW_diminishing,diminishing,143.0,0.0034770965576171875,15.627901414835971,0.0600186805053724,9.0,0.5209300471611991
0.0,PFW_diminishing,diminishing,144.0,0.0034990310668945312,15.628491558509648,0.026719482769532732,9.0,0.5209497186169882
0.0,PFW_diminishing,diminishing,145.0,0.0035240650177001953,15.627893509808205,0.05917925006918168,9.0,0.5209297836602735
0.0,PFW_diminishing,diminishing,146.0,0.0035479068756103516,15.628475838554838,0.025747302368657188,9.0,0.5209491946184946
0.0,PFW_diminishing,diminishing,147.0,0.0035729408264160156,15.627885973066869,0.05836275197102658,9.0,0.5209295324355623
0.0,PFW_diminishing,diminishing,148.0,0.003596067428588867,15.628460689012714,0.02480144617459068,9.0,0.5209486896337572
0.0,PFW_diminishing,diminishing,149.0,0.0036191940307617188,15.627878783899687,0.057568259331992166,9.0,0.5209292927966562
0.0,PFW_diminishing,diminishing,150.0,0.0036420822143554688,15.628446081515932,0.023880859436188118,9.0,0.5209482027171978
0.0,PFW_diminishing,diminishing,151.0,0.0036640167236328125,15.627871922988978,0.05679489454975162,9.0,0.5209290640996326
0.0,PFW_diminishing,diminishing,152.0,0.0036890506744384766,15.62843198946878,0.02298454300040298,9.0,0.5209477329822927
0.0,PFW_diminishing,diminishing,153.0,0.0037109851837158203,15.627865372301944,0.056041826067463774,9.0,0.5209288457433982
0.0,PFW_diminishing,diminishing,154.0,0.003734111785888672,15.62841838791489,0.02211154969706719,9.0,0.520947279597163
0.0,PFW_diminishing,diminishing,155.0,0.003756999969482422,15.627859114990855,0.055308265393522404,9.0,0.5209286371663618
0.0,PFW_diminishing,diminishing,156.0,0.003779172897338867,15.62806705190578,0.021260981002074075,9.0,0.5209355683968594
0.0,PFW_diminishing,diminishing,157.0,0.0038039684295654297,15.628315397797763,0.04477679133987955,9.0,0.5209438465932588
0.0,PFW_diminishing,diminishing,158.0,0.0038280487060546875,15.62862662741531,0.051795686560787146,9.0,0.5209542209138437
0.0,PFW_diminishing,diminishing,159.0,0.0038509368896484375,15.628177932703302,0.11585875422895242,9.0,0.5209392644234434
0.0,PFW_diminishing,diminishing,160.0,0.003874063491821289,15.628610910056322,0.06459482133205618,9.0,0.5209536970018774
0.0,PFW_diminishing,diminishing,161.0,0.0038971900939941406,15.628167878692993,0.11469061869549257,9.0,0.5209389292897665
0.0,PFW_diminishing,diminishing,162.0,0.003921031951904297,15.62859572989306,0.06362568584415307,9.0,0.5209531909964353
0.0,PFW_diminishing,diminishing,163.0,0.003943920135498047,15.628265482828224,0.11375922463017751,9.0,0.5209421827609408
0.0,PFW_diminishing,diminishing,164.0,0.003968954086303711,15.62801253952517,0.05111220619478196,9.0,0.5209337513175056
0.0,PFW_diminishing,diminishing,165.0,0.003993988037109375,15.628374961510024,0.04377807317130156,9.0,0.5209458320503342
0.0,PFW_diminishing,diminishing,166.0,0.004016876220703125,15.628141801541592,0.0727762298510406,9.0,0.5209380600513864
0.0,PFW_diminishing,diminishing,167.0,0.0040400028228759766,15.628361557401679,0.08865103516546391,9.0,0.5209453852467226
0.0,PFW_diminishing,diminishing,168.0,0.004065036773681641,15.628131281123832,0.07194593767358626,9.0,0.5209377093707944
0.0,PFW_diminishing,diminishing,169.0,0.0040891170501708984,15.628348604096855,0.08741579865827376,9.0,0.5209449534698952
0.0,PFW_diminishing,diminishing,170.0,0.004111051559448242,15.628121139626655,0.07113528677038872,9.0,0.5209373713208885
0.0,PFW_diminishing,diminishing,171.0,0.0041348934173583984,15.628336081282972,0.08620947453624161,9.0,0.5209445360427657
0.0,PFW_diminishing,diminishing,172.0,0.00415802001953125,15.628111359433998,0.07034358848051525,9.0,0.5209370453144666
0.0,PFW_diminishing,diminishing,173.0,0.00418400764465332,15.628323969786171,0.08503105953505319,9.0,0.5209441323262057
0.0,PFW_diminishing,diminishing,174.0,0.004207134246826172,15.628101923933812,0.0695701859593747,9.0,0.5209367307977938
0.0,PFW_diminishing,diminishing,175.0,0.004230022430419922,15.62831225149535,0.08387959627341779,9.0,0.5209437417165117
0.0,PFW_diminishing,diminishing,176.0,0.00425410270690918,15.628092817450417,0.06881445236264838,9.0,0.5209364272483472
0.0,PFW_diminishing,diminishing,177.0,0.00427699089050293,15.628300909291976,0.0827541706599213,9.0,0.5209433636430659
0.0,PFW_diminishing,diminishing,178.0,0.004302024841308594,15.628084025182137,0.06807578915313961,9.0,0.5209361341727379
0.0,PFW_diminishing,diminishing,179.0,0.004324913024902344,15.628289926985346,0.08165390947385553,9.0,0.5209429975661782
0.0,PFW_diminishing,diminishing,180.0,0.004348039627075195,15.628075533143672,0.06735362452103999,9.0,0.5209358511047891
0.0,PFW_diminishing,diminishing,181.0,0.004370927810668945,15.628279289252642,0.08057797810632472,9.0,0.5209426429750881
0.0,PFW_diminishing,diminishing,182.0,0.004394054412841797,15.628067328112891,0.066647411908761,9.0,0.5209355776037631
0.0,PFW_diminishing,diminishing,183.0,0.004419088363647461,15.628268981583535,0.07952557844962804,9.0,0.5209422993861178
0.0,PFW_diminishing,diminishing,184.0,0.004442930221557617,15.628059397581577,0.06595662863241714,9.0,0.5209353132527192
0.0,PFW_diminishing,diminishing,185.0,0.004464864730834961,15.628258990228824,0.07849594692356376,9.0,0.5209419663409608
0.0,PFW_diminishing,diminishing,186.0,0.004488945007324219,15.628051729709874,0.06528077459260118,9.0,0.5209350576569958
0.0,PFW_diminishing,diminishing,187.0,0.00451207160949707,15.628249302152879,0.0774883526283574,9.0,0.520941643405096
0.0,PFW_diminishing,diminishing,188.0,0.004537105560302734,15.62804431328404,0.06461937106782223,9.0,0.5209348104428013
0.0,PFW_diminishing,diminishing,189.0,0.004559993743896484,15.628239904989494,0.07650209561496624,9.0,0.5209413301663165
0.0,PFW_diminishing,diminishing,190.0,0.004582881927490234,15.628037137677298,0.06397195958443369,9.0,0.5209345712559099
0.0,PFW_diminishing,diminishing,191.0,0.004606962203979492,15.628230787000897,0.0755365052640915,9.0,0.5209410262333632
0.0,PFW_diminishing,diminishing,192.0,0.004630088806152344,15.628030192813533,0.06333810085752312,9.0,0.5209343397604511
0.0,PFW_diminishing,diminishing,193.0,0.0046541690826416016,15.628221937039685,0.07459093876590117,9.0,0.5209407312346561
0.0,PFW_diminishing,diminishing,194.0,0.004678010940551758,15.628023469133506,0.0627173737975415,9.0,0.5209341156377836
0.0,PFW_diminishing,diminishing,195.0,0.004700899124145508,15.628213344513407,0.07366477969346441,9.0,0.5209404448171135
0.0,PFW_diminishing,diminishing,196.0,0.004724025726318359,15.628016957563519,0.06210937457804988,9.0,0.5209338985854506
0.0,PFW_diminishing,diminishing,197.0,0.004747152328491211,15.627859831063155,0.07275743666303214,9.0,0.5209286610354386
0.0,PFW_diminishing,diminishing,198.0,0.004772186279296875,15.627789020700632,0.03975850618768817,9.0,0.5209263006900211
0.0,PFW_diminishing,diminishing,199.0,0.004796028137207031,15.6276515539694,0.06771876597834137,9.0,0.5209217184656467
0.0,PFW_diminishing,diminishing,200.0,0.004818916320800781,15.627783141081204,0.04192910302122144,9.0,0.5209261047027068
0.0,PFW_diminishing,diminishing,201.0,0.004842996597290039,15.627647079672249,0.06712398110209605,9.0,0.5209215693224083
0.0,PFW_diminishing,diminishing,202.0,0.004866123199462891,15.627777426688825,0.04145756653537802,9.0,0.5209259142229609
0.0,PFW_diminishing,diminishing,203.0,0.004890918731689453,15.627642741711208,0.06654093039787057,9.0,0.520921424723707
0.0,PFW_diminishing,diminishing,204.0,0.004914999008178711,15.62777187127768,0.040995306704141754,9.0,0.5209257290425894
0.0,PFW_diminishing,diminishing,205.0,0.004936933517456055,15.627638534733869,0.06596927003901598,9.0,0.520921284491129
0.0,PFW_diminishing,diminishing,206.0,0.0049610137939453125,15.627472224008509,0.04103253815186214,9.0,0.5209157408002836
0.0,PFW_diminishing,diminishing,207.0,0.004984140396118164,15.627634424451687,0.0413937783430498,9.0,0.5209211474817229
0.0,PFW_diminishing,diminishing,208.0,0.0050089359283447266,15.6274697290547,0.04076402586462535,9.0,0.5209156576351567
0.0,PFW_diminishing,diminishing,209.0,0.005033016204833984,15.627502940873358,0.04110660963066337,9.0,0.5209167646957786
0.0,PFW_diminishing,diminishing,210.0,0.005056142807006836,15.62744181316985,0.047652859876308185,9.0,0.5209147271056617
0.0,PFW_diminishing,diminishing,211.0,0.005079984664916992,15.627498699285388,0.035973426382867046,9.0,0.5209166233095129
0.0,PFW_diminishing,diminishing,212.0,0.005103111267089844,15.627438179655035,0.04719937274063746,9.0,0.5209146059885011
0.0,PFW_diminishing,diminishing,213.0,0.005127906799316406,15.627494572701602,0.03557254611108718,9.0,0.5209164857567201
0.0,PFW_diminishing,diminishing,214.0,0.005151987075805664,15.62743464887612,0.046754375412980664,9.0,0.5209144882958706
0.0,PFW_diminishing,diminishing,215.0,0.005174160003662109,15.62749055695805,0.035179143493756726,9.0,0.5209163518986016
0.0,PFW_diminishing,diminishing,216.0,0.005198001861572266,15.62743121704329,0.04631763171377834,9.0,0.520914373901443
0.0,PFW_diminishing,diminishing,217.0,0.005220890045166016,15.627486648078358,0.034793011261673,9.0,0.520916221602612
0.0,PFW_diminishing,diminishing,218.0,0.00524592399597168,15.62742788053905,0.045888914142789616,9.0,0.520914262684635
0.0,PFW_diminishing,diminishing,219.0,0.0052700042724609375,15.62748284226363,0.034413949735066396,9.0,0.520916094742121
0.0,PFW_diminishing,diminishing,220.0,0.005292177200317383,15.627424635908934,0.045468003484009145,9.0,0.5209141545302978
0.0,PFW_diminishing,diminishing,221.0,0.005316019058227539,15.62747913588303,0.03404176647941881,9.0,0.520915971196101
0.0,PFW_diminishing,diminishing,222.0,0.005338907241821289,15.62742147985279,0.04505468843206728,9.0,0.5209140493284263
0.0,PFW_diminishing,diminishing,223.0,0.005363941192626953,15.627475525464908,0.03367627597980949,9.0,0.5209158508488303
0.0,PFW_diminishing,diminishing,224.0,0.005388021469116211,15.627418409216595,0.04464876523856276,9.0,0.5209139469738865
0.0,PFW_diminishing,diminishing,225.0,0.0054111480712890625,15.627472007688473,0.03331729933272065,9.0,0.5209157335896157
0.0,PFW_diminishing,diminishing,226.0,0.0054340362548828125,15.627415420984777,0.04425003737729938,9.0,0.5209138473661592
0.0,PFW_diminishing,diminishing,227.0,0.0054569244384765625,15.627468579376005,0.03296466395411635,9.0,0.5209156193125335
0.0,PFW_diminishing,diminishing,228.0,0.0054819583892822266,15.627412512273017,0.04385831522709438,9.0,0.5209137504091006
0.0,PFW_diminishing,diminishing,229.0,0.005506038665771484,15.62746523748547,0.03261820330288856,9.0,0.5209155079161824
0.0,PFW_diminishing,diminishing,230.0,0.005529165267944336,15.627409680321453,0.04347341577116559,9.0,0.520913656010715
0.0,PFW_diminishing,diminishing,231.0,0.005557060241699219,15.627461979103632,0.032277756618679376,9.0,0.5209153993034544
0.0,PFW_diminishing,diminishing,232.0,0.005582094192504883,15.627406922488307,0.04309516231210253,9.0,0.5209135640829435
0.0,PFW_diminishing,diminishing,233.0,0.005606889724731445,15.627458801439541,0.031943168673249644,9.0,0.520915293381318
0.0,PFW_diminishing,diminishing,234.0,0.005630016326904297,15.62740423624391,0.042723384201487136,9.0,0.5209134745414636
0.0,PFW_diminishing,diminishing,235.0,0.005655050277709961,15.627455701818413,0.03161428953455925,9.0,0.5209151900606137
0.0,PFW_diminishing,diminishing,236.0,0.005679130554199219,15.627401619165026,0.042357916583245725,9.0,0.5209133873055009
0.0,PFW_diminishing,diminishing,237.0,0.005702018737792969,15.62745267767586,0.03129097434280759,9.0,0.520915089255862
0.0,PFW_diminishing,diminishing,238.0,0.0057260990142822266,15.627399068929567,0.041998600149959486,9.0,0.5209133022976522
0.0,PFW_diminishing,diminishing,239.0,0.0057489871978759766,15.627449726552465,0.03097308309777347,9.0,0.5209149908850822
0.0,PFW_diminishing,diminishing,240.0,0.005774021148681641,15.627396583311558,0.04164528091136788,9.0,0.5209132194437186
0.0,PFW_diminishing,diminishing,241.0,0.005797863006591797,15.62744684608864,0.030660480456733197,9.0,0.5209148948696213
0.0,PFW_diminishing,diminishing,242.0,0.0058209896087646484,15.627394160176415,0.04129780997444321,9.0,0.5209131386725472
0.0,PFW_diminishing,diminishing,243.0,0.0058441162109375,15.627444034019799,0.030353035542395546,9.0,0.5209148011339934
0.0,PFW_diminishing,diminishing,244.0,0.00586700439453125,15.627391797476513,0.04095604333416247,9.0,0.5209130599158838
0.0,PFW_diminishing,diminishing,245.0,0.005892038345336914,15.627441288171799,0.030050621760256746,9.0,0.5209147096057266
0.0,PFW_diminishing,diminishing,246.0,0.00591588020324707,15.627389493246962,0.04061984167459798,9.0,0.5209129831082321
0.0,PFW_diminishing,diminishing,247.0,0.005939960479736328,15.627438606456609,0.029753116624855025,9.0,0.5209146202152203
0.0,PFW_diminishing,diminishing,248.0,0.005964040756225586,15.627387245601641,0.04028907017961458,9.0,0.5209129081867213
0.0,PFW_diminishing,diminishing,249.0,0.0059871673583984375,15.627435986868267,0.029460401594404217,9.0,0.520914532895609
0.0,PFW_diminishing,diminishing,250.0,0.006011962890625,15.627385052729453,0.03996359835264229,9.0,0.5209128350909817
0.0,PFW_diminishing,diminishing,251.0,0.006036043167114258,15.627433427479016,0.029172361913339273,9.0,0.5209144475826338
0.0,PFW_diminishing,diminishing,252.0,0.0060579776763916016,15.627382912890779,0.039643299845089075,9.0,0.520912763763026
0.0,PFW_diminishing,diminishing,253.0,0.006082057952880859,15.627430926435656,0.028888886462389962,9.0,0.5209143642145219
0.0,PFW_diminishing,diminishing,254.0,0.006105184555053711,15.627380824414134,0.03932805229278813,9.0,0.5209126941471378
0.0,PFW_diminishing,diminishing,255.0,0.0061299800872802734,15.62742848195612,0.02860986761566764,9.0,0.5209142827318707
0.0,PFW_diminishing,diminishing,256.0,0.006154060363769531,15.627378785692986,0.03901773716023271,9.0,0.5209126261897662
0.0,PFW_diminishing,diminishing,257.0,0.006175994873046875,15.627426092326196,0.028335201104461305,9.0,0.5209142030775399
0.0,PFW_diminishing,diminishing,258.0,0.006200075149536133,15.62737679518278,0.03871223959196968,9.0,0.520912559839426
0.0,PFW_diminishing,diminishing,259.0,0.006223201751708984,15.627423755896464,0.02806478588738237,9.0,0.5209141251965488
0.0,PFW_diminishing,diminishing,260.0,0.006247997283935547,15.627374851398075,0.0384114482708835,9.0,0.5209124950466025
0.0,PFW_diminishing,diminishing,261.0,0.006272077560424805,15.627421471079348,0.027798524026440674,9.0,0.5209140490359783
0.0,PFW_diminishing,diminishing,262.0,0.006294965744018555,15.62737295290987,0.038115255283015514,9.0,0.5209124317636623
0.0,PFW_diminishing,diminishing,263.0,0.006318092346191406,15.627419236346364,0.027536320568822603,9.0,0.5209139745448789
0.0,PFW_diminishing,diminishing,264.0,0.0063419342041015625,15.627371098343065,0.037823555988492075,9.0,0.5209123699447689
0.0,PFW_diminishing,diminishing,265.0,0.00636601448059082,15.627417050225477,0.02727808343402849,9.0,0.5209139016741825
0.0,PFW_diminishing,diminishing,266.0,0.006390094757080078,15.62736928637403,0.037536248898287994,9.0,0.520912309545801
0.0,PFW_diminishing,diminishing,267.0,0.006412982940673828,15.62741491129864,0.02702372330607261,9.0,0.5209138303766213
0.0,PFW_diminishing,diminishing,268.0,0.006436824798583984,15.627367515728327,0.03725323555654292,9.0,0.5209122505242776
0.0,PFW_diminishing,diminishing,269.0,0.006459951400756836,15.627412818199392,0.026773153530520233,9.0,0.5209137606066464
0.0,PFW_diminishing,diminishing,270.0,0.0064849853515625,15.627365785178535,0.036974420428080634,9.0,0.5209121928392845
0.0,PFW_diminishing,diminishing,271.0,0.0065081119537353516,15.627410769610647,0.02652629001608453,9.0,0.5209136923203549
0.0,PFW_diminishing,diminishing,272.0,0.0065310001373291016,15.627364093542196,0.036699710790916384,9.0,0.5209121364514065
0.0,PFW_diminishing,diminishing,273.0,0.0065538883209228516,15.627408764262546,0.026283051140573832,9.0,0.5209136254754182
0.0,PFW_diminishing,diminishing,274.0,0.006577968597412109,15.627362439679851,0.036429016633451994,9.0,0.5209120813226618
0.0,PFW_diminishing,diminishing,275.0,0.006602048873901367,15.627406800930435,0.02604335766090138,9.0,0.5209135600310145
0.0,PFW_diminishing,diminishing,276.0,0.006627082824707031,15.62736082249319,0.03616225055619715,9.0,0.5209120274164396
0.0,PFW_diminishing,diminishing,277.0,0.006649017333984375,15.627404878432953,0.025807132627065243,9.0,0.5209134959477651
0.0,PFW_diminishing,diminishing,278.0,0.006672859191894531,15.627359240923278,0.0358993276776669,9.0,0.5209119746974425
0.0,PFW_diminishing,diminishing,279.0,0.006695985794067383,15.627402995630192,0.02557430129979643,9.0,0.520913433187673
0.0,PFW_diminishing,diminishing,280.0,0.006720066070556641,15.627357693948893,0.03564016554436655,9.0,0.5209119231316298
0.0,PFW_diminishing,diminishing,281.0,0.0067441463470458984,15.62740115142196,0.025344791071736594,9.0,0.5209133717140654
0.0,PFW_diminishing,diminishing,282.0,0.0067670345306396484,15.627356180584906,0.03538468404461348,9.0,0.5209118726861636
0.0,PFW_diminishing,diminishing,283.0,0.006790876388549805,15.627399344746141,0.025118531391957077,9.0,0.5209133114915381
0.0,PFW_diminishing,diminishing,284.0,0.006814002990722656,15.6273546998808,0.03513280532596319,9.0,0.52091182332936
0.0,PFW_diminishing,diminishing,285.0,0.00683903694152832,15.627397574577097,0.024895453693677183,9.0,0.5209132524859033
0.0,PFW_diminishing,diminishing,286.0,0.006863117218017578,15.627353250919194,0.03488445371615079,9.0,0.5209117750306398
0.0,PFW_diminishing,diminishing,287.0,0.00688481330871582,15.627395839924192,0.024675491325011123,9.0,0.5209131946641398
0.0,PFW_diminishing,diminishing,288.0,0.006908893585205078,15.627351832814485,0.03463955564729382,9.0,0.5209117277604828
0.0,PFW_diminishing,diminishing,289.0,0.00693202018737793,15.627394139830342,0.024458579482578457,9.0,0.5209131379943447
0.0,PFW_diminishing,diminishing,290.0,0.006957054138183594,15.627350444711546,0.03439803958324639,9.0,0.5209116814903848
0.0,PFW_diminishing,diminishing,291.0,0.006980180740356445,15.627392473370692,0.02424465514786256,9.0,0.5209130824456898
0.0,PFW_diminishing,diminishing,292.0,0.007002830505371094,15.627349085784463,0.034159835949965967,9.0,0.5209116361928154
0.0,PFW_diminishing,diminishing,293.0,0.007025957107543945,15.627390839651282,0.024033657026192756,9.0,0.520913027988376
0.0,PFW_diminishing,diminishing,294.0,0.007050037384033203,15.627347755235363,0.03392487706867442,9.0,0.5209115918411787
0.0,PFW_diminishing,diminishing,295.0,0.007074117660522461,15.627389237807826,0.023825525488197385,9.0,0.5209129745935942
0.0,PFW_diminishing,diminishing,296.0,0.007098197937011719,15.627346452293287,0.033693097091767044,9.0,0.5209115484097763
0.0,PFW_diminishing,diminishing,297.0,0.007120847702026367,15.627387667004543,0.023620202513642496,9.0,0.5209129222334847
0.0,PFW_diminishing,diminishing,298.0,0.007144927978515625,15.627345176213094,0.03346443194133464,9.0,0.5209115058737698
0.0,PFW_diminishing,diminishing,299.0,0.0071680545806884766,15.62738612643302,0.023417631637496328,9.0,0.5209128708811007
0.0,PFW_diminishing,diminishing,300.0,0.007196903228759766,15.627343926274445,0.03323881925006411,9.0,0.5209114642091481
0.0,PFW_diminishing,diminishing,301.0,0.00722193717956543,15.627384615311156,0.02321775789820535,9.0,0.5209128205103719
0.0,PFW_diminishing,diminishing,302.0,0.0072460174560546875,15.627342701780826,0.03301619830455316,9.0,0.5209114233926943
0.0,PFW_diminishing,diminishing,303.0,0.007269859313964844,15.627383132882121,0.02302052778795627,9.0,0.5209127710960707
0.0,PFW_diminishing,diminishing,304.0,0.007292985916137695,15.627341502058604,0.032796509990852485,9.0,0.5209113834019534
0.0,PFW_diminishing,diminishing,305.0,0.007316112518310547,15.627381678413387,0.022825889204932892,9.0,0.5209127226137796
0.0,PFW_diminishing,diminishing,306.0,0.007339000701904297,15.627340326456139,0.032579696742159214,9.0,0.5209113442152046
0.0,PFW_diminishing,diminishing,307.0,0.007364034652709961,15.6273802511958,0.022633791407470127,9.0,0.52091267503986
0.0,PFW_diminishing,diminishing,308.0,0.007387876510620117,15.627339174342922,0.03236570248849624,9.0,0.5209113058114307
0.0,PFW_diminishing,diminishing,309.0,0.007411003112792969,15.627378850542675,0.022444184969911518,9.0,0.5209126283514225
0.0,PFW_diminishing,diminishing,310.0,0.0074350833892822266,15.627338045108772,0.03215447260838111,9.0,0.5209112681702924
0.0,PFW_diminishing,diminishing,311.0,0.0074579715728759766,15.627377475788958,0.022257021740266225,9.0,0.5209125825262986
0.0,PFW_diminishing,diminishing,312.0,0.007481098175048828,15.627336938163054,0.031945953882411615,9.0,0.5209112312721018
0.0,PFW_diminishing,diminishing,313.0,0.007503986358642578,15.627376126290402,0.02207225479940078,9.0,0.5209125375430134
0.0,PFW_diminishing,diminishing,314.0,0.007526874542236328,15.62733585293393,0.031740094448482026,9.0,0.5209111950977977
0.0,PFW_diminishing,diminishing,315.0,0.00755000114440918,15.627374801422794,0.02188983842189174,9.0,0.5209124933807598
0.0,PFW_diminishing,diminishing,316.0,0.0075740814208984375,15.627334788867653,0.031536843758853905,9.0,0.5209111596289218
0.0,PFW_diminishing,diminishing,317.0,0.007597208023071289,15.627373500581205,0.021709728038253218,9.0,0.5209124500193735
0.0,PFW_diminishing,diminishing,318.0,0.0076220035552978516,15.627333745427892,0.03133615253873856,9.0,0.5209111248475964
0.0,PFW_diminishing,diminishing,319.0,0.007646083831787109,15.627372223179279,0.021531880198665476,9.0,0.5209124074393093
0.0,PFW_diminishing,diminishing,320.0,0.007670164108276367,15.627332722095067,0.031137972746513753,9.0,0.5209110907365022
0.0,PFW_diminishing,diminishing,321.0,0.0076940059661865234,15.627370968648558,0.021356252538030418,9.0,0.5209123656216186
0.0,PFW_diminishing,diminishing,322.0,0.0077168941497802734,15.627331718365738,0.030942257535375717,9.0,0.5209110572788579
0.0,PFW_diminishing,diminishing,323.0,0.0077419281005859375,15.627369736437807,0.021182803742338052,9.0,0.5209123245479269
0.0,PFW_diminishing,diminishing,324.0,0.007766008377075195,15.627330733752006,0.030748961216380266,9.0,0.5209110244584002
0.0,PFW_diminishing,diminishing,325.0,0.007788181304931641,15.627368526012415,0.021011493516262192,9.0,0.5209122842004138
0.0,PFW_diminishing,diminishing,326.0,0.007812023162841797,15.627329767780946,0.030558039222981392,9.0,0.5209109922593649
0.0,PFW_diminishing,diminishing,327.0,0.007834911346435547,15.627367336853785,0.0208422825519623,9.0,0.5209122445617929
0.0,PFW_diminishing,diminishing,328.0,0.007859945297241211,15.627328819994062,0.030369448076703165,9.0,0.5209109606664687
0.0,PFW_diminishing,diminishing,329.0,0.007884025573730469,15.627366168458757,0.02067513249902042,9.0,0.5209122056152918
0.0,PFW_diminishing,diminishing,330.0,0.007906198501586914,15.627327889946747,0.030183145354156338,9.0,0.5209109296648916
0.0,PFW_diminishing,diminishing,331.0,0.00793004035949707,15.62736502033905,0.02051000593546526,9.0,0.520912167344635
0.0,PFW_diminishing,diminishing,332.0,0.00795292854309082,15.627326977207808,0.029999089655241562,9.0,0.5209108992402602
0.0,PFW_diminishing,diminishing,333.0,0.007977962493896484,15.627363892020767,0.020346866339853165,9.0,0.5209121297340256
0.0,PFW_diminishing,diminishing,334.0,0.008002042770385742,15.627473743312196,0.02981832463619405,9.0,0.5209157914437399
0.0,PFW_diminishing,diminishing,335.0,0.008025169372558594,15.627362784324944,0.04166653916670526,9.0,0.5209120928108315
0.0,PFW_diminishing,diminishing,336.0,0.008047819137573242,15.627324555789034,0.029809851537304866,9.0,0.5209108185263012
0.0,PFW_diminishing,diminishing,337.0,0.008070945739746094,15.627361692332716,0.020087978993428734,9.0,0.5209120564110905
0.0,PFW_diminishing,diminishing,338.0,0.008095979690551758,15.62732369441374,0.029632294468017406,9.0,0.5209107898137914
0.0,PFW_diminishing,diminishing,339.0,0.008120059967041016,15.627360618823758,0.01993059357753424,9.0,0.5209120206274586
0.0,PFW_diminishing,diminishing,340.0,0.00814199447631836,15.627322848724573,0.029456828502317123,9.0,0.5209107616241524
0.0,PFW_diminishing,diminishing,341.0,0.008165836334228516,15.627359563376368,0.019775057480332592,9.0,0.5209119854458789
0.0,PFW_diminishing,diminishing,342.0,0.008189916610717773,15.627462520073463,0.029348475815437425,9.0,0.5209154173357821
0.0,PFW_diminishing,diminishing,343.0,0.008213996887207031,15.627358525668122,0.04059519202801454,9.0,0.520911950855604
0.0,PFW_diminishing,diminishing,344.0,0.008239030838012695,15.62732059954007,0.029276405352840484,9.0,0.5209106866513357
0.0,PFW_diminishing,diminishing,345.0,0.008260965347290039,15.627357503387355,0.019528176871814296,9.0,0.5209119167795785
0.0,PFW_diminishing,diminishing,346.0,0.008285045623779297,15.627319800457514,0.02910699227499869,9.0,0.5209106600152504
0.0,PFW_diminishing,diminishing,347.0,0.008307933807373047,15.627453128668163,0.019422168335498924,9.0,0.5209151042889387
0.0,PFW_diminishing,diminishing,348.0,0.008333206176757812,15.627319015689878,0.04041966516397011,9.0,0.5209106338563293
0.0,PFW_diminishing,diminishing,349.0,0.008356809616088867,15.627354861572275,0.019375451917731823,9.0,0.5209118287190758
0.0,PFW_diminishing,diminishing,350.0,0.008378982543945312,15.627452667426,0.028826865381597955,9.0,0.5209150889142
0.0,PFW_diminishing,diminishing,351.0,0.00840306282043457,15.627353891390142,0.039720098014431215,9.0,0.5209117963796713
0.0,PFW_diminishing,diminishing,352.0,0.008427143096923828,15.627316921148003,0.02879827865177198,9.0,0.5209105640382667
0.0,PFW_diminishing,diminishing,353.0,0.008450031280517578,15.627352934662921,0.01913975784847466,9.0,0.5209117644887641
0.0,PFW_diminishing,diminishing,354.0,0.008473873138427734,15.627316176895125,0.028636465469434214,9.0,0.5209105392298375
0.0,PFW_diminishing,diminishing,355.0,0.008497953414916992,15.627444221463184,0.0190609591863673,9.0,0.5209148073821062
0.0,PFW_diminishing,diminishing,356.0,0.008561849594116211,15.627315445340411,0.03969487657697002,9.0,0.5209105148446803
0.0,PFW_diminishing,diminishing,357.0,0.008592844009399414,15.627350461751876,0.018993904142849516,9.0,0.5209116820583959
0.0,PFW_diminishing,diminishing,358.0,0.00861811637878418,15.627314725087892,0.02834787864850874,9.0,0.5209104908362631
0.0,PFW_diminishing,diminishing,359.0,0.008642196655273438,15.627349552019274,0.018853639134546185,9.0,0.5209116517339758
0.0,PFW_diminishing,diminishing,360.0,0.008665800094604492,15.627440814577835,0.028267604817013847,9.0,0.5209146938192611
0.0,PFW_diminishing,diminishing,361.0,0.008691072463989258,15.62734865653366,0.038632449486105,9.0,0.5209116218844554
0.0,PFW_diminishing,diminishing,362.0,0.008715152740478516,15.627312803308056,0.028185188692329888,9.0,0.5209104267769352
0.0,PFW_diminishing,diminishing,363.0,0.00873708724975586,15.627435881821423,0.01871632736257567,9.0,0.5209145293940475
0.0,PFW_diminishing,diminishing,364.0,0.008760213851928711,15.627312120303971,0.03900050105001185,9.0,0.5209104040101323
0.0,PFW_diminishing,diminishing,365.0,0.008783102035522461,15.627346338269595,0.018628626035900098,9.0,0.5209115446089865
0.0,PFW_diminishing,diminishing,366.0,0.008806943893432617,15.627311447979478,0.027909192177284936,9.0,0.5209103815993159
0.0,PFW_diminishing,diminishing,367.0,0.008831024169921875,15.627345484618647,0.018494435169024825,9.0,0.5209115161539549
0.0,PFW_diminishing,diminishing,368.0,0.008854150772094727,15.62743236675024,0.027795864767703904,9.0,0.520914412225008
0.0,PFW_diminishing,diminishing,369.0,0.008877038955688477,15.62725081742641,0.03784361882420306,9.0,0.5209083605808803
0.0,PFW_diminishing,diminishing,370.0,0.008900165557861328,15.627472572226923,0.027529788881389905,9.0,0.520915752407564
0.0,PFW_diminishing,diminishing,371.0,0.008922815322875977,15.627250297166816,0.05299479213976532,9.0,0.5209083432388939
0.0,PFW_diminishing,diminishing,372.0,0.008948087692260742,15.627470872058217,0.02727734415880967,9.0,0.5209156957352739
0.0,PFW_diminishing,diminishing,373.0,0.008970975875854492,15.627249788347239,0.052827863561798694,9.0,0.5209083262782414
0.0,PFW_diminishing,diminishing,374.0,0.008994102478027344,15.62733225077026,0.027027600375996386,9.0,0.5209110750256754
0.0,PFW_diminishing,diminishing,375.0,0.009017229080200195,15.627277830437171,0.02904193058320459,9.0,0.5209092610145724
0.0,PFW_diminishing,diminishing,376.0,0.009039878845214844,15.627403232784603,0.029482578946446125,9.0,0.5209134410928201
0.0,PFW_diminishing,diminishing,377.0,0.009064912796020508,15.627277098693598,0.037467066150810524,9.0,0.5209092366231199
0.0,PFW_diminishing,diminishing,378.0,0.00908803939819336,15.627401846606693,0.029237618637759866,9.0,0.5209133948868898
0.0,PFW_diminishing,diminishing,379.0,0.009112119674682617,15.627276380156475,0.03730589554049146,9.0,0.5209092126718825
0.0,PFW_diminishing,diminishing,380.0,0.009135961532592773,15.627400480401034,0.02899523777538171,9.0,0.5209133493467012
0.0,PFW_diminishing,diminishing,381.0,0.009160995483398438,15.62727567453306,0.03714642131846091,9.0,0.520909189151102
0.0,PFW_diminishing,diminishing,382.0,0.009184122085571289,15.627399133770945,0.028755395830916797,9.0,0.5209133044590315
0.0,PFW_diminishing,diminishing,383.0,0.009208202362060547,15.627274981538449,0.036988616843270705,9.0,0.5209091660512816
0.0,PFW_diminishing,diminishing,384.0,0.009231805801391602,15.627397806329718,0.028518053120601294,9.0,0.5209132602109906
0.0,PFW_diminishing,diminishing,385.0,0.009254932403564453,15.627274300895344,0.03683245602842433,9.0,0.5209091433631782
0.0,PFW_diminishing,diminishing,386.0,0.009278059005737305,15.627396497700314,0.028283170783355516,9.0,0.5209132165900104
0.0,PFW_diminishing,diminishing,387.0,0.009300947189331055,15.62727363233383,0.03667791332797776,9.0,0.5209091210777943
0.0,PFW_diminishing,diminishing,388.0,0.0093231201171875,15.62739520751504,0.02805071075963106,9.0,0.5209131735838347
0.0,PFW_diminishing,diminishing,389.0,0.009348154067993164,15.627272975591106,0.03652496372261815,9.0,0.5209090991863702
0.0,PFW_diminishing,diminishing,390.0,0.009370803833007812,15.627393935415311,0.02782063577082461,9.0,0.5209131311805104
0.0,PFW_diminishing,diminishing,391.0,0.009392976760864258,15.627272330411298,0.03637358270616886,9.0,0.5209090776803766
0.0,PFW_diminishing,diminishing,392.0,0.009415864944458008,15.6272656208636,0.02767442535735043,9.0,0.5209088540287866
0.0,PFW_diminishing,diminishing,393.0,0.00943899154663086,15.627302036308713,0.02360709338327993,9.0,0.520910067876957
0.0,PFW_diminishing,diminishing,394.0,0.009463071823120117,15.627264928021335,0.0345554974840141,9.0,0.5209088309340445
0.0,PFW_diminishing,diminishing,395.0,0.009486198425292969,15.627301163957016,0.023459619032426104,9.0,0.5209100387985672
0.0,PFW_diminishing,diminishing,396.0,0.009508848190307617,15.627264246047577,0.034389890148011304,9.0,0.5209088082015859
0.0,PFW_diminishing,diminishing,397.0,0.009531974792480469,15.627300304214568,0.02331363279725629,9.0,0.5209100101404857
0.0,PFW_diminishing,diminishing,398.0,0.009553909301757812,15.627263574721168,0.034225948699939224,9.0,0.5209087858240389
0.0,PFW_diminishing,diminishing,399.0,0.009577035903930664,15.62729945683532,0.023169112267339642,9.0,0.5209099818945107
0.0,PFW_diminishing,diminishing,400.0,0.009601116180419922,15.627262913826486,0.0340636481297345,9.0,0.5209087637942162
0.0,PFW_diminishing,diminishing,401.0,0.00962519645690918,15.62729862157924,0.0230260354799956,9.0,0.5209099540526413
0.0,PFW_diminishing,diminishing,402.0,0.009649991989135742,15.6272622631533,0.033902963925507734,9.0,0.52090874210511
0.0,PFW_diminishing,diminishing,403.0,0.009672880172729492,15.627297798212131,0.02288438090914191,9.0,0.520909926607071
0.0,PFW_diminishing,diminishing,404.0,0.00969696044921875,15.627261622496599,0.0337438720611285,9.0,0.5209087207498866
0.0,PFW_diminishing,diminishing,405.0,0.009724855422973633,15.627296986505474,0.022744127454492613,9.0,0.5209098995501825
0.0,PFW_diminishing,diminishing,406.0,0.00974893569946289,15.627260991656446,0.033586348984295356,9.0,0.5209086997218815
0.0,PFW_diminishing,diminishing,407.0,0.009772062301635742,15.627296186236238,0.022605254431111277,9.0,0.5209098728745413
0.0,PFW_diminishing,diminishing,408.0,0.009795188903808594,15.627314265440168,0.03345994109583117,9.0,0.5209104755146723
0.0,PFW_diminishing,diminishing,409.0,0.009819984436035156,15.62729539715571,0.02248120821992039,9.0,0.520909846571857
0.0,PFW_diminishing,diminishing,410.0,0.009842872619628906,15.627259314572372,0.03336716141760476,9.0,0.5209086438190791
0.0,PFW_diminishing,diminishing,411.0,0.009865999221801758,15.627294618038311,0.022330451300923926,9.0,0.520909820601277
0.0,PFW_diminishing,diminishing,412.0,0.00988912582397461,15.627258713100687,0.03321420580511969,9.0,0.5209086237700229
0.0,PFW_diminishing,diminishing,413.0,0.00991201400756836,15.627293849731085,0.022195601604186876,9.0,0.5209097949910362
0.0,PFW_diminishing,diminishing,414.0,0.009935855865478516,15.627310302278902,0.033127222897102016,9.0,0.5209103434092968
0.0,PFW_diminishing,diminishing,415.0,0.009958982467651367,15.627293091589648,0.022073453812764043,9.0,0.520909769719655
0.0,PFW_diminishing,diminishing,416.0,0.009981870651245117,15.627257111548008,0.03300134391824905,9.0,0.5209085703849337
0.0,PFW_diminishing,diminishing,417.0,0.010004997253417969,15.62729234328477,0.0219287142078759,9.0,0.520909744776159
0.0,PFW_diminishing,diminishing,418.0,0.01002812385559082,15.627307980587638,0.03286404051023872,9.0,0.5209102660195879
0.0,PFW_diminishing,diminishing,419.0,0.010052204132080078,15.627291605368725,0.021808523679052172,9.0,0.5209097201789575
0.0,PFW_diminishing,diminishing,420.0,0.010074853897094727,15.627255559439476,0.03279254861978664,9.0,0.5209085186479825
0.0,PFW_diminishing,diminishing,421.0,0.010097026824951172,15.62729087634997,0.02166691851725311,9.0,0.5209096958783324
0.0,PFW_diminishing,diminishing,422.0,0.010119915008544922,15.627255003478334,0.03264677514078329,9.0,0.5209085001159445
0.0,PFW_diminishing,diminishing,423.0,0.010143041610717773,15.627290157192784,0.02153839686893022,9.0,0.5209096719064261
0.0,PFW_diminishing,diminishing,424.0,0.010167121887207031,15.627304302404735,0.03254700054202608,9.0,0.5209101434134912
0.0,PFW_diminishing,diminishing,425.0,0.010190010070800781,15.627289447500662,0.021419999240496423,9.0,0.5209096482500221
0.0,PFW_diminishing,diminishing,426.0,0.010212898254394531,15.627253519788821,0.032443864112440934,9.0,0.5209084506596274
0.0,PFW_diminishing,diminishing,427.0,0.010236024856567383,15.62728874660645,0.021283965489013568,9.0,0.5209096248868816
0.0,PFW_diminishing,diminishing,428.0,0.010258913040161133,15.627252988864015,0.03230216009868059,9.0,0.5209084329621338
0.0,PFW_diminishing,diminishing,429.0,0.01028299331665039,15.627288055053377,0.0211590288132264,9.0,0.5209096018351126
0.0,PFW_diminishing,diminishing,430.0,0.010306119918823242,15.627300784274082,0.03223884152322931,9.0,0.5209100261424694
0.0,PFW_diminishing,diminishing,431.0,0.010329008102416992,15.627287372108604,0.021042370625320217,9.0,0.5209095790702868
0.0,PFW_diminishing,diminishing,432.0,0.010351896286010742,15.627251569744503,0.032104888063075876,9.0,0.5209083856581501
0.0,PFW_diminishing,diminishing,433.0,0.010375022888183594,15.627286697863248,0.020911655333842205,9.0,0.5209095565954416
0.0,PFW_diminishing,diminishing,434.0,0.010399103164672852,15.627298721527813,0.03199483177070839,9.0,0.5209099573842605
0.0,PFW_diminishing,diminishing,435.0,0.010421991348266602,15.627286032431918,0.020796775321477057,9.0,0.5209095344143972
0.0,PFW_diminishing,diminishing,436.0,0.010444164276123047,15.627250192975625,0.03191124609970508,9.0,0.5209083397658542
0.0,PFW_diminishing,diminishing,437.0,0.010467052459716797,15.627285374897722,0.02066882784236057,9.0,0.5209095124965908
0.0,PFW_diminishing,diminishing,438.0,0.010490179061889648,15.627249700959805,0.031775955036700054,9.0,0.5209083233653268
0.0,PFW_diminishing,diminishing,439.0,0.010514020919799805,15.627284725914809,0.02054954194084857,9.0,0.520909490863827
0.0,PFW_diminishing,diminishing,440.0,0.010536909103393555,15.627295447831575,0.03170066632288382,9.0,0.5209098482610525
0.0,PFW_diminishing,diminishing,441.0,0.010560035705566406,15.627284084969183,0.020436308701215822,9.0,0.5209094694989728
0.0,PFW_diminishing,diminishing,442.0,0.010583162307739258,15.627248382886592,0.031587572686650134,9.0,0.5209082794295531
0.0,PFW_diminishing,diminishing,443.0,0.010605096817016602,15.627283451843427,0.020313298289204695,9.0,0.5209094483947809
0.0,PFW_diminishing,diminishing,444.0,0.010629892349243164,15.62729352749615,0.03146759470101124,9.0,0.5209097842498717
0.0,PFW_diminishing,diminishing,445.0,0.010653018951416016,15.627282826945573,0.020201740965784865,9.0,0.5209094275648524
0.0,PFW_diminishing,diminishing,446.0,0.01067495346069336,15.627247103355408,0.031402578893724,9.0,0.5209082367785136
0.0,PFW_diminishing,diminishing,447.0,0.010698080062866211,15.62728220914295,0.02008129861791197,9.0,0.5209094069714316
0.0,PFW_diminishing,diminishing,448.0,0.010720968246459961,15.627246646711153,0.03127327510025246,9.0,0.5209082215570384
0.0,PFW_diminishing,diminishing,449.0,0.010745048522949219,15.627281599184654,0.01996728862470576,9.0,0.5209093866394885
0.0,PFW_diminishing,diminishing,450.0,0.010767936706542969,15.62729047654133,0.03118649087583414,9.0,0.5209096825513776
0.0,PFW_diminishing,diminishing,451.0,0.010789871215820312,15.62728099674827,0.019857292541063387,9.0,0.5209093665582757
0.0,PFW_diminishing,diminishing,452.0,0.010812997817993164,15.627245420645814,0.031093194823366588,9.0,0.5209081806881938
0.0,PFW_diminishing,diminishing,453.0,0.010835886001586914,15.627280401347656,0.019741440253818965,9.0,0.5209093467115885
0.0,PFW_diminishing,diminishing,454.0,0.01086115837097168,15.627244983544232,0.03096729485721461,9.0,0.5209081661181411
0.0,PFW_diminishing,diminishing,455.0,0.01088404655456543,15.627279813401382,0.01963042922211855,9.0,0.5209093271133793
0.0,PFW_diminishing,diminishing,456.0,0.01090693473815918,15.627287551246843,0.030912810849377692,9.0,0.5209095850415614
0.0,PFW_diminishing,diminishing,457.0,0.010930061340332031,15.627279232319507,0.019521950712057645,9.0,0.5209093077439836
0.0,PFW_diminishing,diminishing,458.0,0.010955095291137695,15.627243808098907,0.030791934912754115,9.0,0.5209081269366302
0.0,PFW_diminishing,diminishing,459.0,0.010977983474731445,15.627278658213363,0.019410490718613005,9.0,0.5209092886071122
0.0,PFW_diminishing,diminishing,460.0,0.011013984680175781,15.62728583408856,0.030695769849607757,9.0,0.520909527802952
0.0,PFW_diminishing,diminishing,461.0,0.011042118072509766,15.62727809114694,0.019303544188966626,9.0,0.5209092697048979
0.0,PFW_diminishing,diminishing,462.0,0.011087179183959961,15.627242665950643,0.03061961975837235,9.0,0.5209080888650214
0.0,PFW_diminishing,diminishing,463.0,0.011111974716186523,15.627277530431313,0.01919436626839932,9.0,0.5209092510143771
0.0,PFW_diminishing,diminishing,464.0,0.011137008666992188,15.62724225934956,0.030499100977298355,9.0,0.520908075311652
0.0,PFW_diminishing,diminishing,465.0,0.011161088943481445,15.627276976575008,0.019088097395993486,9.0,0.5209092325525002
0.0,PFW_diminishing,diminishing,466.0,0.011185884475708008,15.627283101500408,0.030433825079155596,9.0,0.5209094367166803
0.0,PFW_diminishing,diminishing,467.0,0.011270999908447266,15.627276429158753,0.018982592694131384,9.0,0.5209092143052918
0.0,PFW_diminishing,diminishing,468.0,0.011295080184936523,15.627241163455073,0.030331206071489092,9.0,0.5209080387818358
0.0,PFW_diminishing,diminishing,469.0,0.011338949203491211,15.627275888047313,0.018877507689998296,9.0,0.5209091962682437
0.0,PFW_diminishing,diminishing,470.0,0.011364221572875977,15.627281496850618,0.030225977643087987,9.0,0.5209093832283539
0.0,PFW_diminishing,diminishing,471.0,0.011387825012207031,15.627275353538675,0.018773452243220135,9.0,0.5209091784512891
0.0,PFW_diminishing,diminishing,472.0,0.011413097381591797,15.627240098017161,0.030166164419867414,9.0,0.5209080032672387
0.0,PFW_diminishing,diminishing,473.0,0.011435985565185547,15.627274824767055,0.018670492443446207,9.0,0.5209091608255685
0.0,PFW_diminishing,diminishing,474.0,0.011459112167358398,15.627239719283843,0.03005068905651065,9.0,0.5209079906427948
0.0,PFW_diminishing,diminishing,475.0,0.011482000350952148,15.627274302318813,0.01856866824003056,9.0,0.5209091434106271
0.0,PFW_diminishing,diminishing,476.0,0.011504888534545898,15.627278940759348,0.0299750292168941,9.0,0.5209092980253116
0.0,PFW_diminishing,diminishing,477.0,0.011528968811035156,15.627273785925208,0.018465984354154585,9.0,0.520909126197507
0.0,PFW_diminishing,diminishing,478.0,0.01155400276184082,15.627238696187733,0.029889792475811916,9.0,0.5209079565395911
0.0,PFW_diminishing,diminishing,479.0,0.011577129364013672,15.627273275234487,0.0183668437013349,9.0,0.5209091091744829
0.0,PFW_diminishing,diminishing,480.0,0.011600017547607422,15.627238332910158,0.02977719290570313,9.0,0.5209079444303386
0.0,PFW_diminishing,diminishing,481.0,0.011622905731201172,15.627272770570041,0.018267553515846302,9.0,0.5209090923523347
0.0,PFW_diminishing,diminishing,482.0,0.011647939682006836,15.627276484638156,0.0297303495479877,9.0,0.5209092161546052
0.0,PFW_diminishing,diminishing,483.0,0.011672019958496094,15.627272271447799,0.018166205067430496,9.0,0.5209090757149266
0.0,PFW_diminishing,diminishing,484.0,0.011694192886352539,15.627237350016719,0.02962028718155807,9.0,0.5209079116672239
0.0,PFW_diminishing,diminishing,485.0,0.011718034744262695,15.627271777993037,0.01807072688281508,9.0,0.5209090592664346
0.0,PFW_diminishing,diminishing,486.0,0.011740922927856445,15.627275041529172,0.02953604146600064,9.0,0.5209091680509724
0.0,PFW_diminishing,diminishing,487.0,0.011765003204345703,15.627271290230055,0.017970710459435324,9.0,0.5209090430076685
0.0,PFW_diminishing,diminishing,488.0,0.011788129806518555,15.627236393637062,0.02946596031575588,9.0,0.5209078797879021
0.0,PFW_diminishing,diminishing,489.0,0.011811017990112305,15.627270807640683,0.01787713142587677,9.0,0.5209090269213561
0.0,PFW_diminishing,diminishing,490.0,0.011838912963867188,15.627236054573194,0.029357920145544725,9.0,0.5209078684857731
0.0,PFW_diminishing,diminishing,491.0,0.011862993240356445,15.627264488596795,0.017878321964882815,9.0,0.5209088162865598
0.0,PFW_diminishing,diminishing,492.0,0.011887073516845703,15.627235719083375,0.020422661441552137,9.0,0.5209078573027791
0.0,PFW_diminishing,diminishing,493.0,0.011911869049072266,15.627269425874113,0.017776531698798337,9.0,0.5209089808624704
0.0,PFW_diminishing,diminishing,494.0,0.011941909790039062,15.627271967963456,0.029211140040256822,9.0,0.5209090655987818
0.0,PFW_diminishing,diminishing,495.0,0.011963844299316406,15.627268960061595,0.017677987947681828,9.0,0.5209089653353866
0.0,PFW_diminishing,diminishing,496.0,0.011987924575805664,15.627234809206811,0.029082690891337748,9.0,0.5209078269735604
0.0,PFW_diminishing,diminishing,497.0,0.012012004852294922,15.627262463780308,0.017767651184682265,9.0,0.5209087487926769
0.0,PFW_diminishing,diminishing,498.0,0.012034177780151367,15.627234485457242,0.020255627949719468,9.0,0.5209078161819081
0.0,PFW_diminishing,diminishing,499.0,0.012057065963745117,15.627262031143426,0.017663304709541805,9.0,0.5209087343714475
0.0,PFW_diminishing,diminishing,500.0,0.012080907821655273,15.627234165785957,0.020169274930095682,9.0,0.5209078055261985
0.0,PFW_diminishing,diminishing,501.0,0.012104988098144531,15.627266763919934,0.017578814564565448,9.0,0.5209088921306645
0.0,PFW_diminishing,diminishing,502.0,0.012130022048950195,15.627269151981924,0.02885087029468103,9.0,0.5209089717327308
0.0,PFW_diminishing,diminishing,503.0,0.012153148651123047,15.627266319763752,0.017481917173535422,9.0,0.5209088773254584
0.0,PFW_diminishing,diminishing,504.0,0.012175798416137695,15.627268700157504,0.02871292461297692,9.0,0.5209089566719168
0.0,PFW_diminishing,diminishing,505.0,0.012198925018310547,15.627265880868586,0.01739173822781126,9.0,0.5209088626956195
0.0,PFW_diminishing,diminishing,506.0,0.012223958969116211,15.62723275407862,0.028652014883054022,9.0,0.5209077584692873
0.0,PFW_diminishing,diminishing,507.0,0.012248039245605469,15.627259416535294,0.01754064596098992,9.0,0.5209086472178431
0.0,PFW_diminishing,diminishing,508.0,0.012270212173461914,15.627232449176487,0.02000018085970723,9.0,0.5209077483058829
0.0,PFW_diminishing,diminishing,509.0,0.012293815612792969,15.62725900867436,0.01744036785474634,9.0,0.5209086336224786
0.0,PFW_diminishing,diminishing,510.0,0.01231694221496582,15.62723214804115,0.019917193769350305,9.0,0.5209077382680384
0.0,PFW_diminishing,diminishing,511.0,0.012341022491455078,15.62725860536679,0.017340875178790682,9.0,0.5209086201788931
0.0,PFW_diminishing,diminishing,512.0,0.012365102767944336,15.627231850612565,0.019834855872460366,9.0,0.5209077283537522
0.0,PFW_diminishing,diminishing,513.0,0.01238703727722168,15.627263005655186,0.01729258803223388,9.0,0.5209087668551728
0.0,PFW_diminishing,diminishing,514.0,0.012410879135131836,15.627265360018383,0.02828355517337755,9.0,0.5209088453339461
0.0,PFW_diminishing,diminishing,515.0,0.012434005737304688,15.627262591880427,0.017198669223374097,9.0,0.5209087530626809
0.0,PFW_diminishing,diminishing,516.0,0.012458086013793945,15.627231042389077,0.028162789599431193,9.0,0.5209077014129693
0.0,PFW_diminishing,diminishing,517.0,0.012482166290283203,15.62725680494288,0.017238745738701766,9.0,0.5209085601647626
0.0,PFW_diminishing,diminishing,518.0,0.012504100799560547,15.627230754976605,0.01968064953867099,9.0,0.5209076918325535
0.0,PFW_diminishing,diminishing,519.0,0.012527942657470703,15.627256419924858,0.017142302770457363,9.0,0.5209085473308286
0.0,PFW_diminishing,diminishing,520.0,0.012552976608276367,15.627230471048017,0.019600835207853606,9.0,0.5209076823682672
0.0,PFW_diminishing,diminishing,521.0,0.012579202651977539,15.627260640017191,0.017109993045993477,9.0,0.520908688000573
0.0,PFW_diminishing,diminishing,522.0,0.012602090835571289,15.627262857089573,0.027950712645209208,9.0,0.5209087619029857
0.0,PFW_diminishing,diminishing,523.0,0.012624979019165039,15.627260244757,0.017017579836391405,9.0,0.5209086748252333
0.0,PFW_diminishing,diminishing,524.0,0.012647867202758789,15.627262454915506,0.027823117902183725,9.0,0.5209087484971835
0.0,PFW_diminishing,diminishing,525.0,0.01267099380493164,15.627259854001478,0.016934166338831602,9.0,0.5209086618000492
0.0,PFW_diminishing,diminishing,526.0,0.012704133987426758,15.627229214429176,0.027764736919468902,9.0,0.5209076404809726
0.0,PFW_diminishing,diminishing,527.0,0.012727022171020508,15.627254090140035,0.01702898372627004,9.0,0.5209084696713345
0.0,PFW_diminishing,diminishing,528.0,0.01275181770324707,15.627228943135568,0.019444547652991417,9.0,0.5209076314378522
0.0,PFW_diminishing,diminishing,529.0,0.012774944305419922,15.62725372634895,0.016936159887452007,9.0,0.5209084575449651
0.0,PFW_diminishing,diminishing,530.0,0.012798070907592773,15.627228675069459,0.01936772768429229,9.0,0.5209076225023153
0.0,PFW_diminishing,diminishing,531.0,0.012820959091186523,15.627258008093113,0.016849806201797435,9.0,0.5209086002697705
0.0,PFW_diminishing,diminishing,532.0,0.012844085693359375,15.627260089294877,0.027502823532360665,9.0,0.5209086696431625
0.0,PFW_diminishing,diminishing,533.0,0.012868881225585938,15.627257634498312,0.016759928011730096,9.0,0.5209085878166104
0.0,PFW_diminishing,diminishing,534.0,0.012892961502075195,15.627227946864528,0.027418438338809636,9.0,0.5209075982288176
0.0,PFW_diminishing,diminishing,535.0,0.012914896011352539,15.627252102068512,0.016840901677406706,9.0,0.5209084034022837
0.0,PFW_diminishing,diminishing,536.0,0.01293802261352539,15.627227687528357,0.01922384695010315,9.0,0.5209075895842786
0.0,PFW_diminishing,diminishing,537.0,0.012961149215698242,15.62725175422943,0.016750828289994857,9.0,0.5209083918076477
0.0,PFW_diminishing,diminishing,538.0,0.012986183166503906,15.627227431231956,0.01914930296294237,9.0,0.5209075810410652
0.0,PFW_diminishing,diminishing,539.0,0.013010025024414062,15.627255870047346,0.016679387229975973,9.0,0.5209085290015782
0.0,PFW_diminishing,diminishing,540.0,0.013031959533691406,15.627257828801916,0.027192068109107126,9.0,0.5209085942933972
0.0,PFW_diminishing,diminishing,541.0,0.013055086135864258,15.627255512619504,0.016590899403000847,9.0,0.5209085170873168
0.0,PFW_diminishing,diminishing,542.0,0.013077974319458008,15.627226734442223,0.02708240934032169,9.0,0.5209075578147407
0.0,PFW_diminishing,diminishing,543.0,0.013103246688842773,15.627250200319558,0.016658401654847665,9.0,0.5209083400106519
0.0,PFW_diminishing,diminishing,544.0,0.013126850128173828,15.627226486371596,0.0190096802383124,9.0,0.5209075495457198
0.0,PFW_diminishing,diminishing,545.0,0.013149023056030273,15.627249867512692,0.01657095825912336,9.0,0.5209083289170897
0.0,PFW_diminishing,diminishing,546.0,0.013171911239624023,15.627226241166461,0.01893731256560116,9.0,0.5209075413722154
0.0,PFW_diminishing,diminishing,547.0,0.013195037841796875,15.627253824914096,0.016513990486583197,9.0,0.5209084608304698
0.0,PFW_diminishing,diminishing,548.0,0.013220071792602539,15.627255667334326,0.02689043178275874,9.0,0.5209085222444776
0.0,PFW_diminishing,diminishing,549.0,0.013243913650512695,15.627253482730453,0.016426850337843746,9.0,0.5209084494243484
0.0,PFW_diminishing,diminishing,550.0,0.013265848159790039,15.627255319724888,0.026774638220130598,9.0,0.5209085106574963
0.0,PFW_diminishing,diminishing,551.0,0.013289928436279297,15.62725314426255,0.01635115144773991,9.0,0.520908438142085
0.0,PFW_diminishing,diminishing,552.0,0.013313055038452148,15.62722515502868,0.026721500230875606,9.0,0.5209075051676227
0.0,PFW_diminishing,diminishing,553.0,0.013337135314941406,15.627247851823483,0.016468269164738203,9.0,0.5209082617274494
0.0,PFW_diminishing,diminishing,554.0,0.013360977172851562,15.627224920234221,0.018795614148189088,9.0,0.5209074973411407
0.0,PFW_diminishing,diminishing,555.0,0.013382911682128906,15.627247536520324,0.016383954561526082,9.0,0.5209082512173441
0.0,PFW_diminishing,diminishing,556.0,0.013406991958618164,15.627224688103933,0.018725835225668064,9.0,0.5209074896034644
0.0,PFW_diminishing,diminishing,557.0,0.013428926467895508,15.62724722444688,0.016300245786645462,9.0,0.520908240814896
0.0,PFW_diminishing,diminishing,558.0,0.013454198837280273,15.627224458598816,0.01865655711933023,9.0,0.5209074819532938
0.0,PFW_diminishing,diminishing,559.0,0.013477802276611328,15.627250922858954,0.016273825143574783,9.0,0.5209083640952985
0.0,PFW_diminishing,diminishing,560.0,0.013499975204467773,15.627252742171093,0.02641384899522592,9.0,0.5209084247390364
0.0,PFW_diminishing,diminishing,561.0,0.013522863388061523,15.62725060220209,0.016189101311995913,9.0,0.5209083534067364
0.0,PFW_diminishing,diminishing,562.0,0.013545989990234375,15.62722383354023,0.026310081375731542,9.0,0.5209074611180077
0.0,PFW_diminishing,diminishing,563.0,0.013571023941040039,15.62719404970534,0.016214371447448528,9.0,0.5209064683235113
0.0,PFW_diminishing,diminishing,564.0,0.013594865798950195,15.627217829216825,0.016468446553227878,9.0,0.5209072609738942
0.0,PFW_diminishing,diminishing,565.0,0.01361703872680664,15.62721880488948,0.019016278553607435,9.0,0.520907293496316
0.0,PFW_diminishing,diminishing,566.0,0.013640880584716797,15.62721751552949,0.029939740532578085,9.0,0.5209072505176496
0.0,PFW_diminishing,diminishing,567.0,0.013664007186889648,15.627218488879393,0.01894481717300245,9.0,0.5209072829626464
0.0,PFW_diminishing,diminishing,568.0,0.013688087463378906,15.627217205142399,0.029831173162373048,9.0,0.5209072401714133
0.0,PFW_diminishing,diminishing,569.0,0.013711929321289062,15.627218176174258,0.018873859036835583,9.0,0.5209072725391419
0.0,PFW_diminishing,diminishing,570.0,0.013733863830566406,15.62721689800947,0.02972336785335017,9.0,0.520907229933649
0.0,PFW_diminishing,diminishing,571.0,0.013757944107055664,15.627217866728099,0.018803398847943242,9.0,0.52090726222427
0.0,PFW_diminishing,diminishing,572.0,0.013781070709228516,15.627216594085422,0.029616316610001192,9.0,0.5209072198028474
0.0,PFW_diminishing,diminishing,573.0,0.01380610466003418,15.627217560495744,0.01873343138326078,9.0,0.5209072520165248
0.0,PFW_diminishing,diminishing,574.0,0.01382899284362793,15.627216293325752,0.02951001154826116,9.0,0.520907209777525
0.0,PFW_diminishing,diminishing,575.0,0.013853073120117188,15.627217257432791,0.018663951492500885,9.0,0.5209072419144264
0.0,PFW_diminishing,diminishing,576.0,0.013878107070922852,15.627215995686731,0.029404444893614823,9.0,0.5209071998562244
0.0,PFW_diminishing,diminishing,577.0,0.013900995254516602,15.627216957495609,0.01859495409691725,9.0,0.5209072319165203
0.0,PFW_diminishing,diminishing,578.0,0.013921022415161133,15.627215701125383,0.029299608979167502,9.0,0.5209071900375127
0.0,PFW_diminishing,diminishing,579.0,0.013944149017333984,15.627216660641322,0.018526434188039786,9.0,0.5209072220213774
0.0,PFW_diminishing,diminishing,580.0,0.013967037200927734,15.627215409599462,0.029195496243804797,9.0,0.5209071803199821
0.0,PFW_diminishing,diminishing,581.0,0.01399087905883789,15.62721636682777,0.01845838682649159,9.0,0.5209072122275924
0.0,PFW_diminishing,diminishing,582.0,0.014016151428222656,15.627215121067449,0.029092099230352275,9.0,0.5209071707022483
0.0,PFW_diminishing,diminishing,583.0,0.014039039611816406,15.62721607601353,0.018390807140781007,9.0,0.5209072025337843
0.0,PFW_diminishing,diminishing,584.0,0.014062166213989258,15.627214835488546,0.0289894105838151,9.0,0.5209071611829516
0.0,PFW_diminishing,diminishing,585.0,0.014086008071899414,15.627215788157867,0.01832369032614345,9.0,0.5209071929385956
0.0,PFW_diminishing,diminishing,586.0,0.014108896255493164,15.627214552822611,0.028887423049642535,9.0,0.5209071517607538
0.0,PFW_diminishing,diminishing,587.0,0.014132976531982422,15.627215503220748,0.01825703164341519,9.0,0.5209071834406916
0.0,PFW_diminishing,diminishing,588.0,0.01415705680847168,15.627214273030225,0.02878612947200132,9.0,0.5209071424343408
0.0,PFW_diminishing,diminishing,589.0,0.014180183410644531,15.627215221162805,0.018190826417894712,9.0,0.5209071740387602
0.0,PFW_diminishing,diminishing,590.0,0.01420283317565918,15.627213996072602,0.028685522792102347,9.0,0.5209071332024201
0.0,PFW_diminishing,diminishing,591.0,0.014225959777832031,15.627214941945336,0.018125070038276903,9.0,0.5209071647315112
0.0,PFW_diminishing,diminishing,592.0,0.014251947402954102,15.627213721911616,0.02858559604656108,9.0,0.5209071240637205
0.0,PFW_diminishing,diminishing,593.0,0.01427602767944336,15.627214665530294,0.018059757955557032,9.0,0.5209071555176765
0.0,PFW_diminishing,diminishing,594.0,0.01429891586303711,15.627213450509783,0.028486342365811268,9.0,0.5209071150169928
0.0,PFW_diminishing,diminishing,595.0,0.014322996139526367,15.627214391880253,0.01799488568200225,9.0,0.5209071463960084
0.0,PFW_diminishing,diminishing,596.0,0.014346122741699219,15.627213181830252,0.02838775497252044,9.0,0.5209071060610084
0.0,PFW_diminishing,diminishing,597.0,0.014369964599609375,15.627214120958422,0.01793044879011063,9.0,0.5209071373652807
0.0,PFW_diminishing,diminishing,598.0,0.014394044876098633,15.627212915836763,0.028289827180008942,9.0,0.5209070971945587
0.0,PFW_diminishing,diminishing,599.0,0.014416933059692383,15.627213852728609,0.017866442911614655,9.0,0.520907128424287
0.0,PFW_diminishing,diminishing,600.0,0.014440059661865234,15.627212652493677,0.02819255239080931,9.0,0.5209070884164559
0.0,PFW_diminishing,diminishing,601.0,0.014462947845458984,15.627213587155236,0.017802863736473995,9.0,0.5209071195718412
0.0,PFW_diminishing,diminishing,602.0,0.014487981796264648,15.62721239176594,0.028095924095131508,9.0,0.5209070797255314
0.0,PFW_diminishing,diminishing,603.0,0.014511823654174805,15.627213324203304,0.017739707011944716,9.0,0.5209071108067768
0.0,PFW_diminishing,diminishing,604.0,0.01453399658203125,15.627212133619068,0.02799993586942051,9.0,0.5209070711206356
0.0,PFW_diminishing,diminishing,605.0,0.014558076858520508,15.627213063838376,0.017676968541580962,9.0,0.5209071021279459
0.0,PFW_diminishing,diminishing,606.0,0.014580965042114258,15.62721187801915,0.02790458137494234,9.0,0.5209070626006383
0.0,PFW_diminishing,diminishing,607.0,0.014605045318603516,15.6272128060266,0.017614644184360984,9.0,0.52090709353422
0.0,PFW_diminishing,diminishing,608.0,0.014628887176513672,15.627211624932828,0.02780985435639849,9.0,0.5209070541644276
0.0,PFW_diminishing,diminishing,609.0,0.014652013778686523,15.627212550734654,0.017552729853720805,9.0,0.5209070850244885
0.0,PFW_diminishing,diminishing,610.0,0.014674901962280273,15.627211374327292,0.027715748640513738,9.0,0.5209070458109097
0.0,PFW_diminishing,diminishing,611.0,0.014698028564453125,15.62721229792979,0.017491221516715783,9.0,0.5209070765976597
0.0,PFW_diminishing,diminishing,612.0,0.014723062515258789,15.627211126170252,0.027622258134766042,9.0,0.5209070375390084
0.0,PFW_diminishing,diminishing,613.0,0.014746904373168945,15.627212047579752,0.017430115193091567,9.0,0.5209070682526584
0.0,PFW_diminishing,diminishing,614.0,0.014768838882446289,15.62721088042996,0.027529376826006313,9.0,0.5209070293476653
0.0,PFW_diminishing,diminishing,615.0,0.014792919158935547,15.627211799652835,0.01736940695447231,9.0,0.5209070599884279
0.0,PFW_diminishing,diminishing,616.0,0.014816045761108398,15.62721063707517,0.0274370987791972,9.0,0.520907021235839
0.0,PFW_diminishing,diminishing,617.0,0.014840126037597656,15.62721155411783,0.017309092923486702,9.0,0.5209070518039277
0.0,PFW_diminishing,diminishing,618.0,0.014863967895507812,15.627210396075137,0.02734541813615543,9.0,0.5209070132025045
0.0,PFW_diminishing,diminishing,619.0,0.014886856079101562,15.627211310944029,0.017249169272961495,9.0,0.5209070436981343
0.0,PFW_diminishing,diminishing,620.0,0.014909982681274414,15.627210157399613,0.027254329114287046,9.0,0.5209070052466538
0.0,PFW_diminishing,diminishing,621.0,0.014933109283447266,15.627211070101225,0.017189632225091955,9.0,0.5209070356700408
0.0,PFW_diminishing,diminishing,622.0,0.01495814323425293,15.627209921018835,0.027163826005404346,9.0,0.5209069973672945
0.0,PFW_diminishing,diminishing,623.0,0.014981985092163086,15.627210831559685,0.017130478050679798,9.0,0.5209070277186562
0.0,PFW_diminishing,diminishing,624.0,0.01500391960144043,15.627209686903518,0.027073903174512637,9.0,0.5209069895634506
0.0,PFW_diminishing,diminishing,625.0,0.015027999877929688,15.62721059529015,0.01707170306831074,9.0,0.520907019843005
0.0,PFW_diminishing,diminishing,626.0,0.015049934387207031,15.62720945502483,0.02698455505864139,9.0,0.5209069818341611
0.0,PFW_diminishing,diminishing,627.0,0.015075206756591797,15.627210361263826,0.0170133036436404,9.0,0.5209070120421275
0.0,PFW_diminishing,diminishing,628.0,0.015101909637451172,15.627209225354415,0.02689577616569494,9.0,0.5209069741784805
0.0,PFW_diminishing,diminishing,629.0,0.015124082565307617,15.627210129452374,0.01695527618860382,9.0,0.5209070043150791
0.0,PFW_diminishing,diminishing,630.0,0.015148162841796875,15.627208997864345,0.026807561073342256,9.0,0.5209069665954782
0.0,PFW_diminishing,diminishing,631.0,0.015171051025390625,15.627209899827896,0.016897617160704925,9.0,0.5209069966609299
0.0,PFW_diminishing,diminishing,632.0,0.015193939208984375,15.627208772527137,0.02671990442791561,9.0,0.5209069590842379
0.0,PFW_diminishing,diminishing,633.0,0.015216827392578125,15.627209672362943,0.016840323062281115,9.0,0.5209069890787648
0.0,PFW_diminishing,diminishing,634.0,0.015239953994750977,15.627208549315755,0.026632800943279022,9.0,0.5209069516438585
0.0,PFW_diminishing,diminishing,635.0,0.015264034271240234,15.627209447030488,0.0167833904398087,9.0,0.5209069815676829
0.0,PFW_diminishing,diminishing,636.0,0.015288114547729492,15.62720832820357,0.026546245399837076,9.0,0.5209069442734523
0.0,PFW_diminishing,diminishing,637.0,0.015310049057006836,15.627209223803922,0.016726815883203017,9.0,0.5209069741267974
0.0,PFW_diminishing,diminishing,638.0,0.015332937240600586,15.62720810916437,0.02646023264344599,9.0,0.5209069369721456
0.0,PFW_diminishing,diminishing,639.0,0.015355825424194336,15.627209002657063,0.016670596025134543,9.0,0.5209069667552354
0.0,PFW_diminishing,diminishing,640.0,0.015379905700683594,15.627207892172356,0.026374757584404662,9.0,0.5209069297390785
0.0,PFW_diminishing,diminishing,641.0,0.015403032302856445,15.627208783564116,0.01661472754036808,9.0,0.5209069594521372
0.0,PFW_diminishing,diminishing,642.0,0.015426158905029297,15.627207677202122,0.02628981519642437,9.0,0.5209069225734041
0.0,PFW_diminishing,diminishing,643.0,0.015449047088623047,15.627208566499705,0.01655920714508774,9.0,0.5209069522166568
0.0,PFW_diminishing,diminishing,644.0,0.015471220016479492,15.627207464228665,0.02620540051570508,9.0,0.5209069154742888
0.0,PFW_diminishing,diminishing,645.0,0.01549386978149414,15.627208351438831,0.016504031596294766,9.0,0.5209069450479611
0.0,PFW_diminishing,diminishing,646.0,0.015516042709350586,15.627207253227352,0.026121508639905144,9.0,0.5209069084409117
0.0,PFW_diminishing,diminishing,647.0,0.015538930892944336,15.627208138356883,0.016449197691127182,9.0,0.5209069379452295
0.0,PFW_diminishing,diminishing,648.0,0.01556396484375,15.62720704417395,0.026038134727226492,9.0,0.520906901472465
0.0,PFW_diminishing,diminishing,649.0,0.015587091445922852,15.627207927229634,0.01639470226628248,9.0,0.5209069309076545
0.0,PFW_diminishing,diminishing,650.0,0.015609025955200195,15.627206837044572,0.02595527399548203,9.0,0.5209068945681524
0.0,PFW_diminishing,diminishing,651.0,0.01563286781311035,15.627207718033207,0.016340542197371022,9.0,0.5209069239344403
0.0,PFW_diminishing,diminishing,652.0,0.015655040740966797,15.627206631815715,0.02587292172113642,9.0,0.5209068877271905
0.0,PFW_diminishing,diminishing,653.0,0.01568007469177246,15.627180786566079,0.016341017570272953,9.0,0.5209060262188693
0.0,PFW_diminishing,diminishing,654.0,0.01570415496826172,15.627206428149751,0.014045635486860775,9.0,0.520906880938325
0.0,PFW_diminishing,diminishing,655.0,0.015726089477539062,15.627180662075967,0.016296213090832623,9.0,0.5209060220691989
0.0,PFW_diminishing,diminishing,656.0,0.015748977661132812,15.627206226217954,0.013982216915101375,9.0,0.5209068742072651
0.0,PFW_diminishing,diminishing,657.0,0.015771865844726562,15.627206742196215,0.016262745025313663,9.0,0.5209068914065405
0.0,PFW_diminishing,diminishing,658.0,0.01579594612121582,15.627206026009432,0.025592612026077433,9.0,0.5209068675336478
0.0,PFW_diminishing,diminishing,659.0,0.015819072723388672,15.627180318844594,0.016257415052651325,9.0,0.5209060106281531
0.0,PFW_diminishing,diminishing,660.0,0.01584315299987793,15.627197162089265,0.013873944809018823,9.0,0.5209065720696422
0.0,PFW_diminishing,diminishing,661.0,0.0158689022064209,15.627180197714251,0.015930533918474765,9.0,0.520906006590475
0.0,PFW_diminishing,diminishing,662.0,0.015893936157226562,15.627196990666963,0.013819768432764334,9.0,0.5209065663555654
0.0,PFW_diminishing,diminishing,663.0,0.015922069549560547,15.627180077750687,0.015887102704375877,9.0,0.5209060025916895
0.0,PFW_diminishing,diminishing,664.0,0.01594710350036621,15.627196820709537,0.013765918561503554,9.0,0.5209065606903179
0.0,PFW_diminishing,diminishing,665.0,0.01597118377685547,15.627179958939475,0.015843933014455303,9.0,0.5209059986313158
0.0,PFW_diminishing,diminishing,666.0,0.016004085540771484,15.627204820006371,0.013712392252511307,9.0,0.5209068273335457
0.0,PFW_diminishing,diminishing,667.0,0.016028881072998047,15.627204792439299,0.016135810412421847,9.0,0.5209068264146433
0.0,PFW_diminishing,diminishing,668.0,0.016052961349487305,15.627173992109505,0.025148451157916085,9.0,0.5209057997369835
0.0,PFW_diminishing,diminishing,669.0,0.016077041625976562,15.627189597624264,0.01331797625659803,9.0,0.5209063199208088
0.0,PFW_diminishing,diminishing,670.0,0.016100168228149414,15.627173864264702,0.025963026661912636,9.0,0.5209057954754901
0.0,PFW_diminishing,diminishing,671.0,0.01612401008605957,15.627189423851757,0.013277941403879723,9.0,0.520906314128392
0.0,PFW_diminishing,diminishing,672.0,0.016148090362548828,15.627173737624334,0.02590112452864446,9.0,0.5209057912541445
0.0,PFW_diminishing,diminishing,673.0,0.016170978546142578,15.627189251551886,0.013238144862764756,9.0,0.5209063083850629
0.0,PFW_diminishing,diminishing,674.0,0.01619410514831543,15.627173612173777,0.02583958983797885,9.0,0.5209057870724593
0.0,PFW_diminishing,diminishing,675.0,0.01621723175048828,15.627189080707694,0.013198584511737721,9.0,0.5209063026902565
0.0,PFW_diminishing,diminishing,676.0,0.016240835189819336,15.627173487898617,0.025778419327973978,9.0,0.5209057829299539
0.0,PFW_diminishing,diminishing,677.0,0.016264915466308594,15.627188911302454,0.013159258254381356,9.0,0.5209062970434152
0.0,PFW_diminishing,diminishing,678.0,0.01628708839416504,15.627173364784662,0.025717609775204764,9.0,0.5209057788261554
0.0,PFW_diminishing,diminishing,679.0,0.016311168670654297,15.62718874331971,0.01312016401902838,9.0,0.5209062914439904
0.0,PFW_diminishing,diminishing,680.0,0.016334056854248047,15.627173242817923,0.025657157994155355,9.0,0.5209057747605974
0.0,PFW_diminishing,diminishing,681.0,0.016357898712158203,15.627188576743219,0.013081299758372467,9.0,0.5209062858914406
0.0,PFW_diminishing,diminishing,682.0,0.01638197898864746,15.627173121984628,0.025597060836702212,9.0,0.520905770732821
0.0,PFW_diminishing,diminishing,683.0,0.016403913497924805,15.627188411556983,0.01304266344912719,9.0,0.5209062803852328
0.0,PFW_diminishing,diminishing,684.0,0.016427993774414062,15.627173002271206,0.025537315191531462,9.0,0.5209057667423735
0.0,PFW_diminishing,diminishing,685.0,0.016451120376586914,15.627172626762928,0.013004253091684959,9.0,0.520905754225431
0.0,PFW_diminishing,diminishing,686.0,0.01647496223449707,15.627166375418115,0.023116994390932177,9.0,0.5209055458472706
0.0,PFW_diminishing,diminishing,687.0,0.016499042510986328,15.627172487133109,0.017536058264262522,9.0,0.5209057495711036
0.0,PFW_diminishing,diminishing,688.0,0.016520977020263672,15.627166254286008,0.023066777559719753,9.0,0.5209055418095336
0.0,PFW_diminishing,diminishing,689.0,0.01654505729675293,15.627172348687216,0.017495915957811192,9.0,0.5209057449562405
0.0,PFW_diminishing,diminishing,690.0,0.01656818389892578,15.627166134227647,0.023016851961100926,9.0,0.5209055378075882
0.0,PFW_diminishing,diminishing,691.0,0.016592979431152344,15.627172211411766,0.017456006268050217,9.0,0.5209057403803922
0.0,PFW_diminishing,diminishing,692.0,0.016615867614746094,15.62716601523053,0.022967215068929292,9.0,0.5209055338410177
0.0,PFW_diminishing,diminishing,693.0,0.016638994216918945,15.627172075293462,0.017416327178882085,9.0,0.5209057358431154
0.0,PFW_diminishing,diminishing,694.0,0.016662120819091797,15.627165897282344,0.022917864386172937,9.0,0.5209055299094115
0.0,PFW_diminishing,diminishing,695.0,0.016685009002685547,15.627171940319188,0.017376876697461796,9.0,0.520905731343973
0.0,PFW_diminishing,diminishing,696.0,0.01670980453491211,15.627165780370945,0.022868797444511202,9.0,0.5209055260123648
0.0,PFW_diminishing,diminishing,697.0,0.01673293113708496,15.627171806476037,0.017337652853814944,9.0,0.5209057268825346
0.0,PFW_diminishing,diminishing,698.0,0.016756057739257812,15.62719631393531,0.02282001180392612,9.0,0.5209065437978436
0.0,PFW_diminishing,diminishing,699.0,0.01678013801574707,15.627171673705368,0.022824262443119636,9.0,0.5209057224568456
0.0,PFW_diminishing,diminishing,700.0,0.01680302619934082,15.627165445792025,0.02274865630610101,9.0,0.5209055148597341
0.0,PFW_diminishing,diminishing,701.0,0.016827821731567383,15.627171541938797,0.017200396736889445,9.0,0.5209057180646266
0.0,PFW_diminishing,diminishing,702.0,0.016850948333740234,15.627165332067062,0.02270042576357767,9.0,0.520905511068902
0.0,PFW_diminishing,diminishing,703.0,0.016874074935913086,15.627171411266495,0.017161841505297204,9.0,0.5209057137088832
0.0,PFW_diminishing,diminishing,704.0,0.016896963119506836,15.627195334888494,0.022652469369553785,9.0,0.5209065111629498
0.0,PFW_diminishing,diminishing,705.0,0.016920089721679688,15.627171281609566,0.02259625813023014,9.0,0.5209057093869855
0.0,PFW_diminishing,diminishing,706.0,0.01694488525390625,15.627165006353252,0.022582322445259706,9.0,0.5209055002117751
0.0,PFW_diminishing,diminishing,707.0,0.0169680118560791,15.627171152946662,0.01702691322479133,9.0,0.5209057050982221
0.0,PFW_diminishing,diminishing,708.0,0.01699090003967285,15.627194757917652,0.022534907096840584,9.0,0.5209064919305884
0.0,PFW_diminishing,diminishing,709.0,0.017014026641845703,15.627171025396386,0.02246094861924064,9.0,0.5209057008465462
0.0,PFW_diminishing,diminishing,710.0,0.017037153244018555,15.62716468660807,0.02246554908302656,9.0,0.5209054895536024
0.0,PFW_diminishing,diminishing,711.0,0.017061948776245117,15.627170898700145,0.016893504545357985,9.0,0.5209056966233382
0.0,PFW_diminishing,diminishing,712.0,0.017086029052734375,15.627164577997066,0.022418665675473903,9.0,0.5209054859332355
0.0,PFW_diminishing,diminishing,713.0,0.01711106300354004,15.627170773040344,0.016856026373087474,9.0,0.5209056924346781
0.0,PFW_diminishing,diminishing,714.0,0.017135143280029297,15.627193820179482,0.022372045025342402,9.0,0.5209064606726493
0.0,PFW_diminishing,diminishing,715.0,0.017158031463623047,15.627170648437975,0.022239318862949276,9.0,0.5209056882812658
0.0,PFW_diminishing,diminishing,716.0,0.017181873321533203,15.627164266615301,0.022303845403275346,9.0,0.5209054755538434
0.0,PFW_diminishing,diminishing,717.0,0.017204999923706055,15.627170524682121,0.01672484874762148,9.0,0.5209056841560707
0.0,PFW_diminishing,diminishing,718.0,0.017229080200195312,15.627164160905398,0.022257743414538567,9.0,0.5209054720301799
0.0,PFW_diminishing,diminishing,719.0,0.01725292205810547,15.627170401929712,0.016687995234084596,9.0,0.5209056800643237
0.0,PFW_diminishing,diminishing,720.0,0.017274856567382812,15.627192906427462,0.022211897649798473,9.0,0.5209064302142488
0.0,PFW_diminishing,diminishing,721.0,0.01729893684387207,15.627170280181922,0.022021386958050115,9.0,0.5209056760060641
0.0,PFW_diminishing,diminishing,722.0,0.017321109771728516,15.627163857604971,0.022144827639477782,9.0,0.5209054619201657
0.0,PFW_diminishing,diminishing,723.0,0.01734614372253418,15.62717015927325,0.01655899316093823,9.0,0.520905671975775
0.0,PFW_diminishing,diminishing,724.0,0.01736903190612793,15.627163754697605,0.02209948769501935,9.0,0.5209054584899202
0.0,PFW_diminishing,diminishing,725.0,0.01739192008972168,15.627170039336352,0.016522748818452726,9.0,0.5209056679778784
0.0,PFW_diminishing,diminishing,726.0,0.01741504669189453,15.627192015862814,0.022054397655949742,9.0,0.5209064005287605
0.0,PFW_diminishing,diminishing,727.0,0.01743793487548828,15.627169920353525,0.021807061125286964,9.0,0.5209056640117842
0.0,PFW_diminishing,diminishing,728.0,0.017462968826293945,15.627163459208141,0.02198842942294199,9.0,0.5209054486402713
0.0,PFW_diminishing,diminishing,729.0,0.017486095428466797,15.627169802202557,0.016395868621762233,9.0,0.5209056600734185
0.0,PFW_diminishing,diminishing,730.0,0.017508983612060547,15.627163359008833,0.02194383278345491,9.0,0.5209054453002945
0.0,PFW_diminishing,diminishing,731.0,0.017531871795654297,15.627169684992946,0.016360218470428123,9.0,0.5209056561664316
0.0,PFW_diminishing,diminishing,732.0,0.01755499839782715,15.627191147719548,0.021899479936827504,9.0,0.5209063715906516
0.0,PFW_diminishing,diminishing,733.0,0.017580032348632812,15.627169568689018,0.021596252597662513,9.0,0.5209056522896339
0.0,PFW_diminishing,diminishing,734.0,0.01760411262512207,15.627163071071049,0.021834586553708846,9.0,0.5209054357023682
0.0,PFW_diminishing,diminishing,735.0,0.01762700080871582,15.6271694532098,0.016235408225639958,9.0,0.5209056484403267
0.0,PFW_diminishing,diminishing,736.0,0.01764988899230957,15.627162973489222,0.02179071508931507,9.0,0.5209054324496407
0.0,PFW_diminishing,diminishing,737.0,0.017673015594482422,15.627169338642712,0.01620033777272667,9.0,0.5209056446214237
0.0,PFW_diminishing,diminishing,738.0,0.017698049545288086,15.627190301262853,0.02174708150297633,9.0,0.5209063433754284
0.0,PFW_diminishing,diminishing,739.0,0.017721176147460938,15.62716922493499,0.021388875497857285,9.0,0.5209056408311663
0.0,PFW_diminishing,diminishing,740.0,0.01774311065673828,15.627162692854403,0.021683236912700465,9.0,0.5209054230951468
0.0,PFW_diminishing,diminishing,741.0,0.017766952514648438,15.627169112044944,0.01607754723576882,9.0,0.5209056370681648
0.0,PFW_diminishing,diminishing,742.0,0.01779007911682129,15.627162597803174,0.021640073078373234,9.0,0.5209054199267725
0.0,PFW_diminishing,diminishing,743.0,0.017814159393310547,15.62716900003895,0.01604304245602961,9.0,0.5209056333346317
0.0,PFW_diminishing,diminishing,744.0,0.017838001251220703,15.627189475787612,0.021597141397096564,9.0,0.520906315859587
0.0,PFW_diminishing,diminishing,745.0,0.01786017417907715,15.627168888847951,0.021184846721586936,9.0,0.520905629628265
0.0,PFW_diminishing,diminishing,746.0,0.017882823944091797,15.627162324232673,0.02153432037811065,9.0,0.5209054108077558
0.0,PFW_diminishing,diminishing,747.0,0.01790595054626465,15.6271687784677,0.01592222299586865,9.0,0.5209056259489233
0.0,PFW_diminishing,diminishing,748.0,0.017930984497070312,15.627188989014037,0.021491847190260316,9.0,0.5209062996338012
0.0,PFW_diminishing,diminishing,749.0,0.017954111099243164,15.627168668981447,0.02106367313754376,9.0,0.5209056222993815
0.0,PFW_diminishing,diminishing,750.0,0.017977237701416016,15.627162055426718,0.021429695076790267,9.0,0.5209054018475573
0.0,PFW_diminishing,diminishing,751.0,0.017999887466430664,15.62716856019426,0.015802691702743843,9.0,0.520905618673142
0.0,PFW_diminishing,diminishing,752.0,0.018023014068603516,15.62716196444703,0.021387673076631586,9.0,0.5209053988149009
0.0,PFW_diminishing,diminishing,753.0,0.018047094345092773,15.627168452246913,0.015769099830272637,9.0,0.5209056150748971
0.0,PFW_diminishing,diminishing,754.0,0.01807117462158203,15.627188196597055,0.021345874089675476,9.0,0.5209062732199018
0.0,PFW_diminishing,diminishing,755.0,0.018093109130859375,15.627168345150555,0.020865046566475698,9.0,0.5209056115050185
0.0,PFW_diminishing,diminishing,756.0,0.018116235733032227,15.627161702325798,0.021284705276505278,9.0,0.5209053900775266
0.0,PFW_diminishing,diminishing,757.0,0.018138885498046875,15.627168238748206,0.01565146196791467,9.0,0.5209056079582736
0.0,PFW_diminishing,diminishing,758.0,0.01816391944885254,15.627161613661205,0.021243346805677632,9.0,0.5209053871220402
0.0,PFW_diminishing,diminishing,759.0,0.01818704605102539,15.62716813316039,0.015618400513009334,9.0,0.5209056044386797
0.0,PFW_diminishing,diminishing,760.0,0.018210172653198242,15.62718742342229,0.021202206093205334,9.0,0.5209062474474097
0.0,PFW_diminishing,diminishing,761.0,0.018234968185424805,15.627168028382338,0.020669559450100294,9.0,0.520905600946078
0.0,PFW_diminishing,diminishing,762.0,0.018257856369018555,15.62716135801064,0.021141997428648196,9.0,0.5209053786003547
0.0,PFW_diminishing,diminishing,763.0,0.018281936645507812,15.62716792429329,0.015502611446194692,9.0,0.520905597476443
0.0,PFW_diminishing,diminishing,764.0,0.01830601692199707,15.62716127158639,0.02110128689466073,9.0,0.5209053757195463
0.0,PFW_diminishing,diminishing,765.0,0.018328189849853516,15.627167820994437,0.015470067944468369,9.0,0.5209055940331478
0.0,PFW_diminishing,diminishing,766.0,0.01835179328918457,15.627186668881693,0.021060789027977478,9.0,0.5209062222960564
0.0,PFW_diminishing,diminishing,767.0,0.018373966217041016,15.627167718465792,0.020477137941044887,9.0,0.5209055906155264
0.0,PFW_diminishing,diminishing,768.0,0.01839900016784668,15.627161022200857,0.021001518081471104,9.0,0.5209053674066952
0.0,PFW_diminishing,diminishing,769.0,0.01842212677001953,15.627167616621215,0.015356084429974715,9.0,0.5209055872207071
0.0,PFW_diminishing,diminishing,770.0,0.01844501495361328,15.627160937945149,0.020961440376558116,9.0,0.5209053645981716
0.0,PFW_diminishing,diminishing,771.0,0.018468141555786133,15.627167515543398,0.015324046804556346,9.0,0.5209055838514466
0.0,PFW_diminishing,diminishing,772.0,0.018491029739379883,15.627185932390883,0.02092157040539533,9.0,0.5209061977463628
0.0,PFW_diminishing,diminishing,773.0,0.018516063690185547,15.627167415197857,0.020287710489958144,9.0,0.5209055805065952
0.0,PFW_diminishing,diminishing,774.0,0.018538951873779297,15.627160694627035,0.0208632154396593,9.0,0.5209053564875679
0.0,PFW_diminishing,diminishing,775.0,0.01856207847595215,15.627167315531482,0.015211826937322925,9.0,0.5209055771843827
0.0,PFW_diminishing,diminishing,776.0,0.018585205078125,15.62716061247087,0.020823755922142695,9.0,0.520905353749029
0.0,PFW_diminishing,diminishing,777.0,0.01860785484313965,15.62716721660933,0.015180283483877233,9.0,0.5209055738869777
0.0,PFW_diminishing,diminishing,778.0,0.018632888793945312,15.627185213388074,0.02078449935622828,9.0,0.5209061737796025
0.0,PFW_diminishing,diminishing,779.0,0.018656015396118164,15.627167118383039,0.02010120775681301,9.0,0.520905570612768
0.0,PFW_diminishing,diminishing,780.0,0.018679141998291016,15.627160375030206,0.020727039300698635,9.0,0.5209053458343402
0.0,PFW_diminishing,diminishing,781.0,0.018702030181884766,15.627167020831083,0.015069786645636185,9.0,0.5209055673610361
0.0,PFW_diminishing,diminishing,782.0,0.018724918365478516,15.627160294907277,0.020688183777108904,9.0,0.520905343163576
0.0,PFW_diminishing,diminishing,783.0,0.018748998641967773,15.627166924001617,0.015038726018133275,9.0,0.5209055641333873
0.0,PFW_diminishing,diminishing,784.0,0.01877307891845703,15.627184511333017,0.020649526568647047,9.0,0.5209061503777672
0.0,PFW_diminishing,diminishing,785.0,0.01879596710205078,15.627166827833088,0.01991756252629706,9.0,0.5209055609277696
0.0,PFW_diminishing,diminishing,786.0,0.018830060958862305,15.6271600631614,0.02059294099407083,9.0,0.5209053354387133
0.0,PFW_diminishing,diminishing,787.0,0.018852949142456055,15.627166732334096,0.014929912828403502,9.0,0.5209055577444699
0.0,PFW_diminishing,diminishing,788.0,0.018875837326049805,15.62718409712891,0.02055467570213665,9.0,0.5209061365709637
0.0,PFW_diminishing,diminishing,789.0,0.018898963928222656,15.627166637560867,0.01980842010671857,9.0,0.5209055545853623
0.0,PFW_diminishing,diminishing,790.0,0.018923044204711914,15.627159835262532,0.02049866218401597,9.0,0.5209053278420844
0.0,PFW_diminishing,diminishing,791.0,0.018947124481201172,15.627166543366988,0.01482220108000476,9.0,0.5209055514455663
0.0,PFW_diminishing,diminishing,792.0,0.018969058990478516,15.627159758418298,0.020460782878686246,9.0,0.52090532528061
0.0,PFW_diminishing,diminishing,793.0,0.018992900848388672,15.62716644986132,0.014791920940185221,9.0,0.5209055483287107
0.0,PFW_diminishing,diminishing,794.0,0.019016027450561523,15.627183421833756,0.020423094470189085,9.0,0.5209061140611252
0.0,PFW_diminishing,diminishing,795.0,0.01904010772705078,15.627166357047459,0.01962939284711851,9.0,0.5209055452349153
0.0,PFW_diminishing,diminishing,796.0,0.019071102142333984,15.627159535922877,0.020367922742508426,9.0,0.5209053178640959
0.0,PFW_diminishing,diminishing,797.0,0.019095182418823242,15.627166264809548,0.014685829826186492,9.0,0.5209055421603183
0.0,PFW_diminishing,diminishing,798.0,0.0191190242767334,15.627159460946775,0.020330611647056074,9.0,0.5209053153648925
0.0,PFW_diminishing,diminishing,799.0,0.019140958786010742,15.627166173240177,0.014656003905450632,9.0,0.5209055391080059
0.0,PFW_diminishing,diminishing,800.0,0.0191650390625,15.627182762148877,0.0202934871741558,9.0,0.5209060920716292
0.0,PFW_diminishing,diminishing,801.0,0.01918792724609375,15.627166082329998,0.019453053644266305,9.0,0.5209055360776665
0.0,PFW_diminishing,diminishing,802.0,0.019212007522583008,15.627159243690077,0.020239138402486034,9.0,0.5209053081230025
0.0,PFW_diminishing,diminishing,803.0,0.019236087799072266,15.627165991992383,0.014551497123150625,9.0,0.5209055330664127
0.0,PFW_diminishing,diminishing,804.0,0.019258975982666016,15.627159170524621,0.020202382827021026,9.0,0.520905305684154
0.0,PFW_diminishing,diminishing,805.0,0.019281864166259766,15.627165902304334,0.014522115277422643,9.0,0.5209055300768112
0.0,PFW_diminishing,diminishing,806.0,0.019304990768432617,15.627182117604914,0.02016580972645876,9.0,0.5209060705868305
0.0,PFW_diminishing,diminishing,807.0,0.019329071044921875,15.627165813244142,0.019279342409440403,9.0,0.5209055271081381
0.0,PFW_diminishing,diminishing,808.0,0.019353151321411133,15.627158958348085,0.020112265634070425,9.0,0.5209052986116028
0.0,PFW_diminishing,diminishing,809.0,0.019375085830688477,15.627165724753139,0.014419157600304544,9.0,0.5209055241584379
0.0,PFW_diminishing,diminishing,810.0,0.019398927688598633,15.627158886937961,0.020076053263768046,9.0,0.5209052962312654
0.0,PFW_diminishing,diminishing,811.0,0.019420862197875977,15.627165636893418,0.014390209985331026,9.0,0.5209055212297806
0.0,PFW_diminishing,diminishing,812.0,0.019446134567260742,15.627181487749917,0.020040019342742355,9.0,0.5209060495916639
0.0,PFW_diminishing,diminishing,813.0,0.01947021484375,15.627165549631428,0.019108200831610134,9.0,0.5209055183210476
0.0,PFW_diminishing,diminishing,814.0,0.019492149353027344,15.62715867968891,0.019987262190138466,9.0,0.5209052893229636
0.0,PFW_diminishing,diminishing,815.0,0.0195159912109375,15.627165462935272,0.0142887672234977,9.0,0.5209055154311757
0.0,PFW_diminishing,diminishing,816.0,0.019537925720214844,15.627158609980855,0.019951581071500968,9.0,0.5209052869993618
0.0,PFW_diminishing,diminishing,817.0,0.019562959671020508,15.627165376852757,0.014260244283855528,9.0,0.5209055125617585
0.0,PFW_diminishing,diminishing,818.0,0.019587039947509766,15.62718087214854,0.01991607449404853,9.0,0.520906029071618
0.0,PFW_diminishing,diminishing,819.0,0.01960921287536621,15.627165291339008,0.01893957231216703,9.0,0.5209055097113002
0.0,PFW_diminishing,diminishing,820.0,0.01963186264038086,15.627158407512251,0.01986408705935183,9.0,0.5209052802504084
0.0,PFW_diminishing,diminishing,821.0,0.019655942916870117,15.627165206387753,0.01416028324619667,9.0,0.5209055068795918
0.0,PFW_diminishing,diminishing,822.0,0.019680023193359375,15.62718050882495,0.01982892558703142,9.0,0.5209060169608316
0.0,PFW_diminishing,diminishing,823.0,0.019704103469848633,15.627165122060347,0.018839301434647737,9.0,0.5209055040686782
0.0,PFW_diminishing,diminishing,824.0,0.019726037979125977,15.627158208277049,0.01977744207248655,9.0,0.520905273609235
0.0,PFW_diminishing,diminishing,825.0,0.019749879837036133,15.627165038219706,0.01406129231285469,9.0,0.5209055012739902
0.0,PFW_diminishing,diminishing,826.0,0.019773006439208984,15.627158141318462,0.019742620698295354,9.0,0.520905271377282
0.0,PFW_diminishing,diminishing,827.0,0.019797086715698242,15.627164954964798,0.01403345673395684,9.0,0.5209054984988266
0.0,PFW_diminishing,diminishing,828.0,0.0198211669921875,15.627179915766707,0.019707967601805265,9.0,0.5209059971922235
0.0,PFW_diminishing,diminishing,829.0,0.019843101501464844,15.627164872305544,0.018674739448854893,9.0,0.5209054957435181
0.0,PFW_diminishing,diminishing,830.0,0.019867897033691406,15.627157946628678,0.019657226200420652,9.0,0.5209052648876226
0.0,PFW_diminishing,diminishing,831.0,0.019891023635864258,15.627164790130793,0.013935894324513143,9.0,0.5209054930043597
0.0,PFW_diminishing,diminishing,832.0,0.019915103912353516,15.627157881239178,0.01962290587084503,9.0,0.5209052627079725
0.0,PFW_diminishing,diminishing,833.0,0.01994013786315918,15.627164708525736,0.013908459272613527,9.0,0.5209054902841912
0.0,PFW_diminishing,diminishing,834.0,0.019964933395385742,15.627179335881229,0.019588750204022176,9.0,0.5209059778627076
0.0,PFW_diminishing,diminishing,835.0,0.019989013671875,15.627164627489197,0.018512547505945776,9.0,0.5209054875829733
0.0,PFW_diminishing,diminishing,836.0,0.020013093948364258,15.627157690961651,0.01953873498482217,9.0,0.5209052563653883
0.0,PFW_diminishing,diminishing,837.0,0.02003788948059082,15.627164546934903,0.013812294686623261,9.0,0.5209054848978301
0.0,PFW_diminishing,diminishing,838.0,0.020061969757080078,15.627157627094805,0.019504904962893477,9.0,0.5209052542364935
0.0,PFW_diminishing,diminishing,839.0,0.020083904266357422,15.627164466934813,0.01378525157879018,9.0,0.5209054822311604
0.0,PFW_diminishing,diminishing,840.0,0.02010798454284668,15.627178768788124,0.019471236091570532,9.0,0.5209059589596041
0.0,PFW_diminishing,diminishing,841.0,0.02013111114501953,15.627164387477123,0.018352674772325273,9.0,0.5209054795825707
0.0,PFW_diminishing,diminishing,842.0,0.020154953002929688,15.627157441101165,0.01942193157633021,9.0,0.5209052480367055
0.0,PFW_diminishing,diminishing,843.0,0.020179033279418945,15.627164308499406,0.013690454989253809,9.0,0.5209054769499802
0.0,PFW_diminishing,diminishing,844.0,0.02020096778869629,15.627157378712216,0.019388581429685914,9.0,0.5209052459570739
0.0,PFW_diminishing,diminishing,845.0,0.020225048065185547,15.627164230060929,0.013663795486051455,9.0,0.5209054743353643
0.0,PFW_diminishing,diminishing,846.0,0.0202481746673584,15.62717821412053,0.0193553890206708,9.0,0.5209059404706843
0.0,PFW_diminishing,diminishing,847.0,0.02027297019958496,15.627164152139715,0.018195071857796563,9.0,0.5209054717379905
0.0,PFW_diminishing,diminishing,848.0,0.02029585838317871,15.627157196878668,0.019306780167964277,9.0,0.5209052398959556
0.0,PFW_diminishing,diminishing,849.0,0.020318984985351562,15.627164074696191,0.013570337908573649,9.0,0.5209054691565397
0.0,PFW_diminishing,diminishing,850.0,0.020342111587524414,15.627157135924465,0.01927389975810101,9.0,0.5209052378641489
0.0,PFW_diminishing,diminishing,851.0,0.020364999771118164,15.62716399777746,0.013544053905480524,9.0,0.520905466592582
0.0,PFW_diminishing,diminishing,852.0,0.02038884162902832,15.627177671524567,0.019241173768604014,9.0,0.5209059223841522
0.0,PFW_diminishing,diminishing,853.0,0.020412921905517578,15.627163921351777,0.01803969076467027,9.0,0.5209054640450592
0.0,PFW_diminishing,diminishing,854.0,0.02043604850769043,15.627156958131609,0.019193245958463834,9.0,0.5209052319377203
0.0,PFW_diminishing,diminishing,855.0,0.02045893669128418,15.62716384540151,0.013451907168725796,9.0,0.5209054615133837
0.0,PFW_diminishing,diminishing,856.0,0.02048206329345703,15.627156898570538,0.01916082543050024,9.0,0.5209052299523512
0.0,PFW_diminishing,diminishing,857.0,0.020505905151367188,15.627163769962065,0.013425990787917286,9.0,0.5209054589987355
0.0,PFW_diminishing,diminishing,858.0,0.020529985427856445,15.627177140658757,0.019128556097996352,9.0,0.5209059046886252
0.0,PFW_diminishing,diminishing,859.0,0.02055191993713379,15.627163694992358,0.01788648483905675,9.0,0.5209054564997453
0.0,PFW_diminishing,diminishing,860.0,0.020576000213623047,15.627156724703173,0.01908129511727097,9.0,0.5209052241567724
0.0,PFW_diminishing,diminishing,861.0,0.02060103416442871,15.627163620495777,0.013335127505305522,9.0,0.5209054540165259
0.0,PFW_diminishing,diminishing,862.0,0.020626068115234375,15.627176827243263,0.019049324890069386,9.0,0.5209058942414421
0.0,PFW_diminishing,diminishing,863.0,0.020648956298828125,15.627163546514883,0.017795332792841734,9.0,0.5209054515504961
0.0,PFW_diminishing,diminishing,864.0,0.02067399024963379,15.627156553494585,0.019002500839585323,9.0,0.5209052184498195
0.0,PFW_diminishing,diminishing,865.0,0.02069711685180664,15.627163472944767,0.013245105226788567,9.0,0.520905449098159
0.0,PFW_diminishing,diminishing,866.0,0.02072000503540039,15.627156496188176,0.018970825578263018,9.0,0.5209052165396059
0.0,PFW_diminishing,diminishing,867.0,0.02074289321899414,15.627163399863335,0.01321978467702678,9.0,0.5209054466621111
0.0,PFW_diminishing,diminishing,868.0,0.020766019821166992,15.627176314962384,0.018939296334410827,9.0,0.5209058771654128
0.0,PFW_diminishing,diminishing,869.0,0.02079010009765625,15.627163327274848,0.017645651496460246,9.0,0.520905444242495
0.0,PFW_diminishing,diminishing,870.0,0.020814180374145508,15.627156328720524,0.018893116289804723,9.0,0.5209052109573508
0.0,PFW_diminishing,diminishing,871.0,0.02083611488342285,15.627163255095681,0.013131001876173443,9.0,0.5209054418365227
0.0,PFW_diminishing,diminishing,872.0,0.020859956741333008,15.627156272703008,0.018861875944139683,9.0,0.5209052090901003
0.0,PFW_diminishing,diminishing,873.0,0.02088308334350586,15.627163183392437,0.01310602899009261,9.0,0.5209054394464145
0.0,PFW_diminishing,diminishing,874.0,0.020906925201416016,15.627175813561227,0.01883077862209781,9.0,0.5209058604520409
0.0,PFW_diminishing,diminishing,875.0,0.020931005477905273,15.627163112160222,0.017498027184304377,9.0,0.5209054370720074
0.0,PFW_diminishing,diminishing,876.0,0.02095317840576172,15.627156108871505,0.01878522938794802,9.0,0.5209052036290501
0.0,PFW_diminishing,diminishing,877.0,0.020975828170776367,15.627163041335837,0.013018460243392482,9.0,0.5209054347111945
0.0,PFW_diminishing,diminishing,878.0,0.02099895477294922,15.627156054106385,0.0187544150616894,9.0,0.5209052018035462
0.0,PFW_diminishing,diminishing,879.0,0.021023988723754883,15.62716297097505,0.01299382790949899,9.0,0.520905432365835
0.0,PFW_diminishing,diminishing,880.0,0.021047115325927734,15.627175322739559,0.01872374084649131,9.0,0.5209058440913187
0.0,PFW_diminishing,diminishing,881.0,0.021070003509521484,15.62716290106414,0.01735241774444063,9.0,0.5209054300354714
0.0,PFW_diminishing,diminishing,882.0,0.021092891693115234,15.627155893809828,0.018678809585415124,9.0,0.5209051964603276
0.0,PFW_diminishing,diminishing,883.0,0.021116018295288086,15.627162831559572,0.01290744848399683,9.0,0.5209054277186523
0.0,PFW_diminishing,diminishing,884.0,0.021140098571777344,15.627155840261851,0.018648412623299748,9.0,0.5209051946753951
0.0,PFW_diminishing,diminishing,885.0,0.0211641788482666,15.62716276250666,0.012883149783450065,9.0,0.5209054254168887
0.0,PFW_diminishing,diminishing,886.0,0.021186113357543945,15.627174842207369,0.01861815293824698,9.0,0.520905828073579
0.0,PFW_diminishing,diminishing,887.0,0.021209239959716797,15.627162693883248,0.017208782206656892,9.0,0.5209054231294415
0.0,PFW_diminishing,diminishing,888.0,0.021231889724731445,15.627155683402512,0.018573827158848033,9.0,0.5209051894467503
0.0,PFW_diminishing,diminishing,889.0,0.02125692367553711,15.627162625664653,0.012797935613491518,9.0,0.5209054208554884
0.0,PFW_diminishing,diminishing,890.0,0.02128005027770996,15.627155631037645,0.01854383913850377,9.0,0.5209051877012548
0.0,PFW_diminishing,diminishing,891.0,0.021301984786987305,15.627162557886168,0.012773963813611289,9.0,0.5209054185962055
0.0,PFW_diminishing,diminishing,892.0,0.021326065063476562,15.627174371684431,0.01851398563712081,9.0,0.5209058123894811
0.0,PFW_diminishing,diminishing,893.0,0.021348953247070312,15.627162490517529,0.0170670807040203,9.0,0.5209054163505843
0.0,PFW_diminishing,diminishing,894.0,0.02137303352355957,15.627155477521093,0.018470253182412577,9.0,0.5209051825840364
0.0,PFW_diminishing,diminishing,895.0,0.021397113800048828,15.62716242355217,0.01268989147845545,9.0,0.5209054141184056
0.0,PFW_diminishing,diminishing,896.0,0.021419048309326172,15.627174093835604,0.01844066590654414,9.0,0.5209058031278535
0.0,PFW_diminishing,diminishing,897.0,0.021442174911499023,15.627162357036214,0.016982735991065923,9.0,0.5209054119012071
0.0,PFW_diminishing,diminishing,898.0,0.021465063095092773,15.627155326271108,0.018397322475504296,9.0,0.5209051775423703
0.0,PFW_diminishing,diminishing,899.0,0.021489858627319336,15.627162290870396,0.01260656784158698,9.0,0.5209054096956799
0.0,PFW_diminishing,diminishing,900.0,0.021513938903808594,15.627155275823826,0.01836799787979615,9.0,0.5209051758607942
0.0,PFW_diminishing,diminishing,901.0,0.021543025970458984,15.627162225126334,0.012583126437123227,9.0,0.5209054075042111
0.0,PFW_diminishing,diminishing,902.0,0.021567106246948242,15.627173639192893,0.018338803368296297,9.0,0.5209057879730964
0.0,PFW_diminishing,diminishing,903.0,0.021589994430541992,15.627162159812489,0.016844171758407356,9.0,0.520905405327083
0.0,PFW_diminishing,diminishing,904.0,0.02161407470703125,15.627155127765086,0.018296033712521975,9.0,0.5209051709255028
0.0,PFW_diminishing,diminishing,905.0,0.021637916564941406,15.627162094847888,0.01250090697342543,9.0,0.5209054031615963
0.0,PFW_diminishing,diminishing,906.0,0.021661043167114258,15.627155078415454,0.018267096679721817,9.0,0.5209051692805151
0.0,PFW_diminishing,diminishing,907.0,0.021683931350708008,15.627162030294468,0.012477775378913591,9.0,0.5209054010098156
0.0,PFW_diminishing,diminishing,908.0,0.02170705795288086,15.627173193859855,0.018238287163400813,9.0,0.5209057731286618
0.0,PFW_diminishing,diminishing,909.0,0.021732091903686523,15.627161966152721,0.016707440372398352,9.0,0.5209053988717574
0.0,PFW_diminishing,diminishing,910.0,0.021754980087280273,15.62715493346175,0.018196079964519996,9.0,0.520905164448725
0.0,PFW_diminishing,diminishing,911.0,0.021777868270874023,15.627161902359319,0.012396638284904782,9.0,0.5209053967453107
0.0,PFW_diminishing,diminishing,912.0,0.021800994873046875,15.627154885179769,0.018167522861885388,9.0,0.5209051628393256
0.0,PFW_diminishing,diminishing,913.0,0.021824121475219727,15.62716183896684,0.01237381039889307,9.0,0.520905394632228
0.0,PFW_diminishing,diminishing,914.0,0.02184915542602539,15.627172757588905,0.01813909077515241,9.0,0.5209057585862968
0.0,PFW_diminishing,diminishing,915.0,0.021872997283935547,15.627161775968139,0.016572505706738738,9.0,0.5209053925322713
0.0,PFW_diminishing,diminishing,916.0,0.02189493179321289,15.627154743247761,0.018097435010513863,9.0,0.5209051581082587
0.0,PFW_diminishing,diminishing,917.0,0.02191901206970215,15.627161713316848,0.012293734441357174,9.0,0.520905390443895
0.0,PFW_diminishing,diminishing,918.0,0.021942138671875,15.627154696004423,0.018069250404419535,9.0,0.5209051565334808
0.0,PFW_diminishing,diminishing,919.0,0.021966218948364258,15.62716165105655,0.012271204321578466,9.0,0.5209053883685517
0.0,PFW_diminishing,diminishing,920.0,0.021989822387695312,15.627172330140594,0.01804118837860713,9.0,0.5209057443380198
0.0,PFW_diminishing,diminishing,921.0,0.022011995315551758,15.62716158917276,0.016439332578347177,9.0,0.5209053863057587
0.0,PFW_diminishing,diminishing,922.0,0.022036075592041016,15.627154557013515,0.018000073311723597,9.0,0.5209051519004505
0.0,PFW_diminishing,diminishing,923.0,0.022058963775634766,15.627161527635414,0.01219216881909091,9.0,0.5209053842545138
0.0,PFW_diminishing,diminishing,924.0,0.022083044052124023,15.627154510780779,0.017972253961223927,9.0,0.5209051503593592
0.0,PFW_diminishing,diminishing,925.0,0.02210688591003418,15.627161466479441,0.012169930677272234,9.0,0.5209053822159814
0.0,PFW_diminishing,diminishing,926.0,0.022128820419311523,15.627171911283254,0.017944554818233982,9.0,0.5209057303761084
0.0,PFW_diminishing,diminishing,927.0,0.02215290069580078,15.627161405683287,0.016307886716759867,9.0,0.5209053801894429
0.0,PFW_diminishing,diminishing,928.0,0.022175073623657227,15.627154374652989,0.017903969989532698,9.0,0.5209051458217663
0.0,PFW_diminishing,diminishing,929.0,0.02220010757446289,15.627161345232588,0.01209191548238131,9.0,0.5209053781744196
0.0,PFW_diminishing,diminishing,930.0,0.022223949432373047,15.627154329403737,0.017876508840146244,9.0,0.5209051443134579
0.0,PFW_diminishing,diminishing,931.0,0.02224588394165039,15.627161285153953,0.012069963679312679,9.0,0.5209053761717984
0.0,PFW_diminishing,diminishing,932.0,0.02226996421813965,15.627171500792725,0.017849165586332205,9.0,0.5209057166930908
0.0,PFW_diminishing,diminishing,933.0,0.0222930908203125,15.627161225419012,0.016178134734760263,9.0,0.5209053741806338
0.0,PFW_diminishing,diminishing,934.0,0.022317171096801758,15.627154196063644,0.017809100804297984,9.0,0.5209051398687882
0.0,PFW_diminishing,diminishing,935.0,0.022341012954711914,15.627161166028523,0.011992949161395927,9.0,0.5209053722009508
0.0,PFW_diminishing,diminishing,936.0,0.022362947463989258,15.627171258348833,0.017781990982030038,9.0,0.5209057086116278
0.0,PFW_diminishing,diminishing,937.0,0.022385835647583008,15.627161107015196,0.016100865621508476,9.0,0.5209053702338399
0.0,PFW_diminishing,diminishing,938.0,0.02240896224975586,15.627154064616006,0.01774226742115026,9.0,0.5209051354872002
0.0,PFW_diminishing,diminishing,939.0,0.022433996200561523,15.627161048301865,0.011916591252708386,9.0,0.5209053682767288
0.0,PFW_diminishing,diminishing,940.0,0.022457122802734375,15.627154020963333,0.017715388053893832,9.0,0.5209051340321111
0.0,PFW_diminishing,diminishing,941.0,0.022480010986328125,15.627160989945754,0.011895104569788373,9.0,0.5209053663315252
0.0,PFW_diminishing,diminishing,942.0,0.022502899169921875,15.627170861152457,0.01768862285912931,9.0,0.5209056953717486
0.0,PFW_diminishing,diminishing,943.0,0.022526025772094727,15.627160931951035,0.015973864544395866,9.0,0.5209053643983679
0.0,PFW_diminishing,diminishing,944.0,0.02255105972290039,15.62715389218209,0.017649402930981495,9.0,0.520905129739403
0.0,PFW_diminishing,diminishing,945.0,0.022574186325073242,15.627160874255813,0.011819715722580781,9.0,0.5209053624751937
0.0,PFW_diminishing,diminishing,946.0,0.02259683609008789,15.627153849444626,0.017622863820221824,9.0,0.5209051283148208
0.0,PFW_diminishing,diminishing,947.0,0.022619962692260742,15.627160816909235,0.011798501033174702,9.0,0.5209053605636412
0.0,PFW_diminishing,diminishing,948.0,0.022643089294433594,15.627170471761788,0.01759643672302147,9.0,0.5209056823920596
0.0,PFW_diminishing,diminishing,949.0,0.022668123245239258,15.62716075990881,0.015848472425007643,9.0,0.520905358663627
0.0,PFW_diminishing,diminishing,950.0,0.022697925567626953,15.62715372326065,0.017557710910059754,9.0,0.5209051241086883
0.0,PFW_diminishing,diminishing,951.0,0.02272486686706543,15.627146885699728,0.011736138463135148,9.0,0.5209048961899909
0.0,PFW_diminishing,diminishing,952.0,0.022749900817871094,15.627174497337569,0.012390868010383471,9.0,0.5209058165779189
0.0,PFW_diminishing,diminishing,953.0,0.02277398109436035,15.62714684830026,0.019290152267920746,9.0,0.520904894943342
0.0,PFW_diminishing,diminishing,954.0,0.02279806137084961,15.627174402311754,0.0123525043405035,9.0,0.5209058134103918
0.0,PFW_diminishing,diminishing,955.0,0.02282094955444336,15.62714681119518,0.01926497534186211,9.0,0.5209048937065061
0.0,PFW_diminishing,diminishing,956.0,0.02284383773803711,15.627174307820068,0.0123143012127791,9.0,0.520905810260669
0.0,PFW_diminishing,diminishing,957.0,0.02286696434020996,15.627146774381787,0.019239903758894172,9.0,0.5209048924793929
0.0,PFW_diminishing,diminishing,958.0,0.02289104461669922,15.627174213858325,0.012276257621579134,9.0,0.5209058071286108
0.0,PFW_diminishing,diminishing,959.0,0.022915124893188477,15.6271467378574,0.01921493685924247,9.0,0.5209048912619133
0.0,PFW_diminishing,diminishing,960.0,0.02293705940246582,15.627174120422369,0.012238372569632006,9.0,0.5209058040140789
0.0,PFW_diminishing,diminishing,961.0,0.022960901260375977,15.627146701619386,0.01919007398864636,9.0,0.5209048900539796
0.0,PFW_diminishing,diminishing,962.0,0.022984027862548828,15.627174027508087,0.012200645068002558,9.0,0.5209058009169362
0.0,PFW_diminishing,diminishing,963.0,0.023011207580566406,15.627146665665116,0.019165314498273744,9.0,0.5209048888555039
0.0,PFW_diminishing,diminishing,964.0,0.02303481101989746,15.62717393511141,0.012163074135914442,9.0,0.5209057978370469
0.0,PFW_diminishing,diminishing,965.0,0.023060083389282227,15.627146629992016,0.019140657744683764,9.0,0.5209048876664005
0.0,PFW_diminishing,diminishing,966.0,0.023084163665771484,15.627173843228308,0.012125658800766104,9.0,0.5209057947742769
0.0,PFW_diminishing,diminishing,967.0,0.023106098175048828,15.627146594597518,0.019116103089761083,9.0,0.520904886486584
0.0,PFW_diminishing,diminishing,968.0,0.02312922477722168,15.627173751854798,0.012088398097954922,9.0,0.5209057917284933
0.0,PFW_diminishing,diminishing,969.0,0.023151874542236328,15.627146559479101,0.01909164990067147,9.0,0.52090488531597
0.0,PFW_diminishing,diminishing,970.0,0.023176908493041992,15.627173660986921,0.012051291070850567,9.0,0.520905788699564
0.0,PFW_diminishing,diminishing,971.0,0.023200035095214844,15.627146524634254,0.019067297549783646,9.0,0.5209048841544751
0.0,PFW_diminishing,diminishing,972.0,0.023223161697387695,15.627173570620778,0.01201433677070085,9.0,0.5209057856873592
0.0,PFW_diminishing,diminishing,973.0,0.023246049880981445,15.627146490060507,0.019043045414651516,9.0,0.5209048830020169
0.0,PFW_diminishing,diminishing,974.0,0.023268938064575195,15.627173480752484,0.011977534256544686,9.0,0.5209057826917495
0.0,PFW_diminishing,diminishing,975.0,0.02329397201538086,15.627146455755401,0.019018892877920024,9.0,0.5209048818585134
0.0,PFW_diminishing,diminishing,976.0,0.02331709861755371,15.62717339137821,0.011940882595130375,9.0,0.520905779712607
0.0,PFW_diminishing,diminishing,977.0,0.023339033126831055,15.627146421716525,0.018994839327319823,9.0,0.5209048807238842
0.0,PFW_diminishing,diminishing,978.0,0.023362159729003906,15.62717330249416,0.011904380860837449,9.0,0.5209057767498053
0.0,PFW_diminishing,diminishing,979.0,0.023385047912597656,15.627146387941476,0.018970884155571355,9.0,0.5209048795980492
0.0,PFW_diminishing,diminishing,980.0,0.02340984344482422,15.627173214096578,0.011868028135632258,9.0,0.5209057738032192
0.0,PFW_diminishing,diminishing,981.0,0.02343297004699707,15.627146354427879,0.018947026760351093,9.0,0.5209048784809293
0.0,PFW_diminishing,diminishing,982.0,0.023454904556274414,15.627173126181736,0.01183182350891343,9.0,0.5209057708727245
0.0,PFW_diminishing,diminishing,983.0,0.023478984832763672,15.627146321173395,0.0189232665442578,9.0,0.5209048773724465
0.0,PFW_diminishing,diminishing,984.0,0.023501157760620117,15.627173038745953,0.011795766077526082,9.0,0.5209057679581984
0.0,PFW_diminishing,diminishing,985.0,0.02352595329284668,15.627146288175696,0.018899602914732583,9.0,0.5209048762725232
0.0,PFW_diminishing,diminishing,986.0,0.02354907989501953,15.627172951785571,0.011759854945614379,9.0,0.520905765059519
0.0,PFW_diminishing,diminishing,987.0,0.023571014404296875,15.627146255432494,0.018876035284026926,9.0,0.5209048751810832
0.0,PFW_diminishing,diminishing,988.0,0.023595094680786133,15.62717286529698,0.011724089224601997,9.0,0.520905762176566
0.0,PFW_diminishing,diminishing,989.0,0.023617982864379883,15.627146222941512,0.018852563069156503,9.0,0.5209048740980504
0.0,PFW_diminishing,diminishing,990.0,0.02364182472229004,15.627172779276602,0.011688468033064225,9.0,0.5209057593092201
0.0,PFW_diminishing,diminishing,991.0,0.023665904998779297,15.627146190700508,0.018829185691847883,9.0,0.5209048730233502
0.0,PFW_diminishing,diminishing,992.0,0.023688077926635742,15.627172693720889,0.011652990496727966,9.0,0.5209057564573629
0.0,PFW_diminishing,diminishing,993.0,0.023710966110229492,15.627146158707257,0.018805902578488798,9.0,0.5209048719569086
0.0,PFW_diminishing,diminishing,994.0,0.023734092712402344,15.627172608626331,0.011617655748311861,9.0,0.5209057536208778
0.0,PFW_diminishing,diminishing,995.0,0.0237581729888916,15.627146126959556,0.0187827131600784,9.0,0.5209048708986519
0.0,PFW_diminishing,diminishing,996.0,0.023782014846801758,15.627172523989447,0.011582462927535175,9.0,0.5209057507996483
0.0,PFW_diminishing,diminishing,997.0,0.0238039493560791,15.627146095455227,0.018759616872198848,9.0,0.5209048698485076
0.0,PFW_diminishing,diminishing,998.0,0.02382802963256836,15.6271724398068,0.011547411181005884,9.0,0.52090574799356
0.0,PFW_diminishing,diminishing,999.0,0.023849964141845703,15.627146064192123,0.018736613154938908,9.0,0.5209048688064041
0.0,PFW_diminishing,diminishing,1000.0,0.023874998092651367,15.627172356074976,0.011512499662133635,9.0,0.5209057452024992
0.0,PFW_diminishing,diminishing,1001.0,0.023898839950561523,15.627146033168104,0.01871370145287976,9.0,0.5209048677722702
0.0,PFW_diminishing,diminishing,1002.0,0.02392101287841797,15.6271722727906,0.011477727531138626,9.0,0.5209057424263533
0.0,PFW_diminishing,diminishing,1003.0,0.02394390106201172,15.627146002381076,0.0186908812150417,9.0,0.5209048667460359
0.0,PFW_diminishing,diminishing,1004.0,0.02396702766418457,15.627172189950322,0.01144309395488996,9.0,0.5209057396650107
0.0,PFW_diminishing,diminishing,1005.0,0.023992061614990234,15.62714597182894,0.01866815189481663,9.0,0.5209048657276313
0.0,PFW_diminishing,diminishing,1006.0,0.024015188217163086,15.62717210755083,0.011408598106893209,9.0,0.5209057369183611
0.0,PFW_diminishing,diminishing,1007.0,0.024036884307861328,15.627145941509635,0.01864551294995742,9.0,0.5209048647169878
0.0,PFW_diminishing,diminishing,1008.0,0.024060964584350586,15.627172025588838,0.011374239167240674,9.0,0.5209057341862946
0.0,PFW_diminishing,diminishing,1009.0,0.02408289909362793,15.627145911421119,0.01862296384251927,9.0,0.5209048637140373
0.0,PFW_diminishing,diminishing,1010.0,0.024108171463012695,15.627171944061102,0.011340016322472835,9.0,0.5209057314687034
0.0,PFW_diminishing,diminishing,1011.0,0.024131059646606445,15.627145881561372,0.018600504038815302,9.0,0.5209048627187124
0.0,PFW_diminishing,diminishing,1012.0,0.0241549015045166,15.627171862964401,0.011305928765608542,9.0,0.52090572876548
0.0,PFW_diminishing,diminishing,1013.0,0.024179935455322266,15.627145851928391,0.01857813300937572,9.0,0.5209048617309464
0.0,PFW_diminishing,diminishing,1014.0,0.02420520782470703,15.627171782295543,0.011271975696004688,9.0,0.5209057260765181
0.0,PFW_diminishing,diminishing,1015.0,0.024228811264038086,15.627145822520196,0.018555850228910487,9.0,0.5209048607506732
0.0,PFW_diminishing,diminishing,1016.0,0.024251937866210938,15.627171702051363,0.011238156319336667,9.0,0.5209057234017122
0.0,PFW_diminishing,diminishing,1017.0,0.02427506446838379,15.627145793334833,0.018533655176268482,9.0,0.5209048597778277
0.0,PFW_diminishing,diminishing,1018.0,0.02429795265197754,15.627171622228738,0.01120446984751311,9.0,0.520905720740958
0.0,PFW_diminishing,diminishing,1019.0,0.02432107925415039,15.62714576437036,0.018511547334387757,9.0,0.5209048588123453
0.0,PFW_diminishing,diminishing,1020.0,0.02434515953063965,15.62717154282457,0.011170915498626144,9.0,0.5209057180941523
0.0,PFW_diminishing,diminishing,1021.0,0.024369001388549805,15.627145735624858,0.018489526190267114,9.0,0.520904857854162
0.0,PFW_diminishing,diminishing,1022.0,0.02439093589782715,15.627171463835781,0.011137492496903434,9.0,0.5209057154611927
0.0,PFW_diminishing,diminishing,1023.0,0.024415016174316406,15.627145707096426,0.01846759123492525,9.0,0.5209048569032142
0.0,PFW_diminishing,diminishing,1024.0,0.024438142776489258,15.627171385259329,0.011104200072617587,9.0,0.5209057128419776
0.0,PFW_diminishing,diminishing,1025.0,0.024462223052978516,15.627145678783188,0.01844574196333859,9.0,0.5209048559594396
0.0,PFW_diminishing,diminishing,1026.0,0.02448582649230957,15.627171307092205,0.01107103746204352,9.0,0.5209057102364069
0.0,PFW_diminishing,diminishing,1027.0,0.024507999420166016,15.627145650683282,0.01842397787443595,9.0,0.5209048550227761
0.0,PFW_diminishing,diminishing,1028.0,0.024532079696655273,15.627171229331417,0.01103800390742471,9.0,0.5209057076443806
0.0,PFW_diminishing,diminishing,1029.0,0.024554014205932617,15.627145622794869,0.018402298471052347,9.0,0.5209048540931623
0.0,PFW_diminishing,diminishing,1030.0,0.02457904815673828,15.627171151974009,0.011005098656857726,9.0,0.5209057050658003
0.0,PFW_diminishing,diminishing,1031.0,0.024602890014648438,15.627145595116126,0.01838070325986685,9.0,0.5209048531705375
0.0,PFW_diminishing,diminishing,1032.0,0.02462482452392578,15.627171075017047,0.01097232096429579,9.0,0.5209057025005682
0.0,PFW_diminishing,diminishing,1033.0,0.02464890480041504,15.62714556764525,0.018359191751393666,9.0,0.5209048522548417
0.0,PFW_diminishing,diminishing,1034.0,0.02467203140258789,15.627170998457636,0.010939670089438636,9.0,0.5209056999485878
0.0,PFW_diminishing,diminishing,1035.0,0.02469611167907715,15.627145540380459,0.01833776345992888,9.0,0.5209048513460153
0.0,PFW_diminishing,diminishing,1036.0,0.02471923828125,15.627170922292894,0.010907145297725407,9.0,0.5209056974097631
0.0,PFW_diminishing,diminishing,1037.0,0.02474188804626465,15.627145513319983,0.018316417903527338,9.0,0.5209048504439994
0.0,PFW_diminishing,diminishing,1038.0,0.024765968322753906,15.627170846519972,0.010874745860265378,9.0,0.5209056948839991
0.0,PFW_diminishing,diminishing,1039.0,0.024789094924926758,15.627145486462071,0.018295154603945818,9.0,0.5209048495487357
0.0,PFW_diminishing,diminishing,1040.0,0.024813175201416016,15.627170771136043,0.010842471053731373,9.0,0.5209056923712014
0.0,PFW_diminishing,diminishing,1041.0,0.02483677864074707,15.627145459805002,0.01827397308663059,9.0,0.5209048486601667
0.0,PFW_diminishing,diminishing,1042.0,0.024858951568603516,15.627170696138315,0.010810320160393516,9.0,0.5209056898712772
0.0,PFW_diminishing,diminishing,1043.0,0.024883031845092773,15.627145433347053,0.018252872880669457,9.0,0.5209048477782351
0.0,PFW_diminishing,diminishing,1044.0,0.024904966354370117,15.627170621524009,0.010778292468010875,9.0,0.5209056873841337
0.0,PFW_diminishing,diminishing,1045.0,0.02493000030517578,15.62714540708653,0.01823185351874912,9.0,0.5209048469028843
0.0,PFW_diminishing,diminishing,1046.0,0.02495408058166504,15.62717054729038,0.01074638726978705,9.0,0.5209056849096794
0.0,PFW_diminishing,diminishing,1047.0,0.0249788761138916,15.627145381021755,0.01821091453714274,9.0,0.5209048460340585
0.0,PFW_diminishing,diminishing,1048.0,0.025002002716064453,15.62717047343471,0.010714603864322214,9.0,0.5209056824478236
0.0,PFW_diminishing,diminishing,1049.0,0.025023937225341797,15.62714535515107,0.018190055475660216,9.0,0.5209048451717023
0.0,PFW_diminishing,diminishing,1050.0,0.025049209594726562,15.627170399954299,0.01068294155555094,9.0,0.5209056799984766
0.0,PFW_diminishing,diminishing,1051.0,0.025072813034057617,15.627145329472826,0.01816927587761441,9.0,0.5209048443157609
0.0,PFW_diminishing,diminishing,1052.0,0.025094985961914062,15.62717032684648,0.010651399652729765,9.0,0.5209056775615494
0.0,PFW_diminishing,diminishing,1053.0,0.025117874145507812,15.627145303985394,0.01814857528978564,9.0,0.5209048434661798
0.0,PFW_diminishing,diminishing,1054.0,0.025141000747680664,15.627170254108593,0.010619977470327058,9.0,0.5209056751369531
0.0,PFW_diminishing,diminishing,1055.0,0.025164127349853516,15.627145278687163,0.018127953262412788,9.0,0.5209048426229054
0.0,PFW_diminishing,diminishing,1056.0,0.02519083023071289,15.627170181738029,0.010588674328019465,9.0,0.520905672724601
0.0,PFW_diminishing,diminishing,1057.0,0.02521491050720215,15.627145253576535,0.01810740934912758,9.0,0.5209048417858845
0.0,PFW_diminishing,diminishing,1058.0,0.025238037109375,15.627170109732171,0.01055748955064395,9.0,0.5209056703244057
0.0,PFW_diminishing,diminishing,1059.0,0.025262117385864258,15.627145228651937,0.018086943106933262,9.0,0.5209048409550646
0.0,PFW_diminishing,diminishing,1060.0,0.025285005569458008,15.627152954497607,0.010526422468100094,9.0,0.5209050984832536
0.0,PFW_diminishing,diminishing,1061.0,0.025307893753051758,15.627149536570883,0.009418681667016315,9.0,0.5209049845523628
0.0,PFW_diminishing,diminishing,1062.0,0.025330066680908203,15.627162697951237,0.011428247981669415,9.0,0.5209054232650412
0.0,PFW_diminishing,diminishing,1063.0,0.02535390853881836,15.62714950112022,0.012783809942893853,9.0,0.520904983370674
0.0,PFW_diminishing,diminishing,1064.0,0.025377988815307617,15.627162637897161,0.011397392511836912,9.0,0.5209054212632387
0.0,PFW_diminishing,diminishing,1065.0,0.025402069091796875,15.62714946589175,0.012763595835318498,9.0,0.5209049821963917
0.0,PFW_diminishing,diminishing,1066.0,0.025424957275390625,15.627162578156932,0.011366652838329827,9.0,0.5209054192718977
0.0,PFW_diminishing,diminishing,1067.0,0.025449037551879883,15.627149430883732,0.01274345757858697,9.0,0.5209049810294577
0.0,PFW_diminishing,diminishing,1068.0,0.02547311782836914,15.627162518728289,0.011336028310534374,9.0,0.520905417290943
0.0,PFW_diminishing,diminishing,1069.0,0.02549600601196289,15.627149396094437,0.012723394746569028,9.0,0.5209049798698145
0.0,PFW_diminishing,diminishing,1070.0,0.025519132614135742,15.627145335318021,0.011314324509314133,9.0,0.5209048445106007
0.0,PFW_diminishing,diminishing,1071.0,0.0255429744720459,15.627153702324144,0.008125466347056687,9.0,0.5209051234108047
0.0,PFW_diminishing,diminishing,1072.0,0.025567054748535156,15.627145303831513,0.013987102414040109,9.0,0.5209048434610505
0.0,PFW_diminishing,diminishing,1073.0,0.025589942932128906,15.627153655344125,0.008105574191885623,9.0,0.5209051218448042
0.0,PFW_diminishing,diminishing,1074.0,0.025613069534301758,15.627145272534811,0.01396469571553638,9.0,0.5209048424178271
0.0,PFW_diminishing,diminishing,1075.0,0.02563786506652832,15.627153608611039,0.008085756096457786,9.0,0.5209051202870346
0.0,PFW_diminishing,diminishing,1076.0,0.025661945343017578,15.62714524142644,0.013942372342352627,9.0,0.5209048413808813
0.0,PFW_diminishing,diminishing,1077.0,0.02568507194519043,15.627153562123112,0.00806601164794607,9.0,0.5209051187374371
0.0,PFW_diminishing,diminishing,1078.0,0.025707006454467773,15.627145210504967,0.013920131830571947,9.0,0.5209048403501656
0.0,PFW_diminishing,diminishing,1079.0,0.025730133056640625,15.627153515878591,0.00804634043659469,9.0,0.520905117195953
0.0,PFW_diminishing,diminishing,1080.0,0.025753021240234375,15.627145179768949,0.013897973719673828,9.0,0.5209048393256316
0.0,PFW_diminishing,diminishing,1081.0,0.02577519416809082,15.627153469875731,0.008026742055674774,9.0,0.5209051156625244
0.0,PFW_diminishing,diminishing,1082.0,0.02579784393310547,15.627145149216972,0.013875897552582117,9.0,0.5209048383072324
0.0,PFW_diminishing,diminishing,1083.0,0.025821924209594727,15.6271534241128,0.008007216101461267,9.0,0.5209051141370933
0.0,PFW_diminishing,diminishing,1084.0,0.025846004486083984,15.62714511884763,0.013853902875560209,9.0,0.520904837294921
0.0,PFW_diminishing,diminishing,1085.0,0.025869131088256836,15.627153378588089,0.007987762173220503,9.0,0.5209051126196029
0.0,PFW_diminishing,diminishing,1086.0,0.025892972946166992,15.627145088659526,0.013831989238253684,9.0,0.5209048362886509
0.0,PFW_diminishing,diminishing,1087.0,0.02591705322265625,15.627153333299903,0.007968379873153353,9.0,0.5209051111099968
0.0,PFW_diminishing,diminishing,1088.0,0.025941133499145508,15.627145058651283,0.013810156193583722,9.0,0.5209048352883762
0.0,PFW_diminishing,diminishing,1089.0,0.02596306800842285,15.627153288246557,0.007949068806397008,9.0,0.5209051096082186
0.0,PFW_diminishing,diminishing,1090.0,0.025986194610595703,15.627145028821536,0.013788403297775531,9.0,0.5209048342940512
0.0,PFW_diminishing,diminishing,1091.0,0.026009082794189453,15.627153243426392,0.007929828580977016,9.0,0.5209051081142131
0.0,PFW_diminishing,diminishing,1092.0,0.026033878326416016,15.627144999168927,0.013766730110297942,9.0,0.5209048333056309
0.0,PFW_diminishing,diminishing,1093.0,0.02606201171875,15.627153198837753,0.007910658807798399,9.0,0.5209051066279251
0.0,PFW_diminishing,diminishing,1094.0,0.026084184646606445,15.62714496969212,0.013745136193845653,9.0,0.5209048323230706
0.0,PFW_diminishing,diminishing,1095.0,0.0261080265045166,15.627153154479002,0.007891559100603018,9.0,0.5209051051493001
0.0,PFW_diminishing,diminishing,1096.0,0.026129961013793945,15.627144940389783,0.013723621114309026,9.0,0.5209048313463261
0.0,PFW_diminishing,diminishing,1097.0,0.026153087615966797,15.627153110348525,0.007872529075958923,9.0,0.5209051036782841
0.0,PFW_diminishing,diminishing,1098.0,0.026175975799560547,15.6271449112606,0.013702184440738563,9.0,0.5209048303753534
0.0,PFW_diminishing,diminishing,1099.0,0.026198148727416992,15.62715306644471,0.007853568353208829,9.0,0.5209051022148237
0.0,PFW_diminishing,diminishing,1100.0,0.026223182678222656,15.627144882303263,0.01368082574531293,9.0,0.5209048294101087
0.0,PFW_diminishing,diminishing,1101.0,0.026247024536132812,15.62715302276596,0.007834676554489661,9.0,0.5209051007588653
0.0,PFW_diminishing,diminishing,1102.0,0.026279926300048828,15.627144853516484,0.013659544603337181,9.0,0.5209048284505494
0.0,PFW_diminishing,diminishing,1103.0,0.026304006576538086,15.627152979310702,0.007815853304659726,9.0,0.5209050993103568
0.0,PFW_diminishing,diminishing,1104.0,0.026327133178710938,15.627144824898984,0.01363834059317881,9.0,0.5209048274966328
0.0,PFW_diminishing,diminishing,1105.0,0.026351213455200195,15.627152936077369,0.007797098231304034,9.0,0.5209050978692457
0.0,PFW_diminishing,diminishing,1106.0,0.02637505531311035,15.627144796449487,0.013617213296258868,9.0,0.5209048265483163
0.0,PFW_diminishing,diminishing,1107.0,0.026396989822387695,15.627152893064412,0.007778410964697002,9.0,0.5209050964354804
0.0,PFW_diminishing,diminishing,1108.0,0.026420116424560547,15.627144768166746,0.013596162297021763,9.0,0.5209048256055582
0.0,PFW_diminishing,diminishing,1109.0,0.026443004608154297,15.627152850270292,0.007759791137782912,9.0,0.5209050950090097
0.0,PFW_diminishing,diminishing,1110.0,0.026467084884643555,15.627144740049506,0.01357518718291395,9.0,0.5209048246683169
0.0,PFW_diminishing,diminishing,1111.0,0.02649092674255371,15.627152807693486,0.0077412383861528156,9.0,0.5209050935897829
0.0,PFW_diminishing,diminishing,1112.0,0.026512861251831055,15.627144712096543,0.01355428754433774,9.0,0.5209048237365514
0.0,PFW_diminishing,diminishing,1113.0,0.026535987854003906,15.627152765332482,0.007722752348010786,9.0,0.5209050921777494
0.0,PFW_diminishing,diminishing,1114.0,0.026559114456176758,15.627144684306627,0.01353346297465663,9.0,0.5209048228102209
0.0,PFW_diminishing,diminishing,1115.0,0.026582956314086914,15.627152723185784,0.00770433266416326,9.0,0.5209050907728595
0.0,PFW_diminishing,diminishing,1116.0,0.026607036590576172,15.627144656678544,0.013512713070127802,9.0,0.5209048218892848
0.0,PFW_diminishing,diminishing,1117.0,0.026628971099853516,15.627152681251909,0.007685978977995944,9.0,0.5209050893750636
0.0,PFW_diminishing,diminishing,1118.0,0.026651859283447266,15.6271446292111,0.013492037429928772,9.0,0.5209048209737034
0.0,PFW_diminishing,diminishing,1119.0,0.026674985885620117,15.62715263952939,0.007667690935438287,9.0,0.520905087984313
0.0,PFW_diminishing,diminishing,1120.0,0.026699066162109375,15.627144601903105,0.013471435656065012,9.0,0.5209048200634369
0.0,PFW_diminishing,diminishing,1121.0,0.026722192764282227,15.627152598016762,0.007649468184949271,9.0,0.5209050866005588
0.0,PFW_diminishing,diminishing,1122.0,0.026745080947875977,15.627144574753379,0.013450907353403707,9.0,0.520904819158446
0.0,PFW_diminishing,diminishing,1123.0,0.026767969131469727,15.627152556712582,0.007631310377494316,9.0,0.5209050852237528
0.0,PFW_diminishing,diminishing,1124.0,0.026790857315063477,15.627144547760755,0.013430452129627568,9.0,0.5209048182586918
0.0,PFW_diminishing,diminishing,1125.0,0.026814937591552734,15.627152515615414,0.007613217166518638,9.0,0.5209050838538472
0.0,PFW_diminishing,diminishing,1126.0,0.026839017868041992,15.627144520924071,0.013410069595190421,9.0,0.5209048173641357
0.0,PFW_diminishing,diminishing,1127.0,0.02685999870300293,15.627152474723847,0.007595188207936587,9.0,0.5209050824907949
0.0,PFW_diminishing,diminishing,1128.0,0.026884078979492188,15.627151605507867,0.013391361899289578,9.0,0.520905053516929
0.0,PFW_diminishing,diminishing,1129.0,0.026906967163085938,15.627152434039516,0.007557222177265288,9.0,0.5209050811346505
0.0,PFW_diminishing,diminishing,1130.0,0.02692890167236328,15.62714444640795,0.013381551727876584,9.0,0.520904814880265
0.0,PFW_diminishing,diminishing,1131.0,0.02695298194885254,15.627152393536116,0.007559248812226471,9.0,0.5209050797845373
0.0,PFW_diminishing,diminishing,1132.0,0.026977062225341797,15.627144420051035,0.013361384914146512,9.0,0.5209048140017012
0.0,PFW_diminishing,diminishing,1133.0,0.02700209617614746,15.627152353234191,0.007541410608119747,9.0,0.5209050784411396
0.0,PFW_diminishing,diminishing,1134.0,0.02702498435974121,15.627151421679743,0.01334771745423069,9.0,0.5209050473893247
0.0,PFW_diminishing,diminishing,1135.0,0.02704787254333496,15.62715231312786,0.0075036482164350105,9.0,0.520905077104262
0.0,PFW_diminishing,diminishing,1136.0,0.027070999145507812,15.627144346812141,0.013333168356281178,9.0,0.5209048115604047
0.0,PFW_diminishing,diminishing,1137.0,0.027094125747680664,15.62715227320636,0.007505850671165604,9.0,0.5209050757735453
0.0,PFW_diminishing,diminishing,1138.0,0.027118206024169922,15.627144320924351,0.013313213856635642,9.0,0.5209048106974784
0.0,PFW_diminishing,diminishing,1139.0,0.027141809463500977,15.627152233482319,0.007488200210076457,9.0,0.5209050744494106
0.0,PFW_diminishing,diminishing,1140.0,0.027163982391357422,15.627151240942636,0.01330453309466506,9.0,0.5209050413647546
0.0,PFW_diminishing,diminishing,1141.0,0.027186870574951172,15.627152193942562,0.007450639278166804,9.0,0.5209050731314188
0.0,PFW_diminishing,diminishing,1142.0,0.027209997177124023,15.627144248934924,0.013285293858062985,9.0,0.5209048082978308
0.0,PFW_diminishing,diminishing,1143.0,0.02723407745361328,15.627152154591398,0.007453013753840665,9.0,0.5209050718197132
0.0,PFW_diminishing,diminishing,1144.0,0.02725815773010254,15.627151133010706,0.013269751514950912,9.0,0.5209050377670236
0.0,PFW_diminishing,diminishing,1145.0,0.02727985382080078,15.627152115432638,0.007415621397973027,9.0,0.5209050705144213
0.0,PFW_diminishing,diminishing,1146.0,0.027302980422973633,15.6271441777908,0.013257568982851353,9.0,0.52090480592636
0.0,PFW_diminishing,diminishing,1147.0,0.027325868606567383,15.627152076449473,0.007418073080211585,9.0,0.5209050692149825
0.0,PFW_diminishing,diminishing,1148.0,0.02735114097595215,15.627144152667965,0.013237960950846173,9.0,0.5209048050889321
0.0,PFW_diminishing,diminishing,1149.0,0.0273740291595459,15.627152037657314,0.00740072901444222,9.0,0.5209050679219105
0.0,PFW_diminishing,diminishing,1150.0,0.027396202087402344,15.627150957219262,0.01322731795245069,9.0,0.5209050319073087
0.0,PFW_diminishing,diminishing,1151.0,0.0274200439453125,15.627151999046633,0.007363534378699299,9.0,0.5209050666348878
0.0,PFW_diminishing,diminishing,1152.0,0.027441978454589844,15.627144082728366,0.01321052493736552,9.0,0.5209048027576122
0.0,PFW_diminishing,diminishing,1153.0,0.027467012405395508,15.627151960615235,0.007366152133521098,9.0,0.5209050653538412
0.0,PFW_diminishing,diminishing,1154.0,0.02749013900756836,15.627150852246222,0.013193138075230593,9.0,0.5209050284082074
0.0,PFW_diminishing,diminishing,1155.0,0.027512073516845703,15.627151922373152,0.007329122700005186,9.0,0.5209050640791051
0.0,PFW_diminishing,diminishing,1156.0,0.027535200119018555,15.627144013603843,0.013183279004364223,9.0,0.5209048004534614
0.0,PFW_diminishing,diminishing,1157.0,0.027557849884033203,15.627151884297833,0.007331814686681426,9.0,0.5209050628099278
0.0,PFW_diminishing,diminishing,1158.0,0.02758312225341797,15.627143989218169,0.013164008494204182,9.0,0.5209047996406057
0.0,PFW_diminishing,diminishing,1159.0,0.02760601043701172,15.62715184640734,0.007314769106860908,9.0,0.5209050615469113
0.0,PFW_diminishing,diminishing,1160.0,0.027628183364868164,15.627150681226686,0.01315143589886425,9.0,0.5209050227075562
0.0,PFW_diminishing,diminishing,1161.0,0.02765202522277832,15.627151808695594,0.007277933756823174,9.0,0.5209050602898532
0.0,PFW_diminishing,diminishing,1162.0,0.027673959732055664,15.6271439212552,0.013137043989480901,9.0,0.5209047973751734
0.0,PFW_diminishing,diminishing,1163.0,0.027698993682861328,15.62715074113157,0.007312196389261061,9.0,0.5209050247043857
0.0,PFW_diminishing,diminishing,1164.0,0.02772212028503418,15.627143897248674,0.00938501748896492,9.0,0.5209047965749558
0.0,PFW_diminishing,diminishing,1165.0,0.027744054794311523,15.62715070548829,0.007293101641089095,9.0,0.5209050235162763
0.0,PFW_diminishing,diminishing,1166.0,0.027767181396484375,15.627143873375319,0.00936920846880085,9.0,0.5209047957791773
0.0,PFW_diminishing,diminishing,1167.0,0.027790069580078125,15.627151630978231,0.007279023342501745,9.0,0.520905054365941
0.0,PFW_diminishing,diminishing,1168.0,0.027814865112304688,15.627150464419241,0.013085900605338097,9.0,0.5209050154806414
0.0,PFW_diminishing,diminishing,1169.0,0.02783799171447754,15.627151594019617,0.007242444567658879,9.0,0.5209050531339873
0.0,PFW_diminishing,diminishing,1170.0,0.02786397933959961,15.627143806800332,0.013065849466199708,9.0,0.5209047935600111
0.0,PFW_diminishing,diminishing,1171.0,0.027889013290405273,15.627150546518736,0.0072735893526250095,9.0,0.5209050182172912
0.0,PFW_diminishing,diminishing,1172.0,0.02791309356689453,15.627143783292023,0.009339566587154735,9.0,0.5209047927764008
0.0,PFW_diminishing,diminishing,1173.0,0.02793598175048828,15.627150511588313,0.0072547544070786785,9.0,0.5209050170529438
0.0,PFW_diminishing,diminishing,1174.0,0.027959108352661133,15.627143759913261,0.009323972654874169,9.0,0.5209047919971087
0.0,PFW_diminishing,diminishing,1175.0,0.02798318862915039,15.62715141989917,0.007243766060000212,9.0,0.5209050473299723
0.0,PFW_diminishing,diminishing,1176.0,0.028007030487060547,15.627150252104926,0.013021259093191517,9.0,0.5209050084034975
0.0,PFW_diminishing,diminishing,1177.0,0.028031110763549805,15.62715138367358,0.007207440303085733,9.0,0.5209050461224527
0.0,PFW_diminishing,diminishing,1178.0,0.028055191040039062,15.627150217918313,0.012996069789746656,9.0,0.5209050072639437
0.0,PFW_diminishing,diminishing,1179.0,0.028077125549316406,15.627151347630141,0.007190974439447828,9.0,0.5209050449210048
0.0,PFW_diminishing,diminishing,1180.0,0.02810192108154297,15.627143652989856,0.012988099440823575,9.0,0.5209047884329953
0.0,PFW_diminishing,diminishing,1181.0,0.028126001358032227,15.627150299941572,0.007232771665563575,9.0,0.5209050099980524
0.0,PFW_diminishing,diminishing,1182.0,0.02814793586730957,15.627143630089785,0.009293454258420653,9.0,0.5209047876696595
0.0,PFW_diminishing,diminishing,1183.0,0.028171062469482422,15.627150265871105,0.0072142540929398535,9.0,0.5209050088623701
0.0,PFW_diminishing,diminishing,1184.0,0.028194189071655273,15.627143607314885,0.009278123059878851,9.0,0.5209047869104961
0.0,PFW_diminishing,diminishing,1185.0,0.02821803092956543,15.627150231963201,0.007195799043758555,9.0,0.5209050077321067
0.0,PFW_diminishing,diminishing,1186.0,0.02824091911315918,15.62714358466427,0.009262843598843773,9.0,0.5209047861554756
0.0,PFW_diminishing,diminishing,1187.0,0.02826404571533203,15.627151111327855,0.0071916628273527294,9.0,0.5209050370442618
0.0,PFW_diminishing,diminishing,1188.0,0.02828693389892578,15.627149956608797,0.012917111065318565,9.0,0.5209049985536266
0.0,PFW_diminishing,diminishing,1189.0,0.028310060501098633,15.627151076177858,0.007155758480015706,9.0,0.5209050358725953
0.0,PFW_diminishing,diminishing,1190.0,0.02833414077758789,15.627143521434265,0.012897629826662538,9.0,0.5209047840478088
0.0,PFW_diminishing,diminishing,1191.0,0.028357982635498047,15.627150080734872,0.007176941540517845,9.0,0.5209050026911624
0.0,PFW_diminishing,diminishing,1192.0,0.02837991714477539,15.627143499124415,0.00923419419689786,9.0,0.5209047833041471
0.0,PFW_diminishing,diminishing,1193.0,0.028403043746948242,15.627150047493604,0.007158733391158023,9.0,0.5209050015831201
0.0,PFW_diminishing,diminishing,1194.0,0.028425931930541992,15.627143476935522,0.009219119142683141,9.0,0.5209047825645174
0.0,PFW_diminishing,diminishing,1195.0,0.02845001220703125,15.627150910616942,0.0071575839421544885,9.0,0.5209050303538981
0.0,PFW_diminishing,diminishing,1196.0,0.028474092483520508,15.62714975489935,0.012854625610096093,9.0,0.5209049918299783
0.0,PFW_diminishing,diminishing,1197.0,0.02849578857421875,15.627150876152392,0.0071219237140009994,9.0,0.5209050292050798
0.0,PFW_diminishing,diminishing,1198.0,0.028519868850708008,15.627149722416782,0.012830271110763292,9.0,0.5209049907472261
0.0,PFW_diminishing,diminishing,1199.0,0.028542041778564453,15.62715084185823,0.0071060035107439745,9.0,0.520905028061941
0.0,PFW_diminishing,diminishing,1200.0,0.028567075729370117,15.627143375338319,0.012822467344744126,9.0,0.520904779177944
0.0,PFW_diminishing,diminishing,1201.0,0.02859020233154297,15.627149846074389,0.007137484069696498,9.0,0.5209049948691463
0.0,PFW_diminishing,diminishing,1202.0,0.028612852096557617,15.627143353596509,0.009189616440970383,9.0,0.5209047784532169
0.0,PFW_diminishing,diminishing,1203.0,0.02863597869873047,15.627149813637736,0.007119577647555886,9.0,0.5209049937879245
0.0,PFW_diminishing,diminishing,1204.0,0.02865886688232422,15.627143331971638,0.00917479116985831,9.0,0.520904777732388
0.0,PFW_diminishing,diminishing,1205.0,0.028682947158813477,15.627150680265594,0.007108030171533386,9.0,0.5209050226755197
0.0,PFW_diminishing,diminishing,1206.0,0.028706073760986328,15.627149525674199,0.012768823245769667,9.0,0.52090498418914
0.0,PFW_diminishing,diminishing,1207.0,0.02872920036315918,15.627150646634599,0.007072731491602369,9.0,0.5209050215544866
0.0,PFW_diminishing,diminishing,1208.0,0.028751850128173828,15.627143271605767,0.012755704831681314,9.0,0.5209047757201922
0.0,PFW_diminishing,diminishing,1209.0,0.02877497673034668,15.627149669017111,0.0071012817478752766,9.0,0.520904988967237
0.0,PFW_diminishing,diminishing,1210.0,0.028799057006835938,15.627143250301547,0.009146993128783976,9.0,0.5209047750100516
0.0,PFW_diminishing,diminishing,1211.0,0.028821945190429688,15.6271496372086,0.007083611333735362,9.0,0.5209049879069533
0.0,PFW_diminishing,diminishing,1212.0,0.02884507179260254,15.627143229111184,0.009132363247820408,9.0,0.5209047743037061
0.0,PFW_diminishing,diminishing,1213.0,0.02886819839477539,15.627150488209594,0.007074962116238481,9.0,0.5209050162736532
0.0,PFW_diminishing,diminishing,1214.0,0.028889894485473633,15.627149332883272,0.012708187125344494,9.0,0.5209049777627758
0.0,PFW_diminishing,diminishing,1215.0,0.028913021087646484,15.62715045522461,0.007039899813250372,9.0,0.5209050151741537
0.0,PFW_diminishing,diminishing,1216.0,0.028934955596923828,15.62714316993267,0.01268982259172624,9.0,0.520904772331089
0.0,PFW_diminishing,diminishing,1217.0,0.028959989547729492,15.627149495378788,0.007065556948447238,9.0,0.5209049831792929
0.0,PFW_diminishing,diminishing,1218.0,0.028983116149902344,15.627143149054504,0.009104931410835349,9.0,0.5209047716351501
0.0,PFW_diminishing,diminishing,1219.0,0.029006004333496094,15.627149464182189,0.00704811790697768,9.0,0.5209049821394063
0.0,PFW_diminishing,diminishing,1220.0,0.02902817726135254,15.62714312828721,0.009090493082609896,9.0,0.520904770942907
0.0,PFW_diminishing,diminishing,1221.0,0.0290529727935791,15.627150299884864,0.007042328868999803,9.0,0.5209050099961622
0.0,PFW_diminishing,diminishing,1222.0,0.02907705307006836,15.627149143939997,0.012648346770177454,9.0,0.5209049714646665
0.0,PFW_diminishing,diminishing,1223.0,0.029098987579345703,15.627150267529291,0.007007499791898297,9.0,0.520905008917643
0.0,PFW_diminishing,diminishing,1224.0,0.029122114181518555,15.627149113521341,0.0126250168585198,9.0,0.5209049704507114
0.0,PFW_diminishing,diminishing,1225.0,0.029145002365112305,15.627150235330234,0.006992249344037305,9.0,0.5209050078443411
0.0,PFW_diminishing,diminishing,1226.0,0.02917003631591797,15.627143033142357,0.012617834989832488,9.0,0.5209047677714119
0.0,PFW_diminishing,diminishing,1227.0,0.02919292449951172,15.62714927519463,0.007027768480750041,9.0,0.520904975839821
0.0,PFW_diminishing,diminishing,1228.0,0.02921605110168457,15.627143012784936,0.009062236922892097,9.0,0.5209047670928312
0.0,PFW_diminishing,diminishing,1229.0,0.029239177703857422,15.627149244737064,0.007010612327681187,9.0,0.5209049748245688
0.0,PFW_diminishing,diminishing,1230.0,0.029262065887451172,15.627142992534775,0.009048032783374182,9.0,0.5209047664178258
0.0,PFW_diminishing,diminishing,1231.0,0.029285907745361328,15.627150083634742,0.0069948614409920395,9.0,0.5209050027878247
0.0,PFW_diminishing,diminishing,1232.0,0.029309988021850586,15.627148929134238,0.012566149174867647,9.0,0.5209049643044746
0.0,PFW_diminishing,diminishing,1233.0,0.02933192253112793,15.627150052045064,0.00696037680265249,9.0,0.5209050017348354
0.0,PFW_diminishing,diminishing,1234.0,0.02935504913330078,15.62714293598256,0.012553870614047113,9.0,0.520904764532752
0.0,PFW_diminishing,diminishing,1235.0,0.029378175735473633,15.627149108974404,0.006993084308422937,9.0,0.5209049702991468
0.0,PFW_diminishing,diminishing,1236.0,0.029401779174804688,15.627142916026548,0.009021398999784935,9.0,0.5209047638675516
0.0,PFW_diminishing,diminishing,1237.0,0.029425859451293945,15.627149079094147,0.006976149533430842,9.0,0.5209049693031382
0.0,PFW_diminishing,diminishing,1238.0,0.02944803237915039,15.627142896175016,0.009007378139040512,9.0,0.5209047632058339
0.0,PFW_diminishing,diminishing,1239.0,0.02947092056274414,15.627149903260346,0.00696317584535322,9.0,0.5209049967753449
0.0,PFW_diminishing,diminishing,1240.0,0.029494047164916992,15.627148748374385,0.012508042808516251,9.0,0.5209049582791462
0.0,PFW_diminishing,diminishing,1241.0,0.029519081115722656,15.627149872264619,0.006928917200777818,9.0,0.520904995742154
0.0,PFW_diminishing,diminishing,1242.0,0.029541969299316406,15.627142840712535,0.012490731926975585,9.0,0.5209047613570845
0.0,PFW_diminishing,diminishing,1243.0,0.029564857482910156,15.627148945896352,0.006958848033757903,9.0,0.5209049648632117
0.0,PFW_diminishing,diminishing,1244.0,0.029587984085083008,15.627142821147565,0.008981087868772164,9.0,0.5209047607049189
0.0,PFW_diminishing,diminishing,1245.0,0.029615163803100586,15.627148916578793,0.006942130379435696,9.0,0.5209049638859597
0.0,PFW_diminishing,diminishing,1246.0,0.02963995933532715,15.62714280168439,0.008967246762249914,9.0,0.5209047600561463
0.0,PFW_diminishing,diminishing,1247.0,0.0296630859375,15.627149726316542,0.006931898164607375,9.0,0.5209049908772181
0.0,PFW_diminishing,diminishing,1248.0,0.029687166213989258,15.627148571148272,0.012450683085717174,9.0,0.520904952371609
0.0,PFW_diminishing,diminishing,1249.0,0.029711246490478516,15.627149695899822,0.006897862565287127,9.0,0.5209049898633275
0.0,PFW_diminishing,diminishing,1250.0,0.029732942581176758,15.62714274728387,0.012428403043594827,9.0,0.5209047582427957
0.0,PFW_diminishing,diminishing,1251.0,0.029755830764770508,15.62714878588116,0.006925051036628105,9.0,0.520904959529372
0.0,PFW_diminishing,diminishing,1252.0,0.02977895736694336,15.627142728099908,0.008941293402253692,9.0,0.5209047576033303
0.0,PFW_diminishing,diminishing,1253.0,0.029803991317749023,15.62714875711215,0.006908546354038592,9.0,0.520904958570405
0.0,PFW_diminishing,diminishing,1254.0,0.029827117919921875,15.627142709015144,0.008927628615193584,9.0,0.5209047569671715
0.0,PFW_diminishing,diminishing,1255.0,0.02984905242919922,15.627149552716627,0.006901020572145811,9.0,0.5209049850905543
0.0,PFW_diminishing,diminishing,1256.0,0.029872894287109375,15.627148397365374,0.01239405570745511,9.0,0.5209049465788458
0.0,PFW_diminishing,diminishing,1257.0,0.029896020889282227,15.627149522864428,0.006867205127008447,9.0,0.5209049840954809
0.0,PFW_diminishing,diminishing,1258.0,0.029920101165771484,15.62714836939296,0.012371970900716178,9.0,0.520904945646432
0.0,PFW_diminishing,diminishing,1259.0,0.029944181442260742,15.627149493152674,0.006852768584948876,9.0,0.5209049831050891
0.0,PFW_diminishing,diminishing,1260.0,0.029966115951538086,15.627142621484728,0.012360272541792838,9.0,0.5209047540494909
0.0,PFW_diminishing,diminishing,1261.0,0.029989957809448242,15.627148582853703,0.006889289905934959,9.0,0.52090495276179
0.0,PFW_diminishing,diminishing,1262.0,0.030011892318725586,15.627142602766833,0.008900886757061244,9.0,0.5209047534255611
0.0,PFW_diminishing,diminishing,1263.0,0.03003692626953125,15.62714855474774,0.006873045770133146,9.0,0.5209049518249247
0.0,PFW_diminishing,diminishing,1264.0,0.0300600528717041,15.627142584144991,0.008887437664544251,9.0,0.5209047528048331
0.0,PFW_diminishing,diminishing,1265.0,0.030083179473876953,15.62714852676729,0.006856853012196851,9.0,0.520904950892243
0.0,PFW_diminishing,diminishing,1266.0,0.0301058292388916,15.627142565618565,0.008874031088542012,9.0,0.5209047521872855
0.0,PFW_diminishing,diminishing,1267.0,0.030128955841064453,15.627149298512206,0.006855345302867022,9.0,0.5209049766170736
0.0,PFW_diminishing,diminishing,1268.0,0.03015303611755371,15.627148155127665,0.012302720669467249,9.0,0.5209049385042556
0.0,PFW_diminishing,diminishing,1269.0,0.03017711639404297,15.627149269490134,0.006821894547588414,9.0,0.5209049756496712
0.0,PFW_diminishing,diminishing,1270.0,0.03020000457763672,15.627148127947555,0.012281051616787053,9.0,0.5209049375982518
0.0,PFW_diminishing,diminishing,1271.0,0.03022313117980957,15.627149240603297,0.006807729748013358,9.0,0.5209049746867765
0.0,PFW_diminishing,diminishing,1272.0,0.03024601936340332,15.627142480596758,0.012274433854447153,9.0,0.5209047493532253
0.0,PFW_diminishing,diminishing,1273.0,0.030271053314208984,15.627148357301248,0.006837961417371474,9.0,0.5209049452433749
0.0,PFW_diminishing,diminishing,1274.0,0.030293941497802734,15.627142462423285,0.008847794655828523,9.0,0.5209047487474429
0.0,PFW_diminishing,diminishing,1275.0,0.03031611442565918,15.627148329959498,0.006822021883678531,9.0,0.5209049443319833
0.0,PFW_diminishing,diminishing,1276.0,0.030340194702148438,15.627142444342228,0.008834597713249792,9.0,0.520904748144741
0.0,PFW_diminishing,diminishing,1277.0,0.030362844467163086,15.627149104571501,0.006811259547109927,9.0,0.5209049701523834
0.0,PFW_diminishing,diminishing,1278.0,0.030386924743652344,15.627147963013748,0.012226367199556165,9.0,0.5209049321004583
0.0,PFW_diminishing,diminishing,1279.0,0.0304110050201416,15.627149076211523,0.006778125780179778,9.0,0.5209049692070508
0.0,PFW_diminishing,diminishing,1280.0,0.030432939529418945,15.627142393776014,0.012215006843335985,9.0,0.5209047464592005
0.0,PFW_diminishing,diminishing,1281.0,0.030457019805908203,15.627148208120733,0.00680573882593194,9.0,0.5209049402706911
0.0,PFW_diminishing,diminishing,1282.0,0.030479907989501953,15.62714237594851,0.008809851818588399,9.0,0.5209047458649504
0.0,PFW_diminishing,diminishing,1283.0,0.03050398826599121,15.62714818127844,0.006789997614136567,9.0,0.520904939375948
0.0,PFW_diminishing,diminishing,1284.0,0.03052806854248047,15.627142358211126,0.008796819067876882,9.0,0.5209047452737042
0.0,PFW_diminishing,diminishing,1285.0,0.030550003051757812,15.627152599272874,0.006781816119390882,9.0,0.5209050866424291
0.0,PFW_diminishing,diminishing,1286.0,0.03057408332824707,15.627141870253883,0.016637786606683136,9.0,0.5209047290084627
0.0,PFW_diminishing,diminishing,1287.0,0.03060007095336914,15.627138149404141,0.008470985374621876,9.0,0.520904604980138
0.0,PFW_diminishing,diminishing,1288.0,0.03062295913696289,15.627142405797077,0.007889787997292785,9.0,0.5209047468599025
0.0,PFW_diminishing,diminishing,1289.0,0.030645132064819336,15.62714410720627,0.00804054109499397,9.0,0.5209048035735423
0.0,PFW_diminishing,diminishing,1290.0,0.030668020248413086,15.627142380340954,0.013817387526158242,9.0,0.5209047460113652
0.0,PFW_diminishing,diminishing,1291.0,0.030691146850585938,15.627144079159804,0.008026813384441667,9.0,0.5209048026386601
0.0,PFW_diminishing,diminishing,1292.0,0.030714035034179688,15.627142355004768,0.013796449857478521,9.0,0.5209047451668256
0.0,PFW_diminishing,diminishing,1293.0,0.03073906898498535,15.627144051241082,0.008013128175015538,9.0,0.5209048017080361
0.0,PFW_diminishing,diminishing,1294.0,0.0307619571685791,15.627142329787787,0.013775576918455101,9.0,0.5209047443262596
0.0,PFW_diminishing,diminishing,1295.0,0.030785083770751953,15.627144023449342,0.007999485269635898,9.0,0.5209048007816447
0.0,PFW_diminishing,diminishing,1296.0,0.030808210372924805,15.627142304689256,0.01375476840938994,9.0,0.5209047434896419
0.0,PFW_diminishing,diminishing,1297.0,0.030831098556518555,15.627143995783797,0.007985884472459404,9.0,0.5209047998594599
0.0,PFW_diminishing,diminishing,1298.0,0.030855894088745117,15.627142279708455,0.013734024032414638,9.0,0.5209047426569485
0.0,PFW_diminishing,diminishing,1299.0,0.03087902069091797,15.627143968243681,0.00797232558883465,9.0,0.520904798941456
0.0,PFW_diminishing,diminishing,1300.0,0.030904054641723633,15.627142254844648,0.013713343491501107,9.0,0.5209047418281549
0.0,PFW_diminishing,diminishing,1301.0,0.030927181243896484,15.627143940828232,0.007958808425312824,9.0,0.5209047980276077
0.0,PFW_diminishing,diminishing,1302.0,0.030949831008911133,15.627142230097112,0.013692726492445573,9.0,0.520904741003237
0.0,PFW_diminishing,diminishing,1303.0,0.0309751033782959,15.62714391353669,0.007945332789635273,9.0,0.5209047971178896
0.0,PFW_diminishing,diminishing,1304.0,0.03099799156188965,15.627142205465129,0.013672172742843713,9.0,0.5209047401821709
0.0,PFW_diminishing,diminishing,1305.0,0.0310211181640625,15.627143886368303,0.007931898490717515,9.0,0.5209047962122768
0.0,PFW_diminishing,diminishing,1306.0,0.03104424476623535,15.627142180947985,0.013651681952090655,9.0,0.5209047393649329
0.0,PFW_diminishing,diminishing,1307.0,0.03106689453125,15.627143859322334,0.007918505338658122,9.0,0.5209047953107445
0.0,PFW_diminishing,diminishing,1308.0,0.031091928482055664,15.62714215654498,0.013631253831336565,9.0,0.5209047385514993
0.0,PFW_diminishing,diminishing,1309.0,0.031115055084228516,15.627143832398032,0.007905153144704968,9.0,0.5209047944132678
0.0,PFW_diminishing,diminishing,1310.0,0.031138181686401367,15.627142132255411,0.013610888093523954,9.0,0.5209047377418471
0.0,PFW_diminishing,diminishing,1311.0,0.031161069869995117,15.627143805594665,0.007891841721258785,9.0,0.5209047935198222
0.0,PFW_diminishing,diminishing,1312.0,0.031183958053588867,15.627142108078578,0.013590584453330834,9.0,0.5209047369359526
0.0,PFW_diminishing,diminishing,1313.0,0.031208038330078125,15.627143778911508,0.007878570881871383,9.0,0.5209047926303836
0.0,PFW_diminishing,diminishing,1314.0,0.031232118606567383,15.627142084013794,0.013570342627177823,9.0,0.5209047361337932
0.0,PFW_diminishing,diminishing,1315.0,0.03125405311584473,15.627143752347838,0.007865340441224333,9.0,0.5209047917449279
0.0,PFW_diminishing,diminishing,1316.0,0.031278133392333984,15.62714206006037,0.013550162333199722,9.0,0.5209047353353456
0.0,PFW_diminishing,diminishing,1317.0,0.03130078315734863,15.62714372590293,0.00785215021512542,9.0,0.520904790863431
0.0,PFW_diminishing,diminishing,1318.0,0.03132486343383789,15.627142036217633,0.013530043291249072,9.0,0.5209047345405877
0.0,PFW_diminishing,diminishing,1319.0,0.03134894371032715,15.62714369957608,0.007839000020506859,9.0,0.5209047899858693
0.0,PFW_diminishing,diminishing,1320.0,0.0313720703125,15.627142012484901,0.013509985222889043,9.0,0.5209047337494968
0.0,PFW_diminishing,diminishing,1321.0,0.03139519691467285,15.627143673366573,0.007825889675407538,9.0,0.5209047891122192
0.0,PFW_diminishing,diminishing,1322.0,0.0314180850982666,15.62714198886151,0.013489987851345475,9.0,0.5209047329620503
0.0,PFW_diminishing,diminishing,1323.0,0.031442880630493164,15.627143647273712,0.007812818998957027,9.0,0.5209047882424571
0.0,PFW_diminishing,diminishing,1324.0,0.031466007232666016,15.627141965346791,0.013470050901533526,9.0,0.5209047321782264
0.0,PFW_diminishing,diminishing,1325.0,0.03148794174194336,15.6271436212968,0.007799787811398673,9.0,0.52090478737656
0.0,PFW_diminishing,diminishing,1326.0,0.03151202201843262,15.627141941940085,0.01345017410001681,9.0,0.5209047313980029
0.0,PFW_diminishing,diminishing,1327.0,0.03153514862060547,15.627143595435143,0.007786795934038082,9.0,0.5209047865145048
0.0,PFW_diminishing,diminishing,1328.0,0.031558990478515625,15.62714191864074,0.013430357175014507,9.0,0.520904730621358
0.0,PFW_diminishing,diminishing,1329.0,0.03158307075500488,15.627143569688059,0.007773843189273322,9.0,0.5209047856562686
0.0,PFW_diminishing,diminishing,1330.0,0.03160500526428223,15.627141895448105,0.01341059985637294,9.0,0.5209047298482702
0.0,PFW_diminishing,diminishing,1331.0,0.031629085540771484,15.62714354405486,0.007760929400562944,9.0,0.5209047848018287
0.0,PFW_diminishing,diminishing,1332.0,0.031652212142944336,15.627141872361532,0.013390901875570904,9.0,0.5209047290787178
0.0,PFW_diminishing,diminishing,1333.0,0.0316770076751709,15.627143518534877,0.0077480543924295375,9.0,0.5209047839511626
0.0,PFW_diminishing,diminishing,1334.0,0.03169989585876465,15.627141849380383,0.013371262965694797,9.0,0.5209047283126794
0.0,PFW_diminishing,diminishing,1335.0,0.031722068786621094,15.627143493127432,0.007735217990441967,9.0,0.5209047831042477
0.0,PFW_diminishing,diminishing,1336.0,0.03174614906311035,15.627141826504026,0.01335168286141375,9.0,0.5209047275501342
0.0,PFW_diminishing,diminishing,1337.0,0.0317690372467041,15.62714346783187,0.007722420021224252,9.0,0.5209047822610623
0.0,PFW_diminishing,diminishing,1338.0,0.031794071197509766,15.627141803731824,0.013332161299011602,9.0,0.5209047267910608
0.0,PFW_diminishing,diminishing,1339.0,0.031816959381103516,15.627143442647519,0.0077096603124306995,9.0,0.5209047814215839
0.0,PFW_diminishing,diminishing,1340.0,0.03184008598327637,15.627141781063163,0.01331269801633006,9.0,0.5209047260354388
0.0,PFW_diminishing,diminishing,1341.0,0.031864166259765625,15.627143417573722,0.007696938692738797,9.0,0.5209047805857907
0.0,PFW_diminishing,diminishing,1342.0,0.03188610076904297,15.627141758497409,0.013293292752772246,9.0,0.5209047252832469
0.0,PFW_diminishing,diminishing,1343.0,0.03191089630126953,15.627143392609838,0.007684254991858097,9.0,0.5209047797536612
0.0,PFW_diminishing,diminishing,1344.0,0.03193402290344238,15.627141736033948,0.013273945249295593,9.0,0.5209047245344649
0.0,PFW_diminishing,diminishing,1345.0,0.03195691108703613,15.62714336775521,0.007671609040500016,9.0,0.5209047789251736
0.0,PFW_diminishing,diminishing,1346.0,0.031980037689208984,15.627141713672176,0.013254655248394087,9.0,0.5209047237890725
0.0,PFW_diminishing,diminishing,1347.0,0.032003164291381836,15.6271433430092,0.007659000670400928,9.0,0.5209047781003067
0.0,PFW_diminishing,diminishing,1348.0,0.0320279598236084,15.627141691411481,0.013235422494101812,9.0,0.5209047230470494
0.0,PFW_diminishing,diminishing,1349.0,0.03205108642578125,15.627143318371171,0.0076464297142742055,9.0,0.520904777279039
0.0,PFW_diminishing,diminishing,1350.0,0.032073974609375,15.627141669251259,0.013216246731962755,9.0,0.5209047223083753
0.0,PFW_diminishing,diminishing,1351.0,0.03209710121154785,15.627143293840493,0.007633896005838636,9.0,0.5209047764613498
0.0,PFW_diminishing,diminishing,1352.0,0.0321199893951416,15.627141647190914,0.013197127709021927,9.0,0.5209047215730305
0.0,PFW_diminishing,diminishing,1353.0,0.03214383125305176,15.627143269416536,0.007621399379790006,9.0,0.5209047756472178
0.0,PFW_diminishing,diminishing,1354.0,0.032167911529541016,15.627141625229847,0.013178065173832465,9.0,0.5209047208409949
0.0,PFW_diminishing,diminishing,1355.0,0.03219008445739746,15.627143245098678,0.007608939671804649,9.0,0.5209047748366226
0.0,PFW_diminishing,diminishing,1356.0,0.03221297264099121,15.627141603367477,0.013159058876404117,9.0,0.5209047201122492
0.0,PFW_diminishing,diminishing,1357.0,0.03223609924316406,15.627143220886298,0.007596516718530566,9.0,0.5209047740295433
0.0,PFW_diminishing,diminishing,1358.0,0.03226017951965332,15.627141581603214,0.013140108568251208,9.0,0.5209047193867737
0.0,PFW_diminishing,diminishing,1359.0,0.03228402137756348,15.627143196778785,0.0075841303575678864,9.0,0.5209047732259595
0.0,PFW_diminishing,diminishing,1360.0,0.03230595588684082,15.627141559936476,0.013121214002326909,9.0,0.5209047186645492
0.0,PFW_diminishing,diminishing,1361.0,0.03233003616333008,15.627143172775522,0.007571780427483077,9.0,0.5209047724258508
0.0,PFW_diminishing,diminishing,1362.0,0.03235316276550293,15.627141538366685,0.013102374933046335,9.0,0.5209047179455562
0.0,PFW_diminishing,diminishing,1363.0,0.032377004623413086,15.627143148875914,0.007559466767787626,9.0,0.5209047716291971
0.0,PFW_diminishing,diminishing,1364.0,0.032399892807006836,15.627141516893275,0.013083591116267002,9.0,0.5209047172297758
0.0,PFW_diminishing,diminishing,1365.0,0.03242301940917969,15.627143125079355,0.007547189218927386,9.0,0.5209047708359785
0.0,PFW_diminishing,diminishing,1366.0,0.03244590759277344,15.627141495515675,0.013064862309276393,9.0,0.5209047165171892
0.0,PFW_diminishing,diminishing,1367.0,0.03246903419494629,15.627137011115554,0.007542231265230015,9.0,0.5209045670371851
0.0,PFW_diminishing,diminishing,1368.0,0.03249096870422363,15.627141474222313,0.007439958751037423,9.0,0.5209047158074104
0.0,PFW_diminishing,diminishing,1369.0,0.03251504898071289,15.627143057963378,0.00753224420909504,9.0,0.5209047685987793
0.0,PFW_diminishing,diminishing,1370.0,0.032537221908569336,15.6271414530202,0.013023445854203786,9.0,0.5209047151006734
0.0,PFW_diminishing,diminishing,1371.0,0.032559871673583984,15.627136970828607,0.00753339325611968,9.0,0.5209045656942869
0.0,PFW_diminishing,diminishing,1372.0,0.032582998275756836,15.627141431894938,0.007415001668652721,9.0,0.5209047143964979
0.0,PFW_diminishing,diminishing,1373.0,0.032605886459350586,15.62713695624886,0.00752323886876205,9.0,0.5209045652082953
0.0,PFW_diminishing,diminishing,1374.0,0.03263115882873535,15.627141410856964,0.007400561717265219,9.0,0.5209047136952322
0.0,PFW_diminishing,diminishing,1375.0,0.03266406059265137,15.627142948616145,0.007514706674669469,9.0,0.5209047649538715
0.0,PFW_diminishing,diminishing,1376.0,0.03268790245056152,15.627141389907289,0.012959726565039631,9.0,0.5209047129969097
0.0,PFW_diminishing,diminishing,1377.0,0.032711029052734375,15.627136916528471,0.007514478088863186,9.0,0.5209045638842824
0.0,PFW_diminishing,diminishing,1378.0,0.032733917236328125,15.627141369034636,0.0073758220065318625,9.0,0.5209047123011545
0.0,PFW_diminishing,diminishing,1379.0,0.03275918960571289,15.627136902159794,0.0075044119789478,9.0,0.5209045634053264
0.0,PFW_diminishing,diminishing,1380.0,0.03278303146362305,15.627141348247834,0.007361507470923456,9.0,0.5209047116082611
0.0,PFW_diminishing,diminishing,1381.0,0.03280496597290039,15.62714284076118,0.00749732189592045,9.0,0.520904761358706
0.0,PFW_diminishing,diminishing,1382.0,0.03282904624938965,15.627141327546433,0.012896561042195387,9.0,0.5209047109182144
0.0,PFW_diminishing,diminishing,1383.0,0.0328519344329834,15.627136862995812,0.007495727420403497,9.0,0.5209045620998604
0.0,PFW_diminishing,diminishing,1384.0,0.032876014709472656,15.627141306922221,0.0073369823042401805,9.0,0.5209047102307407
0.0,PFW_diminishing,diminishing,1385.0,0.032900094985961914,15.627136848834386,0.007485748441746765,9.0,0.5209045616278128
0.0,PFW_diminishing,diminishing,1386.0,0.032921791076660156,15.627141286382448,0.007322791557591302,9.0,0.5209047095460816
0.0,PFW_diminishing,diminishing,1387.0,0.03294491767883301,15.627142734372148,0.007480087885728182,9.0,0.520904757812405
0.0,PFW_diminishing,diminishing,1388.0,0.03296804428100586,15.62714126592525,0.012833942097994822,9.0,0.520904708864175
0.0,PFW_diminishing,diminishing,1389.0,0.03299212455749512,15.627136810216877,0.007477139114170583,9.0,0.5209045603405625
0.0,PFW_diminishing,diminishing,1390.0,0.03301501274108887,15.6271412455454,0.007298478156215538,9.0,0.5209047081848467
0.0,PFW_diminishing,diminishing,1391.0,0.03303718566894531,15.627136796258958,0.0074672461403508805,9.0,0.5209045598752986
0.0,PFW_diminishing,diminishing,1392.0,0.033059120178222656,15.6271412252486,0.00728440959967358,9.0,0.5209047075082867
0.0,PFW_diminishing,diminishing,1393.0,0.03308391571044922,15.627142629423272,0.007463002691279641,9.0,0.5209047543141091
0.0,PFW_diminishing,diminishing,1394.0,0.03310704231262207,15.627141205031625,0.012771862668623513,9.0,0.5209047068343875
0.0,PFW_diminishing,diminishing,1395.0,0.033132076263427734,15.62713675817821,0.007458711070430724,9.0,0.5209045586059403
0.0,PFW_diminishing,diminishing,1396.0,0.03315615653991699,15.627141184892137,0.007260305232652087,9.0,0.5209047061630713
0.0,PFW_diminishing,diminishing,1397.0,0.03317880630493164,15.627136744420142,0.007448902994362072,9.0,0.520904558147338
0.0,PFW_diminishing,diminishing,1398.0,0.0332028865814209,15.627141164834345,0.007246357294821593,9.0,0.5209047054944782
0.0,PFW_diminishing,diminishing,1399.0,0.03322601318359375,15.627142525889335,0.0074460643933562665,9.0,0.5209047508629778
0.0,PFW_diminishing,diminishing,1400.0,0.03325009346008301,15.627141144853685,0.012710315811446549,9.0,0.5209047048284562
0.0,PFW_diminishing,diminishing,1401.0,0.033274173736572266,15.627136706866652,0.00744044122550136,9.0,0.520904556895555
0.0,PFW_diminishing,diminishing,1402.0,0.03329586982727051,15.627141124950649,0.007222459277931748,9.0,0.5209047041650217
0.0,PFW_diminishing,diminishing,1403.0,0.033319950103759766,15.627142463776838,0.007431837016021348,9.0,0.5209047487925613
0.0,PFW_diminishing,diminishing,1404.0,0.03334307670593262,15.627141105129766,0.012670885275708699,9.0,0.5209047035043255
0.0,PFW_diminishing,diminishing,1405.0,0.03336906433105469,15.627136669671106,0.007432027804574304,9.0,0.5209045556557036
0.0,PFW_diminishing,diminishing,1406.0,0.03339195251464844,15.627141085379824,0.007198697382436947,9.0,0.5209047028459941
0.0,PFW_diminishing,diminishing,1407.0,0.03341484069824219,15.627136656240607,0.007422358810950769,9.0,0.5209045552080203
0.0,PFW_diminishing,diminishing,1408.0,0.03343796730041504,15.627141065709385,0.007184947061155356,9.0,0.5209047021903128
0.0,PFW_diminishing,diminishing,1409.0,0.03346109390258789,15.627142362520042,0.00741513936872451,9.0,0.5209047454173347
0.0,PFW_diminishing,diminishing,1410.0,0.033486127853393555,15.627141046118451,0.012610210878724715,9.0,0.5209047015372817
0.0,PFW_diminishing,diminishing,1411.0,0.03350996971130371,15.627136619556843,0.0074140171329162285,9.0,0.5209045539852281
0.0,PFW_diminishing,diminishing,1412.0,0.033531904220581055,15.62714102659863,0.007161387143138853,9.0,0.520904700886621
0.0,PFW_diminishing,diminishing,1413.0,0.03355598449707031,15.627136606316803,0.007404430176260135,9.0,0.5209045535438934
0.0,PFW_diminishing,diminishing,1414.0,0.033579111099243164,15.627141007157038,0.007147753379703303,9.0,0.5209047002385679
0.0,PFW_diminishing,diminishing,1415.0,0.03360319137573242,15.627142262613788,0.007398583658771329,9.0,0.5209047420871262
0.0,PFW_diminishing,diminishing,1416.0,0.03362679481506348,15.62714098779236,0.012550051113775496,9.0,0.5209046995930787
0.0,PFW_diminishing,diminishing,1417.0,0.03364896774291992,15.627136570135866,0.007396159327386798,9.0,0.5209045523378621
0.0,PFW_diminishing,diminishing,1418.0,0.03367304801940918,15.627139116298832,0.0071243928748465635,9.0,0.520904637209961
0.0,PFW_diminishing,diminishing,1419.0,0.03369712829589844,15.627136557056344,0.007281229976406678,9.0,0.5209045519018781
0.0,PFW_diminishing,diminishing,1420.0,0.0337221622467041,15.627139099659118,0.007112635239797882,9.0,0.520904636655304
0.0,PFW_diminishing,diminishing,1421.0,0.03374600410461426,15.62713654403444,0.007271809239254523,9.0,0.5209045514678147
0.0,PFW_diminishing,diminishing,1422.0,0.033770084381103516,15.627139083086924,0.0071009106851196435,9.0,0.5209046361028975
0.0,PFW_diminishing,diminishing,1423.0,0.033792972564697266,15.627136531069814,0.007262414997157407,9.0,0.5209045510356605
0.0,PFW_diminishing,diminishing,1424.0,0.03381514549255371,15.627139066581881,0.007089219071392705,9.0,0.5209046355527294
0.0,PFW_diminishing,diminishing,1425.0,0.03383994102478027,15.62713651816214,0.007253047138481961,9.0,0.5209045506054047
0.0,PFW_diminishing,diminishing,1426.0,0.03386402130126953,15.627140834929204,0.00707756026000439,9.0,0.5209046944976401
0.0,PFW_diminishing,diminishing,1427.0,0.033885955810546875,15.627142012594192,0.007366883019827242,9.0,0.5209047337531397
0.0,PFW_diminishing,diminishing,1428.0,0.03391003608703613,15.627140816008339,0.012434376636958788,9.0,0.5209046938669446
0.0,PFW_diminishing,diminishing,1429.0,0.033933162689208984,15.627141992054971,0.007355681561005412,9.0,0.520904733068499
0.0,PFW_diminishing,diminishing,1430.0,0.03395700454711914,15.627140797167828,0.012417288532066806,9.0,0.5209046932389276
0.0,PFW_diminishing,diminishing,1431.0,0.0339808464050293,15.627141971600503,0.007344511435285028,9.0,0.5209047323866834
0.0,PFW_diminishing,diminishing,1432.0,0.03400301933288574,15.627140778407213,0.01240024816421581,9.0,0.5209046926135737
0.0,PFW_diminishing,diminishing,1433.0,0.03402590751647949,15.62714195123032,0.007333372511368452,9.0,0.5209047317076773
0.0,PFW_diminishing,diminishing,1434.0,0.034049034118652344,15.627140759726052,0.012383255333675791,9.0,0.5209046919908684
0.0,PFW_diminishing,diminishing,1435.0,0.0340731143951416,15.627141930943951,0.0073222646587112195,9.0,0.5209047310314651
0.0,PFW_diminishing,diminishing,1436.0,0.03409695625305176,15.627140741123899,0.012366309841779,9.0,0.5209046913707966
0.0,PFW_diminishing,diminishing,1437.0,0.0341188907623291,15.627136394059546,0.007321370060710208,9.0,0.5209045464686516
0.0,PFW_diminishing,diminishing,1438.0,0.03414297103881836,15.627138839279846,0.007016451057946682,9.0,0.5209046279759949
0.0,PFW_diminishing,diminishing,1439.0,0.034165143966674805,15.627136381495907,0.007148869608046837,9.0,0.5209045460498636
0.0,PFW_diminishing,diminishing,1440.0,0.03419017791748047,15.627138823344534,0.007005017954465842,9.0,0.5209046274448178
0.0,PFW_diminishing,diminishing,1441.0,0.034214019775390625,15.627136368986802,0.007139708964034597,9.0,0.5209045456328935
0.0,PFW_diminishing,diminishing,1442.0,0.03423595428466797,15.627138807473028,0.0069936165720339005,9.0,0.5209046269157676
0.0,PFW_diminishing,diminishing,1443.0,0.03425908088684082,15.62713635653193,0.007130573726309208,9.0,0.520904545217731
0.0,PFW_diminishing,diminishing,1444.0,0.03428196907043457,15.62713879166497,0.006982246778838075,9.0,0.5209046263888324
0.0,PFW_diminishing,diminishing,1445.0,0.034316062927246094,15.62713634413098,0.007121463789331983,9.0,0.520904544804366
0.0,PFW_diminishing,diminishing,1446.0,0.034339189529418945,15.627138775920017,0.006970908443747703,9.0,0.5209046258640005
0.0,PFW_diminishing,diminishing,1447.0,0.03436398506164551,15.627136331783655,0.007112379048141548,9.0,0.5209045443927885
0.0,PFW_diminishing,diminishing,1448.0,0.03438687324523926,15.627138760237827,0.006959601436403062,9.0,0.5209046253412609
0.0,PFW_diminishing,diminishing,1449.0,0.03440999984741211,15.627136319489644,0.007103319398344965,9.0,0.5209045439829881
0.0,PFW_diminishing,diminishing,1450.0,0.03443312644958496,15.627138744618065,0.006948325627138985,9.0,0.5209046248206022
0.0,PFW_diminishing,diminishing,1451.0,0.03445601463317871,15.627136307248653,0.007094284736142598,9.0,0.5209045435749551
0.0,PFW_diminishing,diminishing,1452.0,0.03447985649108887,15.627138729060391,0.006937080887015057,9.0,0.520904624302013
0.0,PFW_diminishing,diminishing,1453.0,0.034503936767578125,15.627136295060383,0.007085274958296139,9.0,0.5209045431686794
0.0,PFW_diminishing,diminishing,1454.0,0.03452587127685547,15.627138713564472,0.006925867087812065,9.0,0.5209046237854824
0.0,PFW_diminishing,diminishing,1455.0,0.03454995155334473,15.62713628292454,0.0070762899621339415,9.0,0.5209045427641513
0.0,PFW_diminishing,diminishing,1456.0,0.03457212448120117,15.627138698129981,0.0069146841019733785,9.0,0.5209046232709994
0.0,PFW_diminishing,diminishing,1457.0,0.034596920013427734,15.627136270840827,0.007067329645554565,9.0,0.5209045423613609
0.0,PFW_diminishing,diminishing,1458.0,0.03462100028991699,15.627138682756573,0.006903531802681329,9.0,0.5209046227585524
0.0,PFW_diminishing,diminishing,1459.0,0.034642934799194336,15.627136258808962,0.007058393907025007,9.0,0.5209045419602988
0.0,PFW_diminishing,diminishing,1460.0,0.034667015075683594,15.627140374848123,0.006892410063803922,9.0,0.5209046791616041
0.0,PFW_diminishing,diminishing,1461.0,0.03468894958496094,15.627141380142819,0.007261624768490904,9.0,0.5209047126714272
0.0,PFW_diminishing,diminishing,1462.0,0.0347139835357666,15.62714035713463,0.012124546716815843,9.0,0.5209046785711543
0.0,PFW_diminishing,diminishing,1463.0,0.03473806381225586,15.62714136108201,0.007250938405002572,9.0,0.520904712036067
0.0,PFW_diminishing,diminishing,1464.0,0.0347599983215332,15.627140339494497,0.012108243912141603,9.0,0.5209046779831499
0.0,PFW_diminishing,diminishing,1465.0,0.03478407859802246,15.627141342098135,0.007240281239546675,9.0,0.5209047114032711
0.0,PFW_diminishing,diminishing,1466.0,0.034806013107299805,15.62714032192733,0.01209198559435265,9.0,0.5209046773975776
0.0,PFW_diminishing,diminishing,1467.0,0.034837961196899414,15.627141323190784,0.007229653152620585,9.0,0.5209047107730261
0.0,PFW_diminishing,diminishing,1468.0,0.034861087799072266,15.627140304432729,0.012075771581613992,9.0,0.5209046768144243
0.0,PFW_diminishing,diminishing,1469.0,0.03488588333129883,15.627141304359542,0.007219054025377147,9.0,0.520904710145318
0.0,PFW_diminishing,diminishing,1470.0,0.034909963607788086,15.627140287010297,0.012059601693080069,9.0,0.5209046762336765
0.0,PFW_diminishing,diminishing,1471.0,0.03493189811706543,15.627141285603997,0.007208483739605143,9.0,0.5209047095201332
0.0,PFW_diminishing,diminishing,1472.0,0.03495502471923828,15.627140269659638,0.012043475748862775,9.0,0.5209046756553213
0.0,PFW_diminishing,diminishing,1473.0,0.03498506546020508,15.627141266923744,0.007197942177750605,9.0,0.5209047088974581
0.0,PFW_diminishing,diminishing,1474.0,0.03501605987548828,15.627140252380363,0.012027393570086531,9.0,0.5209046750793455
0.0,PFW_diminishing,diminishing,1475.0,0.03504014015197754,15.627141248318374,0.007187429222886621,9.0,0.5209047082772791
0.0,PFW_diminishing,diminishing,1476.0,0.035063982009887695,15.627140235172085,0.012011354978804789,9.0,0.5209046745057362
0.0,PFW_diminishing,diminishing,1477.0,0.03508615493774414,15.627141229787485,0.007176944758725767,9.0,0.5209047076595829
0.0,PFW_diminishing,diminishing,1478.0,0.0351109504699707,15.627140218034414,0.011995359798065763,9.0,0.5209046739344805
0.0,PFW_diminishing,diminishing,1479.0,0.035134077072143555,15.627141211330684,0.007166488669611226,9.0,0.5209047070443561
0.0,PFW_diminishing,diminishing,1480.0,0.035156965255737305,15.627140200966968,0.011979407851859136,9.0,0.5209046733655656
0.0,PFW_diminishing,diminishing,1481.0,0.035180091857910156,15.627141192947565,0.007156060840499023,9.0,0.5209047064315855
0.0,PFW_diminishing,diminishing,1482.0,0.03520321846008301,15.62714018396937,0.0119634989651356,9.0,0.520904672798979
0.0,PFW_diminishing,diminishing,1483.0,0.03522682189941406,15.62714117463774,0.00714566115698112,9.0,0.520904705821258
0.0,PFW_diminishing,diminishing,1484.0,0.03525090217590332,15.62714016704124,0.01194763296378909,9.0,0.520904672234708
0.0,PFW_diminishing,diminishing,1485.0,0.035273075103759766,15.62713600130189,0.007136833426097056,9.0,0.5209045333767297
0.0,PFW_diminishing,diminishing,1486.0,0.03530287742614746,15.627138238359203,0.006771362923897684,9.0,0.5209046079453068
0.0,PFW_diminishing,diminishing,1487.0,0.03532600402832031,15.62713598987918,0.00685985557944413,9.0,0.5209045329959727
0.0,PFW_diminishing,diminishing,1488.0,0.03535008430480957,15.627138223951071,0.0067606559906288055,9.0,0.5209046074650358
0.0,PFW_diminishing,diminishing,1489.0,0.03537416458129883,15.627135978504407,0.006851276869744183,9.0,0.5209045326168136
0.0,PFW_diminishing,diminishing,1490.0,0.03540611267089844,15.627138209598805,0.0067499778064927796,9.0,0.5209046069866268
0.0,PFW_diminishing,diminishing,1491.0,0.035433053970336914,15.62713596717731,0.0068427211860537795,9.0,0.5209045322392437
0.0,PFW_diminishing,diminishing,1492.0,0.03546500205993652,15.62713819530212,0.006739328255850552,9.0,0.5209046065100706
0.0,PFW_diminishing,diminishing,1493.0,0.03548908233642578,15.627135955897625,0.006834188435808741,9.0,0.5209045318632541
0.0,PFW_diminishing,diminishing,1494.0,0.03551220893859863,15.62713818106072,0.0067287072236954515,9.0,0.5209046060353574
0.0,PFW_diminishing,diminishing,1495.0,0.03553581237792969,15.627135944665095,0.006825678526920953,9.0,0.5209045314888365
0.0,PFW_diminishing,diminishing,1496.0,0.03555893898010254,15.627138166874314,0.006718114595621216,9.0,0.5209046055624771
0.0,PFW_diminishing,diminishing,1497.0,0.0355839729309082,15.627135933479465,0.006817191367789022,9.0,0.5209045311159822
0.0,PFW_diminishing,diminishing,1498.0,0.035607099533081055,15.627138152742619,0.006707550257829098,9.0,0.5209046050914207
0.0,PFW_diminishing,diminishing,1499.0,0.035630226135253906,15.62713592234048,0.006808726867314263,9.0,0.5209045307446827
0.0,PFW_diminishing,diminishing,1500.0,0.035652875900268555,15.627138138665346,0.00669701409714385,9.0,0.5209046046221782
0.0,PFW_diminishing,diminishing,1501.0,0.035676002502441406,15.627135911247887,0.006800284934881162,9.0,0.5209045303749296
0.0,PFW_diminishing,diminishing,1502.0,0.035700082778930664,15.627138124642217,0.006686506000990633,9.0,0.5209046041547406
0.0,PFW_diminishing,diminishing,1503.0,0.03572416305541992,15.627135900201433,0.006791865480352044,9.0,0.5209045300067144
0.0,PFW_diminishing,diminishing,1504.0,0.035746097564697266,15.627138110672938,0.006676025857379031,9.0,0.520904603689098
0.0,PFW_diminishing,diminishing,1505.0,0.03577017784118652,15.627135889200868,0.006783468414061744,9.0,0.520904529640029
0.0,PFW_diminishing,diminishing,1506.0,0.03579282760620117,15.627138096757239,0.006665573554926141,9.0,0.5209046032252413
0.0,PFW_diminishing,diminishing,1507.0,0.03581690788269043,15.627135878245946,0.0067750936468389256,9.0,0.5209045292748649
0.0,PFW_diminishing,diminishing,1508.0,0.03584098815917969,15.627138082894836,0.006655148982833481,9.0,0.5209046027631612
0.0,PFW_diminishing,diminishing,1509.0,0.03586411476135254,15.627135867336419,0.006766741089974104,9.0,0.520904528911214
0.0,PFW_diminishing,diminishing,1510.0,0.03588724136352539,15.627138069085456,0.006644752030906531,9.0,0.5209046023028485
0.0,PFW_diminishing,diminishing,1511.0,0.03590989112854004,15.62713585647204,0.006758410655232083,9.0,0.520904528549068
0.0,PFW_diminishing,diminishing,1512.0,0.0359349250793457,15.627138055328825,0.00663438258949256,9.0,0.5209046018442941
0.0,PFW_diminishing,diminishing,1513.0,0.03595900535583496,15.627135845652566,0.006750102254843071,9.0,0.5209045281884188
0.0,PFW_diminishing,diminishing,1514.0,0.035981178283691406,15.62713804162466,0.006624040549569443,9.0,0.5209046013874886
0.0,PFW_diminishing,diminishing,1515.0,0.03600478172302246,15.627135834877762,0.0067418158014955765,9.0,0.5209045278292588
0.0,PFW_diminishing,diminishing,1516.0,0.03602790832519531,15.627138027972704,0.006613725802667503,9.0,0.5209046009324234
0.0,PFW_diminishing,diminishing,1517.0,0.03605508804321289,15.627135824147382,0.006733551208334632,9.0,0.5209045274715794
0.0,PFW_diminishing,diminishing,1518.0,0.03607916831970215,15.627138014372678,0.006603438240871284,9.0,0.5209046004790893
0.0,PFW_diminishing,diminishing,1519.0,0.0361018180847168,15.627135813461186,0.006725308388991991,9.0,0.5209045271153728
0.0,PFW_diminishing,diminishing,1520.0,0.03612494468688965,15.627138000824319,0.006593177756858637,9.0,0.5209046000274773
0.0,PFW_diminishing,diminishing,1521.0,0.036149024963378906,15.627135802818941,0.006717087257522181,9.0,0.5209045267606314
0.0,PFW_diminishing,diminishing,1522.0,0.036173105239868164,15.62713798732736,0.006582944243875843,9.0,0.5209045995775787
0.0,PFW_diminishing,diminishing,1523.0,0.03619694709777832,15.627135792220411,0.006708887728438029,9.0,0.5209045264073471
0.0,PFW_diminishing,diminishing,1524.0,0.036218881607055664,15.627137973881535,0.006572737595702094,9.0,0.5209045991293845
0.0,PFW_diminishing,diminishing,1525.0,0.03624296188354492,15.627135781665357,0.006700709716714215,9.0,0.520904526055512
0.0,PFW_diminishing,diminishing,1526.0,0.03626608848571777,15.627137960486586,0.006562557706695671,9.0,0.5209045986828862
0.0,PFW_diminishing,diminishing,1527.0,0.03629016876220703,15.627135771153558,0.006692553137764179,9.0,0.5209045257051186
0.0,PFW_diminishing,diminishing,1528.0,0.036313772201538086,15.627137947142243,0.006552404471756645,9.0,0.5209045982380748
0.0,PFW_diminishing,diminishing,1529.0,0.03633689880371094,15.627135760684773,0.006684417907429463,9.0,0.520904525356159
0.0,PFW_diminishing,diminishing,1530.0,0.03636002540588379,15.627137933848255,0.006542277786341089,9.0,0.5209045977949418
0.0,PFW_diminishing,diminishing,1531.0,0.03638291358947754,15.627135750258779,0.006676303942015238,9.0,0.5209045250086259
0.0,PFW_diminishing,diminishing,1532.0,0.036408185958862305,15.62713792060436,0.006532177546450413,9.0,0.5209045973534787
0.0,PFW_diminishing,diminishing,1533.0,0.03643178939819336,15.627135739875346,0.006668211158254778,9.0,0.5209045246625116
0.0,PFW_diminishing,diminishing,1534.0,0.036453962326049805,15.627137907410308,0.0065221036486278194,9.0,0.520904596913677
0.0,PFW_diminishing,diminishing,1535.0,0.03647804260253906,15.627135729534245,0.006660139473300575,9.0,0.5209045243178082
0.0,PFW_diminishing,diminishing,1536.0,0.03650093078613281,15.62713789426584,0.0065120559899529695,9.0,0.520904596475528
0.0,PFW_diminishing,diminishing,1537.0,0.03652501106262207,15.627135719235255,0.006652088804766976,9.0,0.5209045239745085
0.0,PFW_diminishing,diminishing,1538.0,0.03654885292053223,15.627139424231833,0.00650203446804376,9.0,0.5209046474743945
0.0,PFW_diminishing,diminishing,1539.0,0.03657197952270508,15.627140099348832,0.007030740912252753,9.0,0.5209046699782944
0.0,PFW_diminishing,diminishing,1540.0,0.03659486770629883,15.627139408923403,0.011468986843453877,9.0,0.5209046469641134
0.0,PFW_diminishing,diminishing,1541.0,0.03661799430847168,15.627140083185727,0.007021109964865602,9.0,0.5209046694395243
0.0,PFW_diminishing,diminishing,1542.0,0.036643028259277344,15.627139393674982,0.011454293165728657,9.0,0.5209046464558328
0.0,PFW_diminishing,diminishing,1543.0,0.036666154861450195,15.627140067084767,0.007011504000756119,9.0,0.5209046689028256
0.0,PFW_diminishing,diminishing,1544.0,0.036689043045043945,15.627139378486252,0.011439637558183335,9.0,0.5209046459495418
0.0,PFW_diminishing,diminishing,1545.0,0.036711931228637695,15.62714005104562,0.007001922922828641,9.0,0.5209046683681874
0.0,PFW_diminishing,diminishing,1546.0,0.03673505783081055,15.627139363356902,0.011425019873044562,9.0,0.5209046454452301
0.0,PFW_diminishing,diminishing,1547.0,0.036759138107299805,15.627140035067974,0.006992366634495539,9.0,0.5209046678355992
0.0,PFW_diminishing,diminishing,1548.0,0.03678321838378906,15.627139348286628,0.011410439963313479,9.0,0.5209046449428876
0.0,PFW_diminishing,diminishing,1549.0,0.036804914474487305,15.627140019151515,0.006982835039684332,9.0,0.5209046673050505
0.0,PFW_diminishing,diminishing,1550.0,0.036830902099609375,15.627139333275123,0.011395897682749734,9.0,0.5209046444425041
0.0,PFW_diminishing,diminishing,1551.0,0.03685498237609863,15.627140003295924,0.006973328042798599,9.0,0.5209046667765308
0.0,PFW_diminishing,diminishing,1552.0,0.0368800163269043,15.627139318322083,0.011381392885871477,9.0,0.5209046439440694
0.0,PFW_diminishing,diminishing,1553.0,0.03690290451049805,15.627139987500897,0.006963845548746406,9.0,0.5209046662500298
0.0,PFW_diminishing,diminishing,1554.0,0.03692793846130371,15.627139303427203,0.011366925427932273,9.0,0.5209046434475735
0.0,PFW_diminishing,diminishing,1555.0,0.03695201873779297,15.627139971766116,0.0069543874629154345,9.0,0.5209046657255372
0.0,PFW_diminishing,diminishing,1556.0,0.036974191665649414,15.627139288590188,0.011352495164940635,9.0,0.5209046429530063
0.0,PFW_diminishing,diminishing,1557.0,0.03699803352355957,15.627139956091277,0.006944953691192524,9.0,0.5209046652030426
0.0,PFW_diminishing,diminishing,1558.0,0.03702092170715332,15.627139273810739,0.011338101953651147,9.0,0.520904642460358
0.0,PFW_diminishing,diminishing,1559.0,0.03704500198364258,15.627139940476077,0.006935544139935246,9.0,0.5209046646825359
0.0,PFW_diminishing,diminishing,1560.0,0.037069082260131836,15.627139259088558,0.011323745651536044,9.0,0.5209046419696186
0.0,PFW_diminishing,diminishing,1561.0,0.03709101676940918,15.627139924920213,0.006926158715993225,9.0,0.520904664164007
0.0,PFW_diminishing,diminishing,1562.0,0.037114858627319336,15.627139244423358,0.011309426116802967,9.0,0.5209046414807786
0.0,PFW_diminishing,diminishing,1563.0,0.03713798522949219,15.627139909423379,0.006916797326683266,9.0,0.5209046636474459
0.0,PFW_diminishing,diminishing,1564.0,0.03716301918029785,15.627139229814835,0.01129514320838787,9.0,0.5209046409938278
0.0,PFW_diminishing,diminishing,1565.0,0.0371861457824707,15.627139893985273,0.006907459879801792,9.0,0.5209046631328424
0.0,PFW_diminishing,diminishing,1566.0,0.03720903396606445,15.62713921526271,0.011280896785949679,9.0,0.5209046405087571
0.0,PFW_diminishing,diminishing,1567.0,0.0372319221496582,15.627139878605611,0.006898146283610629,9.0,0.5209046626201871
0.0,PFW_diminishing,diminishing,1568.0,0.037255048751831055,15.627139200766685,0.011266686709863194,9.0,0.5209046400255561
0.0,PFW_diminishing,diminishing,1569.0,0.03728008270263672,15.627139863284082,0.006888856446849445,9.0,0.5209046621094694
0.0,PFW_diminishing,diminishing,1570.0,0.03730416297912598,15.627139186326477,0.011252512841206652,9.0,0.520904639544216
0.0,PFW_diminishing,diminishing,1571.0,0.03732705116271973,15.627139848020397,0.006879590278717984,9.0,0.5209046616006799
0.0,PFW_diminishing,diminishing,1572.0,0.03734993934631348,15.627139171941806,0.011238375041779491,9.0,0.5209046390647268
0.0,PFW_diminishing,diminishing,1573.0,0.03737306594848633,15.62713983281427,0.006870347688867184,9.0,0.5209046610938091
0.0,PFW_diminishing,diminishing,1574.0,0.037396907806396484,15.627139157612387,0.011224273174059718,9.0,0.5209046385870796
0.0,PFW_diminishing,diminishing,1575.0,0.03742098808288574,15.627139817665402,0.006861128587425824,9.0,0.5209046605888468
0.0,PFW_diminishing,diminishing,1576.0,0.03744316101074219,15.627139143337931,0.011210207101253644,9.0,0.5209046381112644
0.0,PFW_diminishing,diminishing,1577.0,0.037467002868652344,15.627139802573506,0.006851932884970324,9.0,0.5209046600857835
0.0,PFW_diminishing,diminishing,1578.0,0.03748893737792969,15.627139129118168,0.011196176687240822,9.0,0.5209046376372722
0.0,PFW_diminishing,diminishing,1579.0,0.03751397132873535,15.627139787538301,0.006842760492528299,9.0,0.5209046595846101
0.0,PFW_diminishing,diminishing,1580.0,0.0375370979309082,15.627139114952817,0.011182181796593582,9.0,0.5209046371650939
0.0,PFW_diminishing,diminishing,1581.0,0.03755998611450195,15.627139772559497,0.006833611321580335,9.0,0.5209046590853166
0.0,PFW_diminishing,diminishing,1582.0,0.037583112716674805,15.627139100841603,0.011168222294573482,9.0,0.5209046366947201
0.0,PFW_diminishing,diminishing,1583.0,0.037606000900268555,15.627139757636813,0.00682448528405466,9.0,0.5209046585878938
0.0,PFW_diminishing,diminishing,1584.0,0.03763103485107422,15.62713908678425,0.011154298047125977,9.0,0.5209046362261417
0.0,PFW_diminishing,diminishing,1585.0,0.037661075592041016,15.627139742769963,0.006815382292321814,9.0,0.5209046580923321
0.0,PFW_diminishing,diminishing,1586.0,0.03768610954284668,15.627139072780482,0.011140408920853773,9.0,0.5209046357593494
0.0,PFW_diminishing,diminishing,1587.0,0.03771018981933594,15.627139727958676,0.006806302259199981,9.0,0.5209046575986226
0.0,PFW_diminishing,diminishing,1588.0,0.03773212432861328,15.62713905883004,0.01112655478304525,9.0,0.5209046352943346
0.0,PFW_diminishing,diminishing,1589.0,0.03775596618652344,15.627139713202666,0.00679724509794255,9.0,0.5209046571067556
0.0,PFW_diminishing,diminishing,1590.0,0.03777790069580078,15.627139044932644,0.01111273550167624,9.0,0.5209046348310882
0.0,PFW_diminishing,diminishing,1591.0,0.037802934646606445,15.627139698501669,0.006788210722234567,9.0,0.5209046566167223
0.0,PFW_diminishing,diminishing,1592.0,0.0378270149230957,15.627139031088033,0.011098950945346076,9.0,0.5209046343696011
0.0,PFW_diminishing,diminishing,1593.0,0.03784918785095215,15.627139683855393,0.006779199046208717,9.0,0.5209046561285131
0.0,PFW_diminishing,diminishing,1594.0,0.0378718376159668,15.627139017295935,0.011085200983348642,9.0,0.5209046339098645
0.0,PFW_diminishing,diminishing,1595.0,0.03789496421813965,15.627139669263576,0.006770209984409803,9.0,0.5209046556421192
0.0,PFW_diminishing,diminishing,1596.0,0.03791999816894531,15.627139003556092,0.011071485485601329,9.0,0.5209046334518698
0.0,PFW_diminishing,diminishing,1597.0,0.03794407844543457,15.627139654725953,0.006761243451830268,9.0,0.5209046551575318
0.0,PFW_diminishing,diminishing,1598.0,0.037966012954711914,15.627138989868241,0.011057804322707199,9.0,0.5209046329956081
0.0,PFW_diminishing,diminishing,1599.0,0.03798985481262207,15.627139640242243,0.006752299363876446,9.0,0.5209046546747415
0.0,PFW_diminishing,diminishing,1600.0,0.038012027740478516,15.627138976232114,0.011044157365887486,9.0,0.5209046325410704
0.0,PFW_diminishing,diminishing,1601.0,0.03803706169128418,15.627135184443253,0.006749110089492305,9.0,0.5209045061481085
0.0,PFW_diminishing,diminishing,1602.0,0.03806114196777344,15.627137000346314,0.006244211309917702,9.0,0.5209045666782105
0.0,PFW_diminishing,diminishing,1603.0,0.03808307647705078,15.627135175254848,0.006238135071020778,9.0,0.5209045058418282
0.0,PFW_diminishing,diminishing,1604.0,0.03810596466064453,15.62713698890935,0.006234997849581703,9.0,0.5209045662969783
0.0,PFW_diminishing,diminishing,1605.0,0.03812885284423828,15.627135166102121,0.006230753158327218,9.0,0.5209045055367374
0.0,PFW_diminishing,diminishing,1606.0,0.03815412521362305,15.627136977513612,0.006225807341055045,9.0,0.5209045659171204
0.0,PFW_diminishing,diminishing,1607.0,0.0381779670715332,15.6271351569849,0.006223389628466691,9.0,0.52090450523283
0.0,PFW_diminishing,diminishing,1608.0,0.03820013999938965,15.627136966158908,0.006216639698681803,9.0,0.5209045655386303
0.0,PFW_diminishing,diminishing,1609.0,0.038223981857299805,15.627135147903,0.006216044412857613,9.0,0.5209045049301
0.0,PFW_diminishing,diminishing,1610.0,0.038246870040893555,15.62713695484503,0.0062074948372519145,9.0,0.520904565161501
0.0,PFW_diminishing,diminishing,1611.0,0.03827095031738281,15.627135138856243,0.006208717443257683,9.0,0.5209045046285414
0.0,PFW_diminishing,diminishing,1612.0,0.03829503059387207,15.627136943571779,0.006198372671944341,9.0,0.520904564785726
0.0,PFW_diminishing,diminishing,1613.0,0.038317203521728516,15.627135129844458,0.006201408651758555,9.0,0.5209045043281486
0.0,PFW_diminishing,diminishing,1614.0,0.03834080696105957,15.627136932338964,0.006189273118362593,9.0,0.5209045644112987
0.0,PFW_diminishing,diminishing,1615.0,0.038362979888916016,15.627135120867461,0.0061941179708000504,9.0,0.5209045040289154
0.0,PFW_diminishing,diminishing,1616.0,0.03838801383972168,15.627136921146379,0.006180196092543611,9.0,0.5209045640382126
0.0,PFW_diminishing,diminishing,1617.0,0.03841114044189453,15.627135111925082,0.0061868453331452855,9.0,0.5209045037308361
0.0,PFW_diminishing,diminishing,1618.0,0.03843402862548828,15.627136909993839,0.0061711415109346746,9.0,0.5209045636664613
0.0,PFW_diminishing,diminishing,1619.0,0.03845715522766113,15.627135103017144,0.006179590671905544,9.0,0.5209045034339048
0.0,PFW_diminishing,diminishing,1620.0,0.03847980499267578,15.627136898881144,0.006162109290396955,9.0,0.5209045632960382
0.0,PFW_diminishing,diminishing,1621.0,0.03850507736206055,15.627135094143473,0.006172353920511853,9.0,0.5209045031381158
0.0,PFW_diminishing,diminishing,1622.0,0.0385279655456543,15.6271368878081,0.006153099348193081,9.0,0.5209045629269367
0.0,PFW_diminishing,diminishing,1623.0,0.03855013847351074,15.627136844143507,0.006165135012711431,9.0,0.5209045614714503
0.0,PFW_diminishing,diminishing,1624.0,0.03857421875,15.627136876774662,0.004757811994064554,9.0,0.5209045625591554
0.0,PFW_diminishing,diminishing,1625.0,0.038596153259277344,15.627135068295033,0.006155320952450083,9.0,0.5209045022765011
0.0,PFW_diminishing,diminishing,1626.0,0.038620948791503906,15.627136865775316,0.0061258431971165095,9.0,0.5209045621925106
0.0,PFW_diminishing,diminishing,1627.0,0.038645029067993164,15.627135059528172,0.006148137524363051,9.0,0.5209045019842724
0.0,PFW_diminishing,diminishing,1628.0,0.03866696357727051,15.627136854815058,0.006116899607667037,9.0,0.5209045618271686
0.0,PFW_diminishing,diminishing,1629.0,0.03869009017944336,15.62713679074806,0.0061409717431271105,9.0,0.520904559691602
0.0,PFW_diminishing,diminishing,1630.0,0.03871321678161621,15.627136843890193,0.004721885083011301,9.0,0.5209045614630065
0.0,PFW_diminishing,diminishing,1631.0,0.03873801231384277,15.627135033978274,0.006131229789600567,9.0,0.5209045011326091
0.0,PFW_diminishing,diminishing,1632.0,0.03876090049743652,15.627136833002604,0.0060898437799643546,9.0,0.5209045611000868
0.0,PFW_diminishing,diminishing,1633.0,0.038784027099609375,15.627136758905259,0.006124099097622349,9.0,0.5209045586301753
0.0,PFW_diminishing,diminishing,1634.0,0.03880715370178223,15.62713682215137,0.00470000807491644,9.0,0.520904560738379
0.0,PFW_diminishing,diminishing,1635.0,0.03883004188537598,15.627135008631944,0.0061144047788239675,9.0,0.5209045002877315
0.0,PFW_diminishing,diminishing,1636.0,0.03885483741760254,15.627136811335767,0.0060629202908053514,9.0,0.5209045603778589
0.0,PFW_diminishing,diminishing,1637.0,0.03887796401977539,15.62713672730656,0.006107308918997134,9.0,0.5209045575768854
0.0,PFW_diminishing,diminishing,1638.0,0.038899898529052734,15.627136800557478,0.0046782379938736796,9.0,0.5209045600185827
0.0,PFW_diminishing,diminishing,1639.0,0.03892397880554199,15.627134983487116,0.006097661886400374,9.0,0.5209044994495705
0.0,PFW_diminishing,diminishing,1640.0,0.038947105407714844,15.627136789813203,0.00603612817159771,9.0,0.5209045596604401
0.0,PFW_diminishing,diminishing,1641.0,0.038970947265625,15.627136695949535,0.006090600604123253,9.0,0.5209045565316511
0.0,PFW_diminishing,diminishing,1642.0,0.03899383544921875,15.62713677910718,0.004656574057861462,9.0,0.5209045593035727
0.0,PFW_diminishing,diminishing,1643.0,0.0390169620513916,15.627134958541756,0.0060810005125997435,9.0,0.5209044986180585
0.0,PFW_diminishing,diminishing,1644.0,0.03904008865356445,15.627136768433578,0.006009466463162028,9.0,0.520904558947786
0.0,PFW_diminishing,diminishing,1645.0,0.0390629768371582,15.627134950090529,0.006073973555746903,9.0,0.520904498336351
0.0,PFW_diminishing,diminishing,1646.0,0.03908705711364746,15.627136757797462,0.006000717602500316,9.0,0.5209045585932487
0.0,PFW_diminishing,diminishing,1647.0,0.03911089897155762,15.627136644378584,0.006066963672608949,9.0,0.5209045548126194
0.0,PFW_diminishing,diminishing,1648.0,0.03913307189941406,15.627136747195568,0.0046214297078748245,9.0,0.5209045582398523
0.0,PFW_diminishing,diminishing,1649.0,0.03915596008300781,15.627134925430415,0.006057433346853713,9.0,0.5209044975143472
0.0,PFW_diminishing,diminishing,1650.0,0.039179086685180664,15.627136736629145,0.005974249711774959,9.0,0.5209045578876382
0.0,PFW_diminishing,diminishing,1651.0,0.03920316696166992,15.627136613626735,0.006050457415511801,9.0,0.5209045537875578
0.0,PFW_diminishing,diminishing,1652.0,0.03922700881958008,15.627136726097875,0.00460002778563684,9.0,0.5209045575365958
0.0,PFW_diminishing,diminishing,1653.0,0.03924894332885742,15.627134900964839,0.006040973182594556,9.0,0.520904496698828
0.0,PFW_diminishing,diminishing,1654.0,0.03927206993103027,15.62713671560051,0.005947909874524981,9.0,0.5209045571866837
0.0,PFW_diminishing,diminishing,1655.0,0.03929495811462402,15.627136583108241,0.006034030956968195,9.0,0.5209045527702747
0.0,PFW_diminishing,diminishing,1656.0,0.03931999206542969,15.627136705139208,0.0045787293305608046,9.0,0.5209045568379735
0.0,PFW_diminishing,diminishing,1657.0,0.03934311866760254,15.627134876691844,0.006024592483315772,9.0,0.5209044958897281
0.0,PFW_diminishing,diminishing,1658.0,0.03936600685119629,15.62713669471027,0.005921697163708828,9.0,0.5209045564903423
0.0,PFW_diminishing,diminishing,1659.0,0.03938889503479004,15.627134868475753,0.006017683719717226,9.0,0.5209044956158585
0.0,PFW_diminishing,diminishing,1660.0,0.03941202163696289,15.627136684317625,0.0059130953942929665,9.0,0.5209045561439208
0.0,PFW_diminishing,diminishing,1661.0,0.039437055587768555,15.627136532905105,0.006010791601104515,9.0,0.5209045510968369
0.0,PFW_diminishing,diminishing,1662.0,0.039460182189941406,15.627136673957162,0.004544176105254039,9.0,0.5209045557985721
0.0,PFW_diminishing,diminishing,1663.0,0.03948211669921875,15.627134844478174,0.006001421142059371,9.0,0.5209044948159391
0.0,PFW_diminishing,diminishing,1664.0,0.039505958557128906,15.627136663632,0.005887071634674612,9.0,0.5209045554544
0.0,PFW_diminishing,diminishing,1665.0,0.03952908515930176,15.627136502971043,0.005994562124291392,9.0,0.5209045500990348
0.0,PFW_diminishing,diminishing,1666.0,0.039553165435791016,15.627136653339928,0.0045231330811841275,9.0,0.5209045551113309
0.0,PFW_diminishing,diminishing,1667.0,0.03957700729370117,15.627134820668457,0.005985236604548305,9.0,0.5209044940222819
0.0,PFW_diminishing,diminishing,1668.0,0.03959918022155762,15.627136643081647,0.005861172722756436,9.0,0.5209045547693882
0.0,PFW_diminishing,diminishing,1669.0,0.03962302207946777,15.627136473262357,0.005978410449740679,9.0,0.5209045491087453
0.0,PFW_diminishing,diminishing,1670.0,0.03964495658874512,15.627136632857336,0.00450219093572457,9.0,0.5209045544285779
0.0,PFW_diminishing,diminishing,1671.0,0.03966999053955078,15.62713479704473,0.005969129546786078,9.0,0.5209044932348244
0.0,PFW_diminishing,diminishing,1672.0,0.03969311714172363,15.627136622665326,0.005835397762279371,9.0,0.5209045540888442
0.0,PFW_diminishing,diminishing,1673.0,0.039716243743896484,15.627136443776854,0.0059623360193175046,9.0,0.5209045481258952
0.0,PFW_diminishing,diminishing,1674.0,0.03973889350891113,15.62713661250817,0.0044813489452000255,9.0,0.5209045537502723
0.0,PFW_diminishing,diminishing,1675.0,0.039762020111083984,15.627134773605153,0.005953099413725127,9.0,0.5209044924535051
0.0,PFW_diminishing,diminishing,1676.0,0.03978705406188965,15.627136602381832,0.00580974586550731,9.0,0.5209045534127277
0.0,PFW_diminishing,diminishing,1677.0,0.0398101806640625,15.62713476568004,0.005946338280230279,9.0,0.5209044921893347
0.0,PFW_diminishing,diminishing,1678.0,0.03983306884765625,15.627136592290329,0.0058013278266653145,9.0,0.5209045530763443
0.0,PFW_diminishing,diminishing,1679.0,0.03985595703125,15.6271363952588,0.005939593261333087,9.0,0.5209045465086267
0.0,PFW_diminishing,diminishing,1680.0,0.03987884521484375,15.627136582229962,0.004447534064146552,9.0,0.5209045527409988
0.0,PFW_diminishing,diminishing,1681.0,0.039904117584228516,15.627134742503829,0.005930422503915622,9.0,0.5209044914167943
0.0,PFW_diminishing,diminishing,1682.0,0.039927005767822266,15.627136572203241,0.005775858860603833,9.0,0.5209045524067747
0.0,PFW_diminishing,diminishing,1683.0,0.03995013236999512,15.627136366332365,0.00592370953307686,9.0,0.5209045455444122
0.0,PFW_diminishing,diminishing,1684.0,0.039972782135009766,15.627136562208525,0.004426939361191984,9.0,0.5209045520736175
0.0,PFW_diminishing,diminishing,1685.0,0.03999590873718262,15.627134719507291,0.005914582287685377,9.0,0.520904490650243
0.0,PFW_diminishing,diminishing,1686.0,0.04002094268798828,15.627136552246006,0.00575051077583133,9.0,0.5209045517415335
0.0,PFW_diminishing,diminishing,1687.0,0.04004502296447754,15.627136337621561,0.0059079011370393175,9.0,0.5209045445873853
0.0,PFW_diminishing,diminishing,1688.0,0.040067195892333984,15.62713654231635,0.004406442334072835,9.0,0.520904551410545
0.0,PFW_diminishing,diminishing,1689.0,0.04008984565734863,15.627134696688666,0.005898817094756481,9.0,0.5209044898896222
0.0,PFW_diminishing,diminishing,1690.0,0.040112972259521484,15.627136532417458,0.0057252827138061235,9.0,0.520904551080582
0.0,PFW_diminishing,diminishing,1691.0,0.04013800621032715,15.627136309124305,0.005892167538583237,9.0,0.5209045436374768
0.0,PFW_diminishing,diminishing,1692.0,0.0401611328125,15.627136522552275,0.004386042289572956,9.0,0.5209045507517425
0.0,PFW_diminishing,diminishing,1693.0,0.04018402099609375,15.627134674046193,0.005883126393372962,9.0,0.5209044891348731
0.0,PFW_diminishing,diminishing,1694.0,0.0402071475982666,15.627136512716447,0.005700173824068955,9.0,0.5209045504238816
0.0,PFW_diminishing,diminishing,1695.0,0.04023003578186035,15.627134666399225,0.005876508208096709,9.0,0.5209044888799742
0.0,PFW_diminishing,diminishing,1696.0,0.040255069732666016,15.627136502914066,0.0056919336914464935,9.0,0.5209045500971355
0.0,PFW_diminishing,diminishing,1697.0,0.04027915000915527,15.627136262218755,0.005869905629333871,9.0,0.5209045420739585
0.0,PFW_diminishing,diminishing,1698.0,0.04030108451843262,15.627136493141828,0.004352942337446208,9.0,0.5209045497713942
0.0,PFW_diminishing,diminishing,1699.0,0.04032421112060547,15.627134644008715,0.005860928256891995,9.0,0.5209044881336238
0.0,PFW_diminishing,diminishing,1700.0,0.04034686088562012,15.627136483401662,0.005667001964987151,9.0,0.520904549446722
0.0,PFW_diminishing,diminishing,1701.0,0.04037189483642578,15.627136234256552,0.005854356717565068,9.0,0.5209045411418851
0.0,PFW_diminishing,diminishing,1702.0,0.04039502143859863,15.62713647369247,0.0043327817795830725,9.0,0.5209045491230824
0.0,PFW_diminishing,diminishing,1703.0,0.040418148040771484,15.627134621790134,0.005845421489709679,9.0,0.5209044873930044
0.0,PFW_diminishing,diminishing,1704.0,0.040441036224365234,15.627136464013967,0.0056421873196654815,9.0,0.5209045488004655
0.0,PFW_diminishing,diminishing,1705.0,0.040463924407958984,15.627136206500746,0.005838880771461774,9.0,0.5209045402166915
0.0,PFW_diminishing,diminishing,1706.0,0.040493011474609375,15.627136454367262,0.004312715828945102,9.0,0.5209045484789088
0.0,PFW_diminishing,diminishing,1707.0,0.04051685333251953,15.6271345997418,0.005829987392107938,9.0,0.52090448665806
0.0,PFW_diminishing,diminishing,1708.0,0.040541887283325195,15.62713644474988,0.00561748893268188,9.0,0.5209045481583293
0.0,PFW_diminishing,diminishing,1709.0,0.04056501388549805,15.627136178949367,0.00582347727861432,9.0,0.5209045392983123
0.0,PFW_diminishing,diminishing,1710.0,0.04058694839477539,15.6271364351651,0.004292743821155298,9.0,0.5209045478388367
0.0,PFW_diminishing,diminishing,1711.0,0.04061007499694824,15.627134577862053,0.0058146254544606535,9.0,0.5209044859287351
0.0,PFW_diminishing,diminishing,1712.0,0.040633201599121094,15.627136425608299,0.005592905988923036,9.0,0.5209045475202766
0.0,PFW_diminishing,diminishing,1713.0,0.040657997131347656,15.627134570481076,0.005808145731416303,9.0,0.5209044856827025
0.0,PFW_diminishing,diminishing,1714.0,0.040680885314941406,15.627136416083626,0.0055848381817558135,9.0,0.5209045472027876
0.0,PFW_diminishing,diminishing,1715.0,0.04070401191711426,15.62713613358755,0.005801681127930891,9.0,0.5209045377862517
0.0,PFW_diminishing,diminishing,1716.0,0.04072713851928711,15.627136406588146,0.004260336362367667,9.0,0.5209045468862715
0.0,PFW_diminishing,diminishing,1717.0,0.04075002670288086,15.627134548842491,0.005792891087454066,9.0,0.5209044849614164
0.0,PFW_diminishing,diminishing,1718.0,0.040773868560791016,15.62713639712325,0.005560426873778113,9.0,0.520904546570775
0.0,PFW_diminishing,diminishing,1719.0,0.04079699516296387,15.627136106548468,0.005786456556679198,9.0,0.520904536884949
0.0,PFW_diminishing,diminishing,1720.0,0.040817975997924805,15.62713638768834,0.004240596365002958,9.0,0.520904546256278
0.0,PFW_diminishing,diminishing,1721.0,0.04084300994873047,15.627134527368485,0.00577770735002936,9.0,0.5209044842456162
0.0,PFW_diminishing,diminishing,1722.0,0.04086613655090332,15.627136378282696,0.005536129004411805,9.0,0.5209045459427565
0.0,PFW_diminishing,diminishing,1723.0,0.04088902473449707,15.627136079707032,0.005771302682619606,9.0,0.5209045359902345
0.0,PFW_diminishing,diminishing,1724.0,0.04091191291809082,15.627136368907834,0.004220948033438532,9.0,0.5209045456302611
0.0,PFW_diminishing,diminishing,1725.0,0.04093503952026367,15.627134506057473,0.005762594025918943,9.0,0.5209044835352491
0.0,PFW_diminishing,diminishing,1726.0,0.04095911979675293,15.627136359560915,0.005511943784757278,9.0,0.5209045453186971
0.0,PFW_diminishing,diminishing,1727.0,0.040982961654663086,15.627136053061381,0.005756219014443786,9.0,0.520904535102046
0.0,PFW_diminishing,diminishing,1728.0,0.04100513458251953,15.627136350245568,0.004201390730683485,9.0,0.5209045450081856
0.0,PFW_diminishing,diminishing,1729.0,0.04102802276611328,15.627134484907886,0.0057475506264541565,9.0,0.5209044828302629
0.0,PFW_diminishing,diminishing,1730.0,0.04105091094970703,15.627136340956877,0.005487870433245945,9.0,0.5209045446985626
0.0,PFW_diminishing,diminishing,1731.0,0.04107499122619629,15.627134477781395,0.005741205065424637,9.0,0.5209044825927132
0.0,PFW_diminishing,diminishing,1732.0,0.04109907150268555,15.627136331699063,0.005479969601797308,9.0,0.5209045443899688
0.0,PFW_diminishing,diminishing,1733.0,0.04112100601196289,15.627136009178129,0.005734874157045766,9.0,0.5209045336392709
0.0,PFW_diminishing,diminishing,1734.0,0.04114508628845215,15.627136322469537,0.004169654258674882,9.0,0.5209045440823179
0.0,PFW_diminishing,diminishing,1735.0,0.04116702079772949,15.627134456862725,0.005726265645494166,9.0,0.5209044818954242
0.0,PFW_diminishing,diminishing,1736.0,0.041192054748535156,15.627136313269176,0.005456062586141286,9.0,0.5209045437756392
0.0,PFW_diminishing,diminishing,1737.0,0.041214942932128906,15.6271359830232,0.005719963882835799,9.0,0.52090453276744
0.0,PFW_diminishing,diminishing,1738.0,0.04123806953430176,15.627136304097881,0.004150321798091383,9.0,0.5209045434699294
0.0,PFW_diminishing,diminishing,1739.0,0.04126119613647461,15.627134436101674,0.005711394948169968,9.0,0.5209044812033892
0.0,PFW_diminishing,diminishing,1740.0,0.04128408432006836,15.627136294954482,0.005432265516102319,9.0,0.5209045431651494
0.0,PFW_diminishing,diminishing,1741.0,0.041307926177978516,15.627135957057625,0.005705122130418516,9.0,0.5209045319019209
0.0,PFW_diminishing,diminishing,1742.0,0.04133200645446777,15.6271362858409,0.004131078182606274,9.0,0.5209045428613633
0.0,PFW_diminishing,diminishing,1743.0,0.04135394096374512,15.627134415496739,0.0056965925003353846,9.0,0.520904480516558
0.0,PFW_diminishing,diminishing,1744.0,0.04137706756591797,15.627136276753967,0.0054085776349950265,9.0,0.5209045425584656
0.0,PFW_diminishing,diminishing,1745.0,0.04140019416809082,15.627134408560188,0.005690348428521119,9.0,0.5209044802853396
0.0,PFW_diminishing,diminishing,1746.0,0.041423797607421875,15.627136267696981,0.005400803114795849,9.0,0.520904542256566
0.0,PFW_diminishing,diminishing,1747.0,0.04144787788391113,15.627135914285,0.005684118659434745,9.0,0.5209045304761667
0.0,PFW_diminishing,diminishing,1748.0,0.04147005081176758,15.627136258666647,0.004099849293382363,9.0,0.5209045419555549
0.0,PFW_diminishing,diminishing,1749.0,0.04149293899536133,15.627134388178586,0.0056756474763304254,9.0,0.5209044796059529
0.0,PFW_diminishing,diminishing,1750.0,0.04151606559753418,15.627136249665389,0.005377277597290231,9.0,0.5209045416555129
0.0,PFW_diminishing,diminishing,1751.0,0.04154086112976074,15.627135888794118,0.005669446158117708,9.0,0.5209045296264706
0.0,PFW_diminishing,diminishing,1752.0,0.04156494140625,15.627136240691538,0.004080825147553924,9.0,0.5209045413563846
0.0,PFW_diminishing,diminishing,1753.0,0.041586875915527344,15.627134367949449,0.005661013609703502,9.0,0.5209044789316483
0.0,PFW_diminishing,diminishing,1754.0,0.041610002517700195,15.627136231745531,0.00535385940716715,9.0,0.5209045410581844
0.0,PFW_diminishing,diminishing,1755.0,0.04163312911987305,15.627135863486428,0.005654840547922646,9.0,0.520904528782881
0.0,PFW_diminishing,diminishing,1756.0,0.04165816307067871,15.627136222827668,0.0040618877323890246,9.0,0.5209045407609223
0.0,PFW_diminishing,diminishing,1757.0,0.04168081283569336,15.62713434787133,0.005646446370498381,9.0,0.5209044782623776
0.0,PFW_diminishing,diminishing,1758.0,0.04170393943786621,15.627136213936444,0.005330547811643882,9.0,0.5209045404645481
0.0,PFW_diminishing,diminishing,1759.0,0.04172706604003906,15.627135838360221,0.005640301372459078,9.0,0.5209045279453407
0.0,PFW_diminishing,diminishing,1760.0,0.04174995422363281,15.627136205074086,0.0040430364561352405,9.0,0.5209045401691362
0.0,PFW_diminishing,diminishing,1761.0,0.04177403450012207,15.627134327942802,0.005631945304722663,9.0,0.5209044775980934
0.0,PFW_diminishing,diminishing,1762.0,0.04179883003234863,15.627137372204055,0.0053073420845635155,9.0,0.5209045790734685
0.0,PFW_diminishing,diminishing,1763.0,0.04182291030883789,15.627137074639027,0.00648660201765594,9.0,0.5209045691546342
0.0,PFW_diminishing,diminishing,1764.0,0.04184699058532715,15.62713292953937,0.009643044568774073,9.0,0.5209044309846457
0.0,PFW_diminishing,diminishing,1765.0,0.041871070861816406,15.627136236216081,0.004006114822379558,9.0,0.5209045412072028
0.0,PFW_diminishing,diminishing,1766.0,0.04189491271972656,15.627132923122035,0.009735968183688826,9.0,0.5209044307707346
0.0,PFW_diminishing,diminishing,1767.0,0.04191899299621582,15.627136226069638,0.004000360444655016,9.0,0.520904540868988
0.0,PFW_diminishing,diminishing,1768.0,0.04194211959838867,15.62713291672854,0.009727046975378073,9.0,0.520904430557618
0.0,PFW_diminishing,diminishing,1769.0,0.041967153549194336,15.627136215955428,0.003994619086194362,9.0,0.5209045405318476
0.0,PFW_diminishing,diminishing,1770.0,0.0419919490814209,15.627132910358783,0.009718145929568323,9.0,0.5209044303452928
0.0,PFW_diminishing,diminishing,1771.0,0.042016029357910156,15.62713620587332,0.003988890702869341,9.0,0.5209045401957774
0.0,PFW_diminishing,diminishing,1772.0,0.042040109634399414,15.627132904012647,0.009709264977978194,9.0,0.5209044301337549
0.0,PFW_diminishing,diminishing,1773.0,0.042063236236572266,15.62713619582317,0.0039831752507435425,9.0,0.5209045398607723
0.0,PFW_diminishing,diminishing,1774.0,0.04208803176879883,15.627132897690025,0.009700404052654932,9.0,0.5209044299230008
0.0,PFW_diminishing,diminishing,1775.0,0.04211306571960449,15.627136185804835,0.003977472686075956,9.0,0.5209045395268278
0.0,PFW_diminishing,diminishing,1776.0,0.042136192321777344,15.627132891390804,0.009691563085931776,9.0,0.5209044297130269
0.0,PFW_diminishing,diminishing,1777.0,0.042159080505371094,15.627136175818183,0.003971782965320969,9.0,0.5209045391939394
0.0,PFW_diminishing,diminishing,1778.0,0.04218101501464844,15.627132885114873,0.009682742010443945,9.0,0.5209044295038291
0.0,PFW_diminishing,diminishing,1779.0,0.042204856872558594,15.627136165863073,0.00396610604514791,9.0,0.5209045388621024
0.0,PFW_diminishing,diminishing,1780.0,0.042227983474731445,15.62713287886213,0.009673940759137523,9.0,0.5209044292954043
0.0,PFW_diminishing,diminishing,1781.0,0.0422520637512207,15.627136155939368,0.003960441882401966,9.0,0.5209045385313122
0.0,PFW_diminishing,diminishing,1782.0,0.04227614402770996,15.627132872632455,0.009665159265273005,9.0,0.5209044290877485
0.0,PFW_diminishing,diminishing,1783.0,0.042298078536987305,15.62713614604693,0.003954790434118394,9.0,0.5209045382015643
0.0,PFW_diminishing,diminishing,1784.0,0.04232192039489746,15.627132866425747,0.009656397462382671,9.0,0.5209044288808582
0.0,PFW_diminishing,diminishing,1785.0,0.042356014251708984,15.62713613618563,0.003949151657559824,9.0,0.5209045378728543
0.0,PFW_diminishing,diminishing,1786.0,0.04238009452819824,15.6271328602419,0.009647655284314993,9.0,0.52090442867473
0.0,PFW_diminishing,diminishing,1787.0,0.042402029037475586,15.627136126355332,0.003943525510130996,9.0,0.5209045375451777
0.0,PFW_diminishing,diminishing,1788.0,0.04242682456970215,15.62713285408081,0.009638932665213318,9.0,0.5209044284693604
0.0,PFW_diminishing,diminishing,1789.0,0.04245710372924805,15.6271361165559,0.0039379119494640236,9.0,0.52090453721853
0.0,PFW_diminishing,diminishing,1790.0,0.04247903823852539,15.62713284794236,0.009630229539505208,9.0,0.5209044282647454
0.0,PFW_diminishing,diminishing,1791.0,0.04250288009643555,15.627136106787198,0.003932310933359773,9.0,0.5209045368929066
0.0,PFW_diminishing,diminishing,1792.0,0.0425260066986084,15.627132841826452,0.009621545841918433,9.0,0.5209044280608818
0.0,PFW_diminishing,diminishing,1793.0,0.04255104064941406,15.627136097049094,0.003926722419819839,9.0,0.5209045365683032
0.0,PFW_diminishing,diminishing,1794.0,0.042575836181640625,15.627132835732978,0.009612881507470306,9.0,0.5209044278577659
0.0,PFW_diminishing,diminishing,1795.0,0.04259896278381348,15.627136087341468,0.003921146367032335,9.0,0.5209045362447156
0.0,PFW_diminishing,diminishing,1796.0,0.042623043060302734,15.627132829661837,0.009604236471480121,9.0,0.5209044276553946
0.0,PFW_diminishing,diminishing,1797.0,0.0426480770111084,15.627136077664176,0.003915582733359457,9.0,0.5209045359221391
0.0,PFW_diminishing,diminishing,1798.0,0.04267120361328125,15.627132823612923,0.009595610669530075,9.0,0.5209044274537641
0.0,PFW_diminishing,diminishing,1799.0,0.042695045471191406,15.62713606801709,0.003910031477360576,9.0,0.5209045356005697
0.0,PFW_diminishing,diminishing,1800.0,0.04272007942199707,15.627132817586139,0.009587004037507896,9.0,0.5209044272528713
0.0,PFW_diminishing,diminishing,1801.0,0.04274296760559082,15.627136058400087,0.003904492557785133,9.0,0.5209045352800029
0.0,PFW_diminishing,diminishing,1802.0,0.04276704788208008,15.627132811581374,0.009578416511574872,9.0,0.5209044270527124
0.0,PFW_diminishing,diminishing,1803.0,0.04278993606567383,15.627136048813034,0.003898965933542442,9.0,0.5209045349604344
0.0,PFW_diminishing,diminishing,1804.0,0.04281306266784668,15.627132805598533,0.009569848028187167,9.0,0.5209044268532844
0.0,PFW_diminishing,diminishing,1805.0,0.04283714294433594,15.627136039255802,0.0038934515637460976,9.0,0.52090453464186
0.0,PFW_diminishing,diminishing,1806.0,0.0428621768951416,15.62713279963751,0.009561298524069173,9.0,0.5209044266545837
0.0,PFW_diminishing,diminishing,1807.0,0.04288601875305176,15.627136029728266,0.003887949407678448,9.0,0.5209045343242755
0.0,PFW_diminishing,diminishing,1808.0,0.04290890693664551,15.627132793698205,0.009552767936227724,9.0,0.5209044264566068
0.0,PFW_diminishing,diminishing,1809.0,0.042932987213134766,15.627136020230296,0.003882459424813689,9.0,0.5209045340076766
0.0,PFW_diminishing,diminishing,1810.0,0.04295706748962402,15.627132787780518,0.00954425620197874,9.0,0.5209044262593506
0.0,PFW_diminishing,diminishing,1811.0,0.04298090934753418,15.62713601076177,0.00387698157478944,9.0,0.520904533692059
0.0,PFW_diminishing,diminishing,1812.0,0.04300284385681152,15.62713278188435,0.00953576325885841,9.0,0.5209044260628117
0.0,PFW_diminishing,diminishing,1813.0,0.043025970458984375,15.627136001322558,0.0038715158174316144,9.0,0.5209045333774186
0.0,PFW_diminishing,diminishing,1814.0,0.04304909706115723,15.627132776009605,0.009527289044715559,9.0,0.5209044258669868
0.0,PFW_diminishing,diminishing,1815.0,0.04307198524475098,15.627135991912539,0.0038660621127402095,9.0,0.5209045330637513
0.0,PFW_diminishing,diminishing,1816.0,0.04309511184692383,15.627132770156182,0.00951883349767968,9.0,0.5209044256718728
0.0,PFW_diminishing,diminishing,1817.0,0.04311800003051758,15.627135982531588,0.003860620420899963,9.0,0.520904532751053
0.0,PFW_diminishing,diminishing,1818.0,0.043141841888427734,15.62713276432398,0.009510396556120071,9.0,0.520904425477466
0.0,PFW_diminishing,diminishing,1819.0,0.04316592216491699,15.627135973179579,0.0038551907022572607,9.0,0.5209045324393193
0.0,PFW_diminishing,diminishing,1820.0,0.04318499565124512,15.627132758512905,0.009501978158702684,9.0,0.5209044252837635
0.0,PFW_diminishing,diminishing,1821.0,0.04320788383483887,15.627135963856393,0.003849772917346783,9.0,0.5209045321285465
0.0,PFW_diminishing,diminishing,1822.0,0.04323005676269531,15.627132752722854,0.009493578244354595,9.0,0.5209044250907618
0.0,PFW_diminishing,diminishing,1823.0,0.04325294494628906,15.627135954561911,0.0038443670268577534,9.0,0.5209045318187304
0.0,PFW_diminishing,diminishing,1824.0,0.043276071548461914,15.627132746953743,0.009485196752278213,9.0,0.5209044248984581
0.0,PFW_diminishing,diminishing,1825.0,0.043299198150634766,15.627135945296002,0.003838972991671241,9.0,0.5209045315098667
0.0,PFW_diminishing,diminishing,1826.0,0.043322086334228516,15.627132741205466,0.009476833621931746,9.0,0.5209044247068488
0.0,PFW_diminishing,diminishing,1827.0,0.04334688186645508,15.627135936058556,0.0038335907728246355,9.0,0.5209045312019519
0.0,PFW_diminishing,diminishing,1828.0,0.04337000846862793,15.627132735477932,0.009468488793034524,9.0,0.5209044245159311
0.0,PFW_diminishing,diminishing,1829.0,0.04339313507080078,15.627135926849444,0.00382822033153829,9.0,0.5209045308949815
0.0,PFW_diminishing,diminishing,1830.0,0.04341602325439453,15.627132729771045,0.009460162205591871,9.0,0.5209044243257015
0.0,PFW_diminishing,diminishing,1831.0,0.04343914985656738,15.62713591766855,0.003822861629201313,9.0,0.5209045305889517
0.0,PFW_diminishing,diminishing,1832.0,0.043463945388793945,15.627132724084714,0.00945185379984359,9.0,0.5209044241361571
0.0,PFW_diminishing,diminishing,1833.0,0.0434870719909668,15.627135908515758,0.0038175146273573546,9.0,0.5209045302838586
0.0,PFW_diminishing,diminishing,1834.0,0.04350686073303223,15.627132718418839,0.009443563516308373,9.0,0.5209044239472946
0.0,PFW_diminishing,diminishing,1835.0,0.04352998733520508,15.627135899390947,0.0038121792877277016,9.0,0.5209045299796983
0.0,PFW_diminishing,diminishing,1836.0,0.04355311393737793,15.627132712773331,0.00943529129575893,9.0,0.5209044237591111
0.0,PFW_diminishing,diminishing,1837.0,0.04357504844665527,15.627135890293996,0.0038068555721970654,9.0,0.5209045296764665
0.0,PFW_diminishing,diminishing,1838.0,0.043598175048828125,15.627132707148098,0.009427037079225542,9.0,0.5209044235716033
0.0,PFW_diminishing,diminishing,1839.0,0.04362082481384277,15.627135881224795,0.003801543442829569,9.0,0.5209045293741599
0.0,PFW_diminishing,diminishing,1840.0,0.043643951416015625,15.627132701543045,0.009418800807988958,9.0,0.5209044233847682
0.0,PFW_diminishing,diminishing,1841.0,0.04366898536682129,15.627135872183224,0.003796242861836774,9.0,0.5209045290727742
0.0,PFW_diminishing,diminishing,1842.0,0.04369211196899414,15.627132695958085,0.009410582423608815,9.0,0.5209044231986029
0.0,PFW_diminishing,diminishing,1843.0,0.04371500015258789,15.627135863169174,0.0037909537916007707,9.0,0.5209045287723059
0.0,PFW_diminishing,diminishing,1844.0,0.04373788833618164,15.627132690393127,0.009402381867863241,9.0,0.5209044230131042
0.0,PFW_diminishing,diminishing,1845.0,0.04376101493835449,15.627135854182514,0.003785676194668852,9.0,0.5209045284727505
0.0,PFW_diminishing,diminishing,1846.0,0.043786048889160156,15.627132684848073,0.009394199082807475,9.0,0.5209044228282691
0.0,PFW_diminishing,diminishing,1847.0,0.04380917549133301,15.627135845223146,0.0037804100337481827,9.0,0.5209045281741048
0.0,PFW_diminishing,diminishing,1848.0,0.04383206367492676,15.627132679322836,0.009386034010738342,9.0,0.5209044226440945
0.0,PFW_diminishing,diminishing,1849.0,0.04385519027709961,15.627135836290947,0.003775155271705799,9.0,0.5209045278763649
0.0,PFW_diminishing,diminishing,1850.0,0.04387784004211426,15.627132673817332,0.00937788659420491,9.0,0.5209044224605778
0.0,PFW_diminishing,diminishing,1851.0,0.04390311241149902,15.627135827385807,0.003769911871575715,9.0,0.5209045275795269
0.0,PFW_diminishing,diminishing,1852.0,0.04392695426940918,15.627132668331468,0.009369756776001381,9.0,0.5209044222777156
0.0,PFW_diminishing,diminishing,1853.0,0.04395008087158203,15.627135818507613,0.0037646797965464884,9.0,0.520904527283587
0.0,PFW_diminishing,diminishing,1854.0,0.04397296905517578,15.627132662865154,0.009361644499172428,9.0,0.5209044220955051
0.0,PFW_diminishing,diminishing,1855.0,0.04399585723876953,15.627135809656256,0.0037594590099629954,9.0,0.5209045269885418
0.0,PFW_diminishing,diminishing,1856.0,0.0440211296081543,15.627132657418306,0.009353549707007858,9.0,0.5209044219139435
0.0,PFW_diminishing,diminishing,1857.0,0.04404401779174805,15.627135800831617,0.003754249475335314,9.0,0.5209045266943872
0.0,PFW_diminishing,diminishing,1858.0,0.0440671443939209,15.627132651990832,0.009345472343037287,9.0,0.5209044217330278
0.0,PFW_diminishing,diminishing,1859.0,0.04409193992614746,15.627135792033588,0.003749051156324512,9.0,0.5209045264011196
0.0,PFW_diminishing,diminishing,1860.0,0.04411506652832031,15.62713264658265,0.009337412351037244,9.0,0.520904421552755
0.0,PFW_diminishing,diminishing,1861.0,0.04413795471191406,15.627135783262066,0.003743864016749754,9.0,0.5209045261087355
0.0,PFW_diminishing,diminishing,1862.0,0.04416203498840332,15.627132641193672,0.009329369675036503,9.0,0.5209044213731224
0.0,PFW_diminishing,diminishing,1863.0,0.04418516159057617,15.627135774516933,0.0037386880205954043,9.0,0.5209045258172311
0.0,PFW_diminishing,diminishing,1864.0,0.044209957122802734,15.627132635823806,0.009321344259271669,9.0,0.5209044211941268
0.0,PFW_diminishing,diminishing,1865.0,0.044233083724975586,15.627135765798084,0.003733523131977279,9.0,0.5209045255266028
0.0,PFW_diminishing,diminishing,1866.0,0.044255971908569336,15.627132630472971,0.009313336048263565,9.0,0.5209044210157657
0.0,PFW_diminishing,diminishing,1867.0,0.04427909851074219,15.627135757105409,0.0037283693151870523,9.0,0.5209045252368469
0.0,PFW_diminishing,diminishing,1868.0,0.04430222511291504,15.62713262514108,0.009305344986724862,9.0,0.520904420838036
0.0,PFW_diminishing,diminishing,1869.0,0.0443270206451416,15.627135748438793,0.003723226534663837,9.0,0.5209045249479598
0.0,PFW_diminishing,diminishing,1870.0,0.04434990882873535,15.627132619828052,0.009297371019636458,9.0,0.520904420660935
0.0,PFW_diminishing,diminishing,1871.0,0.0443730354309082,15.627135739798138,0.0037180947549888543,9.0,0.520904524659938
0.0,PFW_diminishing,diminishing,1872.0,0.044396162033081055,15.6271326145338,0.009289414092206627,9.0,0.52090442048446
0.0,PFW_diminishing,diminishing,1873.0,0.044419050216674805,15.627135731183339,0.003712973940908526,9.0,0.520904524372778
0.0,PFW_diminishing,diminishing,1874.0,0.04444384574890137,15.627132609258243,0.00928147414986924,9.0,0.5209044203086081
0.0,PFW_diminishing,diminishing,1875.0,0.04446697235107422,15.627135722594288,0.003707864057306054,9.0,0.5209045240864763
0.0,PFW_diminishing,diminishing,1876.0,0.04449009895324707,15.627132604001293,0.00927355113830508,9.0,0.5209044201333765
0.0,PFW_diminishing,diminishing,1877.0,0.04451298713684082,15.627135714030869,0.0037027650692369463,9.0,0.5209045238010289
0.0,PFW_diminishing,diminishing,1878.0,0.04453611373901367,15.627132598762868,0.009265645003408096,9.0,0.5209044199587622
0.0,PFW_diminishing,diminishing,1879.0,0.044560909271240234,15.62713570549299,0.003697676941873951,9.0,0.520904523516433
0.0,PFW_diminishing,diminishing,1880.0,0.044584035873413086,15.62713259354289,0.0092577556913227,9.0,0.520904419784763
0.0,PFW_diminishing,diminishing,1881.0,0.044606924057006836,15.62713569698054,0.0036925996405603456,9.0,0.5209045232326847
0.0,PFW_diminishing,diminishing,1882.0,0.04463005065917969,15.627132588341276,0.009249883148406468,9.0,0.5209044196113759
0.0,PFW_diminishing,diminishing,1883.0,0.04465317726135254,15.627135688493407,0.00368753313078507,9.0,0.5209045229497803
0.0,PFW_diminishing,diminishing,1884.0,0.044676780700683594,15.627132583157934,0.009242027321251456,9.0,0.5209044194385978
0.0,PFW_diminishing,diminishing,1885.0,0.04470086097717285,15.62713568003151,0.0036824773781756193,9.0,0.520904522667717
0.0,PFW_diminishing,diminishing,1886.0,0.0447239875793457,15.627132577992798,0.00923418815667354,9.0,0.5209044192664266
0.0,PFW_diminishing,diminishing,1887.0,0.044747114181518555,15.627135671594717,0.003677432348506926,9.0,0.5209045223864905
0.0,PFW_diminishing,diminishing,1888.0,0.044770002365112305,15.627132572845778,0.009226365601708864,9.0,0.5209044190948593
0.0,PFW_diminishing,diminishing,1889.0,0.04479479789733887,15.627135663182951,0.0036723980077049134,9.0,0.5209045221060984
0.0,PFW_diminishing,diminishing,1890.0,0.04481792449951172,15.627132567716796,0.009218559603642262,9.0,0.5209044189238932
0.0,PFW_diminishing,diminishing,1891.0,0.04484105110168457,15.627135654796096,0.0036673743218358368,9.0,0.5209045218265366
0.0,PFW_diminishing,diminishing,1892.0,0.04486393928527832,15.627132562605777,0.009210770109961075,9.0,0.5209044187535259
0.0,PFW_diminishing,diminishing,1893.0,0.04488706588745117,15.62713564643405,0.003662361257102731,9.0,0.5209045215478016
0.0,PFW_diminishing,diminishing,1894.0,0.044911861419677734,15.627132557512633,0.009202997068365804,9.0,0.5209044185837545
0.0,PFW_diminishing,diminishing,1895.0,0.044934988021850586,15.627135638096718,0.0036573587798720553,9.0,0.5209045212698906
0.0,PFW_diminishing,diminishing,1896.0,0.044957876205444336,15.627132552437294,0.009195240426791429,9.0,0.5209044184145765
0.0,PFW_diminishing,diminishing,1897.0,0.04498100280761719,15.627133587622483,0.0036523668566292855,9.0,0.5209044529207494
0.0,PFW_diminishing,diminishing,1898.0,0.04500412940979004,15.627132290445319,0.008342760710567276,9.0,0.5209044096815106
0.0,PFW_diminishing,diminishing,1899.0,0.0450289249420166,15.627133580729879,0.00587018282799967,9.0,0.520904452690996
0.0,PFW_diminishing,diminishing,1900.0,0.04505205154418945,15.627132284923254,0.008336193032128847,9.0,0.5209044094974418
0.0,PFW_diminishing,diminishing,1901.0,0.0450749397277832,15.627133573858275,0.0058649255331850725,9.0,0.5209044524619425
0.0,PFW_diminishing,diminishing,1902.0,0.045098066329956055,15.62713227941929,0.008329639167996561,9.0,0.5209044093139764
0.0,PFW_diminishing,diminishing,1903.0,0.045120954513549805,15.627133567007583,0.005859679293221731,9.0,0.5209044522335861
0.0,PFW_diminishing,diminishing,1904.0,0.04514503479003906,15.627132273933354,0.008323099074612372,9.0,0.5209044091311118
0.0,PFW_diminishing,diminishing,1905.0,0.04516887664794922,15.627133560177722,0.005854444073253973,9.0,0.5209044520059241
0.0,PFW_diminishing,diminishing,1906.0,0.045191049575805664,15.627132268465353,0.008316572708645609,9.0,0.520904408948845
0.0,PFW_diminishing,diminishing,1907.0,0.045213937759399414,15.627133553368596,0.005849219838616193,9.0,0.5209044517789532
0.0,PFW_diminishing,diminishing,1908.0,0.045237064361572266,15.627132263015229,0.008310060026897048,9.0,0.5209044087671743
0.0,PFW_diminishing,diminishing,1909.0,0.04526209831237793,15.62713354658013,0.005844006554760028,9.0,0.520904451552671
0.0,PFW_diminishing,diminishing,1910.0,0.04528498649597168,15.6271322575829,0.008303560986380631,9.0,0.5209044085860967
0.0,PFW_diminishing,diminishing,1911.0,0.04530692100524902,15.627133539812238,0.005838804187289881,9.0,0.5209044513270746
0.0,PFW_diminishing,diminishing,1912.0,0.04533100128173828,15.627132252168284,0.008297075544293264,9.0,0.5209044084056095
0.0,PFW_diminishing,diminishing,1913.0,0.04535412788391113,15.627133533064834,0.005833612701961144,9.0,0.5209044511021611
0.0,PFW_diminishing,diminishing,1914.0,0.04537796974182129,15.627132246771312,0.008290603657997053,9.0,0.5209044082257104
0.0,PFW_diminishing,diminishing,1915.0,0.04540109634399414,15.627133526337833,0.0058284320646571075,9.0,0.5209044508779278
0.0,PFW_diminishing,diminishing,1916.0,0.04542398452758789,15.627132241391907,0.00828414528501753,9.0,0.5209044080463969
0.0,PFW_diminishing,diminishing,1917.0,0.04544687271118164,15.627133519631148,0.0058232622414085,9.0,0.5209044506543716
0.0,PFW_diminishing,diminishing,1918.0,0.04546999931335449,15.627132236029997,0.008277700383084508,9.0,0.5209044078676666
0.0,PFW_diminishing,diminishing,1919.0,0.04549407958984375,15.6271335129447,0.005818103198391711,9.0,0.52090445043149
0.0,PFW_diminishing,diminishing,1920.0,0.04551815986633301,15.627132230685504,0.008271268910105434,9.0,0.5209044076895168
0.0,PFW_diminishing,diminishing,1921.0,0.04554009437561035,15.627133506278414,0.00581295490193412,9.0,0.5209044502092804
0.0,PFW_diminishing,diminishing,1922.0,0.04556393623352051,15.627132225358357,0.0082648508241423,9.0,0.5209044075119452
0.0,PFW_diminishing,diminishing,1923.0,0.04558706283569336,15.627133499632196,0.005807817318491004,9.0,0.5209044499877399
0.0,PFW_diminishing,diminishing,1924.0,0.04561114311218262,15.62713222004848,0.00825844608344184,9.0,0.5209044073349494
0.0,PFW_diminishing,diminishing,1925.0,0.04563403129577637,15.627133493005969,0.005802690414647316,9.0,0.5209044497668657
0.0,PFW_diminishing,diminishing,1926.0,0.04565715789794922,15.627132214755806,0.008252054646431972,9.0,0.5209044071585268
0.0,PFW_diminishing,diminishing,1927.0,0.04567980766296387,15.627133486399648,0.0057975741571461015,9.0,0.5209044495466549
0.0,PFW_diminishing,diminishing,1928.0,0.04570293426513672,15.627132209480253,0.008245676471682728,9.0,0.5209044069826751
0.0,PFW_diminishing,diminishing,1929.0,0.04572796821594238,15.627133479813157,0.005792468512854754,9.0,0.5209044493271052
0.0,PFW_diminishing,diminishing,1930.0,0.045751094818115234,15.627132204221754,0.008239311517984405,9.0,0.5209044068073918
0.0,PFW_diminishing,diminishing,1931.0,0.045774221420288086,15.627133473246412,0.005787373448789879,9.0,0.5209044491082138
0.0,PFW_diminishing,diminishing,1932.0,0.045796871185302734,15.627132198980236,0.008232959744256974,9.0,0.5209044066326746
0.0,PFW_diminishing,diminishing,1933.0,0.045819997787475586,15.627133466699332,0.0057822889320870985,9.0,0.5209044488899778
0.0,PFW_diminishing,diminishing,1934.0,0.045844078063964844,15.627132193755626,0.0082266211096087,9.0,0.5209044064585209
0.0,PFW_diminishing,diminishing,1935.0,0.0458681583404541,15.627133460171843,0.005777214930041907,9.0,0.5209044486723947
0.0,PFW_diminishing,diminishing,1936.0,0.04589104652404785,15.627132188547856,0.008220295573314829,9.0,0.5209044062849285
0.0,PFW_diminishing,diminishing,1937.0,0.0459139347076416,15.627133453663857,0.00577215141006171,9.0,0.5209044484554619
0.0,PFW_diminishing,diminishing,1938.0,0.04593682289123535,15.627132183356858,0.008213983094808697,9.0,0.5209044061118953
0.0,PFW_diminishing,diminishing,1939.0,0.04596209526062012,15.627133447175305,0.005767098339706678,9.0,0.5209044482391768
0.0,PFW_diminishing,diminishing,1940.0,0.04598498344421387,15.627132178182556,0.008207683633711937,9.0,0.5209044059394186
0.0,PFW_diminishing,diminishing,1941.0,0.04600811004638672,15.6271334407061,0.005762055686654222,9.0,0.5209044480235366
0.0,PFW_diminishing,diminishing,1942.0,0.04603123664855957,15.627132173024883,0.008201397149793621,9.0,0.5209044057674961
0.0,PFW_diminishing,diminishing,1943.0,0.04605388641357422,15.627133434256166,0.00575702341872919,9.0,0.5209044478085388
0.0,PFW_diminishing,diminishing,1944.0,0.04607892036437988,15.627132167883765,0.008195123602989796,9.0,0.5209044055961255
0.0,PFW_diminishing,diminishing,1945.0,0.046102046966552734,15.62713342782543,0.005752001503889659,9.0,0.520904447594181
0.0,PFW_diminishing,diminishing,1946.0,0.046125173568725586,15.627132162759136,0.008188862953408815,9.0,0.5209044054253045
0.0,PFW_diminishing,diminishing,1947.0,0.046148061752319336,15.627133421413815,0.005746989910209166,9.0,0.5209044473804605
0.0,PFW_diminishing,diminishing,1948.0,0.046170949935913086,15.627132157650928,0.008182615161326012,9.0,0.5209044052550309
0.0,PFW_diminishing,diminishing,1949.0,0.046195030212402344,15.627133415021232,0.005741988605899806,9.0,0.5209044471673744
0.0,PFW_diminishing,diminishing,1950.0,0.0462191104888916,15.62713215255907,0.008176380187171262,9.0,0.5209044050853023
0.0,PFW_diminishing,diminishing,1951.0,0.046241044998168945,15.627133408647614,0.0057369975593140055,9.0,0.5209044469549204
0.0,PFW_diminishing,diminishing,1952.0,0.0462651252746582,15.6271321474835,0.008170157991532534,9.0,0.5209044049161167
0.0,PFW_diminishing,diminishing,1953.0,0.04628705978393555,15.62713340229289,0.005732016738916101,9.0,0.5209044467430963
0.0,PFW_diminishing,diminishing,1954.0,0.04631185531616211,15.627132142424138,0.008163948535182541,9.0,0.5209044047474712
0.0,PFW_diminishing,diminishing,1955.0,0.04633498191833496,15.627133395956967,0.005727046113328527,9.0,0.5209044465318989
0.0,PFW_diminishing,diminishing,1956.0,0.04635810852050781,15.62713213738092,0.008157751779013012,9.0,0.520904404579364
0.0,PFW_diminishing,diminishing,1957.0,0.04638099670410156,15.627133389639788,0.005722085651260755,9.0,0.5209044463213263
0.0,PFW_diminishing,diminishing,1958.0,0.046404123306274414,15.627132132353788,0.008151567684116401,9.0,0.520904404411793
0.0,PFW_diminishing,diminishing,1959.0,0.04642796516418457,15.627133383341269,0.005717135321580358,9.0,0.5209044461113757
0.0,PFW_diminishing,diminishing,1960.0,0.04645109176635742,15.62713212734267,0.00814539621173438,9.0,0.5209044042447556
0.0,PFW_diminishing,diminishing,1961.0,0.04647397994995117,15.627133377061334,0.005712195093281025,9.0,0.5209044459020444
0.0,PFW_diminishing,diminishing,1962.0,0.04649710655212402,15.627132122347497,0.008139237323247173,9.0,0.5209044040782499
0.0,PFW_diminishing,diminishing,1963.0,0.04651999473571777,15.62713337079991,0.005707264935473688,9.0,0.5209044456933304
0.0,PFW_diminishing,diminishing,1964.0,0.04654502868652344,15.627132117368207,0.00813309098020909,9.0,0.5209044039122736
0.0,PFW_diminishing,diminishing,1965.0,0.04656791687011719,15.62713336455693,0.005702344817382965,9.0,0.520904445485231
0.0,PFW_diminishing,diminishing,1966.0,0.04659104347229004,15.62713211240473,0.008126957144323654,9.0,0.5209044037468243
0.0,PFW_diminishing,diminishing,1967.0,0.04661393165588379,15.627133358332308,0.005697434708388016,9.0,0.5209044452777436
0.0,PFW_diminishing,diminishing,1968.0,0.04663705825805664,15.627132107457003,0.00812083577745959,9.0,0.5209044035819
0.0,PFW_diminishing,diminishing,1969.0,0.0466618537902832,15.627133352125982,0.005692534577978137,9.0,0.5209044450708661
0.0,PFW_diminishing,diminishing,1970.0,0.046684980392456055,15.627132102524959,0.008114726841634834,9.0,0.5209044034174987
0.0,PFW_diminishing,diminishing,1971.0,0.046708106994628906,15.627133345937875,0.005687644395759861,9.0,0.5209044448645959
0.0,PFW_diminishing,diminishing,1972.0,0.046730995178222656,15.627132097608538,0.00810863029901654,9.0,0.520904403253618
0.0,PFW_diminishing,diminishing,1973.0,0.04675412178039551,15.627133339767912,0.0056827641314729505,9.0,0.5209044446589304
0.0,PFW_diminishing,diminishing,1974.0,0.046778202056884766,15.627132092707669,0.00810254611193173,9.0,0.5209044030902557
0.0,PFW_diminishing,diminishing,1975.0,0.04680204391479492,15.627133333616026,0.0056778937549673,9.0,0.5209044444538675
0.0,PFW_diminishing,diminishing,1976.0,0.046823978424072266,15.627132087822291,0.008096474242856644,9.0,0.5209044029274097
0.0,PFW_diminishing,diminishing,1977.0,0.04684805870056152,15.62713332748214,0.005673033236231362,9.0,0.5209044442494046
0.0,PFW_diminishing,diminishing,1978.0,0.04686999320983887,15.627132082952341,0.008090414654425615,9.0,0.5209044027650781
0.0,PFW_diminishing,diminishing,1979.0,0.04689502716064453,15.627133321366184,0.005668182545358391,9.0,0.5209044440455395
0.0,PFW_diminishing,diminishing,1980.0,0.04691886901855469,15.62713207809775,0.008084367309416862,9.0,0.5209044026032583
0.0,PFW_diminishing,diminishing,1981.0,0.04694104194641113,15.627133315268088,0.005663341652590859,9.0,0.5209044438422696
0.0,PFW_diminishing,diminishing,1982.0,0.04696393013000488,15.627132073258467,0.008078332170752489,9.0,0.5209044024419489
0.0,PFW_diminishing,diminishing,1983.0,0.046987056732177734,15.627133309187785,0.005658510528249394,9.0,0.5209044436395929
0.0,PFW_diminishing,diminishing,1984.0,0.0470120906829834,15.627132068434413,0.008072309201521577,9.0,0.5209044022811471
0.0,PFW_diminishing,diminishing,1985.0,0.04703497886657715,15.627133303125197,0.005653689142802065,9.0,0.5209044434375065
0.0,PFW_diminishing,diminishing,1986.0,0.0470578670501709,15.62713206362554,0.008066298364960645,9.0,0.5209044021208513
0.0,PFW_diminishing,diminishing,1987.0,0.04708099365234375,15.627133297080261,0.005648877466834179,9.0,0.5209044432360087
0.0,PFW_diminishing,diminishing,1988.0,0.0471041202545166,15.627132058831776,0.008060299624432332,9.0,0.5209044019610592
0.0,PFW_diminishing,diminishing,1989.0,0.04712820053100586,15.627133291052901,0.005644075471037624,9.0,0.5209044430350968
0.0,PFW_diminishing,diminishing,1990.0,0.047151803970336914,15.627132054053064,0.008054312943462705,9.0,0.5209044018017688
0.0,PFW_diminishing,diminishing,1991.0,0.04717397689819336,15.627133285043056,0.005639283126244621,9.0,0.5209044428347686
0.0,PFW_diminishing,diminishing,1992.0,0.04719805717468262,15.627132049289342,0.008048338285725265,9.0,0.520904401642978
0.0,PFW_diminishing,diminishing,1993.0,0.04721999168395996,15.62713327905065,0.005634500403381537,9.0,0.5209044426350217
0.0,PFW_diminishing,diminishing,1994.0,0.047245025634765625,15.627132044540549,0.008042375615039177,9.0,0.520904401484685
0.0,PFW_diminishing,diminishing,1995.0,0.04726886749267578,15.627133273075618,0.0056297272734937565,9.0,0.5209044424358539
0.0,PFW_diminishing,diminishing,1996.0,0.047290802001953125,15.62713203980662,0.008036424895365712,9.0,0.5209044013268873
0.0,PFW_diminishing,diminishing,1997.0,0.04731392860412598,15.62713326711789,0.005624963707751007,9.0,0.520904442237263
0.0,PFW_diminishing,diminishing,1998.0,0.04733705520629883,15.627132035087499,0.008030486090808253,9.0,0.5209044011695833
0.0,PFW_diminishing,diminishing,1999.0,0.04736208915710449,15.627133261177397,0.005620209677442034,9.0,0.5209044420392466
0.0,PFW_exact,exact,0.0,3.1948089599609375e-05,16.484849442471486,10.73971096916316,2.0,0.5494949814157162
0.0,PFW_exact,exact,1.0,6.318092346191406e-05,16.190117600250332,4.048212016133748,3.0,0.5396705866750111
0.0,PFW_exact,exact,2.0,9.012222290039062e-05,15.775275577640537,2.870221305098841,4.0,0.5258425192546846
0.0,PFW_exact,exact,3.0,0.00011730194091796875,15.74080146243068,1.0837366274325273,5.0,0.5246933820810227
0.0,PFW_exact,exact,4.0,0.00014519691467285156,15.720142228096185,0.7455601983425684,6.0,0.5240047409365395
0.0,PFW_exact,exact,5.0,0.00017213821411132812,15.709011621483983,0.4358946373125434,7.0,0.5236337207161328
0.0,PFW_exact,exact,6.0,0.0002002716064453125,15.70127863258784,0.4256383227224916,8.0,0.5233759544195947
0.0,PFW_exact,exact,7.0,0.00022602081298828125,15.695601755450687,0.3803011750687979,8.0,0.5231867251816895
0.0,PFW_exact,exact,8.0,0.00025534629821777344,15.691434293882706,0.3104397708093032,8.0,0.5230478097960902
0.0,PFW_exact,exact,9.0,0.0002810955047607422,15.686674618866927,0.3536202889720954,8.0,0.5228891539622309
0.0,PFW_exact,exact,10.0,0.00030922889709472656,15.684340503958001,0.15317819731878224,8.0,0.5228113501319334
0.0,PFW_exact,exact,11.0,0.0003352165222167969,15.680903944448133,0.25082698368149536,8.0,0.5226967981482711
0.0,PFW_exact,exact,12.0,0.0003612041473388672,15.678851317084394,0.12584870765037515,8.0,0.5226283772361465
0.0,PFW_exact,exact,13.0,0.00038909912109375,15.675597548286767,0.2339525931610904,8.0,0.5225199182762256
0.0,PFW_exact,exact,14.0,0.0004153251647949219,15.673208918748449,0.12504193050599355,8.0,0.522440297291615
0.0,PFW_exact,exact,15.0,0.0004410743713378906,15.67167140441122,0.2173741738481869,8.0,0.5223890468137073
0.0,PFW_exact,exact,16.0,0.00046896934509277344,15.670336367271245,0.08895285870486447,9.0,0.5223445455757082
0.0,PFW_exact,exact,17.0,0.0004961490631103516,15.63161211244238,0.1948400782090154,8.0,0.5210537370814127
0.0,PFW_exact,exact,18.0,0.0005240440368652344,15.629652168679582,0.17285908211662182,8.0,0.5209884056226527
0.0,PFW_exact,exact,19.0,0.0005521774291992188,15.628440351841055,0.1343128805964362,8.0,0.5209480117280352
0.0,PFW_exact,exact,20.0,0.0005800724029541016,15.627978554369642,0.07343154545326236,8.0,0.5209326184789881
0.0,PFW_exact,exact,21.0,0.0006079673767089844,15.627728439553774,0.06882110507359229,9.0,0.5209242813184591
0.0,PFW_exact,exact,22.0,0.0006372928619384766,15.627471383059007,0.05013143945434351,9.0,0.5209157127686336
0.0,PFW_exact,exact,23.0,0.0006651878356933594,15.62737015168665,0.03716870933394567,9.0,0.520912338389555
0.0,PFW_exact,exact,24.0,0.0006911754608154297,15.627305901004156,0.026237295695523244,9.0,0.5209101967001385
0.0,PFW_exact,exact,25.0,0.0007200241088867188,15.627261248823862,0.03200066074945873,9.0,0.5209087082941287
0.0,PFW_exact,exact,26.0,0.0007562637329101562,15.627215768138548,0.024395305655891875,9.0,0.5209071922712849
0.0,PFW_exact,exact,27.0,0.0007841587066650391,15.627180449906989,0.023547431000356056,9.0,0.5209060149968996
0.0,PFW_exact,exact,28.0,0.0008101463317871094,15.627163369028125,0.014364791684466027,9.0,0.5209054456342709
0.0,PFW_exact,exact,29.0,0.0008380413055419922,15.627153276007245,0.012038872326826322,9.0,0.5209051092002415
0.0,PFW_exact,exact,30.0,0.0008649826049804688,15.627147023870766,0.007333429587852436,9.0,0.5209049007956922
0.0,PFW_exact,exact,31.0,0.0008921623229980469,15.627141749083869,0.009563384914915929,9.0,0.5209047249694623
0.0,PFW_exact,exact,32.0,0.0009191036224365234,15.627137337344287,0.008545460852086961,9.0,0.5209045779114763
0.0,PFW_exact,exact,33.0,0.0009472370147705078,15.627133311185798,0.0063373041693299825,9.0,0.5209044437061933
0.0,PFW_exact,exact,34.0,0.0009741783142089844,15.627130276060258,0.007076416663712948,9.0,0.5209043425353419
0.0,PFW_exact,exact,35.0,0.001001119613647461,15.627129563709273,0.0032646482727667347,9.0,0.5209043187903091
0.0,PFW_exact,exact,36.0,0.0010290145874023438,15.627128082251927,0.004177876598062014,9.0,0.5209042694083975
0.0,PFW_exact,exact,37.0,0.0010571479797363281,15.62712751765031,0.0023523234641817936,9.0,0.5209042505883437
0.0,PFW_exact,exact,38.0,0.0010831356048583984,15.62712712071226,0.0018905114829586012,9.0,0.5209042373570754
0.0,PFW_exact,exact,39.0,0.001110076904296875,15.627126754934741,0.002442234337665994,9.0,0.5209042251644914
0.0,PFW_exact,exact,40.0,0.0011360645294189453,15.627126582511984,0.0017815460925518778,9.0,0.5209042194170661
0.0,PFW_exact,exact,41.0,0.001161336898803711,15.627126443733683,0.0012412806452601899,9.0,0.5209042147911228
0.0,PFW_exact,exact,42.0,0.0011870861053466797,15.627126365427266,0.0008706714400101845,9.0,0.5209042121809089
0.0,PFW_exact,exact,43.0,0.0012142658233642578,15.627126279977986,0.0008429867115005152,9.0,0.5209042093325995
0.0,PFW_exact,exact,44.0,0.0012421607971191406,15.627126236445328,0.0005367119899961637,9.0,0.5209042078815109
0.0,PFW_exact,exact,45.0,0.0012693405151367188,15.627126188456229,0.00037920782856026847,9.0,0.5209042062818743
0.0,PFW_exact,exact,46.0,0.0012972354888916016,15.62712616425215,0.0006505923026018934,9.0,0.5209042054750717
0.0,PFW_exact,exact,47.0,0.0013229846954345703,15.627126136610194,0.0006569696733009778,9.0,0.5209042045536731
0.0,PFW_exact,exact,48.0,0.0013492107391357422,15.627126125036055,0.0003093668521394477,9.0,0.5209042041678685
0.0,PFW_exact,exact,49.0,0.001373291015625,15.62712611928284,0.0002566486716197858,9.0,0.5209042039760947
0.0,PFW_exact,exact,50.0,0.0013990402221679688,15.627126115439333,0.00025551233726872624,9.0,0.5209042038479778
0.0,PFW_exact,exact,51.0,0.0014262199401855469,15.62712611163641,0.00018286398400491066,9.0,0.5209042037212137
0.0,PFW_exact,exact,52.0,0.0014531612396240234,15.627126108784902,0.00021267854640960593,9.0,0.5209042036261634
0.0,PFW_exact,exact,53.0,0.0014812946319580078,15.627126105598643,0.00023792707388636813,9.0,0.5209042035199548
0.0,PFW_exact,exact,54.0,0.0015070438385009766,15.627126104109351,0.00012064044281956399,9.0,0.5209042034703117
0.0,PFW_exact,exact,55.0,0.001535177230834961,15.627126103147916,0.00013183389156701253,9.0,0.5209042034382638
0.0,PFW_exact,exact,56.0,0.0015552043914794922,15.627126103147916,8.921482796253599e-05,9.0,0.5209042034382638
